Diện tích,Số tầng,Đường vào,Latitude,Longitude,Loại đường vào,Quan_Huyen,Phuong_Xa,Dien_Tich_Lo,hem_xe_hoi,gan_cho_sieu_thi,gan_truong_hoc,gan_benh_vien,gan_cong_vien_ho_nuoc,duong_vao_null_flag,Đường_Từ_Địa_Chỉ,Ty_Le_Giao_Thong,Ty_Le_Cong_Cong_CX,Ty_Le_Khac,Ty_Le_Dat_O,Tổng số phòng,khoang_cach_trung_tam,Pháp lý_Sổ đỏ,Pháp lý_không có,Nội thất_Cơ bản,Nội thất_Trống / Nhà thô,Nội thất_Đầy đủ,Khoảng giá
60.0,3.0,5.5,10.8523804305877,106.671781032801,0.0,11.098013468022373,15.923197269929185,3278.6,1,0,1,0,0,1,15.50660834230355,40.38309034343928,52.9408894040139,6.676935277252485,0.0,8.0,9.07674271231227,0.0,0.0,0.0,1.0,0.0,5.9
32.0,2.0,6.0,10.6928461538267,106.74058246812,3.0,8.131668552257471,7.431275025157785,51.9,0,0,0,0,0,0,8.354727166160457,4.720616570327554,0.0,0.0,95.27938342967246,4.0,10.202913173751613,0.0,0.0,0.0,1.0,0.0,1.98
90.0,4.0,12.277777777777777,10.7908495092333,106.692414369092,3.0,53.75818181817839,34.07029975082686,69.9,0,1,0,0,1,1,24.1142258297563,0.0,0.0,0.0,99.9856938483548,10.0,1.904348411572935,0.0,0.0,0.0,1.0,0.0,25.7
182.0,2.0,15.0,10.6927113529124,106.741219845115,3.0,8.131668552257471,7.431275025157785,707.9,0,0,0,0,0,0,8.354727166160457,13.446814521825118,0.0,0.0,86.55883599378443,5.0,10.246092916171383,0.0,0.0,1.0,0.0,0.0,19.8
112.0,1.0,6.8,10.7513219432165,106.72867556842,0.0,17.789285714285825,15.717993526044307,979.3,0,0,0,0,0,1,8.354727166160457,97.0295108751149,0.0,0.0,2.970489124885122,11.0,4.074799193663042,0.0,0.0,0.0,1.0,0.0,6.5
64.0,5.0,30.0,10.7982786609842,106.688667315324,3.0,18.63592086332186,15.288713651298618,,0,0,0,0,0,0,17.184474827935027,,,,,9.0,2.8250862063537507,0.0,0.0,1.0,0.0,0.0,38.0
78.0,3.0,4.0,10.7979637701662,106.704708810862,2.0,18.827244701348747,15.081788755498186,11203.2,1,0,1,0,0,0,19.911470140858842,85.561000428449,12.784740074264494,1.6542594972864897,0.0,8.0,2.4738672812864215,1.0,0.0,0.0,1.0,0.0,14.0
40.0,2.0,8.0,10.764653867162,106.616330924929,0.0,10.737500000006847,8.135783941420566,1912.0,0,0,0,0,0,0,20.25050569105691,68.26464435146443,0.0,1.4843096234309625,30.252092050209207,5.0,9.34539809758362,0.0,0.0,0.0,0.0,1.0,5.44
62.0,3.0,11.2,10.8054785461,106.681994055038,0.0,18.63592086332186,15.149860937399001,72.3,1,0,0,0,0,1,12.77062601913981,21.53526970954357,0.0,0.0,78.40940525587828,10.0,3.885823481311066,0.0,0.0,0.0,1.0,0.0,8.6
80.0,5.0,12.0,10.7310382071678,106.73211068743,0.0,17.789285714285825,8.648767860862735,382.9,1,1,0,0,1,0,20.25050569105691,17.92112823191434,0.0,0.0,82.08409506398539,9.0,6.039170830527929,0.0,0.0,0.0,0.0,1.0,21.8
80.0,1.0,4.0,10.8412042601513,106.725455430172,0.0,15.48107692307722,14.40074884671146,,0,0,0,0,0,0,18.310647152987464,,,,,3.0,7.722983427871126,0.0,0.0,0.0,1.0,0.0,5.65
57.0,5.0,20.0,10.8121234207638,106.692319317232,0.0,18.827244701348747,16.924787565129154,136.8,1,1,1,1,1,0,25.38415763254146,14.020467836257309,0.0,0.0,85.97222222222221,22.0,4.129657010137629,0.0,0.0,1.0,0.0,0.0,10.0
40.0,2.0,3.0,10.731909678911,106.731655441563,3.0,17.789285714285825,30.38692272100736,955.6,0,1,1,0,1,0,8.354727166160457,82.13059857681039,0.0,0.0,17.868354960234406,4.0,5.931064270531051,0.0,0.0,0.0,0.0,1.0,4.89
30.0,5.0,6.0,10.7870631326408,106.651588713034,2.0,19.38917355371901,16.924787565129154,,1,0,0,0,0,0,9.90181956943871,,,,,8.0,5.5463637586774235,1.0,0.0,0.0,1.0,0.0,6.35
58.0,2.0,3.0,10.8719009865636,106.677574055153,0.0,8.826587030733174,8.427513172672999,2362.5,0,0,0,0,0,1,17.729439434140414,3.484444444444444,0.0,0.0,96.5168253968254,4.0,10.968888114709507,0.0,0.0,0.0,0.0,0.0,4.65
140.0,4.0,12.0,10.7898495257691,106.734757654041,0.0,38.647438220481845,25.425738377885217,,1,0,0,0,0,0,18.455878219881225,,,,,20.0,3.985985753647064,0.0,0.0,0.0,1.0,0.0,28.0
52.0,4.0,7.0,10.8057334784854,106.63819657699,0.0,19.38917355371901,16.235786892588425,688.1,0,1,0,0,0,0,20.25050569105691,85.02833890422905,0.0,0.0,14.977474204330765,8.0,7.624940843577942,0.0,0.0,0.0,1.0,0.0,9.9
52.0,3.0,6.0,10.7646655579396,106.616350134523,2.0,10.737500000006847,8.135783941420566,1912.0,1,0,0,0,0,0,19.567814035091047,68.26464435146443,0.0,1.4843096234309625,30.252092050209207,6.0,9.343143306931395,0.0,0.0,0.0,0.0,1.0,5.6
80.0,5.0,6.0,10.7677910369144,106.594860123841,2.0,10.737500000006847,11.79885823719474,1886.4,1,0,0,1,0,0,17.250306900204997,6.972540288379983,0.0,0.0,93.02745971162,8.0,11.641015142745312,0.0,0.0,0.0,0.0,1.0,6.8
64.0,2.0,20.0,10.7522002642937,106.598028866511,3.0,10.737500000006847,13.482984203694478,,1,1,1,0,1,1,18.310647152987464,,,,,4.0,11.566152339274623,0.0,0.0,0.0,1.0,0.0,7.7
59.0,4.0,4.0,10.7955289989817,106.677755424782,2.0,18.63592086332186,15.923197269929185,1378.3,1,0,0,0,0,0,18.88858355251217,76.85337009359355,0.0,0.0,23.145904374954657,9.0,3.34928638919087,0.0,0.0,0.0,0.0,1.0,9.9
50.0,4.0,6.0,10.7012307108186,106.741160606826,3.0,8.131668552257471,7.431275025157785,347.9,1,0,0,0,0,0,17.25767208576909,14.73699338890486,0.0,0.0,85.27737855705664,8.0,9.39553087381642,0.0,0.0,0.0,1.0,0.0,6.4
60.0,2.0,10.0,10.7236209243825,106.61608653143,0.0,10.737500000006847,13.181777405603473,2083.9,0,0,1,0,0,0,16.67274773320998,0.0,0.0,100.0,0.0,4.0,10.96238709629223,0.0,0.0,0.0,1.0,0.0,6.49
138.0,4.0,6.0,10.7886246639476,106.673932704533,2.0,54.46617152529408,20.454141465138118,81.4,0,0,1,0,0,0,24.641850909075103,0.0,0.0,0.0,99.93857493857492,26.0,3.282818569813019,0.0,0.0,0.0,0.0,1.0,20.5
310.0,6.0,15.0,10.7423625402593,106.710563088951,0.0,17.789285714285825,24.488452653857216,191.9,0,0,0,0,1,0,19.567814035091047,11.307972902553413,0.0,0.0,88.69723814486711,93.0,3.8805403353562338,0.0,0.0,0.0,0.0,1.0,49.0
79.0,4.0,8.0,10.7965778046013,106.690763015763,0.0,18.63592086332186,20.918551142754602,,0,0,0,0,0,0,20.25050569105691,,,,,8.0,2.551570786187012,0.0,0.0,0.0,0.0,1.0,24.9
48.0,2.0,8.0,10.7776612279877,106.624296975883,0.0,14.87073929990493,17.499103454001883,120.4,0,1,1,0,0,1,20.25050569105691,0.0,0.0,0.0,100.0,5.0,8.391517614536601,0.0,0.0,0.0,1.0,0.0,6.0
120.0,4.0,14.1,10.7436357025331,106.732903572098,0.0,17.789285714285825,17.42635834230355,3873.1,0,0,0,0,0,1,21.217050598270333,34.70708218223129,25.52735534842891,0.0,39.765820660452874,8.0,5.002117334418968,0.0,0.0,0.0,0.0,1.0,18.0
236.0,3.0,16.0,10.7858077567268,106.621873730322,3.0,14.87073929990493,12.804496961724974,3303.5,0,0,0,0,0,0,20.25050569105691,97.22112910549416,0.0,0.0,2.7797790222491296,6.0,8.722512908592126,0.0,0.0,0.0,1.0,0.0,28.0
97.0,1.0,16.0,10.747563404024,106.685335954264,0.0,9.364834955468142,20.918551142754602,1309.7,0,1,1,0,0,1,17.700526196299407,82.73421394212414,0.0,0.0,17.268076658776817,4.0,3.600519522072916,0.0,0.0,0.0,0.0,1.0,7.99
197.0,4.0,18.333333333333332,10.8443802584137,106.769047767366,3.0,15.48107692307722,23.47132346757169,,0,0,0,0,1,1,18.21396773749808,,,,,21.0,10.624992863692045,0.0,0.0,0.0,1.0,0.0,52.0
70.0,3.0,12.0,10.8118917346903,106.624508688983,3.0,14.87073929990493,13.051852005459661,1348.6,1,1,1,0,0,0,20.25050569105691,8.571852291265015,64.69079044935488,0.0,26.73661574966632,7.0,9.269082512452243,0.0,0.0,0.0,0.0,1.0,8.1
84.0,4.0,9.0,10.8496326326394,106.65071527234,3.0,11.098013468022373,24.56391683041859,4169.7,0,0,0,0,0,1,11.178588935354508,1.426241696045279,0.0,91.96369043336452,6.610787346811521,11.0,9.86508980900687,0.0,0.0,0.0,0.0,1.0,10.0
105.0,2.0,20.0,10.68678227191234,106.5852450409788,0.0,13.123347608580726,18.705766496889733,3024.1,0,0,0,0,0,0,20.25050569105691,85.03554776627757,14.964452233722428,0.0,0.0,7.0,16.0817187422533,0.0,0.0,1.0,0.0,0.0,7.0
63.0,3.0,9.333333333333332,10.8546705697809,106.758150234818,0.0,15.48107692307722,17.056969241416212,,0,0,0,0,0,1,20.25050569105691,,,,,6.0,10.740064132213602,0.0,0.0,0.0,1.0,0.0,4.59
79.0,4.0,5.0,10.7931802881832,106.627909892075,0.0,14.87073929990493,9.35870800879073,57.3,1,1,1,0,0,0,20.25050569105691,34.13612565445026,0.0,0.0,65.91623036649216,11.0,8.219702990323198,0.0,0.0,0.0,0.0,1.0,9.5
300.0,3.0,10.0,10.7765338685001,106.758995282041,0.0,38.647438220481845,32.180605395627865,,0,0,0,0,1,1,19.567814035091047,,,,,9.0,6.324410684736308,0.0,0.0,0.0,1.0,0.0,65.0
100.0,4.0,12.0,10.751328770973,106.60867625357,0.0,10.737500000006847,19.36213730687916,902660.3,0,1,0,0,0,0,20.25050569105691,0.487598712383828,0.0,0.0,0.0,11.0,10.462301874044256,0.0,0.0,0.0,1.0,0.0,19.5
41.0,3.0,5.0,10.731687254786,106.745103388624,2.0,17.789285714285825,8.648767860862735,9782.4,1,0,0,0,0,0,8.354727166160457,12.071270853778216,31.6465284592738,56.282200686947995,0.0,8.0,6.883768625303283,0.0,0.0,0.0,0.0,1.0,6.79
48.0,5.0,5.0,10.8111069816281,106.702064915651,2.0,18.827244701348747,20.454141465138118,,1,0,0,0,0,0,17.16203807849431,,,,,8.0,3.905140761347409,0.0,0.0,0.0,1.0,0.0,8.7
64.0,3.0,6.0,10.8458543270166,106.71825092203,0.0,15.48107692307722,17.78611714762465,,0,0,0,0,0,0,15.155664323925304,,,,,8.0,7.99013671559904,0.0,0.0,1.0,0.0,0.0,7.2
61.0,3.0,20.0,10.7055295204486,106.740579826678,0.0,17.789285714285825,18.28632481919144,1102.2,0,0,0,0,0,1,20.25050569105691,53.56196697514063,8.746144075485393,0.0,37.69007439666122,9.0,8.944530866349506,0.0,0.0,0.0,0.0,1.0,7.45
448.0,4.0,18.0,10.8083994321884,106.73300967008,0.0,38.647438220481845,58.28290665694527,,0,0,0,0,0,1,25.358109988674624,,,,,12.0,5.012720439545782,0.0,0.0,0.0,1.0,0.0,78.0
44.0,4.0,11.0,10.8416341758951,106.65714157498,0.0,11.098013468022373,16.924787565129154,4508.5,0,0,0,0,1,1,20.18744094190726,87.35566152822446,12.644560275036042,0.0,0.0,8.0,8.735867532377243,0.0,0.0,0.0,1.0,0.0,6.9
24.0,4.0,3.866666666666667,10.7667912028474,106.664532103888,3.0,24.737282299672927,23.820911987062647,4009.0,0,0,0,0,0,1,32.67330086593139,41.92192566724869,0.0,0.0,58.07358443502121,4.0,4.123677885943417,1.0,0.0,0.0,1.0,0.0,12.8
40.0,5.0,12.0,10.7730943587354,106.676812680575,3.0,24.737282299672927,20.454141465138118,1340.0,1,1,1,1,0,1,32.67330086593139,97.21865671641793,0.0,0.0,2.779850746268657,7.0,2.672616922576965,0.0,0.0,0.0,1.0,0.0,8.3
61.0,1.0,6.0,10.7975883246558,106.696058720532,0.0,18.827244701348747,18.83383064658232,970.6,0,0,0,0,0,1,18.746215486842598,0.0,0.5347207912631362,0.0,99.46218833711106,3.0,2.462861114675215,0.0,0.0,0.0,0.0,1.0,11.8
36.0,3.0,4.0,10.8203086496271,106.703651707435,3.0,18.827244701348747,16.235786892588425,127.6,1,1,1,0,0,0,13.930220361551154,97.59404388714734,0.0,0.0,2.4216300940438873,9.0,4.934774093427065,0.0,0.0,0.0,0.0,1.0,8.0
69.0,5.0,7.6,10.7939816368616,106.67445256066,0.0,18.63592086332186,16.924787565129154,109.6,1,0,0,0,0,1,19.890851850482022,0.0,0.0,0.0,100.0,8.0,3.531312339178443,1.0,0.0,0.0,1.0,0.0,16.9
83.0,4.0,4.0,10.7514080436114,106.665478182716,3.0,29.82381843840417,14.561953480312356,59.9,0,0,0,0,0,1,20.25050569105691,5.609348914858097,0.0,0.0,94.40734557595994,9.0,4.755997975215848,0.0,0.0,0.0,1.0,0.0,19.5
250.0,3.0,30.0,10.8548959681391,106.767782738074,3.0,15.48107692307722,17.056969241416212,,0,0,0,0,0,0,22.194851405872406,,,,,7.0,11.402003597599972,0.0,0.0,0.0,0.0,1.0,38.0
57.0,5.0,16.0,10.772634613087,106.684148020687,3.0,54.46617152529408,15.149860937399001,30.1,0,0,0,0,0,0,35.13373860631083,0.0,0.0,99.93355481727572,0.0,11.0,1.8891777362994897,0.0,0.0,0.0,1.0,0.0,27.8
80.0,2.0,6.0,10.7619159051642,106.613613182467,0.0,10.737500000006847,8.135783941420566,107.3,1,0,0,0,0,0,20.25050569105691,39.34762348555452,0.0,0.0,60.64305684995339,6.0,9.68423289773315,0.0,0.0,0.0,0.0,1.0,6.7
333.0,4.0,30.5,10.84037,106.8447,0.0,19.053737403258268,21.65981557903033,,0,0,0,0,1,1,19.567814035091047,,,,,10.0,17.24035338984533,0.0,0.0,0.0,1.0,0.0,36.5
30.0,4.0,4.0,10.8061446110829,106.696986486538,0.0,18.827244701348747,15.61262632367065,64.5,0,1,0,1,0,1,17.40171754184511,22.54263565891473,0.0,0.0,77.45736434108528,8.0,3.3819081247043012,0.0,0.0,0.0,0.0,1.0,7.45
43.0,4.0,5.0,10.7541800530229,106.647037782567,2.0,13.32081849341783,9.674953215540254,61.8,0,0,1,0,0,0,19.709285382510352,27.653721682847895,0.0,0.0,72.34627831715211,7.0,6.384628317808435,0.0,0.0,1.0,0.0,0.0,6.8
65.0,3.0,8.0,10.7762273257571,106.763921740807,3.0,38.647438220481845,32.180605395627865,,1,0,0,0,0,0,20.25050569105691,,,,,4.0,6.862318818909097,0.0,0.0,0.0,1.0,0.0,7.3
105.0,4.0,10.0,10.7904462146746,106.687663237701,3.0,54.46617152529408,106.67729565230768,93.4,0,0,0,0,0,0,20.25050569105691,0.0,0.0,0.0,100.0,13.0,2.175899867648923,0.0,0.0,0.0,1.0,0.0,33.0
60.0,1.0,4.5,10.7556197145463,106.70755658083,0.0,12.968707708226514,15.923197269929185,902.6,0,1,0,0,0,1,20.25050569105691,41.883447817416354,0.0,58.12098382450698,0.0,3.0,2.3734032767249698,0.0,0.0,0.0,1.0,0.0,4.99
95.0,2.0,8.0,10.7901211179294,106.589225045521,3.0,10.737500000006847,13.71334205498395,308.3,1,0,0,0,0,0,20.25050569105691,0.0,0.0,0.0,99.99675640609796,12.0,12.320735786420776,0.0,0.0,0.0,1.0,0.0,5.2
145.0,6.0,12.0,10.8044387954637,106.625947065558,3.0,14.87073929990493,17.8318693459886,833.0,0,1,1,1,1,0,18.85693297468154,0.0,0.0,0.0,99.99759903961584,18.0,8.79689856848234,0.0,0.0,0.0,0.0,1.0,25.0
28.0,4.0,4.1,10.7979424215859,106.710765114834,3.0,18.827244701348747,18.54716240721297,3299.9,0,0,1,0,0,1,20.263535304628697,99.48059032091882,0.3063729203915269,0.0,0.2139458771477923,11.0,2.658494151406354,0.0,0.0,0.0,0.0,1.0,6.89
42.0,2.0,7.0,10.7627757598868,106.686838667875,0.0,53.75818181817839,59.25648860397285,48.0,1,0,0,0,0,1,72.86150756189254,51.29166666666667,0.0,0.0,48.70833333333333,5.0,2.1422413046616593,0.0,0.0,0.0,1.0,0.0,9.8
129.0,3.0,6.0,10.6748473561654,106.698688826558,0.0,8.131668552257471,11.187905093453665,473.6,0,0,1,0,0,1,8.502652923904137,49.668496621621614,0.0,0.0,50.33361486486486,8.0,11.250745184081037,0.0,0.0,0.0,1.0,0.0,6.1
44.0,4.0,5.0,10.7919155936378,106.691530180048,3.0,53.75818181817839,34.07029975082686,1542.6,1,1,1,1,0,0,25.9063569677296,99.35692985868016,0.0,0.0,0.6456631660832362,17.0,2.0553967004240135,0.0,0.0,0.0,0.0,1.0,11.9
56.0,5.0,12.0,10.7696354679315,106.613470428288,0.0,10.737500000006847,8.135783941420566,1167.3,0,0,0,1,0,0,13.629868366546333,99.99914332219652,0.0,0.0,0.0,10.0,9.598362166493525,0.0,0.0,0.0,0.0,1.0,7.8
56.0,5.0,5.0,10.8082294333965,106.688379449594,3.0,18.827244701348747,20.339947871608835,88.1,1,0,0,0,0,0,25.38415763254146,17.593643586833146,0.0,0.0,82.46311010215666,9.0,3.8436717535912654,0.0,0.0,0.0,0.0,1.0,11.3
204.0,4.0,13.333333333333334,10.8044869693421,106.728806977526,3.0,38.647438220481845,58.28290665694527,,0,0,0,0,0,1,20.25050569105691,,,,,12.0,4.380963883538596,0.0,0.0,0.0,1.0,0.0,34.0
76.0,2.0,20.0,10.7969822417324,106.68108431791,2.0,18.63592086332186,18.83383064658232,79.8,1,0,0,0,0,1,21.485572441587628,27.631578947368425,0.0,0.0,72.34335839598998,8.0,3.1974100822691987,0.0,0.0,0.0,1.0,0.0,11.5
300.0,9.0,30.0,10.8072193885983,106.623676944883,3.0,14.87073929990493,13.051852005459661,1109.4,0,0,1,0,0,0,20.480480660290983,22.70957274202271,0.0,0.0,77.29042725797729,40.0,9.141569573472024,0.0,0.0,0.0,0.0,1.0,36.0
70.0,2.0,6.0,10.8097368183889,106.692754128669,2.0,18.827244701348747,15.288713651298618,765.2,1,0,0,0,0,0,17.40171754184511,96.49503397804496,0.0,0.0,3.5023523261892313,7.0,3.860536706551581,0.0,0.0,0.0,1.0,0.0,9.4
51.0,2.0,4.0,10.7834649429933,106.678354106471,3.0,54.46617152529408,24.56391683041859,65.7,0,0,0,0,0,0,20.25050569105691,5.220700152207002,0.0,94.8097412480974,0.0,5.0,2.619584418826396,0.0,0.0,0.0,1.0,0.0,7.8
74.0,4.0,5.0,10.8255988612542,106.689963225037,2.0,11.098013468022373,15.149860937399001,146.0,1,1,0,0,0,0,14.324407498016885,24.876712328767123,0.0,0.0,75.10958904109589,24.0,5.647694552369363,0.0,0.0,0.0,0.0,1.0,14.6
51.0,3.0,6.0,10.794583957651,106.657608314522,0.0,19.38917355371901,18.093318479606467,44.2,0,1,1,1,0,1,20.25050569105691,20.15837104072398,0.0,0.0,79.84162895927601,7.0,5.18060250607727,1.0,0.0,0.0,1.0,0.0,8.8
55.0,4.0,6.0,10.7614338234842,106.590270992384,2.0,10.737500000006847,13.482984203694478,787.9,1,1,1,0,0,0,19.567814035091047,56.18606422134789,10.615560350298262,0.0,33.20218301814952,10.0,12.214461548891624,0.0,0.0,0.0,0.0,1.0,6.69
52.0,4.0,6.0,10.8710339688032,106.732681686849,0.0,15.48107692307722,17.332544455579256,,1,1,1,1,0,0,20.25050569105691,,,,,10.0,11.115981961680358,0.0,0.0,0.0,1.0,0.0,4.5
38.0,2.0,3.0,10.7765733981852,106.605641773778,3.0,10.737500000006847,11.79885823719474,279.8,0,1,1,1,0,0,18.529132150179485,31.375982844889204,0.0,0.0,68.62044317369549,4.0,10.427476181097193,0.0,0.0,0.0,1.0,0.0,4.98
64.0,4.0,10.0,10.8504188221545,106.615632251397,2.0,8.826587030733174,14.285467555474675,,0,0,0,0,0,0,20.25050569105691,,,,,9.0,12.474561104669894,0.0,0.0,0.0,0.0,1.0,8.89
386.0,10.0,30.0,10.762538935515,106.686733086945,0.0,53.75818181817839,59.25648860397285,2971.1,0,0,0,0,0,0,72.86150756189254,74.29975429975431,0.0,0.0,25.698899397529537,20.0,2.1687338061168098,0.0,1.0,0.0,1.0,0.0,458.0
51.0,2.0,5.0,10.8718379765399,106.666757261166,3.0,8.826587030733174,9.397256429506324,2225.8,1,1,1,0,0,0,20.25050569105691,100.0,0.0,0.0,0.0,5.0,11.297507467358534,0.0,0.0,1.0,0.0,0.0,4.2
384.0,3.0,24.8,10.86637925589244,106.8167315555206,0.0,19.053737403258268,21.65981557903033,,1,0,0,1,0,1,19.567814035091047,,,,,13.0,16.13965695067342,1.0,0.0,0.0,1.0,0.0,25.0
80.0,4.0,10.0,10.881638523495,106.637886682912,3.0,8.826587030733174,11.964993989558423,33762.1,0,0,0,0,1,0,17.937494731808936,0.2522651138406674,18.8968103287414,80.85089493840727,0.0,10.0,13.625065667931644,0.0,0.0,0.0,0.0,1.0,8.59
140.0,3.0,12.0,10.7719831959622,106.669288276788,3.0,24.737282299672927,20.454141465138118,240.0,0,0,0,0,0,1,26.807768326301748,24.616666666666667,0.0,0.0,75.4875,14.0,3.503534510194315,0.0,0.0,0.0,1.0,0.0,53.0
39.0,4.0,3.0,10.7161039104522,106.631755785234,0.0,9.364834955468142,15.288713651298618,349.4,0,0,0,0,0,0,19.097351273645593,13.649112764739554,86.3594733829422,0.0,0.0,7.0,10.08690903009584,0.0,0.0,0.0,0.0,1.0,4.2
990.0,3.0,37.2,10.8062295220215,106.743832418038,0.0,38.647438220481845,58.28290665694527,,0,0,0,0,0,1,20.25050569105691,,,,,53.0,5.751983131301858,0.0,0.0,0.0,1.0,0.0,228.0
130.0,7.0,18.2,10.7692039823815,106.690307187657,3.0,53.75818181817839,80.81249751703449,2516.2,0,0,0,0,0,1,72.86150756189254,94.08870519036644,0.0,5.91010253556951,0.0,8.0,1.4003549659065315,0.0,1.0,0.0,1.0,0.0,58.0
232.0,6.0,12.64,10.8023973511541,106.641715744194,3.0,19.38917355371901,16.235786892588425,1401.9,0,0,0,0,0,1,28.509028490145873,99.85804978957128,0.0,0.0,0.1390969398673229,8.0,7.119717696751046,0.0,0.0,0.0,1.0,0.0,62.0
75.0,3.0,14.0,10.879043,106.55251,0.0,9.79203162611253,14.844224781192123,34049.8,0,0,1,0,1,0,20.25050569105691,0.0,10.637712996845796,89.36234574065045,0.0,6.0,19.865558003385125,0.0,1.0,1.0,0.0,0.0,6.5
72.0,3.0,6.166666666666666,10.8455069821256,106.664734478905,0.0,11.098013468022373,9.674953215540254,921.7,0,1,0,0,0,1,18.21396773749808,16.597591407182378,83.40674839969621,0.0,0.0,9.0,8.689687176116783,0.0,0.0,0.0,1.0,0.0,9.3
177.0,3.0,15.0,10.8045403973595,106.79315461159,0.0,19.053737403258268,20.177656837434043,,0,0,0,0,0,0,20.87381731865282,,,,,7.0,10.543950803164307,0.0,0.0,0.0,1.0,0.0,19.0
125.0,1.0,12.0,10.8488169758077,106.781668364468,3.0,19.053737403258268,19.526540511910742,,0,0,0,0,0,0,20.25050569105691,,,,,2.0,11.958048906212335,0.0,0.0,0.0,1.0,0.0,11.5
52.0,3.0,5.0,10.7869510672708,106.76362445578,2.0,38.647438220481845,23.346267146280812,,1,0,0,1,0,0,19.567814035091047,,,,,7.0,6.937383359680418,0.0,0.0,0.0,0.0,1.0,7.6
90.0,5.0,3.0,10.7667055072752,106.683653709313,2.0,53.75818181817839,22.30565215020024,1877.5,1,1,1,1,0,0,22.511366997733134,96.83302263648469,0.0,0.0,3.1675099866844207,17.0,2.167957568771107,0.0,0.0,0.0,1.0,0.0,29.5
32.0,3.0,4.3,10.800263223944,106.690415332418,3.0,18.63592086332186,15.288713651298618,232.2,0,0,0,1,0,1,19.5012876430688,91.60637381567616,0.0,0.0,8.406546080964686,5.0,2.9395581824953405,0.0,0.0,0.0,0.0,1.0,5.79
67.0,4.0,6.5,10.7605255950666,106.673150132616,0.0,24.737282299672927,20.918551142754602,7763.4,0,1,0,0,1,1,20.25050569105691,81.37890614936755,0.0,3.720148388592627,14.901074271582038,8.0,3.504638001634727,0.0,0.0,0.0,0.0,1.0,13.0
57.0,4.0,6.0,10.8011714074988,106.695013381541,3.0,18.827244701348747,15.13100312673361,227.3,0,0,0,0,0,0,21.719959264527965,0.0,0.0,0.0,100.0,9.0,2.876809844727512,0.0,0.0,0.0,0.0,1.0,10.98
92.0,2.0,5.3,10.8435512973653,106.634629907443,2.0,8.826587030733174,15.500554052311237,112.4,1,0,0,0,0,1,20.25050569105691,78.00711743772241,22.0373665480427,0.0,0.0,5.0,10.446430156391092,0.0,0.0,0.0,1.0,0.0,6.39
100.0,4.0,5.0,10.7449929826099,106.715685722816,0.0,17.789285714285825,17.287883938053668,2636.1,0,1,0,1,1,0,18.207540931800263,60.42487007321422,39.57626797162475,0.0,0.0,8.0,3.798185852653578,0.0,0.0,0.0,1.0,0.0,11.9
140.0,4.0,16.0,10.71134,106.6936,3.0,8.131668552257471,13.173106254134565,4487.0,0,0,0,0,0,0,20.25050569105691,80.53710719857365,11.93559170938266,0.0,7.484733675061288,10.0,7.236398779420901,0.0,0.0,0.0,0.0,1.0,15.5
125.0,6.0,8.0,10.7494262616914,106.730312928557,0.0,17.789285714285825,17.42635834230355,266.7,0,0,0,0,0,0,19.089097978071564,7.375328083989502,0.0,0.0,92.60967379077616,66.0,4.349127196501093,0.0,0.0,0.0,0.0,1.0,25.0
100.0,4.0,10.0,10.8328743389849,106.732240726725,0.0,15.48107692307722,14.40074884671146,,0,1,1,0,0,0,20.25050569105691,,,,,8.0,7.18078043454607,0.0,0.0,0.0,1.0,0.0,11.7
119.0,4.0,31.0,10.8308993512524,106.705695056431,3.0,18.827244701348747,16.235786892588425,36014.6,0,0,0,1,0,1,19.425983461480996,12.228623946954848,87.7714871191128,0.0,0.0,12.0,6.12512635643201,0.0,0.0,0.0,1.0,0.0,19.9
90.0,4.0,16.0,10.7373933880674,106.70656637554,3.0,17.789285714285825,34.311080856230646,,0,0,0,0,1,0,20.25050569105691,,,,,16.0,4.334193472000742,0.0,0.0,1.0,0.0,0.0,18.5
48.0,2.0,8.0,10.7477470964608,106.715999242248,0.0,17.789285714285825,14.8877491993957,58.3,1,1,0,0,0,0,18.207540931800263,29.00514579759863,0.0,0.0,71.08061749571183,4.0,3.5381552817964055,0.0,0.0,0.0,0.0,1.0,5.0
60.0,2.0,15.0,10.879043,106.55251,0.0,9.79203162611253,14.844224781192123,34049.8,0,0,1,1,1,1,19.567814035091047,0.0,10.637712996845796,89.36234574065045,0.0,8.0,19.865558003385125,0.0,1.0,1.0,0.0,0.0,7.2
50.0,3.0,5.0,10.6928770668793,106.740810400381,0.0,8.131668552257471,7.431275025157785,3078.9,0,0,0,0,0,1,8.354727166160457,90.07047971678196,0.0,0.0,9.929195491896458,9.0,10.21035366433824,0.0,0.0,0.0,0.0,1.0,4.79
98.0,5.0,6.0,10.8321778907289,106.638803087541,2.0,11.098013468022373,20.454141465138118,277.5,1,1,1,0,0,0,20.25050569105691,72.27387387387387,0.0,0.0,27.718918918918924,11.0,9.236874266326245,0.0,0.0,0.0,0.0,1.0,11.5
133.0,4.0,14.0,10.7787072350501,106.654559216834,3.0,19.38917355371901,24.56391683041859,538.7,0,0,1,0,0,1,20.25050569105691,98.82494895117875,0.0,1.1676257657323184,0.0,17.0,5.09272137323354,1.0,0.0,0.0,1.0,0.0,23.9
61.0,2.0,7.5,10.7262516703306,106.733568547539,3.0,17.789285714285825,8.648767860862735,246.5,0,0,0,0,0,1,8.354727166160457,0.0,0.0,0.0,100.0,5.0,6.571251471911575,0.0,0.0,0.0,1.0,0.0,6.16
141.0,4.0,16.0,10.8108234878693,106.666371295388,0.0,19.38917355371901,20.918551142754602,110.4,0,0,0,0,0,0,26.252298540169484,5.172101449275361,0.0,0.0,94.8460144927536,9.0,5.420637529281509,0.0,0.0,0.0,0.0,1.0,23.0
52.0,4.0,6.0,10.6846850748236,106.750129064134,0.0,8.131668552257471,7.431275025157785,,1,1,1,0,0,0,11.761918800261277,,,,,9.0,11.47999886459786,0.0,0.0,0.0,0.0,1.0,6.7
170.0,3.0,10.8,10.8032920034063,106.800453822888,0.0,19.053737403258268,23.42179327737413,,0,0,0,0,0,1,20.87381731865282,,,,,11.0,11.268659282549418,0.0,0.0,0.0,1.0,0.0,18.5
300.0,2.0,8.0,10.8302588673135,106.627425931631,3.0,8.826587030733174,18.897367086496754,447.5,0,0,0,0,0,0,16.846557206889077,60.70614525139665,0.0,0.0,39.291620111731845,28.0,10.057580455453984,0.0,0.0,1.0,0.0,0.0,23.8
80.0,4.0,8.0,10.6782658787866,106.753551974324,3.0,8.131668552257471,11.712567766934,3212.3,0,0,0,0,1,0,8.354727166160457,82.04775394577094,0.7654951281013603,0.0,17.185505712417893,9.0,12.285832508339334,0.0,0.0,0.0,0.0,1.0,8.1
619.0,8.0,20.5,10.8070214449431,106.718769562831,3.0,18.827244701348747,23.596282954466844,915.3,0,0,0,0,0,1,29.161416890612465,96.48858297825848,0.0,0.0,3.5114170217415057,14.0,3.952660039684916,0.0,0.0,0.0,1.0,0.0,79.0
109.0,4.0,25.0,10.8306744695848,106.705461512626,3.0,18.827244701348747,16.235786892588425,6964.9,0,0,0,0,1,0,19.425983461480996,23.7088831138997,0.0,0.0,76.29068615486224,10.0,6.0981593847264595,0.0,0.0,0.0,0.0,1.0,19.9
108.0,4.0,30.0,10.7606083761689,106.683644226779,3.0,53.75818181817839,59.25648860397285,21002.7,0,0,0,0,0,0,20.25050569105691,93.04498945373687,5.736500545168003,0.0,1.2186528398729686,13.0,2.562239416337704,0.0,0.0,0.0,1.0,0.0,42.9
46.0,5.0,6.0,10.7986903429098,106.655671006765,2.0,19.38917355371901,18.093318479606467,51227.4,1,1,1,0,0,0,21.374905914231878,0.6260712040821904,99.37398735832777,0.0,0.0,9.0,5.566802009377607,0.0,0.0,0.0,0.0,1.0,10.2
38.0,2.0,4.6,10.791883916468,106.691579610048,3.0,53.75818181817839,34.07029975082686,1542.6,0,0,0,0,0,1,25.9063569677296,99.35692985868016,0.0,0.0,0.6456631660832362,5.0,2.04961997573256,0.0,0.0,0.0,0.0,1.0,6.39
61.0,3.0,6.480000000000001,10.787625974324,106.764392930397,2.0,38.647438220481845,23.346267146280812,,1,0,0,0,0,1,30.56532612762346,,,,,6.0,7.033435975037739,0.0,0.0,0.0,1.0,0.0,6.8
89.0,3.0,6.0,10.8108543690188,106.666629354455,3.0,19.38917355371901,20.918551142754602,124.1,0,0,0,0,0,1,26.252298540169484,8.525382755842063,0.0,0.0,91.43432715551974,12.0,5.403412043577566,0.0,0.0,0.0,1.0,0.0,27.9
120.0,7.0,20.0,10.7628424556361,106.670705159445,3.0,24.737282299672927,18.093318479606467,176.0,0,0,0,1,0,1,20.25050569105691,9.113636363636363,0.0,0.0,90.79545454545456,12.0,3.6282798833283465,0.0,1.0,0.0,1.0,0.0,48.0
75.0,4.0,6.0,10.79833073759,106.667304171708,2.0,19.38917355371901,18.83383064658232,361.5,0,0,0,0,0,0,19.806236435736306,12.06085753803596,87.94467496542185,0.0,0.0,9.0,4.448923872246071,0.0,0.0,0.0,0.0,1.0,26.0
46.0,1.0,6.0,10.823968438281,106.775203557751,0.0,19.053737403258268,20.177656837434043,,1,1,1,0,0,0,20.25050569105691,,,,,3.0,9.693428830504786,0.0,0.0,0.0,1.0,0.0,5.35
170.0,5.0,18.5,10.7415791159822,106.698957377089,3.0,17.789285714285825,17.287883938053668,498563.61,0,1,0,0,0,1,22.174529617989272,95.4990898754123,0.0,0.1154456499542756,4.385462468871324,16.0,3.834577819535974,0.0,0.0,0.0,0.0,1.0,61.0
60.0,3.0,5.5,10.790871440042,106.637672736781,0.0,14.87073929990493,24.311036457287887,245.5,0,0,0,0,0,1,29.940845325225013,0.4276985743380855,16.623217922606926,3.209775967413442,79.75967413441956,8.0,7.1228574885613405,0.0,1.0,0.0,1.0,0.0,8.5
177.0,5.0,8.0,10.8432330908401,106.752468697979,3.0,15.48107692307722,15.706358342303552,,0,0,0,0,0,0,20.25050569105691,,,,,12.0,9.347133956948648,0.0,0.0,0.0,1.0,0.0,16.9
36.0,3.0,6.0,10.8200439986361,106.704022845421,0.0,18.827244701348747,16.235786892588425,1295.5,1,0,0,0,0,1,13.930220361551154,78.68776534156696,21.313778463913547,0.0,0.0,6.0,4.907863659335667,0.0,0.0,0.0,1.0,0.0,8.0
30.0,4.0,3.3,10.8108545843353,106.70180765453,0.0,18.827244701348747,20.454141465138118,1412.5,1,0,0,0,0,1,17.16203807849431,17.998584070796458,0.0,0.0,80.61309734513274,7.0,3.8764236574657978,0.0,0.0,0.0,0.0,1.0,6.3
240.0,5.0,12.1,10.7630316591014,106.686852472972,3.0,53.75818181817839,59.25648860397285,2619.3,0,0,0,0,0,1,72.86150756189254,99.6766311609972,0.3214599320429122,0.0,0.0,10.0,2.121703484008104,0.0,1.0,0.0,1.0,0.0,65.0
48.0,4.0,16.0,10.7914016112549,106.663315745015,3.0,19.38917355371901,15.149860937399001,3047.4,0,0,0,0,0,0,22.762102461573292,57.87753494782437,42.12246505217562,0.0,0.0,7.0,4.4684337338182365,0.0,0.0,0.0,0.0,1.0,12.3
430.0,4.0,20.0,10.7700910710874,106.688367459774,3.0,53.75818181817839,80.81249751703449,21.8,0,0,0,0,0,0,39.810934272632835,0.0,0.0,100.0,0.0,13.0,1.538227510726938,0.0,0.0,0.0,1.0,0.0,320.0
308.0,2.0,15.0,10.8130385064992,106.7298845986,0.0,38.647438220481845,58.28290665694527,,0,0,0,0,0,1,20.25050569105691,,,,,96.0,5.1814226039561255,0.0,0.0,0.0,1.0,0.0,54.0
477.0,3.0,20.0,10.7079862534097,106.73511092879,3.0,17.789285714285825,18.28632481919144,435.3,0,0,0,0,0,0,17.21642624996233,28.511371467953133,0.0,0.0,71.49552033080636,13.0,8.426218874245544,0.0,0.0,0.0,0.0,1.0,85.0
199.0,2.0,10.7,10.7996978736653,106.641429802414,3.0,19.38917355371901,15.61262632367065,584.6,0,0,0,0,0,1,17.16889699849127,21.151214505644887,0.1539514197742046,0.0,78.69141293191926,10.0,7.030283652998235,0.0,0.0,0.0,1.0,0.0,48.0
64.0,1.0,12.0,10.8874565293383,106.595655266073,3.0,9.79203162611253,18.276257657517313,569.5,0,0,0,1,0,0,19.567814035091047,0.0,0.417910447761194,0.0,99.5873573309921,3.0,16.917891678828475,0.0,0.0,0.0,1.0,0.0,4.8
76.0,2.0,8.0,10.7783359632864,106.635110344572,3.0,14.87073929990493,28.253427846446222,1658.6,0,0,0,0,0,1,29.940845325225013,53.82250090437719,0.0,0.0,46.17810201374654,4.0,7.212969528141118,0.0,0.0,0.0,1.0,0.0,7.3
109.0,4.0,8.0,10.7718332149909,106.669493681393,3.0,24.737282299672927,20.454141465138118,2660.0,0,0,0,0,0,0,26.807768326301748,58.180075187969926,0.0,0.0,41.81203007518797,11.0,3.4834612211291662,0.0,0.0,0.0,1.0,0.0,24.8
26.0,3.0,2.0,10.8026328319038,106.676969546645,0.0,18.63592086332186,24.56391683041859,2748.2,0,0,0,0,0,1,20.25050569105691,10.580743759551703,89.41852849137618,0.0,0.0,5.0,3.964503223897469,0.0,0.0,1.0,0.0,0.0,10.0
320.0,4.0,25.0,10.80324519330725,106.8010794791004,0.0,19.053737403258268,23.42179327737413,,0,0,0,0,0,0,19.587917242844295,,,,,14.0,11.333097550666889,0.0,0.0,0.0,0.0,1.0,43.0
110.0,3.0,9.7,10.8099085194908,106.670926140566,3.0,19.38917355371901,20.918551142754602,3206.0,0,0,0,0,0,1,20.25050569105691,98.17155333749218,0.0,1.8287585776668744,0.0,6.0,5.007875268117746,0.0,0.0,0.0,0.0,1.0,25.0
230.0,1.0,6.0,10.7692393024962,106.683014486682,0.0,54.46617152529408,15.149860937399001,858.9,0,0,0,0,0,0,23.200342816816367,87.84724647805332,0.0,0.0,12.151589242053792,10.0,2.11377354635273,0.0,0.0,0.0,1.0,0.0,66.0
39.0,3.0,12.0,10.7530904604259,106.672005452818,0.0,29.82381843840417,15.288713651298618,3101.2,0,0,0,0,0,1,37.54099080615944,69.92357796981815,0.0,0.0,30.07545466271121,5.0,4.073151286078007,0.0,0.0,1.0,0.0,0.0,5.68
30.0,2.0,2.0,10.8299077224864,106.67092622708,0.0,11.098013468022373,14.561953480312356,1590.1,0,0,1,0,0,0,10.107421869117639,94.24438714546255,0.0,0.0,5.757499528331551,4.0,6.840534421206073,0.0,0.0,0.0,0.0,1.0,4.79
84.0,2.0,11.5,10.7480641822605,106.615798655459,3.0,10.737500000006847,19.36213730687916,,0,1,1,1,1,1,20.25050569105691,,,,,4.0,9.822368944117828,0.0,0.0,0.0,1.0,0.0,9.8
80.0,3.0,6.0,10.7911559792701,106.699124015888,2.0,53.75818181817839,48.487230363696476,1924.7,1,0,0,0,0,0,20.25050569105691,94.95661661557646,0.0,5.042344261443342,0.0,11.0,1.699033511661657,0.0,0.0,0.0,0.0,1.0,25.0
80.0,3.0,6.0,10.7682730077237,106.603375164596,0.0,10.737500000006847,11.79885823719474,114.7,0,0,0,0,0,0,17.250306900204997,53.2258064516129,0.0,0.0,46.78291194420226,8.0,10.709540681275945,0.0,0.0,0.0,0.0,1.0,5.75
61.0,6.0,4.0,10.8011654903933,106.699854614909,0.0,18.827244701348747,20.918551142754602,810.0,0,1,0,0,0,0,18.394702660946763,0.0,99.74197530864195,0.0,0.2432098765432098,11.0,2.801579394751378,0.0,0.0,0.0,0.0,1.0,10.7
55.0,2.0,7.0,10.8054664155777,106.682100678044,0.0,18.63592086332186,15.149860937399001,947.1,1,0,0,0,0,0,12.77062601913981,79.44884383908774,0.0,0.0,20.554323725055433,6.0,3.878441609793384,0.0,0.0,0.0,0.0,1.0,9.5
29.0,4.0,4.0,10.7721217867551,106.679512246845,2.0,54.46617152529408,15.13100312673361,1468.4,1,1,1,1,1,1,23.200342816816367,87.45096703895396,0.8989376191773358,0.0,11.628302914737128,6.0,2.397239952161339,0.0,0.0,0.0,0.0,0.0,8.5
72.0,2.0,8.0,10.8895857487725,106.684078694226,3.0,8.826587030733174,13.805666803246416,552.2,0,0,0,0,0,0,20.25050569105691,0.0,0.0,0.0,99.99818906193408,6.0,12.766230009340326,0.0,0.0,0.0,0.0,1.0,4.78
98.0,4.0,5.0,10.6511093728527,106.730144412541,0.0,8.131668552257471,15.805719480205894,,0,0,0,0,0,1,15.805719480205894,,,,,10.0,14.245147956360414,0.0,0.0,0.0,0.0,1.0,8.9
32.0,2.0,3.0,10.8031815041192,106.704697771718,2.0,18.827244701348747,17.205832796074894,108.1,1,1,1,0,0,0,18.58425689749212,10.851063829787234,0.0,89.1581868640148,0.0,4.0,3.0478862191598957,0.0,0.0,1.0,0.0,0.0,6.2
34.0,2.0,6.5,10.7644525057022,106.651302540979,3.0,13.32081849341783,16.924787565129154,94.2,0,0,0,0,0,1,20.25050569105691,9.203821656050955,0.0,0.0,90.81740976645436,4.0,5.589174699978231,0.0,1.0,0.0,1.0,0.0,7.0
357.0,3.0,18.7,10.7912032537364,106.71812213973,0.0,18.827244701348747,41.01013634331939,3434.3,0,0,0,0,0,1,42.28415103036848,99.7490027079754,0.0,0.0,0.2507061118714148,8.0,2.512978094337286,0.0,0.0,0.0,1.0,0.0,300.0
46.0,4.0,3.0,10.6930404499263,106.741255518537,0.0,8.131668552257471,7.431275025157785,218.9,0,1,1,0,0,0,8.354727166160457,11.973503883051622,0.0,0.0,88.00822293284605,7.0,10.214700428984006,0.0,0.0,0.0,0.0,1.0,5.39
126.0,4.0,12.0,10.7779444235626,106.747389593819,3.0,38.647438220481845,23.346267146280812,,0,0,1,0,0,0,38.40280152808539,,,,,8.0,5.061005154394792,0.0,1.0,1.0,0.0,0.0,39.5
76.0,5.0,6.0,10.7900015324192,106.686323440386,3.0,54.46617152529408,106.67729565230768,115.7,1,0,0,0,0,0,14.535280883434632,16.4390665514261,6.6032843560933445,0.0,76.94900605012964,8.0,2.2425756749184345,0.0,0.0,0.0,1.0,0.0,19.0
81.0,4.0,8.0,10.7692468336103,106.700372421292,2.0,53.75818181817839,30.724332850013383,1173.2,0,1,0,0,0,0,21.374905914231878,0.0,0.0,99.93862938970337,0.0,13.0,0.755112072753449,0.0,0.0,0.0,1.0,0.0,27.8
26.0,4.0,10.1,10.7983225454974,106.685544812571,3.0,18.63592086332186,20.918551142754602,55.6,0,1,1,0,0,1,18.245021803289422,0.0,0.0,0.0,100.0,7.0,3.0079904001692257,0.0,0.0,0.0,0.0,1.0,6.65
100.0,3.0,11.033333333333331,10.7984769605765,106.751656194587,0.0,38.647438220481845,44.55718221916659,,0,0,0,0,0,1,20.25050569105691,,,,,6.0,6.061509531229994,0.0,1.0,0.0,1.0,0.0,8.5
65.0,4.0,12.0,10.8453950214658,106.71845179214,3.0,15.48107692307722,17.78611714762465,,1,0,0,0,0,0,15.155664323925304,,,,,10.0,7.945701381547371,0.0,0.0,0.0,0.0,1.0,7.85
100.0,4.0,6.0,10.8006688008314,106.656630428808,2.0,19.38917355371901,18.093318479606467,120.1,0,0,0,0,0,0,28.509028490145873,0.0,0.0,0.0,100.0,12.0,5.578402010208986,0.0,0.0,1.0,0.0,0.0,16.5
95.0,3.0,20.0,10.8595465617659,106.813535211503,0.0,19.053737403258268,21.65981557903033,,0,0,0,0,0,1,20.25050569105691,,,,,8.0,15.398143210349714,0.0,0.0,0.0,1.0,0.0,4.4
88.0,4.0,7.0,10.783844834362,106.694822247086,0.0,54.46617152529408,106.67729565230768,232.4,0,0,0,0,0,0,20.25050569105691,5.972461273666093,0.0,94.03614457831326,0.0,10.0,1.1095723048236978,0.0,0.0,0.0,1.0,0.0,23.5
128.0,9.0,25.5,10.808930567943,106.664597351658,3.0,19.38917355371901,20.918551142754602,,0,0,0,0,0,1,20.25050569105691,,,,,12.0,5.413429568769489,0.0,0.0,0.0,0.0,1.0,60.0
55.0,3.0,12.0,10.822766534581,106.704365709271,0.0,18.827244701348747,16.235786892588425,2603.4,1,1,0,0,0,0,20.251605221005875,0.0,0.0,0.0,99.99846354766844,9.0,5.212420606894307,0.0,0.0,0.0,0.0,1.0,10.49
106.0,4.0,12.5,10.8415044237752,106.725404666699,3.0,15.48107692307722,14.40074884671146,,0,1,1,0,0,1,19.567814035091047,,,,,11.0,7.752425399554647,1.0,0.0,0.0,1.0,0.0,19.5
82.0,2.0,6.0,10.8457345213414,106.718133644985,2.0,15.48107692307722,17.78611714762465,,0,0,0,0,0,0,15.155664323925304,,,,,4.0,7.974188719114339,0.0,0.0,0.0,1.0,0.0,4.9
52.0,4.0,7.0,10.8418377295229,106.630567499716,2.0,8.826587030733174,15.500554052311237,3251.6,0,1,0,0,0,0,16.846557206889077,81.33595768237176,6.139439045393037,0.0,12.52306556772051,10.0,10.627396160721853,0.0,0.0,0.0,0.0,0.0,8.19
74.0,2.0,4.0,10.6919641418375,106.736046797625,3.0,8.131668552257471,7.431275025157785,438.0,1,0,0,0,0,0,8.354727166160457,0.0,99.99771689497716,0.0,0.0,5.0,10.094233035802898,0.0,0.0,0.0,0.0,1.0,5.75
74.0,3.0,8.0,10.7754271225861,106.630654170799,3.0,14.87073929990493,15.971912456276133,234.3,1,1,1,0,0,1,20.25050569105691,0.0,0.0,0.0,100.0,9.0,7.695356088183984,0.0,0.0,0.0,1.0,0.0,11.5
50.0,3.0,4.1,10.7933056240088,106.687240005631,3.0,53.75818181817839,34.07029975082686,210.6,0,0,1,1,0,1,19.211286203635318,78.72269705603038,0.0,0.0,21.258309591642927,10.0,2.4484558404712806,0.0,0.0,0.0,0.0,1.0,7.95
66.0,1.0,5.0,10.808259569687,106.688076896935,3.0,18.827244701348747,20.339947871608835,845.8,1,0,0,1,0,0,24.873898992866078,75.59115630172619,0.0,0.0,24.41002601087728,5.0,3.858855875135843,0.0,0.0,0.0,1.0,0.0,10.0
80.0,6.0,20.0,10.7317818355557,106.621285919522,3.0,10.737500000006847,13.181777405603473,1630.3,1,1,1,0,1,0,16.67274773320998,84.50346561982458,0.0,0.0,15.49837453229467,10.0,10.00985630250842,0.0,1.0,0.0,1.0,0.0,14.4
68.0,4.0,5.0,10.806884675556,106.68552339077,2.0,18.827244701348747,20.339947871608835,68.8,1,0,0,0,0,0,25.38415763254146,0.0,0.0,0.0,99.95639534883722,9.0,3.832578099056704,0.0,0.0,0.0,0.0,1.0,12.0
77.0,4.0,8.0,10.7663796233907,106.659257645522,2.0,24.737282299672927,15.61262632367065,5616.6,1,0,0,0,0,1,23.072180951086057,99.46960794786882,0.5296798775059645,0.0,0.0,10.0,4.694197416493696,0.0,0.0,0.0,1.0,0.0,13.9
71.0,4.0,20.0,10.7732893180411,106.676176147981,3.0,24.737282299672927,20.454141465138118,39447.0,0,0,0,0,0,0,32.67330086593139,3.9066342180647458,96.09263061829796,0.0,0.0,9.0,2.7391802404341337,0.0,0.0,0.0,1.0,0.0,33.0
53.0,5.0,6.25,10.8020482089618,106.688003431815,3.0,18.63592086332186,15.288713651298618,276.4,1,0,0,0,0,1,17.84317339376276,0.0,0.0,0.0,100.0,10.0,3.230435580842719,0.0,0.0,0.0,1.0,0.0,13.49
40.0,3.0,5.3,10.7447117638903,106.695698587196,0.0,17.789285714285825,17.287883938053668,498563.61,0,1,1,0,0,1,20.25050569105691,95.4990898754123,0.0,0.1154456499542756,4.385462468871324,6.0,3.528774110300283,0.0,0.0,0.0,1.0,0.0,4.3
47.0,5.0,6.0,10.7391824294427,106.706828719375,3.0,17.789285714285825,34.311080856230646,,1,1,0,0,0,0,22.174529617989272,,,,,9.0,4.141482391597772,0.0,0.0,0.0,0.0,1.0,9.6
60.0,2.0,3.0,10.8058599243716,106.718318424683,0.0,18.827244701348747,23.596282954466844,194.2,1,0,0,0,1,0,20.263535304628697,1.8640576725025744,0.0,0.0,98.15653964984551,6.0,3.815941551404085,0.0,0.0,1.0,0.0,0.0,6.79
54.0,4.0,8.0,10.7974669784712,106.623532181426,3.0,14.87073929990493,9.35870800879073,82.0,1,1,1,1,0,1,20.25050569105691,15.268292682926829,0.0,0.0,84.71951219512195,9.0,8.80257333437039,0.0,0.0,0.0,1.0,0.0,9.15
81.0,3.0,9.8,10.8494320136808,106.650922660828,2.0,11.098013468022373,24.56391683041859,106.5,1,1,0,0,0,1,11.178588935354508,44.70422535211267,0.0,0.0,55.31455399061033,8.0,9.83394292184547,0.0,0.0,0.0,1.0,0.0,8.4
29.0,2.0,3.5,10.7711621652865,106.673079452359,3.0,24.737282299672927,14.561953480312356,4170.0,1,1,0,1,0,1,23.47480801259286,13.1757793764988,86.82134292565948,0.0,0.0,4.0,3.1077357130081977,0.0,0.0,0.0,1.0,0.0,4.8
60.0,4.0,50.0,10.7942123320755,106.708738664419,3.0,18.827244701348747,20.460368357652627,921.9,1,0,1,0,0,0,20.263535304628697,93.60017355461548,0.0,0.0,6.404165310771233,14.0,2.190272127606355,0.0,0.0,0.0,1.0,0.0,8.5
56.0,3.0,7.166666666666667,10.6929811896161,106.740466786766,2.0,8.131668552257471,7.431275025157785,337.2,1,1,0,0,0,1,8.354727166160457,12.844009489916964,0.0,0.0,87.15302491103203,8.0,10.183963661931797,0.0,0.0,0.0,1.0,0.0,5.88
300.0,8.0,25.6,10.7873801118931,106.69843025864,3.0,53.75818181817839,48.487230363696476,3363.2,0,0,0,0,0,1,35.13373860631083,0.7903187440532826,99.20997859181732,0.0,0.0,40.0,1.2985789129390504,0.0,0.0,0.0,1.0,0.0,79.0
38.0,6.0,8.7,10.7690012346872,106.69715593648,0.0,53.75818181817839,80.81249751703449,977.7,0,1,0,0,0,1,20.25050569105691,3.131840032729876,0.0,96.87225120180014,0.0,8.0,0.8895240543444918,0.0,0.0,0.0,1.0,0.0,32.5
60.0,4.0,7.25,10.8079934719107,106.704151205567,3.0,18.827244701348747,17.205832796074894,1894.2,0,0,0,0,0,1,15.076317258595626,5.819343258367649,94.18224052370392,0.0,0.0,8.0,3.5730888728963017,0.0,1.0,0.0,0.0,0.0,7.9
48.0,4.0,4.0,10.7401607107992,106.735843528788,2.0,17.789285714285825,8.648767860862735,259.1,0,0,0,0,0,0,13.834634373598146,46.37591663450405,0.0,0.0,53.6318023928985,9.0,5.50331547637748,0.0,0.0,0.0,0.0,1.0,4.5
95.0,4.0,6.0,10.6778925179791,106.703276314794,0.0,8.131668552257471,11.187905093453665,373.1,1,1,1,0,0,0,17.842956174323437,35.11659072634682,0.0,0.0,64.87000804073975,8.0,10.91164505614623,0.0,0.0,0.0,0.0,1.0,7.1
25.0,2.0,3.0,10.7585753100872,106.630798978728,2.0,12.006306645336863,15.61262632367065,55.4,1,1,1,1,1,0,16.67966297460757,0.0,0.0,0.0,100.0,4.0,7.92013923671193,0.0,0.0,1.0,0.0,0.0,3.75
65.0,4.0,4.0,10.7976615717007,106.690769502213,3.0,18.63592086332186,15.288713651298618,,1,1,0,0,0,0,19.5012876430688,,,,,8.0,2.6598718928860925,0.0,0.0,0.0,1.0,0.0,16.9
80.0,7.0,11.0,10.7612383716737,106.660598061092,3.0,24.737282299672927,15.288713651298618,1788.3,1,1,1,1,0,1,23.072180951086057,2.5286585024883967,97.47190068780404,0.0,0.0,24.0,4.718970970764525,0.0,0.0,0.0,0.0,1.0,32.0
75.0,4.0,5.666666666666666,10.8002634235228,106.644227987397,3.0,19.38917355371901,16.235786892588425,318.6,0,0,0,0,0,1,20.25050569105691,4.733207784055241,0.0,0.0,95.25737602008788,8.0,6.772692675314536,0.0,0.0,0.0,1.0,0.0,17.5
58.0,4.0,2.0,10.80707989456,106.6756247411,3.0,18.63592086332186,24.56391683041859,1708.4,1,0,0,0,1,1,20.25050569105691,91.19585577148209,0.0,0.0,8.804144228517911,9.0,4.436937814489997,0.0,0.0,1.0,0.0,0.0,9.5
310.0,3.0,6.0,10.7874609779698,106.764411699045,3.0,38.647438220481845,23.346267146280812,,1,0,0,1,0,0,30.56532612762346,,,,,8.0,7.032105006835634,0.0,0.0,1.0,0.0,0.0,23.9
80.0,3.0,7.0,10.7866942229836,106.643375588394,3.0,19.38917355371901,14.561953480312356,3668.6,1,0,1,1,0,1,20.25050569105691,90.43068200403424,0.0,9.568772828872053,0.0,9.0,6.416512786473395,0.0,0.0,0.0,1.0,0.0,22.0
56.0,4.0,8.0,10.799480539584,106.619165284104,2.0,14.87073929990493,9.35870800879073,796.3,1,1,0,0,0,0,18.057974719109087,49.07949265352254,50.92301896270251,0.0,0.0,9.0,9.32278192280594,0.0,0.0,0.0,1.0,0.0,9.9
157.0,2.0,8.2,10.808168946711,106.688393141885,0.0,19.38917355371901,20.454141465138118,1199.9,0,0,0,0,0,1,24.873898992866078,95.86632219351613,0.0,0.0,4.134511209267439,11.0,3.8368603175594007,0.0,0.0,0.0,1.0,0.0,25.0
142.0,4.0,8.0,10.7916783501769,106.685309984503,3.0,54.46617152529408,106.67729565230768,616.8,1,0,0,0,0,0,20.45706272875709,48.6284046692607,0.0,51.36835278858625,0.0,13.0,2.4523634510309553,0.0,0.0,0.0,1.0,0.0,35.0
140.0,5.0,30.0,10.84709,106.7096,3.0,15.48107692307722,17.78611714762465,,0,0,0,0,0,0,20.25050569105691,,,,,9.0,7.95917711860165,0.0,0.0,0.0,1.0,0.0,38.28
36.0,2.0,3.0,10.8314349800806,106.670914904065,0.0,11.098013468022373,14.561953480312356,70991.2,0,0,0,0,0,0,10.107421869117639,5.3839208239894525,94.48747168663158,0.0,0.1286356618848533,4.0,6.990406354216597,0.0,0.0,0.0,0.0,1.0,4.55
205.0,4.0,25.0,10.806546333996,106.790936294824,3.0,19.053737403258268,23.42179327737413,,1,0,0,0,1,0,21.09482090226569,,,,,10.0,10.38391483059002,0.0,0.0,0.0,1.0,0.0,35.0
60.0,3.0,10.0,10.8072105313383,106.623494844906,0.0,14.87073929990493,13.051852005459661,1109.4,1,0,0,0,0,1,20.480480660290983,22.70957274202271,0.0,0.0,77.29042725797729,9.0,9.15960014124246,0.0,1.0,0.0,1.0,0.0,5.7
35.0,4.0,4.0,10.7636436366779,106.663140484027,3.0,24.737282299672927,20.339947871608835,97.0,0,0,1,0,0,1,20.25050569105691,11.577319587628866,0.0,0.0,88.60824742268042,6.0,4.368262897979429,0.0,0.0,0.0,0.0,1.0,6.8
70.0,3.0,6.8,10.8364612252338,106.72619743735,2.0,15.48107692307722,14.40074884671146,,1,0,0,0,0,1,18.310647152987464,,,,,8.0,7.260355712689674,1.0,0.0,0.0,1.0,0.0,8.69
434.0,4.0,19.6,10.7864732726653,106.689232634454,3.0,54.46617152529408,106.67729565230768,25793.1,0,0,0,0,0,1,20.25050569105691,13.526253145221007,86.47363054460303,0.0,0.0,13.0,1.7425909905693076,0.0,0.0,0.0,1.0,0.0,399.0
44.0,5.0,6.0,10.7674010529667,106.65341465353,2.0,13.32081849341783,16.924787565129154,23538.7,1,0,0,0,0,0,19.943720442101966,14.471869729424307,71.72927986677259,13.576238279938991,0.2228245400128299,11.0,5.295969021016843,0.0,0.0,1.0,0.0,0.0,9.0
138.0,4.0,6.0,10.7867456640562,106.678070245158,3.0,54.46617152529408,16.235786892588425,77.8,0,0,0,0,0,1,20.25050569105691,0.0,0.0,0.0,100.0,16.0,2.7849392952661387,0.0,0.0,0.0,1.0,0.0,55.0
59.0,1.0,2.0,10.7845983326923,106.759100808423,0.0,38.647438220481845,23.346267146280812,,0,1,1,1,0,1,20.25050569105691,,,,,3.0,6.407309191732158,0.0,0.0,0.0,0.0,1.0,6.2
593.0,8.0,20.0,10.7850333841231,106.6404645657,3.0,14.87073929990493,28.253427846446222,1948.0,0,0,0,0,0,0,26.821045108846718,48.89938398357289,0.0,51.10164271047229,0.0,85.0,6.699089588509952,0.0,0.0,0.0,1.0,0.0,135.0
136.0,4.0,8.0,10.7523320502662,106.627839367804,0.0,12.006306645336863,16.235786892588425,2856.5,0,0,0,0,0,0,20.25050569105691,99.1251531594609,0.0,0.0,0.8748468405391212,18.0,8.424493891872451,0.0,1.0,0.0,1.0,0.0,21.0
93.0,2.0,5.7,10.7986464508148,106.687977851257,0.0,18.63592086332186,20.918551142754602,,0,0,0,0,0,1,17.184474827935027,,,,,11.0,2.8975200684678986,0.0,0.0,0.0,1.0,0.0,12.99
411.0,5.0,10.0,10.8398466526631,106.7950740633,3.0,15.48107692307722,19.07305356275716,,0,0,0,0,0,0,20.25050569105691,,,,,20.0,12.480109880025497,0.0,0.0,0.0,1.0,0.0,57.0
52.0,2.0,4.0,10.8557030855855,106.772667729227,2.0,15.48107692307722,16.99010834230355,,1,0,0,0,0,1,14.230094570897254,,,,,4.0,11.817127235217306,0.0,0.0,0.0,0.0,1.0,4.6
38.0,2.0,2.0,10.8003101994466,106.692581221359,3.0,18.63592086332186,15.288713651298618,41.1,1,1,1,1,0,0,20.25050569105691,0.0,0.0,0.0,100.0,5.0,2.8588405064702167,0.0,0.0,0.0,0.0,1.0,6.5
126.0,3.0,9.6,10.7482857220434,106.619340100525,0.0,10.737500000006847,19.36213730687916,123.9,0,1,1,1,0,1,20.18206125192249,0.0,0.0,0.0,99.9919289749798,9.0,9.44808477669021,0.0,1.0,0.0,1.0,0.0,24.0
60.0,4.0,7.25,10.8289965550146,106.68953327439,3.0,11.098013468022373,15.149860937399001,2798.6,1,1,0,1,0,1,16.60869960096871,35.168298434931756,0.0,0.0,64.83170156506826,8.0,6.026851450861242,0.0,0.0,0.0,1.0,0.0,7.2
170.0,8.0,24.5,10.7603964481785,106.691318680757,3.0,53.75818181817839,26.429608342303553,154.7,0,0,0,0,0,1,31.338914411207632,29.60568842921784,0.0,0.0,70.3813833225598,16.0,2.037645943905023,0.0,0.0,0.0,1.0,0.0,168.0
204.0,4.0,10.7,10.8040447642793,106.728745344333,0.0,38.647438220481845,58.28290665694527,,0,0,0,0,0,1,20.25050569105691,,,,,17.0,4.34085985989222,0.0,1.0,0.0,1.0,0.0,34.0
219.0,4.0,30.0,10.7536422858148,106.646895850547,3.0,13.32081849341783,9.674953215540254,2908.4,0,0,0,0,0,0,19.709285382510352,81.16008802090496,0.3840599642415073,0.0,18.45550818319351,11.0,6.421888440601715,0.0,0.0,0.0,1.0,0.0,60.0
60.0,2.0,6.0,10.7346794379706,106.620296993556,3.0,10.737500000006847,13.181777405603473,2743.6,1,0,0,0,0,1,16.67274773320998,2.554308208193614,0.0,0.0,97.44678524566264,4.0,9.951253312919311,0.0,0.0,0.0,1.0,0.0,6.5
128.0,6.0,11.2,10.8546427968892,106.767908181119,0.0,15.48107692307722,16.99010834230355,,0,0,0,0,0,1,22.194851405872406,,,,,12.0,11.389132785186636,0.0,0.0,0.0,1.0,0.0,25.0
80.0,4.0,8.0,10.8115839793572,106.70906295319,0.0,18.827244701348747,20.47473566303819,2167.8,0,1,1,0,0,0,18.78482813097723,90.01522280653195,0.0,0.0,9.982470707629854,8.0,4.051227114318236,0.0,0.0,0.0,0.0,1.0,12.7
87.0,4.0,9.0,10.8589693581558,106.767886592447,3.0,15.48107692307722,16.99010834230355,,0,0,0,0,0,0,19.11407196751205,,,,,10.0,11.761063161580614,0.0,0.0,0.0,1.0,0.0,8.0
60.0,2.0,2.0,10.7600364616112,106.709296057444,2.0,12.968707708226514,15.61262632367065,461.3,0,0,0,0,0,0,17.88136985175628,57.429004985909394,0.0,42.57966616084977,0.0,4.0,1.98807403588924,0.0,0.0,0.0,0.0,1.0,5.3
43.0,4.0,6.0,10.7839041965372,106.64768807593,2.0,19.38917355371901,14.561953480312356,121.7,0,0,0,0,0,0,17.444977006572753,7.830731306491372,0.0,0.0,92.19391947411668,10.0,5.900155247235363,0.0,0.0,0.0,0.0,1.0,5.5
72.0,3.0,6.166666666666666,10.7578759603242,106.657331829097,3.0,29.82381843840417,20.454141465138118,81.2,1,0,0,0,0,1,20.25050569105691,11.87192118226601,0.0,0.0,88.07881773399015,9.0,5.18850109462936,0.0,0.0,0.0,1.0,0.0,24.0
56.0,3.0,10.0,10.7848594966896,106.80092925213,0.0,19.053737403258268,23.42179327737413,,0,0,0,0,0,0,20.25050569105691,,,,,8.0,10.949004043847408,0.0,0.0,0.0,0.0,1.0,6.45
37.0,4.0,4.0,10.8038645991799,106.681095385502,2.0,18.63592086332186,18.093318479606467,983.5,1,0,0,0,0,0,35.13373860631083,75.84951703101169,0.0,0.0,24.150482968988307,10.0,3.791396718349114,0.0,0.0,1.0,0.0,0.0,7.5
55.0,2.0,9.2,10.7589779526695,106.677290516473,3.0,29.82381843840417,15.13100312673361,53.0,1,1,0,1,0,1,16.67274773320998,12.943396226415093,0.0,0.0,87.0188679245283,9.0,3.216696999390104,0.0,0.0,0.0,0.0,1.0,12.8
73.0,4.0,12.0,10.8299861999584,106.702564671429,0.0,18.827244701348747,16.235786892588425,3768.9,1,0,1,1,1,0,19.23866524947719,99.69487118257317,0.0,0.0,0.3051288174268354,12.0,6.005122840689863,0.0,0.0,0.0,1.0,0.0,12.5
74.0,2.0,6.0,10.7889224035329,106.779019720282,3.0,38.647438220481845,23.328827418358713,,0,0,0,0,0,0,30.56532612762346,,,,,7.0,8.63174529396682,0.0,0.0,0.0,0.0,1.0,6.0
105.0,5.0,15.4,10.7919203098568,106.69121957697,0.0,53.75818181817839,34.07029975082686,1075.4,0,0,0,0,0,1,25.9063569677296,77.80546773293658,0.0,0.0,22.194532267063416,4.0,2.0733049861867063,0.0,0.0,0.0,0.0,1.0,82.5
500.0,5.0,21.2,10.7785816192627,106.75447845459,3.0,38.647438220481845,32.180605395627865,,0,0,0,0,0,1,20.25050569105691,,,,,9.0,5.8377833888430635,0.0,0.0,1.0,0.0,0.0,200.0
186.0,4.0,17.1,10.7581933447568,106.680082733594,3.0,29.82381843840417,20.918551142754602,104.9,0,0,0,0,0,1,72.86150756189254,0.0,0.0,0.0,100.0,8.0,3.031741334755809,0.0,0.0,0.0,1.0,0.0,59.0
173.0,2.0,2.0,10.7034117148183,106.703693894893,0.0,8.131668552257471,13.173106254134565,4800.1,0,0,1,0,0,0,8.502652923904137,18.2681610799775,0.0,1.6522572446407364,0.0,12.0,8.076421951886308,0.0,0.0,0.0,1.0,0.0,5.1
42.0,2.0,3.6666666666666665,10.7630102648361,106.687051313809,2.0,53.75818181817839,59.25648860397285,566.7,1,1,0,1,1,1,72.86150756189254,24.79089465325569,75.07852479265925,0.0,0.1235221457561319,4.0,2.107452095600354,0.0,0.0,0.0,0.0,1.0,10.0
148.0,1.0,14.0,10.7800862117295,106.62465890575,3.0,14.87073929990493,17.499103454001883,337.7,0,0,0,0,0,0,20.25050569105691,11.924785312407463,0.0,0.0,88.07817589576547,9.0,8.36226884052014,0.0,0.0,0.0,1.0,0.0,18.0
50.0,4.0,5.216666666666667,10.8125333494646,106.68502334892,3.0,11.098013468022373,18.83383064658232,171.6,0,0,0,0,0,1,20.46129821819246,16.013986013986013,0.2331002331002331,0.0,83.74708624708626,10.0,4.425612423854252,0.0,0.0,1.0,0.0,0.0,8.16
12.0,3.0,3.0,10.8084075653761,106.687810652099,0.0,18.827244701348747,20.339947871608835,990.7,0,1,1,1,0,1,25.38415763254146,60.74089027960028,0.0,0.0,39.261128495003526,4.0,3.8849300681979697,0.0,0.0,0.0,1.0,0.0,3.45
71.0,2.0,4.5,10.8024949039344,106.719275204227,3.0,18.827244701348747,23.596282954466844,79.8,1,1,1,1,0,0,20.25050569105691,19.511278195488725,0.0,0.0,80.42606516290728,8.0,3.552572692507848,0.0,0.0,0.0,1.0,0.0,15.0
42.0,2.0,3.6666666666666665,10.797272586994,106.681021247462,0.0,18.63592086332186,18.83383064658232,65.0,0,0,0,0,0,1,21.485572441587628,42.676923076923075,0.0,0.0,57.32307692307692,4.0,3.225723089825063,0.0,0.0,0.0,1.0,0.0,7.3
56.0,4.0,6.0,10.8869239995503,106.723938878297,3.0,15.48107692307722,16.424313862581496,,0,1,1,0,1,0,17.208721774105186,,,,,7.0,12.583870197670484,0.0,0.0,0.0,1.0,0.0,4.8
294.0,2.0,7.5,10.7853256719705,106.624785009477,3.0,14.87073929990493,12.804496961724974,1484.0,0,0,0,0,0,1,20.25050569105691,100.0,0.0,0.0,0.0,25.0,8.40031768376122,0.0,0.0,0.0,1.0,0.0,42.0
30.0,2.0,5.0,10.7769566824563,106.63821341088,0.0,14.87073929990493,28.253427846446222,1172.8,0,0,0,0,0,0,19.567814035091047,0.0,0.0,0.0,99.99573669849931,2.0,6.870171218405218,0.0,0.0,0.0,1.0,0.0,3.75
80.0,3.0,12.0,10.78313,106.7475,0.0,38.647438220481845,44.55718221916659,,0,0,0,0,0,0,20.25050569105691,,,,,8.0,5.130034431967613,0.0,0.0,0.0,1.0,0.0,16.0
345.0,2.0,11.2,10.803719020755,106.641484729575,3.0,19.38917355371901,16.235786892588425,401.7,0,0,0,0,0,1,20.25050569105691,0.0,0.0,0.0,99.99004232013942,9.0,7.204341044441316,0.0,0.0,0.0,1.0,0.0,62.0
1.233,5.0,27.9,10.8655377076318,106.670214652689,0.0,8.826587030733174,9.397256429506324,3567.7,0,0,1,1,0,1,20.25050569105691,44.75908848838187,28.11531238613112,0.0,27.12531883286151,8.0,10.512058606787315,0.0,0.0,0.0,1.0,0.0,88.0
320.0,3.0,12.0,10.80915,106.8212,0.0,19.053737403258268,18.03421329876938,,0,0,0,0,1,0,20.25050569105691,,,,,10.0,13.626332565867624,1.0,0.0,0.0,1.0,0.0,22.0
159.0,7.0,40.0,10.778582,106.75448,3.0,38.647438220481845,32.180605395627865,,0,1,0,0,1,0,20.25050569105691,,,,,27.0,5.83795407355504,0.0,0.0,1.0,0.0,0.0,125.0
900.0,9.0,31.0,10.7895335911572,106.778854608774,3.0,15.48107692307722,23.328827418358713,,0,0,0,0,0,1,30.56532612762346,,,,,53.0,8.625550493726344,0.0,1.0,0.0,1.0,0.0,65.0
52.0,4.0,11.400000000000002,10.7974748607388,106.696075508584,0.0,18.827244701348747,15.13100312673361,45.0,1,0,0,0,0,1,18.746215486842598,41.46666666666667,0.0,0.0,58.48888888888889,9.0,2.450154139427699,0.0,0.0,0.0,1.0,0.0,10.0
33.0,3.0,6.666666666666666,10.7811754479325,106.641157250661,0.0,14.87073929990493,21.72974125281273,1297.3,0,0,0,1,0,1,20.25050569105691,0.0,0.0,0.0,99.99845833654514,6.0,6.572975699437447,0.0,0.0,0.0,1.0,0.0,4.8
63.0,5.0,7.0,10.7942935496102,106.668516860902,3.0,19.38917355371901,18.83383064658232,76.4,0,0,0,0,0,0,24.641850909075103,50.366492146596855,0.0,0.0,49.65968586387434,8.0,4.099368587011973,0.0,0.0,0.0,0.0,1.0,14.5
74.0,1.0,6.0,10.7435252748565,106.722776081116,0.0,17.789285714285825,14.672222873812292,49331.1,0,0,0,0,0,0,22.174529617989272,58.96132460050557,41.03871594187034,0.0,0.0,10.0,4.318150370358863,0.0,0.0,0.0,1.0,0.0,9.7
62.0,4.0,4.0,10.771486897,106.691139961995,2.0,53.75818181817839,80.81249751703449,311.9,1,1,0,1,1,0,24.269797544088476,9.243347226675215,0.0,90.74703430586727,0.0,9.0,1.1981427618289646,0.0,0.0,0.0,0.0,1.0,23.0
112.0,6.0,9.6,10.798119242988,106.650700896453,3.0,19.38917355371901,20.454141465138118,3952.9,0,1,0,0,0,1,20.25050569105691,99.35945761339777,0.0,0.0,0.6407953654279136,40.0,6.02954965649127,0.0,0.0,0.0,0.0,1.0,28.0
36.0,2.0,4.0,10.7497928101292,106.714066891085,0.0,17.789285714285825,17.287883938053668,150.5,0,0,0,1,0,1,8.502652923904137,0.0,0.0,0.0,100.0,4.0,3.2401319750516784,0.0,0.0,1.0,0.0,0.0,5.3
61.0,4.0,15.0,10.7266131439549,106.733946717697,2.0,17.789285714285825,8.648767860862735,493.7,1,0,0,0,0,0,8.354727166160457,9.586793599351832,0.0,0.0,90.40307879278916,8.0,6.559956775886894,1.0,0.0,0.0,1.0,0.0,9.1
50.0,4.0,5.216666666666667,10.7713804390945,106.5865288989,0.0,10.737500000006847,11.79885823719474,3093.8,0,0,0,0,0,1,20.25050569105691,21.80457689572694,0.0,0.0,78.19445342297497,10.0,12.525701527806111,0.0,0.0,0.0,1.0,0.0,7.8
112.0,5.0,8.0,10.8558143096179,106.619103946679,3.0,8.826587030733174,14.285467555474675,,0,1,1,0,0,0,20.25050569105691,,,,,9.0,12.60820989926947,0.0,0.0,0.0,0.0,1.0,13.3
48.0,1.0,4.0,10.9457803475502,106.636874396779,0.0,17.449365566351183,18.087895170864254,,0,1,1,0,0,0,19.567814035091047,,,,,4.0,20.139436429036373,0.0,1.0,0.0,1.0,0.0,1.02
50.0,4.0,8.0,10.6888881588229,106.745419081379,3.0,8.131668552257471,7.431275025157785,1947.8,1,1,0,0,0,0,20.25050569105691,54.280726974021974,0.0,0.0,0.0,9.0,10.829117199360262,0.0,0.0,0.0,0.0,1.0,7.5
100.0,1.0,24.0,10.8117383761158,106.621417421848,0.0,14.87073929990493,13.051852005459661,2232.0,1,0,0,0,0,0,20.25050569105691,87.88664874551971,0.0,0.0,12.114247311827956,2.0,9.56784306037709,0.0,0.0,1.0,0.0,0.0,14.0
51.0,2.0,5.0,10.8105942414806,106.713444016992,2.0,18.827244701348747,20.47473566303819,1212.2,1,0,0,0,0,0,20.263535304628697,98.21316614420064,0.2285101468404553,0.0,1.559148655337403,4.0,4.076158967613705,0.0,0.0,0.0,1.0,0.0,7.7
86.0,4.0,12.0,10.7714966138803,106.67097111139,3.0,24.737282299672927,20.454141465138118,4450.0,0,0,0,0,0,0,20.25050569105691,56.812359550561794,43.18067415730337,0.0,0.0,13.0,3.3290034932203616,0.0,0.0,0.0,1.0,0.0,31.0
70.0,6.0,6.0,10.8232880161174,106.704085289619,2.0,18.827244701348747,16.235786892588425,963.4,1,0,1,0,0,0,20.251605221005875,49.86194727008512,0.0,0.0,50.139090720365374,10.0,5.268287868281715,0.0,0.0,0.0,1.0,0.0,13.5
60.0,4.0,8.0,10.8800307404173,106.665595880607,2.0,8.826587030733174,9.397256429506324,2208.3,0,0,0,0,0,0,17.09291764913859,19.44391613458316,0.0,0.0,80.55789521351265,10.0,12.200292978780292,0.0,0.0,0.0,0.0,1.0,6.65
100.0,3.0,17.0,10.7438970976317,106.608921639358,3.0,10.737500000006847,19.36213730687916,902660.3,1,1,1,1,0,1,20.25050569105691,0.487598712383828,0.0,0.0,0.0,9.0,10.683564056626604,0.0,0.0,1.0,0.0,0.0,15.3
27.0,3.0,4.0,10.7971632092102,106.672863195429,3.0,18.63592086332186,23.820911987062647,6033.2,0,0,0,0,0,0,20.25050569105691,95.76725452496188,0.0,0.0,4.232082476960817,6.0,3.8795271529295072,0.0,0.0,0.0,0.0,1.0,5.4
64.0,2.0,4.0,10.7289768378416,106.656684872472,2.0,13.123347608580726,20.341033665775136,240.9,1,1,1,0,0,0,20.25050569105691,0.0,0.0,0.0,100.0,5.0,7.133149822083247,0.0,1.0,0.0,0.0,1.0,3.7
52.0,4.0,10.0,10.8300966027458,106.702460012038,3.0,18.827244701348747,16.235786892588425,3768.9,1,0,0,0,0,0,19.23866524947719,99.69487118257317,0.0,0.0,0.3051288174268354,8.0,6.017101660544564,0.0,0.0,0.0,0.0,1.0,10.3
58.0,3.0,6.0,10.7983303140104,106.686214836931,3.0,18.63592086332186,20.918551142754602,23.1,0,0,0,0,0,1,20.25050569105691,0.0,0.0,0.0,96.58008658008656,8.0,2.96798738882463,0.0,0.0,0.0,1.0,0.0,22.0
65.0,3.0,6.0,10.7983972627457,106.686155862837,2.0,18.63592086332186,20.918551142754602,47.5,1,0,0,0,0,0,19.567814035091047,0.0,0.0,0.0,98.27368421052633,10.0,2.9777444074075565,0.0,0.0,0.0,1.0,0.0,17.0
42.0,2.0,3.0,10.8560684766401,106.618772517867,0.0,8.826587030733174,14.285467555474675,,0,0,0,0,0,0,19.567814035091047,,,,,4.0,12.6538137743097,0.0,0.0,0.0,0.0,1.0,3.58
75.0,5.0,7.0,10.7941605733171,106.668502129008,3.0,19.38917355371901,18.83383064658232,1337.1,0,0,0,0,0,0,24.641850909075103,98.7734649614838,0.0,0.0,0.3328098122803081,10.0,4.093451961378802,0.0,0.0,0.0,1.0,0.0,14.2
55.0,4.0,7.0,10.8165730342512,106.683895788488,3.0,11.098013468022373,15.13100312673361,4557.1,1,0,0,0,0,1,20.251605221005875,61.614623335015686,0.0,38.38537666498431,0.0,9.0,4.887229543975438,0.0,0.0,0.0,1.0,0.0,8.7
60.0,4.0,5.0,10.7516014274156,106.701722631529,0.0,17.789285714285825,17.287883938053668,140.34,1,0,0,0,0,0,13.55522012715968,0.0,100.0,0.0,0.0,10.0,2.713849933156226,0.0,0.0,0.0,1.0,0.0,10.0
40.0,2.0,7.0,10.7991361221143,106.693771884202,3.0,18.827244701348747,18.83383064658232,1716.2,1,0,0,0,0,1,18.133914647361333,22.014333993707027,0.0,60.26104183661578,17.72345880433516,5.0,2.694269748473177,0.0,0.0,0.0,1.0,0.0,6.25
48.0,4.0,3.0,10.7971804305777,106.681240362888,0.0,18.63592086332186,18.83383064658232,1046.0,1,1,0,0,0,0,21.485572441587628,83.6281070745698,0.0,0.0,16.37189292543021,8.0,3.201953481405703,0.0,0.0,0.0,0.0,1.0,7.5
160.0,6.0,17.3,10.8018372420631,106.649986981276,0.0,19.38917355371901,20.454141465138118,5771.6,0,0,0,0,0,1,28.509028490145873,45.31256497331763,0.0,0.0,54.66005960219004,15.0,6.278879999035842,0.0,1.0,0.0,1.0,0.0,40.0
69.0,1.0,4.1,10.8364562595419,106.726641186753,0.0,15.48107692307722,14.40074884671146,,0,0,0,0,0,1,20.25050569105691,,,,,4.0,7.278283548239765,0.0,0.0,0.0,0.0,1.0,5.7
89.0,5.0,8.4,10.8356509203537,106.69730130583,3.0,8.826587030733174,13.645852307543556,1712.9,0,0,0,0,0,1,18.58320168788192,0.0,0.0,0.0,99.99883238951486,34.0,6.645843813749145,0.0,1.0,0.0,1.0,0.0,18.0
56.0,4.0,8.0,10.7664502281555,106.627008002704,3.0,14.87073929990493,18.35882491952716,4527.4,0,0,0,0,0,0,16.438356940373765,79.52445111984804,0.0,10.93121880107788,9.54477183372355,7.0,8.162862994790473,0.0,0.0,0.0,0.0,1.0,8.8
131.0,2.0,9.7,10.8151475383831,106.774919389943,0.0,19.053737403258268,20.177656837434043,,0,0,0,0,0,1,23.716488155468518,,,,,7.0,9.163063927130516,0.0,0.0,0.0,1.0,0.0,20.5
83.0,2.0,6.0,10.7858678273759,106.764743272215,3.0,38.647438220481845,23.346267146280812,,0,0,0,1,0,0,19.567814035091047,,,,,9.0,7.03795977178578,0.0,0.0,1.0,0.0,0.0,13.5
104.0,4.0,3.0,10.7319540413222,106.731771261592,0.0,17.789285714285825,30.38692272100736,636.9,0,0,0,0,0,1,8.354727166160457,11.177578897786152,0.0,0.0,88.83027162819909,14.0,5.934122019676176,0.0,0.0,1.0,0.0,0.0,8.5
115.0,3.0,23.0,10.8055440100515,106.717789669664,3.0,18.827244701348747,23.596282954466844,8011.4,0,0,0,0,0,1,19.567814035091047,7.860548718076742,92.1400753925656,0.0,0.0,12.0,3.757055751156499,0.0,1.0,0.0,1.0,0.0,23.0
54.0,6.0,30.0,10.753993284189,106.65886162063,3.0,29.82381843840417,16.924787565129154,75.2,1,1,1,1,0,0,20.25050569105691,0.4122340425531914,0.0,0.0,99.57446808510636,13.0,5.222770914142966,0.0,0.0,0.0,0.0,1.0,21.5
37.0,4.0,6.0,10.7650990900712,106.667963659795,3.0,24.737282299672927,23.820911987062647,1013.0,1,1,1,1,1,0,20.25050569105691,2.654491609081935,0.0,0.0,97.29812438302072,11.0,3.8172443586931863,0.0,0.0,0.0,0.0,1.0,10.9
200.0,3.0,6.4,10.752450224808,106.618192763825,3.0,10.737500000006847,19.36213730687916,,0,0,1,1,0,1,20.25050569105691,,,,,9.0,9.427621372238104,0.0,0.0,1.0,0.0,0.0,29.0
94.0,2.0,6.0,10.8215099637144,106.7925469126,0.0,19.053737403258268,18.834465413133596,,0,0,0,0,0,0,19.587917242844295,,,,,7.0,11.197134539277997,0.0,0.0,1.0,0.0,0.0,7.35
57.0,5.0,6.0,10.761491238,106.666827874548,3.0,24.737282299672927,15.149860937399001,727.0,0,0,0,0,0,0,20.25050569105691,93.28610729023384,0.0,0.0,6.7262723521320495,22.0,4.076589773855136,0.0,0.0,0.0,0.0,1.0,8.9
150.0,4.0,8.4,10.8024618905111,106.641816699832,3.0,19.38917355371901,16.235786892588425,1401.9,0,0,0,0,0,1,28.509028490145873,99.85804978957128,0.0,0.0,0.1390969398673229,7.0,7.112637783103653,0.0,0.0,0.0,0.0,1.0,29.0
420.0,4.0,30.6,10.7703132805891,106.552450693443,0.0,13.123347608580726,18.84067329147945,3462.6,0,0,0,0,0,1,20.25050569105691,4.819499797839773,71.23981978859817,0.0,0.0,16.0,16.25003057787455,0.0,1.0,1.0,0.0,0.0,23.0
68.0,4.0,6.0,10.8080809227089,106.704147560647,0.0,18.827244701348747,17.205832796074894,1894.2,0,1,1,1,0,0,15.076317258595626,5.819343258367649,94.18224052370392,0.0,0.0,11.0,3.5827336626034296,0.0,0.0,0.0,0.0,1.0,12.8
32.0,4.0,10.0,10.7565208823847,106.704243378285,3.0,12.968707708226514,18.093318479606467,40.8,1,1,1,0,1,0,20.25050569105691,0.0,0.0,0.0,99.87745098039215,7.0,2.1930279847585137,0.0,0.0,0.0,0.0,1.0,9.5
88.0,3.0,16.0,10.7504890140826,106.716709165481,3.0,17.789285714285825,15.717993526044307,1301.7,0,1,1,0,1,0,20.25050569105691,96.75731735422907,0.0,0.0,3.2442190981024814,8.0,3.30972413425209,0.0,0.0,1.0,0.0,0.0,15.7
53.0,2.0,5.0,10.8776851452117,106.628052973584,2.0,8.826587030733174,14.549898133423875,2692.7,1,1,1,0,0,0,20.25050569105691,0.0,0.0,0.0,99.99925725108628,5.0,13.838056623163927,0.0,0.0,1.0,0.0,0.0,4.85
80.0,5.0,10.0,10.8615762969391,106.611331487335,3.0,8.826587030733174,14.285467555474675,4478.5,1,1,1,0,1,0,21.19814232501748,76.3101484872167,0.0,0.0,23.69029809087864,10.0,13.662851971077837,0.0,0.0,0.0,0.0,1.0,8.25
160.0,5.0,8.0,10.838877848321,106.648830636088,3.0,11.098013468022373,23.820911987062647,2080.4,0,0,0,0,0,0,10.107421869117639,97.5336473755047,0.0,0.0,2.464910594116516,15.0,9.026433307128732,0.0,0.0,0.0,0.0,1.0,25.0
78.0,3.0,4.0,10.8114321780967,106.72779802533,3.0,38.647438220481845,58.28290665694527,,0,0,0,0,0,0,20.25050569105691,,,,,10.0,4.901698167069325,0.0,0.0,0.0,1.0,0.0,16.9
29.0,4.0,4.0,10.7720122163975,106.679709174845,2.0,54.46617152529408,15.13100312673361,1220.5,1,0,1,1,0,0,23.200342816816367,96.83408439164276,0.8299877099549366,0.0,2.332650553052028,6.0,2.378324457680392,0.0,0.0,0.0,0.0,0.0,8.4
65.0,2.0,3.0,10.6924813391351,106.741020119047,0.0,8.131668552257471,7.431275025157785,3078.9,0,1,1,0,0,0,8.354727166160457,90.07047971678196,0.0,0.0,9.929195491896458,5.0,10.259923412155644,0.0,0.0,0.0,0.0,1.0,4.5
63.0,4.0,8.0,10.7749726379177,106.659029430616,3.0,24.737282299672927,15.923197269929185,47081.0,0,0,0,0,0,1,20.25050569105691,1.0807756844586986,0.5534716764724623,0.0,0.0,8.0,4.596967303886952,0.0,0.0,0.0,0.0,1.0,17.0
1.188,8.0,21.5,10.7845563127764,106.644233192178,3.0,19.38917355371901,14.561953480312356,575.7,0,0,0,0,0,1,20.25050569105691,8.292513461872502,0.0,0.0,91.70922355393434,26.0,6.284144784511498,0.0,1.0,0.0,1.0,0.0,139.0
68.0,4.0,8.0,10.8379558141691,106.636188982695,2.0,11.098013468022373,20.454141465138118,3041.6,1,1,1,0,0,0,10.818659325601992,8.76808258811152,0.0,0.9333903208837454,90.29984218832192,9.0,9.885618200571356,0.0,0.0,0.0,0.0,1.0,8.8
74.0,4.0,6.0,10.8055132700749,106.682024026274,3.0,18.63592086332186,15.149860937399001,947.1,0,0,0,0,0,0,12.77062601913981,79.44884383908774,0.0,0.0,20.554323725055433,18.0,3.887325276463785,0.0,0.0,1.0,0.0,0.0,15.99
52.0,5.0,6.0,10.8127847724643,106.696668916607,2.0,18.827244701348747,20.454141465138118,1168.5,1,1,1,1,0,0,13.941385937429175,85.16816431322208,0.0,0.0,14.828412494651264,11.0,4.118815719852074,0.0,0.0,0.0,1.0,0.0,8.9
106.0,1.0,9.0,10.8032657877697,106.716294438571,0.0,18.827244701348747,23.596282954466844,86.4,0,0,1,0,0,0,21.692084895986877,0.0,0.0,0.0,100.0,12.0,3.4563619426035026,0.0,0.0,0.0,0.0,1.0,21.0
144.0,5.0,13.0,10.8919402390242,106.833957482168,0.0,19.053737403258268,25.613782122221185,,0,0,0,0,1,1,22.156780321650697,,,,,24.0,19.40968618759811,0.0,0.0,0.0,1.0,0.0,23.0
99.0,2.0,20.0,10.8801981218516,106.65104852768,0.0,8.826587030733174,13.805666803246416,3174.2,1,0,0,0,0,0,18.206777355077413,36.7957280574633,0.0,0.0,63.20301178249639,2.0,12.811076627768635,0.0,0.0,1.0,0.0,0.0,10.0
101.0,7.0,8.1,10.8054464296632,106.731410972538,0.0,15.48107692307722,58.28290665694527,,0,0,0,0,0,1,20.25050569105691,,,,,8.0,4.656456517037591,0.0,0.0,0.0,1.0,0.0,18.0
46.0,5.0,3.0,10.8120975202791,106.687954705275,0.0,18.827244701348747,15.149860937399001,861.3,0,0,0,0,0,0,20.46129821819246,0.0,100.0,0.0,0.0,16.0,4.262942995314765,0.0,0.0,0.0,1.0,0.0,8.55
66.0,5.0,6.0,10.8658134132343,106.67052914155,3.0,8.826587030733174,13.805666803246416,610.0,0,0,0,0,0,0,20.25050569105691,2.8,0.0,0.0,97.1967213114754,9.0,10.530157246179993,0.0,0.0,0.0,0.0,1.0,6.55
126.0,4.0,16.0,10.7016294495465,106.741220968855,3.0,8.131668552257471,7.431275025157785,2340.4,0,0,0,0,0,0,17.25767208576909,82.2402153478038,7.517091095539224,0.0,10.243975388822422,9.0,9.359404946986308,0.0,0.0,0.0,0.0,1.0,11.4
39.0,4.0,5.433333333333334,10.7615184683789,106.666689114491,3.0,24.737282299672927,23.820911987062647,39.0,1,0,0,0,0,1,20.25050569105691,25.076923076923073,0.0,0.0,74.97435897435896,10.0,4.089320972839162,0.0,0.0,0.0,0.0,1.0,10.3
62.0,3.0,5.0,10.8377781248536,106.636607112014,3.0,11.098013468022373,20.454141465138118,60.8,1,1,0,0,0,0,10.818659325601992,61.809210526315795,0.0,0.0,38.19078947368421,7.0,9.83911324841702,0.0,0.0,1.0,0.0,0.0,6.8
297.0,1.0,5.0,10.8654916813416,106.670803146114,0.0,8.826587030733174,9.397256429506324,623.1,0,0,0,0,0,0,20.25050569105691,0.0,0.0,0.0,99.99839512116834,32.0,10.48675377749924,0.0,0.0,0.0,1.0,0.0,11.5
88.0,2.0,8.0,10.801133822659,106.618841735718,3.0,14.87073929990493,14.237298722437757,4709.7,0,1,0,0,0,1,18.4257909704719,44.674183068985286,31.7746353270909,0.0,23.530585812259805,10.0,9.4096447469006,0.0,0.0,0.0,1.0,0.0,15.5
50.0,3.0,6.283333333333333,10.8456275957949,106.718108945627,0.0,15.48107692307722,17.78611714762465,,1,0,0,0,1,1,15.155664323925304,,,,,6.0,7.961997942900997,0.0,0.0,0.0,1.0,0.0,7.1
54.0,5.0,8.0,10.8774845511157,106.672899223462,3.0,8.826587030733174,9.397256429506324,40.2,1,0,0,0,0,0,17.510388497990952,0.0,100.0,0.0,0.0,9.0,11.697334784668278,0.0,0.0,0.0,0.0,0.0,6.18
184.0,6.0,8.0,10.7692496455059,106.700594547117,2.0,53.75818181817839,30.724332850013383,2261.6,1,1,0,0,0,0,21.374905914231878,0.0,0.0,100.0,0.0,31.0,0.7526331335408756,0.0,0.0,0.0,1.0,0.0,59.0
12.0,3.0,3.0,10.7919343765005,106.716421517098,0.0,18.827244701348747,41.01013634331939,43.5,0,0,0,0,0,1,18.607354980746287,34.574712643678154,0.0,0.0,65.40229885057471,5.0,2.4372623111631047,0.0,0.0,0.0,0.0,1.0,2.68
80.0,4.0,8.0,10.8797779842153,106.665574435278,2.0,8.826587030733174,9.397256429506324,597.0,0,0,0,0,0,0,17.09291764913859,4.720268006700167,95.27470686767168,0.0,0.0,10.0,12.174395098584244,0.0,0.0,0.0,0.0,1.0,6.89
55.0,2.0,6.0,10.805542749141,106.681947039213,2.0,18.63592086332186,15.149860937399001,947.1,1,0,0,0,0,0,12.77062601913981,79.44884383908774,0.0,0.0,20.554323725055433,6.0,3.894603557999656,0.0,0.0,0.0,0.0,1.0,9.5
78.0,3.0,12.0,10.7791338923346,106.761721294958,2.0,38.647438220481845,32.180605395627865,,1,1,1,1,0,0,20.25050569105691,,,,,9.0,6.631039480584438,0.0,0.0,0.0,0.0,1.0,8.0
76.0,4.0,4.0,10.7712364229155,106.690819015907,3.0,53.75818181817839,80.81249751703449,71.6,1,0,0,0,0,0,24.269797544088476,23.5195530726257,0.0,76.45251396648045,0.0,15.0,1.241689061487115,0.0,0.0,0.0,0.0,1.0,20.99
60.0,1.0,7.0,10.7666888916896,106.609580780897,2.0,10.737500000006847,11.79885823719474,101.4,1,1,1,0,0,0,20.25050569105691,31.60749506903353,0.0,0.0,68.40236686390531,3.0,10.050641385572964,0.0,0.0,1.0,0.0,0.0,5.5
93.0,2.0,5.0,10.9051936393702,106.597534429929,0.0,9.79203162611253,18.109953266812024,,0,0,1,0,0,0,20.25050569105691,,,,,5.0,18.283845552436357,0.0,0.0,0.0,0.0,1.0,4.1
16.0,2.0,4.2,10.7920868125539,106.677572903962,3.0,18.63592086332186,20.454141465138118,1471.1,0,0,0,0,0,1,13.842079023496492,98.72544354564612,0.0,0.0,1.2738766909115626,4.0,3.1311418880626234,0.0,0.0,0.0,1.0,0.0,3.1
168.0,3.0,12.0,10.801392916952349,106.79036268103611,0.0,19.053737403258268,23.42179327737413,,0,0,0,0,0,0,20.87381731865282,,,,,13.0,10.150726722996948,0.0,0.0,0.0,1.0,0.0,17.5
144.0,5.0,8.4,10.7958030708001,106.641146348302,2.0,19.38917355371901,15.61262632367065,347.8,0,0,0,0,0,1,21.19494463973162,0.4629097182288672,0.0,0.0,99.52558941920644,40.0,6.909062733879814,0.0,0.0,0.0,0.0,1.0,29.5
57.0,5.0,6.0,10.805684503851,106.605347487786,2.0,10.737500000006847,10.067829993435623,1603.5,1,1,1,0,0,0,20.25050569105691,30.215777985656377,0.0,0.0,69.78609292173373,11.0,10.967410257675963,0.0,0.0,0.0,0.0,1.0,8.25
100.0,4.0,12.0,10.7983886274373,106.827481054886,3.0,19.053737403258268,12.780266996675284,,0,0,0,0,0,0,19.567814035091047,,,,,8.0,14.027284569875643,0.0,0.0,0.0,0.0,1.0,9.1
55.0,5.0,5.0,10.8121800274152,106.688360848502,2.0,18.827244701348747,15.149860937399001,65.2,1,0,0,0,0,0,20.838172755970227,29.92331288343558,0.0,0.0,70.15337423312883,15.0,4.256875790014399,0.0,0.0,0.0,1.0,0.0,11.0
252.0,2.0,6.0,10.7873445443245,106.686045857837,0.0,54.46617152529408,106.67729565230768,291.1,0,0,0,0,0,0,75.75321427483613,2.981793198213672,0.0,0.0,97.0216420474064,8.0,2.0725113683953262,0.0,0.0,0.0,1.0,0.0,66.8
293.0,9.0,30.0,10.811048007719,106.666175271472,0.0,19.38917355371901,20.918551142754602,145.1,0,0,0,0,0,1,26.252298540169484,11.984838042729152,0.0,0.0,88.00827015851138,19.0,5.453454376553787,0.0,1.0,0.0,1.0,0.0,145.0
106.0,4.0,12.0,10.8320764669433,106.729013689617,3.0,15.48107692307722,14.40074884671146,,0,0,0,0,0,0,20.18206125192249,,,,,7.0,6.940884723338292,0.0,0.0,1.0,0.0,0.0,19.5
80.0,4.0,8.125,10.7799550689986,106.667702058295,2.0,24.737282299672927,16.235786892588425,42832.0,1,0,0,0,0,1,16.95010834230355,8.418588905491221,91.34313130369816,0.0,0.2376260739633918,9.0,3.674581516567343,0.0,0.0,0.0,1.0,0.0,13.0
71.0,2.0,6.0,10.7836436555464,106.777912135832,3.0,38.647438220481845,23.328827418358713,,1,0,0,0,0,0,17.667251633927393,,,,,5.0,8.433334978286773,0.0,0.0,1.0,0.0,0.0,9.4
51.0,4.0,7.0,10.7570960165267,106.585816203006,2.0,10.737500000006847,13.482984203694478,348.1,1,1,0,1,0,0,13.472608342303552,70.26429187015225,0.0,0.0,29.729962654409647,11.0,12.767540130664264,0.0,0.0,0.0,0.0,0.0,7.4
70.0,4.0,10.0,10.8305149283311,106.705685732528,0.0,18.827244701348747,16.235786892588425,36014.6,0,0,0,0,1,0,19.425983461480996,12.228623946954848,87.7714871191128,0.0,0.0,9.0,6.0824413080419975,0.0,0.0,0.0,1.0,0.0,15.5
36.0,1.0,7.3,10.7530694638578,106.588467584253,0.0,10.737500000006847,17.86847969544204,4693.5,0,1,1,0,0,1,20.25050569105691,78.70011718333866,0.0,0.0,21.29945669542985,2.0,12.565187364864457,0.0,0.0,0.0,1.0,0.0,2.65
163.0,4.0,16.4,10.7493669495603,106.71019589704,2.0,17.789285714285825,14.8877491993957,23439.5,1,0,0,0,0,1,18.207540931800263,13.199513641502593,33.15002453124,0.0,53.65037650120523,20.0,3.1237058371159,0.0,0.0,0.0,0.0,1.0,13.855
64.0,1.0,8.0,10.8070907450024,106.623928916006,2.0,14.87073929990493,13.051852005459661,1163.7,1,0,0,0,0,1,20.480480660290983,49.502449084815666,0.0,0.0,50.49497293116782,4.0,9.110678874717363,0.0,0.0,0.0,1.0,0.0,6.1
70.0,3.0,6.0,10.8304403460239,106.632992226205,0.0,19.38917355371901,15.923197269929185,3821.9,0,0,0,0,0,1,10.818659325601992,99.59653575446768,0.4047724953557131,0.0,0.0,9.0,9.590813452865085,0.0,0.0,0.0,1.0,0.0,11.5
152.0,6.0,12.466666666666663,10.8110825116592,106.666496763437,2.0,19.38917355371901,20.918551142754602,267.6,1,0,0,0,0,1,26.252298540169484,16.681614349775785,0.0,0.0,83.3370702541106,13.0,5.431703132140154,1.0,0.0,0.0,1.0,0.0,28.0
107.0,4.0,12.0,10.8263141272719,106.593223657424,3.0,10.737500000006847,13.71334205498395,,0,1,1,0,1,0,20.25050569105691,,,,,8.0,13.043559721621412,0.0,0.0,0.0,0.0,0.0,13.9
35.0,4.0,3.0,10.761650250173,106.689830137647,0.0,53.75818181817839,59.25648860397285,1964.8,0,0,1,0,0,0,31.338914411207632,92.5066164495114,0.1633754071661237,0.0,7.32899022801303,6.0,2.015332460713162,0.0,0.0,0.0,1.0,0.0,6.68
81.0,4.0,10.0,10.7967269562337,106.652747427794,0.0,19.38917355371901,20.454141465138118,102015.0,0,0,0,0,0,0,21.374905914231878,5.104670881733078,14.210851345390385,0.0,0.6428074302798608,11.0,5.762528742312823,0.0,0.0,0.0,1.0,0.0,18.6
16.0,3.0,5.333333333333334,10.7811363036261,106.682154618032,3.0,54.46617152529408,24.56391683041859,813.3,0,1,1,1,1,1,25.237156359791214,0.1721382023853436,0.0,0.0,99.83155047338006,4.0,2.1468279675522854,0.0,0.0,0.0,0.0,1.0,4.68
63.0,2.0,3.0,10.7318524718392,106.731462223863,3.0,17.789285714285825,30.38692272100736,1683.6,1,1,0,0,0,0,8.354727166160457,88.70099786172487,0.0,0.0,11.296032311712995,4.0,5.924480804462729,0.0,0.0,1.0,0.0,0.0,5.6
105.0,3.0,6.0,10.6749716701932,106.698468424459,0.0,8.131668552257471,11.187905093453665,1669.5,0,0,1,0,0,0,8.502652923904137,77.08655286013777,10.598382749326143,0.0,12.314465408805033,18.0,11.237516164654656,0.0,0.0,1.0,0.0,0.0,7.5
91.0,2.0,4.0,10.8597792459955,106.754247556679,0.0,15.48107692307722,16.151929588086617,,0,0,0,0,0,0,17.352177179339265,,,,,4.0,10.97630826743539,0.0,0.0,0.0,1.0,0.0,5.2
47.0,6.0,4.0,10.7683935275571,106.647946779762,2.0,13.32081849341783,15.61262632367065,66.3,0,0,0,0,0,0,20.25050569105691,0.0,0.0,0.0,100.0,6.0,5.8674975086233605,0.0,0.0,0.0,1.0,0.0,6.3
80.0,5.0,8.0,10.8652157721439,106.618352828365,2.0,8.826587030733174,9.23912502081522,,0,0,1,0,0,0,20.25050569105691,,,,,12.0,13.41972406275977,0.0,0.0,0.0,0.0,1.0,8.25
200.0,3.0,16.066666666666666,10.703801309618052,106.71226497963966,0.0,8.131668552257471,13.173106254134565,4599.3,0,0,0,0,0,1,19.32281039637293,6.440762724762464,0.0,0.0,56.991933555106215,12.0,8.120259319940912,0.0,1.0,0.0,1.0,0.0,26.0
190.0,2.0,12.1,10.6751925448823,106.698448445419,2.0,8.131668552257471,11.187905093453665,3252.0,1,0,0,0,0,1,8.502652923904137,64.78874538745387,2.620848708487085,0.0,32.59040590405904,6.0,11.213020253352816,0.0,0.0,0.0,0.0,1.0,8.9
45.0,2.0,3.0,10.8194829938112,106.676663359374,3.0,11.098013468022373,15.13100312673361,330.1,1,0,0,0,0,1,19.11407196751205,0.0,0.0,100.0,0.0,6.0,5.522887376763301,0.0,0.0,0.0,1.0,0.0,7.45
386.0,10.0,28.6,10.7628565519883,106.686716818272,3.0,53.75818181817839,59.25648860397285,2619.3,0,0,0,0,0,1,72.86150756189254,99.6766311609972,0.3214599320429122,0.0,0.0,27.0,2.145811289646492,0.0,0.0,0.0,1.0,0.0,430.0
92.0,4.0,8.0,10.8079060482868,106.702922333341,2.0,18.827244701348747,17.205832796074894,103.8,1,0,0,0,0,0,15.076317258595626,6.184971098265897,0.0,0.0,93.83429672447016,6.0,3.553370214385897,0.0,0.0,0.0,0.0,1.0,19.8
140.0,3.0,11.0,10.6909828186035,106.722045898438,0.0,8.131668552257471,13.173106254134565,3879.1,0,0,0,0,0,1,19.32281039637293,0.0,63.20177360728003,0.0,36.79693743394087,8.0,9.726495535014475,1.0,0.0,0.0,0.0,1.0,16.0
96.0,4.0,30.0,10.798260102138,106.737929270074,3.0,38.647438220481845,44.55718221916659,,0,0,0,0,0,0,19.11407196751205,,,,,10.0,4.723355706898338,0.0,0.0,0.0,0.0,1.0,35.0
22.0,3.0,5.0,10.8832369575457,106.770272270563,2.0,15.48107692307722,14.196219758981544,,1,1,0,0,0,0,20.25050569105691,,,,,5.0,14.115911046923989,0.0,0.0,0.0,1.0,0.0,2.5
62.0,4.0,8.0,10.6845249238111,106.750447771852,3.0,8.131668552257471,7.431275025157785,,1,1,1,0,1,0,11.761918800261277,,,,,9.0,11.512018391231948,0.0,0.0,0.0,0.0,1.0,7.5
14.0,2.0,2.0,10.7649459614468,106.619040006068,3.0,10.737500000006847,8.135783941420566,52.9,0,1,1,0,0,0,16.67966297460757,19.319470699432895,0.0,0.0,80.62381852551985,5.0,9.0477919195454,0.0,0.0,0.0,0.0,1.0,2.1
43.0,4.0,3.9,10.7617092170445,106.67817331341,3.0,29.82381843840417,18.093318479606467,1351.5,0,1,1,1,0,1,17.376381907262566,75.77210506844246,0.0,0.4639289678135405,23.761746207917128,15.0,2.966026602270291,0.0,0.0,0.0,0.0,1.0,9.29
216.0,6.0,8.0,10.7919876992965,106.643544644036,3.0,19.38917355371901,15.61262632367065,2218.0,0,0,0,0,1,0,21.404741776747944,92.79440937781784,4.876014427412083,0.0,2.3318304779080252,42.0,6.533356348838128,0.0,0.0,0.0,0.0,1.0,38.0
73.0,2.0,4.0,10.8103225866822,106.713307802268,0.0,18.827244701348747,20.47473566303819,465.0,0,0,1,0,0,0,20.263535304628697,44.26021505376344,0.0,0.0,55.733333333333334,5.0,4.0427334679081515,0.0,0.0,1.0,0.0,0.0,9.0
28.0,3.0,11.0,10.7933481701381,106.68758352064,3.0,53.75818181817839,34.07029975082686,123.5,0,0,0,0,0,1,19.211286203635318,5.295546558704454,0.0,0.0,94.73684210526316,6.0,2.4291891338714544,0.0,0.0,0.0,1.0,0.0,8.0
102.0,5.0,13.0,10.8449855888911,106.717982289132,0.0,15.48107692307722,17.78611714762465,,1,0,0,0,0,0,15.155664323925304,,,,,10.0,7.889353814360269,0.0,0.0,0.0,0.0,1.0,23.5
60.0,5.0,7.0,10.7833728933918,106.603621253037,2.0,10.737500000006847,11.523850027712317,361.1,1,1,1,0,0,0,17.858559625558907,37.03129327056217,0.0,0.0,62.96870672943783,10.0,10.679385008681876,0.0,0.0,0.0,0.0,1.0,9.0
61.0,2.0,7.0,10.791077168543,106.685566654372,0.0,54.46617152529408,106.67729565230768,69.1,0,0,0,0,0,0,20.45706272875709,46.251808972503625,0.0,53.67583212735168,0.0,7.0,2.385278661389583,0.0,0.0,0.0,1.0,0.0,12.6
92.0,5.0,20.0,10.7698333417062,106.671034062988,3.0,24.737282299672927,14.561953480312356,3395.0,1,1,1,1,0,1,32.67330086593139,76.79293078055964,0.0,0.0,23.194698085419738,11.0,3.355076743518531,1.0,0.0,0.0,1.0,0.0,33.0
230.0,4.0,15.4,10.7447440450088,106.610774066647,3.0,10.737500000006847,19.36213730687916,902660.3,0,1,1,1,0,1,19.567814035091047,0.487598712383828,0.0,0.0,0.0,9.0,10.46137651663682,0.0,0.0,0.0,0.0,1.0,35.0
69.0,2.0,6.0,10.8763757168092,106.773334421199,3.0,15.48107692307722,14.196219758981544,,0,0,0,0,0,0,21.09482090226569,,,,,7.0,13.667936911173546,0.0,0.0,0.0,1.0,0.0,4.79
282.0,7.0,26.0,10.8120288458059,106.692557836636,3.0,18.827244701348747,16.924787565129154,719.1,0,0,0,0,0,1,25.38415763254146,95.83089973578085,0.0,0.0,4.167709637046308,20.0,4.113441412983812,0.0,0.0,0.0,1.0,0.0,80.0
76.0,4.0,10.0,10.84360668045008,106.68168882374748,2.0,11.098013468022373,20.339947871608835,1581.2,1,0,1,0,0,1,20.25050569105691,36.47672653680748,0.0,63.52200860106249,0.0,8.0,7.81076359546813,0.0,0.0,0.0,1.0,0.0,11.5
45.0,3.0,6.0,10.7894750233986,106.675014856123,2.0,54.46617152529408,20.454141465138118,1555.2,1,1,0,0,0,0,24.641850909075103,94.44058641975307,0.0,0.0,5.554912551440329,8.0,3.2192710225307803,0.0,0.0,0.0,0.0,1.0,9.99
42.0,5.0,22.6,10.7659633446694,106.64225951417,0.0,13.32081849341783,15.13100312673361,3565.8,0,1,1,1,0,1,9.90181956943871,83.64125862359077,0.0,0.0,16.35818049245611,8.0,6.523663210732087,0.0,0.0,0.0,0.0,1.0,8.7
65.0,3.0,7.0,10.7766629696863,106.652052528165,0.0,19.38917355371901,24.56391683041859,93.3,0,0,0,0,0,1,19.567814035091047,0.4394426580921757,0.0,99.53912111468382,0.0,8.0,5.358156550546827,0.0,0.0,0.0,1.0,0.0,9.4
110.0,2.0,6.0,10.6780355937382,106.703386403707,0.0,8.131668552257471,11.187905093453665,373.1,1,0,0,0,0,0,17.842956174323437,35.11659072634682,0.0,0.0,64.87000804073975,17.0,10.89600863587478,0.0,0.0,0.0,1.0,0.0,4.2
155.0,1.0,3.0,10.6782940114049,106.753338480921,3.0,8.131668552257471,11.712567766934,33.2,0,0,0,0,0,0,8.354727166160457,72.5,27.379518072289155,0.0,0.0,7.0,12.272201042216969,0.0,0.0,0.0,0.0,1.0,6.4
48.0,2.0,5.700000000000001,10.7994697568185,106.678571436082,3.0,18.63592086332186,15.923197269929185,85.9,1,1,1,0,0,1,20.342567872241002,35.76251455180442,0.0,0.0,64.28405122235156,4.0,3.586937304983636,0.0,0.0,0.0,1.0,0.0,6.6
89.0,7.0,14.1,10.767814019108,106.691144388189,3.0,53.75818181817839,50.13266841725762,16853.0,0,0,0,0,0,1,39.810934272632835,95.07618821574792,4.922862398386044,0.0,0.0,13.0,1.4181703612654342,0.0,1.0,0.0,1.0,0.0,72.0
18.0,3.0,3.0,10.7843564491209,106.672963007409,3.0,54.46617152529408,16.924787565129154,52.9,0,1,1,1,0,1,20.25050569105691,0.0,0.0,0.0,99.98109640831758,5.0,3.210865306260476,0.0,0.0,0.0,0.0,1.0,3.95
47.0,3.0,3.0,10.7695531345517,106.678176037312,3.0,54.46617152529408,15.13100312673361,37.3,0,0,1,1,1,0,21.321721723241613,12.49329758713137,0.0,0.0,87.47989276139411,8.0,2.604693233116142,0.0,0.0,0.0,1.0,0.0,7.0
43.0,3.0,2.0,10.7562746152956,106.700894026799,3.0,12.968707708226514,15.13100312673361,4891.9,0,0,0,0,0,1,20.25050569105691,94.4988654714937,0.0,0.0,5.5013389480569925,6.0,2.193478107493954,0.0,0.0,0.0,0.0,1.0,6.9
105.0,4.0,8.0,10.7628309554051,106.686909939831,0.0,53.75818181817839,59.25648860397285,51.4,0,0,0,0,0,0,72.86150756189254,30.77821011673152,0.0,0.0,69.14396887159533,12.0,2.132366846930528,0.0,0.0,0.0,0.0,1.0,43.0
46.0,4.0,5.0,10.8426225601186,106.642683406051,0.0,11.098013468022373,15.61262632367065,4018.4,1,0,0,0,0,0,10.107421869117639,82.11253235118456,0.0,0.0,17.887965359347003,9.0,9.776962436722934,0.0,0.0,0.0,0.0,1.0,5.99
151.0,3.0,16.0,10.869856565276,106.624796899862,3.0,8.826587030733174,9.23912502081522,,0,0,0,0,0,0,18.20183555273926,,,,,7.0,13.355400212782378,0.0,0.0,1.0,0.0,0.0,16.8
18.0,5.0,10.0,10.7424225497245,106.724846607886,3.0,17.789285714285825,14.672222873812292,301.2,0,0,1,0,0,0,17.21642624996233,2.2609561752988045,0.0,0.0,97.72908366533866,7.0,4.5463558651447595,0.0,0.0,0.0,1.0,0.0,4.6
34.0,4.0,8.0,10.7636960178576,106.648907966983,3.0,13.32081849341783,23.820911987062647,6317.6,1,1,1,0,0,0,20.25050569105691,1.4974040774977837,98.50212105862984,0.0,0.0,8.0,5.863124659993565,0.0,0.0,0.0,1.0,0.0,8.99
64.0,3.0,5.0,10.8046057388232,106.815555532038,3.0,19.053737403258268,12.780266996675284,,1,0,1,0,0,1,30.56532612762346,,,,,7.0,12.900148032785903,0.0,0.0,0.0,1.0,0.0,5.7
70.0,4.0,10.0,10.8300800734565,106.702522549604,0.0,18.827244701348747,16.235786892588425,3768.9,1,0,0,0,1,0,19.23866524947719,99.69487118257317,0.0,0.0,0.3051288174268354,8.0,6.015436805033431,0.0,0.0,0.0,0.0,0.0,13.5
70.0,4.0,5.0,10.8788000224012,106.668867905323,2.0,8.826587030733174,9.397256429506324,10130.3,0,0,0,0,0,0,20.25050569105691,37.71813273052131,40.66562688173105,0.0,21.61594424646852,10.0,11.960610961402264,0.0,0.0,0.0,0.0,1.0,7.59
32.0,2.0,3.0,10.8567444850654,106.621230537092,2.0,8.826587030733174,9.23912502081522,,1,1,1,0,0,0,20.25050569105691,,,,,4.0,12.518271206008563,0.0,0.0,1.0,0.0,0.0,3.2
245.0,1.0,19.4,10.8138926370969,106.690024798238,3.0,18.827244701348747,16.924787565129154,945.2,0,0,0,0,0,1,17.40171754184511,8.600296233601354,91.39547185780786,0.0,0.0,37.0,4.383688753350391,0.0,0.0,0.0,1.0,0.0,42.0
876.0,5.0,27.2,10.7918378989928,106.697115210376,3.0,53.75818181817839,48.487230363696476,896.0,0,0,0,0,0,1,20.25050569105691,1.4587053571428572,0.0,98.54241071428572,0.0,53.0,1.8140855351088496,0.0,0.0,0.0,1.0,0.0,380.0
32.0,2.0,5.0,10.8415122148417,106.676585491997,3.0,11.098013468022373,15.081788755498186,181.8,1,0,1,0,1,0,18.21396773749808,62.541254125412536,0.0,0.0,37.46424642464246,4.0,7.761116499660711,0.0,0.0,0.0,1.0,0.0,3.99
17.0,3.0,4.0,10.8378748657483,106.636381966285,2.0,11.098013468022373,20.454141465138118,297.8,1,1,1,0,0,0,10.818659325601992,48.46541302887845,0.0,0.0,51.53458697112155,4.0,9.864232727869773,1.0,0.0,0.0,1.0,0.0,2.9
198.0,4.0,12.0,10.8325746683208,106.732305831871,0.0,15.48107692307722,14.40074884671146,,0,0,0,0,0,0,20.25050569105691,,,,,10.0,7.1548368039816825,0.0,0.0,0.0,0.0,1.0,23.5
175.0,1.0,4.0,10.6846573804845,106.572993270918,0.0,13.123347608580726,18.705766496889733,1894.4,0,0,0,0,0,0,20.25050569105691,0.0,99.99841638513512,0.0,0.0,4.0,17.292830078577403,0.0,0.0,0.0,0.0,1.0,7.0
370.0,3.0,27.0,10.8151805735113,106.774783498113,0.0,19.053737403258268,20.177656837434043,,0,0,0,0,0,1,23.716488155468518,,,,,13.0,9.151753180816783,0.0,0.0,1.0,0.0,0.0,40.0
317.0,4.0,20.5,10.7434875108525,106.715828471803,3.0,17.789285714285825,14.672222873812292,661.9,0,0,0,0,0,1,18.207540931800263,10.296117238253514,0.0,0.0,89.69935035503853,11.0,3.9570853333625977,0.0,0.0,0.0,1.0,0.0,31.8
97.0,4.0,5.0,10.757973105934244,106.6798177105606,3.0,29.82381843840417,15.13100312673361,1811.5,0,0,0,0,0,0,72.86150756189254,60.28539884073971,0.0,0.0,39.71515318796578,10.0,3.069659375241822,0.0,0.0,0.0,0.0,1.0,16.7
16.0,3.0,7.0,10.8305222016732,106.632738223885,3.0,19.38917355371901,15.923197269929185,15644.2,1,0,0,0,0,0,10.818659325601992,25.026974853300267,0.0,74.97283338233977,0.0,4.0,9.618081985505256,0.0,0.0,0.0,0.0,1.0,3.8
66.0,2.0,4.0,10.7437335267595,106.684217521569,3.0,9.364834955468142,15.13100312673361,2232.8,1,1,1,0,0,0,16.644438696094667,79.87594052310999,0.0,0.0,20.12271587244715,4.0,4.03410725684296,0.0,0.0,1.0,0.0,0.0,7.6
76.0,4.0,6.0,10.8080786581548,106.702751472795,2.0,18.827244701348747,20.454141465138118,320.3,0,1,1,0,0,0,15.076317258595626,0.0,0.0,0.0,99.98751170777396,26.0,3.5715423543760756,0.0,0.0,0.0,0.0,1.0,12.9
52.0,2.0,8.133333333333335,10.7897806213568,106.687085852904,3.0,54.46617152529408,106.67729565230768,82.4,0,0,0,0,0,1,20.25050569105691,22.19660194174757,0.0,0.0,77.80339805825243,2.0,2.165955002706617,0.0,0.0,1.0,0.0,0.0,14.0
285.0,7.0,26.0,10.821853319223,106.654606388777,0.0,19.38917355371901,15.923197269929185,,0,1,1,0,1,1,20.25050569105691,,,,,19.0,7.196208873393839,0.0,0.0,0.0,0.0,1.0,15.9
44.0,2.0,10.0,10.7512925748966,106.728562176528,0.0,17.789285714285825,15.717993526044307,979.3,0,0,0,0,0,0,8.354727166160457,97.0295108751149,0.0,0.0,2.970489124885122,6.0,4.0678556884708845,0.0,0.0,1.0,0.0,0.0,5.4
36.0,5.0,3.0,10.8059792092275,106.690677762024,2.0,18.827244701348747,15.288713651298618,407.9,0,1,0,0,0,0,24.873898992866078,24.280460897278747,0.0,0.0,75.71708752145135,9.0,3.5225604495526257,0.0,0.0,0.0,1.0,0.0,4.59
42.0,3.0,3.8,10.771989953317,106.669281929842,0.0,24.737282299672927,20.454141465138118,240.0,1,1,1,1,0,1,26.807768326301748,24.616666666666667,0.0,0.0,75.4875,8.0,3.5041264308767865,0.0,1.0,0.0,1.0,0.0,11.5
331.0,4.0,34.0,10.8374879237565,106.754880502714,3.0,15.48107692307722,15.706358342303552,,0,0,0,0,0,1,20.25050569105691,,,,,10.0,9.01394274163974,0.0,0.0,0.0,1.0,0.0,21.5
93.0,2.0,9.5,10.7986310269332,106.687505880795,3.0,18.63592086332186,20.918551142754602,3201.4,0,0,0,0,0,1,17.184474827935027,9.34372462047854,0.1792965577559817,0.0,0.0,12.0,2.92188838865398,0.0,0.0,0.0,1.0,0.0,12.9
73.0,3.0,6.3,10.798206053211,106.704889957015,3.0,18.827244701348747,15.081788755498186,11203.2,0,0,1,0,0,1,19.911470140858842,85.561000428449,12.784740074264494,1.6542594972864897,0.0,8.0,2.503662917351362,0.0,0.0,0.0,1.0,0.0,8.9
104.0,3.0,18.4,10.8737003529816,106.631053665807,3.0,8.826587030733174,9.23912502081522,,0,0,0,0,1,1,17.937494731808936,,,,,8.0,13.28711302108322,1.0,0.0,0.0,1.0,0.0,8.8
149.0,4.0,6.0,10.7600451288545,106.669739908917,2.0,29.82381843840417,24.56391683041859,5825.9,1,0,0,1,0,0,20.25050569105691,91.70462932765754,0.0,0.0,8.295370672342472,9.0,3.8578136255417834,0.0,0.0,0.0,1.0,0.0,45.0
175.0,3.0,6.0,10.7940166110901,106.669184837233,0.0,18.63592086332186,14.561953480312356,1337.1,1,0,0,0,0,0,19.193619091459624,98.7734649614838,0.0,0.0,0.3328098122803081,11.0,4.020753620001627,0.0,0.0,0.0,1.0,0.0,34.6
72.0,5.0,6.0,10.867037763004,106.625823534071,3.0,8.826587030733174,9.23912502081522,,1,1,1,1,0,0,20.25050569105691,,,,,12.0,13.040976229948669,0.0,0.0,0.0,0.0,1.0,8.85
97.0,2.0,3.0,10.7477980202393,106.68566401379,0.0,9.364834955468142,20.918551142754602,45.1,0,0,1,0,0,0,17.700526196299407,0.0,0.0,0.0,100.0,4.0,3.560519007350217,0.0,0.0,0.0,0.0,1.0,7.99
64.0,4.0,8.909090909090908,10.7974330253237,106.689039769744,3.0,18.63592086332186,20.918551142754602,,0,0,0,1,0,1,21.40910965668906,,,,,9.0,2.723093506468388,0.0,1.0,0.0,1.0,0.0,22.5
92.0,3.0,8.0,10.7578394655976,106.6800710142,2.0,29.82381843840417,20.918551142754602,89.0,1,0,0,0,0,1,72.86150756189254,12.752808988764045,0.0,0.0,87.30337078651685,11.0,3.05854787715244,0.0,0.0,0.0,1.0,0.0,15.0
68.0,4.0,6.0,10.7662841256484,106.600367402674,3.0,10.737500000006847,11.79885823719474,3007.4,0,1,0,1,0,0,13.629868366546333,75.99521181086652,0.0,0.0,24.003790649730668,9.0,11.05651827420739,0.0,0.0,0.0,0.0,1.0,6.9
41.0,3.0,5.0,10.7883461796021,106.656964763203,2.0,19.38917355371901,15.288713651298618,844.6,1,1,1,1,0,0,19.567814035091047,81.15794458915462,0.0,0.0,18.845607388112715,6.0,5.012628984185035,0.0,0.0,0.0,0.0,1.0,8.1
140.0,5.0,18.0,10.7668210804116,106.691084901206,3.0,53.75818181817839,50.13266841725762,67.5,0,0,0,0,0,0,20.25050569105691,3.496296296296296,0.0,96.5037037037037,0.0,57.0,1.4961870646977782,0.0,0.0,0.0,0.0,1.0,87.0
55.0,4.0,9.0,10.8457500916251,106.718141226198,0.0,15.48107692307722,17.78611714762465,,1,0,1,0,0,0,15.155664323925304,,,,,8.0,7.976065460588959,0.0,0.0,1.0,0.0,0.0,8.4
244.0,3.0,4.0,10.750202531496,106.639926175869,2.0,12.006306645336863,24.56391683041859,50.7,1,0,0,0,0,0,20.25050569105691,0.0,0.0,0.0,100.0,37.0,7.272212212128806,0.0,0.0,0.0,1.0,0.0,15.0
29.0,4.0,3.0,10.7515246100484,106.701942922572,3.0,17.789285714285825,17.287883938053668,119958.53,0,1,0,0,0,0,13.55522012715968,0.0,0.0,0.0,100.0,9.0,2.7230964394560893,0.0,0.0,0.0,0.0,1.0,5.99
315.0,2.0,8.0,10.6752267811961,106.698535246931,2.0,8.131668552257471,11.187905093453665,1669.5,0,0,0,0,0,0,8.502652923904137,77.08655286013777,10.598382749326143,0.0,12.314465408805033,13.0,11.208973545183529,0.0,0.0,1.0,0.0,0.0,12.0
100.0,2.0,6.0,10.6845178602726,106.749871635457,3.0,8.131668552257471,11.712567766934,,1,1,1,0,0,0,11.761918800261277,,,,,4.0,11.483371448183895,0.0,0.0,0.0,0.0,1.0,6.5
65.0,1.0,8.0,10.7456394536587,106.712825466302,3.0,17.789285714285825,14.672222873812292,256.1,0,1,0,0,0,0,20.25050569105691,10.199140960562278,0.0,0.0,89.81257321358844,2.0,3.61076566394291,0.0,0.0,0.0,1.0,0.0,6.3
90.0,6.0,8.0,10.8033642630018,106.645110827273,3.0,19.38917355371901,16.235786892588425,183.7,1,0,1,0,0,1,20.25050569105691,0.0,0.0,0.0,100.0,28.0,6.830781455355919,0.0,0.0,0.0,0.0,1.0,19.0
80.0,5.0,10.0,10.731052018508,106.732384137993,0.0,17.789285714285825,8.648767860862735,343.8,1,1,0,0,1,0,20.25050569105691,13.062827225130889,0.0,0.0,86.9371727748691,9.0,6.054710410031339,0.0,0.0,0.0,0.0,1.0,19.5
69.0,4.0,9.0,10.8043538241445,106.625864038705,3.0,14.87073929990493,17.8318693459886,158.3,0,1,1,0,0,0,18.85693297468154,16.47504737839545,0.0,0.0,83.53758686039167,8.0,8.80197422212141,0.0,0.0,0.0,0.0,1.0,9.5
55.0,1.0,4.0,10.8783815083627,106.637959528538,2.0,8.826587030733174,11.964993989558423,1955.2,1,1,0,0,0,0,20.25050569105691,92.37520458265138,0.0,7.622749590834696,0.0,5.0,13.309997053580323,0.0,0.0,0.0,1.0,0.0,3.98
67.0,3.0,5.0,10.7859258933705,106.634187743141,2.0,14.87073929990493,12.804496961724974,125.8,0,0,1,0,0,0,20.25050569105691,4.276629570747218,0.0,0.0,95.75516693163752,7.0,7.39184238419923,0.0,0.0,0.0,1.0,0.0,7.3
68.0,3.0,6.0,10.7997759814301,106.589419412868,2.0,10.737500000006847,13.71334205498395,674.3,1,1,1,0,0,0,18.06394396884742,44.767907459587725,49.41569034554353,0.0,5.811953136586089,7.0,12.482039047586058,0.0,0.0,0.0,1.0,0.0,5.6
56.0,4.0,8.8,10.7448485612524,106.695922697638,3.0,17.789285714285825,17.287883938053668,498563.61,1,0,0,0,0,1,20.25050569105691,95.4990898754123,0.0,0.1154456499542756,4.385462468871324,7.0,3.5097498852073796,0.0,0.0,0.0,0.0,1.0,12.4
183.0,3.0,12.0,10.7695587554665,106.782312714482,0.0,38.647438220481845,16.791900388268562,,0,1,0,0,1,0,21.788667863727383,,,,,7.0,8.900156768503296,0.0,0.0,0.0,1.0,0.0,22.2
24.0,5.0,10.0,10.7760342939758,106.662985884237,3.0,24.737282299672927,15.61262632367065,23690.0,1,1,1,1,0,0,16.95010834230355,43.63520472773321,0.5983115238497256,55.76821443647109,0.0,9.0,4.163361759029345,0.0,0.0,0.0,1.0,0.0,11.0
329.0,4.0,23.7,10.7718152017112,106.656448295522,3.0,13.32081849341783,15.923197269929185,332.1,0,0,0,0,0,1,20.25050569105691,18.337850045167116,0.0,0.0,81.67720566094549,10.0,4.899668106440115,1.0,0.0,0.0,0.0,1.0,88.0
89.0,4.0,7.0,10.8428504646876,106.711042182462,0.0,15.48107692307722,14.40074884671146,,0,0,1,0,0,0,18.595595821172992,,,,,8.0,7.5123303378769775,0.0,0.0,1.0,0.0,0.0,10.5
52.0,4.0,8.0,10.8013799777979,106.800700500145,0.0,19.053737403258268,23.42179327737413,,0,0,0,0,0,0,19.567814035091047,,,,,6.0,11.239384627031836,0.0,0.0,0.0,0.0,1.0,5.65
50.0,4.0,4.0,10.8822036434001,106.681740187713,0.0,8.826587030733174,8.427513172672999,1109.6,0,0,0,0,0,0,17.412339551755686,0.0,9.890951694304254,0.0,90.10994953136266,7.0,11.99709573399054,0.0,0.0,0.0,0.0,1.0,6.0
125.0,2.0,7.1,10.787431732534843,106.64487987756728,3.0,19.38917355371901,14.561953480312356,2390.9,0,0,0,0,0,1,20.25050569105691,99.13379898782884,0.0,0.0,0.8678740223346856,8.0,6.271216277449898,0.0,1.0,0.0,1.0,0.0,12.0
83.0,4.0,9.4,10.7613277078276,106.690051545918,3.0,53.75818181817839,59.25648860397285,52.4,1,0,0,0,0,1,31.338914411207632,96.7557251908397,3.16793893129771,0.0,0.0,16.0,2.029369872121428,0.0,0.0,0.0,0.0,1.0,22.8
91.0,2.0,30.0,10.7640353875986,106.656269852432,0.0,13.32081849341783,16.235786892588425,243.8,0,0,0,0,0,0,19.943720442101966,0.0,0.0,0.0,100.0,6.0,5.074577722280052,0.0,0.0,0.0,0.0,1.0,25.0
53.0,4.0,5.1,10.7919604384016,106.691277666268,3.0,53.75818181817839,34.07029975082686,1075.4,0,1,0,0,0,1,25.9063569677296,77.80546773293658,0.0,0.0,22.194532267063416,12.0,2.073826329587304,0.0,0.0,0.0,0.0,1.0,23.0
65.0,4.0,15.0,10.7959024744744,106.671021943442,3.0,18.63592086332186,14.561953480312356,1138.5,0,0,1,1,0,0,19.111424974759938,38.827404479578384,0.1282389108476065,0.0,61.04699165568731,11.0,3.96127823739154,0.0,0.0,0.0,0.0,1.0,19.0
86.0,2.0,5.0,10.8483840483061,106.642411591975,3.0,11.098013468022373,15.61262632367065,84.5,0,1,0,0,0,0,10.818659325601992,55.242603550295854,0.0,0.0,44.73372781065088,8.0,10.289330344115664,0.0,0.0,1.0,0.0,0.0,7.3
240.0,3.0,20.0,10.7426045663659,106.713406881392,0.0,17.789285714285825,24.488452653857216,161.5,0,0,0,0,0,0,20.25050569105691,13.752321981424148,0.0,0.0,86.26006191950465,12.0,3.949276637302943,0.0,0.0,0.0,0.0,1.0,57.9
62.0,7.0,22.0,10.8128979177228,106.70906620811,0.0,18.827244701348747,20.47473566303819,366.4,0,0,0,0,0,1,15.155664323925304,9.88264192139738,0.0,0.0,90.12008733624457,9.0,4.194114114923464,0.0,0.0,1.0,0.0,0.0,12.6
330.0,2.0,45.0,10.8024549173438,106.641742920529,3.0,19.38917355371901,16.235786892588425,1401.9,0,0,0,0,0,0,28.509028490145873,99.85804978957128,0.0,0.0,0.1390969398673229,14.0,7.119655159106587,0.0,0.0,0.0,1.0,0.0,83.0
50.0,2.0,6.0,10.7826524129203,106.647731896905,3.0,19.38917355371901,14.561953480312356,53.0,1,0,0,0,0,1,20.25050569105691,0.0,0.0,0.0,99.94339622641508,8.0,5.8762950087829235,0.0,0.0,0.0,0.0,1.0,8.6
213.0,1.0,13.8,10.7957114667206,106.64093114601,0.0,19.38917355371901,15.61262632367065,434.9,0,0,0,0,0,1,21.19494463973162,85.21269257300528,0.0,0.0,14.782708668659463,10.0,6.9281193469046105,0.0,1.0,0.0,1.0,0.0,33.0
77.0,4.0,8.0,10.7606248916707,106.691677006126,2.0,53.75818181817839,26.429608342303553,24.7,1,0,0,0,0,1,31.338914411207632,0.0,0.0,0.0,99.87854251012148,10.0,1.995591620746332,0.0,0.0,0.0,1.0,0.0,16.0
54.0,5.0,16.0,10.760201396191,106.666578562579,3.0,24.737282299672927,15.149860937399001,66.0,0,0,0,0,0,0,20.25050569105691,0.0,0.0,0.0,100.0,17.0,4.160125579176164,0.0,0.0,0.0,1.0,0.0,23.0
78.0,3.0,5.0,10.7882357271985,106.62994972047,2.0,14.87073929990493,12.804496961724974,85.3,1,1,1,1,0,0,18.58320168788192,2.5556858147713952,0.0,0.0,97.47948417350528,6.0,7.890067922118985,0.0,0.0,0.0,0.0,1.0,6.5
90.0,4.0,8.0,10.8588749366556,106.777894988391,0.0,15.48107692307722,16.99010834230355,,0,0,0,1,0,0,20.25050569105691,,,,,9.0,12.460775788705863,0.0,0.0,0.0,0.0,1.0,11.0
103.0,5.0,8.5,10.8590406866448,106.756435906335,0.0,15.48107692307722,16.151929588086617,,0,0,0,0,0,1,14.230094570897254,,,,,14.0,11.03575796931234,0.0,0.0,0.0,0.0,1.0,14.0
51.0,4.0,10.5,10.810492698587,106.713565422649,2.0,18.827244701348747,20.47473566303819,46.9,1,1,0,0,0,1,20.263535304628697,0.0,0.0,0.0,100.0,14.0,4.069922447356993,0.0,0.0,0.0,1.0,0.0,8.5
52.0,5.0,5.0,10.7997329087674,106.641443999945,2.0,19.38917355371901,15.61262632367065,584.6,1,0,0,1,0,0,17.16889699849127,21.151214505644887,0.1539514197742046,0.0,78.69141293191926,11.0,7.030307005811153,0.0,0.0,0.0,0.0,1.0,9.9
42.0,6.0,7.0,10.8519039139643,106.65876176697,0.0,11.098013468022373,9.674953215540254,2847.3,0,0,0,0,0,1,11.178588935354508,16.356548308924243,83.50928950233555,0.0,0.13416218874021,8.0,9.62387453979998,0.0,0.0,0.0,0.0,1.0,9.9
100.0,2.0,4.0,10.7928358139577,106.711765792345,2.0,18.827244701348747,20.460368357652627,11269.1,1,0,0,0,0,0,18.619763285830498,2.478902485557853,32.43142753192358,65.08984745898076,0.0,6.0,2.2049728405939772,0.0,0.0,1.0,0.0,0.0,9.49
28.0,2.0,5.0,10.7614418343734,106.662163519552,3.0,24.737282299672927,15.288713651298618,15189.0,0,1,0,1,1,0,20.25050569105691,75.56745012838238,4.395220225162947,0.0,20.036342089670153,4.0,4.550933788708804,0.0,0.0,0.0,0.0,1.0,5.67
73.0,4.0,6.0,10.8104877110585,106.713742699848,3.0,18.827244701348747,20.47473566303819,640.1,1,0,1,0,0,0,20.263535304628697,0.0,99.99531323230744,0.0,0.0,8.0,4.075919490942896,0.0,0.0,0.0,0.0,1.0,12.9
55.0,2.0,9.2,10.7588721251256,106.677588592348,3.0,29.82381843840417,15.13100312673361,2654.4,1,1,0,1,0,1,16.67274773320998,95.85443037974684,0.0,0.0,4.143685955394815,9.0,3.197422778788278,0.0,0.0,0.0,0.0,1.0,12.8
82.0,5.0,12.0,10.7847851405637,106.668516430205,3.0,54.46617152529408,16.924787565129154,1215.0,0,0,0,0,1,0,14.535280883434632,65.45925925925926,0.0,0.0,34.553086419753086,9.0,3.690806652141839,0.0,0.0,0.0,0.0,1.0,19.5
143.0,3.0,6.0,10.8010886541428,106.683889686156,3.0,18.63592086332186,15.13100312673361,3108.0,1,0,0,0,0,0,17.184474827935027,79.04375804375803,10.795045045045043,0.0,10.16055341055341,17.0,3.3640045970791483,0.0,0.0,0.0,0.0,1.0,23.0
160.0,5.0,40.0,10.8016685176263,106.649655194413,3.0,19.38917355371901,20.454141465138118,1498.2,0,1,0,0,0,0,28.509028490145873,99.83446802830062,0.0,0.1675343745828327,0.0,15.0,6.302609349172836,0.0,0.0,0.0,0.0,1.0,52.0
17.0,2.0,6.1,10.8655144033803,106.614482632025,0.0,8.826587030733174,11.964993989558423,,0,0,0,0,0,1,21.19814232501748,,,,,3.0,13.731995084998784,1.0,0.0,1.0,0.0,0.0,13.65
64.0,4.0,8.909090909090908,10.7393184898627,106.678211176639,3.0,9.364834955468142,18.093318479606467,84.3,0,1,1,1,0,1,18.937461252786104,0.7236061684460261,0.0,0.0,99.30011862396204,9.0,4.7841979568383115,0.0,0.0,0.0,1.0,0.0,13.1
296.0,1.0,24.0,10.8137751996357,106.689782062311,3.0,18.827244701348747,15.149860937399001,916.7,0,0,0,0,0,1,17.40171754184511,96.53867132104288,0.0,0.0,3.462419548380059,38.0,4.378550622258295,0.0,0.0,0.0,1.0,0.0,49.0
85.0,2.0,6.0,10.8185142658581,106.678690848455,2.0,11.098013468022373,15.13100312673361,1174.9,1,0,0,1,1,0,17.39220212010448,58.74372287003147,0.0,0.0,41.255425993701586,8.0,5.3234501447596045,0.0,0.0,0.0,1.0,0.0,9.4
72.0,6.0,12.0,10.7430477793688,106.725564512423,3.0,17.789285714285825,14.672222873812292,1688.7,0,1,0,1,0,0,20.25050569105691,92.7559661277906,0.0,0.0,7.241665186237935,27.0,4.535201660138323,0.0,0.0,0.0,1.0,0.0,16.5
412.0,3.0,16.8,10.7824937573199,106.686608984572,3.0,54.46617152529408,106.67729565230768,7909.6,0,0,0,0,0,1,47.644452285713,99.8820420754526,0.1180843531910589,0.0,0.0,29.0,1.7398125657393295,0.0,0.0,0.0,1.0,0.0,300.0
97.0,3.0,8.166666666666666,10.7925393138791,106.668184393649,3.0,18.63592086332186,15.61262632367065,1183.8,0,0,0,0,0,1,19.193619091459624,80.82699780368307,0.0,0.0,19.17384693360365,8.0,4.038464533575531,0.0,0.0,0.0,1.0,0.0,16.0
58.0,4.0,6.0,10.7985449147451,106.606239918614,2.0,10.737500000006847,10.067829993435623,112.7,1,1,1,0,0,0,20.25050569105691,31.748003549245784,0.0,0.0,68.23425022182786,7.0,10.66051028237572,0.0,0.0,0.0,0.0,1.0,5.0
60.0,4.0,6.0,10.7759408735547,106.641183788269,2.0,14.87073929990493,21.72974125281273,471.5,1,0,1,1,0,0,20.25050569105691,59.81336161187698,0.0,0.0,40.18027571580063,7.0,6.544896014696072,0.0,0.0,0.0,0.0,1.0,7.4
93.0,2.0,10.0,10.9043765119825,106.59324651584,0.0,9.79203162611253,18.109953266812024,,0,0,0,0,0,0,20.25050569105691,,,,,4.0,18.507010328554,0.0,0.0,0.0,0.0,1.0,3.8
30.0,4.0,7.4,10.7630477440261,106.703208989456,0.0,12.968707708226514,23.820911987062647,1680.2,1,0,0,0,0,1,19.111424974759938,91.63492441376026,0.0,8.361504582787765,0.0,4.0,1.4585344461603418,0.0,0.0,0.0,0.0,1.0,4.5
70.0,4.0,14.0,10.7375931545908,106.627207967987,3.0,12.006306645336863,14.561953480312356,3380.0,0,1,0,0,1,0,20.25050569105691,96.6346153846154,0.5757396449704143,0.0,2.7884615384615388,7.0,9.13215663590134,0.0,0.0,1.0,0.0,0.0,13.8
105.0,4.0,14.0,10.8448071089136,106.718193926109,0.0,15.48107692307722,17.78611714762465,,0,1,1,1,0,0,20.25050569105691,,,,,9.0,7.875506754836335,0.0,0.0,0.0,0.0,1.0,19.45
90.0,4.0,10.0,10.7016926583886,106.728657101471,0.0,17.789285714285825,18.28632481919144,5581.4,1,0,0,0,1,0,20.25050569105691,47.60221449815459,1.2125989895008424,0.0,51.18572401189666,9.0,8.793971294886815,0.0,0.0,0.0,0.0,1.0,18.9
62.0,3.0,5.0,10.8301251454521,106.637980569729,2.0,19.38917355371901,20.454141465138118,159.5,1,1,0,0,0,0,16.195980401453983,28.38871473354232,0.0,0.0,71.63009404388715,9.0,9.151570577448922,0.0,0.0,0.0,0.0,1.0,7.65
176.0,4.0,10.9,10.7762318052996,106.640964637159,3.0,14.87073929990493,21.72974125281273,436.8,0,0,0,0,0,1,20.25050569105691,74.0819597069597,0.0,0.0,25.920329670329668,12.0,6.568878880287883,0.0,0.0,0.0,1.0,0.0,26.5
74.0,3.0,8.0,10.6928494726684,106.740967719247,2.0,8.131668552257471,7.431275025157785,272.2,1,0,0,0,0,0,8.354727166160457,50.13592946362968,0.0,0.0,49.87509184423218,9.0,10.220443923309718,0.0,0.0,0.0,0.0,1.0,8.6
47.0,1.0,5.2,10.843438516308696,106.84263468592434,0.0,19.053737403258268,25.613782122221185,,0,0,0,0,0,1,20.25050569105691,,,,,5.0,17.181471272531724,0.0,1.0,0.0,1.0,0.0,6.5
51.0,2.0,5.0,10.852342057041,106.784976408516,3.0,19.053737403258268,19.526540511910742,,0,0,0,0,0,0,20.25050569105691,,,,,7.0,12.48937308423648,0.0,0.0,1.0,0.0,0.0,5.85
157.0,4.0,22.0,10.79975871696,106.792263145233,0.0,19.053737403258268,23.42179327737413,,0,0,0,0,0,1,20.25050569105691,,,,,9.0,10.30221949275596,0.0,0.0,0.0,0.0,1.0,39.6
74.0,5.0,7.470000000000001,10.7936230690211,106.642262593944,3.0,19.38917355371901,15.61262632367065,1398.8,0,0,0,0,0,1,19.334768492444127,98.50586216757222,0.0,0.0,1.4912782384901344,10.0,6.718970511437796,0.0,1.0,0.0,1.0,0.0,23.0
202.0,4.0,9.833333333333332,10.8105143070381,106.727141846225,3.0,38.647438220481845,58.28290665694527,,1,1,1,1,1,1,20.25050569105691,,,,,12.0,4.777025780956986,0.0,0.0,0.0,1.0,0.0,38.0
47.0,4.0,6.0,10.8071527640791,106.695281386003,0.0,18.827244701348747,15.288713651298618,140.8,0,0,0,0,0,0,13.941385937429175,1.3849431818181817,0.0,0.0,98.60795454545452,12.0,3.5218508046162844,0.0,0.0,0.0,0.0,1.0,8.7
32.0,4.0,4.0,10.801772872258,106.687562951009,3.0,18.63592086332186,15.288713651298618,33.3,1,1,1,1,0,0,17.84317339376276,50.48048048048048,0.0,0.0,49.579579579579594,8.0,3.2247898045170076,0.0,0.0,0.0,0.0,1.0,7.3
112.0,7.0,10.0,10.8486853841925,106.666861138494,1.0,11.098013468022373,9.674953215540254,625.7,0,0,0,0,0,0,15.50660834230355,87.60588141281764,0.0,0.0,12.395716797187148,11.0,8.905464174185022,0.0,1.0,0.0,1.0,0.0,14.8
72.0,3.0,6.0,10.8068802222337,106.680406125262,3.0,18.63592086332186,18.093318479606467,521.3,0,0,0,0,0,0,19.567814035091047,77.6635334740073,0.0,0.0,22.334548244772687,9.0,4.110923168937316,0.0,0.0,0.0,1.0,0.0,16.8
296.0,3.0,20.0,10.8062602349875,106.789903651599,0.0,19.053737403258268,23.42179327737413,,0,0,0,0,0,0,19.567814035091047,,,,,38.0,10.2669262610894,0.0,0.0,0.0,1.0,0.0,38.0
40.0,3.0,3.0,10.731615926238,106.745199591527,1.0,17.789285714285825,8.648767860862735,1059.1,0,0,0,0,0,0,8.354727166160457,96.51307714096876,3.484090265319611,0.0,0.0,7.0,6.896785380585052,0.0,0.0,0.0,0.0,1.0,6.8
50.0,2.0,3.0,10.7264727887215,106.734024771402,0.0,17.789285714285825,8.648767860862735,255.0,0,0,0,0,0,0,8.354727166160457,9.058823529411764,0.0,0.0,90.92549019607844,6.0,6.577686511849361,0.0,0.0,0.0,0.0,1.0,4.79
60.0,5.0,8.0,10.7696995224418,106.613264950327,2.0,10.737500000006847,8.135783941420566,2795.7,0,1,1,1,0,0,13.629868366546333,66.32113603033231,0.0,0.0,33.67743320098723,12.0,9.62022431709882,0.0,0.0,0.0,0.0,1.0,7.5
102.0,3.0,20.0,10.8059831975772,106.790085665413,0.0,19.053737403258268,23.42179327737413,,0,0,0,0,0,0,19.567814035091047,,,,,8.0,10.275679549367537,0.0,0.0,1.0,0.0,0.0,18.5
133.0,4.0,8.0,10.7722306302582,106.616568658501,3.0,10.737500000006847,8.135783941420566,98.9,0,0,0,0,0,0,13.629868366546333,4.3073811931243675,0.0,0.0,95.71284125379172,9.0,9.243268526355262,0.0,0.0,1.0,0.0,0.0,11.7
63.0,4.0,8.0,10.7438471837232,106.630706778547,0.0,12.006306645336863,16.924787565129154,60569.2,1,1,1,1,0,1,20.25050569105691,1.137607893120596,98.43205787760115,0.0,0.4302681891126183,9.0,8.480242095488714,0.0,0.0,0.0,1.0,0.0,9.1
49.0,4.0,4.0,10.7915159690551,106.674642663167,0.0,18.63592086332186,16.924787565129154,1810.6,0,0,0,0,0,1,13.842079023496492,52.25560587650503,0.0,0.0,47.74384182039103,7.0,3.365793572297076,0.0,0.0,0.0,0.0,1.0,6.75
25.0,4.0,3.0,10.7543885109902,106.669894005455,3.0,29.82381843840417,18.83383064658232,7457.3,0,0,0,0,0,0,72.86150756189254,1.5367492255910316,94.90740616577044,0.0,3.5565150925938345,11.0,4.170766882381346,0.0,0.0,1.0,0.0,0.0,8.28
430.0,2.0,10.0,10.85036,106.6937,0.0,8.826587030733174,13.645852307543556,1791.3,0,0,0,0,0,0,18.58320168788192,10.131747892591973,0.0,0.0,89.86992686875453,12.0,8.307862721955567,0.0,0.0,0.0,1.0,0.0,44.5
281.0,3.0,16.8,10.8087116883438,106.664565301601,0.0,19.38917355371901,20.918551142754602,,0,0,0,0,0,1,20.25050569105691,,,,,10.0,5.3995844398573185,0.0,1.0,0.0,1.0,0.0,72.0
68.0,2.0,6.0,10.791865742659,106.671827306486,2.0,18.63592086332186,16.235786892588425,1653.3,1,0,0,0,0,0,13.842079023496492,93.96177342285128,0.0,0.0,6.038831428052985,5.0,3.6518923331635222,0.0,0.0,0.0,0.0,1.0,13.5
69.0,5.0,4.9,10.7936503116361,106.67445364949,3.0,18.63592086332186,16.924787565129154,174.5,0,0,0,0,0,1,19.890851850482022,0.0,0.0,0.0,100.0,10.0,3.5104862456648234,0.0,0.0,0.0,1.0,0.0,16.9
110.0,4.0,6.0,10.8341625588924,106.667966236534,3.0,11.098013468022373,14.561953480312356,37.6,0,1,0,0,0,1,17.352177179339265,54.9468085106383,0.0,0.0,45.0531914893617,9.0,7.411078275855925,0.0,0.0,0.0,1.0,0.0,24.0
60.0,1.0,8.0,10.8077752250044,106.703521092561,0.0,18.827244701348747,17.205832796074894,49.0,0,0,1,0,1,0,15.076317258595626,39.93877551020408,0.0,0.0,60.08163265306122,2.0,3.543126673011671,0.0,0.0,1.0,0.0,0.0,9.5
51.0,2.0,8.0,10.7694023644931,106.622560142367,0.0,14.87073929990493,15.971912456276133,1527.3,1,0,0,0,0,0,20.25050569105691,66.17887775813527,33.208930792902514,0.0,0.6148104498133963,4.0,8.610632008924302,0.0,0.0,0.0,1.0,0.0,6.15
46.0,4.0,6.0,10.8010417191414,106.656472737563,3.0,19.38917355371901,18.093318479606467,2838.1,0,1,1,0,1,0,28.509028490145873,97.20023959691343,0.0,0.0,2.801169796694972,9.0,5.613855910714995,0.0,0.0,1.0,0.0,0.0,10.2
112.0,3.0,6.0,10.693796219712,106.653719887645,0.0,13.123347608580726,17.577819031868692,,1,1,1,0,0,1,19.567814035091047,,,,,8.0,10.50450821518086,1.0,0.0,0.0,1.0,0.0,11.97
72.0,4.0,8.0,10.8463021869146,106.675873092876,0.0,11.098013468022373,15.081788755498186,74.8,0,0,0,0,0,0,17.400949483778184,11.377005347593585,0.0,0.0,88.58288770053477,9.0,8.288613048697245,0.0,0.0,0.0,1.0,0.0,9.0
46.0,2.0,6.0,10.793232971603,106.718264806752,1.0,18.827244701348747,41.01013634331939,2195.4,1,1,0,0,0,0,42.28415103036848,86.23940967477452,0.0,13.76104582308463,0.0,4.0,2.680904843717835,0.0,0.0,1.0,0.0,0.0,6.77
130.0,1.0,30.0,10.7128924707691,106.58124698326,0.0,13.123347608580726,18.512589513095122,2996.6,0,0,0,1,0,0,20.25050569105691,94.84816124941602,0.0,0.0,5.151171327504506,2.0,14.85526240086538,0.0,0.0,0.0,1.0,0.0,11.5
98.0,5.0,9.7,10.7985601646935,106.68751546022,3.0,18.63592086332186,20.918551142754602,,0,0,0,0,0,1,17.184474827935027,,,,,25.0,2.9145721946674774,0.0,0.0,0.0,0.0,1.0,19.0
200.0,1.0,20.0,10.7692269453555,106.690390480044,3.0,53.75818181817839,80.81249751703449,1209.5,0,0,0,0,0,1,72.86150756189254,93.2046300124018,0.7027697395618024,6.094253823894171,0.0,12.0,1.3913197922578004,0.0,0.0,0.0,1.0,0.0,80.0
200.0,4.0,6.333333333333334,10.7894576065227,106.675129460193,3.0,54.46617152529408,20.454141465138118,1555.2,0,0,0,0,0,1,24.641850909075103,94.44058641975307,0.0,0.0,5.554912551440329,12.0,3.207292526045193,0.0,0.0,0.0,1.0,0.0,75.0
110.0,4.0,20.0,10.845408926784,106.718242794083,3.0,15.48107692307722,17.78611714762465,,0,0,0,0,0,0,20.25050569105691,,,,,9.0,7.941790269548803,0.0,0.0,1.0,0.0,0.0,19.5
232.0,2.0,8.0,10.8584589694821,106.642435615606,3.0,8.826587030733174,14.549898133423875,172.9,0,0,0,1,0,0,18.002367373254614,80.84441873915557,19.172932330827063,0.0,0.0,6.0,11.185884803687053,0.0,0.0,0.0,0.0,1.0,12.5
139.0,4.0,7.0,10.76041950505405,106.68169705507502,2.0,29.82381843840417,15.13100312673361,2255.9,1,0,0,0,0,0,16.67274773320998,84.56137240125892,15.438184316680704,0.0,0.0,17.0,2.73748316035677,0.0,0.0,0.0,1.0,0.0,24.0
108.0,3.0,18.7,10.7623644236834,106.767033181473,0.0,19.053737403258268,23.42179327737413,,0,0,0,0,0,1,18.57448268224521,,,,,12.0,7.360176589585685,0.0,0.0,0.0,1.0,0.0,12.0
367.0,6.0,28.1,10.8035722707419,106.616791224973,0.0,14.87073929990493,17.8318693459886,947.3,1,1,1,0,1,1,20.902681260504874,19.915549456349627,0.0,0.0,80.08022801646786,13.0,9.705917450515052,0.0,0.0,0.0,1.0,0.0,22.8
124.0,1.0,5.0,10.8169205371987,106.7767829703,3.0,19.053737403258268,18.834465413133596,,1,1,0,1,1,0,20.25050569105691,,,,,4.0,9.43612966606916,0.0,0.0,0.0,1.0,0.0,8.55
56.0,6.0,8.0,10.8350484724194,106.683996561903,2.0,11.098013468022373,20.339947871608835,110.2,1,0,0,0,0,0,16.60869960096871,55.64428312159709,0.0,0.0,44.33756805807622,10.0,6.826470292405237,0.0,0.0,1.0,0.0,0.0,10.9
360.0,6.0,18.2,10.8286733001631,106.683718938262,3.0,11.098013468022373,15.288713651298618,2485.5,0,0,0,0,0,1,14.324407498016885,13.576342788171395,0.0,86.42405954536311,0.0,8.0,6.156992708019904,0.0,0.0,0.0,1.0,0.0,52.0
90.0,3.0,6.0,10.8056814121876,106.605051306519,2.0,10.737500000006847,10.067829993435623,1812.7,1,1,1,0,0,0,18.780773771776595,3.242676670160534,0.0,0.0,96.75952998289844,8.0,10.998163007540017,0.0,0.0,0.0,0.0,1.0,9.7
74.0,5.0,7.470000000000001,10.7529650348671,106.67148414808,2.0,29.82381843840417,15.288713651298618,3101.2,1,0,0,1,0,1,37.54099080615944,69.92357796981815,0.0,0.0,30.07545466271121,10.0,4.126383132351944,0.0,0.0,0.0,1.0,0.0,18.5
130.0,7.0,18.2,10.7657820357712,106.673171927885,3.0,24.737282299672927,24.56391683041859,902.0,0,0,0,0,0,1,20.25050569105691,88.26940133037695,0.0,0.0,11.728381374722838,8.0,3.255454989299571,0.0,1.0,0.0,1.0,0.0,48.0
104.0,3.0,18.4,10.8589520810071,106.756438018946,3.0,15.48107692307722,16.151929588086617,,0,1,0,0,0,1,19.567814035091047,,,,,8.0,11.027642578904052,0.0,0.0,0.0,1.0,0.0,8.8
90.0,4.0,12.277777777777777,10.7887880869281,106.661717661135,2.0,19.38917355371901,20.454141465138118,44.5,1,0,0,0,0,1,20.30768956947936,17.775280898876407,0.0,0.0,82.17977528089888,10.0,4.530728463871224,0.0,0.0,0.0,0.0,1.0,14.6
112.0,4.0,9.0,10.6847612977218,106.750116193908,0.0,8.131668552257471,7.431275025157785,,1,1,1,0,0,1,11.761918800261277,,,,,12.0,11.471846362870412,0.0,0.0,0.0,0.0,1.0,6.99
62.0,3.0,5.6,10.7701160473399,106.675180178892,3.0,24.737282299672927,16.924787565129154,559.0,0,0,0,0,0,1,20.25050569105691,90.01431127012522,0.0,0.0,9.923076923076923,10.0,2.9059657542570023,1.0,0.0,0.0,1.0,0.0,19.9
26.0,4.0,4.0,10.8358951174708,106.661224471019,0.0,11.098013468022373,16.924787565129154,1045.9,0,1,0,0,0,0,10.107421869117639,98.80485706090448,0.0,1.1903623673391337,0.0,4.0,7.957698351191082,0.0,0.0,0.0,1.0,0.0,4.2
48.0,4.0,2.0,10.8759582236028,106.74735194876,0.0,15.48107692307722,16.424313862581496,,0,1,1,0,0,0,20.25050569105691,,,,,8.0,12.208888289958182,0.0,0.0,0.0,0.0,1.0,5.5
60.0,3.0,8.0,10.7889916708021,106.800139594908,3.0,19.053737403258268,23.42179327737413,,1,1,1,0,1,0,20.25050569105691,,,,,7.0,10.914291211240092,0.0,0.0,1.0,0.0,0.0,7.6
62.0,2.0,8.0,10.7735749672915,106.643537335567,2.0,13.32081849341783,15.149860937399001,5877.2,1,0,0,0,0,0,20.25050569105691,4.331824678418295,95.66851561968284,0.0,0.0,6.0,6.293609122823456,0.0,0.0,0.0,1.0,0.0,10.6
180.0,4.0,30.0,10.7447529162969,106.610784059887,3.0,10.737500000006847,19.36213730687916,902660.3,1,1,1,1,0,0,21.171574122196656,0.487598712383828,0.0,0.0,0.0,13.0,10.460019023100111,0.0,0.0,0.0,1.0,0.0,43.0
59.0,3.0,4.0,10.8587117136093,106.777685852509,2.0,15.48107692307722,16.99010834230355,,1,0,0,1,0,0,20.25050569105691,,,,,7.0,12.431980905145744,0.0,0.0,0.0,1.0,0.0,7.2
86.0,4.0,12.0,10.6969588629116,106.740769535334,0.0,8.131668552257471,7.431275025157785,5037.1,0,0,0,0,0,0,18.321957535463458,36.529352206626825,17.310754203807747,0.0,46.158900954914536,9.0,9.79939582520332,0.0,0.0,0.0,1.0,0.0,8.8
27.0,2.0,3.0,10.7752479152519,106.671718662511,0.0,24.737282299672927,20.454141465138118,172.0,1,1,1,1,0,0,16.95010834230355,0.0,0.0,0.0,100.0,5.0,3.2105366419839414,0.0,0.0,0.0,1.0,0.0,4.0
80.0,4.0,8.125,10.8360014626884,106.848046240343,3.0,19.053737403258268,25.613782122221185,,0,0,0,0,1,1,22.156780321650697,,,,,9.0,17.381429087342237,0.0,1.0,0.0,1.0,0.0,11.5
716.0,3.0,17.8,10.8464500129607,106.764147804689,0.0,15.48107692307722,23.47132346757169,,0,0,0,0,0,1,19.567814035091047,,,,,13.0,10.430044106828197,0.0,0.0,0.0,1.0,0.0,72.0
66.0,2.0,3.0,10.6917157635831,106.735936691597,0.0,8.131668552257471,7.431275025157785,1010.5,0,0,0,0,0,0,17.25767208576909,0.0,100.0,0.0,0.0,5.0,10.115273659256028,0.0,0.0,0.0,0.0,1.0,5.39
147.0,5.0,17.1,10.7892454098031,106.699177908449,3.0,53.75818181817839,48.487230363696476,79.6,0,0,0,0,0,1,21.249348064673793,0.0,0.0,99.9748743718593,0.0,21.0,1.4877117044835153,0.0,0.0,0.0,1.0,0.0,35.0
140.0,4.0,16.0,10.715708497727,106.631807545187,3.0,9.364834955468142,15.288713651298618,444.7,0,0,1,0,0,0,19.097351273645593,18.293231391949625,0.0,0.0,81.7045199010569,9.0,10.11176379566968,0.0,0.0,0.0,1.0,0.0,17.3
100.0,4.0,20.0,10.795414,106.77576,3.0,38.647438220481845,44.55718221916659,,0,0,0,0,0,0,20.586367962736855,,,,,9.0,8.436034141207372,0.0,1.0,0.0,1.0,0.0,27.0
41.0,2.0,3.0,10.7494458688021,106.63942799982,3.0,12.006306645336863,20.454141465138118,3272.9,0,1,1,1,0,0,18.147843146474766,7.236395856885331,92.76421522197438,0.0,0.0,5.0,7.3556276385274435,0.0,0.0,1.0,0.0,0.0,4.2
95.0,2.0,6.0,10.8078878334204,106.703359785111,2.0,18.827244701348747,41.01013634331939,46.8,1,0,0,0,0,0,42.28415103036848,15.14957264957265,0.0,0.0,84.7863247863248,4.0,3.5543463265481656,0.0,0.0,0.0,0.0,1.0,9.6
177.0,1.0,4.0,10.9065672475182,106.646737980349,3.0,9.79203162611253,17.90785159642303,,0,0,1,0,0,0,20.25050569105691,,,,,3.0,15.685377758590748,0.0,0.0,0.0,1.0,0.0,5.2
97.0,1.0,4.0,10.7843562759744,106.759642801613,3.0,38.647438220481845,23.346267146280812,,1,0,0,0,0,0,19.567814035091047,,,,,2.0,6.461933124561662,0.0,0.0,1.0,0.0,0.0,7.8
146.0,4.0,8.0,10.7580733688594,106.617184965332,0.0,10.737500000006847,8.135783941420566,2655.2,0,1,1,0,0,0,13.472608342303552,32.40396203675806,0.0,0.0,67.59679120216933,12.0,9.380884457879532,0.0,0.0,1.0,0.0,0.0,14.5
69.0,5.0,5.6,10.8120853622268,106.688377144182,0.0,18.827244701348747,15.149860937399001,59.5,1,0,0,0,0,1,20.838172755970227,36.403361344537814,0.0,0.0,63.68067226890757,9.0,4.246346354695473,0.0,0.0,0.0,0.0,1.0,9.5
54.0,5.0,4.0,10.7824069405989,106.608981184399,0.0,10.737500000006847,11.523850027712317,48.0,0,0,0,0,0,0,18.455878219881225,0.0,0.0,0.0,99.97916666666669,11.0,10.087594799131082,0.0,0.0,0.0,0.0,1.0,7.5
48.0,4.0,11.599999999999998,10.7757468543318,106.63908613391,3.0,14.87073929990493,21.72974125281273,89.8,0,0,0,0,0,1,20.25050569105691,83.44097995545658,0.0,0.0,16.525612472160354,7.0,6.774088737666525,0.0,0.0,0.0,0.0,1.0,8.7
45.0,2.0,5.0,10.8051156065463,106.681893841136,0.0,18.63592086332186,15.149860937399001,33.6,1,0,0,0,1,0,12.77062601913981,0.0,0.2083333333333333,0.0,99.76190476190476,5.0,3.8577838107485576,0.0,0.0,0.0,0.0,1.0,7.35
50.0,2.0,6.0,10.7757932580047,106.620280740954,3.0,10.737500000006847,11.523850027712317,55.7,1,1,1,0,0,0,18.06394396884742,22.477558348294433,0.0,0.0,77.4685816876122,8.0,8.828250095189652,0.0,0.0,0.0,1.0,0.0,4.7
52.0,3.0,3.0,10.7493864972042,106.639562408156,2.0,12.006306645336863,20.454141465138118,2750.8,1,1,1,0,0,0,18.147843146474766,68.67347680674712,17.839174058455722,0.0,13.487712665406429,5.0,7.344840310028515,0.0,0.0,1.0,0.0,0.0,6.4
35.0,4.0,4.0,10.8051249632545,106.68208911799,2.0,18.63592086332186,15.149860937399001,14.1,1,0,0,0,0,0,12.77062601913981,15.74468085106383,0.0,0.0,84.60992907801419,7.0,3.847102056913578,0.0,0.0,0.0,0.0,1.0,8.3
263.0,5.0,12.0,10.7934264555922,106.691339305944,2.0,53.75818181817839,34.07029975082686,77.6,1,0,0,0,0,0,26.14981200653238,1.8814432989690724,0.0,0.0,98.1056701030928,9.0,2.211679992992059,0.0,0.0,0.0,1.0,0.0,85.0
25.0,4.0,3.4,10.803390067495,106.711658725605,3.0,18.827244701348747,15.61262632367065,151.4,0,0,1,0,1,1,20.263535304628697,18.20343461030383,0.0,0.0,81.78996036988111,5.0,3.2566929993083416,0.0,0.0,0.0,0.0,1.0,5.38
200.0,8.0,23.9,10.7797170767124,106.686579303672,3.0,54.46617152529408,106.67729565230768,132.2,0,0,0,0,0,1,19.911470140858842,0.0,0.0,99.97730711043872,0.0,12.0,1.639112458480704,0.0,1.0,0.0,1.0,0.0,115.0
70.0,3.0,6.0,10.7567462371929,106.586020568531,2.0,10.737500000006847,13.482984203694478,2068.1,1,1,1,0,0,0,13.472608342303552,0.0,55.96247763647793,0.0,44.03752236352207,6.0,12.752000266112557,0.0,0.0,1.0,0.0,0.0,6.25
84.0,5.0,4.0,10.8356729231004,106.842701196486,0.0,19.053737403258268,21.65981557903033,,0,1,1,1,1,1,19.567814035091047,,,,,11.0,16.829409980998346,0.0,0.0,0.0,1.0,0.0,16.95
1.144,9.0,26.8,10.7316559401263,106.731316297793,3.0,17.789285714285825,18.28632481919144,133.4,0,0,0,0,0,1,8.354727166160457,15.952023988005998,0.0,0.0,84.08545727136432,153.0,5.933718710355571,0.0,0.0,0.0,1.0,0.0,140.0
780.0,11.0,32.0,10.7907921264924,106.637353940447,3.0,14.87073929990493,24.311036457287887,677.0,0,0,0,0,0,1,29.940845325225013,34.68833087149187,55.190546528803544,0.0,10.118168389955686,53.0,7.154701464994712,0.0,1.0,0.0,1.0,0.0,88.0
56.0,2.0,3.0,10.7512712547919,106.722335433897,3.0,17.789285714285825,15.717993526044307,,1,0,0,0,0,0,20.25050569105691,,,,,4.0,3.597506030309757,0.0,0.0,1.0,0.0,0.0,6.3
15.0,2.0,3.2,10.7809780091312,106.676015853344,0.0,54.46617152529408,14.561953480312356,1019.9,0,0,0,0,0,1,14.535280883434632,19.44308265516227,0.0,0.0,80.55593685655457,2.0,2.795372879731785,0.0,0.0,0.0,1.0,0.0,2.4
96.0,3.0,8.0,10.69125,106.721214,3.0,8.131668552257471,13.173106254134565,124636.3,0,0,0,0,0,1,19.32281039637293,6.473475223510326,13.61510250224052,0.0,12.82587015179366,10.0,9.676579764413786,0.0,1.0,0.0,0.0,1.0,11.0
63.0,4.0,12.0,10.8300140004831,106.702755257732,0.0,18.827244701348747,16.235786892588425,1905.3,0,0,1,0,0,0,19.23866524947719,84.7178921954548,0.4099092006508161,0.0,14.871148900435626,9.0,6.008803328309677,0.0,0.0,0.0,0.0,1.0,10.9
64.0,5.0,6.0,10.8476077784879,106.790829776061,0.0,15.48107692307722,19.07305356275716,,1,0,0,0,0,1,20.25050569105691,,,,,8.0,12.627257186505602,0.0,0.0,0.0,0.0,1.0,9.2
56.0,3.0,3.0,10.8293789013136,106.671230449446,2.0,11.098013468022373,14.561953480312356,1668.6,1,0,0,0,0,0,10.107421869117639,25.07371449119022,74.82799952055615,0.0,0.1006832074793239,7.0,6.772999093103856,0.0,0.0,0.0,0.0,1.0,6.3
72.0,3.0,3.0,10.7265013648893,106.733536024408,1.0,17.789285714285825,8.648767860862735,1889.4,0,0,0,0,0,0,8.354727166160457,70.85000529268551,0.0,0.0,29.14999470731449,7.0,6.545971176782016,0.0,0.0,0.0,0.0,1.0,8.8
41.0,3.0,4.225,10.7660600975341,106.670206047344,0.0,24.737282299672927,24.56391683041859,71.0,0,1,0,1,0,1,20.25050569105691,14.309859154929578,0.0,0.0,85.7605633802817,7.0,3.5511131000701788,0.0,0.0,0.0,1.0,0.0,5.1
83.0,4.0,12.0,10.823300389354,106.704589069941,2.0,18.827244701348747,16.235786892588425,974.8,1,1,1,1,1,0,20.251605221005875,48.79154698399672,8.389413212966764,0.0,42.814936397209685,9.0,5.273351877926259,0.0,1.0,0.0,1.0,0.0,12.5
65.0,3.0,5.0,10.7278919785998,106.735985924134,0.0,17.789285714285825,8.648767860862735,16168.8,0,1,1,0,0,0,20.25050569105691,19.041116223838504,18.235366879422095,0.0,62.723393201721834,6.0,6.56808423417751,0.0,0.0,0.0,0.0,1.0,9.5
54.0,2.0,4.0,10.8054471871,106.68168645836,0.0,18.63592086332186,15.149860937399001,52.9,1,0,0,0,0,0,12.77062601913981,17.03213610586011,0.0,0.0,83.00567107750472,6.0,3.901043477001996,0.0,0.0,0.0,0.0,1.0,9.49
127.0,7.0,17.9,10.7876477250195,106.688377508711,3.0,54.46617152529408,106.67729565230768,1337.8,0,0,0,0,0,1,20.25050569105691,80.3438481088354,0.0,0.0,19.654656899387053,10.0,1.8996666942882172,0.0,0.0,0.0,1.0,0.0,125.0
128.0,5.0,14.0,10.8305753710283,106.705723779432,0.0,18.827244701348747,16.235786892588425,36014.6,1,0,0,0,0,0,19.425983461480996,12.228623946954848,87.7714871191128,0.0,0.0,10.0,6.0894826618687325,0.0,0.0,0.0,0.0,1.0,16.7
64.0,5.0,5.0,10.8196302862649,106.674956596717,2.0,11.098013468022373,15.13100312673361,285.7,0,0,0,1,0,0,20.25050569105691,5.187259362968149,0.0,94.8092404620231,0.0,10.0,5.6294630763444875,0.0,0.0,0.0,0.0,1.0,11.4
64.0,4.0,6.0,10.8749669140788,106.658175244287,2.0,8.826587030733174,13.805666803246416,2033.4,1,1,0,0,0,0,18.18659779679914,13.235959476738463,0.0,0.0,86.76354873610701,9.0,11.9615911038848,0.0,0.0,0.0,0.0,1.0,6.95
43.0,4.0,3.9,10.7617290631428,106.678005541584,3.0,29.82381843840417,18.093318479606467,10.4,0,0,0,1,1,1,17.376381907262566,7.019230769230769,0.0,0.0,93.17307692307692,15.0,2.9803418292740216,0.0,0.0,0.0,0.0,1.0,9.29
56.0,4.0,8.0,10.7732037776844,106.655044652219,3.0,13.32081849341783,15.923197269929185,153.9,1,0,1,1,0,0,20.25050569105691,17.816764132553605,0.0,0.0,82.16374269005848,9.0,5.040435825424638,0.0,0.0,0.0,1.0,0.0,15.5
72.0,1.0,20.0,10.7938630143229,106.620661513549,3.0,14.87073929990493,9.35870800879073,219.4,1,1,1,0,0,0,19.29975834306553,14.690063810391976,0.0,0.0,85.29626253418414,3.0,9.008077962424696,0.0,0.0,1.0,0.0,0.0,12.3
45.0,3.0,7.0,10.7634097072863,106.642422275656,0.0,13.32081849341783,14.561953480312356,4763.5,1,0,0,0,1,0,9.90181956943871,13.250131206045973,86.74965886428045,0.0,0.0,8.0,6.560847101483423,0.0,0.0,0.0,1.0,0.0,7.5
61.0,4.0,15.466666666666669,10.778753094071,106.761602434665,0.0,38.647438220481845,32.180605395627865,,1,0,0,0,0,1,20.25050569105691,,,,,10.0,6.61598367974164,1.0,0.0,0.0,1.0,0.0,11.5
60.0,2.0,3.0,10.8164203665899,106.603556175715,0.0,10.737500000006847,10.067829993435623,1520.9,0,0,0,0,0,0,20.25050569105691,95.20284042343349,0.0,0.0,4.799789598264185,5.0,11.563606021358712,0.0,0.0,0.0,0.0,1.0,4.2
87.0,3.0,8.0,10.7802351805258,106.760050412267,3.0,38.647438220481845,32.180605395627865,,1,0,0,0,0,0,19.567814035091047,,,,,6.0,6.456545936630841,0.0,0.0,1.0,0.0,0.0,7.5
84.0,5.0,4.0,10.7999182062934,106.6737475314,3.0,18.63592086332186,23.820911987062647,579606.9,1,0,0,0,0,0,20.342567872241002,13.500874471991276,85.7039676373763,0.0,0.1408420086096283,12.0,3.999968904027141,0.0,0.0,0.0,0.0,1.0,16.79
60.0,1.0,2.0,10.8529489485317,106.719957376625,0.0,15.48107692307722,17.78611714762465,,1,1,1,1,0,0,20.25050569105691,,,,,3.0,8.80072716552733,0.0,0.0,0.0,1.0,0.0,3.8
40.0,2.0,7.181818181818182,10.7767090202741,106.651398531346,0.0,19.38917355371901,24.56391683041859,666.2,0,1,1,0,0,1,19.567814035091047,98.29780846592614,0.0,0.0,1.7021915340738516,4.0,5.429660060250081,0.0,0.0,1.0,0.0,0.0,5.5
37.0,5.0,5.0,10.8054488300738,106.682169600556,0.0,18.63592086332186,15.149860937399001,947.1,0,0,0,0,0,0,12.77062601913981,79.44884383908774,0.0,0.0,20.554323725055433,8.0,3.872765102163784,0.0,0.0,0.0,0.0,1.0,8.65
279.0,1.0,20.0,10.8429524482172,106.820171608213,3.0,19.053737403258268,21.65981557903033,,0,0,1,0,0,0,20.25050569105691,,,,,8.0,14.98534572856592,0.0,0.0,0.0,1.0,0.0,39.0
49.0,3.0,6.0,10.805918558762,106.711701350784,0.0,18.827244701348747,23.596282954466844,366.2,1,1,1,0,0,0,20.263535304628697,13.97596941561988,0.0,0.0,86.02949208083017,6.0,3.5225618353009525,0.0,0.0,0.0,0.0,0.0,8.7
95.0,3.0,8.05,10.7569167434855,106.678182905437,3.0,29.82381843840417,15.13100312673361,2191.4,0,1,1,1,0,1,72.86150756189254,77.6042712421283,0.0,0.0,22.393447111435613,10.0,3.28173219995323,0.0,0.0,0.0,1.0,0.0,50.6
68.0,3.0,6.0,10.778373449169,106.613703727454,3.0,10.737500000006847,11.523850027712317,80.1,1,1,1,0,0,0,21.09482090226569,75.06866416978777,0.0,0.0,24.91885143570537,7.0,9.550260754588695,0.0,0.0,1.0,0.0,0.0,6.85
50.0,4.0,5.333333333333334,10.87904,106.5525,0.0,9.79203162611253,14.844224781192123,34049.8,0,0,0,0,0,1,19.567814035091047,0.0,10.637712996845796,89.36234574065045,0.0,8.0,19.86625787576402,0.0,1.0,0.0,1.0,0.0,5.5
41.0,4.0,4.0,10.8083208666934,106.688183418818,3.0,18.827244701348747,20.339947871608835,1199.9,0,0,0,0,0,0,25.38415763254146,95.86632219351613,0.0,0.0,4.134511209267439,7.0,3.8609256583251894,0.0,0.0,1.0,0.0,0.0,8.6
329.0,3.0,10.2,10.8052665980474,106.740492743873,0.0,38.647438220481845,58.28290665694527,,0,0,0,0,0,1,20.25050569105691,,,,,10.0,5.394878680662529,0.0,1.0,0.0,1.0,0.0,45.0
15.0,2.0,3.0,10.7748983691264,106.660091978983,3.0,24.737282299672927,15.61262632367065,132485.0,1,0,1,0,1,0,19.759740783443462,0.9920443823829111,0.0,99.00736687172132,0.0,4.0,4.481156083787825,0.0,0.0,1.0,0.0,0.0,2.65
104.0,3.0,18.4,10.866139836655,106.614506532916,3.0,8.826587030733174,11.964993989558423,6223.6,0,0,0,0,0,1,21.19814232501748,84.6150138183688,2.0727553184651972,0.0,12.930618934378815,8.0,13.780689201170514,1.0,0.0,0.0,1.0,0.0,10.15
55.0,2.0,6.0,10.8053535364429,106.681788052945,0.0,18.63592086332186,15.149860937399001,1098.4,1,0,0,0,0,0,12.77062601913981,71.61871813546976,0.0,0.0,28.376729788783685,6.0,3.886272624899066,0.0,0.0,0.0,1.0,0.0,9.8
188.0,3.0,12.0,10.8079293291623,106.68836427816,3.0,19.38917355371901,20.454141465138118,112.6,0,0,0,0,0,1,24.873898992866078,0.0,0.0,0.0,100.0,10.0,3.813181858766102,0.0,0.0,0.0,1.0,0.0,45.9
367.0,4.0,36.2,10.8039712905884,106.61735534668,3.0,14.87073929990493,17.8318693459886,2574.2,0,0,0,0,1,1,20.902681260504874,22.13386683241395,77.86496775697304,0.0,0.0,14.0,9.661659474640022,0.0,1.0,1.0,0.0,0.0,23.0
93.0,1.0,4.0,10.7927828407964,106.615391457867,2.0,14.87073929990493,9.35870800879073,20922.4,1,1,0,0,0,0,20.25050569105691,8.368590601460635,91.59312507169348,0.0,0.0,4.0,9.546215372456636,0.0,0.0,0.0,1.0,0.0,6.5
138.0,4.0,6.0,10.7476226589953,106.685426398336,3.0,9.364834955468142,18.83383064658232,1309.7,1,1,0,0,0,0,17.700526196299407,82.73421394212414,0.0,0.0,17.268076658776817,16.0,3.5900118966426593,0.0,0.0,0.0,1.0,0.0,9.5
31.0,2.0,3.0,10.8484668075213,106.647732299081,3.0,11.098013468022373,15.61262632367065,6457.2,0,1,1,1,1,0,11.178588935354508,4.486154989778852,0.0,92.17183918726384,3.342005822957319,5.0,9.945155820592689,0.0,0.0,1.0,0.0,0.0,4.8
52.0,3.0,8.0,10.8479853370775,106.759729821467,0.0,15.48107692307722,15.706358342303552,,0,0,0,0,0,0,19.567814035091047,,,,,6.0,10.250691199647584,0.0,0.0,0.0,0.0,1.0,7.7
100.0,1.0,7.0,10.678236,106.75385,0.0,8.131668552257471,11.712567766934,7857.1,0,1,1,0,0,0,8.354727166160457,84.46347889170305,0.0,0.0,15.53703020198292,4.0,12.303988502954208,0.0,0.0,0.0,0.0,1.0,5.9
56.0,5.0,6.0,10.8056300900381,106.604786877764,0.0,10.737500000006847,10.067829993435623,1812.7,1,1,1,0,0,0,20.25050569105691,3.242676670160534,0.0,0.0,96.75952998289844,11.0,11.024012380176613,0.0,0.0,0.0,0.0,1.0,8.4
124.0,2.0,5.7,10.766677642407,106.659374551014,3.0,24.737282299672927,15.61262632367065,211.0,0,0,0,1,0,1,23.072180951086057,3.81042654028436,0.0,0.0,96.25592417061613,10.0,4.674301446242882,0.0,0.0,0.0,1.0,0.0,56.0
190.0,1.0,4.0,10.7393429375499,106.706831545983,3.0,17.789285714285825,34.311080856230646,,0,1,0,0,0,0,22.174529617989272,,,,,12.0,4.12388737036913,0.0,0.0,0.0,1.0,0.0,14.9
80.0,2.0,10.0,10.7580225169831,106.604569057223,0.0,10.737500000006847,13.482984203694478,445.3,1,1,1,1,0,1,18.189881456227656,10.44913541432742,0.0,0.0,89.5576016168875,5.0,10.732589167697652,0.0,0.0,0.0,1.0,0.0,8.1
74.0,4.0,12.0,10.8118516208175,106.708962660079,3.0,18.827244701348747,20.47473566303819,79.9,1,0,0,0,0,0,18.78482813097723,14.618272841051311,0.0,0.0,85.40675844806006,9.0,4.077977314214258,0.0,0.0,0.0,0.0,1.0,12.7
261.0,7.0,26.4,10.8459040445004,106.795975178462,3.0,19.053737403258268,19.07305356275716,,0,0,0,0,0,1,21.311911870649638,,,,,30.0,12.95370237420996,0.0,0.0,0.0,1.0,0.0,50.0
65.0,5.0,30.0,10.7931825251591,106.687208180764,0.0,53.75818181817839,34.07029975082686,73.1,0,0,0,0,0,0,19.211286203635318,0.0,0.0,0.0,100.0,9.0,2.4398734891942113,0.0,0.0,0.0,1.0,0.0,26.0
83.0,3.0,8.0,10.8003193887847,106.80829320471,0.0,19.053737403258268,12.780266996675284,,0,0,1,0,0,0,18.852521452227894,,,,,8.0,12.016895774252385,0.0,0.0,1.0,0.0,0.0,4.5
130.0,2.0,10.0,10.7979476884217,106.704641396004,3.0,18.827244701348747,15.923197269929185,11203.2,0,0,0,0,0,1,19.911470140858842,85.561000428449,12.784740074264494,1.6542594972864897,0.0,11.0,2.47093844270102,0.0,0.0,1.0,0.0,0.0,15.5
87.0,2.0,5.0,10.8863427526805,106.768202970068,3.0,15.48107692307722,14.196219758981544,,1,0,0,0,0,0,17.02299287958239,,,,,6.0,14.291609106828425,0.0,0.0,0.0,1.0,0.0,5.2
55.0,5.0,8.0,10.802254577988,106.719320468552,2.0,18.827244701348747,23.596282954466844,718.2,1,0,0,0,0,0,20.25050569105691,81.11946532999164,0.0,0.0,18.87357282094124,11.0,3.533226309798272,0.0,0.0,0.0,1.0,0.0,13.5
118.0,5.0,8.0,10.7711818701706,106.690886912489,2.0,53.75818181817839,80.81249751703449,3041.8,1,0,0,0,0,0,24.269797544088476,95.93628772437371,0.3698468012361101,3.6935367216779538,0.0,23.0,1.2375990437915063,1.0,0.0,0.0,1.0,0.0,35.0
29.0,2.0,3.0,10.7514980522119,106.701918349037,3.0,17.789285714285825,17.287883938053668,119958.53,0,0,0,0,0,0,13.55522012715968,0.0,0.0,0.0,100.0,4.0,2.7259584974780124,0.0,0.0,0.0,1.0,0.0,3.95
105.0,3.0,11.6,10.769905,106.553215,0.0,13.123347608580726,18.84067329147945,4848.6,0,0,1,0,1,1,20.25050569105691,97.785133853071,0.5562430392278183,1.5880872829270305,0.0,7.0,16.168455319284373,0.0,1.0,0.0,1.0,0.0,10.0
53.0,4.0,5.0,10.8084037123674,106.687942323559,3.0,18.827244701348747,20.339947871608835,1054.5,1,1,0,0,0,1,24.873898992866078,87.72403982930298,0.0,0.0,12.275960170697012,7.0,3.8791812576157567,0.0,0.0,1.0,0.0,0.0,9.2
53.0,4.0,5.0,10.8428774770267,106.642857275181,0.0,11.098013468022373,15.61262632367065,1645.3,0,1,1,1,1,1,10.107421869117639,10.49109584878138,0.0,0.0,89.51011973500273,9.0,9.786100598289794,0.0,0.0,0.0,0.0,1.0,7.6
55.0,2.0,6.166666666666666,10.8057857524285,106.682393591102,2.0,18.63592086332186,15.149860937399001,996.1,1,0,0,0,1,1,12.77062601913981,8.027306495331793,91.96867784359,0.0,0.0,6.0,3.891591446070682,1.0,0.0,0.0,0.0,1.0,9.5
96.0,5.0,7.0,10.7662045567229,106.600421658011,3.0,10.737500000006847,11.79885823719474,264.6,1,0,0,0,0,0,13.629868366546333,56.57596371882085,43.43915343915343,0.0,0.0,13.0,11.051489961213804,0.0,0.0,0.0,0.0,1.0,9.2
29.0,2.0,3.0,10.7543838071531,106.651879400819,3.0,29.82381843840417,15.923197269929185,3708.5,1,1,0,0,0,0,20.25050569105691,79.89483618713766,0.0,0.0,20.105433463664554,4.0,5.889557679258058,0.0,0.0,0.0,0.0,1.0,5.35
263.0,5.0,8.0,10.793652987911,106.69181891548,2.0,53.75818181817839,34.07029975082686,162.0,0,0,0,0,0,0,26.14981200653238,0.0,0.0,0.0,100.0,18.0,2.209257192402582,0.0,0.0,0.0,1.0,0.0,85.0
63.0,5.0,12.0,10.8808979103056,106.679736860096,3.0,8.826587030733174,8.427513172672999,1889.7,1,0,0,0,0,0,17.507940897797152,97.00534476371912,0.0,0.0,2.9962427898608244,9.0,11.89517946123532,0.0,0.0,0.0,1.0,0.0,5.75
78.0,3.0,4.0,10.8116240809639,106.72816710299,3.0,38.647438220481845,58.28290665694527,,0,0,0,0,0,0,20.25050569105691,,,,,10.0,4.942872074656882,0.0,0.0,0.0,1.0,0.0,16.9
27.0,4.0,12.0,10.7441647835323,106.684190951546,3.0,9.364834955468142,15.13100312673361,152.4,0,1,0,0,0,0,16.644438696094667,6.758530183727034,0.0,0.0,93.20866141732284,7.0,3.9928596467779585,0.0,0.0,1.0,0.0,0.0,7.35
94.0,2.0,5.7,10.8487844765164,106.631085969411,3.0,8.826587030733174,15.500554052311237,296.3,1,1,1,0,0,1,20.25050569105691,39.19338508268647,0.0,0.0,60.8032399595005,6.0,11.134514227063862,0.0,0.0,0.0,1.0,0.0,6.8
48.0,2.0,8.0,10.7440570857108,106.69696642212,0.0,17.789285714285825,17.287883938053668,498563.61,1,0,0,0,0,1,19.567814035091047,95.4990898754123,0.0,0.1154456499542756,4.385462468871324,5.0,3.58047781793709,0.0,0.0,0.0,0.0,1.0,5.1
52.0,2.0,4.0,10.7648238585238,106.616205171925,1.0,10.737500000006847,8.135783941420566,764.5,1,0,0,0,0,0,13.472608342303552,47.42838456507521,0.0,0.0,52.57684761281883,6.0,9.356477363622483,0.0,0.0,1.0,0.0,0.0,5.35
52.0,4.0,11.400000000000002,10.8374796835266,106.611586186401,0.0,8.826587030733174,15.780638971822933,521.4,0,0,0,0,0,1,20.25050569105691,0.0,0.0,0.0,99.99808208668968,9.0,11.929917891374538,0.0,0.0,0.0,0.0,1.0,7.3
36.0,2.0,4.0,10.779719231487,106.761329473009,3.0,38.647438220481845,32.180605395627865,,0,1,1,0,0,1,20.25050569105691,,,,,4.0,6.592055574478138,0.0,0.0,1.0,0.0,0.0,4.7
14.0,2.0,3.0,10.8021603875691,106.687804568849,3.0,18.63592086332186,15.288713651298618,40.4,1,0,0,0,0,0,17.84317339376276,0.0,0.0,0.0,99.97524752475248,3.0,3.2512683658097594,0.0,0.0,0.0,0.0,1.0,2.3
76.0,3.0,4.5,10.7896524044102,106.733557373897,0.0,38.647438220481845,24.61928661725888,,0,0,0,0,0,1,18.455878219881225,,,,,8.0,3.856710460116844,0.0,0.0,1.0,0.0,0.0,9.15
50.0,4.0,7.0,10.7935641305551,106.82207012453,2.0,15.48107692307722,12.780266996675284,,1,0,1,0,1,0,20.25050569105691,,,,,8.0,13.35722864733069,0.0,0.0,0.0,0.0,1.0,5.79
51.0,2.0,6.0,10.775715869452,106.618488735381,3.0,10.737500000006847,8.135783941420566,63.9,1,0,0,0,0,0,17.352177179339265,13.192488262910798,0.0,0.0,86.76056338028168,5.0,9.024024770557212,0.0,0.0,0.0,0.0,1.0,5.35
74.0,4.0,12.0,10.8737495484984,106.640505575604,3.0,8.826587030733174,11.964993989558423,975.1,1,1,0,0,0,0,20.25050569105691,6.263972925853759,0.0,0.0,93.73602707414624,10.0,12.725456965379047,0.0,0.0,0.0,1.0,0.0,4.8
36.0,2.0,6.0,10.7918050675216,106.627607799703,2.0,14.87073929990493,9.35870800879073,3106.0,1,1,1,0,0,0,20.25050569105691,49.12137797810689,0.0,0.0,50.878943979394734,4.0,8.217763678458878,0.0,0.0,1.0,0.0,0.0,4.65
30.0,4.0,4.4,10.7954394588923,106.679817856192,3.0,18.63592086332186,15.923197269929185,59.2,0,0,0,0,0,1,20.25050569105691,22.719594594594593,0.0,0.0,77.36486486486486,8.0,3.17433876678656,0.0,0.0,0.0,0.0,1.0,6.0
500.0,3.0,20.0,10.773036276589,106.686690388513,0.0,54.46617152529408,106.67729565230768,37.7,0,0,0,0,0,1,33.51253090281875,0.0,0.0,0.0,99.89389920424402,9.0,1.6081570612740164,0.0,0.0,0.0,1.0,0.0,280.0
35.0,2.0,5.666666666666666,10.7958380654675,106.671500529739,3.0,18.63592086332186,14.561953480312356,34.1,1,0,0,0,0,1,19.111424974759938,0.0,0.0,0.0,100.0,4.0,3.9139891869812304,1.0,0.0,0.0,1.0,0.0,4.3
582.0,5.0,12.4,10.7964374545885,106.729857100342,3.0,38.647438220481845,24.61928661725888,,0,0,0,0,1,1,20.25050569105691,,,,,82.0,3.877016687644818,0.0,0.0,0.0,1.0,0.0,160.0
170.0,3.0,12.2,10.7661487715018,106.667650943307,3.0,24.737282299672927,24.56391683041859,220.0,0,0,0,0,0,1,20.25050569105691,12.459090909090907,0.0,0.0,87.37727272727273,16.0,3.814503577326267,0.0,0.0,0.0,1.0,0.0,37.0
60.0,4.0,7.25,10.7641464769342,106.630333462259,0.0,13.32081849341783,18.83383064658232,589.8,1,0,0,0,0,1,20.25050569105691,4.22346558155307,0.0,0.0,95.77653441844691,8.0,7.841831881166147,0.0,1.0,0.0,0.0,1.0,8.8
138.0,4.0,15.0,10.6928357691972,106.740820682453,3.0,8.131668552257471,7.431275025157785,1136.2,1,0,0,0,0,0,8.354727166160457,89.45696180249956,0.0,0.0,10.54215807076219,17.0,10.214988078840904,0.0,0.0,0.0,0.0,1.0,17.5
63.0,2.0,6.0,10.8478321413421,106.716372855484,3.0,15.48107692307722,17.78611714762465,,0,0,0,0,0,0,19.567814035091047,,,,,8.0,8.159699020999629,0.0,0.0,0.0,1.0,0.0,6.45
80.0,2.0,6.0,10.8337612807843,106.682850881945,0.0,11.098013468022373,15.288713651298618,6381.3,0,0,0,0,1,1,20.25050569105691,91.08896306395248,3.394762822622349,0.0,5.517057652829361,9.0,6.724942038762136,0.0,1.0,0.0,1.0,0.0,14.5
61.0,4.0,5.0,10.7281114284367,106.612313929131,0.0,10.737500000006847,13.181777405603473,5049.1,0,1,1,1,1,0,20.25050569105691,43.901487393792955,23.072824859876015,0.0,33.026083856528885,9.0,11.064828008313668,0.0,0.0,0.0,0.0,1.0,8.9
34.0,4.0,3.0,10.7551583197291,106.629571151396,0.0,12.006306645336863,16.235786892588425,2065.5,1,0,0,0,0,0,20.25050569105691,75.21036068748487,0.0,0.0,24.792060033890102,7.0,8.150092483293268,0.0,0.0,0.0,0.0,1.0,5.79
63.0,3.0,6.0,10.7408887706052,106.629501819227,3.0,12.006306645336863,14.561953480312356,1701.8,0,1,1,1,1,0,20.25050569105691,65.47420378422846,4.320131625337877,0.0,30.206252203549184,9.0,8.741696867927642,0.0,0.0,1.0,0.0,0.0,9.1
186.0,1.0,12.0,10.7748853558729,106.761615438318,3.0,38.647438220481845,32.180605395627865,,0,0,0,0,0,0,19.11407196751205,,,,,6.0,6.611522117494124,0.0,0.0,0.0,0.0,1.0,11.9
24.0,2.0,4.666666666666666,10.7925723685788,106.606806169747,3.0,10.737500000006847,10.067829993435623,2038.6,0,0,0,0,0,1,18.057974719109087,79.9558520553321,0.0,20.044147944667912,0.0,4.0,10.463363810653592,0.0,0.0,0.0,1.0,0.0,2.98
70.0,7.0,18.0,10.7558903811383,106.656066435183,3.0,29.82381843840417,15.923197269929185,2947.7,0,1,0,1,0,0,20.25050569105691,83.83824676866709,0.0,0.0,16.16243172643078,15.0,5.40372377626676,0.0,0.0,0.0,0.0,1.0,22.0
58.0,4.0,6.0,10.8133886876164,106.689892343113,0.0,18.827244701348747,16.924787565129154,988.5,1,0,0,0,0,0,17.40171754184511,84.7364693980779,0.0,0.0,15.268588770864946,8.0,4.333920325664515,0.0,0.0,0.0,0.0,1.0,9.0
45.0,3.0,3.0,10.802434179919,106.678235380284,0.0,18.63592086332186,24.56391683041859,58.9,1,0,0,0,0,0,20.25050569105691,0.0,0.0,0.0,100.0,8.0,3.8570966709271026,0.0,0.0,0.0,1.0,0.0,7.39
57.0,3.0,5.0,10.8353159414775,106.753781462546,0.0,15.48107692307722,15.706358342303552,,0,0,1,0,0,0,18.06394396884742,,,,,8.0,8.752792035233705,0.0,0.0,0.0,0.0,1.0,7.5
72.0,3.0,7.0,10.7965167618534,106.675649605645,3.0,18.63592086332186,23.820911987062647,75.7,0,0,0,0,0,1,20.25050569105691,34.01585204755614,0.0,0.0,65.94451783355349,5.0,3.596214046021316,0.0,0.0,0.0,1.0,0.0,18.5
33.0,3.0,3.0,10.8025671941664,106.681448507541,0.0,18.63592086332186,15.13100312673361,49.1,1,0,0,0,0,0,21.719959264527965,0.0,0.1629327902240326,0.0,99.79633401221996,7.0,3.651638737008096,0.0,0.0,0.0,1.0,0.0,7.3
180.0,4.0,30.0,10.7517750044642,106.701965705129,2.0,17.789285714285825,17.287883938053668,498563.61,1,0,0,0,0,1,13.55522012715968,95.4990898754123,0.0,0.1154456499542756,4.385462468871324,14.0,2.6953561072992125,0.0,1.0,0.0,1.0,0.0,22.0
710.0,3.0,6.0,10.8122729733641,106.687940800439,2.0,18.827244701348747,15.149860937399001,66.2,1,0,0,0,0,0,20.838172755970227,0.0,99.93957703927492,0.0,0.0,28.0,4.2818270558291935,0.0,0.0,1.0,0.0,0.0,53.2
144.0,2.0,8.0,10.726923,106.7111,0.0,17.789285714285825,34.311080856230646,921306.6,0,1,1,0,1,0,20.25050569105691,18.16232837146722,22.868941783332502,0.0,58.968724418125305,8.0,5.565383132355972,0.0,0.0,0.0,0.0,1.0,60.0
23.0,4.0,4.0,10.756662811617,106.652791706602,2.0,29.82381843840417,15.923197269929185,2068.0,1,1,1,0,0,0,20.25050569105691,82.76257253384914,13.997582205029016,0.0,3.2388781431334626,5.0,5.698327321608191,0.0,0.0,0.0,1.0,0.0,6.08
169.0,3.0,19.2,10.8073961014443,106.787181388759,0.0,15.48107692307722,20.177656837434043,,0,1,1,0,1,1,20.87381731865282,,,,,8.0,10.029719033322085,0.0,0.0,0.0,0.0,1.0,25.0
216.0,1.0,10.0,10.8353802654578,106.624284798552,3.0,8.826587030733174,15.500554052311237,1573.3,1,0,0,0,0,1,20.25050569105691,36.09991737113074,0.0,0.0,63.89881141549609,4.0,10.676563248327644,0.0,1.0,0.0,1.0,0.0,10.9
64.0,4.0,6.0,10.8058524328386,106.622476534522,0.0,14.87073929990493,17.8318693459886,4582.3,0,1,0,0,0,0,20.25050569105691,0.0,80.22325033280231,0.0,19.777404360255765,9.0,9.20713368116219,0.0,0.0,0.0,1.0,0.0,8.7
119.0,5.0,12.0,10.8010652406407,106.656418550514,3.0,19.38917355371901,18.093318479606467,2838.1,0,1,0,0,0,1,28.509028490145873,97.20023959691343,0.0,0.0,2.801169796694972,16.0,5.620292502404767,0.0,0.0,0.0,1.0,0.0,29.0
200.0,6.0,17.633333333333333,10.7610269596079,106.660288947923,3.0,19.38917355371901,15.288713651298618,881.4,0,0,0,0,0,1,23.072180951086057,51.18447923757658,48.81552076242342,0.0,0.0,12.0,4.758818441714345,0.0,0.0,0.0,1.0,0.0,70.0
64.0,3.0,7.0,10.7844151290383,106.642187749648,0.0,19.38917355371901,24.56391683041859,662.7,1,1,1,1,1,0,22.259407193155763,94.3654745737136,5.629998491021579,0.0,0.0,9.0,6.502809985901245,0.0,0.0,0.0,1.0,0.0,12.0
98.0,2.0,6.35,10.7929298565301,106.68372548809,3.0,18.63592086332186,15.081788755498186,2361.5,0,1,0,0,0,1,20.25050569105691,83.70442515350413,0.0,3.130637306796528,13.16536099936481,6.0,2.6731327415693444,0.0,0.0,1.0,0.0,0.0,17.8
126.0,3.0,7.0,10.7263497261029,106.693565803492,0.0,17.789285714285825,34.311080856230646,158524.4,0,0,1,0,1,1,22.10413068261712,11.207366184637822,13.275647155895244,0.0,75.51697404311261,11.0,5.5818728943709495,0.0,0.0,0.0,1.0,0.0,21.5
58.0,4.0,12.3,10.7834362375939,106.661601841023,3.0,24.737282299672927,15.923197269929185,3736.0,0,0,0,0,1,1,20.25050569105691,13.940042826552462,86.06183083511777,0.0,0.0,20.0,4.393012083530295,0.0,0.0,0.0,1.0,0.0,16.9
65.0,2.0,5.5,10.8436389015568,106.634181166187,2.0,8.826587030733174,15.500554052311237,4426.6,1,0,0,0,0,1,19.567814035091047,32.20417476166809,67.73234536664707,0.0,0.0,5.0,10.48753451720947,0.0,0.0,0.0,1.0,0.0,4.35
36.0,2.0,3.0,10.8314197322681,106.670563331608,0.0,11.098013468022373,14.561953480312356,70991.2,0,0,0,0,0,0,10.107421869117639,5.3839208239894525,94.48747168663158,0.0,0.1286356618848533,4.0,7.007108004870005,0.0,0.0,0.0,1.0,0.0,4.18
69.0,4.0,12.0,10.8736509576541,106.630961645774,3.0,8.826587030733174,9.23912502081522,,0,0,1,0,1,0,17.937494731808936,,,,,9.0,13.288413930878214,0.0,0.0,0.0,1.0,0.0,8.9
115.0,4.0,8.0,10.7876941039394,106.678338249615,0.0,54.46617152529408,16.235786892588425,1784.2,1,1,0,0,0,0,24.641850909075103,89.4804394126219,0.0,0.0,10.520121062661136,9.0,2.805812715427193,0.0,0.0,0.0,0.0,1.0,24.9
163.0,4.0,8.0,10.8505668528113,106.695380870075,0.0,8.826587030733174,13.645852307543556,13438.3,0,0,0,0,0,0,18.58320168788192,8.11769345824993,0.0,0.0,91.881934470878,44.0,8.314951661270939,0.0,0.0,0.0,0.0,1.0,21.0
48.0,2.0,8.0,10.7658842746335,106.644873221442,2.0,13.32081849341783,15.61262632367065,3191.2,1,0,0,0,0,0,20.25050569105691,93.48489596390073,0.0,0.0,6.5135372273752825,5.0,6.244131178663712,0.0,0.0,0.0,0.0,1.0,7.4
65.0,5.0,6.0,10.8379279759456,106.636602423273,2.0,11.098013468022373,20.454141465138118,1849.6,1,0,0,0,0,0,10.818659325601992,97.26589532871974,0.0,0.0,2.734645328719723,10.0,9.851118877881786,0.0,0.0,0.0,0.0,1.0,8.0
60.0,2.0,8.75,10.7982539797659,106.691430672027,0.0,18.63592086332186,15.288713651298618,,1,1,0,0,0,1,20.25050569105691,,,,,6.0,2.6905046708227585,0.0,0.0,0.0,0.0,1.0,7.55
46.0,4.0,6.0,10.8013419917723,106.656396212911,2.0,19.38917355371901,18.093318479606467,,1,1,1,0,0,0,28.509028490145873,,,,,9.0,5.637727683706548,0.0,0.0,0.0,1.0,0.0,10.2
96.0,3.0,8.0,10.7899204613288,106.646524532946,3.0,19.38917355371901,16.924787565129154,113.4,1,0,0,0,0,1,20.25050569105691,1.5696649029982364,0.0,98.4567901234568,0.0,10.0,6.159041659556069,0.0,1.0,0.0,1.0,0.0,17.5
38.0,2.0,3.0,10.7436637533669,106.684627811567,0.0,9.364834955468142,15.13100312673361,70.2,1,1,1,0,0,0,16.644438696094667,0.0,0.0,0.0,99.92877492877491,4.0,4.020751894436725,0.0,0.0,0.0,0.0,1.0,4.68
75.0,3.0,12.0,10.7348160215692,106.613154329177,3.0,10.737500000006847,19.36213730687916,14190.3,0,1,1,1,0,0,20.089660861147053,98.00116981318224,0.0,0.0,1.9990415988386436,6.0,10.64293018100718,0.0,0.0,1.0,0.0,0.0,6.8
90.0,3.0,12.0,10.727949736475916,106.73541272133755,0.0,17.789285714285825,8.648767860862735,16168.8,0,1,0,0,0,0,19.567814035091047,19.041116223838504,18.235366879422095,0.0,62.723393201721834,8.0,6.526691181547381,0.0,0.0,0.0,1.0,0.0,9.9
140.0,4.0,25.0,10.8449171664143,106.718240081853,0.0,15.48107692307722,17.78611714762465,,0,0,0,0,0,0,20.25050569105691,,,,,14.0,7.888591004776257,0.0,0.0,0.0,1.0,0.0,29.0
43.0,4.0,2.0,10.7155348360801,106.631845233598,3.0,9.364834955468142,15.288713651298618,367.8,0,0,0,0,0,0,19.097351273645593,15.486677542142468,0.0,0.0,84.5241979336596,7.0,10.121500489665015,0.0,0.0,1.0,0.0,0.0,5.2
42.0,3.0,10.0,10.7645443832185,106.651487352581,3.0,13.32081849341783,16.924787565129154,471.1,0,0,0,0,0,0,20.25050569105691,88.42071746975164,0.0,0.0,11.583527913394184,6.0,5.567181239793455,0.0,0.0,0.0,1.0,0.0,6.3
48.0,3.0,6.0,10.7720640253178,106.646025060065,0.0,13.32081849341783,15.149860937399001,1148.6,1,0,1,0,0,0,9.90181956943871,99.82152185269022,0.0,0.0,0.1793487724185965,7.0,6.031998037038074,0.0,0.0,0.0,1.0,0.0,6.85
59.0,2.0,5.0,10.7896526653665,106.679030979104,3.0,54.46617152529408,15.61262632367065,41.0,1,1,1,1,1,0,24.641850909075103,0.0,0.0,0.0,100.0,5.0,2.84882565821885,0.0,0.0,0.0,0.0,1.0,12.0
30.0,2.0,4.0,10.7876563051631,106.686017334994,3.0,54.46617152529408,106.67729565230768,3286.7,0,1,1,0,0,0,75.75321427483613,93.46304804210912,0.0,0.0,6.53634344479265,4.0,2.096239109500287,0.0,0.0,1.0,0.0,0.0,5.7
85.0,3.0,9.8,10.817515799509698,106.68903440237044,3.0,11.098013468022373,18.83383064658232,615.9,1,1,0,0,0,1,19.567814035091047,44.46013963305732,0.0,55.5349894463387,0.0,9.0,4.800778030579078,0.0,0.0,0.0,0.0,1.0,7.9
127.0,2.0,9.0,10.6781284790164,106.703209723238,0.0,8.131668552257471,11.187905093453665,10949.0,0,0,1,0,0,1,17.842956174323437,21.83678874783085,2.69239199926934,0.0,75.4708192528998,9.0,10.885257148038823,0.0,0.0,0.0,1.0,0.0,5.8
427.0,4.0,30.0,10.835965105565789,106.84268119309388,0.0,19.053737403258268,21.65981557903033,,0,0,1,1,1,1,22.156780321650697,,,,,13.0,16.84023273885938,0.0,0.0,0.0,1.0,0.0,62.9
35.0,3.0,8.666666666666666,10.8044243076194,106.700073351748,3.0,18.827244701348747,15.61262632367065,765.4,0,1,0,0,0,1,20.25050569105691,87.7149203031095,0.0,0.0,12.290305722498038,5.0,3.162627536552045,0.0,0.0,0.0,1.0,0.0,6.45
200.0,4.0,5.0,10.826965301193,106.625715833013,2.0,8.826587030733174,15.500554052311237,546.3,0,0,0,0,0,0,17.16889699849127,29.05180303862347,0.0,0.0,70.93904448105438,12.0,9.995581472092224,0.0,0.0,0.0,1.0,0.0,10.8
90.0,3.0,6.0,10.8096414032424,106.670822935189,2.0,19.38917355371901,20.918551142754602,993.6,1,0,0,0,0,0,20.25050569105691,0.0,0.0,99.15157004830915,0.0,12.0,4.993011208551869,0.0,0.0,0.0,1.0,0.0,16.5
107.0,5.0,6.7,10.8088644282294,106.696717832121,0.0,18.827244701348747,15.61262632367065,936.7,0,0,0,0,0,1,14.324407498016885,72.24511583217678,0.0,0.0,27.74954627949183,24.0,3.685572082626393,0.0,0.0,0.0,0.0,1.0,16.5
105.0,4.0,10.0,10.8850024343868,106.681154385565,0.0,8.826587030733174,9.397256429506324,850.1,1,0,0,0,0,1,18.148751295721265,34.86883896012234,0.0,0.0,65.12880837548524,7.0,12.314712180320091,1.0,0.0,0.0,1.0,0.0,6.99
41.0,4.0,3.0,10.8385769606873,106.651907361081,0.0,11.098013468022373,23.820911987062647,116.5,0,0,0,0,0,0,10.107421869117639,0.0,0.0,0.0,100.0,12.0,8.791230546655191,0.0,0.0,0.0,0.0,1.0,6.5
145.0,7.0,12.0,10.7731286112089,106.704802328086,3.0,18.827244701348747,20.454141465138118,10020.3,0,0,0,0,0,0,24.638988573829966,71.49476562577966,25.018811812021596,3.486721954432502,0.0,48.0,0.5152665325247429,0.0,0.0,0.0,0.0,1.0,34.0
103.0,2.0,4.0,10.6490119674495,106.625594479091,3.0,13.123347608580726,18.41056418728449,,0,0,1,1,0,0,20.25050569105691,,,,,5.0,16.353617085279296,0.0,0.0,0.0,1.0,0.0,3.5
55.0,4.0,6.0,10.8357929618188,106.661186920875,0.0,11.098013468022373,16.924787565129154,1174.2,0,1,1,0,1,0,10.107421869117639,93.27456991994548,0.0,6.722875149037642,0.0,8.0,7.950442482146795,0.0,0.0,0.0,1.0,0.0,6.2
72.0,4.0,3.0,10.7513112148244,106.728144529377,0.0,17.789285714285825,15.717993526044307,170.7,0,1,0,1,0,0,8.354727166160457,10.697129466900998,0.0,0.0,89.29701230228471,18.0,4.032916313443985,0.0,0.0,1.0,0.0,0.0,6.8
209.0,3.0,40.0,10.7141086590414,106.737175090012,0.0,17.789285714285825,8.648767860862735,1740.4,0,0,0,0,0,0,20.119968764420605,0.0,100.0,0.0,0.0,41.0,7.930555563810997,0.0,0.0,0.0,1.0,0.0,23.5
48.0,4.0,4.0,10.8351747994034,106.639532872066,3.0,11.098013468022373,20.454141465138118,1513.5,0,1,0,0,1,0,20.25050569105691,42.500825900231256,0.0,0.0,57.50049554013875,7.0,9.408260591063886,0.0,0.0,0.0,0.0,1.0,9.6
89.0,5.0,5.0,10.8148418017558,106.672591243847,0.0,18.827244701348747,15.923197269929185,758.7,0,0,0,0,0,0,18.58425689749212,89.60458679319889,0.0,0.0,10.392777118755763,18.0,5.32450907838815,0.0,0.0,0.0,0.0,1.0,10.8
177.0,3.0,12.5,10.8138403876853,106.774865510943,0.0,15.48107692307722,20.177656837434043,,0,0,0,0,0,1,23.716488155468518,,,,,7.0,9.089712564234777,0.0,0.0,0.0,1.0,0.0,19.0
64.0,1.0,6.0,10.787024124117,106.618610102505,3.0,10.737500000006847,11.523850027712317,1594.5,0,1,1,0,0,0,20.25050569105691,0.0,0.0,0.0,99.99749137660709,5.0,9.09354339239724,0.0,0.0,0.0,1.0,0.0,3.5
145.0,4.0,8.0,10.7640427443874,106.700428400514,3.0,12.968707708226514,23.820911987062647,2907.7,0,0,1,0,0,0,20.25050569105691,76.36207311620869,10.846717336726623,12.791897375932868,0.0,42.0,1.3316086097105886,0.0,0.0,0.0,0.0,0.0,18.0
32.0,2.0,3.0,10.740195719639,106.735866931612,3.0,17.789285714285825,8.648767860862735,142.1,0,0,0,0,0,0,13.834634373598146,63.082336382829,0.0,0.0,36.88951442646024,4.0,5.502261410290562,0.0,0.0,0.0,0.0,1.0,4.38
40.0,2.0,5.0,10.7863351201636,106.62788367015,0.0,14.87073929990493,12.804496961724974,277.3,1,0,0,0,0,0,19.567814035091047,5.340786152181753,0.0,0.0,94.65200144248108,4.0,8.079727093110007,0.0,0.0,0.0,1.0,0.0,5.49
91.0,3.0,16.0,10.7451017511961,106.619802860951,3.0,10.737500000006847,18.09235831062452,105.4,0,0,0,1,0,0,20.25050569105691,3.2827324478178364,0.0,0.0,96.73624288425049,7.0,9.522296955272026,0.0,0.0,1.0,0.0,0.0,11.5
60.0,4.0,6.333333333333334,10.7649780988984,106.671442254915,3.0,24.737282299672927,24.56391683041859,40.0,0,0,0,0,0,1,20.25050569105691,0.0,0.0,0.0,100.0,10.0,3.463765761082106,0.0,0.0,0.0,0.0,1.0,16.0
98.0,3.0,30.0,10.69125,106.721214,3.0,8.131668552257471,13.173106254134565,124636.3,0,0,0,0,0,0,19.32281039637293,6.473475223510326,13.61510250224052,0.0,12.82587015179366,11.0,9.676579764413786,0.0,0.0,0.0,0.0,1.0,12.0
68.0,2.0,8.0,10.780408399669,106.616389195437,0.0,10.737500000006847,11.523850027712317,1388.7,0,0,0,0,0,0,20.18206125192249,3.954057751854251,0.0,0.0,96.04666234607906,4.0,9.26621364067247,0.0,0.0,0.0,1.0,0.0,6.6
80.0,2.0,30.0,10.6929001527375,106.740928978113,3.0,8.131668552257471,7.431275025157785,272.2,0,0,0,0,0,0,8.354727166160457,50.13592946362968,0.0,0.0,49.87509184423218,4.0,10.21354215615364,0.0,0.0,1.0,0.0,0.0,12.5
108.0,5.0,15.3,10.7648220651398,106.616695487419,0.0,10.737500000006847,8.135783941420566,104.4,0,0,0,0,0,1,18.529132150179485,1.8773946360153255,0.0,98.08429118773944,0.0,16.0,9.303421132334964,0.0,0.0,0.0,0.0,1.0,12.7
59.0,5.0,6.4,10.7836836198913,106.661510115867,3.0,24.737282299672927,15.923197269929185,104.0,0,0,0,0,0,1,20.25050569105691,31.09615384615385,0.0,0.0,68.86538461538461,8.0,4.408099886033415,0.0,0.0,0.0,1.0,0.0,17.0
65.0,4.0,5.15,10.7430778949547,106.725488838039,0.0,17.789285714285825,15.717993526044307,972.9,0,1,1,0,0,1,20.25050569105691,88.75937917566038,0.0,0.0,11.23959296947271,7.0,4.527627128904914,0.0,0.0,0.0,0.0,1.0,11.5
62.0,4.0,7.0,10.8797072782806,106.665684261327,0.0,8.826587030733174,9.397256429506324,4433.4,0,0,0,0,0,0,17.09291764913859,24.407452519510983,52.578607840483606,3.922271845536157,19.091893354987143,10.0,12.163123633831782,0.0,0.0,0.0,0.0,1.0,6.75
90.0,4.0,12.277777777777777,10.7764348386626,106.700919139691,0.0,53.75818181817839,49.46190076307165,7556.1,0,0,0,0,0,1,39.729986027272446,0.6834213416974365,99.3160492846839,0.0,0.0,10.0,0.0522322216846977,0.0,1.0,0.0,1.0,0.0,95.0
28.0,4.0,3.4,10.8385055663815,106.669789948163,3.0,11.098013468022373,9.674953215540254,352544.1,1,0,0,0,0,1,18.071304865753525,14.872723724492907,25.385124868066157,59.73758460289081,0.0045582949764299,7.0,7.746064487233327,0.0,0.0,0.0,1.0,0.0,5.5
62.0,4.0,8.0,10.8674507589688,106.626177803679,3.0,8.826587030733174,9.23912502081522,,1,1,1,0,0,0,18.20183555273926,,,,,7.0,13.052360191879108,1.0,0.0,0.0,1.0,0.0,6.8
84.0,5.0,14.0,10.7449276584689,106.610301566288,0.0,10.737500000006847,19.36213730687916,902660.3,1,0,0,0,0,0,20.25050569105691,0.487598712383828,0.0,0.0,0.0,13.0,10.50333790463353,0.0,0.0,0.0,0.0,1.0,15.0
112.0,3.0,16.0,10.8398863869849,106.772284825492,3.0,19.053737403258268,19.526540511910742,,1,1,0,0,0,0,20.25050569105691,,,,,7.0,10.53161511814754,0.0,0.0,1.0,0.0,0.0,15.0
36.0,5.0,4.45,10.7793513285684,106.667337112932,0.0,24.737282299672927,15.923197269929185,3233.0,0,1,0,0,0,1,16.95010834230355,67.59542220847511,31.81781626971853,0.0,0.5725332508506032,8.0,3.706816352890769,0.0,0.0,0.0,0.0,1.0,6.6
72.0,1.0,6.0,10.7961212749912,106.626365392781,2.0,14.87073929990493,14.237298722437757,302.1,1,0,0,0,0,0,15.331358342303552,0.0,0.0,0.0,100.0,2.0,8.46435085636136,0.0,0.0,1.0,0.0,0.0,7.0
70.0,4.0,10.0,10.7978595795945,106.658393647776,3.0,19.38917355371901,18.093318479606467,2668.6,1,0,0,0,0,0,20.342567872241002,97.746758600015,1.515401334032826,0.0,0.736715880986285,9.0,5.260106320686141,0.0,0.0,1.0,0.0,0.0,15.9
72.0,6.0,7.2,10.8106630064744,106.707436380037,3.0,18.827244701348747,20.47473566303819,1799.8,0,0,0,0,0,1,17.16203807849431,96.50961217913104,0.0,0.0,3.4909434381597957,9.0,3.915996933476779,0.0,0.0,0.0,1.0,0.0,24.9
88.0,5.0,10.0,10.792302602072,106.689189879485,3.0,53.75818181817839,34.07029975082686,74.7,0,0,0,0,0,1,26.16162258317498,11.47255689424364,0.0,0.0,88.54082998661312,11.0,2.231279638528227,1.0,0.0,0.0,1.0,0.0,23.0
1.08,3.0,8.0,10.8370562624599,106.627505117519,3.0,8.826587030733174,15.500554052311237,144.8,1,0,0,0,0,0,20.25050569105691,23.0732044198895,0.0,0.0,76.90607734806629,11.0,10.521692398831997,0.0,0.0,0.0,0.0,1.0,66.0
108.0,3.0,15.0,10.7381907615665,106.722770792398,0.0,17.789285714285825,14.672222873812292,285.4,0,0,0,0,0,0,22.174529617989272,22.505255781359494,0.0,0.0,77.49124036440087,10.0,4.8248882369620105,0.0,0.0,0.0,0.0,1.0,16.79
81.0,3.0,5.0,10.7985619128206,106.669153159261,0.0,18.63592086332186,14.561953480312356,4266.5,0,0,0,0,0,1,19.806236435736306,2.298371030118364,0.0,0.0,94.51236376420954,6.0,4.297779289971781,0.0,0.0,0.0,1.0,0.0,16.9
62.0,5.0,10.0,10.8732791415246,106.768140676929,3.0,15.48107692307722,14.40074884671146,,0,0,0,0,0,0,20.25050569105691,,,,,10.0,13.06204969841804,0.0,0.0,0.0,0.0,1.0,13.5
34.0,5.0,4.9,10.7985524033234,106.687490527758,0.0,18.63592086332186,20.918551142754602,,0,1,1,1,0,1,17.184474827935027,,,,,9.0,2.915217223745646,0.0,0.0,0.0,1.0,0.0,6.6
43.0,3.0,2.0,10.747093381339,106.659869015912,0.0,9.364834955468142,16.235786892588425,94.2,0,0,0,0,0,0,20.25050569105691,38.97027600849257,0.0,0.0,61.01910828025478,6.0,5.533348394327517,0.0,0.0,1.0,0.0,0.0,4.2
59.0,3.0,5.0,10.8597981582172,106.738634603699,2.0,15.48107692307722,18.44965540212791,,1,0,1,1,0,0,20.25050569105691,,,,,6.0,10.17986262074357,0.0,0.0,0.0,0.0,1.0,8.65
128.0,5.0,7.0,10.7959558203124,106.626239884301,3.0,14.87073929990493,14.237298722437757,57.0,0,0,0,0,0,1,15.331358342303552,13.964912280701755,0.0,0.0,86.0701754385965,12.0,8.472738630560237,0.0,0.0,0.0,1.0,0.0,24.0
262.0,3.0,24.0,10.8136384014399,106.775252284111,0.0,19.053737403258268,23.42179327737413,,0,0,0,0,0,0,23.716488155468518,,,,,7.0,9.116851017333271,0.0,0.0,0.0,0.0,0.0,58.0
112.0,3.0,6.0,10.7897908003313,106.702358881849,2.0,53.75818181817839,48.487230363696476,2007.7,0,0,0,0,0,0,20.088667961923438,97.66897444837376,0.0,2.3335159635403695,0.0,8.0,1.5396200954883283,1.0,0.0,1.0,0.0,0.0,29.5
80.0,4.0,8.125,10.87627363089,106.773076486965,0.0,15.48107692307722,14.196219758981544,,0,0,0,0,0,1,21.09482090226569,,,,,9.0,13.642417968256554,0.0,0.0,0.0,1.0,0.0,4.029999999999999
100.0,2.0,6.0,10.8377601885773,106.612062365499,2.0,8.826587030733174,15.780638971822933,188.6,0,1,1,0,0,0,20.25050569105691,0.0,0.0,0.0,100.0,4.0,11.905292593709268,0.0,0.0,1.0,0.0,0.0,5.99
66.0,5.0,12.0,10.754997382997,106.629307213319,0.0,12.006306645336863,16.235786892588425,2065.5,0,1,1,1,1,0,20.25050569105691,75.21036068748487,0.0,0.0,24.792060033890102,11.0,8.18282980611605,0.0,0.0,0.0,1.0,0.0,9.5
126.0,4.0,22.0,10.7120037922397,106.660314666044,0.0,13.123347608580726,20.341033665775136,,0,0,0,0,1,0,22.10413068261712,,,,,9.0,8.39587856089735,0.0,1.0,0.0,1.0,0.0,19.6
57.0,1.0,8.0,10.786197528775055,106.60683840876295,2.0,10.737500000006847,11.523850027712317,70.6,1,0,1,0,1,0,17.21642624996233,72.45042492917847,0.0,0.0,27.52124645892351,2.0,10.358652568470058,0.0,0.0,0.0,1.0,0.0,3.95
130.0,10.0,23.0,10.7722965477472,106.695215633273,0.0,53.75818181817839,80.81249751703449,67.4,0,0,0,0,0,1,19.567814035091047,0.0,0.0,99.95548961424332,0.0,8.0,0.7633781015657533,0.0,0.0,0.0,1.0,0.0,130.0
54.0,4.0,5.0,10.8451024630463,106.758528399213,0.0,15.48107692307722,15.706358342303552,,0,0,0,0,0,1,14.230094570897254,,,,,10.0,9.918904084657097,0.0,0.0,1.0,0.0,0.0,7.6
75.0,3.0,12.0,10.80709,106.7999,0.0,19.053737403258268,23.42179327737413,,0,0,0,0,0,1,19.587917242844295,,,,,7.0,11.331966860413708,0.0,0.0,0.0,0.0,1.0,9.9
95.0,4.0,7.0,10.8756254002247,106.654955803192,2.0,8.826587030733174,13.805666803246416,4479.9,0,1,1,0,0,0,24.269797544088476,92.6275140070091,0.0,0.0,7.373378870064064,10.0,12.170329245096214,0.0,0.0,0.0,0.0,1.0,8.89
110.0,3.0,3.0,10.8472995781132,106.755384953106,3.0,15.48107692307722,15.706358342303552,,1,1,0,0,0,0,20.25050569105691,,,,,9.0,9.899968251848602,0.0,0.0,1.0,0.0,0.0,5.4
546.0,3.0,30.0,10.80624,106.7784,0.0,19.053737403258268,20.177656837434043,,0,0,0,0,0,0,19.567814035091047,,,,,10.0,9.088296287025072,0.0,0.0,0.0,0.0,0.0,65.0
51.0,3.0,5.5,10.8442825940127,106.715981475692,0.0,15.48107692307722,17.78611714762465,,0,0,0,1,0,1,20.25050569105691,,,,,6.0,7.764703358580035,0.0,0.0,0.0,1.0,0.0,7.1
76.0,3.0,4.5,10.7663332750614,106.659482869316,0.0,24.737282299672927,15.61262632367065,47.0,0,0,0,0,0,1,23.072180951086057,9.957446808510635,0.0,0.0,90.29787234042551,8.0,4.671429123245017,0.0,0.0,0.0,1.0,0.0,13.9
102.0,5.0,10.0,10.8717367612738,106.673776991665,3.0,8.826587030733174,9.397256429506324,4410.4,0,0,0,0,0,0,18.328763957132956,0.0,0.0,0.0,100.0,9.0,11.055788345667318,0.0,0.0,0.0,1.0,0.0,7.99
36.0,2.0,3.0,10.820718295547,106.635629609537,0.0,19.38917355371901,15.923197269929185,410.1,0,0,0,0,0,0,18.891140957318,6.764203852718849,0.0,0.0,93.23579614728116,5.0,8.709935489866902,0.0,0.0,0.0,0.0,1.0,4.75
105.0,4.0,10.4,10.8016945642427,106.687597591033,3.0,18.63592086332186,15.288713651298618,131.5,0,0,0,0,0,1,17.84317339376276,14.030418250950568,0.0,0.0,86.0,6.0,3.215316875198986,0.0,0.0,0.0,1.0,0.0,24.0
75.0,3.0,8.0,10.7939959809492,106.668434739231,3.0,19.38917355371901,18.83383064658232,71.5,1,1,1,1,1,0,24.641850909075103,32.92307692307692,0.0,0.0,67.04895104895104,10.0,4.090873953985962,0.0,0.0,0.0,0.0,1.0,14.3
86.0,1.0,6.0,10.8877794192261,106.681242543726,3.0,8.826587030733174,9.397256429506324,4113.6,1,0,0,0,0,0,20.25050569105691,18.375632049786073,31.1714799688837,0.0,50.45264488525865,10.0,12.61708742250785,0.0,0.0,0.0,1.0,0.0,4.5
61.0,3.0,3.0,10.835409056715,106.639865656417,0.0,11.098013468022373,20.454141465138118,834.4,0,1,0,0,0,0,20.25050569105691,0.0,0.0,0.0,100.0,8.0,9.40059981746748,0.0,0.0,0.0,0.0,1.0,6.5
62.0,1.0,15.0,10.7937664056364,106.689233872668,3.0,53.75818181817839,34.07029975082686,223.9,0,0,0,0,0,0,20.25050569105691,0.9066547565877622,0.0,0.0,99.09334524341224,3.0,2.362780738012298,0.0,0.0,0.0,1.0,0.0,23.5
120.0,4.0,30.0,10.8300993360987,106.702939276204,3.0,18.827244701348747,16.235786892588425,5022.2,0,0,0,0,0,0,19.23866524947719,30.362191868105608,17.282864083469395,0.0,52.35394846879854,13.0,6.018925253457198,0.0,0.0,0.0,0.0,1.0,23.0
42.0,2.0,3.6666666666666665,10.7933678945323,106.717905691907,0.0,18.827244701348747,41.01013634331939,3109.3,0,0,0,0,0,1,42.28415103036848,94.25240407808832,0.0,0.0,5.745987842922844,4.0,2.664473041593528,0.0,0.0,0.0,0.0,1.0,6.78
127.0,7.0,17.9,10.7697823234993,106.688096048058,3.0,53.75818181817839,50.13266841725762,1860.6,0,0,0,0,0,1,45.02458601201859,90.0021498441363,0.0,9.9957003117274,0.0,10.0,1.579806356234749,1.0,0.0,0.0,1.0,0.0,60.0
54.0,2.0,14.0,10.7960746681617,106.677744560432,3.0,18.63592086332186,15.923197269929185,1378.3,0,0,0,0,0,0,20.25050569105691,76.85337009359355,0.0,0.0,23.145904374954657,9.0,3.389831854596465,0.0,0.0,1.0,0.0,0.0,10.5
88.0,4.0,10.0,10.8024011966708,106.689872515059,0.0,18.63592086332186,15.288713651298618,70.1,0,0,0,0,0,0,20.25050569105691,35.306704707560634,0.0,0.0,64.67902995720401,10.0,3.181539821184206,0.0,0.0,0.0,1.0,0.0,21.5
30.0,4.0,3.0,10.8059819055539,106.697077748969,0.0,18.827244701348747,15.61262632367065,397.7,1,0,0,1,0,0,17.40171754184511,21.11139049534825,0.0,0.0,78.88609504651748,7.0,3.3626604164637635,0.0,0.0,0.0,0.0,1.0,7.4
54.0,4.0,8.0,10.788640696044425,106.66134861158724,0.0,19.38917355371901,20.339947871608835,1464.6,0,0,0,0,1,1,14.535280883434632,98.6788201556739,0.0,0.0,1.3232281851700125,9.0,4.563948017723322,0.0,0.0,0.0,0.0,1.0,7.49
59.0,3.0,5.0,10.740067541465,106.736262511899,3.0,17.789285714285825,8.648767860862735,134.6,1,0,0,0,0,0,13.834634373598146,0.0,27.778603268945023,0.0,72.20653789004457,6.0,5.54244447470144,0.0,0.0,0.0,1.0,0.0,7.3
140.0,1.0,14.0,10.7819874807816,106.625615396632,3.0,14.87073929990493,17.499103454001883,71.4,1,1,1,0,0,0,20.25050569105691,0.0,0.0,0.0,99.95798319327731,2.0,8.272244445272731,0.0,0.0,0.0,1.0,0.0,19.5
104.0,4.0,3.0,10.7317814290493,106.731528344111,3.0,17.789285714285825,30.38692272100736,550.9,1,0,0,0,0,1,8.354727166160457,6.434924668723907,0.0,0.0,93.57052096569252,14.0,5.935070651944019,0.0,0.0,0.0,0.0,1.0,8.49
76.0,3.0,6.0,10.8174062548267,106.588741318124,2.0,10.737500000006847,13.71334205498395,5417.5,1,1,1,0,0,0,20.25050569105691,71.64356252884173,14.964097831102908,0.0,13.24614674665436,8.0,13.107778759926736,0.0,0.0,0.0,1.0,0.0,5.95
60.0,4.0,6.0,10.8638367381174,106.624979330549,3.0,8.826587030733174,9.23912502081522,2094.4,0,0,1,0,0,0,18.20183555273926,0.0,99.99904507257448,0.0,0.0,10.0,12.826254257683043,0.0,0.0,0.0,0.0,1.0,7.39
1.0,3.0,7.0,10.7971183629033,106.823440391337,3.0,19.053737403258268,12.780266996675284,,0,0,0,0,0,0,18.237438852350834,,,,,9.0,13.568024952514508,0.0,0.0,0.0,1.0,0.0,21.0
104.0,3.0,6.0,10.8018590207954,106.8127242528,3.0,19.053737403258268,12.780266996675284,,1,1,1,0,0,0,17.21642624996233,,,,,9.0,12.527112385850248,0.0,0.0,0.0,1.0,0.0,7.1
88.0,5.0,10.0,10.792039509007,106.689129687227,3.0,53.75818181817839,34.07029975082686,68.5,0,1,0,0,1,0,26.16162258317498,0.0,0.0,0.0,99.97080291970804,11.0,2.211459479471874,0.0,0.0,0.0,1.0,0.0,23.0
62.0,4.0,4.0,10.8082989298597,106.698267771524,2.0,18.827244701348747,20.454141465138118,497.0,1,1,0,0,0,0,24.638988573829966,20.94969818913481,0.0,0.0,79.0503018108652,14.0,3.6047761604555575,0.0,0.0,0.0,1.0,0.0,9.79
116.0,3.0,5.0,10.748221887933,106.716540120542,0.0,17.789285714285825,15.717993526044307,743.6,0,0,0,0,0,0,19.567814035091047,0.6952662721893491,98.67536309844002,0.0,0.6374394835933298,10.0,3.5192943367049256,0.0,0.0,0.0,0.0,1.0,11.9
300.0,5.0,15.4,10.7818141090648,106.663241612746,0.0,24.737282299672927,15.923197269929185,2269.0,0,0,0,0,1,1,20.25050569105691,64.51432349052446,8.590127809607756,0.0,26.874394006170117,40.0,4.185615751258087,0.0,0.0,0.0,1.0,0.0,83.0
60.0,4.0,5.0,10.813602470234,106.689720079512,3.0,18.827244701348747,16.924787565129154,56.3,1,0,1,0,0,0,17.40171754184511,32.02486678507993,0.0,0.0,67.93960923623446,8.0,4.362053267483907,0.0,0.0,1.0,0.0,0.0,9.99
42.0,4.0,5.0,10.7234941506552,106.620067074327,3.0,9.364834955468142,9.674953215540254,273.8,1,0,0,0,0,0,16.67274773320998,33.83856829802776,0.0,0.0,66.16143170197223,7.0,10.60426470504379,0.0,0.0,0.0,1.0,0.0,6.6
40.0,4.0,4.0,10.8184191220424,106.678183060144,2.0,11.098013468022373,15.13100312673361,175.0,1,1,1,1,1,1,20.25050569105691,0.0,0.0,0.0,100.0,6.0,5.339831414691966,0.0,0.0,1.0,0.0,0.0,6.1
30.0,4.0,4.0,10.799541030425,106.686722117797,3.0,18.63592086332186,15.288713651298618,3201.4,0,0,0,0,0,0,18.245021803289422,9.34372462047854,0.1792965577559817,0.0,0.0,8.0,3.0526225895706176,0.0,0.0,0.0,0.0,1.0,7.6
58.0,3.0,6.0,10.7835895488914,106.647339599946,0.0,19.38917355371901,14.561953480312356,846.9,0,0,0,0,0,0,17.444977006572753,99.37064588499234,0.0,0.0,0.6328964458613768,8.0,5.932723380141443,0.0,0.0,0.0,1.0,0.0,10.0
59.0,2.0,6.0,10.8310137959551,106.525089824767,2.0,13.123347608580726,19.18090922668988,,0,0,0,0,0,0,20.25050569105691,,,,,4.0,20.174342400468863,0.0,0.0,0.0,0.0,1.0,2.89
46.0,4.0,5.0,10.8359396342246,106.84727625793,0.0,19.053737403258268,25.613782122221185,,0,0,0,0,1,1,22.156780321650697,,,,,9.0,17.30115358149699,0.0,1.0,0.0,1.0,0.0,7.0
360.0,4.0,32.5,10.8088556935714,106.733079587869,3.0,38.647438220481845,58.28290665694527,,0,0,0,0,0,1,25.358109988674624,,,,,12.0,5.054579113998835,0.0,0.0,1.0,0.0,0.0,69.0
64.0,4.0,10.0,10.6845858219727,106.75039590358,3.0,8.131668552257471,7.431275025157785,,1,0,0,0,1,0,11.761918800261277,,,,,9.0,11.503381410696916,0.0,0.0,0.0,0.0,1.0,7.68
76.0,4.0,24.0,10.7591580922517,106.687578296492,3.0,53.75818181817839,26.429608342303553,5525.2,0,0,0,0,0,0,37.54099080615944,92.2766596684283,0.1018967639180482,0.0,7.62053862303627,11.0,2.3851367298206263,0.0,0.0,0.0,1.0,0.0,38.0
100.0,2.0,8.333333333333332,10.843328957417247,106.62833232432604,3.0,8.826587030733174,18.897367086496754,43.1,0,0,0,0,0,1,19.567814035091047,0.0,0.0,0.0,100.0,9.0,10.918680515525772,0.0,1.0,0.0,1.0,0.0,8.5
217.0,9.0,30.0,10.7641548497774,106.693898455191,3.0,53.75818181817839,32.631365062301924,813.0,0,0,0,0,0,0,25.885724961203408,69.14514145141452,4.736777367773678,0.0,26.11808118081181,60.0,1.5341628707987156,0.0,0.0,0.0,0.0,1.0,108.0
92.0,5.0,20.0,10.6926813812342,106.741137240401,0.0,8.131668552257471,7.431275025157785,707.9,0,1,1,0,0,0,8.354727166160457,13.446814521825118,0.0,0.0,86.55883599378443,11.0,10.245249376292344,0.0,0.0,0.0,0.0,1.0,11.8
69.0,4.0,12.0,10.794035184262,106.675043242655,0.0,18.63592086332186,16.924787565129154,50.7,1,0,0,0,0,0,19.890851850482022,0.0,0.0,0.0,99.92110453648914,8.0,3.4817482375431714,0.0,0.0,0.0,0.0,1.0,16.6
195.0,3.0,20.0,10.8103508858319,106.729578489322,0.0,38.647438220481845,58.28290665694527,,0,0,1,0,0,0,20.25050569105691,,,,,17.0,4.926031566921033,0.0,0.0,0.0,1.0,0.0,31.5
46.0,3.0,6.0,10.8525251638234,106.764606456626,3.0,15.48107692307722,17.332544455579256,,1,1,0,0,0,0,20.25050569105691,,,,,7.0,10.978038135926893,0.0,0.0,0.0,1.0,0.0,4.05
99.0,3.0,8.0,10.7719478845068,106.669546586792,2.0,24.737282299672927,20.454141465138118,1535.0,1,0,1,1,0,1,26.807768326301748,99.357003257329,0.0,0.0,0.6332247557003258,6.0,3.476057136966308,0.0,0.0,0.0,1.0,0.0,27.0
50.0,3.0,6.0,10.7295315504341,106.632374720169,3.0,9.364834955468142,9.674953215540254,1865.3,0,0,0,0,0,0,18.20119183870365,99.5861255562108,0.0,0.0,0.4122661234117837,7.0,9.113964082760212,0.0,0.0,1.0,0.0,0.0,6.8
173.0,3.0,4.0,10.7794437650285,106.758671421558,2.0,38.647438220481845,32.180605395627865,,1,0,0,0,0,0,19.567814035091047,,,,,9.0,6.300372865084824,0.0,0.0,1.0,0.0,0.0,12.29
38.0,3.0,3.0,10.8481820381005,106.648493425023,0.0,11.098013468022373,15.61262632367065,1443.7,1,1,0,0,0,0,11.178588935354508,21.912447184318072,0.0,78.08686015100089,0.0,6.0,9.870898812157616,0.0,0.0,0.0,0.0,1.0,4.85
165.0,7.0,34.1,10.8062700602427,106.681566244589,3.0,18.63592086332186,18.093318479606467,947.1,1,1,1,0,0,1,12.77062601913981,79.44884383908774,0.0,0.0,20.554323725055433,30.0,3.9851683913721594,0.0,0.0,0.0,0.0,1.0,39.5
54.0,4.0,8.0,10.8786148362323,106.66892086639,0.0,8.826587030733174,9.397256429506324,854.4,0,0,0,0,0,1,19.567814035091047,36.61048689138577,0.0,0.0,63.390683520599254,9.0,11.939229208502384,1.0,0.0,0.0,1.0,0.0,6.38
114.0,4.0,16.0,10.7389600569167,106.709744348169,3.0,17.789285714285825,24.488452653857216,,0,1,1,1,0,0,22.174529617989272,,,,,21.0,4.225522494366916,0.0,0.0,0.0,0.0,1.0,21.5
131.0,4.0,5.0,10.7657175409324,106.66344784341,0.0,24.737282299672927,15.61262632367065,3138.0,0,1,0,0,0,0,32.67330086593139,84.95251752708731,0.0,0.0,15.037284894837477,16.0,4.268931727650677,0.0,0.0,0.0,1.0,0.0,26.0
114.0,5.0,14.1,10.7845701318181,106.672817620158,0.0,54.46617152529408,16.924787565129154,125.9,0,0,0,0,0,1,20.25050569105691,37.25178713264496,0.0,62.71644162033358,0.0,40.0,3.2329927324753336,0.0,0.0,0.0,1.0,0.0,20.0
67.0,4.0,6.0,10.7893924130052,106.67513172038,3.0,54.46617152529408,20.454141465138118,1341.9,1,1,0,0,0,0,24.641850909075103,65.56300767568372,0.0,0.0,34.436992324316265,8.0,3.203698386971847,0.0,0.0,0.0,0.0,1.0,11.99
189.0,2.0,14.0,10.8410426054517,106.725515001124,0.0,15.48107692307722,14.40074884671146,,0,0,0,0,0,1,19.567814035091047,,,,,8.0,7.708359412215552,0.0,0.0,0.0,1.0,0.0,15.5
64.0,3.0,5.0,10.8428995780783,106.73333747974,3.0,15.48107692307722,14.40074884671146,,0,0,0,0,0,0,20.25050569105691,,,,,7.0,8.230118859742241,0.0,0.0,0.0,0.0,1.0,7.5
29.0,3.0,7.966666666666667,10.7976740841396,106.672582040648,3.0,18.63592086332186,23.820911987062647,1397.0,1,0,0,0,0,1,20.25050569105691,36.93056549749463,61.95418754473872,0.0,1.1130994989262706,6.0,3.9384878521060234,0.0,0.0,1.0,0.0,0.0,5.45
78.0,5.0,6.0,10.813994428536,106.689742616741,3.0,18.827244701348747,15.149860937399001,916.7,1,0,0,0,0,0,17.40171754184511,96.53867132104288,0.0,0.0,3.462419548380059,17.0,4.403153174879459,0.0,0.0,0.0,1.0,0.0,9.3
97.0,4.0,20.0,10.7665769226386,106.659577872069,0.0,24.737282299672927,15.61262632367065,168.0,0,0,0,0,0,0,23.072180951086057,2.702380952380952,0.0,0.0,97.54166666666669,11.0,4.655155919206351,0.0,0.0,0.0,1.0,0.0,33.8
56.0,5.0,6.0,10.8632807018781,106.63941803443,3.0,8.826587030733174,14.549898133423875,7072.6,1,1,1,1,0,0,18.002367373254614,58.79931001329073,0.0,0.0,41.200831377428386,9.0,11.814174988279252,0.0,0.0,0.0,0.0,1.0,7.2
80.0,3.0,12.0,10.6945118300093,106.640155925306,0.0,13.123347608580726,17.577819031868692,,0,1,1,0,1,0,20.25050569105691,,,,,9.0,11.244237835907816,0.0,0.0,0.0,1.0,0.0,5.5
62.0,3.0,5.0,10.831360095095,106.633567996323,0.0,19.38917355371901,15.923197269929185,162.9,1,1,0,0,0,0,10.818659325601992,36.70349907918968,0.0,0.0,63.2719459791283,6.0,9.607314841882811,0.0,0.0,0.0,0.0,1.0,7.0
64.0,2.0,6.0,10.7632499553397,106.686829267876,2.0,53.75818181817839,59.25648860397285,3281.7,1,0,0,0,0,0,72.86150756189254,36.25407563153244,59.30158149739464,0.0,4.442819270500046,5.0,2.1071555436674054,0.0,0.0,0.0,1.0,0.0,15.5
19.0,2.0,4.35,10.8661607316559,106.642739321457,0.0,8.826587030733174,14.549898133423875,3727.2,0,0,0,0,0,1,20.25050569105691,76.38307576733206,0.2664198325820991,0.0,23.349162910495817,4.0,11.88011211240461,0.0,0.0,0.0,0.0,1.0,3.2
190.0,3.0,9.2,10.7519572625591,106.617061362404,0.0,10.737500000006847,19.36213730687916,,0,1,0,0,0,1,20.25050569105691,,,,,9.0,9.561600650472595,0.0,0.0,0.0,1.0,0.0,21.0
60.0,3.0,3.0,10.7265018804854,106.733968339772,3.0,17.789285714285825,8.648767860862735,433.5,0,0,0,0,0,0,8.354727166160457,1.9700115340253743,0.0,0.0,98.02076124567476,7.0,6.571607897936327,0.0,0.0,0.0,0.0,1.0,6.95
52.0,2.0,3.0,10.8499427114754,106.695487390052,1.0,8.826587030733174,13.645852307543556,3728.9,1,0,0,0,0,0,17.849840279852607,23.853683391885006,0.0,0.0,76.14658478371638,5.0,8.24487494696167,0.0,0.0,0.0,0.0,1.0,4.38
80.0,4.0,7.0,10.67860055127,106.75362525533,0.0,8.131668552257471,11.712567766934,353.0,0,0,0,0,0,0,8.354727166160457,14.974504249291783,0.0,0.0,0.0,9.0,12.256671799902946,0.0,0.0,0.0,0.0,1.0,7.5
260.0,3.0,13.6,10.727806,106.7149,0.0,17.789285714285825,34.311080856230646,921306.6,0,0,0,0,1,1,19.567814035091047,18.16232837146722,22.868941783332502,0.0,58.968724418125305,36.0,5.56694006685205,0.0,0.0,0.0,1.0,0.0,65.0
80.0,2.0,7.0,10.675172791871,106.698434035083,0.0,8.131668552257471,11.187905093453665,208.7,1,0,1,0,0,0,8.502652923904137,34.010541447053185,0.0,0.0,65.9798754192621,8.0,11.215256731391532,0.0,0.0,0.0,1.0,0.0,4.95
106.0,5.0,24.0,10.7583715635633,106.678094884321,3.0,29.82381843840417,15.13100312673361,148.6,0,0,0,0,0,0,23.47480801259286,0.0,0.0,0.0,99.97981157469718,13.0,3.1870998386418914,0.0,0.0,0.0,1.0,0.0,35.0
31.0,4.0,6.0,10.8060640095381,106.711533032075,3.0,18.827244701348747,23.596282954466844,1691.1,1,0,1,0,0,0,20.263535304628697,71.9029034356336,0.6995446750635681,0.0,27.39518656495772,15.0,3.531865332501088,0.0,0.0,0.0,1.0,0.0,7.4
52.0,2.0,6.0,10.7718192791385,106.627071518451,0.0,14.87073929990493,15.971912456276133,1388.4,0,0,0,0,0,0,16.438356940373765,68.47018150388936,0.0,0.0,31.5326995102276,5.0,8.099840281533147,0.0,0.0,0.0,0.0,1.0,6.18
116.0,4.0,10.66,10.8304939347791,106.730635727112,0.0,15.48107692307722,14.40074884671146,,0,0,0,0,0,1,19.567814035091047,,,,,9.0,6.864699436553887,0.0,0.0,0.0,0.0,1.0,17.5
51.0,3.0,8.0,10.7947930670967,106.657106885139,3.0,19.38917355371901,18.093318479606467,94.5,1,0,0,0,1,1,20.25050569105691,0.0,0.0,0.0,99.95767195767196,9.0,5.240101343779646,0.0,0.0,0.0,0.0,1.0,8.8
61.0,3.0,5.0,10.8574805636241,106.626742121255,2.0,8.826587030733174,14.285467555474675,2779.8,1,0,0,0,0,0,20.25050569105691,55.10468379020072,0.0,0.0,43.359234477300525,7.0,12.167308417267286,0.0,0.0,1.0,0.0,0.0,4.75
300.0,1.0,40.0,10.8292276080257,106.688994420986,3.0,11.098013468022373,15.149860937399001,1267.7,0,0,0,0,0,0,16.60869960096871,100.0,0.0,0.0,0.0,40.0,6.064534369517981,0.0,0.0,0.0,1.0,0.0,62.0
63.0,1.0,6.0,10.7778908792641,106.649809203289,2.0,19.38917355371901,24.56391683041859,1085.7,1,1,0,0,0,0,9.90181956943871,94.7057198121028,0.0,0.0,5.297043382149765,4.0,5.606629062077228,0.0,0.0,0.0,0.0,1.0,8.1
101.0,4.0,5.0,10.8717277211673,106.620015405617,0.0,8.826587030733174,9.23912502081522,121.9,1,1,1,0,0,0,21.19814232501748,7.022149302707136,0.0,0.0,0.0,11.0,13.846625010827314,0.0,0.0,0.0,1.0,0.0,6.65
100.0,4.0,13.25,10.8300323054479,106.702756788818,3.0,18.827244701348747,16.235786892588425,5022.2,0,0,0,0,0,1,19.23866524947719,30.362191868105608,17.282864083469395,0.0,52.35394846879854,9.0,6.0108428584598546,0.0,0.0,0.0,1.0,0.0,18.5
56.0,3.0,6.0,10.7940578057527,106.595726708089,2.0,10.737500000006847,10.067829993435623,4557.6,0,1,0,0,0,0,17.352177179339265,30.594611198876603,69.4045111462173,0.0,0.0,8.0,11.683839738866594,0.0,0.0,0.0,0.0,1.0,6.15
78.0,2.0,4.0,10.8780129641072,106.678185473128,3.0,8.826587030733174,8.427513172672999,4128.9,0,0,0,0,0,1,17.507940897797152,9.604495143985082,90.39623144178836,0.0,0.0,5.0,11.61611450818479,0.0,0.0,0.0,1.0,0.0,4.19
619.0,1.0,11.3,10.8067796753212,106.718638772516,3.0,18.827244701348747,23.596282954466844,217.4,1,0,0,0,0,1,29.161416890612465,0.0,0.0,0.0,99.98620055197792,14.0,3.922223965317373,0.0,0.0,0.0,1.0,0.0,70.0
222.0,4.0,7.0,10.7769991878537,106.638679834894,0.0,14.87073929990493,21.72974125281273,56.9,0,0,0,0,0,1,19.688090336254568,0.0,0.0,0.0,100.0,13.0,6.819302943308798,0.0,0.0,0.0,1.0,0.0,32.5
64.0,4.0,6.0,10.7489551983675,106.710033406598,2.0,17.789285714285825,14.8877491993957,23439.5,1,0,0,0,0,0,18.207540931800263,13.199513641502593,33.15002453124,0.0,53.65037650120523,10.0,3.1616222550717596,0.0,0.0,0.0,0.0,1.0,17.9
95.0,6.0,20.0,10.801814589096567,106.7769621185092,0.0,38.647438220481845,44.55718221916659,,0,0,0,0,0,0,19.567814035091047,,,,,10.0,8.769462149729229,0.0,1.0,0.0,1.0,0.0,60.0
34.0,3.0,12.0,10.7612650981019,106.691983359131,3.0,53.75818181817839,32.631365062301924,55.9,0,0,0,0,0,1,24.998865480621035,0.0,0.0,0.0,99.98211091234349,4.0,1.917359604759966,0.0,0.0,0.0,0.0,1.0,18.5
196.0,4.0,8.0,10.7903453149292,106.732524295956,3.0,38.647438220481845,25.425738377885217,,0,0,0,0,0,1,18.780773771776595,,,,,8.0,3.785054285588499,0.0,0.0,0.0,0.0,1.0,30.0
62.0,4.0,16.333333333333336,10.7916540844069,106.669690084514,3.0,18.63592086332186,15.61262632367065,70.3,0,0,0,0,0,1,13.842079023496492,18.62019914651494,0.0,0.0,81.36557610241822,11.0,3.8472399027295174,0.0,0.0,0.0,1.0,0.0,20.9
100.0,3.0,14.0,10.7513468088802,106.593822709259,3.0,10.737500000006847,13.482984203694478,,1,1,1,1,0,1,20.25050569105691,,,,,8.0,12.035173847378244,0.0,0.0,0.0,1.0,0.0,9.5
74.0,4.0,12.0,10.7917026167998,106.691718515633,3.0,53.75818181817839,34.07029975082686,1183.0,0,0,0,0,0,1,25.9063569677296,96.87912087912088,0.0,0.0,3.12341504649197,10.0,2.0245517842224303,0.0,0.0,0.0,1.0,0.0,28.0
40.0,3.0,4.0,10.7319268005554,106.745346109219,0.0,17.789285714285825,8.648767860862735,9782.4,0,0,0,0,0,1,8.354727166160457,12.071270853778216,31.6465284592738,56.282200686947995,0.0,7.0,6.8833197853040025,0.0,0.0,0.0,0.0,1.0,6.8
64.0,5.0,10.9,10.7613311946529,106.660698905116,3.0,24.737282299672927,15.288713651298618,2476.6,0,1,1,1,0,1,23.072180951086057,76.57029798917873,23.430913348946135,0.0,0.0,14.0,4.7050558151598745,0.0,0.0,0.0,0.0,1.0,33.0
93.0,2.0,6.0,10.8079620519521,106.702964281386,0.0,18.827244701348747,20.454141465138118,182.2,0,0,0,0,0,0,15.076317258595626,6.201975850713502,0.0,0.0,93.80351262349068,8.0,3.559846933416382,0.0,0.0,1.0,0.0,0.0,9.5
150.0,6.0,6.0,10.8472014306231,106.612577161017,3.0,8.826587030733174,14.285467555474675,,0,0,1,0,0,0,20.25050569105691,,,,,7.0,12.49655129852498,1.0,0.0,0.0,1.0,0.0,8.45
65.0,4.0,8.0,10.7881878725017,106.604271735996,2.0,10.737500000006847,11.523850027712317,50.1,1,1,0,0,0,0,17.858559625558907,0.0,0.0,0.0,99.94011976047904,7.0,10.663203217621875,0.0,0.0,1.0,0.0,0.0,7.3
120.0,4.0,20.0,10.860060920907,106.601774268828,0.0,9.79203162611253,18.612232322547136,31.8,0,0,0,0,0,0,20.25050569105691,19.30817610062893,0.0,0.0,80.66037735849056,12.0,14.31968547848175,0.0,0.0,0.0,1.0,0.0,5.05
54.0,3.0,8.0,10.8650547779596,106.686321755884,2.0,8.826587030733174,13.645852307543556,3016.5,1,0,0,0,0,0,17.039664453189104,15.628708768440244,0.0,0.0,84.37095972153158,6.0,10.03311817856634,0.0,0.0,0.0,0.0,1.0,5.59
88.0,4.0,11.0,10.7744290476374,106.697690562964,2.0,53.75818181817839,80.81249751703449,3438.2,1,0,0,0,0,1,27.875779929550006,82.24943284276657,0.0,17.750276307370136,0.0,13.0,0.4113589111362688,1.0,0.0,0.0,1.0,0.0,30.0
115.0,3.0,10.0,10.8303037027201,106.728571903359,0.0,15.48107692307722,14.40074884671146,,0,0,0,0,0,0,14.230094570897254,,,,,9.0,6.742744481459339,0.0,0.0,1.0,0.0,0.0,17.6
530.0,2.0,10.2,10.8193256081866,106.70266806515,0.0,18.827244701348747,16.235786892588425,350.0,0,0,0,0,0,1,13.941385937429175,47.98571428571428,0.0,0.0,52.017142857142865,12.0,4.820631406793129,0.0,1.0,0.0,1.0,0.0,35.0
49.0,4.0,6.15,10.7975143319428,106.689171964948,2.0,18.63592086332186,20.918551142754602,,1,1,1,1,0,1,21.40910965668906,,,,,11.0,2.724073648945309,0.0,0.0,0.0,1.0,0.0,16.5
57.0,3.0,7.0,10.8503684448819,106.695458868092,2.0,8.826587030733174,13.645852307543556,13438.3,1,0,0,0,0,0,20.25050569105691,8.11769345824993,0.0,0.0,91.881934470878,9.0,8.292314907849935,0.0,0.0,0.0,0.0,1.0,6.55
98.0,2.0,3.0,10.8756486985413,106.685241464941,0.0,8.826587030733174,8.427513172672999,4938.5,0,1,1,0,0,0,20.25050569105691,16.894401133947557,8.361850764402146,0.0,74.74293813911106,5.0,11.214979430390638,0.0,0.0,1.0,0.0,0.0,4.39
90.0,6.0,4.0,10.7979252888989,106.710911780189,3.0,18.827244701348747,18.54716240721297,1159.6,0,0,0,0,0,0,20.263535304628697,98.16057261124529,0.0,0.0,1.8385650224215249,30.0,2.6631524711407266,0.0,0.0,0.0,0.0,1.0,15.5
60.0,4.0,17.25,10.7645212861468,106.630336154585,0.0,13.32081849341783,18.83383064658232,1348.0,0,0,1,0,1,1,20.25050569105691,0.0,99.99777448071217,0.0,0.0,15.0,7.834639650857711,0.0,0.0,0.0,0.0,1.0,8.8
132.0,3.0,8.0,10.8293093954524,106.729711678573,0.0,15.48107692307722,14.40074884671146,,0,0,0,0,0,0,20.25050569105691,,,,,8.0,6.701062681085882,0.0,0.0,0.0,1.0,0.0,16.9
56.0,3.0,6.0,10.689560788446,106.745578664563,2.0,8.131668552257471,7.431275025157785,25675.9,1,0,0,0,0,0,20.25050569105691,14.250600757909163,6.876097819355893,0.0,78.85600894223766,10.0,10.770120968103642,0.0,0.0,0.0,0.0,1.0,8.5
78.0,4.0,6.0,10.8077903913147,106.703371352314,0.0,18.827244701348747,20.454141465138118,128.7,0,0,0,0,0,0,15.076317258595626,11.530691530691533,0.0,0.0,88.50038850038851,11.0,3.5436257333377927,0.0,0.0,0.0,0.0,1.0,15.19
483.0,3.0,4.0,10.8004187621028,106.690309464323,3.0,18.63592086332186,15.288713651298618,141.2,0,0,0,0,0,0,19.5012876430688,31.54390934844193,0.0,0.0,68.4702549575071,17.0,2.9600251466590857,0.0,0.0,0.0,1.0,0.0,58.056
64.0,3.0,6.5,10.8194428002268,106.702691310982,0.0,18.827244701348747,16.235786892588425,1911.6,0,1,1,0,1,1,13.941385937429175,95.7951454279138,0.0,0.0,4.203285206110065,8.0,4.833744994486113,0.0,0.0,0.0,0.0,1.0,7.45
95.0,4.0,10.0,10.7842888780504,106.759294890954,3.0,38.647438220481845,23.346267146280812,,1,1,0,1,0,0,19.567814035091047,,,,,9.0,6.423248263532886,0.0,0.0,1.0,0.0,0.0,12.9
57.0,6.0,12.0,10.7639550829101,106.690803694119,3.0,53.75818181817839,50.13266841725762,65.4,0,0,0,0,0,1,23.034008815381647,0.0,0.0,0.0,100.0,10.0,1.7489517343545498,1.0,0.0,0.0,1.0,0.0,48.0
93.0,3.0,5.0,10.769992688451,106.688604873808,2.0,19.38917355371901,15.13100312673361,2700.3,1,0,0,0,0,0,45.02458601201859,93.12372699329704,2.520460689553013,4.35433100025923,0.0,6.0,1.5195961141701706,0.0,0.0,0.0,0.0,1.0,12.5
120.0,4.0,6.0,10.6843346934402,106.750219861947,2.0,8.131668552257471,7.431275025157785,,1,0,0,0,0,0,11.761918800261277,,,,,12.0,11.519092244076056,0.0,0.0,0.0,1.0,0.0,6.99
53.0,3.0,8.0,10.7437508647888,106.684115156216,3.0,9.364834955468142,15.13100312673361,783.3,1,0,0,0,0,0,16.644438696094667,93.19417847567982,0.0,0.0,6.8007149240393225,7.0,4.037519266701724,1.0,0.0,0.0,1.0,0.0,7.6
46.0,2.0,4.0,10.7544077003943,106.600911361988,0.0,10.737500000006847,13.482984203694478,855.3,0,1,1,0,0,0,13.472608342303552,11.222962703145097,0.0,0.0,88.7828831988776,4.0,11.204668400205206,0.0,0.0,0.0,0.0,1.0,3.9
42.0,3.0,5.0,10.85311011245437,106.6384382173419,2.0,8.826587030733174,15.500554052311237,78.5,1,0,0,0,0,0,16.846557206889077,17.019108280254777,0.0,0.0,82.98089171974522,6.0,10.970738563590814,0.0,0.0,0.0,1.0,0.0,4.78
99.0,3.0,10.6,10.6914795113554,106.736064197897,0.0,8.131668552257471,7.431275025157785,1239.5,1,0,1,0,0,1,19.567814035091047,37.38362242839855,62.61315046389673,0.0,0.0,8.0,10.144855507214992,0.0,0.0,0.0,0.0,1.0,7.5
80.0,4.0,8.0,10.8801259725602,106.65126196325,2.0,8.826587030733174,13.805666803246416,3174.2,0,1,1,0,0,0,18.206777355077413,36.7957280574633,0.0,0.0,63.20301178249639,10.0,12.793887100336788,0.0,0.0,0.0,0.0,1.0,8.2
260.0,1.0,12.0,10.8519761322237,106.615010490452,3.0,8.826587030733174,14.285467555474675,,0,0,0,0,0,0,20.25050569105691,,,,,2.0,12.640511520562084,0.0,0.0,0.0,1.0,0.0,13.99
48.0,3.0,3.0,10.7745867053266,106.697466674094,0.0,53.75818181817839,80.81249751703449,146.7,0,0,0,0,0,0,27.875779929550006,0.7157464212678938,0.0,99.2638036809816,0.0,7.0,0.4268645630413553,0.0,0.0,0.0,1.0,0.0,15.5
55.0,3.0,6.216666666666667,10.8411099535991,106.651035222887,2.0,11.098013468022373,23.820911987062647,2401.2,1,0,0,0,1,1,20.25050569105691,10.364817591204398,0.0,0.0,89.63726470098284,6.0,9.07288111050607,0.0,0.0,0.0,0.0,1.0,5.95
273.0,3.0,12.0,10.7430769859138,106.729825108927,0.0,17.789285714285825,14.672222873812292,662.4,0,0,0,0,0,0,8.354727166160457,8.543176328502417,0.0,0.0,91.45833333333334,10.0,4.821680519267565,0.0,0.0,1.0,0.0,0.0,29.0
120.0,4.0,4.0,10.7992051520477,106.650553810107,2.0,19.38917355371901,20.454141465138118,104.9,1,0,0,0,0,0,19.567814035091047,0.9532888465204956,0.0,0.0,99.02764537654907,12.0,6.094346430541024,0.0,0.0,0.0,1.0,0.0,8.5
64.0,2.0,30.0,10.8011502943852,106.618871835963,3.0,14.87073929990493,17.8318693459886,4709.7,0,0,0,0,1,0,18.4257909704719,44.674183068985286,31.7746353270909,0.0,23.530585812259805,5.0,9.407049431060155,0.0,0.0,0.0,1.0,0.0,15.9
114.0,4.0,12.0,10.7899225868368,106.593237920479,3.0,10.737500000006847,13.71334205498395,777.6,0,1,1,0,1,0,20.25050569105691,12.056327160493826,71.25385802469137,0.0,16.687242798353907,10.0,11.883216623144143,0.0,0.0,1.0,0.0,0.0,12.5
60.0,2.0,12.0,10.8492380287522,106.658533035515,3.0,11.098013468022373,9.674953215540254,162.4,0,0,0,0,0,0,17.21642624996233,84.67980295566502,0.0,0.0,15.344827586206897,4.0,9.377357282837195,0.0,0.0,0.0,1.0,0.0,7.2
110.0,5.0,12.2,10.7721122433244,106.672229186074,3.0,24.737282299672927,20.454141465138118,4918.0,0,0,0,0,0,1,23.47480801259286,62.5884505896706,0.0,0.0,37.41256608377389,9.0,3.1831882557835804,0.0,1.0,0.0,1.0,0.0,38.0
42.0,3.0,5.75,10.7908885789972,106.714371822547,0.0,18.827244701348747,41.01013634331939,116.3,1,0,0,0,0,1,18.619763285830498,0.0,0.0,0.0,100.0,6.0,2.2005505483727426,0.0,0.0,0.0,0.0,1.0,5.1
72.0,2.0,4.0,10.8674858147955,106.628354765552,3.0,8.826587030733174,9.23912502081522,,1,0,0,0,0,0,17.671025386590237,,,,,5.0,12.907702987445903,0.0,0.0,0.0,1.0,0.0,4.93
62.0,4.0,12.0,10.6919146667698,106.736218337204,3.0,8.131668552257471,7.431275025157785,2106.8,0,1,1,0,0,0,19.567814035091047,0.0,99.99952534649704,0.0,0.0,9.0,10.106425575883732,0.0,0.0,0.0,0.0,1.0,9.7
239.0,1.0,10.9,10.7934814998922,106.691317164744,3.0,53.75818181817839,34.07029975082686,2014.6,0,0,0,0,0,1,26.14981200653238,40.262086766603794,0.0,0.0,59.738409609848105,8.0,2.218208495118388,0.0,0.0,0.0,0.0,1.0,67.0
1.72,2.0,20.0,10.8056716682615,106.749761852785,3.0,38.647438220481845,44.55718221916659,,0,0,0,0,0,0,20.25050569105691,,,,,10.0,6.256016038892982,0.0,1.0,0.0,1.0,0.0,320.0
31.0,4.0,3.0,10.7560503710224,106.685806896739,0.0,53.75818181817839,26.429608342303553,58.4,1,0,0,0,0,0,20.25050569105691,50.49657534246575,0.0,0.0,49.45205479452055,5.0,2.7769934487276338,0.0,0.0,0.0,1.0,0.0,6.6
54.0,5.0,8.0,10.7875746821404,106.662608909853,3.0,19.38917355371901,20.339947871608835,104.9,0,0,0,0,0,1,14.535280883434632,0.0,0.0,0.0,99.96186844613918,9.0,4.397039111796693,0.0,0.0,0.0,0.0,1.0,7.49
73.0,4.0,4.0,10.7775601829241,106.768776979297,2.0,38.647438220481845,16.791900388268562,,1,0,0,1,0,0,19.567814035091047,,,,,9.0,7.394648511192725,0.0,0.0,1.0,0.0,0.0,8.4
54.0,3.0,6.1,10.781512381339,106.65351529287,2.0,19.38917355371901,23.820911987062647,782.1,1,0,0,0,0,1,20.25050569105691,98.1293952180028,0.0,0.0,1.8693261731236417,10.0,5.233839904845038,0.0,1.0,0.0,1.0,0.0,13.5
52.0,3.0,6.0,10.7994664574946,106.641176712678,0.0,19.38917355371901,15.61262632367065,586.6,1,0,0,0,0,0,17.16889699849127,99.41016024548244,0.0,0.0,0.5966587112171837,7.0,7.046353688827029,1.0,0.0,0.0,0.0,1.0,8.8
126.0,4.0,15.1,10.83486001270886,106.84296698680993,0.0,19.053737403258268,21.65981557903033,,0,1,1,1,0,1,22.156780321650697,,,,,11.0,16.82073509175445,0.0,0.0,0.0,1.0,0.0,23.5
127.0,7.0,17.9,10.7697695872993,106.688262173808,0.0,53.75818181817839,50.13266841725762,1860.6,0,0,0,0,1,1,45.02458601201859,90.0021498441363,0.0,9.9957003117274,0.0,10.0,1.564136551033999,1.0,0.0,0.0,1.0,0.0,80.0
40.0,2.0,4.0,10.7985184680121,106.606346341556,2.0,14.87073929990493,13.051852005459661,252.2,1,1,1,0,0,0,20.25050569105691,10.97541633624108,0.0,0.0,89.02458366375893,4.0,10.648520596861172,0.0,0.0,0.0,1.0,0.0,4.2
60.0,4.0,6.0,10.7303969984462,106.738667816905,0.0,17.789285714285825,8.648767860862735,9702.3,0,1,1,0,0,0,20.25050569105691,0.0,0.0,0.0,100.0,9.0,6.5234978774278,0.0,0.0,0.0,0.0,1.0,10.6
40.0,4.0,20.0,10.788833743713,106.699260513765,0.0,53.75818181817839,48.487230363696476,4469.5,0,0,0,0,0,1,21.249348064673793,85.4773464593355,0.0,14.523324756684191,0.0,5.0,1.4411234050172164,0.0,0.0,0.0,0.0,1.0,18.0
70.0,4.0,10.599999999999998,10.879444984821472,106.55228057312924,0.0,9.79203162611253,14.844224781192123,34049.8,0,1,1,1,1,1,19.567814035091047,0.0,10.637712996845796,89.36234574065045,0.0,9.0,19.911811334098193,0.0,1.0,0.0,1.0,0.0,6.5
57.0,3.0,5.966666666666667,10.7612922368563,106.689998980946,3.0,53.75818181817839,59.25648860397285,915.3,0,0,0,0,0,1,31.338914411207632,9.175133835900798,90.83032885392768,0.0,0.0,10.0,2.035956930649186,0.0,0.0,0.0,1.0,0.0,22.0
120.0,1.0,3.0,10.7935855205184,106.718285172199,0.0,18.827244701348747,41.01013634331939,3710.2,0,1,0,0,0,0,42.28415103036848,92.2907120909924,0.0,7.7092879090076,0.0,10.0,2.7106028774645208,0.0,0.0,1.0,0.0,0.0,9.9
216.0,3.0,18.0,10.7533991315616,106.614252373578,3.0,10.737500000006847,19.36213730687916,,0,1,1,0,1,1,19.375154550884368,,,,,10.0,9.814290332440642,0.0,0.0,0.0,1.0,0.0,42.0
75.0,4.0,8.0,10.7722233361155,106.66938075836,2.0,24.737282299672927,20.454141465138118,2660.0,1,0,0,0,0,0,26.807768326301748,58.180075187969926,0.0,0.0,41.81203007518797,13.0,3.490200160264799,0.0,0.0,0.0,1.0,0.0,18.6
68.0,3.0,5.3,10.8481564559758,106.64238587069,2.0,11.098013468022373,15.61262632367065,149.1,1,1,0,0,0,1,11.178588935354508,48.920187793427225,0.0,51.079812206572775,0.0,9.0,10.271301431104522,0.0,0.0,0.0,1.0,0.0,7.19
167.0,9.0,8.0,10.8350828479258,106.684002691481,3.0,11.098013468022373,20.339947871608835,110.2,0,0,0,0,0,0,16.60869960096871,55.64428312159709,0.0,0.0,44.33756805807622,30.0,6.829963736517243,0.0,0.0,0.0,1.0,0.0,31.5
337.0,4.0,8.9,10.8548451122484,106.768144419657,3.0,15.48107692307722,16.99010834230355,,0,0,0,0,0,1,22.194851405872406,,,,,73.0,11.422936187628308,0.0,0.0,0.0,1.0,0.0,48.0
21.0,2.0,4.0,10.8805163608587,106.630713570794,0.0,8.826587030733174,11.964993989558423,107.9,0,0,0,0,0,0,20.25050569105691,0.0,0.0,0.0,100.0,4.0,13.93404412172139,1.0,0.0,1.0,0.0,0.0,1.03
56.0,2.0,3.0,10.7768708012356,106.639000686189,3.0,14.87073929990493,21.72974125281273,1628.8,0,1,1,0,0,0,19.688090336254568,94.46832023575638,0.0,0.0,5.451252455795679,5.0,6.784042451282815,0.0,0.0,0.0,1.0,0.0,6.0
53.0,4.0,5.4,10.8867513252931,106.723884846958,3.0,15.48107692307722,16.424313862581496,,1,1,1,0,1,1,17.208721774105186,,,,,5.0,12.56388129692485,0.0,0.0,0.0,1.0,0.0,4.47
87.0,3.0,6.5,10.800721864635282,106.79314870387316,0.0,19.053737403258268,23.42179327737413,,0,0,0,0,0,1,20.25050569105691,,,,,12.0,10.42345946508729,0.0,0.0,1.0,0.0,0.0,17.0
96.0,5.0,12.0,10.8119804415208,106.692368845155,3.0,18.827244701348747,16.924787565129154,136.8,0,0,0,0,0,1,25.38415763254146,14.020467836257309,0.0,0.0,85.97222222222221,10.0,4.112937103468115,0.0,0.0,1.0,0.0,0.0,16.5
490.0,2.0,16.9,10.8057082323929,106.74973226419,0.0,38.647438220481845,44.55718221916659,,0,0,0,0,0,1,20.25050569105691,,,,,14.0,6.2554161871934895,0.0,1.0,0.0,1.0,0.0,150.0
66.0,2.0,4.0,10.7937365944551,106.642324779593,0.0,19.38917355371901,15.61262632367065,1398.8,0,0,0,0,0,0,19.334768492444127,98.50586216757222,0.0,0.0,1.4912782384901344,6.0,6.716168422866538,0.0,0.0,0.0,1.0,0.0,8.9
59.0,3.0,4.0,10.8283904501635,106.690318420177,3.0,11.098013468022373,15.149860937399001,193.5,0,0,0,0,0,0,16.60869960096871,0.0,0.0,0.0,99.97932816537468,7.0,5.94338558255342,0.0,0.0,1.0,0.0,0.0,7.2
50.0,3.0,3.0,10.7447742879497,106.67580959132,3.0,9.364834955468142,18.093318479606467,143.4,0,1,1,1,1,0,19.097351273645593,55.48117154811716,0.0,0.0,44.51882845188285,7.0,4.43715786241348,0.0,0.0,1.0,0.0,0.0,6.78
44.0,4.0,12.0,10.7315738808673,106.744878353215,0.0,17.789285714285825,8.648767860862735,3478.6,0,0,0,0,0,0,8.354727166160457,42.50071867992871,0.0,57.49928132007129,0.0,7.0,6.875676791527069,0.0,0.0,0.0,0.0,1.0,5.5
130.0,2.0,5.0,10.7492925722145,106.639320170388,0.0,12.006306645336863,16.924787565129154,16.9,0,0,0,0,0,0,18.147843146474766,66.74556213017752,33.49112426035503,0.0,0.0,6.0,7.373268219110341,0.0,0.0,0.0,1.0,0.0,13.0
101.0,1.0,5.0,10.8456618737652,106.717908614032,3.0,15.48107692307722,17.78611714762465,,1,0,0,0,1,0,15.155664323925304,,,,,4.0,7.960629821372979,0.0,0.0,0.0,1.0,0.0,7.9
43.0,2.0,4.0,10.7973411962209,106.681197959535,3.0,18.63592086332186,18.83383064658232,1229.4,0,0,0,0,0,0,21.485572441587628,96.2819261428339,0.0,0.0,3.7164470473401656,4.0,3.218251485971895,0.0,0.0,0.0,1.0,0.0,7.5
45.0,4.0,13.566666666666668,10.8292114253359,106.689166277534,2.0,11.098013468022373,15.149860937399001,2798.6,1,1,0,0,0,1,16.60869960096871,35.168298434931756,0.0,0.0,64.83170156506826,9.0,6.058712209223035,0.0,0.0,0.0,1.0,0.0,8.8
64.0,3.0,11.333333333333332,10.764215327115,106.66967712896,3.0,24.737282299672927,18.093318479606467,755.0,0,0,0,0,0,1,20.25050569105691,99.7205298013245,0.0,0.0,0.2754966887417218,9.0,3.674139314072798,0.0,1.0,0.0,1.0,0.0,18.0
332.0,4.0,30.5,10.8108872472188,106.666426226917,0.0,19.38917355371901,20.918551142754602,126.6,0,0,0,0,0,1,26.252298540169484,12.480252764612954,0.0,0.0,87.55134281200633,10.0,5.421510818362205,0.0,0.0,0.0,0.0,0.0,60.0
48.0,4.0,12.0,10.7785485699879,106.642940987469,2.0,14.87073929990493,21.72974125281273,43.8,1,1,1,0,0,0,20.25050569105691,0.0,0.0,0.0,100.0,7.0,6.359236624210337,1.0,0.0,0.0,1.0,0.0,8.5
34.0,3.0,10.0,10.7612450264896,106.692369335341,3.0,53.75818181817839,32.631365062301924,365.3,0,0,0,0,0,1,24.998865480621035,84.83164522310429,1.9107582808650423,0.0,13.26307144812483,7.0,1.8977319811486155,0.0,0.0,0.0,1.0,0.0,18.2
480.0,4.0,12.5,10.7824122009499,106.693796536337,0.0,54.46617152529408,106.67729565230768,5018.0,0,0,0,0,0,1,20.25050569105691,96.94021522518932,0.0,3.0601833399760863,0.0,17.0,1.069965291616879,0.0,0.0,0.0,1.0,0.0,225.0
115.0,4.0,20.0,10.8151321398871,106.672987961269,3.0,19.38917355371901,20.918551142754602,1132.9,0,0,0,0,0,0,18.58425689749212,99.31503221820104,0.0,0.0,0.6840850913584605,12.0,5.3256278333016205,0.0,0.0,0.0,1.0,0.0,23.8
160.0,4.0,18.0,10.8020801397574,106.649562706864,3.0,19.38917355371901,20.454141465138118,252802.3,1,0,0,0,0,1,28.509028490145873,2.1049808486710764,0.0,19.24298157097463,0.2418095088533609,15.0,6.33244425569448,0.0,1.0,0.0,1.0,0.0,53.0
60.0,4.0,7.25,10.8298100181314,106.702253812716,0.0,18.827244701348747,16.235786892588425,2379.9,0,0,1,0,0,1,19.23866524947719,7.752426572545065,0.0,0.0,92.24757342745494,8.0,5.984728055460513,0.0,0.0,0.0,1.0,0.0,10.0
28.0,2.0,5.0,10.781540068394,106.60669839719,2.0,10.737500000006847,11.523850027712317,130.0,1,0,0,0,0,0,20.25050569105691,0.0,0.0,0.0,99.96923076923078,4.0,10.330161410005507,0.0,0.0,0.0,1.0,0.0,3.85
88.0,6.0,8.0,10.7790685617552,106.679093861149,0.0,24.737282299672927,20.454141465138118,1704.0,0,0,0,0,0,0,14.535280883434632,91.78286384976526,8.21537558685446,0.0,0.0,21.0,2.42790366203827,0.0,0.0,0.0,1.0,0.0,27.0
95.0,5.0,16.0,10.8026534792809,106.777214844296,3.0,38.647438220481845,44.55718221916659,,0,1,1,1,1,0,19.567814035091047,,,,,9.0,8.826422947562595,0.0,0.0,0.0,1.0,0.0,37.0
67.0,5.0,6.0,10.7647886107955,106.616286635324,3.0,10.737500000006847,8.135783941420566,1912.0,1,0,0,0,0,0,19.567814035091047,68.26464435146443,0.0,1.4843096234309625,30.252092050209207,9.0,9.348179942985084,0.0,0.0,0.0,1.0,0.0,6.89
130.0,5.0,12.0,10.806036161543,106.668389394586,0.0,19.38917355371901,20.918551142754602,3007.7,0,0,0,0,0,1,23.161245700728948,38.27276656581441,4.479170129999668,0.0,57.2467333843136,16.0,4.890867350273011,0.0,0.0,0.0,0.0,1.0,23.9
127.0,2.0,3.0,10.6924647310426,106.74102032045,0.0,8.131668552257471,7.431275025157785,3078.9,0,0,0,0,0,0,8.354727166160457,90.07047971678196,0.0,0.0,9.929195491896458,9.0,10.261604431971492,0.0,0.0,1.0,0.0,0.0,5.75
100.0,4.0,13.25,10.7383604418736,106.578061187304,3.0,10.737500000006847,17.86847969544204,2161.8,1,1,1,1,0,1,21.09482090226569,38.45637894347303,61.54130816911832,0.0,0.0,9.0,14.077427429838512,0.0,0.0,0.0,1.0,0.0,5.65
29.0,6.0,8.0,10.7599871973304,106.686534652682,3.0,53.75818181817839,59.25648860397285,35702.3,1,0,1,0,0,0,19.575220884013127,0.4421843970836612,99.55787162171625,0.0,0.0,9.0,2.3878545949079286,0.0,0.0,0.0,0.0,1.0,12.0
64.0,3.0,20.0,10.7344319933194,106.657651005296,3.0,9.364834955468142,15.149860937399001,9370.4,1,1,1,1,0,0,19.147615456211028,42.10716725006404,19.59041236233245,0.0,38.301993511482976,9.0,6.625176105749936,0.0,0.0,0.0,0.0,1.0,11.8
57.0,3.0,4.0,10.8712238267797,106.628763496033,0.0,8.826587030733174,9.23912502081522,,1,1,1,1,0,0,17.369957436871715,,,,,7.0,13.210980426490336,0.0,0.0,0.0,1.0,0.0,4.79
56.0,2.0,6.475,10.852717664059,106.72001770515,0.0,15.48107692307722,17.78611714762465,,1,1,1,0,0,1,17.21642624996233,,,,,6.0,8.777274683162327,0.0,0.0,0.0,1.0,0.0,4.5
40.0,2.0,5.509090909090909,10.848507009105,106.718213308746,0.0,15.48107692307722,15.706358342303552,,1,0,0,0,0,1,19.385376428405934,,,,,3.0,8.27623889646674,0.0,0.0,0.0,1.0,0.0,3.26
120.0,2.0,30.0,10.7596380606619,106.673367940443,3.0,29.82381843840417,24.56391683041859,24736.4,1,1,0,0,0,0,26.807768326301748,58.05529503080481,3.194765608576834,29.987063598583465,8.762794909526042,5.0,3.533717509553921,0.0,0.0,0.0,0.0,1.0,60.0
50.0,5.0,5.0,10.7718386635673,106.586382293258,0.0,10.737500000006847,11.79885823719474,4078.7,0,0,0,0,0,0,20.25050569105691,15.705494397724769,0.0,0.0,84.29327972147989,10.0,12.53970948698522,0.0,0.0,0.0,0.0,1.0,7.8
510.0,4.0,30.0,10.7780274809008,106.746577602697,0.0,38.647438220481845,23.346267146280812,,0,0,1,0,0,0,38.40280152808539,,,,,11.0,4.9728002165696825,0.0,1.0,1.0,0.0,0.0,200.0
45.0,4.0,13.566666666666668,10.8065276114248,106.71140950003,0.0,18.827244701348747,23.596282954466844,203.7,0,0,1,0,0,1,20.263535304628697,21.575846833578797,0.0,0.0,78.40451644575357,9.0,3.5764252795154743,0.0,0.0,0.0,0.0,1.0,8.25
76.0,2.0,8.0,10.7317826978895,106.744604141123,2.0,17.789285714285825,8.648767860862735,3478.6,1,0,0,0,0,0,8.354727166160457,42.50071867992871,0.0,57.49928132007129,0.0,4.0,6.838159517650581,0.0,0.0,1.0,0.0,0.0,8.25
46.0,2.0,3.0,10.8106715623739,106.713628158009,3.0,18.827244701348747,20.47473566303819,640.1,1,0,0,0,0,0,20.263535304628697,0.0,99.99531323230744,0.0,0.0,5.0,4.090957519117409,0.0,0.0,0.0,1.0,0.0,6.79
56.0,2.0,3.0,10.7144246547859,106.736886062321,3.0,17.789285714285825,18.28632481919144,575.5,0,1,1,0,0,0,8.354727166160457,34.68983492615117,0.0,0.0,65.31190269331016,5.0,7.884378479354688,0.0,0.0,1.0,0.0,0.0,3.2
84.0,4.0,16.0,10.7109620576186,106.693797870446,0.0,8.131668552257471,13.173106254134565,3879.6,0,0,0,0,1,0,20.25050569105691,30.48458603979792,0.0,0.0,69.51438292607486,9.0,7.2757536256394335,0.0,0.0,0.0,0.0,1.0,9.29
57.0,5.0,8.0,10.7516456164437,106.70168348128,0.0,17.789285714285825,17.287883938053668,498563.61,1,1,0,0,0,0,13.55522012715968,95.4990898754123,0.0,0.1154456499542756,4.385462468871324,8.0,2.7088338787530986,0.0,0.0,0.0,0.0,1.0,12.99
57.0,5.0,6.0,10.7784156796271,106.669611838136,0.0,24.737282299672927,16.235786892588425,86515.0,0,1,1,0,0,0,16.95010834230355,23.496838698491587,76.49160261226376,0.0,0.0,13.0,3.4500390855927265,0.0,0.0,1.0,0.0,0.0,12.2
176.0,4.0,6.0,10.7938530655201,106.678718915031,3.0,18.63592086332186,15.923197269929185,1660.1,1,0,0,0,0,0,43.77795732213526,79.13258237455577,0.0,0.0,20.86741762544425,11.0,3.1492033680755123,0.0,0.0,0.0,0.0,1.0,44.0
23.0,3.0,3.0,10.7916537249483,106.691206908189,0.0,53.75818181817839,34.07029975082686,102.4,0,0,0,0,0,1,25.9063569677296,0.0,0.0,0.0,99.98046875,4.0,2.0487828339438305,0.0,0.0,1.0,0.0,0.0,10.0
118.0,6.0,8.0,10.7658787602828,106.663186592503,0.0,24.737282299672927,15.61262632367065,14797.0,0,0,0,0,0,0,32.67330086593139,0.8584848280056768,99.14097452186252,0.0,0.0,17.0,4.291696983871122,0.0,0.0,0.0,1.0,0.0,27.6
80.0,2.0,12.0,10.7402413867901,106.715796616382,0.0,17.789285714285825,14.672222873812292,131.5,0,0,0,0,0,0,20.25050569105691,7.384030418250951,0.0,0.0,92.61596958174906,5.0,4.288064998558484,0.0,0.0,0.0,0.0,1.0,9.9
53.0,2.0,5.0,10.7823333432897,106.647838225376,3.0,19.38917355371901,14.561953480312356,45.1,1,1,1,1,0,0,20.25050569105691,17.494456762749444,0.0,0.0,82.50554323725055,6.0,5.860406865726609,0.0,0.0,0.0,1.0,0.0,8.99
337.0,7.0,19.5,10.798195516683,106.710910191028,0.0,18.827244701348747,18.54716240721297,3299.9,0,0,0,0,0,1,20.263535304628697,99.48059032091882,0.3063729203915269,0.0,0.2139458771477923,96.0,2.6906176958692525,0.0,0.0,0.0,0.0,0.0,45.0
72.0,6.0,10.0,10.7932646520408,106.717814111965,0.0,18.827244701348747,41.01013634331939,74.6,0,0,0,0,0,1,42.28415103036848,0.0,0.0,0.0,100.0,21.0,2.649260691983549,0.0,0.0,0.0,0.0,1.0,21.0
53.0,3.0,6.0,10.8455729658423,106.718327285866,2.0,15.48107692307722,17.78611714762465,,1,0,0,0,0,1,15.155664323925304,,,,,7.0,7.961693327171492,0.0,0.0,0.0,0.0,1.0,7.5
106.0,2.0,6.0,10.8030078245524,106.684632308517,3.0,18.63592086332186,15.13100312673361,38.9,1,0,0,0,0,0,21.719959264527965,3.470437017994859,0.0,0.0,96.45244215938304,5.0,3.5006168224382077,0.0,0.0,0.0,0.0,1.0,26.0
68.0,3.0,6.0,10.8329838238151,106.672482180812,2.0,11.098013468022373,14.561953480312356,54.9,1,1,1,0,0,0,14.324407498016885,0.0,0.0,0.0,99.8360655737705,8.0,7.0653471868294435,0.0,0.0,0.0,0.0,1.0,9.9
60.0,5.0,6.0,10.8146063699949,106.689729273479,2.0,11.098013468022373,15.13100312673361,111.1,0,0,0,0,0,0,17.40171754184511,6.336633663366337,0.0,0.0,93.61836183618362,10.0,4.468887168896248,0.0,0.0,0.0,1.0,0.0,8.5
154.0,4.0,14.0,10.84488,106.7182,3.0,15.48107692307722,17.78611714762465,,1,0,0,0,1,0,20.25050569105691,,,,,11.0,7.883538143067557,0.0,0.0,0.0,0.0,1.0,33.0
60.0,3.0,6.0,10.8546994983017,106.75299423439,0.0,15.48107692307722,18.03421329876938,,0,0,0,0,0,0,18.760003080075247,,,,,8.0,10.42614769186215,0.0,0.0,0.0,0.0,1.0,6.7
175.0,3.0,20.0,10.8710272997783,106.637234906314,3.0,8.826587030733174,11.964993989558423,1987.2,0,0,0,0,0,0,18.520635477981624,36.09601449275362,63.90197262479871,0.0,0.0,11.0,12.661146716231997,0.0,0.0,0.0,1.0,0.0,16.7
66.0,1.0,3.0,10.8540378354924,106.762838924584,0.0,15.48107692307722,17.056969241416212,,1,1,1,1,0,0,17.02299287958239,,,,,4.0,10.98940904318086,0.0,0.0,0.0,1.0,0.0,4.8
85.0,1.0,7.0,10.671891645422,106.702509992329,0.0,8.131668552257471,11.187905093453665,,1,0,1,0,0,0,8.502652923904137,,,,,2.0,11.577345746150629,0.0,0.0,0.0,1.0,0.0,3.99
50.0,3.0,5.5,10.87904,106.5525,0.0,9.79203162611253,14.844224781192123,34049.8,0,0,0,0,0,1,19.567814035091047,0.0,10.637712996845796,89.36234574065045,0.0,8.0,19.86625787576402,0.0,1.0,0.0,1.0,0.0,6.0
85.0,2.0,10.0,10.7689674205624,106.683797499994,3.0,54.46617152529408,18.093318479606467,3958.7,0,0,0,0,0,1,23.200342816816367,0.0,0.0,0.0,100.0,4.0,2.0454272979293675,0.0,0.0,0.0,1.0,0.0,28.0
68.0,2.0,6.0,10.799451494874482,106.61344673484564,3.0,14.87073929990493,17.8318693459886,7094.6,0,1,0,0,0,1,18.4257909704719,19.300171961773746,0.0,0.0,80.69996899049981,4.0,9.923115218654289,0.0,0.0,0.0,1.0,0.0,7.0
98.0,1.0,6.0,10.7873250455211,106.76416465437,3.0,38.647438220481845,23.346267146280812,,0,0,0,1,0,0,30.56532612762346,,,,,2.0,7.002836058837861,0.0,0.0,0.0,1.0,0.0,8.3
42.0,2.0,3.6666666666666665,10.7629498361667,106.686773407653,0.0,53.75818181817839,59.25648860397285,2619.3,1,1,0,1,1,1,72.86150756189254,99.6766311609972,0.3214599320429122,0.0,0.0,4.0,2.134222864651408,0.0,0.0,0.0,1.0,0.0,10.0
77.0,2.0,3.0,10.7264898233497,106.73377788694,2.0,17.789285714285825,8.648767860862735,493.7,1,0,0,0,0,1,8.354727166160457,9.586793599351832,0.0,0.0,90.40307879278916,7.0,6.56138801278058,0.0,0.0,0.0,0.0,1.0,6.9
106.0,3.0,6.0,10.7955949530669,106.64090905136,2.0,19.38917355371901,15.61262632367065,667.4,1,0,0,0,0,0,21.19494463973162,90.86305064429128,0.0,0.0,9.13694935570872,6.0,6.926323568328393,0.0,0.0,0.0,1.0,0.0,12.8
55.0,4.0,6.0,10.8676661734866,106.626899144443,2.0,8.826587030733174,9.23912502081522,,0,0,1,0,0,0,20.25050569105691,,,,,9.0,13.021853046399976,0.0,0.0,0.0,0.0,1.0,6.99
104.0,2.0,4.0,10.7843701652447,106.759576066709,2.0,38.647438220481845,23.346267146280812,,1,0,0,0,0,0,19.567814035091047,,,,,5.0,6.454941697973758,0.0,0.0,1.0,0.0,0.0,10.7
112.0,4.0,12.0,10.8068397060553,106.662403215166,3.0,19.38917355371901,18.093318479606467,172.7,0,0,0,0,0,0,20.25050569105691,0.0,0.0,0.0,100.0,17.0,5.442913077211703,0.0,0.0,0.0,0.0,1.0,18.0
35.0,2.0,4.5,10.8031409372034,106.716579378709,0.0,18.827244701348747,23.596282954466844,7122.2,1,0,1,0,0,1,21.692084895986877,10.031170144056611,89.35132402909214,0.0,0.6173654207969448,6.0,3.4592963505212784,0.0,1.0,0.0,1.0,0.0,7.0
59.0,2.0,4.5,10.800321840295,106.690337739739,3.0,18.63592086332186,15.288713651298618,232.2,0,0,0,0,0,1,19.5012876430688,91.60637381567616,0.0,0.0,8.406546080964686,6.0,2.9489097946029132,0.0,0.0,0.0,0.0,1.0,7.55
90.0,4.0,10.0,10.7017592579336,106.728887858385,0.0,17.789285714285825,18.28632481919144,5581.4,1,0,0,0,1,0,20.25050569105691,47.60221449815459,1.2125989895008424,0.0,51.18572401189666,9.0,8.795682520733546,0.0,0.0,0.0,0.0,1.0,16.5
150.0,5.0,18.6,10.8026399913174,106.641564784056,0.0,19.38917355371901,16.235786892588425,428.2,1,0,0,0,0,1,28.509028490145873,81.18402615600186,0.0,0.0,18.79262027090145,7.0,7.145883380725531,0.0,1.0,0.0,1.0,0.0,22.5
67.0,4.0,4.0,10.790698622809,106.689588900512,3.0,53.75818181817839,34.07029975082686,769.3,0,1,0,0,0,0,20.25050569105691,91.27778499935006,0.0,0.0,8.720915117639413,9.0,2.0621086116345126,0.0,0.0,0.0,1.0,0.0,15.3
28.0,2.0,2.0,10.8807856909013,106.726430256834,0.0,15.48107692307722,16.424313862581496,,1,0,0,0,0,0,20.25050569105691,,,,,4.0,11.975552705930037,0.0,0.0,0.0,1.0,0.0,2.2
200.0,7.0,29.0,10.7990573682755,106.649872638814,3.0,19.38917355371901,20.454141465138118,201.7,0,0,0,0,0,1,20.25050569105691,14.318294496777392,0.0,0.0,85.67674764501736,12.0,6.154971274473497,0.0,1.0,0.0,1.0,0.0,75.0
51.0,2.0,10.966666666666669,10.8359535163868,106.72657998623,0.0,15.48107692307722,14.40074884671146,,0,0,1,0,0,1,20.25050569105691,,,,,5.0,7.224105323409807,0.0,0.0,0.0,1.0,0.0,6.8
100.0,5.0,10.0,10.7491057387446,106.655029047987,3.0,29.82381843840417,16.235786892588425,3213.2,0,0,0,0,0,1,20.25050569105691,78.88304493962406,4.030561434084402,0.0,17.087638491223704,9.0,5.854196771872344,0.0,0.0,0.0,1.0,0.0,41.0
75.0,6.0,20.0,10.7949974776719,106.652836061721,3.0,19.38917355371901,20.454141465138118,74.0,0,0,0,0,0,0,20.25050569105691,0.0,0.0,0.0,100.0,20.0,5.679371812672264,0.0,0.0,0.0,0.0,1.0,21.5
80.0,2.0,12.0,10.8425124250108,106.650973991655,3.0,11.098013468022373,23.820911987062647,9636.3,1,0,0,0,0,0,18.364041163673342,15.746915309818084,84.25329223872234,0.0,0.0,4.0,9.201773021786394,0.0,0.0,0.0,1.0,0.0,8.0
110.0,3.0,20.0,10.8635242481637,106.625151650363,3.0,8.826587030733174,9.23912502081522,815.3,1,0,0,0,0,0,21.19814232501748,0.0,100.0,0.0,0.0,13.0,12.787601062544155,0.0,0.0,0.0,1.0,0.0,13.6
72.0,2.0,10.5,10.7398202895953,106.678056934103,0.0,9.364834955468142,18.093318479606467,8587.5,0,1,1,0,0,1,18.937461252786104,22.052634643377,0.0,0.0,77.94748180494905,6.0,4.745632068342931,0.0,0.0,0.0,1.0,0.0,6.12
267.0,7.0,22.0,10.7952570003588,106.659115014912,3.0,19.38917355371901,18.093318479606467,1906.4,0,0,0,0,0,1,20.25050569105691,99.50639949643306,0.0,0.0,0.4946496013428451,5.0,5.061312641335123,0.0,0.0,0.0,1.0,0.0,40.0
60.0,3.0,6.0,10.7301012688637,106.738665293908,2.0,17.789285714285825,8.648767860862735,1366.2,1,0,0,0,1,0,20.25050569105691,7.738984043331869,0.0,0.0,92.25882008490704,9.0,6.548920084836432,0.0,0.0,0.0,0.0,1.0,10.6
70.0,4.0,10.599999999999998,10.873095046571,106.768128675707,3.0,15.48107692307722,14.40074884671146,,0,1,0,0,0,1,20.25050569105691,,,,,9.0,13.04436839734894,0.0,0.0,0.0,0.0,1.0,13.5
80.0,4.0,12.0,10.8041527464998,106.717083962428,3.0,18.827244701348747,23.596282954466844,1557.9,0,0,0,0,0,0,20.25050569105691,61.30752936645484,38.691828743821816,0.0,0.0,14.0,3.5843937157692847,0.0,0.0,1.0,0.0,0.0,20.0
120.0,5.0,10.0,10.8011609823262,106.688859135397,3.0,18.63592086332186,15.288713651298618,2444.0,0,0,0,0,0,0,20.25050569105691,8.85351882160393,91.018821603928,0.0,0.1292962356792144,12.0,3.1008508766627103,0.0,0.0,0.0,0.0,0.0,27.9
505.0,2.0,5.0,10.8788402941155,106.669139083452,0.0,8.826587030733174,9.397256429506324,3062.4,0,0,1,0,0,0,17.09291764913859,6.210815047021943,6.0201149425287355,0.0,87.76743730407523,5.0,11.956210451718857,0.0,0.0,0.0,0.0,1.0,11.8
88.0,2.0,4.0,10.8574882010308,106.775958426297,0.0,15.48107692307722,16.99010834230355,,0,1,1,0,0,0,17.02299287958239,,,,,4.0,12.204496939379812,0.0,0.0,0.0,1.0,0.0,5.79
60.0,3.0,5.0,10.8455210172966,106.726183687189,0.0,15.48107692307722,14.40074884671146,,1,1,1,0,0,0,18.903841583700096,,,,,6.0,8.201504113231929,0.0,0.0,1.0,0.0,0.0,6.2
360.0,1.0,16.0,10.8686009979242,106.64410724624,3.0,8.826587030733174,14.549898133423875,986.8,1,1,1,0,1,0,20.25050569105691,10.45905958654236,0.0,0.0,89.53891366031618,2.0,12.031991446720117,0.0,0.0,0.0,1.0,0.0,23.5
126.0,5.0,10.8,10.83619200286734,106.84325589554368,0.0,19.053737403258268,25.613782122221185,,0,0,0,0,0,1,22.156780321650697,,,,,11.0,16.90785788379473,0.0,0.0,0.0,1.0,0.0,19.5
169.0,1.0,6.0,11.0159637091837,106.427824486395,3.0,17.449365566351183,18.215401475739995,,0,0,0,0,0,0,20.25050569105691,,,,,3.0,40.02918352178489,0.0,0.0,0.0,1.0,0.0,2.0
99.0,3.0,8.0,10.8037250923206,106.745677924178,3.0,15.48107692307722,58.28290665694527,,0,1,1,0,0,0,19.385376428405934,,,,,9.0,5.7631029488910395,0.0,0.0,0.0,1.0,0.0,36.8
61.0,4.0,6.0,10.7794746826567,106.667365627669,0.0,24.737282299672927,15.923197269929185,42832.0,1,0,0,0,0,0,16.95010834230355,8.418588905491221,91.34313130369816,0.0,0.2376260739633918,8.0,3.705121838080851,0.0,0.0,0.0,1.0,0.0,13.9
106.0,4.0,6.0,10.8054987906548,106.682577707781,3.0,18.63592086332186,15.149860937399001,277.3,1,0,0,0,0,0,12.77062601913981,17.61630003606203,82.39451857194375,0.0,0.0,10.0,3.853876209108989,0.0,0.0,0.0,0.0,1.0,15.49
34.0,3.0,4.0,10.7610677410809,106.692407027713,3.0,53.75818181817839,32.631365062301924,1350.4,0,0,0,0,0,1,24.998865480621035,26.692831753554497,73.30790876777252,0.0,0.0,5.0,1.9127533388073477,0.0,0.0,1.0,0.0,0.0,17.9
70.0,2.0,3.0,10.7977526374905,106.705205831553,2.0,18.827244701348747,15.081788755498186,97.9,1,0,0,0,0,1,19.911470140858842,0.0,100.0,0.0,0.0,9.0,2.460009273559993,0.0,0.0,0.0,0.0,1.0,10.2
14.0,2.0,4.0,10.7570213677335,106.638716045429,2.0,13.32081849341783,18.83383064658232,783.1,1,0,0,0,0,0,20.25050569105691,13.82965138551909,86.1677946622398,0.0,0.0,4.0,7.13394613576643,0.0,0.0,1.0,0.0,0.0,2.88
43.0,3.0,6.0,10.7516344798607,106.701631323896,2.0,17.789285714285825,17.287883938053668,498563.61,1,0,0,0,0,0,13.55522012715968,95.4990898754123,0.0,0.1154456499542756,4.385462468871324,7.0,2.709943851205493,0.0,0.0,0.0,0.0,1.0,8.6
50.0,4.0,4.0,10.8515946946845,106.658543826287,2.0,11.098013468022373,9.674953215540254,144.5,1,0,0,0,0,1,11.178588935354508,28.92733564013841,0.0,0.0,71.09342560553632,7.0,9.605231505626548,0.0,0.0,0.0,0.0,1.0,6.95
50.0,4.0,6.0,10.7514681334048,106.701395911814,3.0,17.789285714285825,17.287883938053668,119958.53,1,1,1,0,0,0,13.55522012715968,0.0,0.0,0.0,100.0,6.0,2.728010627087796,0.0,0.0,0.0,0.0,1.0,5.0
56.0,3.0,6.0,10.7893109616076,106.675164208888,0.0,54.46617152529408,20.454141465138118,1217.9,1,0,0,0,0,0,24.641850909075103,82.83602923064291,0.0,0.0,17.163970769357086,10.0,3.1963530478139153,0.0,0.0,0.0,1.0,0.0,7.5
114.0,4.0,20.0,10.806187,106.76898,3.0,38.647438220481845,44.55718221916659,,1,0,1,1,0,0,19.567814035091047,,,,,9.0,8.138852294085167,0.0,1.0,0.0,1.0,0.0,48.0
128.0,3.0,12.0,10.7562428643471,106.651058812227,3.0,13.32081849341783,9.674953215540254,1437.3,0,1,1,1,0,0,20.25050569105691,81.36018924372087,0.2998678076949836,0.0,18.339942948584152,12.0,5.891321957106098,0.0,0.0,1.0,0.0,0.0,30.0
27.0,2.0,4.0,10.7591696156918,106.687569916768,2.0,53.75818181817839,26.429608342303553,5525.2,1,1,1,0,0,0,37.54099080615944,92.2766596684283,0.1018967639180482,0.0,7.62053862303627,4.0,2.3846979938450743,0.0,0.0,1.0,0.0,0.0,5.5
28.0,4.0,4.0,10.7610761473037,106.660213097833,3.0,19.38917355371901,24.56391683041859,987.6,1,1,1,1,1,0,23.072180951086057,57.856419603078166,42.13953017415958,0.0,0.0,8.0,4.76467329720316,0.0,0.0,1.0,0.0,0.0,5.5
58.0,2.0,4.0,10.7234549783007,106.61980629095,0.0,9.364834955468142,9.674953215540254,3293.2,0,1,1,1,0,0,16.67274773320998,54.87732296854124,0.0,0.0,45.12389165553262,5.0,10.630452407116069,0.0,0.0,0.0,0.0,1.0,4.6
201.0,2.0,8.0,10.8417113091082,106.64747334221,3.0,11.098013468022373,23.820911987062647,29.7,1,0,0,0,0,0,18.455878219881225,0.0,0.0,0.0,100.0,5.0,9.364603752008906,0.0,0.0,0.0,1.0,0.0,16.5
60.0,4.0,4.0,10.8063898888943,106.711846244688,2.0,18.827244701348747,23.596282954466844,228.7,1,0,1,0,0,0,20.263535304628697,29.85133362483603,0.0,0.0,70.16178399650197,12.0,3.577261732916595,0.0,0.0,0.0,0.0,1.0,12.5
51.0,2.0,7.666666666666667,10.8592493045587,106.75693061396,2.0,15.48107692307722,16.151929588086617,,1,1,1,0,0,1,19.567814035091047,,,,,4.0,11.084804095558631,0.0,0.0,1.0,0.0,0.0,4.79
64.0,3.0,7.0,10.7718224811288,106.646168132611,3.0,13.32081849341783,15.149860937399001,56.6,1,0,0,0,0,0,9.90181956943871,1.2190812720848054,0.0,0.0,98.69257950530034,9.0,6.01842665531882,0.0,1.0,0.0,0.0,1.0,9.8
100.0,4.0,13.25,10.7417524931347,106.715774202812,3.0,17.789285714285825,24.488452653857216,115.9,0,0,0,0,0,1,18.207540931800263,1.622088006902502,0.0,0.0,98.42105263157892,9.0,4.1317856967228614,0.0,0.0,0.0,1.0,0.0,26.9
60.0,2.0,8.75,10.7983428791005,106.688515286117,0.0,18.63592086332186,15.288713651298618,,1,1,0,0,0,1,17.184474827935027,,,,,6.0,2.8393521399414055,0.0,0.0,0.0,0.0,1.0,7.55
90.0,2.0,6.0,10.7032937092102,106.703886991253,0.0,8.131668552257471,13.173106254134565,476.1,1,1,1,1,0,0,8.502652923904137,100.0,0.0,0.0,0.0,16.0,8.090301946293756,0.0,0.0,0.0,1.0,0.0,7.8
256.0,4.0,14.2,10.8034891663531,106.685214883794,3.0,18.63592086332186,24.56391683041859,1630.0,0,0,0,0,0,1,21.719959264527965,7.820245398773006,0.0,92.1803680981595,0.0,43.0,3.5147937219870404,0.0,1.0,0.0,1.0,0.0,60.0
368.0,5.0,40.0,10.7780978233254,106.635033343631,0.0,14.87073929990493,28.253427846446222,1658.6,0,1,0,0,0,0,29.940845325225013,53.82250090437719,0.0,0.0,46.17810201374654,13.0,7.220474055752251,0.0,0.0,0.0,1.0,0.0,78.0
88.0,4.0,10.0,10.8565594326487,106.614704544142,3.0,8.826587030733174,14.285467555474675,,0,1,1,0,0,0,20.25050569105691,,,,,12.0,13.010820454343577,0.0,0.0,0.0,0.0,1.0,8.7
53.0,3.0,6.0,10.845542374217,106.664542954144,2.0,11.098013468022373,9.674953215540254,921.7,1,1,1,0,0,1,18.21396773749808,16.597591407182378,83.40674839969621,0.0,0.0,7.0,8.702765065648501,0.0,0.0,0.0,0.0,1.0,5.98
46.0,4.0,3.0,10.8159986455534,106.693770582478,3.0,18.827244701348747,16.924787565129154,45.1,1,0,0,0,0,0,14.324407498016885,0.0,0.0,0.0,99.93348115299334,9.0,4.519122656410053,0.0,0.0,1.0,0.0,0.0,7.89
120.0,3.0,25.0,10.7376190900398,106.706145951369,0.0,17.789285714285825,34.311080856230646,,0,0,0,0,0,0,20.25050569105691,,,,,12.0,4.3032133816389155,0.0,0.0,0.0,1.0,0.0,34.0
233.0,2.0,8.0,10.831777315602,106.729617437822,3.0,15.48107692307722,14.40074884671146,,0,0,0,0,0,1,20.18206125192249,,,,,6.0,6.940361526530878,0.0,0.0,0.0,1.0,0.0,38.0
54.0,5.0,4.0,10.8118945150196,106.692584339266,2.0,18.827244701348747,16.924787565129154,890.6,1,0,0,0,0,0,25.38415763254146,30.992589265663597,0.0,0.0,69.00628789580058,11.0,4.098237304444181,0.0,0.0,0.0,0.0,1.0,8.5
293.0,8.0,25.0,10.7911001415258,106.637098912041,3.0,14.87073929990493,24.311036457287887,104.1,0,0,0,0,0,1,29.940845325225013,61.03746397694525,0.0,0.0,38.97214217098944,19.0,7.1897331365179715,0.0,0.0,0.0,1.0,0.0,86.0
24.0,2.0,4.666666666666666,10.7925524462398,106.606775032718,3.0,10.737500000006847,10.067829993435623,2038.6,0,0,0,0,0,1,18.057974719109087,79.9558520553321,0.0,20.044147944667912,0.0,4.0,10.466322342395848,0.0,0.0,0.0,1.0,0.0,2.98
237.0,4.0,22.0,10.8084612122261,106.687971674851,3.0,18.827244701348747,20.339947871608835,81.1,0,0,0,0,0,0,24.873898992866078,58.54500616522811,0.0,0.0,41.51664611590629,16.0,3.883935807917036,0.0,0.0,0.0,1.0,0.0,47.0
40.0,3.0,5.0,10.7503114223177,106.719615645531,2.0,17.789285714285825,15.717993526044307,802.1,1,1,1,1,0,0,17.939958488612948,87.96409425258696,0.0,0.0,12.03216556539085,7.0,3.500037327056408,0.0,0.0,0.0,0.0,1.0,4.3
55.0,2.0,9.2,10.7588806700008,106.677566403592,0.0,29.82381843840417,15.13100312673361,2654.4,1,1,1,1,1,1,16.67274773320998,95.85443037974684,0.0,0.0,4.143685955394815,9.0,3.198804499197912,0.0,0.0,0.0,0.0,1.0,12.8
51.0,3.0,5.0,10.8408831187938,106.623731878359,0.0,8.826587030733174,18.897367086496754,1447.8,0,1,1,0,0,0,20.586367962736855,3.3927338030114655,0.0,0.0,27.7137726205277,6.0,11.111231696106872,0.0,0.0,0.0,1.0,0.0,3.3
64.0,5.0,8.0,10.8754931548077,106.685496094606,3.0,8.826587030733174,8.427513172672999,4938.5,1,1,1,0,0,0,17.412339551755686,16.894401133947557,8.361850764402146,0.0,74.74293813911106,10.0,11.193623982449228,0.0,0.0,0.0,0.0,1.0,7.8
68.0,2.0,7.0,10.7927633129186,106.622517833778,3.0,14.87073929990493,14.237298722437757,3673.1,1,0,0,0,0,0,20.25050569105691,94.50545860444856,0.0,0.0,5.494813645149873,5.0,8.783670113848904,0.0,0.0,0.0,1.0,0.0,6.3
71.0,2.0,6.0,10.819422316952,106.702609980576,3.0,18.827244701348747,16.235786892588425,350.0,1,1,1,1,0,0,13.941385937429175,47.98571428571428,0.0,0.0,52.017142857142865,5.0,4.831157406800381,0.0,0.0,0.0,1.0,0.0,8.95
52.0,4.0,5.0,10.7760969430217,106.763849734435,2.0,38.647438220481845,32.180605395627865,,1,0,0,0,0,0,20.25050569105691,,,,,8.0,6.854416677777876,0.0,0.0,0.0,1.0,0.0,7.2
160.0,1.0,4.0,10.7930748843488,106.730227433145,0.0,38.647438220481845,24.61928661725888,,0,1,1,0,0,0,20.25050569105691,,,,,4.0,3.705067992701772,0.0,0.0,0.0,1.0,0.0,14.6
56.0,4.0,8.0,10.8042584739703,106.820062994957,0.0,19.053737403258268,12.780266996675284,,0,0,0,0,0,0,30.56532612762346,,,,,8.0,13.368721345996924,0.0,0.0,1.0,0.0,0.0,6.9
39.0,2.0,3.0,10.7146218666764,106.737055315561,0.0,17.789285714285825,8.648767860862735,2763.6,1,0,0,0,0,0,20.119968764420605,22.80865537704444,0.0,0.0,77.19098277608916,5.0,7.874548871358634,0.0,0.0,0.0,1.0,0.0,5.4
56.0,4.0,12.0,10.7959319430043,106.671237813923,3.0,18.63592086332186,14.561953480312356,1138.5,0,0,0,0,0,0,19.111424974759938,38.827404479578384,0.1282389108476065,0.0,61.04699165568731,14.0,3.9435840655760814,0.0,0.0,0.0,0.0,1.0,15.0
67.0,3.0,5.0,10.8022234066914,106.641517401049,3.0,19.38917355371901,16.235786892588425,8379.7,0,1,1,1,0,1,28.509028490145873,82.14912228361398,14.234638471544326,1.317827607193575,2.2981729656192944,8.0,7.131532849463501,0.0,0.0,0.0,1.0,0.0,13.5
93.0,4.0,12.0,10.6751728753686,106.698024655517,3.0,8.131668552257471,11.187905093453665,1162.0,0,0,0,0,0,0,8.502652923904137,4.419104991394148,0.0,0.0,95.5774526678141,9.0,11.216498098650206,0.0,0.0,1.0,0.0,0.0,8.1
50.0,2.0,4.0,10.7957671020521,106.621975942001,2.0,14.87073929990493,9.35870800879073,2259.6,1,0,0,0,0,0,15.331358342303552,78.15144273322713,4.605239865462915,0.0,17.24243228890069,3.0,8.91787540561585,0.0,0.0,0.0,1.0,0.0,5.75
54.0,2.0,3.0,10.7305892396032,106.732115708292,0.0,17.789285714285825,8.648767860862735,262.9,0,0,0,0,0,0,8.354727166160457,15.211106884747055,0.0,0.0,84.78889311525295,3.0,6.080870970291813,0.0,0.0,0.0,1.0,0.0,4.59
200.0,2.0,9.3,10.8299686940983,106.702632385343,3.0,18.827244701348747,16.235786892588425,3768.9,0,0,0,0,0,1,19.23866524947719,99.69487118257317,0.0,0.0,0.3051288174268354,12.0,6.003378616523655,0.0,1.0,0.0,1.0,0.0,36.0
64.0,6.0,20.0,10.7344674416865,106.62046784035,3.0,10.737500000006847,13.181777405603473,62.0,1,1,1,0,1,0,16.67274773320998,27.725806451612904,0.0,0.0,72.2741935483871,10.0,9.94562871370574,0.0,1.0,1.0,0.0,0.0,14.4
60.0,4.0,5.0,10.8193238179776,106.702486515769,2.0,18.827244701348747,16.235786892588425,144.2,1,1,1,1,0,0,13.941385937429175,20.32593619972261,0.0,0.0,79.65325936199723,8.0,4.819768638214735,0.0,0.0,0.0,0.0,1.0,8.5
83.0,3.0,12.0,10.7669393946438,106.786325880752,0.0,38.647438220481845,16.791900388268562,,1,1,1,0,0,0,20.25050569105691,,,,,9.0,9.36406702988098,0.0,0.0,0.0,0.0,1.0,9.5
36.0,3.0,4.0,10.8156544780022,106.695455052577,3.0,18.827244701348747,16.924787565129154,1135.6,1,0,0,0,0,0,14.324407498016885,58.43783022190912,0.0,0.0,41.56569214512152,7.0,4.452277436038527,0.0,0.0,0.0,0.0,1.0,6.85
53.0,2.0,6.0,10.791368150374684,106.7292155317457,3.0,15.48107692307722,25.425738377885217,,0,0,0,0,0,0,20.25050569105691,,,,,4.0,3.5145174159144106,0.0,0.0,1.0,0.0,0.0,10.0
48.0,4.0,10.0,10.7434101233389,106.722771151207,0.0,17.789285714285825,14.672222873812292,49331.1,0,1,1,1,0,0,19.567814035091047,58.96132460050557,41.03871594187034,0.0,0.0,9.0,4.328569232895766,0.0,0.0,0.0,0.0,1.0,11.0
121.0,5.0,6.4,10.7937841515297,106.708631159818,3.0,18.827244701348747,20.460368357652627,128.0,0,0,0,0,0,1,20.263535304628697,87.7734375,0.0,0.0,12.2109375,14.0,2.141789887314801,0.0,0.0,0.0,0.0,0.0,23.5
180.0,4.0,20.0,10.7559025185486,106.606050792636,0.0,10.737500000006847,19.36213730687916,8755.4,0,1,0,1,0,0,21.171574122196656,78.50743541128904,0.1488224410078351,0.0,21.343742147703132,32.0,10.620729071202726,0.0,0.0,0.0,1.0,0.0,24.0
168.0,4.0,17.2,10.8069774551926,106.695086407283,3.0,18.827244701348747,15.288713651298618,1088.6,0,0,0,0,0,1,13.941385937429175,88.45857064119052,0.0,0.0,11.542347969869558,22.0,3.506606096642259,0.0,0.0,0.0,1.0,0.0,18.9
71.0,5.0,7.2,10.7718484446873,106.679455950406,3.0,54.46617152529408,15.13100312673361,538.4,0,0,0,0,0,1,23.200342816816367,0.0,99.85698365527487,0.0,0.1393016344725111,13.0,2.4089298870847764,0.0,0.0,0.0,1.0,0.0,29.0
87.0,4.0,19.5,10.7665995298787,106.677651107157,3.0,24.737282299672927,18.83383064658232,1938.0,0,0,0,0,0,1,21.742372820427185,99.63364293085657,0.0,0.0,0.3446852425180598,10.0,2.7665299001411485,0.0,0.0,0.0,1.0,0.0,21.0
100.0,4.0,20.0,10.7558129898221,106.606477744459,0.0,10.737500000006847,19.36213730687916,60.9,0,0,0,0,0,0,21.171574122196656,0.0,0.0,0.0,100.0,9.0,10.577248207269712,0.0,0.0,0.0,0.0,1.0,15.5
26.0,3.0,6.8,10.7972926594776,106.658476318084,3.0,19.38917355371901,18.093318479606467,2668.6,0,0,0,0,0,1,20.25050569105691,97.746758600015,1.515401334032826,0.0,0.736715880986285,4.0,5.223228363064883,0.0,0.0,0.0,1.0,0.0,9.9
51.0,2.0,4.5,10.8224415420834,106.685081424855,2.0,11.098013468022373,18.093318479606467,80.2,1,0,0,1,0,1,19.567814035091047,32.593516209476306,0.0,0.0,67.40648379052368,5.0,5.452411631152336,0.0,0.0,0.0,0.0,1.0,5.9
1.692,3.0,30.0,10.8058366585891,106.749542170979,3.0,38.647438220481845,58.28290665694527,,0,0,0,0,0,0,20.25050569105691,,,,,11.0,6.245366911783314,0.0,0.0,0.0,0.0,1.0,320.0
100.0,4.0,13.25,10.7416382114542,106.715701233862,3.0,17.789285714285825,24.488452653857216,209.2,0,0,0,0,0,1,18.207540931800263,30.2868068833652,0.0,0.0,69.72753346080307,9.0,4.140423617942838,0.0,0.0,0.0,1.0,0.0,27.5
225.0,4.0,7.1,10.8147390540128,106.689363084729,0.0,11.098013468022373,18.83383064658232,117.5,0,0,0,0,0,1,17.40171754184511,15.268085106382982,0.0,0.0,84.69787234042553,13.0,4.494306844956167,0.0,0.0,0.0,1.0,0.0,69.0
42.0,5.0,30.0,10.7639133869527,106.686545909123,3.0,53.75818181817839,59.25648860397285,141.9,0,0,0,0,0,0,23.034008815381647,0.0,0.0,0.0,100.0,6.0,2.0817851727653593,0.0,0.0,0.0,1.0,0.0,29.0
69.0,4.0,16.0,10.8043494618624,106.626019523786,0.0,14.87073929990493,17.8318693459886,36.2,0,1,0,0,0,1,18.85693297468154,0.0,0.0,0.0,99.9171270718232,9.0,8.785945758474224,1.0,0.0,0.0,1.0,0.0,9.8
64.0,4.0,12.0,10.7558770637852,106.606037210579,3.0,10.737500000006847,19.36213730687916,8755.4,0,1,0,0,0,0,21.171574122196656,78.50743541128904,0.1488224410078351,0.0,21.343742147703132,8.0,10.622775801957234,0.0,0.0,0.0,1.0,0.0,9.5
28.0,4.0,3.4,10.7553194873269,106.676973512356,3.0,29.82381843840417,20.918551142754602,56.0,0,0,0,0,0,1,14.324407498016885,24.75,0.0,0.0,75.30357142857143,7.0,3.4977143673833875,0.0,0.0,0.0,0.0,1.0,12.99
118.0,6.0,14.0,10.6028078989156,106.858986373991,3.0,19.383985295609417,18.970030627045382,,0,0,0,0,0,0,20.25050569105691,,,,,12.0,25.855139288855355,0.0,0.0,1.0,0.0,0.0,7.8
100.0,1.0,8.0,10.8000161488901,106.589447826711,3.0,10.737500000006847,13.71334205498395,1843.6,1,1,1,0,0,0,17.356189685781594,41.87079626817097,44.54382729442396,0.0,13.584291603384685,10.0,12.48468609900964,0.0,0.0,1.0,0.0,0.0,3.88
105.0,4.0,10.0,10.7873010239422,106.678131041026,2.0,54.46617152529408,16.235786892588425,413.6,1,1,1,1,1,0,24.641850909075103,23.099613152804643,0.0,0.0,76.9076402321083,8.0,2.8060461023833874,0.0,0.0,0.0,0.0,1.0,27.0
170.0,8.0,20.0,10.7609123632341,106.691449055517,3.0,53.75818181817839,32.631365062301924,61.3,0,0,0,0,0,0,31.338914411207632,0.0,0.0,0.0,99.95106035889071,20.0,1.981411311201504,0.0,0.0,0.0,0.0,1.0,175.0
63.0,5.0,10.0,10.7467435859445,106.729077935532,0.0,17.789285714285825,17.42635834230355,1721.3,0,1,1,0,0,0,8.354727166160457,86.82972172195433,0.0,0.0,13.16853540928368,9.0,4.463631269766225,0.0,0.0,0.0,1.0,0.0,9.99
222.0,5.0,9.2,10.8241143779752,106.761988003975,0.0,19.053737403258268,19.07305356275716,,1,1,0,1,0,1,20.25050569105691,,,,,12.0,8.535374465642791,0.0,0.0,0.0,1.0,0.0,18.0
126.0,4.0,15.1,10.7942331409816,106.708721566707,0.0,18.827244701348747,20.460368357652627,921.9,0,0,0,0,0,1,20.263535304628697,93.60017355461548,0.0,0.0,6.404165310771233,11.0,2.1917015875955657,0.0,0.0,0.0,1.0,0.0,26.9
84.0,2.0,6.2,10.8078257080642,106.702940396773,2.0,18.827244701348747,20.454141465138118,103.8,1,1,1,1,0,1,15.076317258595626,6.184971098265897,0.0,0.0,93.83429672447016,14.0,3.5445622032231867,0.0,0.0,0.0,1.0,0.0,9.99
75.0,2.0,8.0,10.7477932535417,106.715965675259,0.0,17.789285714285825,15.717993526044307,72.5,1,1,1,1,0,0,18.207540931800263,93.15862068965518,0.0,0.0,6.855172413793103,4.0,3.5319114027385616,0.0,0.0,0.0,1.0,0.0,8.8
58.0,5.0,6.0,10.7683287246044,106.683702851322,3.0,54.46617152529408,18.093318479606467,603.3,0,0,0,0,0,1,23.200342816816367,0.0,0.0,99.99834244985912,0.0,9.0,2.0830474133591212,0.0,0.0,0.0,1.0,0.0,29.5
71.0,2.0,10.0,10.783820535092,106.778147148061,0.0,38.647438220481845,23.328827418358713,,0,0,1,0,0,0,17.667251633927393,,,,,7.0,8.460872078396326,0.0,0.0,0.0,0.0,1.0,9.4
65.0,4.0,6.833333333333334,10.7699606642181,106.694129882286,3.0,19.38917355371901,20.454141465138118,16853.0,0,0,0,0,0,1,20.25050569105691,95.07618821574792,4.922862398386044,0.0,0.0,8.0,1.015220782268785,0.0,0.0,0.0,0.0,1.0,11.8
471.0,7.0,20.0,10.7971735952955,106.673025018202,3.0,18.63592086332186,23.820911987062647,6033.2,0,0,0,0,0,1,43.77795732213526,95.76725452496188,0.0,0.0,4.232082476960817,13.0,3.86619238381584,0.0,0.0,0.0,1.0,0.0,375.0
50.0,3.0,5.0,10.8379423504942,106.636646586768,3.0,11.098013468022373,20.454141465138118,1849.6,0,1,0,0,0,0,10.818659325601992,97.26589532871974,0.0,0.0,2.734645328719723,7.0,9.848787645432228,0.0,0.0,0.0,1.0,0.0,6.55
58.0,4.0,4.0,10.8062059100326,106.697707704675,3.0,18.827244701348747,15.61262632367065,99.0,1,0,0,0,0,1,20.25050569105691,0.0,0.0,0.0,100.0,9.0,3.3791208301124818,0.0,0.0,0.0,0.0,1.0,9.5
80.0,5.0,9.75,10.787386997815,106.698848201823,3.0,53.75818181817839,48.487230363696476,8711.8,0,0,0,0,0,1,35.13373860631083,0.0,0.0,100.0,0.0,9.0,1.2898461600434263,0.0,1.0,0.0,1.0,0.0,25.0
96.0,1.0,3.0,10.8798084409142,106.764491507313,0.0,15.48107692307722,14.196219758981544,,0,0,0,0,0,0,17.400949483778184,,,,,10.0,13.460033145996077,0.0,0.0,0.0,1.0,0.0,3.99
64.0,3.0,11.333333333333332,10.739752501101,106.677896804604,3.0,9.364834955468142,18.093318479606467,8587.5,0,1,1,0,0,1,18.937461252786104,22.052634643377,0.0,0.0,77.94748180494905,9.0,4.761313155994384,0.0,0.0,0.0,1.0,0.0,10.8
70.0,6.0,12.0,10.7936711876379,106.71824621104,3.0,18.827244701348747,41.01013634331939,3710.2,0,0,0,0,0,0,42.28415103036848,92.2907120909924,0.0,7.7092879090076,0.0,21.0,2.7145445445731764,0.0,0.0,0.0,0.0,1.0,20.99
140.0,8.0,21.2,10.786551880628,106.701590411379,3.0,53.75818181817839,48.487230363696476,5320.1,0,0,0,0,0,1,29.620808306885813,80.74096351572338,0.0,19.259224450668217,0.0,14.0,1.1745378173775278,0.0,1.0,0.0,1.0,0.0,80.0
101.0,3.0,14.0,10.8119406258318,106.692484590842,3.0,18.827244701348747,16.924787565129154,674.4,0,0,0,0,0,1,25.38415763254146,87.44217081850535,0.0,0.0,12.55041518386714,8.0,4.105714457059724,0.0,0.0,0.0,1.0,0.0,19.0
62.0,4.0,9.533333333333337,10.7961214486931,106.675871422577,3.0,18.63592086332186,23.820911987062647,173.7,1,1,0,0,0,1,20.25050569105691,11.807714450201498,0.0,0.0,88.21531375935521,10.0,3.5496493057086314,0.0,0.0,0.0,0.0,1.0,13.5
46.0,5.0,5.733333333333333,10.8440576749836,106.640588343143,2.0,11.098013468022373,20.454141465138118,3143.6,1,1,0,0,0,1,10.107421869117639,96.58639776052934,0.0,0.0,3.4132841328413286,8.0,10.047434691135832,0.0,0.0,0.0,0.0,1.0,7.95
80.0,4.0,12.0,10.7050523902962,106.735080930397,0.0,17.789285714285825,18.28632481919144,522.3,0,1,1,0,0,0,18.51970680326955,18.8799540493969,81.1200459506031,0.0,0.0,9.0,8.718819084336767,0.0,0.0,0.0,0.0,1.0,16.99
68.0,2.0,3.0,10.7514714555538,106.719285361469,0.0,17.789285714285825,15.717993526044307,142.4,0,0,0,0,0,0,17.939958488612948,18.33567415730337,0.0,0.0,81.6432584269663,4.0,3.374215633108963,0.0,0.0,0.0,0.0,1.0,8.3
187.0,4.0,40.0,10.776352426973,106.758594783098,0.0,38.647438220481845,32.180605395627865,,0,0,0,0,0,0,20.25050569105691,,,,,10.0,6.28050813414034,0.0,0.0,0.0,1.0,0.0,48.0
108.0,2.0,4.0,10.7553541200288,106.70923794389,3.0,12.968707708226514,15.923197269929185,211.1,1,0,0,0,0,0,20.25050569105691,0.0,100.0,0.0,0.0,5.0,2.461825934188415,0.0,0.0,0.0,0.0,1.0,10.8
103.0,5.0,12.4,10.859547245982,106.756601824638,0.0,15.48107692307722,16.151929588086617,,0,0,1,0,0,1,19.567814035091047,,,,,10.0,11.092819540112652,0.0,0.0,0.0,1.0,0.0,14.0
17.0,1.0,5.0,10.7652289518452,106.694693411091,3.0,53.75818181817839,22.30565215020024,92.8,0,1,0,0,0,0,19.69171696496433,0.0,0.0,0.0,99.95689655172416,4.0,1.3871604246665374,0.0,0.0,0.0,1.0,0.0,3.98
132.0,5.0,13.1,10.7788494584226,106.654940876372,3.0,19.38917355371901,24.56391683041859,213.9,0,0,0,0,0,1,20.25050569105691,0.0,0.0,100.0,0.0,30.0,5.052070804200865,0.0,0.0,0.0,1.0,0.0,24.0
115.0,3.0,12.0,10.8314460366643,106.727860462271,0.0,15.48107692307722,14.40074884671146,,1,0,0,0,1,0,20.25050569105691,,,,,9.0,6.823078551949758,0.0,0.0,1.0,0.0,0.0,17.6
162.0,3.0,16.4,10.8000022005954,106.64494408393,2.0,19.38917355371901,16.235786892588425,338.4,1,0,0,0,0,1,20.25050569105691,0.0,0.0,0.0,99.99408983451538,17.0,6.689380878614247,0.0,0.0,0.0,1.0,0.0,21.0
76.0,2.0,6.0,10.7795108846431,106.611853834358,0.0,10.737500000006847,11.523850027712317,575.7,1,0,0,0,0,0,18.455878219881225,30.917144346013547,0.0,0.0,69.07938162237276,6.0,9.756479282103552,0.0,0.0,0.0,0.0,1.0,6.9
43.0,2.0,5.3,10.7918148110128,106.67118386444,0.0,18.63592086332186,16.235786892588425,1112.6,0,1,1,0,0,1,13.842079023496492,99.75462879741148,0.0,0.0,0.248966385044041,3.0,3.710899287226325,0.0,0.0,0.0,1.0,0.0,8.5
70.0,4.0,10.599999999999998,10.879075987083516,106.55274863414452,0.0,9.79203162611253,14.844224781192123,34049.8,0,0,1,1,1,1,19.567814035091047,0.0,10.637712996845796,89.36234574065045,0.0,9.0,19.846390422541305,0.0,1.0,0.0,1.0,0.0,6.5
95.0,4.0,12.3,10.7909074975693,106.645591570603,3.0,19.38917355371901,20.454141465138118,681.3,0,0,0,0,0,1,21.404741776747944,99.40848378100692,0.0,0.5929840011742258,0.0,12.0,6.285770292644466,0.0,0.0,0.0,0.0,1.0,15.5
71.0,5.0,8.0,10.8831082957452,106.629725163575,3.0,8.826587030733174,11.964993989558423,5882.6,0,0,0,0,0,0,21.19814232501748,60.673171726787466,0.0,0.0,39.32750824465373,10.0,14.234128485848217,0.0,0.0,1.0,0.0,0.0,8.2
100.0,2.0,6.0,10.8937198138583,106.608588874747,0.0,9.79203162611253,17.311826932268982,123.6,0,0,1,0,0,0,20.25050569105691,72.72653721682848,0.0,0.0,27.19255663430421,4.0,16.535490391491397,0.0,0.0,0.0,0.0,1.0,4.19
63.0,3.0,12.0,10.8391692219721,106.778145763778,3.0,19.053737403258268,18.834465413133596,,0,1,1,0,0,0,17.400949483778184,,,,,6.0,10.961409044681114,0.0,0.0,0.0,0.0,1.0,8.3
50.0,4.0,12.0,10.8572696686304,106.699309163073,0.0,8.826587030733174,13.645852307543556,1736.2,0,0,0,0,0,0,20.25050569105691,36.958299735053565,37.08731712936298,0.6554544407326345,25.30065660638175,14.0,9.038891333170383,0.0,0.0,0.0,0.0,1.0,5.9
91.0,4.0,11.390909090909089,10.7971308808599,106.679429419041,0.0,18.63592086332186,15.923197269929185,41.5,0,0,0,0,0,1,19.806236435736306,18.55421686746988,0.0,0.0,81.49397590361446,9.0,3.3352542163172663,0.0,0.0,0.0,0.0,1.0,11.5
61.0,4.0,6.0,10.766123776978,106.68345986571,3.0,53.75818181817839,59.25648860397285,7166.5,1,0,0,0,0,0,22.511366997733134,9.723993581246075,90.27600641875392,0.0,0.0,11.0,2.217902664980631,0.0,0.0,0.0,1.0,0.0,15.5
60.0,3.0,6.0,10.8483904577749,106.642325761843,2.0,11.098013468022373,15.61262632367065,47.3,1,1,0,0,1,0,19.567814035091047,0.0,0.0,0.0,99.97885835095138,8.0,10.295730160457168,0.0,0.0,0.0,0.0,1.0,7.3
80.0,4.0,7.0,10.6782272607218,106.703488084028,0.0,8.131668552257471,11.187905093453665,7167.9,0,0,0,0,0,0,17.842956174323437,96.87983928347217,3.103977455042621,0.0,0.0,9.0,10.874962690780508,0.0,0.0,0.0,1.0,0.0,5.85
30.0,2.0,8.0,10.811445073069,106.627122225412,0.0,14.87073929990493,13.051852005459661,1281.6,1,0,0,0,0,0,20.25050569105691,84.28604868913858,1.3280274656679152,0.0,14.384363295880153,5.0,8.990388860691382,0.0,0.0,0.0,0.0,1.0,5.35
350.0,5.0,10.0,10.8106757861373,106.713794879353,0.0,18.827244701348747,20.47473566303819,207.6,0,0,0,0,0,0,20.263535304628697,0.0,0.0,0.0,99.98554913294798,57.0,4.097526842216971,0.0,0.0,0.0,1.0,0.0,39.7
62.0,2.0,6.0,10.7670746260092,106.697443288485,0.0,53.75818181817839,30.724332850013383,1529.8,0,0,0,0,0,0,20.25050569105691,94.00444502549352,0.0,5.993593933847562,0.0,4.0,1.0698245513604616,0.0,0.0,1.0,0.0,0.0,17.5
71.0,4.0,7.0,10.78220460060474,106.76052678220006,2.0,38.647438220481845,23.346267146280812,,1,1,1,1,0,1,19.567814035091047,,,,,16.0,6.527923136240953,0.0,0.0,0.0,1.0,0.0,10.6
53.0,5.0,4.0,10.8095542493968,106.689471945826,3.0,18.827244701348747,15.149860937399001,95.7,1,0,0,0,0,0,25.38415763254146,14.44096133751306,0.0,0.0,85.55903866248693,13.0,3.9413198944270977,0.0,0.0,1.0,0.0,0.0,10.5
87.0,3.0,8.0,10.7672593923299,106.653541435512,2.0,13.32081849341783,16.924787565129154,23538.7,1,0,0,0,0,0,19.943720442101966,14.471869729424307,71.72927986677259,13.576238279938991,0.2228245400128299,9.0,5.285223256734243,0.0,0.0,0.0,0.0,1.0,12.6
170.0,5.0,18.5,10.8445585343688,106.769158406793,3.0,15.48107692307722,23.47132346757169,,0,0,0,0,0,1,18.21396773749808,,,,,16.0,10.647619358671038,0.0,0.0,0.0,1.0,0.0,40.0
25.0,3.0,3.0,10.7624423046765,106.643009748438,3.0,13.32081849341783,14.561953480312356,65.1,0,1,1,0,0,0,19.567814035091047,10.798771121351768,0.0,0.0,89.15514592933948,7.0,6.5221971513322,0.0,0.0,0.0,0.0,1.0,5.68
429.0,4.0,30.0,10.7696430951733,106.688770102141,0.0,53.75818181817839,80.81249751703449,367.2,0,0,0,0,0,0,39.810934272632835,0.0,0.133442265795207,99.85838779956428,0.0,13.0,1.5210767804656562,0.0,0.0,0.0,1.0,0.0,220.0
90.0,3.0,12.0,10.8461167648953,106.723665788975,0.0,15.48107692307722,17.78611714762465,,1,0,0,0,0,1,18.903841583700096,,,,,10.0,8.17691825317085,0.0,0.0,0.0,1.0,0.0,15.0
58.0,3.0,3.0,10.7314880938941,106.744787061768,2.0,17.789285714285825,8.648767860862735,3478.6,1,1,1,0,0,0,8.354727166160457,42.50071867992871,0.0,57.49928132007129,0.0,6.0,6.875607917040539,0.0,0.0,0.0,0.0,1.0,7.1
60.0,2.0,3.0,10.8382376208111,106.636281806307,0.0,11.098013468022373,15.61262632367065,667.4,0,1,0,0,0,0,10.818659325601992,57.02727000299671,0.0,0.0,42.971231645190294,5.0,9.900226116694595,0.0,0.0,0.0,0.0,1.0,5.75
62.0,4.0,10.666666666666668,10.7940806926535,106.6685952769,2.0,19.38917355371901,18.83383064658232,1337.1,0,0,0,0,0,1,24.641850909075103,98.7734649614838,0.0,0.0,0.3328098122803081,9.0,4.080221085966859,1.0,0.0,0.0,1.0,0.0,15.0
49.0,2.0,5.0,10.7588679903018,106.687774058168,2.0,53.75818181817839,26.429608342303553,2104.4,1,0,0,0,0,1,37.54099080615944,99.80326934042958,0.0,0.0,0.1967306595704238,4.0,2.3975039603168815,1.0,0.0,0.0,1.0,0.0,8.5
90.0,4.0,12.277777777777777,10.8072330530847,106.787382099481,3.0,15.48107692307722,20.177656837434043,,0,0,0,0,0,1,20.87381731865282,,,,,10.0,10.043993361358028,0.0,1.0,0.0,1.0,0.0,12.0
80.0,5.0,9.0,10.8226197633296,106.830551856424,0.0,15.48107692307722,18.03421329876938,,0,0,0,0,0,0,22.156780321650697,,,,,9.0,15.05977688527554,0.0,0.0,0.0,1.0,0.0,7.3
74.0,4.0,12.0,10.7797851765505,106.770257808329,3.0,38.647438220481845,16.791900388268562,,0,0,0,1,0,0,20.25050569105691,,,,,7.0,7.566057827913307,0.0,0.0,0.0,0.0,1.0,10.6
70.0,4.0,8.0,10.811717125424,106.709381198976,2.0,18.827244701348747,20.47473566303819,228.7,1,1,1,1,0,0,18.78482813097723,6.204634892872759,0.0,93.77787494534326,0.0,12.0,4.07326626696796,0.0,0.0,0.0,0.0,1.0,12.9
71.0,4.0,16.0,10.7969171441481,106.679438116032,0.0,18.63592086332186,15.923197269929185,86.4,0,0,0,0,0,0,19.806236435736306,0.0,0.0,0.0,99.98842592592592,12.0,3.3178769733440845,0.0,0.0,0.0,0.0,1.0,19.0
780.0,10.0,28.5,10.7751362820668,106.671743519044,0.0,24.737282299672927,20.454141465138118,3008.0,0,0,0,0,0,1,19.567814035091047,68.96043882978724,28.473404255319153,0.0,2.551196808510638,53.0,3.2081705808741963,0.0,1.0,0.0,1.0,0.0,150.0
192.0,4.0,21.833333333333332,10.7432492542514,106.732982920464,0.0,17.789285714285825,17.42635834230355,4768.0,0,1,1,0,0,1,21.217050598270333,24.41442953020134,0.0,0.0,75.58515100671141,26.0,5.039109863218779,0.0,0.0,0.0,1.0,0.0,27.0
42.0,3.0,6.0,10.7440660459939,106.697333403472,3.0,17.789285714285825,17.287883938053668,498563.61,1,1,1,1,0,0,19.567814035091047,95.4990898754123,0.0,0.1154456499542756,4.385462468871324,7.0,3.5746534466184925,0.0,0.0,0.0,0.0,1.0,8.1
48.0,5.0,5.4,10.7715557675023,106.677937594326,3.0,54.46617152529408,15.13100312673361,152.9,1,0,0,0,0,1,19.911470140858842,27.959450621321125,72.02746893394375,0.0,0.0,12.0,2.577951121142824,0.0,0.0,0.0,1.0,0.0,11.5
68.0,2.0,30.0,10.7641637625423,106.693458925288,0.0,53.75818181817839,32.631365062301924,813.0,0,0,0,0,0,0,25.885724961203408,69.14514145141452,4.736777367773678,0.0,26.11808118081181,9.0,1.5584900677855176,1.0,0.0,0.0,1.0,0.0,23.0
82.0,4.0,10.666666666666668,10.7712534912588,106.67091158146,0.0,24.737282299672927,20.454141465138118,4450.0,0,0,0,0,0,1,20.25050569105691,56.812359550561794,43.18067415730337,0.0,0.0,9.0,3.3395993206328516,0.0,0.0,0.0,0.0,1.0,21.0
35.0,2.0,5.666666666666666,10.762208651142,106.662008560844,3.0,24.737282299672927,15.288713651298618,15189.0,1,0,0,0,0,1,20.25050569105691,75.56745012838238,4.395220225162947,0.0,20.036342089670153,4.0,4.537228743706542,0.0,0.0,0.0,1.0,0.0,5.67
80.0,4.0,8.125,10.8113554327728,106.701957610647,0.0,18.827244701348747,20.460368357652627,,0,0,1,0,0,1,20.263535304628697,,,,,9.0,3.932460621582787,0.0,0.0,0.0,0.0,1.0,7.85
25.0,2.0,4.0,10.6929607232934,106.740916767755,0.0,8.131668552257471,7.431275025157785,108.7,0,0,0,0,0,0,8.354727166160457,15.280588776448942,0.0,0.0,84.68261269549218,4.0,10.206880454733032,0.0,0.0,1.0,0.0,0.0,1.5
307.0,3.0,6.8,10.7906772825799,106.690868107905,0.0,53.75818181817839,34.07029975082686,911.0,0,0,0,0,0,1,20.25050569105691,75.99890230515916,0.0,0.0,24.004390779363337,32.0,1.9780497081853248,0.0,0.0,0.0,1.0,0.0,180.0
120.0,4.0,6.0,10.8751352343193,106.658157912016,3.0,8.826587030733174,13.805666803246416,2033.4,1,1,1,0,0,0,18.18659779679914,13.235959476738463,0.0,0.0,86.76354873610701,9.0,11.97955277457062,0.0,0.0,0.0,0.0,1.0,7.3
113.0,2.0,6.0,10.8485548515305,106.601813294876,3.0,9.79203162611253,18.35812424801159,100.5,1,1,0,0,0,0,21.19814232501748,0.0,0.0,0.0,100.0,6.0,13.516085395701497,0.0,0.0,0.0,0.0,1.0,5.6
321.0,3.0,24.0,10.8359052910847,106.842523082535,0.0,19.053737403258268,25.613782122221185,,0,0,1,1,1,0,22.156780321650697,,,,,10.0,16.821742725884196,0.0,0.0,0.0,1.0,0.0,40.0
26.0,2.0,3.0,10.8447774241188,106.660645263811,0.0,11.098013468022373,16.924787565129154,598.6,0,1,1,0,0,0,14.230094570897254,50.81523554961576,0.0,0.0,49.18643501503508,4.0,8.832368376669924,0.0,0.0,0.0,0.0,1.0,4.25
220.0,3.0,7.0,10.7145519016218,106.73511625133,0.0,17.789285714285825,18.28632481919144,4701.3,0,0,0,0,0,1,20.119968764420605,24.836747282666497,0.0,0.0,75.16304001020994,13.0,7.777885923090901,0.0,0.0,0.0,0.0,0.0,32.0
29.0,5.0,4.0,10.8063374037674,106.684464852513,2.0,18.63592086332186,15.149860937399001,653.1,1,0,0,0,0,0,12.77062601913981,50.708926657479715,0.0,0.0,49.286479865257995,9.0,3.831605950496767,0.0,0.0,0.0,0.0,1.0,8.6
262.0,7.0,20.0,10.8297305069241,106.637857444564,3.0,19.38917355371901,15.923197269929185,32.6,0,0,0,0,0,0,16.195980401453983,19.60122699386503,0.0,0.0,80.49079754601226,4.0,9.132942695113714,0.0,0.0,0.0,0.0,1.0,20.0
145.0,7.0,10.8,10.8086870976286,106.699531850057,3.0,18.827244701348747,15.61262632367065,49.2,0,0,0,0,0,1,24.638988573829966,31.341463414634145,0.0,0.0,68.63821138211382,44.0,3.638673201087214,0.0,0.0,0.0,0.0,1.0,34.0
74.0,1.0,7.0,10.8186824730969,106.599669573001,2.0,10.737500000006847,13.71334205498395,2625.3,1,0,0,0,0,0,20.25050569105691,70.19997714546908,27.41020073896316,0.0,2.390203024416257,4.0,12.05266106693403,0.0,0.0,0.0,1.0,0.0,5.5
120.0,3.0,22.0,10.767900483332,106.777781991364,0.0,38.647438220481845,16.791900388268562,,0,0,0,0,0,0,19.670082156392432,,,,,7.0,8.424677370957587,0.0,0.0,0.0,1.0,0.0,12.7
240.0,4.0,16.7,10.82443075916818,106.69232693123944,3.0,11.098013468022373,15.149860937399001,149530.3,0,0,0,0,0,1,14.324407498016885,30.388563388156108,24.932057248597776,2.7129484793383014,41.966437571515605,16.0,5.469844045150156,0.0,0.0,0.0,0.0,1.0,68.0
75.0,3.0,8.0,10.79408782685,106.668278958688,2.0,19.38917355371901,18.83383064658232,116.9,1,0,0,0,0,0,24.641850909075103,20.966638152266896,0.0,0.0,79.0590248075278,7.0,4.1107104901190485,0.0,0.0,0.0,1.0,0.0,14.5
81.0,4.0,6.0,10.8231227399032,106.636296421346,0.0,19.38917355371901,15.923197269929185,821.9,0,0,0,0,0,0,20.25050569105691,91.87249057062904,0.0,0.0,8.123859350285922,9.0,8.806621364430246,0.0,0.0,0.0,1.0,0.0,9.0
40.0,2.0,7.181818181818182,10.7833885406023,106.762082656293,2.0,38.647438220481845,16.791900388268562,,1,1,1,0,0,1,19.222790783577807,,,,,4.0,6.711775018778293,0.0,0.0,0.0,0.0,1.0,4.8
139.0,4.0,6.0,10.7891102402791,106.675136798972,2.0,54.46617152529408,20.454141465138118,2114.0,1,0,0,0,0,0,24.641850909075103,14.109744560075685,80.27199621570482,0.0,5.618732261116367,26.0,3.1887426571867037,0.0,0.0,0.0,0.0,1.0,20.5
170.0,2.0,6.0,10.6752299577529,106.698321309721,0.0,8.131668552257471,11.187905093453665,1993.4,0,1,1,0,0,0,8.502652923904137,82.75509180294974,1.1653456406140263,4.069429116083074,12.007625163038025,7.0,11.209229098553394,0.0,0.0,0.0,0.0,1.0,6.8
58.0,5.0,6.0,10.7430174138184,106.725564916827,0.0,17.789285714285825,14.672222873812292,2084.3,1,1,1,0,0,0,20.25050569105691,96.02264549249148,0.0,0.0,3.979273617041692,9.0,4.537956160205426,0.0,0.0,0.0,0.0,1.0,9.5
53.0,3.0,4.7,10.8244870471438,106.680815435607,3.0,11.098013468022373,15.288713651298618,3046.0,0,0,0,1,0,1,20.25050569105691,5.1050558108995405,0.0,94.89560078791858,0.0,10.0,5.8290003423333285,0.0,0.0,0.0,1.0,0.0,13.9
70.0,3.0,8.0,10.7454889033379,106.705652279932,0.0,17.789285714285825,14.8877491993957,528.1,1,0,1,1,0,0,18.06394396884742,59.93751183487975,0.0,0.0,40.06438174588146,6.0,3.428931097232694,0.0,0.0,0.0,0.0,1.0,9.0
51.0,5.0,7.0,10.7982439782269,106.592186680068,0.0,10.737500000006847,13.71334205498395,9456.2,1,0,0,0,0,0,17.356189685781594,21.260019881136184,14.685180093483638,0.0,64.05490577610456,9.0,12.151009420591812,0.0,0.0,0.0,1.0,0.0,6.3
120.0,5.0,12.0,10.8845595715753,106.680832095459,3.0,8.826587030733174,9.397256429506324,2871.3,0,0,1,0,0,0,18.148751295721265,13.910423849824122,86.08818305297251,0.0,0.0,34.0,12.272547780716884,0.0,0.0,0.0,1.0,0.0,8.5
103.0,2.0,10.0,10.8593213190873,106.756839732788,0.0,15.48107692307722,16.151929588086617,,1,0,0,0,0,0,19.567814035091047,,,,,6.0,11.086037865313637,0.0,0.0,1.0,0.0,0.0,8.8
80.0,4.0,3.0,10.7917449473474,106.6748754902,3.0,18.63592086332186,16.924787565129154,2830.0,1,1,0,0,0,0,13.842079023496492,43.8660777385159,0.0,0.0,56.1356890459364,12.0,3.357188741366453,0.0,0.0,0.0,1.0,0.0,11.19
67.0,1.0,3.0,10.8254928835402,106.68448185679,3.0,11.098013468022373,15.288713651298618,1336.9,0,1,0,1,0,0,20.25050569105691,80.86618296058043,0.0,0.0,19.130077043907544,8.0,5.794963159605127,0.0,0.0,0.0,1.0,0.0,5.8
60.0,5.0,6.0,10.8638725874756,106.624905450444,0.0,8.826587030733174,9.23912502081522,2094.4,0,0,1,1,0,0,18.520635477981624,0.0,99.99904507257448,0.0,0.0,10.0,12.834520124705357,0.0,0.0,0.0,0.0,1.0,8.09
46.0,1.0,6.0,10.8237734094329,106.77520698211,0.0,19.053737403258268,20.177656837434043,,0,1,1,0,0,0,20.25050569105691,,,,,3.0,9.681827735368168,0.0,0.0,1.0,0.0,0.0,5.6
70.0,3.0,6.0,10.7844734660736,106.650923966714,2.0,19.38917355371901,23.820911987062647,1231.4,1,0,0,0,0,1,9.90181956943871,94.19522494721456,0.0,0.0,5.807211304206595,6.0,5.561252570607344,0.0,0.0,0.0,1.0,0.0,8.6
85.0,4.0,7.0,10.7785366495983,106.680455643266,3.0,54.46617152529408,24.56391683041859,799.6,1,0,0,0,0,1,14.535280883434632,67.03976988494247,2.4374687343671835,0.7516258129064533,29.764882441220607,14.0,2.2726294776771727,0.0,0.0,0.0,0.0,1.0,14.0
68.0,2.0,8.0,10.7526254933475,106.698591425867,3.0,12.968707708226514,15.13100312673361,16692.7,0,1,0,0,0,0,20.25050569105691,1.091794616808545,98.2124521497421,0.6959329527278392,0.0,9.0,2.613532589848935,0.0,0.0,1.0,0.0,0.0,17.5
101.0,4.0,7.0,10.8772868576618,106.673217232289,0.0,8.826587030733174,9.397256429506324,18010.8,1,1,1,0,0,0,17.510388497990952,16.275567992537813,1.4715059852977102,75.65033202300842,6.6026495213982725,9.0,11.667016188129471,0.0,0.0,0.0,0.0,1.0,6.9
81.0,5.0,8.0,10.8156537890808,106.60171702589,3.0,10.737500000006847,10.067829993435623,2474.7,0,0,0,0,0,0,20.480480660290983,71.49472663353134,21.350870812623754,0.0,7.156018911383198,11.0,11.716624159691795,0.0,0.0,0.0,0.0,1.0,9.2
50.0,4.0,3.0,10.7358653886775,106.621190011714,2.0,12.006306645336863,14.561953480312356,9935.1,1,0,0,0,0,0,16.67274773320998,5.535525560890178,0.0,0.0,94.4647763988284,8.0,9.804081047883152,0.0,0.0,1.0,0.0,0.0,7.1
66.0,4.0,4.0,10.8634475159516,106.639009829262,3.0,8.826587030733174,14.549898133423875,105.8,1,0,0,1,0,0,18.002367373254614,53.09073724007561,0.0,0.0,46.89035916824197,7.0,11.854862950986558,0.0,0.0,0.0,0.0,1.0,6.59
31.0,3.0,8.0,10.7453532219343,106.689991751021,2.0,9.364834955468142,18.83383064658232,51.8,1,0,0,0,0,0,18.024373561592082,68.86100386100387,0.0,0.0,31.138996138996134,6.0,3.617368989280204,0.0,0.0,0.0,0.0,1.0,6.58
50.0,2.0,4.0,10.8075300710128,106.702811341816,0.0,18.827244701348747,20.454141465138118,122.9,0,0,0,0,0,0,15.076317258595626,0.0,0.0,0.0,100.0,6.0,3.51096355163203,0.0,0.0,0.0,0.0,1.0,7.5
84.0,4.0,12.0,10.6783964683558,106.753125292508,3.0,8.131668552257471,11.712567766934,172.9,1,0,0,0,1,0,8.354727166160457,94.02544823597454,0.0,0.0,5.997686524002313,9.0,12.251292885865096,0.0,0.0,0.0,0.0,1.0,9.39
28.0,3.0,3.0,10.7505391595491,106.735941469093,3.0,17.789285714285825,17.42635834230355,3299.4,1,1,0,0,0,0,19.089097978071564,64.26198702794449,0.0,0.0,0.0,7.0,4.743535967201466,0.0,0.0,0.0,0.0,1.0,4.86
47.0,4.0,5.0,10.785850182069,106.698551943771,0.0,53.75818181817839,48.487230363696476,1479.6,0,0,1,1,0,0,26.915843909224144,1.4199783725331172,0.0,98.58069748580698,0.0,9.0,1.130101047926824,1.0,0.0,0.0,1.0,0.0,11.5
110.0,5.0,8.0,10.7828113348833,106.776590273101,3.0,38.647438220481845,23.328827418358713,,1,0,0,0,0,1,30.56532612762346,,,,,10.0,8.28072637037312,0.0,0.0,0.0,1.0,0.0,24.9
50.0,4.0,10.0,10.8538227639104,106.651637897442,0.0,11.098013468022373,15.61262632367065,250.8,1,0,0,0,0,0,18.007972163078787,39.473684210526315,0.0,0.0,60.54226475279106,9.0,10.201336928856175,0.0,0.0,0.0,0.0,1.0,8.85
252.0,2.0,12.0,10.7142211144008,106.737025395632,0.0,17.789285714285825,8.648767860862735,4617.7,0,1,0,1,0,0,20.119968764420605,98.58999068800486,1.409359637914979,0.0,0.0,10.0,7.911581349050183,0.0,0.0,0.0,0.0,1.0,43.0
190.0,2.0,12.0,10.7523461767923,106.616949792862,3.0,10.737500000006847,19.36213730687916,,1,1,1,1,1,0,20.25050569105691,,,,,8.0,9.56131068778972,0.0,0.0,1.0,0.0,0.0,21.5
144.0,4.0,7.3,10.7975213893309,106.689000526239,3.0,18.63592086332186,20.918551142754602,,0,0,0,0,0,1,21.40910965668906,,,,,24.0,2.7337666600547004,0.0,0.0,0.0,1.0,0.0,53.0
120.0,4.0,20.0,10.86417,106.728,3.0,15.48107692307722,17.332544455579256,,1,1,1,1,1,0,20.25050569105691,,,,,15.0,10.234801745698352,0.0,0.0,0.0,0.0,1.0,19.0
57.0,3.0,4.0,10.7054657330934,106.740795455249,0.0,17.789285714285825,18.28632481919144,7820.4,1,0,0,0,0,0,20.25050569105691,7.1244437624673935,22.343230525292824,2.9591836734693877,67.5731420387704,7.0,8.962120423078472,0.0,0.0,0.0,1.0,0.0,6.45
70.0,3.0,6.0,10.7797330675374,106.668066965624,0.0,24.737282299672927,16.235786892588425,311.0,0,0,0,0,0,1,16.95010834230355,13.84887459807074,0.0,0.0,86.0064308681672,9.0,3.632108501888303,0.0,0.0,0.0,1.0,0.0,15.0
150.0,6.0,8.0,10.8560412485426,106.61877036967,3.0,8.826587030733174,14.285467555474675,,1,1,1,0,0,0,20.25050569105691,,,,,7.0,12.651850766549693,0.0,0.0,0.0,0.0,1.0,9.9
47.0,2.0,3.0,10.726538981071,106.733593924958,0.0,17.789285714285825,8.648767860862735,1889.4,0,1,1,0,0,0,8.354727166160457,70.85000529268551,0.0,0.0,29.14999470731449,4.0,6.545882439572951,0.0,0.0,0.0,0.0,1.0,4.79
88.0,3.0,6.0,10.7857926266944,106.775920253177,2.0,38.647438220481845,23.328827418358713,,1,0,0,0,0,0,20.25050569105691,,,,,11.0,8.245007634629166,0.0,0.0,0.0,0.0,1.0,9.5
82.0,4.0,6.0,10.8482564600589,106.642355065085,2.0,11.098013468022373,15.61262632367065,40.3,1,0,0,0,0,0,11.178588935354508,43.64764267990074,0.0,0.0,56.30272952853599,9.0,10.282088694468204,0.0,0.0,0.0,1.0,0.0,8.45
62.0,4.0,10.0,10.8244756899721,106.717040938248,3.0,15.48107692307722,14.40074884671146,,1,1,0,0,1,0,17.750769632832952,,,,,8.0,5.664487467507327,0.0,0.0,0.0,1.0,0.0,13.5
160.0,5.0,13.2,10.7589610616969,106.591613257881,3.0,10.737500000006847,8.135783941420566,8023.7,0,0,0,0,0,1,20.25050569105691,93.60918279596694,0.4100352705111108,0.0,5.981280456647183,13.0,12.109161261403615,0.0,0.0,1.0,0.0,0.0,14.6
69.0,4.0,6.0,10.7700626054842,106.688699699349,2.0,53.75818181817839,80.81249751703449,2618.3,1,0,0,0,0,0,39.810934272632835,91.38219455371804,0.0,8.619715082305312,0.0,10.0,1.5068766089636272,0.0,0.0,0.0,0.0,1.0,26.5
214.0,3.0,13.8,10.8507551138429,106.763083946641,3.0,15.48107692307722,17.056969241416212,,0,0,0,0,0,1,20.25050569105691,,,,,19.0,10.720428514199504,0.0,0.0,0.0,1.0,0.0,29.9
53.0,3.0,6.0,10.7991513889674,106.717912793405,0.0,18.827244701348747,41.01013634331939,5640.4,0,1,1,0,1,1,19.911470140858842,99.06070491454508,0.0,0.0,0.9392950854549322,7.0,3.16222876415841,0.0,0.0,0.0,0.0,1.0,7.35
108.0,4.0,11.9,10.7941325036472,106.680912077456,3.0,18.63592086332186,15.081788755498186,687.3,0,0,0,0,0,1,13.842079023496492,92.73243125272808,0.0,0.0,7.261748872399243,11.0,2.9879570775845385,0.0,0.0,0.0,1.0,0.0,27.0
70.0,4.0,6.0,10.8469851163765,106.757590855999,0.0,15.48107692307722,15.706358342303552,,0,0,0,0,0,0,18.595595821172992,,,,,8.0,10.018544491509276,0.0,0.0,0.0,0.0,1.0,7.5
104.0,3.0,30.0,10.78996249585,106.693902641182,0.0,53.75818181817839,34.07029975082686,7080.8,0,0,0,0,1,0,29.34260834230355,5.801039430572817,0.0,93.8679245283019,0.3316009490453056,6.0,1.7402630041870562,0.0,0.0,1.0,0.0,0.0,23.0
85.0,2.0,6.0,10.8017389777797,106.700065228079,0.0,18.827244701348747,20.918551142754602,64.6,0,0,0,0,0,0,18.394702660946763,10.975232198142416,0.0,0.0,88.99380804953562,5.0,2.8642747118386183,0.0,0.0,1.0,0.0,0.0,9.45
77.0,4.0,8.0,10.7998298544726,106.644390508476,3.0,19.38917355371901,16.235786892588425,197.7,0,0,0,0,0,1,20.25050569105691,5.427415275670208,0.0,0.0,94.5725847243298,10.0,6.737311229279964,0.0,0.0,0.0,0.0,1.0,16.5
72.0,3.0,7.0,10.8695408689041,106.673778872379,3.0,8.826587030733174,13.805666803246416,96.1,0,0,0,0,0,0,18.328763957132956,35.733610822060356,64.25598335067639,0.0,0.0,9.0,10.820826017109717,0.0,0.0,1.0,0.0,0.0,5.95
51.0,4.0,8.7,10.7561095084085,106.722930515873,2.0,17.789285714285825,17.42635834230355,295.5,1,0,0,0,0,1,20.25050569105691,88.3248730964467,0.0,0.0,11.221658206429778,15.0,3.252472697612097,0.0,0.0,0.0,0.0,1.0,6.3
85.0,3.0,12.0,10.770321,106.77801,3.0,38.647438220481845,16.791900388268562,,0,0,1,0,1,0,20.25050569105691,,,,,8.0,8.42497087072405,0.0,0.0,0.0,1.0,0.0,9.5
410.0,4.0,40.0,10.7907640078195,106.637471412156,3.0,14.87073929990493,24.311036457287887,1502.4,0,0,0,0,0,0,29.940845325225013,70.68690095846645,3.7693024494142704,0.0,25.54512779552716,14.0,7.141495070526108,0.0,0.0,0.0,1.0,0.0,79.0
72.0,3.0,5.0,10.7458804052489,106.64508190333,0.0,12.006306645336863,18.093318479606467,870.4,0,1,1,1,0,1,19.567814035091047,53.08249080882352,0.0,0.0,46.91750919117647,9.0,6.9759389843664925,0.0,0.0,0.0,1.0,0.0,6.3
90.0,2.0,6.0,10.8391823331996,106.781535596121,3.0,19.053737403258268,21.65981557903033,,1,1,1,0,1,0,20.25050569105691,,,,,5.0,11.249062063463656,0.0,0.0,1.0,0.0,0.0,5.5
288.0,5.0,12.0,10.7722259701923,106.672391987965,0.0,24.737282299672927,20.454141465138118,16538.0,0,0,1,1,1,0,23.47480801259286,87.9510823557867,2.368968436328456,9.679163139436447,0.0,12.0,3.1638675702596033,0.0,0.0,0.0,1.0,0.0,154.0
51.0,3.0,5.5,10.8461736054152,106.723927943101,2.0,15.48107692307722,17.78611714762465,,1,0,1,0,1,1,18.903841583700096,,,,,6.0,8.191614410332438,0.0,0.0,0.0,1.0,0.0,6.95
457.0,1.0,20.0,10.7599926719877,106.673152516105,3.0,29.82381843840417,24.56391683041859,24736.4,0,0,0,1,0,0,20.25050569105691,58.05529503080481,3.194765608576834,29.987063598583465,8.762794909526042,2.0,3.533886598357452,0.0,0.0,1.0,0.0,0.0,200.0
70.0,2.0,6.0,10.8194846161339,106.702877770799,3.0,18.827244701348747,16.235786892588425,227.2,1,0,0,0,0,0,13.941385937429175,35.47975352112676,0.0,0.0,64.50264084507043,5.0,4.839166140815064,0.0,0.0,1.0,0.0,0.0,8.95
110.0,3.0,15.8,10.7047146909984,106.734885859117,0.0,17.789285714285825,18.28632481919144,5429.7,0,0,0,0,0,1,18.51970680326955,15.374145901246846,19.68745971232297,0.0,64.93821021419231,9.0,8.743793912794255,0.0,0.0,0.0,0.0,1.0,8.9
121.0,1.0,17.1,10.7749255821307,106.664684535871,3.0,24.737282299672927,15.61262632367065,5455.0,1,0,0,0,0,1,19.759740783443462,35.629514207149406,0.0,0.0,64.36498625114574,5.0,3.9796103800053895,0.0,0.0,1.0,0.0,0.0,18.5
54.0,4.0,8.0,10.7375576047633,106.722865397676,0.0,17.789285714285825,14.672222873812292,19530.5,1,0,0,0,0,0,22.174529617989272,1.4632497887918894,4.754000153605899,39.20027649061724,0.0,8.0,4.891373684043242,0.0,0.0,0.0,0.0,1.0,12.59
102.0,1.0,10.0,10.8001374132342,106.63061742492,0.0,14.87073929990493,14.237298722437757,107.7,1,1,1,0,0,0,18.686154441087304,4.883936861652739,0.0,0.0,95.0974930362117,3.0,8.153220177923103,0.0,0.0,1.0,0.0,0.0,15.5
36.0,3.0,6.0,10.8201094855074,106.703995225335,0.0,18.827244701348747,16.235786892588425,1017.2,1,0,0,0,0,0,13.930220361551154,76.16397955171058,23.835037357451828,0.0,0.0,6.0,4.914935036014716,0.0,0.0,0.0,0.0,1.0,8.0
96.0,5.0,12.0,10.7492806385731,106.716799880789,0.0,17.789285714285825,15.717993526044307,180.5,1,1,0,0,1,0,20.25050569105691,57.70637119113573,0.0,0.0,42.28254847645429,13.0,3.4305302382451743,0.0,0.0,0.0,0.0,1.0,22.0
104.0,2.0,6.0,10.7034033802694,106.703711503718,2.0,8.131668552257471,13.173106254134565,4800.1,1,0,1,1,0,0,8.502652923904137,18.2681610799775,0.0,1.6522572446407364,0.0,6.0,8.077415859069877,0.0,0.0,0.0,1.0,0.0,6.6
97.0,6.0,7.0,10.7894121206695,106.693038883785,2.0,53.75818181817839,48.487230363696476,611.5,1,0,0,0,0,0,29.34260834230355,12.480784955028618,0.0,87.51757972199509,0.0,15.0,1.731902200924036,0.0,0.0,0.0,0.0,1.0,26.99
80.0,4.0,16.0,10.7428506498873,106.710578949457,3.0,17.789285714285825,24.488452653857216,49.9,0,1,0,0,0,0,19.567814035091047,8.997995991983968,0.0,0.0,91.062124248497,11.0,3.828721588084953,0.0,0.0,0.0,0.0,1.0,20.2
55.0,4.0,7.1066666666666665,10.7498183131518,106.644134961588,3.0,12.006306645336863,14.561953480312356,2616.1,0,1,1,1,0,1,18.147843146474766,97.57386950040136,0.1471656282252207,0.0,2.2789648713734185,7.0,6.870128045144042,0.0,0.0,0.0,1.0,0.0,6.5
80.0,4.0,7.0,10.8408136759408,106.642190565685,2.0,11.098013468022373,20.454141465138118,102.3,1,1,1,0,0,0,20.25050569105691,11.10459433040078,0.0,0.0,88.87585532746823,8.0,9.661231230301562,0.0,0.0,0.0,1.0,0.0,9.4
28.0,5.0,4.1,10.7979394054345,106.676294928697,0.0,18.63592086332186,23.820911987062647,46.9,0,1,0,1,1,1,19.806236435736306,0.0,0.0,0.0,100.0,9.0,3.645899332041143,0.0,0.0,0.0,0.0,1.0,6.7
88.0,1.0,6.0,10.7505478094123,106.735960815453,0.0,17.789285714285825,17.42635834230355,3299.4,0,0,0,0,0,0,19.089097978071564,64.26198702794449,0.0,0.0,0.0,10.0,4.7446579991466775,0.0,0.0,0.0,1.0,0.0,8.7
81.0,3.0,7.0,10.8399367124305,106.713359203509,0.0,15.48107692307722,17.78611714762465,,0,0,0,0,0,0,18.852521452227894,,,,,9.0,7.234430010586674,0.0,0.0,0.0,1.0,0.0,10.6
50.0,3.0,5.333333333333334,10.8352275121363,106.753737967108,0.0,15.48107692307722,15.706358342303552,,1,1,0,0,0,1,18.06394396884742,,,,,7.0,8.742260433076199,0.0,0.0,0.0,0.0,1.0,7.3
115.0,5.0,14.0,10.7986335341482,106.692965876655,0.0,18.827244701348747,15.13100312673361,54.5,0,0,0,0,0,1,20.25050569105691,0.0,0.0,0.0,100.0,46.0,2.6689633590351964,0.0,0.0,0.0,0.0,0.0,23.5
113.0,6.0,12.0,10.8738198305834,106.624550072354,3.0,8.826587030733174,9.23912502081522,,0,0,0,0,0,0,20.25050569105691,,,,,33.0,13.718912250454274,0.0,0.0,0.0,0.0,1.0,12.68
170.0,3.0,16.0,10.8040685098624,106.800233474347,0.0,19.053737403258268,23.42179327737413,,0,0,0,0,0,0,19.587917242844295,,,,,9.0,11.269076035797031,0.0,0.0,0.0,0.0,1.0,20.0
63.0,1.0,12.0,10.7643595429613,106.625050645408,3.0,14.87073929990493,17.499103454001883,1964.0,0,1,1,0,0,0,20.25050569105691,0.0,0.0,0.0,100.0,3.0,8.407573448013725,0.0,0.0,0.0,0.0,1.0,8.8
102.0,3.0,5.0,10.7960091513086,106.707005322403,0.0,18.827244701348747,15.081788755498186,112.8,0,0,0,0,0,0,24.624921090794228,0.0,0.0,0.0,100.0,11.0,2.3165339593259837,0.0,0.0,1.0,0.0,0.0,14.5
63.0,3.0,6.8,10.8299248954894,106.637865779185,2.0,11.098013468022373,20.454141465138118,2414.8,1,0,0,0,0,1,16.195980401453983,18.683534868312073,0.0,0.0,81.31770747059798,8.0,9.14640821671734,0.0,0.0,0.0,1.0,0.0,7.5
100.0,2.0,10.0,10.879043,106.55251,3.0,9.79203162611253,14.844224781192123,34049.8,0,0,0,0,0,1,19.567814035091047,0.0,10.637712996845796,89.36234574065045,0.0,8.0,19.865558003385125,0.0,1.0,0.0,1.0,0.0,10.0
63.0,4.0,40.0,10.7447704194112,106.683721441553,3.0,9.364834955468142,20.918551142754602,850.2,0,0,0,0,0,0,16.644438696094667,77.75229357798165,0.0,0.0,22.245354034344857,10.0,3.9576232871982846,0.0,0.0,0.0,0.0,1.0,8.2
154.0,1.0,10.0,10.8121105769551,106.692250436208,3.0,18.827244701348747,16.924787565129154,117.8,0,1,1,1,0,0,25.38415763254146,15.441426146010189,0.0,0.0,84.56706281833617,6.0,4.1300223252905734,0.0,0.0,0.0,0.0,1.0,24.0
50.0,3.0,7.0,10.8707429178142,106.670035501139,2.0,8.826587030733174,13.805666803246416,1032.0,0,0,0,0,0,0,20.25050569105691,11.200581395348838,0.0,0.0,88.79554263565892,8.0,11.06777534651313,0.0,0.0,0.0,0.0,1.0,5.35
84.0,2.0,15.0,10.8420208103814,106.630759092507,3.0,8.826587030733174,15.500554052311237,990.0,0,0,1,0,0,0,16.846557206889077,14.228282828282827,0.0,0.0,85.77373737373736,4.0,10.626288951594184,0.0,0.0,0.0,1.0,0.0,6.6
68.0,2.0,6.0,10.7904576090174,106.692544003124,3.0,53.75818181817839,34.07029975082686,38.7,0,0,0,0,0,0,24.1142258297563,13.04909560723514,0.0,0.0,86.82170542635659,7.0,1.8595338192566977,0.0,0.0,1.0,0.0,0.0,15.5
270.0,5.0,25.0,10.719606389268009,106.73222008467106,3.0,17.789285714285825,30.38692272100736,1034216.8,0,0,0,0,0,0,20.25050569105691,16.500876798752444,17.54197475809714,0.1461792150349907,65.81097212886118,45.0,7.132977856526773,0.0,0.0,0.0,0.0,1.0,115.0
195.0,2.0,7.1,10.8421167683375,106.734119478652,3.0,15.48107692307722,14.40074884671146,,0,0,0,0,0,1,20.25050569105691,,,,,16.0,8.18878544281414,0.0,0.0,0.0,1.0,0.0,18.0
60.0,4.0,8.0,10.7017411110822,106.740883555074,3.0,8.131668552257471,7.431275025157785,869.4,1,1,0,0,0,0,17.25767208576909,10.839659535311707,0.0,0.0,89.16149068322981,9.0,9.331209709815685,0.0,0.0,0.0,0.0,1.0,8.5
43.0,3.0,3.0,10.8061389787926,106.697139844745,3.0,18.827244701348747,15.61262632367065,1561.1,0,1,0,0,0,0,17.40171754184511,78.39408109666262,0.0,0.0,21.607840625200183,12.0,3.3791022575441367,0.0,0.0,0.0,1.0,0.0,7.8
48.0,3.0,8.0,10.7410752440542,106.706438233615,0.0,17.789285714285825,24.488452653857216,1425.0,0,1,1,1,0,0,20.25050569105691,90.63087719298248,0.0,0.0,9.36701754385965,7.0,3.926995397158933,0.0,0.0,1.0,0.0,0.0,6.5
96.0,3.0,15.0,10.690741293775,106.720649459706,0.0,8.131668552257471,13.173106254134565,7136.0,0,0,0,0,0,1,19.32281039637293,22.82511210762332,44.66928251121076,0.0,32.50616591928251,8.0,9.71793553400611,0.0,0.0,0.0,0.0,1.0,11.5
108.0,4.0,8.0,10.803308107596,106.716282231123,0.0,18.827244701348747,23.596282954466844,86.7,0,0,1,0,0,0,21.692084895986877,0.0,0.0,0.0,99.97693194925029,13.0,3.45985105312227,0.0,0.0,1.0,0.0,0.0,20.0
81.0,5.0,8.0,10.8032172035616,106.684644397179,3.0,18.63592086332186,15.13100312673361,8.9,1,1,0,1,1,0,12.77062601913981,64.71910112359551,0.0,0.0,34.9438202247191,9.0,3.519935595396687,0.0,0.0,1.0,0.0,0.0,25.0
55.0,5.0,10.0,10.7660580389772,106.683124534742,3.0,18.827244701348747,20.460368357652627,7166.5,0,0,0,0,0,0,22.511366997733134,9.723993581246075,90.27600641875392,0.0,0.0,12.0,2.253377709753053,0.0,0.0,0.0,0.0,1.0,26.0
142.0,2.0,8.0,10.7852620425471,106.61582518369,3.0,10.737500000006847,11.523850027712317,1337.9,0,0,0,0,0,0,14.230094570897254,88.58285372598849,0.0,0.0,11.41714627401151,7.0,9.37153477856915,0.0,0.0,1.0,0.0,0.0,11.5
204.0,11.0,27.8,10.7855517246083,106.698657074559,3.0,53.75818181817839,48.487230363696476,1854.0,0,0,0,0,0,1,26.915843909224144,84.9967637540453,0.0,15.001618122977344,0.0,17.0,1.0951120925546072,0.0,0.0,0.0,1.0,0.0,238.0
55.0,4.0,6.0,10.8059023375092,106.605129527645,2.0,10.737500000006847,10.067829993435623,106.8,1,1,0,0,0,1,19.567814035091047,37.453183520599254,0.0,0.0,62.565543071161045,10.0,10.99741175987845,0.0,0.0,1.0,0.0,0.0,7.6
60.0,2.0,5.0,10.8191627723363,106.702720517583,0.0,18.827244701348747,16.235786892588425,199.2,1,0,0,0,0,0,13.941385937429175,0.0,0.0,0.0,99.97991967871486,5.0,4.8027440967685475,1.0,0.0,1.0,0.0,0.0,7.0
51.0,2.0,8.0,10.805731077873,106.605136402809,2.0,10.737500000006847,10.067829993435623,1603.5,1,0,0,0,0,0,19.567814035091047,30.215777985656377,0.0,0.0,69.78609292173373,4.0,10.990955831238654,0.0,0.0,0.0,0.0,1.0,5.55
72.0,3.0,3.0,10.7264470869487,106.733515509947,2.0,17.789285714285825,8.648767860862735,413.6,1,0,0,0,0,0,8.354727166160457,96.16537717601548,0.0,0.0,3.82495164410058,8.0,6.549834985856668,0.0,0.0,0.0,0.0,1.0,8.8
72.0,5.0,8.0,10.7696841256893,106.613179342945,0.0,10.737500000006847,8.135783941420566,2261.7,0,1,0,1,0,0,13.629868366546333,74.33656099394261,0.0,0.0,25.66255471547951,8.0,9.629675805568713,0.0,0.0,0.0,1.0,0.0,7.5
270.0,3.0,10.0,10.7777280712134,106.759474934071,0.0,38.647438220481845,32.180605395627865,,0,0,0,0,1,1,20.25050569105691,,,,,9.0,6.379408277443095,0.0,0.0,0.0,0.0,1.0,65.0
50.0,4.0,5.333333333333334,10.7676628297188,106.686273631763,0.0,53.75818181817839,59.25648860397285,1999.0,0,0,0,0,1,1,20.25050569105691,84.95947973986993,0.0,15.039019509754878,0.0,8.0,1.866124625036947,0.0,0.0,0.0,1.0,0.0,34.0
150.0,5.0,18.6,10.7840180417872,106.694975048539,0.0,54.46617152529408,106.67729565230768,520.5,0,0,0,0,0,1,20.25050569105691,0.4130643611911623,0.0,99.57732949087416,0.0,7.0,1.1146791981075983,0.0,1.0,0.0,1.0,0.0,60.0
100.0,4.0,20.0,10.77787739019773,106.74716224746264,3.0,38.647438220481845,23.346267146280812,,0,0,1,0,0,0,38.40280152808539,,,,,9.0,5.035880115452884,0.0,1.0,0.0,1.0,0.0,30.5
200.0,3.0,16.066666666666666,10.80268361757885,106.80034624123036,0.0,19.053737403258268,23.42179327737413,,0,0,0,0,0,1,19.587917242844295,,,,,12.0,11.239305412943878,0.0,0.0,0.0,1.0,0.0,24.6
90.0,2.0,6.0,10.8126719821433,106.701824013144,2.0,18.827244701348747,20.454141465138118,,1,1,1,1,0,1,19.567814035091047,,,,,10.0,4.078505135966757,0.0,0.0,0.0,1.0,0.0,8.3
45.0,3.0,5.0,10.8358275331579,106.660902508118,3.0,11.098013468022373,16.924787565129154,1174.2,0,1,1,1,0,1,10.107421869117639,93.27456991994548,0.0,6.722875149037642,0.0,8.0,7.970726278072995,0.0,0.0,1.0,0.0,0.0,6.5
24.0,2.0,4.0,10.7835895386429,106.64733176974,2.0,19.38917355371901,14.561953480312356,846.9,1,0,0,0,0,0,17.444977006572753,99.37064588499234,0.0,0.0,0.6328964458613768,4.0,5.933569836264935,0.0,0.0,0.0,1.0,0.0,3.2
150.0,2.0,6.0,10.8489848397267,106.693018975443,3.0,8.826587030733174,13.645852307543556,1956.8,0,1,0,0,0,0,18.58320168788192,30.1829517579722,0.0,0.0,69.81551512673754,6.0,8.163397809945856,0.0,0.0,0.0,0.0,1.0,11.6
90.0,3.0,12.0,10.726220382740312,106.69390357170496,0.0,17.789285714285825,34.311080856230646,158524.4,0,0,0,0,0,0,22.10413068261712,11.207366184637822,13.275647155895244,0.0,75.51697404311261,10.0,5.590790588040778,0.0,0.0,0.0,0.0,1.0,15.5
105.0,1.0,6.0,10.76808649018,106.672033750169,2.0,24.737282299672927,14.561953480312356,68.0,0,0,0,0,0,0,21.742372820427185,17.13235294117647,0.0,0.0,82.22058823529412,4.0,3.294745309961846,0.0,0.0,0.0,1.0,0.0,16.3
78.0,5.0,8.0,10.8031167839739,106.716472915271,2.0,18.827244701348747,23.596282954466844,107.6,0,0,1,0,0,0,21.692084895986877,0.0,0.0,0.0,100.0,26.0,3.451280772263263,0.0,0.0,0.0,0.0,1.0,18.3
50.0,2.0,6.0,10.7932848387471,106.687324772504,0.0,53.75818181817839,34.07029975082686,922.7,0,0,0,0,0,1,19.211286203635318,99.7724070662187,0.0,0.0,0.2243416061558469,8.0,2.4409212721555513,0.0,0.0,0.0,0.0,1.0,15.8
70.0,1.0,12.0,10.9901358890723,106.451410426442,3.0,17.449365566351183,18.091798425095146,6280.7,0,1,1,0,0,0,20.25050569105691,18.64521470536723,11.047653923925678,0.0,70.30665371694238,3.0,36.198439987442235,0.0,0.0,1.0,0.0,0.0,1.05
227.0,6.0,13.8,10.804456668954,106.689334396572,3.0,18.827244701348747,20.339947871608835,230.1,0,0,0,0,0,1,20.25050569105691,16.414602346805736,0.0,0.0,83.59843546284225,25.0,3.415258752498658,0.0,0.0,0.0,0.0,1.0,90.0
109.0,4.0,26.0,10.7569086924667,106.586170731805,3.0,10.737500000006847,13.482984203694478,7639.7,0,0,0,0,0,1,13.472608342303552,89.92735316831813,6.4726363600664945,0.0,3.6001413668075974,15.0,12.732802409902472,0.0,0.0,0.0,1.0,0.0,15.0
30.0,3.0,4.0,10.8211771109388,106.654866178973,2.0,19.38917355371901,15.923197269929185,,1,0,1,0,0,1,10.818659325601992,,,,,7.0,7.122990356856748,1.0,0.0,0.0,1.0,0.0,5.55
67.0,5.0,20.0,10.7721836140693,106.669376247699,3.0,24.737282299672927,20.454141465138118,2660.0,0,0,0,0,0,0,26.807768326301748,58.180075187969926,0.0,0.0,41.81203007518797,14.0,3.491223654594099,0.0,0.0,0.0,1.0,0.0,27.8
37.0,3.0,3.0,10.8061929339425,106.696739928858,3.0,18.827244701348747,15.61262632367065,310.1,0,1,0,1,0,0,17.40171754184511,10.21605933569816,0.0,0.0,89.77104159948402,6.0,3.3909112749118773,0.0,0.0,0.0,0.0,1.0,7.95
34.0,1.0,3.0,10.7501020599546,106.679531294824,1.0,9.364834955468142,23.820911987062647,2273.4,0,1,1,1,1,0,20.25050569105691,1.0187384534177883,98.98082167678368,0.0,0.0,3.0,3.7207761256470566,0.0,0.0,1.0,0.0,0.0,3.7
110.0,4.0,6.0,10.8217974300875,106.654589165867,2.0,19.38917355371901,15.923197269929185,,1,1,0,0,0,1,19.567814035091047,,,,,9.0,7.193135856925207,0.0,0.0,0.0,1.0,0.0,11.8
22.0,2.0,4.0,10.7883755742269,106.678115049159,2.0,54.46617152529408,15.61262632367065,110.7,1,0,0,0,0,0,20.25050569105691,28.455284552845526,0.0,0.0,71.54471544715447,2.0,2.863076961563386,0.0,0.0,0.0,1.0,0.0,3.6
64.0,4.0,15.0,10.7962609299495,106.690530195564,3.0,18.63592086332186,20.918551142754602,,0,0,0,0,0,0,20.25050569105691,,,,,13.0,2.5315187159094994,0.0,0.0,0.0,0.0,1.0,21.0
103.0,2.0,8.0,10.812304764939,106.692606512283,0.0,18.827244701348747,16.924787565129154,125.7,1,0,0,0,0,0,25.38415763254146,40.71599045346062,0.0,0.0,59.29196499602227,5.0,4.142134239312227,0.0,0.0,0.0,1.0,0.0,8.6
350.0,4.0,15.0,10.8156917872252,106.5913028517,3.0,10.737500000006847,13.71334205498395,,0,0,0,0,0,0,20.25050569105691,,,,,30.0,12.779140039611574,0.0,0.0,0.0,1.0,0.0,35.0
90.0,5.0,12.0,10.830000998011,106.702596003063,0.0,18.827244701348747,16.235786892588425,3768.9,0,0,0,0,0,0,19.23866524947719,99.69487118257317,0.0,0.0,0.3051288174268354,13.0,6.0068598416962,0.0,0.0,0.0,0.0,1.0,13.0
120.0,4.0,20.0,10.8068283492527,106.694950921907,3.0,18.827244701348747,15.288713651298618,994.4,0,0,0,0,0,1,13.941385937429175,86.88053097345133,0.0,0.0,13.12248592115849,12.0,3.4931364503285804,0.0,0.0,0.0,1.0,0.0,20.0
54.0,4.0,6.0,10.7781760788485,106.64324792102,0.0,14.87073929990493,21.72974125281273,29.8,0,0,0,0,0,0,20.25050569105691,40.80536912751678,0.0,0.0,59.09395973154362,8.0,6.324026377987375,0.0,0.0,0.0,0.0,1.0,8.28
66.0,3.0,8.0,10.7402387116376,106.735932697244,1.0,17.789285714285825,8.648767860862735,119.8,1,0,0,0,0,1,13.834634373598146,66.34390651085143,0.0,0.0,33.631051752921536,9.0,5.503767753762319,0.0,0.0,0.0,0.0,1.0,6.9
140.0,3.0,12.0,10.70401,106.7127,0.0,8.131668552257471,13.173106254134565,43635.6,0,0,0,0,0,0,19.32281039637293,0.0522738314587171,5.2599482990952335,0.0,1.368034357267919,9.0,8.104613057588477,0.0,0.0,0.0,0.0,1.0,17.0
76.0,3.0,3.0,10.8122883579509,106.687887757075,3.0,18.827244701348747,15.149860937399001,43.0,0,0,0,0,0,0,20.46129821819246,0.0,100.0,0.0,0.0,8.0,4.285386140894251,0.0,0.0,1.0,0.0,0.0,8.5
60.0,3.0,4.0,10.7376639880103,106.722664920199,3.0,17.789285714285825,14.672222873812292,372.3,1,1,0,1,0,0,22.174529617989272,32.350255170561375,66.34703196347031,1.2892828364222402,0.0,8.0,4.870408542400408,0.0,0.0,0.0,1.0,0.0,6.5
49.0,4.0,6.0,10.8055816783786,106.638382931291,2.0,19.38917355371901,16.235786892588425,93.5,0,0,0,0,0,0,20.25050569105691,6.909090909090909,0.0,0.0,93.10160427807487,8.0,7.599283929384765,0.0,0.0,0.0,1.0,0.0,9.9
263.0,6.0,12.1,10.7933655259352,106.691594200297,0.0,53.75818181817839,34.07029975082686,84.3,0,0,0,0,0,1,26.14981200653238,0.0,0.0,0.0,100.0,14.0,2.1924241919242897,0.0,0.0,0.0,0.0,1.0,95.0
31.0,1.0,8.0,10.766367170185,106.644892470828,3.0,13.32081849341783,15.61262632367065,50.9,0,1,1,1,1,0,20.25050569105691,4.106090373280943,0.0,0.0,95.81532416502948,5.0,6.232605895005895,0.0,0.0,1.0,0.0,0.0,6.1
335.0,5.0,11.4,10.7671514719651,106.69496352316,3.0,53.75818181817839,50.13266841725762,416.2,0,1,0,0,0,1,37.54099080615944,0.0,0.0,0.0,99.9927919269582,96.0,1.1905517997807664,0.0,0.0,0.0,1.0,0.0,230.0
90.0,3.0,12.0,10.7365814709891,106.712521934056,0.0,17.789285714285825,34.311080856230646,,0,0,0,0,0,1,22.10413068261712,,,,,10.0,4.557278818678604,0.0,0.0,0.0,0.0,1.0,15.5
72.0,3.0,8.0,10.7294171272509,106.632221599871,3.0,9.364834955468142,9.674953215540254,1865.3,1,0,0,0,0,0,18.20119183870365,99.5861255562108,0.0,0.0,0.4122661234117837,5.0,9.134957863244576,0.0,0.0,0.0,1.0,0.0,5.99
47.0,3.0,6.3999999999999995,10.7678177727014,106.595528038575,0.0,10.737500000006847,11.79885823719474,5628.0,0,1,1,0,1,1,19.567814035091047,11.223880597014926,0.0,0.0,88.77576403695807,7.0,11.56804644955946,0.0,0.0,0.0,1.0,0.0,6.38
32.0,4.0,5.0,10.8199810629313,106.703788797056,2.0,18.827244701348747,16.235786892588425,1017.2,1,1,0,0,0,0,13.930220361551154,76.16397955171058,23.835037357451828,0.0,0.0,7.0,4.899281495881988,0.0,0.0,0.0,0.0,1.0,7.79
50.0,4.0,5.0,10.7993430054523,106.686968160718,3.0,18.63592086332186,18.83383064658232,,1,1,0,1,0,0,17.184474827935027,,,,,8.0,3.0199372434567673,0.0,0.0,1.0,0.0,0.0,12.9
76.0,2.0,10.0,10.770840647383,106.686747168286,1.0,54.46617152529408,15.149860937399001,9013.1,1,0,0,0,0,0,29.620808306885813,70.85453395613051,0.0,13.367875647668392,15.777479446583309,9.0,1.669497239327603,0.0,0.0,0.0,1.0,0.0,26.5
144.0,5.0,13.0,10.8546391667629,106.752986038833,3.0,15.48107692307722,18.03421329876938,,1,1,1,0,0,1,18.760003080075247,,,,,24.0,10.420031099388895,0.0,0.0,0.0,1.0,0.0,16.0
172.0,2.0,9.4,10.7571966450384,106.713622681087,2.0,12.968707708226514,9.674953215540254,56.8,1,0,0,0,0,1,17.88136985175628,48.90845070422536,0.0,51.12676056338028,0.0,16.0,2.4985753947533293,0.0,0.0,1.0,0.0,0.0,12.9
48.0,5.0,5.0,10.8121790994195,106.68563796852,0.0,18.827244701348747,15.149860937399001,56.6,1,0,0,0,0,0,20.46129821819246,0.0,0.4770318021201414,0.0,99.45229681978796,7.0,4.3630605143444345,0.0,0.0,0.0,0.0,1.0,9.5
48.0,4.0,6.0,10.7975212799208,106.676227982292,3.0,18.63592086332186,23.820911987062647,1033.3,1,0,0,0,0,0,19.806236435736306,79.6486983451079,0.0,0.0,20.348398335430176,10.0,3.620440212840604,0.0,0.0,0.0,1.0,0.0,13.3
72.0,3.0,5.0,10.7990495739804,106.694027203598,3.0,18.827244701348747,18.83383064658232,71.4,1,0,0,0,0,0,18.133914647361333,0.0,0.0,0.0,99.9439775910364,9.0,2.6769006456503863,0.0,0.0,0.0,0.0,1.0,9.5
344.0,3.0,15.3,10.7827763959363,106.687135382735,3.0,54.46617152529408,106.67729565230768,844.1,0,0,0,0,0,1,47.644452285713,40.856533586068,59.14820518895865,0.0,0.0,9.0,1.701350388017654,0.0,0.0,0.0,0.0,1.0,160.0
344.0,3.0,15.3,10.783029226215,106.686796228061,0.0,54.46617152529408,106.67729565230768,695.8,0,0,0,0,0,1,47.644452285713,40.584938200632365,0.0,0.0,59.413624604771485,9.0,1.7470383587024223,0.0,0.0,0.0,1.0,0.0,160.0
44.0,4.0,14.0,10.7830055366897,106.624448170396,0.0,14.87073929990493,17.499103454001883,4156.1,0,1,1,0,0,0,20.25050569105691,97.95986622073578,0.0,0.0,2.0398931690767785,8.0,8.409052883280808,0.0,0.0,0.0,0.0,0.0,8.9
67.0,4.0,16.0,10.7958617610334,106.62181724422,3.0,14.87073929990493,9.35870800879073,232.0,0,1,0,0,0,0,15.331358342303552,4.642241379310344,0.0,0.0,95.34913793103448,11.0,8.937270173607262,0.0,0.0,1.0,0.0,0.0,12.5
63.0,1.0,4.0,10.8490419546447,106.692964684192,0.0,8.826587030733174,13.645852307543556,3189.9,0,0,0,0,0,0,18.58320168788192,76.38013730837957,3.721746763221417,11.791905702373114,8.105269757672655,3.0,8.170354236132678,0.0,0.0,1.0,0.0,0.0,4.75
60.0,1.0,6.0,10.8088632794591,106.690248370275,3.0,18.827244701348747,15.288713651298618,30.4,0,0,0,0,0,0,20.25050569105691,92.20394736842104,0.0,0.0,7.730263157894737,8.0,3.84165845598716,0.0,0.0,0.0,1.0,0.0,7.0
30.0,5.0,2.0,10.8112595150708,106.701973603336,0.0,18.827244701348747,20.454141465138118,,1,0,0,0,0,0,17.16203807849431,,,,,7.0,3.921840208147082,0.0,0.0,1.0,0.0,0.0,6.4
200.0,4.0,12.0,10.7501299539417,106.619336850728,3.0,10.737500000006847,19.36213730687916,6345.5,0,1,1,1,1,0,20.25050569105691,60.75470806083051,31.463872035300604,0.0,7.78157749586321,10.0,9.383511844924318,0.0,0.0,0.0,1.0,0.0,34.5
56.0,3.0,5.5,10.8447843674596,106.660680162186,3.0,11.098013468022373,16.924787565129154,598.6,1,1,1,0,0,1,14.230094570897254,50.81523554961576,0.0,0.0,49.18643501503508,6.0,8.831130789494367,0.0,0.0,0.0,1.0,0.0,5.98
85.0,4.0,20.0,10.735764416880585,106.73986061489964,0.0,17.789285714285825,8.648767860862735,1087.2,0,0,0,0,1,0,20.25050569105691,45.04782928623988,54.949411331861654,0.0,0.0,9.0,6.159999217420184,0.0,0.0,0.0,0.0,1.0,14.5
137.0,4.0,20.0,10.8059293214169,106.668398316868,3.0,19.38917355371901,20.918551142754602,3007.7,0,0,0,0,0,0,23.161245700728948,38.27276656581441,4.479170129999668,0.0,57.2467333843136,14.0,4.882049785227766,0.0,1.0,0.0,1.0,0.0,39.5
94.0,4.0,12.0,10.7477475742442,106.685058700184,0.0,9.364834955468142,20.918551142754602,86.0,1,1,0,0,1,0,17.700526196299407,0.0,0.0,0.0,100.0,12.0,3.597204359165693,0.0,0.0,0.0,0.0,1.0,10.0
236.0,2.0,14.0,10.7859453869646,106.621678145887,3.0,14.87073929990493,12.804496961724974,38.1,1,0,0,0,0,0,20.25050569105691,34.225721784776894,0.0,0.0,65.8530183727034,4.0,8.7456298106071,0.0,0.0,0.0,1.0,0.0,28.5
22.0,3.0,7.5,10.7493455310095,106.639462348822,0.0,12.006306645336863,16.924787565129154,16.5,0,0,0,0,0,1,18.147843146474766,92.6060606060606,7.454545454545454,0.0,0.0,5.0,7.356679991129381,0.0,0.0,0.0,1.0,0.0,4.28
52.0,4.0,11.400000000000002,10.860831035930383,106.78783683253076,0.0,15.48107692307722,16.99010834230355,,0,0,0,0,0,1,17.750769632832952,,,,,9.0,13.368633989954368,0.0,0.0,0.0,1.0,0.0,4.9
63.0,3.0,6.0,10.8196027180477,106.702678987257,2.0,18.827244701348747,16.235786892588425,1282.0,1,1,1,1,0,0,13.941385937429175,51.07098283931357,0.0,0.0,48.93135725429017,7.0,4.8514675469983475,0.0,0.0,0.0,0.0,1.0,10.0
55.0,2.0,6.0,10.8051892083649,106.682345838664,3.0,18.63592086332186,15.149860937399001,94.6,1,0,0,0,0,0,12.77062601913981,39.45031712473573,0.0,0.0,60.5708245243129,5.0,3.838078145283798,0.0,0.0,0.0,1.0,0.0,9.5
40.0,1.0,6.1,10.8253340378604,106.701708691062,0.0,18.827244701348747,16.235786892588425,3636.4,0,0,0,0,0,1,13.930220361551154,23.464965350346496,39.61115388846112,0.0,36.92415575844242,5.0,5.48609758757565,0.0,0.0,0.0,1.0,0.0,11.5
98.0,4.0,20.0,10.8049943500241,106.696264904267,3.0,18.827244701348747,15.61262632367065,25.9,1,1,1,1,1,0,20.25050569105691,0.0,0.0,0.0,99.80694980694982,11.0,3.266995245472708,0.0,0.0,0.0,0.0,1.0,28.0
75.0,3.0,11.5,10.7367370690024,106.671513861358,3.0,9.364834955468142,15.149860937399001,58.6,1,0,1,1,0,1,19.95794963295886,83.58361774744026,0.0,0.0,16.43344709897611,8.0,5.431991685405479,0.0,0.0,0.0,1.0,0.0,20.0
131.0,8.0,21.7,10.7937039626998,106.718144652547,3.0,18.827244701348747,41.01013634331939,2955.0,0,0,0,0,0,1,42.28415103036848,88.64805414551607,0.0,0.0,11.352961082910324,12.0,2.7095492179552534,0.0,1.0,0.0,1.0,0.0,58.0
70.0,4.0,8.7,10.819872646608,106.702417398967,3.0,18.827244701348747,16.235786892588425,3333.4,1,0,0,0,0,1,13.941385937429175,1.615767684646307,8.54892902141957,0.0,89.83470330593389,13.0,4.880537422899423,0.0,0.0,0.0,0.0,1.0,22.78
44.0,4.0,4.0,10.6929407150495,106.740414114661,3.0,8.131668552257471,7.431275025157785,191.9,0,1,0,0,0,0,8.354727166160457,0.0,0.0,0.0,99.99478895257946,9.0,10.18561568494537,0.0,0.0,0.0,0.0,1.0,6.35
69.0,4.0,2.0,10.7873400435659,106.575899265355,3.0,13.123347608580726,18.84067329147945,516.4,1,1,1,0,0,0,20.25050569105691,23.071262587141753,0.0,0.0,76.93454686289698,8.0,13.733937513973803,0.0,0.0,0.0,1.0,0.0,3.8
69.0,4.0,20.0,10.7697282410956,106.688294106531,3.0,53.75818181817839,50.13266841725762,1860.6,0,1,0,0,0,0,45.02458601201859,90.0021498441363,0.0,9.9957003117274,0.0,11.0,1.5630558765530125,0.0,0.0,0.0,1.0,0.0,29.0
178.0,5.0,16.15,10.8032726164742,106.716171245899,2.0,18.827244701348747,23.596282954466844,86.4,1,0,0,0,0,1,21.692084895986877,0.0,0.0,0.0,100.0,7.0,3.450588029504886,0.0,0.0,0.0,1.0,0.0,54.0
171.0,6.0,20.0,10.7282790588534,106.600305313812,3.0,10.737500000006847,13.482984203694478,612.7,0,1,1,1,0,0,20.25050569105691,77.5991512975355,5.354986126978946,0.0,17.044230455361514,31.0,12.222974774045332,0.0,0.0,0.0,1.0,0.0,18.9
115.0,4.0,12.0,10.8329326871238,106.727180210751,0.0,15.48107692307722,14.40074884671146,,0,1,0,0,0,0,20.25050569105691,,,,,9.0,6.941989705824642,0.0,0.0,0.0,1.0,0.0,17.5
212.0,2.0,10.1,10.7867929382976,106.729753481904,3.0,38.647438220481845,25.425738377885217,,0,0,0,0,0,1,20.25050569105691,,,,,10.0,3.3520799558886316,0.0,1.0,0.0,1.0,0.0,60.0
64.0,2.0,20.0,10.7515046216888,106.722039309986,0.0,17.789285714285825,15.717993526044307,,0,0,0,0,0,1,8.354727166160457,,,,,4.0,3.556821873275941,0.0,0.0,0.0,1.0,0.0,5.79
33.0,5.0,3.4,10.7975397793436,106.684527109075,3.0,18.63592086332186,18.83383064658232,62.3,0,0,0,0,0,1,20.25050569105691,33.32263242375602,0.0,0.0,66.74157303370787,13.0,3.002267791408329,0.0,0.0,0.0,1.0,0.0,9.95
15.0,3.0,3.6166666666666663,10.8448349564024,106.661097512996,3.0,11.098013468022373,16.924787565129154,89.2,1,1,1,0,0,1,14.230094570897254,19.080717488789237,0.0,0.0,80.87443946188341,5.0,8.813316500526051,0.0,0.0,1.0,0.0,0.0,3.2
67.0,1.0,3.2,10.7033195850195,106.703738662411,0.0,8.131668552257471,13.173106254134565,4800.1,0,0,0,1,0,1,8.502652923904137,18.2681610799775,0.0,1.6522572446407364,0.0,7.0,8.08683287965897,0.0,0.0,0.0,1.0,0.0,5.45
84.0,5.0,4.0,10.8356881835267,106.842559958072,0.0,19.053737403258268,25.613782122221185,,0,1,1,1,1,1,20.25050569105691,,,,,11.0,16.81590349805821,0.0,0.0,0.0,1.0,0.0,15.0
200.0,4.0,10.0,10.7468325079042,106.60690589281,3.0,10.737500000006847,19.36213730687916,902660.3,1,1,1,1,1,1,20.25050569105691,0.487598712383828,0.0,0.0,0.0,9.0,10.788737710179538,0.0,0.0,0.0,0.0,1.0,35.0
35.0,3.0,6.0,10.7631164528973,106.64216474629,2.0,13.32081849341783,14.561953480312356,895.1,1,0,0,0,0,0,9.90181956943871,79.45480951848955,0.6133392916992515,0.0,19.93743715785946,7.0,6.595342590449457,0.0,0.0,0.0,1.0,0.0,6.45
31.0,3.0,32.0,10.8304811093143,106.633136442433,3.0,19.38917355371901,15.923197269929185,3821.9,1,1,0,0,0,1,10.818659325601992,99.59653575446768,0.4047724953557131,0.0,0.0,9.0,9.58146562713438,0.0,0.0,1.0,0.0,0.0,5.4
459.0,7.0,22.8,10.8069983073822,106.718810979146,0.0,18.827244701348747,23.596282954466844,915.3,0,0,0,0,0,1,29.161416890612465,96.48858297825848,0.0,0.0,3.5114170217415057,7.0,3.952627192430638,0.0,1.0,0.0,1.0,0.0,115.0
61.0,5.0,6.0,10.7741552994805,106.677701382177,3.0,24.737282299672927,16.924787565129154,232.0,1,0,0,0,0,0,32.67330086593139,2.4827586206896552,0.0,0.0,97.64655172413794,16.0,2.564151837887768,0.0,0.0,0.0,1.0,0.0,14.9
32.0,4.0,3.0,10.8016222564963,106.687612201687,3.0,18.63592086332186,15.288713651298618,68.1,0,1,0,1,0,0,17.84317339376276,18.737151248164466,0.0,0.0,81.30690161527167,7.0,3.2074412105762447,0.0,0.0,1.0,0.0,0.0,7.3
164.0,5.0,10.0,10.7863354227876,106.70167300157,1.0,53.75818181817839,48.487230363696476,121.2,0,0,0,0,1,0,29.620808306885813,19.950495049504948,80.06600660066006,0.0,0.0,23.0,1.150949709873028,0.0,0.0,0.0,1.0,0.0,48.0
86.0,2.0,8.0,10.7450787259748,106.610640638869,2.0,10.737500000006847,19.36213730687916,902660.3,1,1,1,0,0,0,13.472608342303552,0.487598712383828,0.0,0.0,0.0,5.0,10.462831722245005,0.0,0.0,0.0,0.0,1.0,7.8
103.0,2.0,7.0,10.7809148647696,106.635321401262,3.0,14.87073929990493,12.804496961724974,1807.0,0,0,0,0,0,1,26.821045108846718,79.24958494742668,0.0,0.0,20.75262866629773,4.0,7.20595961221198,0.0,0.0,0.0,1.0,0.0,11.9
220.0,3.0,20.6,10.71354527159868,106.73427832925572,0.0,17.789285714285825,18.28632481919144,13111.0,0,0,1,0,1,1,20.119968764420605,28.916634886736333,47.465792082983754,0.0,23.617878117611166,11.0,7.833627805247377,0.0,0.0,0.0,0.0,1.0,32.0
107.0,5.0,8.0,10.77383652357,106.682959026655,2.0,54.46617152529408,18.093318479606467,464.4,1,0,0,0,0,0,20.25050569105691,52.79500430663222,0.0,47.20499569336779,0.0,16.0,1.9961685801170457,0.0,0.0,0.0,1.0,0.0,25.0
34.0,3.0,4.0,10.7610420404342,106.692277710554,3.0,53.75818181817839,32.631365062301924,1350.4,0,0,0,0,0,1,24.998865480621035,26.692831753554497,73.30790876777252,0.0,0.0,5.0,1.9222776717773835,0.0,0.0,1.0,0.0,0.0,17.8
36.0,5.0,5.0,10.809055049586,106.686216361947,0.0,18.827244701348747,15.149860937399001,36.6,0,0,1,0,0,0,24.873898992866078,61.612021857923494,0.0,0.0,38.3879781420765,7.0,4.0190337718788065,0.0,0.0,0.0,0.0,1.0,7.9
45.0,4.0,4.0,10.766411174142,106.65948725287,0.0,24.737282299672927,15.61262632367065,91.0,0,1,0,1,0,0,23.072180951086057,7.923076923076923,0.0,0.0,92.04395604395606,12.0,4.668976857611506,0.0,0.0,0.0,1.0,0.0,14.0
74.0,2.0,7.0,10.8288775579152,106.689227372923,2.0,11.098013468022373,15.149860937399001,35587.4,1,0,0,0,0,0,16.60869960096871,9.209664094595276,0.0,90.73871651202391,0.0516193933808033,5.0,6.021021857120925,0.0,0.0,0.0,0.0,1.0,9.0
35.0,2.0,2.0,10.844725668173224,106.79898200556636,0.0,15.48107692307722,19.07305356275716,,0,0,0,0,0,0,20.25050569105691,,,,,4.0,13.141275549134129,0.0,0.0,0.0,0.0,1.0,3.5
54.0,2.0,7.0,10.7985684798303,106.686137169217,0.0,18.63592086332186,20.918551142754602,48.6,0,1,1,0,0,0,19.567814035091047,0.0,0.0,0.0,100.0,3.0,2.9947991990292246,0.0,0.0,0.0,1.0,0.0,7.9
64.0,4.0,12.0,10.6927206131217,106.741057034401,3.0,8.131668552257471,7.431275025157785,184.1,0,0,0,0,0,0,8.354727166160457,15.241716458446495,0.0,0.0,84.7637153720804,9.0,10.237565243088245,0.0,0.0,0.0,0.0,1.0,9.69
97.0,1.0,16.0,10.7842536923883,106.759519652471,3.0,38.647438220481845,23.346267146280812,,1,0,0,0,0,0,19.567814035091047,,,,,4.0,6.446988679487279,0.0,0.0,0.0,1.0,0.0,7.7
78.0,4.0,7.0,10.8259991933273,106.765222291276,0.0,19.053737403258268,21.11172623314244,,0,0,1,0,0,0,20.25050569105691,,,,,10.0,8.942169190262563,0.0,0.0,0.0,1.0,0.0,8.73
82.0,5.0,14.0,10.7849352585482,106.668706453979,0.0,54.46617152529408,16.924787565129154,23.5,0,0,0,0,1,1,14.535280883434632,0.0,0.0,0.0,100.0,12.0,3.675270730829963,0.0,0.0,0.0,1.0,0.0,19.0
56.0,3.0,5.25,10.8192500967904,106.702888000025,3.0,18.827244701348747,16.235786892588425,442.1,1,0,0,0,0,1,13.941385937429175,0.0,0.0,0.0,99.99547613662068,7.0,4.813155104592004,0.0,0.0,0.0,0.0,1.0,9.13
50.0,2.0,2.0,10.8426759682412,106.679929915963,0.0,11.098013468022373,20.339947871608835,164.3,0,1,1,0,0,0,20.25050569105691,29.0626902008521,0.0,0.0,70.96165550821667,5.0,7.766226644127361,0.0,0.0,1.0,0.0,0.0,5.58
136.0,10.0,25.5,10.7721418779458,106.669729465062,3.0,24.737282299672927,20.454141465138118,165.0,0,0,0,0,0,1,26.807768326301748,12.46060606060606,0.0,0.0,87.65454545454546,17.0,3.4535029777637813,0.0,0.0,1.0,0.0,0.0,133.0
17.0,3.0,4.65,10.7926179467488,106.623547347895,0.0,14.87073929990493,9.35870800879073,84.0,0,1,0,0,0,1,17.7630098784105,20.035714285714285,0.0,0.0,79.90476190476191,5.0,8.670352094274099,0.0,0.0,1.0,0.0,0.0,3.15
191.0,5.0,13.3,10.8070668096677,106.647570396994,3.0,19.38917355371901,16.235786892588425,110.2,0,0,0,0,0,1,20.25050569105691,21.814882032667875,0.0,0.0,78.16696914700543,20.0,6.791189447459927,0.0,0.0,0.0,1.0,0.0,39.0
31.0,2.0,3.0,10.8405445859805,106.740776454413,3.0,15.48107692307722,14.40074884671146,,0,1,0,0,0,1,18.441394421707372,,,,,6.0,8.383881467845159,0.0,0.0,0.0,1.0,0.0,6.8
1.464,1.0,30.0,10.8113168936294,106.610696466037,3.0,14.87073929990493,17.8318693459886,1007.2,0,0,0,0,0,0,20.480480660290983,67.85246227164416,5.582803812549642,0.0,26.563741064336774,2.0,10.62679923316692,0.0,0.0,0.0,1.0,0.0,125.0
74.0,4.0,12.0,10.7780271186361,106.76899658516,3.0,38.647438220481845,16.791900388268562,,1,0,0,1,0,0,19.567814035091047,,,,,7.0,7.420020288036777,0.0,0.0,1.0,0.0,0.0,10.4
60.0,4.0,10.0,10.8300415829467,106.702547174139,3.0,18.827244701348747,16.235786892588425,3768.9,1,0,0,0,0,0,19.23866524947719,99.69487118257317,0.0,0.0,0.3051288174268354,14.0,6.011228407080672,0.0,0.0,0.0,0.0,1.0,10.5
56.0,4.0,8.0,10.7732261697139,106.62787378533,3.0,14.87073929990493,15.971912456276133,42.4,0,0,0,0,0,0,16.438356940373765,0.0,0.0,0.0,99.9056603773585,7.0,8.004779243322611,0.0,0.0,0.0,0.0,1.0,8.8
69.0,4.0,9.0,10.7985550734247,106.630473443888,3.0,14.87073929990493,14.237298722437757,239.4,0,0,0,0,0,0,18.85693297468154,0.0,0.0,0.0,100.0,8.0,8.111978831276977,1.0,0.0,0.0,1.0,0.0,9.85
216.0,4.0,3.0,10.8128899525103,106.696942975506,3.0,18.827244701348747,20.454141465138118,1303.6,0,0,0,0,0,0,13.941385937429175,99.86115372813748,0.0,0.0,0.1388462718625345,16.0,4.127029779813283,0.0,0.0,0.0,0.0,1.0,31.0
45.0,2.0,4.0,10.7243241950328,106.726467791429,0.0,17.789285714285825,30.38692272100736,138430.9,0,0,0,0,0,0,8.354727166160457,3.447604544939028,92.1244606514875,0.5928228451884658,0.5762008337733844,4.0,6.379453576706053,0.0,0.0,0.0,0.0,1.0,4.2
55.0,2.0,6.166666666666666,10.8061235931389,106.681598802451,2.0,18.63592086332186,18.093318479606467,2018.3,1,0,0,0,0,1,12.77062601913981,11.804984392805826,88.19551107367587,0.0,0.0,6.0,3.969513274557957,0.0,0.0,0.0,0.0,1.0,7.8
50.0,3.0,5.5,10.7652745148082,106.675559229172,3.0,24.737282299672927,18.83383064658232,47.0,1,0,0,0,0,1,23.47480801259286,0.0,0.0,0.0,100.0,8.0,3.034186263550675,0.0,1.0,0.0,1.0,0.0,9.05
66.0,5.0,12.0,10.7913823320993,106.694200519295,3.0,53.75818181817839,34.07029975082686,94.9,1,0,0,0,0,0,20.25050569105691,0.0,0.0,0.0,99.98946259220232,11.0,1.8691087921400729,0.0,0.0,0.0,1.0,0.0,24.8
71.0,4.0,9.0,10.7904485378758,106.631881934159,3.0,14.87073929990493,24.311036457287887,32.4,0,0,0,0,0,1,20.25050569105691,49.660493827160494,0.0,0.0,50.24691358024692,8.0,7.729600373380328,0.0,0.0,0.0,1.0,0.0,9.2
52.0,1.0,6.0,10.7673434386536,106.626891475171,0.0,14.87073929990493,15.971912456276133,3823.8,0,0,0,0,0,0,16.438356940373765,91.40200847324652,3.2650766253465138,0.0,5.332130341545059,3.0,8.163165678028967,0.0,0.0,0.0,0.0,1.0,5.48
225.0,3.0,11.6,10.7746071890432,106.690508519576,3.0,53.75818181817839,80.81249751703449,16370.8,0,0,0,0,1,1,29.620808306885813,98.404231925135,1.595462653016346,0.0,0.0,13.0,1.1672731721997645,0.0,0.0,0.0,1.0,0.0,200.0
85.0,2.0,10.0,10.7795836266037,106.624072881247,3.0,14.87073929990493,17.499103454001883,1487.5,0,0,0,0,0,1,20.25050569105691,79.66722689075631,0.0,0.0,20.33344537815126,4.0,8.423366783497288,0.0,1.0,0.0,1.0,0.0,7.8
50.0,3.0,5.5,10.8436262853659,106.845518912421,0.0,19.053737403258268,25.613782122221185,,0,0,0,0,1,1,19.567814035091047,,,,,8.0,17.474415751452973,0.0,1.0,0.0,1.0,0.0,5.8
38.0,5.0,4.0,10.7875639139339,106.671253109639,0.0,54.46617152529408,16.924787565129154,2365.6,0,0,0,0,0,0,22.762102461573292,61.67357118701386,35.060027054447076,0.0,3.2685153872167736,19.0,3.5046451968941477,0.0,0.0,0.0,0.0,1.0,9.9
87.0,5.0,6.0,10.8097290777659,106.685145264238,0.0,18.63592086332186,15.149860937399001,173.1,1,0,0,0,0,0,24.873898992866078,14.506065857885616,0.0,0.0,85.4939341421144,12.0,4.1356114172087235,0.0,0.0,0.0,0.0,1.0,16.5
383.0,2.0,5.0,10.6637190249719,106.597550622983,3.0,13.123347608580726,19.72000161092822,,1,0,0,1,0,0,20.25050569105691,,,,,8.0,16.848326208993075,0.0,0.0,0.0,0.0,1.0,8.6
92.0,4.0,10.6,10.7494340115243,106.716461569981,3.0,17.789285714285825,15.717993526044307,182.0,0,0,0,0,0,1,20.25050569105691,55.082417582417584,0.0,0.0,44.94505494505494,13.0,3.3973651612464257,0.0,0.0,0.0,0.0,1.0,22.79
90.0,2.0,4.0,10.824958966064,106.680232563808,3.0,11.098013468022373,15.13100312673361,85.7,0,0,1,1,1,0,20.25050569105691,3.652275379229871,0.0,0.0,96.31271878646442,6.0,5.901863311422271,0.0,0.0,0.0,0.0,1.0,12.5
97.0,2.0,4.0,10.7177186520442,106.623272957781,0.0,9.364834955468142,9.674953215540254,2807.0,0,0,1,0,0,0,20.25050569105691,13.285714285714286,0.0,0.0,86.71392946205914,7.0,10.69042679598227,0.0,0.0,0.0,1.0,0.0,5.5
104.0,1.0,30.0,10.678407230098,106.75337899728,3.0,8.131668552257471,11.712567766934,8606.4,0,0,0,0,0,0,8.354727166160457,89.89531046662948,0.0,0.0,0.0,4.0,12.26311778781109,0.0,0.0,0.0,0.0,1.0,8.7
90.0,5.0,12.1,10.7876149929008,106.764441727158,3.0,38.647438220481845,23.346267146280812,,0,0,1,1,0,1,30.56532612762346,,,,,9.0,7.038451360968589,0.0,0.0,0.0,0.0,1.0,9.4
125.0,1.0,30.0,10.854657482507,106.768221821801,0.0,15.48107692307722,16.99010834230355,,0,0,0,0,0,0,22.194851405872406,,,,,2.0,11.412361358929374,0.0,0.0,0.0,0.0,1.0,25.0
170.0,4.0,8.0,10.8142862356878,106.697770032625,3.0,18.827244701348747,16.924787565129154,1260.6,0,0,0,0,0,1,13.941385937429175,95.48865619546248,0.0,0.0,4.512137077582104,41.0,4.272744495545816,0.0,0.0,0.0,0.0,1.0,32.9
80.0,3.0,4.0,10.8403201156892,106.713385137924,2.0,15.48107692307722,17.78611714762465,,1,0,0,0,0,0,18.852521452227894,,,,,9.0,7.276851837899624,0.0,0.0,1.0,0.0,0.0,10.8
60.0,4.0,7.25,10.878525109276696,106.55288550022988,0.0,9.79203162611253,14.844224781192123,34049.8,1,0,0,1,1,1,19.567814035091047,0.0,10.637712996845796,89.36234574065045,0.0,8.0,19.798867279264616,0.0,1.0,0.0,1.0,0.0,6.0
28.0,4.0,3.4,10.8402599753503,106.664034470126,0.0,11.098013468022373,9.674953215540254,590.2,0,1,0,0,0,1,18.071304865753525,0.7336496103015926,0.0,0.0,99.26126736699425,7.0,8.212547132877706,0.0,0.0,0.0,1.0,0.0,5.5
91.0,2.0,4.3,10.7643127484888,106.655788276884,3.0,13.32081849341783,16.235786892588425,35.1,0,0,0,0,0,1,19.943720442101966,18.148148148148145,0.0,0.0,81.93732193732194,10.0,5.1174406809860455,0.0,0.0,0.0,0.0,1.0,25.0
75.0,5.0,15.0,10.8115925445558,106.62397588143,0.0,14.87073929990493,13.051852005459661,40.4,0,0,0,0,0,0,20.25050569105691,0.0,0.0,0.0,99.8762376237624,12.0,9.307451358366968,0.0,0.0,0.0,0.0,1.0,13.9
22.0,4.0,5.65,10.7579662963107,106.706329538079,3.0,12.968707708226514,18.093318479606467,101.5,0,0,0,0,0,1,18.154126053561612,31.64532019704433,0.0,0.0,68.35467980295566,6.0,2.085040057349049,0.0,0.0,1.0,0.0,0.0,4.25
62.0,2.0,11.079999999999998,10.8054553622509,106.681697428795,0.0,18.63592086332186,15.149860937399001,52.9,0,0,0,0,0,1,12.77062601913981,17.03213610586011,0.0,0.0,83.00567107750472,8.0,3.9011553963213057,0.0,0.0,1.0,0.0,0.0,8.6
154.0,3.0,30.0,10.8322257024211,106.618404133199,3.0,8.826587030733174,15.780638971822933,320.9,0,0,1,0,0,1,20.25050569105691,13.290744780305392,0.0,0.0,86.71860392645684,8.0,10.985045313711556,1.0,0.0,0.0,1.0,0.0,8.38
160.0,1.0,20.0,10.8289812780777,106.642580499946,3.0,19.38917355371901,15.923197269929185,127.1,0,0,0,0,0,0,20.25050569105691,5.916601101494886,0.0,0.0,94.0991345397325,2.0,8.692606977739338,0.0,0.0,0.0,0.0,1.0,29.0
190.0,3.0,10.4,10.7455651862072,106.614059153641,3.0,10.737500000006847,19.36213730687916,,0,0,1,1,0,1,20.25050569105691,,,,,8.0,10.092605388664303,0.0,0.0,0.0,1.0,0.0,21.5
100.0,4.0,13.25,10.7454957204171,106.690379197362,0.0,9.364834955468142,18.83383064658232,53.4,0,0,0,0,0,1,18.024373561592082,70.78651685393258,12.54681647940075,0.0,16.666666666666668,9.0,3.5884103840927213,0.0,0.0,0.0,1.0,0.0,7.9
60.0,3.0,7.0,10.8610011677424,106.711531388343,0.0,8.826587030733174,13.645852307543556,2572.6,0,0,0,0,0,0,20.25050569105691,79.00295420974889,9.549483013293946,0.0,11.448340200575291,8.0,9.520116343373138,0.0,0.0,0.0,0.0,1.0,6.2
14.0,2.0,5.0,10.7646146997248,106.61888098219,0.0,10.737500000006847,8.135783941420566,1685.4,0,1,0,0,0,0,16.67966297460757,84.64934140263439,0.0,0.0,15.35125192832562,4.0,9.070075163808577,0.0,0.0,1.0,0.0,0.0,2.05
139.0,3.0,6.0,10.7938675599452,106.662763561803,3.0,19.38917355371901,15.13100312673361,2202.7,0,0,0,0,0,0,18.099052454874375,99.89558269396652,0.1039633177464021,0.0,0.0,10.0,4.634936426573056,0.0,0.0,1.0,0.0,0.0,20.59
79.0,2.0,8.6,10.699343934496206,106.64268357802992,0.0,13.123347608580726,17.577819031868692,,0,0,0,0,0,1,17.67945501854178,,,,,6.0,10.648140704229837,0.0,0.0,0.0,0.0,1.0,8.4
126.0,4.0,12.0,10.7783413642824,106.746672277948,0.0,38.647438220481845,23.346267146280812,,0,0,0,0,0,0,38.40280152808539,,,,,10.0,4.984829719237906,0.0,1.0,1.0,0.0,0.0,36.0
490.0,3.0,13.2,10.8287480245784,106.768474894248,0.0,19.053737403258268,21.11172623314244,,0,0,0,0,0,1,23.716488155468518,,,,,14.0,9.410451923989694,1.0,0.0,0.0,1.0,0.0,68.6
50.0,4.0,12.0,10.8570856958381,106.699208391614,0.0,8.826587030733174,13.645852307543556,1514.6,0,1,1,1,0,0,20.25050569105691,8.363924468506537,0.0,0.0,91.6380562524759,14.0,9.018684711761903,1.0,0.0,0.0,0.0,1.0,6.3
72.0,1.0,6.0,10.7968556806462,106.807949603531,0.0,19.053737403258268,23.42179327737413,,0,0,0,0,0,0,30.56532612762346,,,,,4.0,11.899377759839872,0.0,0.0,0.0,1.0,0.0,6.7
525.0,5.0,15.4,10.8708231728285,106.68882127147,3.0,8.826587030733174,8.427513172672999,116.9,0,0,0,0,0,1,20.25050569105691,98.13515825491874,1.8648417450812664,0.0,0.0,12.0,10.62879542760394,0.0,0.0,0.0,1.0,0.0,42.5
47.0,4.0,5.0,10.8195262479001,106.702922695663,2.0,18.827244701348747,16.235786892588425,1911.6,1,0,0,0,0,0,13.941385937429175,95.7951454279138,0.0,0.0,4.203285206110065,9.0,4.843990849884758,0.0,0.0,0.0,1.0,0.0,7.48
51.0,4.0,6.0,10.8502566186693,106.695283480353,2.0,8.826587030733174,13.645852307543556,13438.3,1,1,0,0,0,0,20.25050569105691,8.11769345824993,0.0,0.0,91.881934470878,8.0,8.281362302345032,0.0,0.0,0.0,0.0,1.0,6.09
106.0,2.0,6.0,10.7958315932753,106.640472506261,2.0,19.38917355371901,15.61262632367065,73.4,1,0,0,0,0,0,20.25050569105691,3.7602179836512257,0.0,0.0,96.18528610354224,6.0,6.979868968764318,0.0,0.0,0.0,1.0,0.0,12.8
76.0,3.0,3.0,10.8124883851142,106.685238847707,3.0,18.827244701348747,15.149860937399001,171.6,0,0,1,0,0,0,20.46129821819246,16.013986013986013,0.2331002331002331,0.0,83.74708624708626,8.0,4.411727079831099,0.0,0.0,1.0,0.0,0.0,8.5
67.0,4.0,4.0,10.797400879663606,106.64478797546484,2.0,19.38917355371901,15.61262632367065,1109.2,0,1,0,0,0,0,17.16889699849127,99.08492607284528,0.0,0.0,0.9159754778218536,8.0,6.595248081933725,0.0,1.0,0.0,1.0,0.0,9.5
108.0,1.0,12.0,10.864446644622,106.640222049905,3.0,8.826587030733174,14.549898133423875,509.3,0,1,1,0,0,0,20.25050569105691,18.272138228941685,0.0,0.0,81.72197133320242,4.0,11.871495749971569,0.0,0.0,0.0,1.0,0.0,5.1
56.0,4.0,7.0,10.8797555246746,106.660604393339,2.0,8.826587030733174,13.805666803246416,731.9,1,1,1,0,0,0,17.09291764913859,64.2779068178713,16.5391446918978,19.18294849023091,0.0,9.0,12.355767364797114,0.0,0.0,0.0,0.0,1.0,6.3
92.0,4.0,11.0,10.7146089269621,106.734114628433,3.0,17.789285714285825,18.28632481919144,50568.7,0,0,0,0,0,0,17.21642624996233,23.702942729395858,43.20648938968176,0.0,33.090666756313695,11.0,7.720596890963246,0.0,0.0,0.0,0.0,0.0,17.3
52.0,2.0,5.0,10.8653364289795,106.686387425047,2.0,8.826587030733174,8.427513172672999,9988.0,1,0,0,0,0,1,17.039664453189104,66.42000400480576,28.586804164997996,0.0,4.99299158990789,6.0,10.06288179283678,1.0,0.0,0.0,0.0,1.0,4.38
79.0,5.0,14.0,10.72962484018756,106.73554892762074,3.0,17.789285714285825,8.648767860862735,4903.8,0,0,0,0,0,0,19.567814035091047,97.59390676618132,0.0,0.0,2.4065010807944858,9.0,6.383862277988613,0.0,0.0,0.0,1.0,0.0,22.5
54.0,6.0,50.0,10.7537959213283,106.65854254479,3.0,29.82381843840417,16.924787565129154,2922.0,0,1,1,1,0,0,20.25050569105691,83.44250513347022,0.4688569472963723,0.0,16.088295687885008,13.0,5.2638481612957815,0.0,0.0,0.0,1.0,0.0,21.0
233.0,2.0,8.0,10.831878313819,106.729514213945,3.0,15.48107692307722,14.40074884671146,,0,0,0,0,0,1,20.18206125192249,,,,,6.0,6.945353780018468,0.0,0.0,0.0,0.0,1.0,38.0
60.0,2.0,20.0,10.829940602006,106.671291637918,3.0,11.098013468022373,14.561953480312356,85.2,1,1,0,0,0,0,10.107421869117639,50.0,0.0,0.0,50.023474178403745,6.0,6.824607821195052,0.0,0.0,0.0,0.0,1.0,6.6
40.0,2.0,7.0,10.7475382083863,106.685458098481,0.0,9.364834955468142,20.918551142754602,1309.7,0,0,0,0,0,1,17.700526196299407,82.73421394212414,0.0,0.0,17.268076658776817,5.0,3.59662202544991,0.0,0.0,1.0,0.0,0.0,4.98
77.0,2.0,3.0,10.8080124990296,106.704146980204,3.0,18.827244701348747,17.205832796074894,1894.2,0,0,0,0,0,1,15.076317258595626,5.819343258367649,94.18224052370392,0.0,0.0,5.0,3.5751523788639448,0.0,1.0,0.0,1.0,0.0,5.2
31.0,3.0,8.0,10.7690387071326,106.681233781376,0.0,54.46617152529408,15.13100312673361,1881.6,1,0,0,0,0,1,35.13373860631083,53.68303571428572,0.0,0.0,46.31590136054422,6.0,2.3040125446534003,0.0,1.0,0.0,1.0,0.0,7.5
110.0,3.0,8.0,10.8120756891249,106.692309623312,0.0,18.827244701348747,16.924787565129154,136.8,0,0,1,1,0,0,25.38415763254146,14.020467836257309,0.0,0.0,85.97222222222221,9.0,4.12474116499351,0.0,0.0,0.0,1.0,0.0,8.59
40.0,2.0,10.0,10.7568414928991,106.647178640679,3.0,13.32081849341783,9.674953215540254,1911.0,0,0,1,0,0,0,32.67330086593139,97.25274725274726,0.0,0.0,2.7456828885400313,4.0,6.263640731401519,0.0,0.0,0.0,1.0,0.0,8.5
54.0,4.0,8.0,10.7663114145137,106.600192700717,2.0,10.737500000006847,11.79885823719474,672.2,1,0,0,0,0,0,13.629868366546333,23.44391550133889,76.55162154120796,0.0,0.0,8.0,11.075214752068602,0.0,0.0,0.0,0.0,1.0,6.95
80.0,4.0,10.0,10.6845163062838,106.750153223359,3.0,8.131668552257471,11.712567766934,,0,0,0,0,0,0,11.761918800261277,,,,,9.0,11.49783109056444,0.0,0.0,0.0,0.0,1.0,9.8
79.0,3.0,12.2,10.7951222305704,106.677118176575,0.0,18.63592086332186,15.923197269929185,227.0,0,0,0,0,0,1,18.88858355251217,0.0,0.0,0.0,99.98237885462557,7.0,3.3738950767587603,0.0,0.0,0.0,1.0,0.0,11.9
67.0,6.0,4.0,10.7934894537693,106.678810328569,0.0,18.63592086332186,15.923197269929185,401.8,0,0,0,0,0,1,43.77795732213526,16.739671478347436,83.25037332005974,0.0,0.0,24.0,3.116067054875939,0.0,0.0,1.0,0.0,0.0,13.3
49.0,2.0,4.8,10.8326903650321,106.6724812714,0.0,11.098013468022373,14.561953480312356,1409.6,0,0,0,0,0,1,14.324407498016885,95.59662315550511,4.401248581157775,0.0,0.0,5.0,7.036142705058827,0.0,0.0,0.0,0.0,1.0,5.59
71.0,3.0,6.0,10.8787014377395,106.66872230772,3.0,8.826587030733174,9.397256429506324,10130.3,0,0,0,0,0,0,20.25050569105691,37.71813273052131,40.66562688173105,0.0,21.61594424646852,7.0,11.95482887833928,0.0,0.0,0.0,0.0,1.0,5.3
83.0,3.0,7.8,10.7998254026298,106.809146404266,3.0,19.053737403258268,12.780266996675284,,1,0,1,0,0,1,19.567814035091047,,,,,7.0,12.095578233283018,0.0,0.0,0.0,1.0,0.0,4.5
196.0,2.0,10.0,10.8474158647529,106.717030834063,0.0,15.48107692307722,17.78611714762465,,0,0,0,0,0,0,19.385376428405934,,,,,25.0,8.129472426745771,0.0,0.0,1.0,0.0,0.0,18.5
76.0,4.0,10.0,10.8054667658377,106.604953715298,3.0,10.737500000006847,10.067829993435623,1812.7,1,0,0,0,0,0,19.567814035091047,3.242676670160534,0.0,0.0,96.75952998289844,7.0,11.001203311765549,0.0,0.0,0.0,0.0,1.0,8.5
90.0,4.0,3.5,10.8257522165714,106.68995896195,2.0,11.098013468022373,15.149860937399001,86.2,0,1,0,0,0,0,14.324407498016885,26.055684454756378,0.0,0.0,73.9907192575406,10.0,5.664447800247644,0.0,1.0,0.0,1.0,0.0,8.8
240.0,3.0,16.2,10.7808542451577,106.688456167257,3.0,54.46617152529408,106.67729565230768,1354.3,0,0,0,0,0,1,47.644452285713,24.68655393930444,74.79878904230969,0.5146570183858821,0.0,10.0,1.4828548924722598,0.0,0.0,0.0,1.0,0.0,135.0
80.0,2.0,6.0,10.7989488762226,106.693709045018,2.0,18.827244701348747,15.13100312673361,53.0,1,0,0,1,0,0,18.133914647361333,42.47169811320755,0.0,0.0,57.54716981132076,9.0,2.6764586642880412,0.0,0.0,0.0,1.0,0.0,12.5
61.0,3.0,8.0,10.7265707794696,106.733483078702,2.0,17.789285714285825,8.648767860862735,795.2,1,0,0,0,0,0,8.354727166160457,52.992957746478865,0.0,0.0,47.0020120724346,8.0,6.536350146931049,0.0,0.0,0.0,0.0,1.0,8.9
87.0,3.0,8.0,10.7875953753101,106.677821713564,3.0,54.46617152529408,16.235786892588425,83.4,1,0,0,0,0,0,24.641850909075103,25.371702637889687,0.0,0.0,74.568345323741,7.0,2.8509484868148767,0.0,0.0,0.0,1.0,0.0,22.8
18.0,3.0,3.0,10.7844350165409,106.668995301333,2.0,54.46617152529408,16.924787565129154,550.0,1,0,0,0,1,1,14.535280883434632,19.970909090909092,0.0,72.38181818181818,7.674545454545455,5.0,3.6301388119533105,1.0,0.0,0.0,0.0,1.0,4.85
110.0,3.0,6.0,10.8073903137904,106.718813190329,2.0,18.827244701348747,23.596282954466844,333.5,1,0,1,0,0,0,29.161416890612465,79.2383808095952,8.992503748125937,0.0,11.778110944527736,14.0,3.99081221329784,0.0,0.0,0.0,0.0,1.0,13.99
66.0,4.0,30.0,10.7748719193098,106.690319602575,3.0,53.75818181817839,80.81249751703449,910.1,0,0,0,0,0,0,29.620808306885813,18.349631908581472,0.0,81.64817053071091,0.0,8.0,1.1842508940070415,0.0,0.0,0.0,0.0,1.0,31.0
115.0,4.0,6.0,10.7836219612393,106.76867203787,3.0,38.647438220481845,23.346267146280812,,1,0,0,1,0,0,19.567814035091047,,,,,12.0,7.429574313774815,0.0,0.0,1.0,0.0,0.0,14.7
100.0,4.0,6.0,10.8434323925947,106.65042772835,2.0,11.098013468022373,16.924787565129154,2412.4,1,0,0,0,0,0,18.364041163673342,97.5352346211242,0.0,0.0,2.464350853921406,8.0,9.31949501871794,0.0,0.0,1.0,0.0,0.0,9.9
266.0,2.0,6.0,10.7524929274356,106.543448608222,3.0,13.123347608580726,18.374085658736885,,1,1,0,1,0,0,20.25050569105691,,,,,6.0,17.418811071814833,0.0,0.0,1.0,0.0,0.0,5.95
42.0,4.0,4.9,10.8153017498209,106.707787494696,0.0,18.827244701348747,20.47473566303819,1206.8,1,0,0,0,0,1,13.930220361551154,76.717765992708,0.0,0.0,23.278919456413657,10.0,4.430780997033327,0.0,0.0,0.0,0.0,1.0,10.0
26.0,2.0,3.0,10.8379212358774,106.636949437251,0.0,11.098013468022373,15.61262632367065,406.8,0,1,1,0,0,0,10.818659325601992,0.0,0.0,0.0,99.98770894788592,4.0,9.823525459164584,0.0,0.0,1.0,0.0,0.0,3.98
82.0,2.0,2.0,10.8102861132852,106.698330470169,3.0,18.827244701348747,20.454141465138118,369.3,0,0,1,0,0,0,20.25050569105691,0.0,0.0,0.0,100.0,3.0,3.8244247991563793,0.0,0.0,0.0,1.0,0.0,8.6
200.0,3.0,16.066666666666666,10.7672777175903,106.778686523438,0.0,38.647438220481845,16.791900388268562,,0,1,1,1,0,1,19.670082156392432,,,,,12.0,8.530528930434672,0.0,0.0,0.0,0.0,1.0,22.9
300.0,5.0,10.0,10.7526793667775,106.600121444725,0.0,10.737500000006847,13.482984203694478,,0,0,0,0,0,0,20.25050569105691,,,,,160.0,11.331428606750828,0.0,0.0,0.0,1.0,0.0,48.0
80.0,2.0,6.0,10.8075458645595,106.678640962629,2.0,18.63592086332186,18.093318479606467,140.1,1,0,0,0,0,1,17.39220212010448,59.52177016416845,0.0,0.0,40.47822983583155,9.0,4.280449972940281,0.0,0.0,0.0,1.0,0.0,9.6
27.0,2.0,6.0,10.7920426063142,106.671516085911,0.0,18.63592086332186,16.235786892588425,142.9,0,1,0,0,0,0,13.842079023496492,18.264520643806858,0.0,0.0,81.76347095871238,3.0,3.691157221719367,0.0,0.0,1.0,0.0,0.0,5.7
37.0,2.0,8.0,10.7978553377518,106.698940629786,0.0,18.827244701348747,20.918551142754602,1075.0,0,0,0,0,0,0,20.25050569105691,67.53395348837209,0.0,0.0,32.46976744186046,6.0,2.441622183126739,0.0,1.0,0.0,0.0,1.0,8.6
72.0,2.0,7.0,10.82580025394898,106.68778842283218,0.0,11.098013468022373,15.288713651298618,84.3,1,0,0,0,0,1,19.567814035091047,0.0,0.0,0.0,100.0,4.0,5.725232958240133,0.0,1.0,0.0,1.0,0.0,7.0
48.0,4.0,3.0,10.7403954519483,106.735580304345,1.0,17.789285714285825,8.648767860862735,9940.3,0,0,0,0,0,0,13.834634373598146,40.937195054475225,2.137058237678944,0.0,56.92554550667485,8.0,5.464582830397218,0.0,0.0,0.0,0.0,1.0,4.5
140.0,1.0,20.0,10.7901521724985,106.734693217729,0.0,38.647438220481845,25.425738377885217,,0,0,0,0,0,0,18.455878219881225,,,,,10.0,3.992636680615966,0.0,0.0,0.0,0.0,1.0,27.5
53.0,2.0,5.0,10.7912168825301,106.685654572913,3.0,54.46617152529408,106.67729565230768,31.4,0,0,0,0,0,1,20.45706272875709,0.0,0.0,100.0,0.0,5.0,2.3894326223175217,0.0,0.0,0.0,1.0,0.0,7.68
54.0,5.0,6.0,10.799309054354,106.641337301444,2.0,19.38917355371901,15.61262632367065,1272.4,1,0,0,0,0,0,17.16889699849127,96.27318453316566,0.0,0.0,3.722885884941842,10.0,7.023586658560043,0.0,0.0,0.0,0.0,1.0,9.9
80.0,3.0,20.0,10.69386434643685,106.6471966356039,0.0,13.123347608580726,17.577819031868692,,0,0,0,0,0,0,17.67945501854178,,,,,6.0,10.867009806818569,0.0,0.0,1.0,0.0,0.0,7.95
233.0,3.0,15.2,10.8411931013944,106.725483788325,3.0,15.48107692307722,14.40074884671146,,0,0,0,0,0,1,19.567814035091047,,,,,6.0,7.722886165294204,0.0,0.0,0.0,1.0,0.0,38.0
200.0,6.0,14.4,10.7907473191176,106.637345742439,3.0,14.87073929990493,24.311036457287887,677.0,0,0,0,0,0,1,29.940845325225013,34.68833087149187,55.190546528803544,0.0,10.118168389955686,21.0,7.154429847406116,1.0,0.0,0.0,1.0,0.0,34.0
62.0,3.0,6.0,10.784464285021,106.642470841125,3.0,19.38917355371901,15.61262632367065,255.8,0,0,0,0,0,0,22.259407193155763,23.139171227521494,0.0,0.0,76.87646598905394,6.0,6.473002498713355,0.0,0.0,0.0,1.0,0.0,9.5
9.0,2.0,3.0,10.80498654012,106.680106296225,2.0,18.63592086332186,18.093318479606467,649.6,1,1,0,0,0,0,20.25050569105691,95.42795566502464,4.202586206896552,0.0,0.375615763546798,3.0,3.9556444569768825,0.0,0.0,0.0,0.0,1.0,2.4
119.0,4.0,40.0,10.8009382255178,106.656188056741,3.0,19.38917355371901,18.093318479606467,126.8,1,0,0,0,0,0,28.509028490145873,14.4006309148265,0.0,0.0,85.58359621451103,12.0,5.635206773860626,0.0,0.0,0.0,1.0,0.0,29.8
101.0,4.0,12.0,10.795401168616,106.77582869581,0.0,38.647438220481845,44.55718221916659,,0,0,0,0,1,0,20.586367962736855,,,,,9.0,8.442923690491044,0.0,1.0,0.0,1.0,0.0,21.0
224.0,2.0,12.0,10.852900801037,106.720368451751,3.0,15.48107692307722,17.78611714762465,,1,0,0,0,0,0,19.567814035091047,,,,,6.0,8.806143854116785,0.0,0.0,0.0,1.0,0.0,14.8
140.0,3.0,5.0,10.8112361506352,106.709273357768,2.0,18.827244701348747,20.47473566303819,80.8,1,0,0,0,0,0,18.78482813097723,12.660891089108912,0.0,0.0,87.37623762376238,9.0,4.0185040779165,0.0,0.0,1.0,0.0,0.0,15.4
257.0,5.0,13.9,10.8062681490508,106.729942406734,0.0,38.647438220481845,58.28290665694527,,0,0,0,0,0,1,20.25050569105691,,,,,36.0,4.610077420076279,0.0,0.0,0.0,1.0,0.0,46.0
90.0,2.0,6.0,10.8067562544074,106.718707477269,0.0,18.827244701348747,23.596282954466844,542.1,0,0,0,0,0,0,29.161416890612465,0.1955358789891164,0.0,0.0,99.81184283342556,6.0,3.923624722020459,0.0,0.0,1.0,0.0,0.0,12.89
90.0,3.0,7.3,10.8083396615452,106.684204967681,3.0,18.827244701348747,20.339947871608835,366.3,0,0,0,0,0,1,20.46129821819246,59.96723996723996,0.0,0.0,40.03276003276003,23.0,4.041882507475919,0.0,0.0,0.0,0.0,1.0,16.9
157.0,5.0,30.0,10.8260697600058,106.765423594195,3.0,19.053737403258268,21.11172623314244,,0,0,0,0,0,0,20.25050569105691,,,,,17.0,8.964271314309576,0.0,0.0,0.0,0.0,1.0,23.0
45.0,1.0,15.0,10.6784202376554,106.753379215559,3.0,8.131668552257471,11.712567766934,8606.4,0,0,0,0,0,0,8.354727166160457,89.89531046662948,0.0,0.0,0.0,4.0,12.26184893846244,0.0,0.0,1.0,0.0,0.0,5.9
62.0,4.0,10.666666666666668,10.7143203137937,106.737152431409,0.0,17.789285714285825,18.28632481919144,2763.6,1,1,1,0,0,1,8.354727166160457,22.80865537704444,0.0,0.0,77.19098277608916,9.0,7.908907312770625,0.0,0.0,0.0,0.0,1.0,7.75
85.0,3.0,12.0,10.7732749073453,106.705238890057,3.0,53.75818181817839,49.46190076307165,10020.3,0,0,0,0,0,1,24.638988573829966,71.49476562577966,25.018811812021596,3.486721954432502,0.0,8.0,0.5442631075733348,0.0,0.0,0.0,1.0,0.0,99.0
162.0,3.0,20.0,10.750556,106.73569,0.0,17.789285714285825,17.42635834230355,3299.4,0,0,0,0,0,0,19.089097978071564,64.26198702794449,0.0,0.0,0.0,8.0,4.720400726923427,0.0,0.0,0.0,0.0,1.0,33.0
90.0,4.0,6.0,10.810000850189,106.67131577961,3.0,19.38917355371901,20.918551142754602,3206.0,0,0,0,0,0,0,20.25050569105691,98.17155333749218,0.0,1.8287585776668744,0.0,10.0,4.987746099125031,0.0,0.0,0.0,1.0,0.0,16.8
45.0,3.0,5.0,10.7430504935905,106.729374082924,0.0,17.789285714285825,14.672222873812292,4905.2,1,0,0,0,0,1,8.354727166160457,2.091046236646824,97.90854603278154,0.0,0.0,8.0,4.792013783947211,0.0,0.0,0.0,1.0,0.0,4.9
65.0,4.0,6.833333333333334,10.7970796171253,106.680810687819,3.0,18.63592086332186,18.83383064658232,69.6,1,1,1,0,0,1,21.485572441587628,7.988505747126437,91.69540229885058,0.0,0.2873563218390805,8.0,3.2257800566166703,0.0,0.0,0.0,1.0,0.0,23.0
80.0,4.0,12.0,10.732416826009,106.734347762379,0.0,17.789285714285825,8.648767860862735,10222.7,0,0,0,0,0,0,20.25050569105691,0.0,0.0,0.0,100.0,8.0,6.056213331269477,0.0,0.0,0.0,0.0,1.0,15.9
52.0,4.0,16.0,10.8865800284123,106.723978805138,3.0,15.48107692307722,16.424313862581496,,1,1,1,1,1,0,17.208721774105186,,,,,7.0,12.547251471225891,0.0,0.0,0.0,1.0,0.0,4.37
186.0,6.0,19.5,10.7898789677855,106.689753537106,0.0,53.75818181817839,34.07029975082686,3273.4,0,0,0,0,0,1,33.00107166459517,30.517199242377956,69.48432822142115,0.0,0.0,8.0,1.9793374783820037,0.0,0.0,0.0,1.0,0.0,42.0
82.0,4.0,18.0,10.7475945050343,106.715806710863,2.0,17.789285714285825,14.8877491993957,4368.0,1,0,0,0,0,0,18.207540931800263,94.49793956043956,0.5663919413919414,0.0,4.934752747252748,9.0,3.543645110855774,0.0,0.0,0.0,0.0,1.0,12.3
63.0,4.0,4.0,10.8418203764007,106.650642194712,3.0,11.098013468022373,23.820911987062647,9636.3,1,0,0,0,0,0,19.567814035091047,15.746915309818084,84.25329223872234,0.0,0.0,9.0,9.161795141366682,0.0,0.0,0.0,1.0,0.0,8.5
51.0,1.0,10.0,10.779144980912,106.679050115464,3.0,24.737282299672927,20.454141465138118,1704.0,0,1,1,1,1,0,14.535280883434632,91.78286384976526,8.21537558685446,0.0,0.0,2.0,2.4338409386940456,0.0,0.0,0.0,0.0,1.0,9.5
124.0,4.0,15.0,10.7904465878718,106.69245311133,3.0,53.75818181817839,34.07029975082686,862.8,0,0,0,0,1,0,24.1142258297563,71.65159944367177,0.0,0.0,28.349559573481685,11.0,1.8634869031033423,0.0,0.0,0.0,1.0,0.0,55.0
60.0,5.0,6.5,10.7762169557499,106.611136058299,0.0,10.737500000006847,11.523850027712317,5109.4,1,1,1,0,0,1,18.529132150179485,69.3684189924453,0.0,0.0,30.6317767252515,13.0,9.827154161323085,0.0,0.0,0.0,1.0,0.0,8.3
102.0,4.0,12.0,10.777139,106.78751,0.0,38.647438220481845,23.328827418358713,,0,0,0,0,0,0,22.138800464465486,,,,,8.0,9.439748359976717,0.0,0.0,0.0,1.0,0.0,24.0
565.0,8.0,15.0,10.8119341410873,106.692356758276,0.0,18.827244701348747,16.924787565129154,117.8,0,0,0,0,0,0,25.38415763254146,15.441426146010189,0.0,0.0,84.56706281833617,11.0,4.108235933604397,0.0,1.0,0.0,1.0,0.0,230.0
46.0,4.0,12.0,10.7984680843923,106.655486251653,3.0,19.38917355371901,18.093318479606467,51227.4,0,0,0,1,0,0,21.374905914231878,0.6260712040821904,99.37398735832777,0.0,0.0,10.0,5.573678685793519,0.0,0.0,0.0,0.0,1.0,13.9
60.0,4.0,14.0,10.87904,106.5525,3.0,9.79203162611253,14.844224781192123,34049.8,0,0,0,1,1,0,19.567814035091047,0.0,10.637712996845796,89.36234574065045,0.0,9.0,19.86625787576402,0.0,0.0,0.0,1.0,0.0,6.0
55.0,6.0,8.0,10.8290620084939,106.689348870624,0.0,11.098013468022373,15.149860937399001,2798.6,0,0,1,0,0,0,16.60869960096871,35.168298434931756,0.0,0.0,64.83170156506826,8.0,6.038217254608703,0.0,1.0,0.0,1.0,0.0,8.5
181.0,4.0,30.0,10.8754528494639,106.815127399477,3.0,19.053737403258268,25.613782122221185,,0,0,0,0,0,0,20.25050569105691,,,,,15.0,16.65491779207555,0.0,0.0,0.0,1.0,0.0,15.0
120.0,7.0,20.0,10.7677282505765,106.671557242248,3.0,24.737282299672927,24.56391683041859,1537.0,0,0,0,0,0,0,21.742372820427185,89.8145738451529,0.0,0.0,10.204294079375408,12.0,3.3556361085896307,0.0,0.0,1.0,0.0,0.0,47.0
55.0,5.0,6.4,10.7762664104077,106.700774957355,0.0,53.75818181817839,49.46190076307165,7556.1,0,0,0,0,0,1,39.729986027272446,0.6834213416974365,99.3160492846839,0.0,0.0,10.0,0.0462407492126603,0.0,0.0,0.0,1.0,0.0,50.0
56.0,4.0,10.2,10.7613921619997,106.666949708833,0.0,24.737282299672927,15.149860937399001,36.0,0,1,1,1,0,1,20.25050569105691,15.833333333333332,0.0,0.0,83.5,16.0,4.068757034343508,0.0,0.0,0.0,1.0,0.0,9.2
119.0,1.0,16.0,10.783235555764058,106.74809937692072,3.0,38.647438220481845,44.55718221916659,,0,0,0,0,0,0,20.25050569105691,,,,,3.0,5.196532704512743,0.0,0.0,0.0,1.0,0.0,21.0
66.0,3.0,8.0,10.6927872835571,106.740776533024,0.0,8.131668552257471,7.431275025157785,1084.2,1,0,0,0,0,0,8.354727166160457,72.12968087068806,0.0,0.0,27.87308614646744,9.0,10.217822100728329,0.0,0.0,0.0,0.0,1.0,8.59
54.0,4.0,5.0,10.8448302290064,106.678341517657,0.0,11.098013468022373,20.339947871608835,212.0,1,1,1,0,1,0,19.222790783577807,8.49056603773585,0.0,0.0,91.51415094339622,10.0,8.047108635729629,0.0,0.0,0.0,0.0,1.0,8.65
64.0,4.0,6.0,10.7795460249331,106.667096111901,0.0,24.737282299672927,15.923197269929185,42832.0,1,0,0,0,0,0,16.95010834230355,8.418588905491221,91.34313130369816,0.0,0.2376260739633918,11.0,3.73523137645548,0.0,0.0,0.0,0.0,1.0,14.9
82.0,5.0,6.0,10.8423789578159,106.643054526474,3.0,11.098013468022373,15.61262632367065,2978.0,0,1,0,0,0,0,10.107421869117639,90.42411014103423,0.0,0.0,9.575218267293485,20.0,9.72999600861163,0.0,0.0,0.0,1.0,0.0,10.6
73.0,3.0,8.0,10.7919309696991,106.674847458091,0.0,18.63592086332186,16.924787565129154,78.2,1,1,1,0,0,0,13.842079023496492,4.079283887468031,0.0,0.0,95.9079283887468,6.0,3.3706258565877123,0.0,0.0,0.0,1.0,0.0,16.7
51.0,3.0,5.0,10.8109174021435,106.701954311893,3.0,18.827244701348747,20.454141465138118,759.8,1,0,0,0,0,1,17.16203807849431,27.9599894709134,0.0,0.0,62.297973150829165,10.0,3.883759159837651,0.0,0.0,0.0,1.0,0.0,8.2
60.0,5.0,8.0,10.8456851648368,106.718263933479,3.0,15.48107692307722,17.78611714762465,,1,0,0,0,0,0,15.155664323925304,,,,,10.0,7.972186389247031,0.0,0.0,1.0,0.0,0.0,10.0
146.0,3.0,9.8,10.8721784955867,106.619845998906,3.0,8.826587030733174,9.23912502081522,372.4,0,0,0,0,0,1,21.19814232501748,20.891514500537056,0.0,0.0,79.11385606874329,21.0,13.896997529118256,1.0,0.0,0.0,1.0,0.0,13.6
100.0,1.0,14.0,10.8100107665673,106.616584534159,0.0,14.87073929990493,13.051852005459661,99.8,0,1,1,1,0,0,20.25050569105691,46.09218436873748,0.0,0.0,53.8877755511022,12.0,9.976061755834648,0.0,0.0,0.0,1.0,0.0,9.6
151.0,3.0,4.0,10.8433965451461,106.733423892373,3.0,15.48107692307722,14.40074884671146,,0,1,0,0,0,0,20.25050569105691,,,,,7.0,8.28411688219325,0.0,0.0,0.0,0.0,1.0,12.5
120.0,5.0,27.5,10.7727056938817,106.687195201081,3.0,54.46617152529408,15.149860937399001,71.0,0,0,0,0,0,1,33.51253090281875,0.0,0.0,0.0,99.98591549295774,12.0,1.5624334704390148,0.0,1.0,0.0,1.0,0.0,64.0
57.0,2.0,4.0,10.7516040483782,106.701752634996,0.0,17.789285714285825,17.287883938053668,140.34,1,0,1,0,0,0,13.55522012715968,0.0,100.0,0.0,0.0,6.0,2.713642716383594,0.0,0.0,0.0,0.0,1.0,5.0
95.0,5.0,13.1,10.7658057390432,106.663718865342,3.0,24.737282299672927,15.61262632367065,3178.0,0,0,0,0,0,1,32.67330086593139,72.28288231592197,0.0,0.0,27.72089364380113,8.0,4.237781022905668,0.0,0.0,0.0,1.0,0.0,34.0
35.0,3.0,6.0,10.7617224157974,106.678235364738,0.0,29.82381843840417,18.093318479606467,771.8,0,1,0,1,1,1,17.376381907262566,98.50608966053385,0.0,0.0,1.4965016843741905,6.0,2.959517829365489,0.0,0.0,0.0,0.0,1.0,9.0
200.0,6.0,17.633333333333333,10.7958789707728,106.706937420606,3.0,18.827244701348747,15.081788755498186,39.6,0,0,1,0,0,1,24.624921090794228,15.93434343434343,0.0,0.0,84.16666666666666,12.0,2.300567902851885,0.0,0.0,0.0,1.0,0.0,87.0
93.0,6.0,7.0,10.7847326687479,106.668741815896,0.0,54.46617152529408,16.924787565129154,1215.0,1,0,0,0,1,0,14.535280883434632,65.45925925925926,0.0,0.0,34.553086419753086,24.0,3.665521332297121,0.0,0.0,1.0,0.0,0.0,22.5
190.0,4.0,12.0,10.7521410315136,106.617163383976,3.0,10.737500000006847,19.36213730687916,,1,1,1,1,0,0,20.25050569105691,,,,,10.0,9.545198635999572,0.0,0.0,0.0,1.0,0.0,20.7
87.0,4.0,19.5,10.766999236415,106.677612192765,3.0,24.737282299672927,18.83383064658232,107.2,0,1,1,1,1,1,21.742372820427185,16.61380597014925,0.0,0.0,83.42350746268657,10.0,2.754003099790356,0.0,0.0,0.0,1.0,0.0,21.0
34.0,2.0,8.0,10.8539429030127,106.762460098594,3.0,15.48107692307722,17.056969241416212,,1,0,0,0,0,0,19.375154550884368,,,,,4.0,10.955717846411552,0.0,0.0,0.0,1.0,0.0,3.7
84.0,5.0,4.0,10.8357937419255,106.842932934647,0.0,19.053737403258268,21.65981557903033,,0,0,0,0,0,1,20.25050569105691,,,,,11.0,16.857964923549194,0.0,0.0,0.0,1.0,0.0,17.5
58.0,2.0,3.0,10.8042164957455,106.696481882114,3.0,18.827244701348747,15.61262632367065,898.4,1,1,0,1,0,0,20.25050569105691,77.06812110418522,0.0,22.931878895814783,0.0,4.0,3.1778221627060383,0.0,0.0,0.0,1.0,0.0,7.5
91.0,5.0,11.1,10.7613038842314,106.660408992314,3.0,24.737282299672927,15.288713651298618,1788.3,0,0,0,0,0,1,23.072180951086057,2.5286585024883967,97.47190068780404,0.0,0.0,8.0,4.7358209886419464,1.0,0.0,0.0,1.0,0.0,27.5
21.0,4.0,3.8,10.7956418715021,106.690705343771,3.0,53.75818181817839,34.07029975082686,2070.4,0,0,0,0,0,1,22.762102461573292,12.417407264296752,86.71561051004636,0.0,0.0,8.0,2.4615755237225345,0.0,0.0,0.0,1.0,0.0,11.5
45.0,4.0,5.0,10.8550473499013,106.655626673646,0.0,11.098013468022373,16.235786892588425,386.5,1,0,0,0,0,0,15.50660834230355,19.029754204398447,80.96248382923673,0.0,0.0,9.0,10.095798397272766,0.0,0.0,0.0,1.0,0.0,5.99
82.0,4.0,6.0,10.7931706797116,106.676564150483,0.0,18.63592086332186,16.924787565129154,779.9,1,0,0,0,0,0,20.107903413527687,59.2473394024875,0.0,0.0,40.74624951916912,9.0,3.2906225108086415,0.0,0.0,0.0,0.0,1.0,16.7
40.0,3.0,6.0,10.7662863358468,106.659326331417,3.0,24.737282299672927,15.61262632367065,1785.0,1,1,1,0,0,0,20.25050569105691,86.6201680672269,0.0,0.0,13.36190476190476,11.0,4.689271307177348,0.0,0.0,1.0,0.0,0.0,6.8
52.0,2.0,5.0,10.7266001184042,106.733556471358,0.0,17.789285714285825,8.648767860862735,1889.4,0,0,0,0,0,1,8.354727166160457,70.85000529268551,0.0,0.0,29.14999470731449,6.0,6.53795168780514,0.0,0.0,0.0,0.0,1.0,4.8
58.0,5.0,8.0,10.8800251214573,106.665589162296,3.0,8.826587030733174,9.397256429506324,2208.3,1,1,1,0,1,0,17.09291764913859,19.44391613458316,0.0,0.0,80.55789521351265,10.0,12.199933823134176,0.0,0.0,0.0,0.0,1.0,6.45
560.0,3.0,28.0,10.84096,106.8515,3.0,19.053737403258268,25.613782122221185,,0,0,0,0,0,1,19.567814035091047,,,,,11.0,17.944977536870457,0.0,1.0,1.0,0.0,0.0,170.0
70.0,4.0,10.599999999999998,10.788526940925262,106.75172278424624,0.0,38.647438220481845,44.55718221916659,,0,0,0,0,0,1,20.25050569105691,,,,,9.0,5.70236228221203,0.0,1.0,0.0,1.0,0.0,10.99
96.0,4.0,8.0,10.8713760623614,106.653657891591,3.0,8.826587030733174,13.805666803246416,1588.7,0,0,0,0,0,0,20.25050569105691,79.53295146975515,0.0,0.0,20.467048530244853,10.0,11.80342161664596,1.0,0.0,0.0,1.0,0.0,6.6
56.0,4.0,3.0,10.7499827892807,106.723068827563,1.0,17.789285714285825,15.717993526044307,1890.6,1,0,0,0,1,0,22.10413068261712,99.99788426954406,0.0,0.0,0.0,9.0,3.758805043541044,0.0,0.0,0.0,0.0,1.0,7.3
75.0,3.0,8.0,10.7906085414252,106.623438099314,2.0,14.87073929990493,9.35870800879073,445.9,1,1,1,0,0,0,20.25050569105691,0.0,0.0,0.0,99.99551468939224,8.0,8.637244216908268,0.0,0.0,0.0,1.0,0.0,6.65
109.0,3.0,5.6,10.8094037755999,106.692987638139,2.0,18.827244701348747,15.288713651298618,237.2,1,0,0,0,0,1,17.40171754184511,11.374367622259696,0.0,0.0,88.62141652613829,9.0,3.818562334371435,0.0,0.0,0.0,1.0,0.0,13.0
58.0,4.0,8.0,10.7891270864866,106.756360363215,3.0,38.647438220481845,23.346267146280812,,0,1,1,1,0,0,19.567814035091047,,,,,8.0,6.210163401797435,0.0,0.0,0.0,0.0,1.0,9.29
54.0,4.0,6.0,10.7874692822186,106.651271953711,3.0,19.38917355371901,16.924787565129154,136.6,1,1,0,1,1,0,9.90181956943871,15.871156661786236,0.0,84.15080527086384,0.0,8.0,5.590233656777856,0.0,0.0,0.0,1.0,0.0,9.2
62.0,6.0,21.5,10.7749871023168,106.658781632906,3.0,24.737282299672927,15.923197269929185,47081.0,0,0,0,0,0,1,20.25050569105691,1.0807756844586986,0.5534716764724623,0.0,0.0,9.0,4.62398742730307,0.0,0.0,0.0,1.0,0.0,16.0
38.0,5.0,5.2,10.8016419890692,106.687328575793,3.0,18.63592086332186,15.288713651298618,40.3,0,0,0,0,0,1,17.84317339376276,0.0,0.0,0.0,99.97518610421837,9.0,3.2237292865190312,0.0,0.0,0.0,1.0,0.0,8.66
84.0,3.0,8.0,10.6787037988557,106.753471374815,3.0,8.131668552257471,11.712567766934,251.2,0,0,0,0,1,0,8.354727166160457,6.95063694267516,0.0,0.0,0.0,9.0,12.238659339165851,0.0,0.0,0.0,0.0,1.0,9.4
115.0,3.0,8.0,10.7961302778794,106.792451813736,0.0,19.053737403258268,23.42179327737413,,1,1,0,0,1,1,18.57448268224521,,,,,9.0,10.226376502425078,0.0,0.0,1.0,0.0,0.0,10.8
268.0,3.0,6.0,10.7895247702854,106.694048537098,3.0,53.75818181817839,34.07029975082686,17586.9,0,0,0,0,0,0,29.34260834230355,2.659195196424611,97.34103224559188,0.0,0.0,11.0,1.6896586884888412,0.0,0.0,0.0,0.0,1.0,61.0
61.0,4.0,10.5,10.7429397203309,106.729572863067,2.0,17.789285714285825,14.672222873812292,3286.7,1,0,0,0,0,1,8.354727166160457,91.70657498402652,2.1675236559466944,0.0,6.127118386223264,8.0,4.81543555445007,0.0,0.0,0.0,0.0,1.0,9.2
89.0,3.0,8.0,10.7248125076294,106.664390563965,0.0,13.123347608580726,20.341033665775136,9534.8,0,0,0,0,0,0,22.10413068261712,83.6531442715107,0.0,0.0,16.346645970549986,8.0,6.962662302458265,1.0,0.0,0.0,1.0,0.0,7.3
40.0,5.0,2.0,10.7556265216306,106.701330165796,0.0,12.968707708226514,18.093318479606467,79.9,0,0,0,0,0,0,20.25050569105691,27.23404255319149,0.0,0.0,72.75344180225282,9.0,2.265566951892524,0.0,0.0,0.0,0.0,1.0,6.35
57.0,5.0,6.0,10.7635899272574,106.678441504783,3.0,29.82381843840417,18.093318479606467,2567.0,0,0,0,0,0,1,20.25050569105691,75.07206856252435,0.0,0.0,24.92442539929879,10.0,2.833813504800517,0.0,0.0,0.0,1.0,0.0,19.0
86.0,4.0,20.0,10.8847371062856,106.609876653991,3.0,9.79203162611253,17.311826932268982,2421.8,1,1,1,0,0,0,20.25050569105691,89.80469072590635,8.788091502188456,0.0,1.4055661078536623,9.0,15.66690311658934,0.0,0.0,0.0,0.0,1.0,7.5
110.0,1.0,12.0,10.9033788956361,106.634181508377,3.0,9.79203162611253,17.90785159642303,,0,0,0,0,0,0,20.25050569105691,,,,,3.0,15.93818920475344,0.0,0.0,1.0,0.0,0.0,4.5
40.0,3.0,6.0,10.8893232591721,106.683642292646,0.0,8.826587030733174,9.397256429506324,836.8,0,0,0,0,0,1,20.25050569105691,15.149378585086042,30.08604206500956,0.0,54.76935946462716,5.0,12.744397529038984,1.0,0.0,0.0,1.0,0.0,4.69
40.0,3.0,3.0,10.792826501585,106.668093703031,3.0,18.63592086332186,15.61262632367065,49.9,0,0,0,0,0,0,19.193619091459624,15.230460921843688,0.0,0.0,84.84969939879761,6.0,4.061895289663864,0.0,0.0,0.0,0.0,1.0,6.5
65.0,2.0,5.0,10.8431172169579,106.634313683053,0.0,8.826587030733174,15.500554052311237,4426.6,0,0,1,0,1,0,20.25050569105691,32.20417476166809,67.73234536664707,0.0,0.0,8.0,10.43589440750462,0.0,0.0,1.0,0.0,0.0,4.7
28.0,2.0,4.0,10.759124635316,106.687485793337,2.0,53.75818181817839,26.429608342303553,5525.2,1,1,1,0,0,0,37.54099080615944,92.2766596684283,0.1018967639180482,0.0,7.62053862303627,4.0,2.3943221249177724,0.0,0.0,0.0,1.0,0.0,5.5
103.0,5.0,8.9,10.857968037066,106.755979876219,0.0,15.48107692307722,16.151929588086617,,0,0,0,0,0,1,20.391985999466947,,,,,15.0,10.90871583385277,0.0,0.0,0.0,0.0,1.0,14.0
43.0,2.0,4.0,10.7919118,106.6914934,3.0,53.75818181817839,34.07029975082686,1111.1,0,0,0,0,0,1,25.9063569677296,94.61254612546126,0.0,0.0,5.391953919539196,7.0,2.0570799915572366,1.0,0.0,0.0,1.0,0.0,8.0
41.0,4.0,4.7,10.796335171706,106.706953621759,0.0,18.827244701348747,15.081788755498186,944.4,0,0,0,0,0,1,20.263535304628697,0.4447268106734434,0.0,0.0,99.55209656925032,18.0,2.3498306871731196,0.0,0.0,0.0,0.0,1.0,8.9
45.0,2.0,4.0,10.8631779548537,106.638949369426,2.0,8.826587030733174,14.549898133423875,1288.0,1,1,1,0,0,0,18.002367373254614,93.5302795031056,0.0,0.0,6.472049689440993,8.0,11.834078079171109,0.0,0.0,0.0,1.0,0.0,3.79
78.0,4.0,6.0,10.8350343995987,106.754086861989,3.0,15.48107692307722,15.706358342303552,,0,0,1,0,0,0,18.06394396884742,,,,,9.0,8.751251263398975,0.0,0.0,0.0,0.0,1.0,8.2
180.0,4.0,30.0,10.8151331939309,106.672781929137,3.0,18.827244701348747,15.923197269929185,219.1,0,0,0,0,0,0,18.58425689749212,17.594705613874943,0.0,0.0,82.38703788224555,8.0,5.338730288187781,0.0,0.0,0.0,1.0,0.0,32.0
52.0,5.0,6.15,10.7856781359975,106.657766688802,0.0,19.38917355371901,20.339947871608835,103.5,0,0,0,0,0,1,20.25050569105691,25.526570048309186,0.0,0.0,74.4927536231884,10.0,4.854191736604867,0.0,0.0,0.0,0.0,1.0,7.5
48.0,4.0,11.599999999999998,10.7692700939212,106.697511939828,3.0,53.75818181817839,30.724332850013383,71.4,0,1,0,0,0,1,20.25050569105691,0.0,0.0,100.0,0.0,7.0,0.8447597753960631,0.0,0.0,0.0,1.0,0.0,37.0
75.0,3.0,14.0,10.38586,106.9199,0.0,19.383985295609417,20.086701866981706,,0,0,0,0,1,0,19.567814035091047,,,,,8.0,49.53709286809266,0.0,1.0,0.0,1.0,0.0,11.25
51.0,5.0,7.0,10.8778440825016,106.67296307516,0.0,8.826587030733174,9.397256429506324,111.9,1,1,0,0,0,0,17.510388497990952,0.0,0.0,0.0,100.0,9.0,11.734078150377384,0.0,0.0,0.0,0.0,1.0,5.99
66.0,4.0,10.0,10.685141444618951,106.74725821075135,0.0,8.131668552257471,7.431275025157785,,0,0,0,0,0,0,8.354727166160457,,,,,9.0,11.291622302695975,0.0,0.0,0.0,0.0,1.0,8.59
60.0,4.0,17.25,10.7580202517648,106.688917431552,2.0,53.75818181817839,26.429608342303553,42.5,1,0,0,0,0,1,20.25050569105691,6.188235294117646,0.0,0.0,93.78823529411764,15.0,2.401673016264839,1.0,0.0,0.0,1.0,0.0,16.8
43.0,3.0,5.8,10.8015009122488,106.698850588451,0.0,18.827244701348747,18.83383064658232,3119.1,0,1,0,0,0,1,20.25050569105691,18.17447340579013,0.0,81.82456477830144,0.0,9.0,2.846197183751314,0.0,0.0,0.0,1.0,0.0,6.95
71.0,4.0,16.0,10.7645971584415,106.627036314458,3.0,14.87073929990493,18.35882491952716,1521.1,0,0,0,0,0,0,20.25050569105691,42.87423575044376,0.0,7.245414502662547,49.87903490894748,11.0,8.189184848357472,0.0,0.0,0.0,0.0,1.0,9.68
77.0,3.0,6.0,10.7875735136098,106.678231022626,2.0,54.46617152529408,16.235786892588425,1578.0,1,0,0,0,0,1,24.641850909075103,72.52598225602028,0.0,0.0,27.474651457541192,10.0,2.8100310796816723,0.0,0.0,0.0,1.0,0.0,12.0
80.0,5.0,8.0,10.8649072095218,106.634097801312,0.0,8.826587030733174,9.23912502081522,,1,0,0,0,0,0,18.520635477981624,,,,,10.0,12.299771430019572,0.0,0.0,0.0,1.0,0.0,5.4
42.0,4.0,3.0,10.7949339680561,106.687577808144,3.0,18.63592086332186,20.918551142754602,,1,0,0,0,0,1,21.04502912786141,,,,,6.0,2.5718059812712055,1.0,0.0,0.0,1.0,0.0,15.6
50.0,2.0,3.5,10.757818149189,106.614288997565,3.0,10.737500000006847,8.135783941420566,1106.8,0,1,1,1,0,1,13.472608342303552,35.00361402240694,0.0,0.0,64.99186844958439,6.0,9.696122474560855,0.0,0.0,0.0,1.0,0.0,5.35
35.0,4.0,6.0,10.8325172906654,106.638811373716,2.0,11.098013468022373,20.454141465138118,3879.9,0,0,0,0,0,0,20.25050569105691,58.17598391711126,0.138405629011057,5.49266733678703,36.19268537848914,7.0,9.261770754798375,0.0,0.0,0.0,1.0,0.0,5.9
95.0,2.0,10.0,10.8199702260738,106.703773397615,3.0,18.827244701348747,16.235786892588425,1017.2,1,0,0,0,0,0,13.930220361551154,76.16397955171058,23.835037357451828,0.0,0.0,4.0,4.897978094631525,0.0,0.0,0.0,1.0,0.0,12.5
20.0,2.0,6.0,10.7203023503415,106.655733777778,3.0,13.123347608580726,20.341033665775136,56946.0,1,1,0,0,1,0,20.25050569105691,97.69753801847364,0.3701576932532575,0.0,1.9185719804727288,3.0,7.932137349928485,0.0,1.0,1.0,0.0,0.0,1.5
128.0,5.0,6.0,10.7727835676092,106.602064424781,0.0,10.737500000006847,8.135783941420566,11439.7,1,0,0,0,0,0,17.250306900204997,14.7355262812836,29.07016792398402,0.0,56.194480624491895,12.0,10.824027801399463,0.0,0.0,0.0,1.0,0.0,8.9
46.0,3.0,5.0,10.7919867964429,106.716007315928,0.0,18.827244701348747,41.01013634331939,74.4,0,0,0,0,0,1,18.607354980746287,21.760752688172044,0.0,0.0,78.29301075268816,6.0,2.410714594037495,0.0,0.0,0.0,0.0,1.0,7.5
162.0,4.0,7.5,10.7982736077226,106.666068354944,0.0,19.38917355371901,20.918551142754602,176.1,1,0,0,0,0,1,19.806236435736306,1.6638273708120388,0.0,0.0,98.3191368540602,17.0,4.558098805972651,0.0,1.0,0.0,1.0,0.0,31.0
100.0,4.0,12.0,10.8315434818288,106.670881794185,3.0,11.098013468022373,14.561953480312356,70991.2,0,1,0,0,0,0,20.18206125192249,5.3839208239894525,94.48747168663158,0.0,0.1286356618848533,14.0,7.002750836029284,0.0,0.0,0.0,0.0,1.0,23.6
90.0,4.0,12.277777777777777,10.8294486716917,106.730336209582,0.0,15.48107692307722,14.40074884671146,,0,0,0,0,0,1,18.26879785280932,,,,,10.0,6.7467831618620036,0.0,0.0,0.0,1.0,0.0,10.8
212.0,1.0,10.0,10.8190745877806,106.603477163389,0.0,10.737500000006847,10.067829993435623,1751.7,0,0,0,0,0,0,20.18206125192249,23.996118056744876,64.790774676029,0.0,11.211394645201803,4.0,11.689313897357907,0.0,0.0,0.0,1.0,0.0,14.2
60.0,4.0,4.0,10.7946190551013,106.70885985985,0.0,18.827244701348747,20.460368357652627,835.3,0,0,0,0,0,0,20.263535304628697,3.9207470369926978,0.0,0.0,96.08045013767509,13.0,2.237135942737103,0.0,0.0,0.0,0.0,1.0,8.24
418.0,3.0,30.0,10.776563934732,106.539817346442,3.0,13.123347608580726,19.18090922668988,9483.4,0,0,0,0,0,0,20.25050569105691,100.0,0.0,0.0,0.0,18.0,17.617656674100246,0.0,0.0,0.0,1.0,0.0,29.0
1.716,4.0,30.0,10.8106850634326,106.713148781566,3.0,18.827244701348747,20.47473566303819,95.7,1,1,0,0,0,0,20.263535304628697,20.741901776384537,0.0,0.0,79.20585161964472,8.0,4.075162357414992,0.0,0.0,0.0,1.0,0.0,305.0
34.0,4.0,3.0,10.7650151624472,106.668967531711,3.0,24.737282299672927,18.093318479606467,58.0,0,1,1,1,1,0,20.25050569105691,66.25862068965517,0.0,0.0,33.775862068965516,6.0,3.716481175801617,0.0,0.0,0.0,1.0,0.0,5.3
82.0,3.0,9.233333333333333,10.795925877229,106.626530816993,0.0,14.87073929990493,14.237298722437757,1052.5,0,1,1,0,0,1,15.331358342303552,99.72826603325416,0.0,0.0,0.2707838479809976,9.0,8.441199077667264,0.0,1.0,0.0,1.0,0.0,7.7
67.0,3.0,3.0,10.8091832619574,106.685172498872,0.0,18.63592086332186,15.149860937399001,2072.6,1,1,0,0,0,0,24.873898992866078,2.7670558718517806,0.0,0.0,97.2334266139149,7.0,4.079382396532804,0.0,0.0,0.0,1.0,0.0,8.7
200.0,8.0,16.0,10.7955615674736,106.706987751003,3.0,18.827244701348747,15.081788755498186,108.6,0,0,0,0,0,0,24.624921090794228,27.651933701657462,0.0,0.0,72.3204419889503,30.0,2.2682307681010196,0.0,0.0,0.0,1.0,0.0,70.0
85.0,5.0,14.0,10.841459669827964,106.7104876067132,0.0,15.48107692307722,17.78611714762465,,1,0,1,0,0,0,18.06394396884742,,,,,9.0,7.350645969870585,0.0,0.0,0.0,1.0,0.0,17.0
71.0,5.0,5.4,10.7898197377859,106.674766733255,3.0,54.46617152529408,20.454141465138118,93.3,0,0,0,0,0,1,24.641850909075103,19.163987138263668,0.0,0.0,80.82529474812434,18.0,3.261167760098407,0.0,0.0,0.0,1.0,0.0,16.9
200.0,7.0,29.0,10.8153336594215,106.673087994832,3.0,19.38917355371901,20.918551142754602,1132.9,0,0,0,0,0,1,18.58425689749212,99.31503221820104,0.0,0.0,0.6840850913584605,12.0,5.337680529571995,0.0,0.0,0.0,1.0,0.0,33.0
90.0,4.0,12.0,10.7338230191083,106.697152947806,0.0,17.789285714285825,18.28632481919144,183786.4,0,0,1,0,1,0,20.25050569105691,18.66234933596828,81.33766154622975,0.0,0.0,9.0,4.709645894896482,0.0,0.0,0.0,0.0,1.0,17.9
65.0,3.0,5.0,10.7817037760597,106.674560544004,0.0,24.737282299672927,16.235786892588425,76.8,1,1,1,1,1,0,14.535280883434632,61.341145833333336,0.0,0.0,38.684895833333336,11.0,2.96755217074655,0.0,0.0,0.0,0.0,1.0,9.5
54.0,2.0,7.0,10.830768640026,106.785367342141,0.0,19.053737403258268,18.834465413133596,,1,0,0,0,0,1,20.25050569105691,,,,,5.0,11.036400793705557,0.0,0.0,0.0,1.0,0.0,4.8
53.0,4.0,4.0,10.7235453753802,106.619815401345,2.0,9.364834955468142,9.674953215540254,3293.2,1,0,0,0,0,0,16.67274773320998,54.87732296854124,0.0,0.0,45.12389165553262,7.0,10.624098107900064,0.0,0.0,0.0,1.0,0.0,5.8
100.0,4.0,6.0,10.8499848926488,106.722683121108,0.0,15.48107692307722,17.78611714762465,,0,0,0,0,0,0,19.11407196751205,,,,,9.0,8.557820704770705,0.0,0.0,0.0,1.0,0.0,9.9
58.0,2.0,3.25,10.8001200775413,106.690644232097,0.0,18.63592086332186,15.288713651298618,77.7,1,1,0,0,0,1,19.5012876430688,0.0,0.0,0.0,100.0,6.0,2.9150701258506517,0.0,0.0,0.0,0.0,1.0,7.55
343.0,3.0,41.5,10.8038389197882,106.641788412873,3.0,19.38917355371901,16.235786892588425,232.6,0,0,0,0,0,1,20.25050569105691,3.5898538263112636,0.0,0.0,96.41014617368874,10.0,7.180109710390931,0.0,0.0,0.0,1.0,0.0,63.0
43.0,3.0,2.0,10.731477733384,106.745320880545,3.0,17.789285714285825,8.648767860862735,24991.8,0,1,1,1,0,1,19.567814035091047,8.863067086004211,0.0,91.13689290087147,0.0,6.0,6.917037577648066,0.0,0.0,0.0,1.0,0.0,5.5
56.0,5.0,7.2,10.7192695609119,106.605629245514,0.0,10.737500000006847,13.181777405603473,836.4,0,0,0,0,0,1,20.25050569105691,83.6477761836442,8.532998565279772,7.818029650884744,0.0,8.0,12.188929203699107,1.0,0.0,0.0,1.0,0.0,7.0
60.0,2.0,4.0,10.7430919810958,106.725534042233,3.0,17.789285714285825,17.42635834230355,972.9,0,1,0,1,0,0,20.25050569105691,88.75937917566038,0.0,0.0,11.23959296947271,7.0,4.529269116113055,0.0,0.0,0.0,0.0,1.0,6.8
28.0,4.0,3.0,10.7615390563558,106.68981624011,1.0,53.75818181817839,22.30565215020024,546.5,0,0,1,0,0,0,31.338914411207632,73.17108874656908,0.0,0.0,26.825251601097893,5.0,2.0260591319505212,0.0,0.0,1.0,0.0,0.0,5.2
121.0,4.0,15.0,10.8386041739181,106.831554390262,0.0,19.053737403258268,21.65981557903033,,0,0,0,0,0,1,22.156780321650697,,,,,14.0,15.858160933369115,0.0,0.0,1.0,0.0,0.0,19.0
51.0,2.0,4.0,10.7883059061476,106.652675967422,0.0,19.38917355371901,23.820911987062647,,1,1,0,0,0,1,23.072180951086057,,,,,6.0,5.463573568887204,0.0,0.0,0.0,0.0,1.0,7.68
173.0,3.0,4.0,10.7776785956066,106.75907894969,2.0,38.647438220481845,32.180605395627865,,1,0,0,0,0,0,17.21642624996233,,,,,9.0,6.336009241798736,0.0,0.0,0.0,0.0,1.0,12.35
26.0,3.0,2.0,10.7582373205293,106.706312837783,3.0,12.968707708226514,23.820911987062647,63.5,0,0,0,0,0,0,18.154126053561612,0.0,0.0,0.0,100.0,5.0,2.0555670993556907,0.0,0.0,0.0,0.0,1.0,3.15
67.0,4.0,14.0,10.7804567400364,106.624408486933,3.0,14.87073929990493,17.499103454001883,1590.1,1,0,0,0,0,0,20.25050569105691,99.19376139865416,0.0,0.0,0.8049808188164267,10.0,8.391909712819782,1.0,0.0,0.0,1.0,0.0,11.3
74.0,5.0,6.87,10.8293189734099,106.671339108361,0.0,11.098013468022373,14.561953480312356,1668.6,1,1,1,0,0,1,10.107421869117639,25.07371449119022,74.82799952055615,0.0,0.1006832074793239,9.0,6.76144662253898,0.0,1.0,0.0,1.0,0.0,11.5
60.0,3.0,8.0,10.7984454930985,106.630819100485,2.0,14.87073929990493,14.237298722437757,56.8,0,0,0,0,0,0,18.686154441087304,0.0,0.0,0.0,99.9823943661972,8.0,8.07230672265804,0.0,1.0,0.0,1.0,0.0,9.6
27.0,3.0,5.0,10.7726680346681,106.669190390913,0.0,24.737282299672927,14.561953480312356,1331.0,1,1,1,1,0,1,26.807768326301748,98.87227648384672,0.0,0.0,1.093914350112697,5.0,3.505271270716074,0.0,0.0,0.0,0.0,1.0,4.7
23.0,2.0,3.0,10.7238825444529,106.633842427051,0.0,9.364834955468142,15.923197269929185,21757.4,1,0,0,0,0,0,20.25050569105691,5.16844843593444,42.3336887679594,52.49795471885428,0.0,4.0,9.357851328929296,0.0,0.0,0.0,1.0,0.0,2.35
120.0,3.0,25.0,10.7671013657098,106.778437037997,3.0,38.647438220481845,16.791900388268562,,0,0,0,0,0,1,19.670082156392432,,,,,12.0,8.505714850059674,0.0,0.0,0.0,1.0,0.0,12.5
46.0,2.0,6.0,10.8024984683175,106.695857223674,3.0,18.827244701348747,15.13100312673361,455.4,0,0,1,1,0,0,21.719959264527965,0.0,0.0,94.0316205533597,5.963987703118138,5.0,3.0016293834022463,0.0,0.0,0.0,1.0,0.0,9.9
36.0,2.0,4.0,10.8148914749106,106.672534727054,0.0,18.827244701348747,15.923197269929185,1132.9,0,0,0,0,0,1,18.58425689749212,99.31503221820104,0.0,0.0,0.6840850913584605,4.0,5.332599811415603,0.0,0.0,0.0,1.0,0.0,3.9
280.0,3.0,12.0,10.7771240494986,106.787529422361,3.0,38.647438220481845,23.328827418358713,,0,0,0,0,0,0,22.138800464465486,,,,,8.0,9.441847830144312,0.0,1.0,0.0,1.0,0.0,75.0
120.0,4.0,16.0,10.782257372617002,106.74797451874558,3.0,38.647438220481845,25.425738377885217,,0,0,0,0,0,0,20.25050569105691,,,,,12.0,5.1673005186617225,0.0,0.0,1.0,0.0,0.0,23.5
69.0,2.0,6.0,10.797809788063,106.704986829215,0.0,18.827244701348747,15.081788755498186,3425.9,0,0,1,0,0,0,19.911470140858842,64.69774365860066,33.41837181470563,0.0,1.883300738492075,12.0,2.46202019781626,0.0,0.0,1.0,0.0,0.0,6.39
80.0,2.0,7.0,10.6749384972319,106.698131915863,0.0,8.131668552257471,11.187905093453665,789.3,0,0,0,0,0,1,8.502652923904137,42.14873938933232,0.0,0.0,57.848726719878385,8.0,11.242203985210596,0.0,0.0,0.0,1.0,0.0,4.95
37.0,3.0,6.0,10.792058272143,106.677792139696,3.0,18.63592086332186,20.454141465138118,75.5,1,0,0,0,0,0,13.842079023496492,0.0,0.0,0.0,99.96026490066224,6.0,3.109693852498104,0.0,0.0,1.0,0.0,0.0,11.5
64.0,2.0,20.0,10.7997910653258,106.630767414916,3.0,14.87073929990493,14.237298722437757,128.2,1,1,1,1,0,0,18.686154441087304,0.0,0.0,0.0,100.0,4.0,8.125135376281092,0.0,0.0,0.0,0.0,1.0,16.7
180.0,1.0,9.3,10.6999741957969,106.639078377089,0.0,13.123347608580726,17.577819031868692,3287.6,1,1,1,1,0,1,17.67945501854178,89.34876505657621,10.650018250395425,0.0,0.0,5.0,10.833986358981145,0.0,0.0,0.0,1.0,0.0,6.6
121.0,5.0,6.4,10.7937841515297,106.708631159818,0.0,18.827244701348747,20.460368357652627,128.0,0,0,0,0,0,1,20.263535304628697,87.7734375,0.0,0.0,12.2109375,14.0,2.141789887314801,0.0,0.0,0.0,0.0,0.0,27.0
25.0,3.0,4.2,10.7851806463629,106.648440404573,3.0,19.38917355371901,14.561953480312356,76.7,0,0,0,0,0,1,20.25050569105691,24.83702737940026,0.0,0.0,75.20208604954367,6.0,5.842017534769708,0.0,0.0,0.0,0.0,1.0,3.15
75.0,2.0,11.0,10.7143234399855,106.736873950314,0.0,17.789285714285825,18.28632481919144,575.5,1,1,0,0,0,1,8.354727166160457,34.68983492615117,0.0,0.0,65.31190269331016,5.0,7.8934991488227455,0.0,0.0,1.0,0.0,0.0,4.39
56.0,3.0,3.0,10.7805720630861,106.761941487783,0.0,38.647438220481845,23.346267146280812,,0,1,1,1,0,0,21.788667863727383,,,,,8.0,6.665329984391198,0.0,0.0,0.0,1.0,0.0,6.6
90.0,2.0,12.0,10.8119322810745,106.692572748081,3.0,18.827244701348747,16.924787565129154,890.6,0,0,1,0,0,0,25.38415763254146,30.992589265663597,0.0,0.0,69.00628789580058,4.0,4.1026144567837095,0.0,0.0,0.0,1.0,0.0,15.4
90.0,3.0,12.0,10.7906071723386,106.689737081995,2.0,53.75818181817839,34.07029975082686,136.4,1,1,0,0,0,1,20.25050569105691,4.941348973607038,0.0,0.0,95.06598240469208,10.0,2.044190253500977,0.0,0.0,0.0,1.0,0.0,16.8
56.0,4.0,16.0,10.8062265248931,106.61592281288,3.0,14.87073929990493,17.8318693459886,1187.7,0,1,1,0,1,0,20.25050569105691,71.71002778479414,28.292498105582215,0.0,0.0,7.0,9.892267586456049,0.0,0.0,1.0,0.0,0.0,8.9
58.0,4.0,8.0,10.7429388004274,106.729609486786,0.0,17.789285714285825,14.672222873812292,3286.7,1,1,0,0,0,0,8.354727166160457,91.70657498402652,2.1675236559466944,0.0,6.127118386223264,8.0,4.818098747023744,0.0,0.0,0.0,0.0,1.0,11.59
42.0,3.0,3.0,10.7650379375747,106.696606029561,3.0,53.75818181817839,22.30565215020024,520.6,0,0,0,0,0,0,20.25050569105691,1.824817518248175,0.0,0.0,98.16749903956972,7.0,1.3140648079075627,0.0,0.0,0.0,1.0,0.0,9.9
31.0,3.0,10.0,10.7847179384228,106.627139003478,2.0,14.87073929990493,12.804496961724974,878.3,1,0,0,0,0,1,20.25050569105691,59.44893544347034,0.0,0.0,40.54764886712968,4.0,8.136894772359081,0.0,0.0,0.0,1.0,0.0,3.9
68.0,5.0,8.0,10.8407957242002,106.641967567342,2.0,11.098013468022373,20.454141465138118,73.4,1,0,0,0,0,0,20.25050569105691,10.803814713896456,0.0,0.0,89.23705722070844,11.0,9.675982912218617,0.0,0.0,0.0,0.0,1.0,7.8
102.0,1.0,22.6,10.7501165700732,106.723045358464,3.0,17.789285714285825,15.717993526044307,3907.9,0,0,0,0,0,1,22.10413068261712,91.22265155198444,0.0,0.0,0.0,2.0,3.745726229839044,0.0,0.0,0.0,1.0,0.0,14.5
70.0,3.0,5.0,10.8413461317364,106.725494011501,0.0,15.48107692307722,14.40074884671146,,0,0,0,0,0,0,18.903841583700096,,,,,10.0,7.7392448681736035,0.0,0.0,0.0,1.0,0.0,8.7
221.0,5.0,10.9,10.7674683889313,106.69738112558,3.0,53.75818181817839,30.724332850013383,1693.8,0,0,0,0,0,1,20.25050569105691,92.6738694060692,0.0,7.32554020545519,0.0,13.0,1.0319903215992845,0.0,1.0,0.0,1.0,0.0,120.0
97.0,7.0,15.0,10.7894660315322,106.693500035408,0.0,53.75818181817839,48.487230363696476,1485.6,0,0,0,0,0,0,29.34260834230355,78.474690360797,0.0,4.577948303715671,16.94870759289176,18.0,1.7120835398890442,0.0,0.0,0.0,1.0,0.0,28.0
38.0,3.0,6.0,10.7936514305878,106.691526213162,0.0,53.75818181817839,34.07029975082686,58.7,0,1,1,1,0,0,26.14981200653238,0.0,0.0,0.0,100.0,11.0,2.223957113461195,0.0,0.0,0.0,0.0,1.0,9.0
70.0,3.0,6.0,10.7956970090418,106.621864095831,0.0,14.87073929990493,12.804496961724974,213.2,1,0,0,0,0,0,15.331358342303552,1.7448405253283303,98.25046904315198,0.0,0.0,6.0,8.9278017569708,0.0,0.0,0.0,1.0,0.0,6.8
165.0,4.0,16.2,10.7578452837214,106.680909810429,0.0,29.82381843840417,20.918551142754602,80.6,1,0,0,0,0,1,20.838172755970227,15.6575682382134,0.0,0.0,84.35483870967741,21.0,2.989905022916628,0.0,0.0,0.0,1.0,0.0,32.0
160.0,3.0,16.0,10.8185680528374,106.781284559642,0.0,19.053737403258268,20.177656837434043,,0,0,0,0,0,0,20.25050569105691,,,,,9.0,9.955493155595931,0.0,0.0,0.0,1.0,0.0,19.0
18.0,2.0,4.0,10.8060004941636,106.605386279032,3.0,10.737500000006847,10.067829993435623,1707.6,0,1,0,0,1,0,20.25050569105691,88.66245022253456,0.0,0.0,11.336378542984308,3.0,10.973994207841866,0.0,0.0,0.0,1.0,0.0,2.35
100.0,2.0,15.0,10.8805598331062,106.650853539387,0.0,8.826587030733174,13.805666803246416,2178.0,0,0,0,0,0,0,18.206777355077413,13.119834710743802,0.0,0.0,86.87924701561064,9.0,12.856537332370188,0.0,0.0,0.0,1.0,0.0,9.5
56.0,5.0,8.0,10.7645522156581,106.618832911694,0.0,10.737500000006847,8.135783941420566,1685.4,0,0,0,0,0,0,16.67966297460757,84.64934140263439,0.0,0.0,15.35125192832562,14.0,9.076247580334671,0.0,0.0,0.0,0.0,1.0,8.4
80.0,2.0,5.0,10.794776999944416,106.6427688831459,3.0,19.38917355371901,15.61262632367065,1158.2,1,0,1,0,0,0,19.334768492444127,72.00828872388189,0.0,0.0,27.993438093593507,4.0,6.704920999898766,0.0,0.0,1.0,0.0,0.0,11.9
50.0,4.0,9.0,10.85520359569,106.655268020637,2.0,11.098013468022373,16.235786892588425,2105.2,1,0,0,0,0,0,15.50660834230355,19.63186395591868,80.36718601558049,0.0,0.0,13.0,10.130226497310804,0.0,0.0,0.0,0.0,1.0,6.74
48.0,2.0,4.0,10.8077487362856,106.70316242613,3.0,18.827244701348747,20.454141465138118,1193.6,0,0,0,0,0,0,15.076317258595626,85.56216487935657,0.436494638069705,0.0,14.003853887399464,4.0,3.5374787321792387,0.0,0.0,1.0,0.0,0.0,6.8
76.0,4.0,12.0,10.7496104515256,106.716552086635,0.0,17.789285714285825,15.717993526044307,545.6,1,1,0,0,0,0,20.25050569105691,75.26759530791789,0.0,0.0,24.728739002932553,9.0,3.385239434492175,0.0,0.0,0.0,0.0,1.0,15.99
75.0,2.0,7.0,10.8298540987303,106.691647950496,2.0,11.098013468022373,15.149860937399001,1288.1,1,0,0,0,0,0,20.25050569105691,22.319695675801572,39.798928654607565,37.882152006831774,0.0,8.0,6.076644110319434,0.0,0.0,0.0,1.0,0.0,9.9
45.0,5.0,8.0,10.8553734572057,106.655569248182,3.0,11.098013468022373,16.235786892588425,1605.9,0,0,0,0,0,0,15.50660834230355,77.64306619341178,1.648296905162214,0.4003985304190796,20.30637025966748,7.0,10.130460293347962,0.0,0.0,0.0,0.0,1.0,6.9
90.0,4.0,12.277777777777777,10.8267781452408,106.721137929613,2.0,15.48107692307722,14.40074884671146,,1,0,0,0,0,1,18.26879785280932,,,,,10.0,6.055619985831379,1.0,0.0,0.0,1.0,0.0,10.8
120.0,7.0,14.9,10.7934173428061,106.688600152156,3.0,53.75818181817839,34.07029975082686,696.7,0,0,0,0,0,1,20.25050569105691,87.85273431893211,0.0,0.0,12.145830343045787,38.0,2.369624380719215,0.0,0.0,0.0,1.0,0.0,65.0
31.0,4.0,5.7,10.7992329290772,106.683375611901,0.0,18.63592086332186,18.83383064658232,703.4,1,0,0,0,0,1,20.25050569105691,80.88569803810066,0.0,0.0,19.11003696332101,10.0,3.228326744980331,0.0,0.0,0.0,0.0,1.0,8.58
24.0,2.0,5.8,10.7933324402385,106.619883803842,3.0,14.87073929990493,9.35870800879073,122.6,0,0,0,0,0,1,20.25050569105691,6.068515497553018,0.0,0.0,93.89070146818923,3.0,9.078256233095672,0.0,0.0,0.0,1.0,0.0,3.5
90.0,5.0,12.0,10.7243255502613,106.726262616334,0.0,17.789285714285825,30.38692272100736,78137.5,0,1,1,1,0,0,20.25050569105691,14.041606143017118,82.0049528075508,3.208651415773476,0.0,11.0,6.369612866680544,0.0,0.0,0.0,0.0,1.0,17.5
57.0,7.0,30.0,10.7603941976518,106.688456214148,3.0,53.75818181817839,59.25648860397285,11818.0,0,0,0,0,0,0,37.54099080615944,0.3276358097816889,99.37205957014724,0.0,0.3002200033846674,10.0,2.2178464483208855,0.0,0.0,0.0,1.0,0.0,41.0
46.0,2.0,6.266666666666667,10.8818843232585,106.681814711796,3.0,8.826587030733174,8.427513172672999,1067.5,0,0,0,0,0,1,17.412339551755686,0.0,10.255737704918031,0.0,89.74519906323185,3.0,11.96071061916976,0.0,0.0,0.0,1.0,0.0,2.85
51.0,4.0,7.0,10.8757694907269,106.686654612422,0.0,8.826587030733174,8.427513172672999,1411.6,0,0,0,0,0,0,17.412339551755686,30.641824879569285,27.546047038821197,0.0,41.81000283366394,9.0,11.20548023450262,1.0,0.0,0.0,0.0,0.0,6.35
60.0,7.0,25.0,10.7672866835504,106.700061181449,3.0,53.75818181817839,30.724332850013383,81.4,0,1,0,0,0,1,20.25050569105691,0.4054054054054054,0.0,99.58230958230958,0.0,8.0,0.975499176168694,0.0,0.0,0.0,1.0,0.0,37.0
52.0,2.0,4.5,10.801838232126,106.687578582416,2.0,18.63592086332186,15.288713651298618,660.0,1,0,0,0,0,1,17.84317339376276,29.990909090909092,0.0,0.0,70.0060606060606,5.0,3.2304691447326492,0.0,0.0,1.0,0.0,0.0,7.2
201.0,2.0,3.0,10.8062252325995,106.705210380667,2.0,18.827244701348747,17.205832796074894,47.2,0,1,0,0,0,0,20.25050569105691,0.0,0.0,0.0,100.0,13.0,3.3907482315831667,0.0,0.0,0.0,1.0,0.0,17.5
120.0,4.0,20.0,10.7040605090694,106.631383562407,3.0,9.364834955468142,15.288713651298618,2854.7,0,0,0,0,0,0,17.67945501854178,34.808561319928536,0.0,65.19143868007147,0.0,10.0,11.045234790436377,0.0,0.0,0.0,0.0,1.0,9.9
96.0,4.0,10.6,10.8035682854439,106.704896006583,3.0,18.827244701348747,17.205832796074894,442.4,1,0,0,0,0,1,18.58425689749212,19.51401446654611,80.4226943942134,0.0,0.0,30.0,3.0933681648631164,0.0,0.0,0.0,1.0,0.0,15.6
51.0,2.0,10.0,10.7832607879519,106.628765638947,3.0,14.87073929990493,12.804496961724974,51.6,0,0,0,0,0,0,20.25050569105691,47.65503875968992,0.0,0.0,52.32558139534883,4.0,7.942423386188552,0.0,0.0,0.0,1.0,0.0,5.9
160.0,2.0,12.0,10.65088940127,106.730000046635,0.0,8.131668552257471,15.805719480205894,,0,0,0,1,0,0,15.805719480205894,,,,,15.0,14.26549489484522,0.0,0.0,0.0,1.0,0.0,7.2
102.0,1.0,10.0,10.8839703701422,106.673079693132,3.0,8.826587030733174,13.805666803246416,2668.5,0,0,0,0,0,1,20.25050569105691,63.3468240584598,21.5578040097433,0.0,15.093872962338391,3.0,12.389639492126182,0.0,0.0,0.0,1.0,0.0,4.3
100.0,3.0,17.333333333333336,10.774186788198,106.697468883276,3.0,53.75818181817839,80.81249751703449,2539.8,0,0,0,0,0,1,27.875779929550006,97.7895897314749,0.0,2.210016536735176,0.0,9.0,0.4449451406536167,0.0,1.0,0.0,1.0,0.0,120.0
80.0,2.0,6.0,10.7597770817222,106.599026122819,3.0,10.737500000006847,13.482984203694478,2028.5,1,1,1,1,0,0,18.189881456227656,5.172294799112645,0.0,0.0,94.82967710130636,4.0,11.295223016398486,0.0,0.0,0.0,1.0,0.0,4.7
100.0,3.0,14.0,10.7496640062444,106.608889941427,3.0,10.737500000006847,19.36213730687916,902660.3,1,1,1,0,1,0,20.25050569105691,0.487598712383828,0.0,0.0,0.0,9.0,10.489968042229842,0.0,0.0,1.0,0.0,0.0,14.4
107.0,3.0,12.0,10.8482712615791,106.667552560721,3.0,11.098013468022373,15.923197269929185,809.0,0,1,0,0,0,0,15.50660834230355,94.61433868974042,0.0,0.0,5.389369592088999,11.0,8.832099087196818,0.0,0.0,0.0,0.0,1.0,18.0
90.0,2.0,20.0,10.7997587574632,106.630528378214,3.0,14.87073929990493,14.237298722437757,665.5,0,0,0,0,0,0,18.686154441087304,9.908339594290007,0.0,0.0,90.09166040571,4.0,8.148662026806624,0.0,0.0,0.0,1.0,0.0,16.6
67.0,3.0,24.0,10.7535970736378,106.614612639791,3.0,10.737500000006847,19.36213730687916,,1,1,1,0,1,0,19.375154550884368,,,,,9.0,9.770614998322063,0.0,1.0,0.0,0.0,1.0,13.3
52.0,4.0,6.0,10.8193425339615,106.702604128114,2.0,18.827244701348747,16.235786892588425,350.0,1,0,0,0,0,0,13.941385937429175,47.98571428571428,0.0,0.0,52.017142857142865,18.0,4.822269303714842,0.0,0.0,0.0,0.0,1.0,11.7
34.0,2.0,6.0,10.7870872094234,106.760315790275,0.0,38.647438220481845,23.346267146280812,,0,1,0,0,0,0,20.25050569105691,,,,,5.0,6.584703831636432,0.0,0.0,1.0,0.0,0.0,3.5
84.0,4.0,7.0,10.67824,106.7539,0.0,8.131668552257471,11.712567766934,7857.1,0,1,1,1,0,0,8.354727166160457,84.46347889170305,0.0,0.0,15.53703020198292,9.0,12.306155147834565,0.0,0.0,0.0,0.0,1.0,9.2
53.0,2.0,10.0,10.8652489483524,106.684227291442,0.0,8.826587030733174,8.427513172672999,199.9,1,0,0,0,0,0,20.25050569105691,0.0,0.0,0.0,100.0,5.0,10.093675811438052,0.0,0.0,0.0,0.0,1.0,5.3
42.0,3.0,5.75,10.8379551323376,106.636465278716,2.0,11.098013468022373,20.454141465138118,297.8,1,1,1,0,0,1,10.818659325601992,48.46541302887845,0.0,0.0,51.53458697112155,6.0,9.863944750301652,0.0,0.0,0.0,1.0,0.0,6.8
47.0,3.0,9.0,10.8864882276631,106.633323560816,2.0,8.826587030733174,11.964993989558423,7590.8,0,0,1,0,0,0,20.25050569105691,12.789561047583916,0.0,0.0,87.21030721399589,9.0,14.343317255053863,0.0,0.0,0.0,0.0,1.0,5.2
58.0,4.0,5.066666666666666,10.7895650987974,106.691569459391,3.0,53.75818181817839,34.07029975082686,122.5,0,1,0,0,0,1,21.344748464934785,11.902040816326531,0.0,0.0,88.12244897959184,10.0,1.8327403576824843,0.0,0.0,0.0,1.0,0.0,23.5
107.0,3.0,6.0,10.7377957226098,106.722802266628,0.0,17.789285714285825,14.672222873812292,376.4,1,0,0,0,0,0,22.174529617989272,32.26620616365569,67.7470775770457,0.0,0.0,10.0,4.864886848626007,0.0,0.0,0.0,0.0,1.0,16.8
57.0,4.0,5.0,10.8561944502596,106.772442420518,2.0,15.48107692307722,16.99010834230355,,1,0,0,0,0,0,14.230094570897254,,,,,10.0,11.84194822325376,0.0,0.0,0.0,0.0,1.0,9.5
60.0,2.0,4.0,10.7938142254012,106.705624416078,3.0,18.827244701348747,15.081788755498186,65.7,0,0,0,0,1,1,17.845103564658686,23.363774733637747,0.0,0.0,76.57534246575342,7.0,2.0415709559365007,0.0,0.0,0.0,0.0,1.0,6.55
103.0,2.0,4.0,10.7476763927508,106.71948959228,3.0,17.789285714285825,17.287883938053668,150.6,0,0,0,0,0,0,17.939958488612948,38.897742363877825,0.0,0.0,61.12217795484728,5.0,3.7355746692671743,0.0,0.0,1.0,0.0,0.0,7.0
80.0,3.0,10.0,10.8104567137726,106.707346036754,3.0,18.827244701348747,20.47473566303819,80.2,1,0,0,0,0,0,17.16203807849431,0.0,0.0,0.0,100.0,9.0,3.891679434262871,0.0,0.0,1.0,0.0,0.0,13.6
110.0,4.0,6.0,10.7879457411961,106.677244678462,0.0,54.46617152529408,15.61262632367065,1436.7,0,0,0,0,0,1,24.641850909075103,1.804830514373216,0.0,0.0,98.19656156469688,9.0,2.9247894858678514,0.0,1.0,0.0,1.0,0.0,30.0
100.0,4.0,10.0,10.7038670736913,106.631059661778,3.0,9.364834955468142,15.288713651298618,65892.2,1,0,1,0,1,0,17.67945501854178,99.91235684952088,0.0,0.0876431504791158,0.0,9.0,11.08521936772175,0.0,0.0,1.0,0.0,0.0,8.2
125.0,6.0,8.0,10.7978976679507,106.671455386853,3.0,19.38917355371901,18.83383064658232,240.8,0,0,0,0,1,0,43.77795732213526,34.210963455149496,65.7765780730897,0.0,0.0,26.0,4.051416207560058,0.0,0.0,0.0,1.0,0.0,39.0
92.0,4.0,6.0,10.7921530998996,106.688136347388,3.0,53.75818181817839,34.07029975082686,437.7,1,0,0,0,0,0,20.25050569105691,95.73680603152846,0.0,0.0,4.254055289010738,11.0,2.287199781578971,0.0,0.0,0.0,1.0,0.0,39.0
50.0,3.0,6.0,10.8496719992449,106.743410395417,2.0,15.48107692307722,18.370149256274082,,1,1,1,0,0,0,20.25050569105691,,,,,5.0,9.405493083623249,0.0,0.0,0.0,1.0,0.0,6.6
50.0,2.0,5.5,10.81027351070744,106.8565653450787,0.0,19.053737403258268,18.42357503472079,,1,0,1,0,0,1,20.25050569105691,,,,,4.0,17.403543696714465,0.0,0.0,0.0,1.0,0.0,3.6
40.0,2.0,3.0,10.7402091560475,106.735851266903,1.0,17.789285714285825,8.648767860862735,259.1,0,0,0,0,0,0,13.834634373598146,46.37591663450405,0.0,0.0,53.6318023928985,5.0,5.499999125110776,0.0,0.0,0.0,1.0,0.0,4.95
54.0,1.0,6.0,10.758230644374,106.612634442182,3.0,10.737500000006847,19.36213730687916,2345.5,0,1,1,0,1,0,13.472608342303552,52.493285013856315,0.0,0.0,47.50500959283735,4.0,9.863664342069052,0.0,0.0,0.0,1.0,0.0,4.2
81.0,5.0,11.0,10.74082720928621,106.69872898802925,0.0,17.789285714285825,17.287883938053668,498563.61,0,1,1,0,0,1,19.567814035091047,95.4990898754123,0.0,0.1154456499542756,4.385462468871324,12.0,3.919603050927428,0.0,0.0,0.0,1.0,0.0,21.8
31.0,3.0,6.0,10.841638256054,106.647368622164,0.0,11.098013468022373,23.820911987062647,46.3,1,0,0,0,0,0,18.455878219881225,0.0,0.0,0.0,100.0,7.0,9.365430465331505,0.0,0.0,0.0,0.0,1.0,5.88
67.0,5.0,10.6,10.7802166484573,106.624679790529,3.0,14.87073929990493,17.499103454001883,58.7,0,1,0,1,0,1,20.25050569105691,0.0,0.0,0.0,100.0,11.0,8.360789922524443,0.0,0.0,0.0,0.0,1.0,11.3
44.0,2.0,3.333333333333333,10.8771476052276,106.641956289558,0.0,8.826587030733174,14.549898133423875,2264.2,0,0,0,0,0,1,20.25050569105691,98.45022524511973,0.0,0.0,1.5515413832700296,4.0,12.9700183092335,0.0,0.0,0.0,1.0,0.0,4.92
111.0,3.0,6.0,10.6847263503291,106.750437934007,2.0,8.131668552257471,7.431275025157785,,1,0,0,0,0,0,11.761918800261277,,,,,11.0,11.49172852692326,0.0,0.0,0.0,0.0,1.0,6.99
32.0,4.0,4.0,10.7724591815358,106.684427190628,2.0,54.46617152529408,18.093318479606467,9245.1,0,0,1,1,0,1,35.13373860631083,53.352803106510486,0.0,12.096570074958626,34.55019415690474,7.0,1.863321376999566,0.0,0.0,0.0,0.0,1.0,8.68
80.0,1.0,6.8,10.8435753355724,106.64918703357,2.0,11.098013468022373,24.56391683041859,1453.1,1,1,1,0,1,1,18.364041163673342,73.9233363154635,0.0,0.0,26.078728236184713,9.0,9.413284343513958,0.0,0.0,0.0,1.0,0.0,6.9
74.0,2.0,10.0,10.8115421626175,106.709036995945,3.0,18.827244701348747,20.47473566303819,4625.5,1,0,0,0,0,0,18.78482813097723,90.57377580802076,0.0,0.0,9.42665657766728,7.0,4.046077421862434,0.0,0.0,0.0,1.0,0.0,12.5
26.0,4.0,4.0,10.7896853011173,106.702303403097,0.0,53.75818181817839,48.487230363696476,3142.1,0,0,0,0,0,1,20.088667961923438,45.79039495878553,0.0,54.2083320072563,0.0,4.0,1.5274029018922055,0.0,1.0,0.0,1.0,0.0,7.0
100.0,3.0,20.0,10.7984605779283,106.738840878132,3.0,38.647438220481845,25.425738377885217,,0,0,0,0,0,0,20.25050569105691,,,,,9.0,4.819958200010952,0.0,0.0,0.0,0.0,1.0,33.0
80.0,2.0,12.0,10.8148065782337,106.774829359461,3.0,19.053737403258268,20.177656837434043,,1,1,1,0,0,0,23.716488155468518,,,,,5.0,9.136448778721874,0.0,0.0,1.0,0.0,0.0,6.8
74.0,3.0,7.0,10.7604582043446,106.613591677518,3.0,10.737500000006847,8.135783941420566,1063.4,0,1,1,1,0,1,20.25050569105691,38.08538649614445,0.0,0.0,61.91273274402859,8.0,9.71409675582159,0.0,0.0,0.0,0.0,1.0,9.7
128.0,4.0,12.4,10.8263263959076,106.728343835289,0.0,15.48107692307722,14.40074884671146,,0,0,0,0,0,1,19.567814035091047,,,,,10.0,6.338019334619833,0.0,0.0,0.0,0.0,1.0,16.5
44.0,5.0,6.8,10.7739751335495,106.677834722263,2.0,24.737282299672927,20.454141465138118,2646.0,1,0,0,0,0,1,23.200342816816367,97.3941798941799,0.1436130007558579,1.199546485260771,1.255479969765684,10.0,2.5513240848134204,0.0,0.0,0.0,1.0,0.0,11.9
80.0,4.0,7.0,10.8144044001235,106.623614214133,0.0,14.87073929990493,13.051852005459661,1330.4,0,0,1,0,0,0,20.25050569105691,79.53096812988574,0.0,0.0,20.469783523752252,8.0,9.479859603786236,0.0,0.0,0.0,0.0,1.0,9.55
225.0,3.0,30.0,10.7835079411097,106.696866279854,3.0,54.46617152529408,106.67729565230768,3180.5,0,0,0,0,0,0,33.00107166459517,83.3730545511712,0.0,16.627888696745796,0.0,12.0,0.9543773091842628,0.0,0.0,0.0,0.0,1.0,176.0
72.0,2.0,8.0,10.8153499442062,106.707843701799,0.0,18.827244701348747,20.47473566303819,1206.8,1,0,0,0,0,0,13.930220361551154,76.717765992708,0.0,0.0,23.278919456413657,4.0,4.437081770765356,0.0,0.0,0.0,1.0,0.0,8.8
53.0,4.0,5.0,10.8121666534358,106.700529364792,2.0,18.827244701348747,16.924787565129154,574.9,1,1,0,1,0,1,14.324407498016885,77.99443381457645,0.0,0.0,18.914593842407378,7.0,4.022031358729915,0.0,0.0,0.0,1.0,0.0,7.1
82.0,2.0,6.833333333333333,10.8582631892189,106.768358504018,3.0,15.48107692307722,16.99010834230355,,1,0,0,0,0,1,19.385376428405934,,,,,8.0,11.731778407003006,0.0,0.0,0.0,1.0,0.0,6.7
174.0,3.0,25.0,10.792962137521,106.670061963246,3.0,18.63592086332186,14.561953480312356,1371.1,0,0,0,0,0,0,24.641850909075103,93.05812850995552,0.8788563926774123,0.0,6.06374443877179,9.0,3.879642721402003,0.0,0.0,0.0,0.0,1.0,61.0
58.0,4.0,8.0,10.7988932190235,106.630118115521,0.0,14.87073929990493,14.237298722437757,79.1,1,1,1,0,0,0,20.25050569105691,0.0,0.0,0.0,99.9620733249052,8.0,8.160545138429839,0.0,0.0,0.0,0.0,0.0,10.0
110.0,3.0,16.0,10.8519334609188,106.794821238947,0.0,15.48107692307722,19.07305356275716,,0,0,0,0,0,0,20.25050569105691,,,,,8.0,13.269222307845183,0.0,0.0,0.0,0.0,1.0,12.5
400.0,2.0,10.4,10.7641250229818,106.632288462514,0.0,14.87073929990493,18.35882491952716,11314.3,0,0,0,0,0,1,29.940845325225013,29.43796788135368,3.1169405089134994,0.0,67.44473807482566,9.0,7.631810275846701,0.0,1.0,0.0,1.0,0.0,45.0
59.0,5.0,4.7,10.787349812606,106.671440320963,3.0,54.46617152529408,16.924787565129154,28.4,0,0,0,0,0,1,22.762102461573292,0.0,0.0,0.0,100.0,15.0,3.476919028030181,0.0,0.0,0.0,1.0,0.0,19.5
68.0,4.0,14.0,10.7801242876251,106.624777609631,3.0,14.87073929990493,17.499103454001883,148.9,0,0,0,0,0,0,20.25050569105691,0.0,0.0,0.0,100.0,9.0,8.349552551693165,0.0,0.0,0.0,1.0,0.0,10.0
80.0,4.0,10.0,10.7884376577076,106.661108580528,3.0,19.38917355371901,20.454141465138118,63.7,0,0,0,0,0,0,20.30768956947936,34.77237048665619,0.0,0.0,65.16483516483515,9.0,4.582036271900414,0.0,0.0,1.0,0.0,0.0,11.9
115.0,3.0,12.0,10.795885,106.792244,3.0,19.053737403258268,23.42179327737413,,0,0,0,0,0,0,18.57448268224521,,,,,9.0,10.198284541730429,0.0,0.0,1.0,0.0,0.0,10.75
112.0,4.0,10.0,10.8084732684978,106.68757115942,0.0,18.827244701348747,20.339947871608835,520.7,0,0,1,0,0,1,24.873898992866078,16.694833877472632,0.0,0.0,83.29940464758978,26.0,3.901540375301881,0.0,0.0,0.0,1.0,0.0,16.6
111.0,4.0,20.0,10.8378554126807,106.755096367071,3.0,15.48107692307722,15.706358342303552,,0,0,0,0,0,1,14.230094570897254,,,,,15.0,9.060303936967534,0.0,1.0,0.0,1.0,0.0,13.5
77.0,1.0,4.0,10.8368442836009,106.841070244036,2.0,15.48107692307722,21.65981557903033,,1,0,0,0,0,0,22.156780321650697,,,,,3.0,16.71810719170379,0.0,0.0,1.0,0.0,0.0,3.8
85.0,2.0,5.0,10.8180485841567,106.693071122087,2.0,18.827244701348747,16.924787565129154,685.9,1,1,1,0,1,0,28.579744739094878,65.98921125528503,0.0,0.0,34.00787286776498,8.0,4.757121351966138,0.0,0.0,0.0,0.0,1.0,10.0
56.0,3.0,4.0,10.7933721248558,106.717894932319,2.0,18.827244701348747,41.01013634331939,2955.0,1,0,0,0,0,0,18.619763285830498,88.64805414551607,0.0,0.0,11.352961082910324,4.0,2.6640045188331074,0.0,0.0,0.0,0.0,1.0,7.99
120.0,4.0,16.0,10.7953075144311,106.641140433951,3.0,19.38917355371901,15.61262632367065,334.5,0,1,1,1,0,0,21.19494463973162,2.304932735426009,0.0,0.0,97.68908819133034,11.0,6.892317566732395,0.0,1.0,0.0,1.0,0.0,23.0
32.0,2.0,3.0,10.7402904424503,106.735842361381,3.0,17.789285714285825,8.648767860862735,142.1,0,1,1,0,0,0,13.834634373598146,63.082336382829,0.0,0.0,36.88951442646024,4.0,5.4927897845834375,0.0,0.0,0.0,0.0,1.0,4.38
163.0,5.0,5.0,10.8146283972982,106.63233664624,0.0,19.38917355371901,15.923197269929185,1958.1,0,0,0,0,0,0,17.16889699849127,79.64455339359584,20.3559573055513,0.0,0.0,72.0,8.652274107846344,0.0,0.0,0.0,0.0,1.0,26.8
59.0,3.0,6.0,10.6968334434718,106.740503470024,2.0,8.131668552257471,7.431275025157785,2787.2,1,0,0,0,0,0,18.321957535463458,5.42049368541906,86.07240241102183,0.0,8.508180252583237,9.0,9.799102150876504,0.0,0.0,0.0,0.0,1.0,6.2
220.0,4.0,16.0,10.740684372115,106.698618129968,0.0,17.789285714285825,17.287883938053668,498563.61,0,0,0,0,0,0,22.174529617989272,95.4990898754123,0.0,0.1154456499542756,4.385462468871324,12.0,3.936266824760895,0.0,0.0,0.0,0.0,1.0,51.99
60.0,4.0,10.0,10.8305438202251,106.705219237934,0.0,18.827244701348747,16.235786892588425,6964.9,1,0,0,0,1,0,19.425983461480996,23.7088831138997,0.0,0.0,76.29068615486224,8.0,6.081661438492293,0.0,0.0,0.0,1.0,0.0,14.8
72.0,4.0,6.0,10.8012130704038,106.693428698927,3.0,18.827244701348747,15.13100312673361,538.2,1,0,0,0,0,0,18.133914647361333,67.75919732441471,0.0,0.0,32.23708658491267,9.0,2.926108380103842,0.0,0.0,0.0,1.0,0.0,9.5
48.0,4.0,8.0,10.799627086485,106.589191662581,2.0,10.737500000006847,13.71334205498395,2601.5,1,0,0,0,0,0,17.356189685781594,4.378243321160869,0.0,0.0,95.62367864693448,7.0,12.502866364461095,0.0,0.0,1.0,0.0,0.0,4.95
95.0,5.0,12.0,10.8007484789424,106.776996275601,0.0,38.647438220481845,44.55718221916659,,0,0,0,0,0,0,19.567814035091047,,,,,10.0,8.734932638841359,1.0,0.0,0.0,1.0,0.0,33.0
100.0,3.0,14.0,10.385859,106.91994,0.0,19.383985295609417,20.086701866981706,,0,0,1,1,0,0,20.25050569105691,,,,,11.0,49.539301216809434,0.0,1.0,1.0,0.0,0.0,13.29
167.0,4.0,30.0,10.8000676944298,106.674005997774,3.0,18.63592086332186,24.56391683041859,579606.9,0,0,0,0,0,0,20.342567872241002,13.500874471991276,85.7039676373763,0.0,0.1408420086096283,13.0,3.990054912579999,0.0,0.0,1.0,0.0,0.0,55.0
44.0,2.0,5.0,10.8290367325285,106.689120980128,2.0,11.098013468022373,15.149860937399001,21577.1,1,1,0,0,0,0,16.60869960096871,29.850350603185788,0.0,70.14946401509008,0.0,4.0,6.0408133242554065,0.0,0.0,0.0,1.0,0.0,6.5
39.0,2.0,4.0,10.8580404493092,106.744663600227,0.0,15.48107692307722,18.370149256274082,,1,0,0,0,0,0,14.230094570897254,,,,,4.0,10.288733774397636,0.0,0.0,0.0,1.0,0.0,4.2
240.0,2.0,12.0,10.7487942396353,106.618452472459,3.0,10.737500000006847,19.36213730687916,1654.6,0,0,1,1,0,0,18.852521452227894,86.77988637737218,0.0,0.0,13.218300495588055,9.0,9.521675329941235,0.0,0.0,0.0,1.0,0.0,30.0
36.0,4.0,6.0,10.8201285277001,106.704050496353,0.0,18.827244701348747,16.235786892588425,1306.4,1,0,0,0,0,0,13.930220361551154,69.48714023270054,2.1785058175137784,0.0,28.33435394978567,7.0,4.917440000261728,0.0,0.0,0.0,0.0,1.0,7.95
60.0,4.0,16.0,10.7975767486355,106.689460964561,3.0,18.63592086332186,20.918551142754602,,0,0,0,0,0,0,21.40910965668906,,,,,7.0,2.715247665869099,0.0,0.0,0.0,0.0,1.0,29.0
75.0,3.0,3.0,10.7978633116561,106.70503819197,3.0,18.827244701348747,15.081788755498186,3425.9,0,0,0,0,0,0,19.911470140858842,64.69774365860066,33.41837181470563,0.0,1.883300738492075,18.0,2.468854155523382,0.0,0.0,0.0,0.0,1.0,8.89
69.0,6.0,8.8,10.7919538304808,106.67159487086,0.0,18.63592086332186,16.235786892588425,99.7,0,0,0,0,0,1,13.842079023496492,38.90672016048144,0.0,0.0,61.133400200601805,26.0,3.678855658256046,0.0,0.0,0.0,0.0,1.0,19.5
180.0,1.0,10.0,10.6939601845082,106.572000952714,3.0,13.123347608580726,18.514650966774887,2082.5,0,0,0,1,0,0,20.25050569105691,0.0,99.99903961584634,0.0,0.0,3.0,16.797002063003426,0.0,0.0,0.0,0.0,1.0,4.3
175.0,3.0,14.3,10.7819539579719,106.674688717698,2.0,24.737282299672927,16.235786892588425,63.1,1,0,0,0,0,1,14.535280883434632,0.0,0.0,0.0,100.0,13.0,2.959972960546903,0.0,0.0,0.0,1.0,0.0,27.0
52.0,5.0,4.0,10.7854784079901,106.698660394011,3.0,53.75818181817839,49.46190076307165,1846.3,0,0,0,0,0,0,26.915843909224144,97.01727779884092,0.0,2.982722201159075,0.0,8.0,1.08711827098724,0.0,0.0,1.0,0.0,0.0,14.5
92.0,5.0,5.0,10.7616007360089,106.690136269538,3.0,53.75818181817839,22.30565215020024,331.4,1,0,0,0,0,0,31.338914411207632,1.7079058539529273,94.18225709112856,0.0,4.103802051901026,28.0,1.9994866869246315,0.0,0.0,0.0,1.0,0.0,21.0
73.0,4.0,4.0,10.81090157714,106.70207115606,3.0,18.827244701348747,20.454141465138118,6695.5,0,0,0,0,0,0,17.16203807849431,33.400791576431935,3.3731610783361963,0.7803748786498395,57.342991561496525,14.0,3.882327758442409,0.0,0.0,0.0,0.0,1.0,11.9
66.0,2.0,6.0,10.7516360510882,106.701764704307,0.0,17.789285714285825,17.287883938053668,498563.61,0,0,0,0,0,0,13.55522012715968,95.4990898754123,0.0,0.1154456499542756,4.385462468871324,4.0,2.7101204110484503,0.0,0.0,0.0,0.0,1.0,6.6
97.0,6.0,8.0,10.7898371773342,106.693804484995,2.0,53.75818181817839,34.07029975082686,1485.6,0,0,0,0,0,0,29.34260834230355,78.474690360797,0.0,4.577948303715671,16.94870759289176,23.0,1.7327475316376189,0.0,0.0,0.0,0.0,1.0,28.0
75.0,4.0,7.0,10.7995869152094,106.650877522402,3.0,19.38917355371901,20.454141465138118,4537.5,0,1,1,1,0,1,19.567814035091047,92.52055096418732,0.0,0.0,7.478567493112948,9.0,6.0805176348000245,0.0,0.0,1.0,0.0,0.0,7.7
527.0,3.0,20.0,10.8059921264648,106.790031433105,0.0,19.053737403258268,23.42179327737413,,0,0,0,0,0,0,18.852521452227894,,,,,12.0,10.270398686624748,0.0,0.0,0.0,1.0,0.0,64.98
51.0,3.0,4.0,10.8359520773843,106.661071079675,2.0,11.098013468022373,16.924787565129154,641.9,1,0,0,0,0,0,10.107421869117639,52.77145972892975,0.0,47.223866645895,0.0,7.0,7.97217551537392,0.0,0.0,0.0,0.0,1.0,6.6
153.0,3.0,22.6,10.8433222706662,106.709313572448,0.0,15.48107692307722,14.40074884671146,,0,1,1,0,0,1,20.391985999466947,,,,,21.0,7.539457157202928,0.0,1.0,0.0,1.0,0.0,13.5
80.0,4.0,10.0,10.8670536650804,106.626225752869,0.0,8.826587030733174,9.23912502081522,,0,1,1,1,0,0,18.20183555273926,,,,,10.0,13.014701646351313,0.0,0.0,0.0,0.0,0.0,8.2
84.0,5.0,4.0,10.8356729231004,106.842701196486,0.0,19.053737403258268,21.65981557903033,,0,1,1,1,1,1,20.25050569105691,,,,,11.0,16.829409980998346,0.0,0.0,0.0,1.0,0.0,17.0
105.0,3.0,11.4,10.69898,106.6419,3.0,13.123347608580726,17.577819031868692,2857.1,0,1,1,0,0,1,17.67945501854178,37.63361450421757,4.150012250183752,0.0,0.0,6.0,10.7319346839922,0.0,0.0,0.0,1.0,0.0,10.5
50.0,2.0,6.0,10.8787804587565,106.775092979451,0.0,15.48107692307722,14.196219758981544,,0,1,0,1,0,1,20.25050569105691,,,,,8.0,13.99713236846973,0.0,0.0,0.0,1.0,0.0,3.65
32.0,4.0,5.566666666666667,10.7865915006146,106.604590583593,3.0,10.737500000006847,11.523850027712317,98.8,1,0,0,0,0,1,17.858559625558907,17.9251012145749,0.0,0.0,82.04453441295547,6.0,10.607513653668615,0.0,0.0,0.0,0.0,1.0,5.2
40.0,2.0,7.181818181818182,10.8057641813493,106.605103302744,0.0,10.737500000006847,10.067829993435623,1603.5,1,0,0,0,0,1,18.780773771776595,30.215777985656377,0.0,0.0,69.78609292173373,4.0,10.995510776238904,0.0,0.0,0.0,0.0,1.0,3.98
60.0,4.0,7.25,10.790138049973,106.692504128794,3.0,53.75818181817839,34.07029975082686,101.4,0,0,0,0,0,1,24.1142258297563,0.0,0.0,0.0,100.0,8.0,1.8311313586697608,0.0,0.0,0.0,1.0,0.0,23.0
174.0,6.0,10.0,10.8083101680578,106.687979480697,0.0,19.38917355371901,16.235786892588425,990.7,0,1,0,0,0,0,24.873898992866078,60.74089027960028,0.0,0.0,39.261128495003526,16.0,3.8680162335198065,0.0,0.0,0.0,0.0,1.0,34.0
54.0,2.0,6.666666666666666,10.7585585423307,106.612849394181,0.0,10.737500000006847,19.36213730687916,1059.0,0,1,1,1,1,1,13.472608342303552,16.46742209631728,0.0,0.0,83.53257790368272,4.0,9.833399590779866,0.0,0.0,0.0,1.0,0.0,4.19
88.0,4.0,14.0,10.7668274566362,106.677968092183,3.0,24.737282299672927,18.83383064658232,121.8,0,0,0,0,0,1,21.742372820427185,19.228243021346472,0.0,0.0,80.7799671592775,16.0,2.7249134847322245,0.0,0.0,0.0,1.0,0.0,21.0
182.0,1.0,3.0,10.7917743140429,106.716012908454,3.0,18.827244701348747,41.01013634331939,95.7,0,0,0,0,0,0,18.607354980746287,14.858934169278998,0.0,0.0,85.141065830721,6.0,2.393761432403978,0.0,0.0,1.0,0.0,0.0,14.99
48.0,5.0,5.0,10.8427374540739,106.642595430448,3.0,11.098013468022373,15.61262632367065,4018.4,1,0,0,0,0,0,10.107421869117639,82.11253235118456,0.0,0.0,17.887965359347003,11.0,9.792912576353588,0.0,0.0,0.0,0.0,1.0,8.5
75.0,5.0,14.4,10.8674794624733,106.626432994545,2.0,8.826587030733174,9.23912502081522,,1,0,1,0,0,1,18.20183555273926,,,,,13.0,13.037394976850065,0.0,0.0,0.0,0.0,1.0,7.78
80.0,4.0,9.0,10.6845526357741,106.749897387049,3.0,8.131668552257471,11.712567766934,,0,0,0,0,0,0,11.761918800261277,,,,,9.0,11.4812521332341,0.0,0.0,0.0,0.0,1.0,9.8
100.0,7.0,5.0,10.7954753317149,106.641070941003,3.0,19.38917355371901,15.61262632367065,545.3,0,0,0,0,0,1,21.19494463973162,86.02787456445994,0.0,0.0,13.97212543554007,9.0,6.905358599360175,0.0,1.0,0.0,1.0,0.0,22.9
64.0,4.0,8.909090909090908,10.7900743980527,106.621788890196,0.0,14.87073929990493,9.35870800879073,4226.1,1,0,0,0,0,1,20.25050569105691,71.98054944274863,0.0,0.0,28.020633681171763,9.0,8.803495517394728,1.0,0.0,0.0,1.0,0.0,9.8
52.0,3.0,4.0,10.8491731120123,106.650730138636,0.0,11.098013468022373,24.56391683041859,740.5,1,0,0,0,0,0,11.178588935354508,23.90546927751519,0.0,0.0,76.09858203916274,7.0,9.821816304380796,0.0,0.0,0.0,0.0,1.0,6.65
122.0,2.0,8.0,10.7909924313091,106.645429225911,3.0,19.38917355371901,20.454141465138118,1674.6,0,0,0,0,0,0,21.404741776747944,95.21199092320556,0.0,4.786814761734146,0.0,5.0,6.305366982201208,0.0,0.0,1.0,0.0,0.0,15.0
189.0,3.0,16.0,10.8106845968801,106.789022922617,0.0,19.053737403258268,20.177656837434043,,0,0,0,0,1,0,19.567814035091047,,,,,11.0,10.349113501719712,0.0,0.0,0.0,0.0,1.0,24.0
43.0,3.0,2.0,10.7920154647131,106.688933423002,2.0,53.75818181817839,34.07029975082686,50.3,1,0,0,0,0,1,26.16162258317498,0.0,0.0,0.0,99.96023856858848,6.0,2.2220587883411245,0.0,0.0,0.0,0.0,1.0,18.0
217.0,10.0,20.0,10.7649597654336,106.695232404231,0.0,53.75818181817839,22.30565215020024,68.6,0,0,0,0,0,0,25.885724961203408,2.740524781341108,0.0,0.0,97.28862973760933,60.0,1.3848707813468208,0.0,0.0,0.0,0.0,1.0,115.0
102.0,3.0,20.0,10.8069373694437,106.788151803466,0.0,19.053737403258268,23.42179327737413,,0,0,0,0,0,1,20.87381731865282,,,,,8.0,10.111694433787186,0.0,0.0,0.0,0.0,1.0,18.5
205.0,3.0,20.0,10.7423564274956,106.716838616201,0.0,17.789285714285825,14.672222873812292,69.8,0,1,1,1,0,0,20.25050569105691,9.656160458452725,0.0,0.0,90.40114613180516,10.0,4.117158692424452,0.0,0.0,0.0,0.0,1.0,34.0
91.0,4.0,7.0,10.8058092853145,106.604708639485,0.0,10.737500000006847,10.067829993435623,524.2,0,0,1,0,0,0,20.25050569105691,0.0,0.0,0.0,100.0,8.0,11.03813204299722,0.0,0.0,1.0,0.0,0.0,8.4
77.0,5.0,6.0,10.8499776103379,106.651755461044,0.0,11.098013468022373,16.924787565129154,143.3,1,0,0,0,0,0,11.178588935354508,18.709002093510115,0.0,0.0,81.27006280530354,9.0,9.83423020881809,0.0,0.0,0.0,0.0,1.0,9.5
68.0,2.0,7.0,10.8712828261615,106.631176806986,3.0,8.826587030733174,9.23912502081522,,1,1,1,0,1,0,17.369957436871715,,,,,4.0,13.06038966660836,0.0,0.0,0.0,0.0,1.0,4.3
74.0,2.0,3.0,10.7236524821534,106.735200248659,1.0,17.789285714285825,8.648767860862735,1190.7,1,1,1,0,0,0,8.354727166160457,85.58914923994287,0.0,0.0,14.407491391618375,8.0,6.9107755368696,0.0,0.0,0.0,1.0,0.0,5.29
280.0,8.0,27.5,10.7481881717709,106.71587604964,3.0,17.789285714285825,15.717993526044307,1405.6,0,0,0,0,0,1,18.207540931800263,87.20332953898692,0.0,0.0,12.79667046101309,10.0,3.4884322636268985,0.0,0.0,0.0,1.0,0.0,100.0
600.0,12.0,40.0,10.818434719052,106.692488140797,3.0,11.098013468022373,18.83383064658232,182.4,0,0,0,0,0,0,28.579744739094878,18.68969298245614,0.0,0.0,81.29385964912281,40.0,4.811370926598579,0.0,0.0,1.0,0.0,0.0,279.0
75.0,3.0,11.5,10.814708,106.779495,0.0,19.053737403258268,20.177656837434043,,0,0,0,0,0,1,19.567814035091047,,,,,8.0,9.583738059663323,0.0,0.0,0.0,1.0,0.0,10.6
90.0,1.0,5.7,10.7923198834654,106.617229359045,2.0,14.87073929990493,9.35870800879073,163.4,1,1,1,0,0,1,20.25050569105691,21.223990208078337,0.0,0.0,78.78212974296204,10.0,9.339283154821032,0.0,0.0,0.0,1.0,0.0,7.49
43.0,3.0,4.0,10.7454337700623,106.658970125439,2.0,9.364834955468142,16.924787565129154,222.6,0,0,1,0,0,0,20.25050569105691,0.0,99.9865229110512,0.0,0.0,7.0,5.72124330589299,0.0,0.0,0.0,0.0,1.0,4.5
40.0,5.0,3.9,10.7638726731618,106.693708197374,3.0,53.75818181817839,32.631365062301924,2353.2,0,1,1,0,0,1,25.885724961203408,99.87378888322286,0.1266360700322964,0.0,0.0,12.0,1.5717585962728131,0.0,0.0,0.0,1.0,0.0,16.5
54.0,2.0,4.75,10.8051528775428,106.681909651131,0.0,18.63592086332186,15.149860937399001,137.4,0,0,0,0,0,1,12.77062601913981,0.0,0.1164483260553129,0.0,99.86171761280931,6.0,3.860324417759055,0.0,0.0,0.0,0.0,1.0,9.8
42.0,4.0,7.6,10.7762633611413,106.700961854415,3.0,53.75818181817839,49.46190076307165,10444.7,0,0,0,0,0,1,39.729986027272446,72.0473541604833,25.84200599347037,2.1103526190316617,0.0,9.0,0.0329437629834982,0.0,0.0,0.0,1.0,0.0,15.5
49.0,2.0,3.0,10.7938257417787,106.705514716604,3.0,18.827244701348747,15.081788755498186,73.7,0,1,0,0,1,1,17.845103564658686,61.7910447761194,0.0,0.0,38.16824966078698,7.0,2.0399477158390233,0.0,0.0,0.0,0.0,1.0,6.4
53.0,3.0,4.0,10.7992021790946,106.718365805642,2.0,18.827244701348747,41.01013634331939,5640.4,1,0,0,0,0,0,19.911470140858842,99.06070491454508,0.0,0.0,0.9392950854549322,7.0,3.195777385273095,0.0,0.0,0.0,0.0,1.0,6.95
69.0,2.0,16.8,10.7809348594499,106.676347035284,0.0,54.46617152529408,14.561953480312356,253.0,0,0,0,0,0,1,14.535280883434632,13.98814229249012,0.0,0.0,85.99604743083003,6.0,2.7589643570788844,1.0,0.0,0.0,1.0,0.0,12.0
88.0,2.0,16.0,10.7529344769788,106.588275148391,3.0,10.737500000006847,13.482984203694478,151.1,1,1,1,1,1,0,20.25050569105691,31.244209133024487,0.0,0.0,68.72270019854402,4.0,12.588824225903636,0.0,0.0,0.0,1.0,0.0,7.55
128.0,5.0,7.0,10.7985761572329,106.630438530429,0.0,14.87073929990493,14.237298722437757,78.9,0,0,0,0,0,1,15.331358342303552,0.0,0.0,0.0,100.0,12.0,8.116330223978641,1.0,0.0,0.0,1.0,0.0,24.0
52.0,3.0,4.333333333333334,10.8456952700703,106.726145060652,2.0,15.48107692307722,14.40074884671146,,1,0,0,0,0,1,18.903841583700096,,,,,7.0,8.218364209948913,0.0,0.0,0.0,1.0,0.0,6.5
80.0,5.0,30.0,10.826106823489,106.816541045198,3.0,15.48107692307722,18.03421329876938,,0,1,1,0,0,0,18.760003080075247,,,,,13.0,13.785173626622232,0.0,0.0,0.0,1.0,0.0,15.9
85.0,5.0,13.0,10.8455916369224,106.717976140987,0.0,15.48107692307722,17.78611714762465,,0,0,0,0,0,0,23.367189811728526,,,,,11.0,7.954736372824065,0.0,0.0,0.0,0.0,0.0,17.5
59.0,1.0,2.0,10.7956285428752,106.738189158142,0.0,38.647438220481845,23.346267146280812,,1,1,1,1,0,0,20.25050569105691,,,,,3.0,4.601791927484284,0.0,0.0,0.0,0.0,1.0,6.2
110.0,3.0,9.7,10.853908125696,106.762552325184,3.0,15.48107692307722,17.056969241416212,,0,1,1,0,0,1,19.567814035091047,,,,,6.0,10.958825562567242,0.0,0.0,0.0,1.0,0.0,9.8
354.0,7.0,23.6,10.7954396662009,106.690389157732,3.0,53.75818181817839,34.07029975082686,2751.2,0,0,0,0,0,1,22.762102461573292,66.36994765920326,11.92715905786566,0.0,21.702529805175928,30.0,2.4578988636641363,0.0,0.0,0.0,1.0,0.0,75.0
80.0,2.0,6.0,10.825781922376,106.689800793755,0.0,11.098013468022373,15.149860937399001,83.8,0,1,0,0,0,1,14.324407498016885,47.62529832935561,0.0,0.0,52.39856801909307,9.0,5.671408179105475,0.0,1.0,0.0,1.0,0.0,16.2
52.0,4.0,5.0,10.7929447226808,106.647504255328,0.0,19.38917355371901,14.561953480312356,251.6,0,1,1,0,0,0,20.25050569105691,16.915739268680447,0.0,0.0,83.08028616852147,12.0,6.1500497243325185,0.0,0.0,0.0,1.0,0.0,9.29
68.0,2.0,4.0,10.838902585753,106.648879142395,3.0,11.098013468022373,23.820911987062647,2080.4,0,1,1,0,0,0,10.107421869117639,97.5336473755047,0.0,0.0,2.464910594116516,6.0,9.025214823080786,0.0,0.0,0.0,1.0,0.0,6.89
69.0,5.0,4.9,10.7940555531389,106.674867448105,3.0,18.63592086332186,16.924787565129154,182.9,1,0,0,0,0,1,19.890851850482022,0.0,0.0,0.0,100.0,10.0,3.4987618974425345,0.0,0.0,1.0,0.0,0.0,16.9
48.0,5.0,6.0,10.8349589883977,106.664947601286,2.0,11.098013468022373,14.561953480312356,575.8,1,1,1,0,0,0,18.21396773749808,0.0,0.0,0.0,100.0,14.0,7.653265918584936,1.0,0.0,0.0,1.0,0.0,9.3
95.0,4.0,12.2,10.7549818130859,106.619749462724,3.0,10.737500000006847,18.09235831062452,733.6,1,1,1,0,0,1,20.25050569105691,0.0,0.0,0.0,100.0,9.0,9.188747105789464,0.0,0.0,1.0,0.0,0.0,12.9
74.0,2.0,5.0,10.7883239028849,106.658607235801,2.0,19.38917355371901,15.288713651298618,423.3,1,1,1,1,0,0,20.25050569105691,91.13394755492556,0.0,0.0,8.861327663595558,7.0,4.83962597410839,0.0,0.0,0.0,0.0,0.0,11.5
91.0,4.0,9.85,10.7877162675983,106.686197693699,2.0,54.46617152529408,106.67729565230768,6272.2,1,0,1,1,0,1,75.75321427483613,82.48254201077772,0.0,3.688976754567775,13.828800102037563,12.0,2.0849506840087715,0.0,0.0,0.0,0.0,1.0,22.5
51.0,4.0,12.0,10.856697041123,106.699483535348,3.0,8.826587030733174,13.645852307543556,1888.8,0,1,1,0,1,0,20.25050569105691,48.95277424819992,13.905654383735708,0.0,37.14210080474375,10.0,8.974838238439089,0.0,0.0,0.0,1.0,0.0,5.5
57.0,3.0,5.966666666666667,10.8075467088778,106.798167926131,2.0,19.053737403258268,23.42179327737413,,1,0,0,0,0,1,19.587917242844295,,,,,10.0,11.167782761470894,1.0,0.0,0.0,1.0,0.0,5.9
246.0,4.0,10.6,10.8183793371253,106.599967046512,0.0,10.737500000006847,13.71334205498395,2523.1,1,1,1,0,0,1,20.25050569105691,29.318298917997705,68.47964805199952,0.0,2.2020530300027747,51.0,12.009540051553552,0.0,0.0,0.0,0.0,1.0,15.0
526.0,3.0,6.0,10.7974539294882,106.672981717945,0.0,18.63592086332186,23.820911987062647,457.4,0,0,0,0,0,0,43.77795732213526,13.710100568430258,0.0,0.0,86.27896808045475,13.0,3.888986833294306,0.0,0.0,0.0,1.0,0.0,70.0
75.0,3.0,8.3,10.758757203781,106.680780900764,2.0,29.82381843840417,15.13100312673361,157.2,1,0,0,0,0,1,20.838172755970227,0.0,0.0,0.0,100.0,11.0,2.9330384253803947,0.0,1.0,0.0,1.0,0.0,17.5
40.0,5.0,6.0,10.8108406639983,106.70186243186,0.0,18.827244701348747,20.454141465138118,1412.5,1,0,0,0,0,0,17.16203807849431,17.998584070796458,0.0,0.0,80.61309734513274,8.0,3.875000064040406,0.0,0.0,0.0,0.0,1.0,8.7
60.0,4.0,3.0,10.6928643612064,106.740767914455,3.0,8.131668552257471,7.431275025157785,1136.2,1,0,0,0,0,0,8.354727166160457,89.45696180249956,0.0,0.0,10.54215807076219,6.0,10.209661594479789,0.0,0.0,0.0,0.0,0.0,4.95
66.0,3.0,12.0,10.7643288218748,106.705540712609,3.0,12.968707708226514,20.454141465138118,2609.7,0,0,0,0,0,1,19.111424974759938,96.65517109246274,0.0,0.0,3.3432961643100745,4.0,1.3854713886908527,0.0,0.0,1.0,0.0,0.0,13.7
30.0,3.0,24.0,10.7639691905444,106.632779594258,0.0,14.87073929990493,18.35882491952716,1273.7,0,0,0,0,0,0,29.940845325225013,38.11494072387532,0.0,61.88505927612468,0.0,4.0,7.582015688714611,0.0,0.0,0.0,0.0,1.0,5.95
105.0,4.0,10.0,10.7629738230656,106.686863270693,0.0,53.75818181817839,59.25648860397285,2619.3,1,1,1,1,1,1,72.86150756189254,99.6766311609972,0.3214599320429122,0.0,0.0,8.0,2.1252164219706406,0.0,0.0,0.0,1.0,0.0,43.0
21.0,4.0,6.7,10.7443843652858,106.668565812691,0.0,9.364834955468142,14.561953480312356,17829.7,0,0,0,0,0,1,20.25050569105691,11.773950206677624,13.479980033315195,74.74623801858696,0.0,6.0,4.998984392920083,0.0,0.0,0.0,1.0,0.0,2.48
110.0,2.0,6.0,10.8801976664549,106.650931431211,2.0,8.826587030733174,13.805666803246416,1548.4,1,0,0,0,0,0,18.206777355077413,71.44988375096874,0.0,0.0,28.549470421079825,8.0,12.81649290197273,0.0,0.0,1.0,0.0,0.0,5.55
122.0,2.0,20.0,10.8674305854356,106.628351436794,3.0,8.826587030733174,9.23912502081522,,0,0,0,0,0,0,17.671025386590237,,,,,6.0,12.903087866750672,0.0,0.0,1.0,0.0,0.0,9.5
50.0,3.0,6.0,10.7455018305876,106.730782428933,3.0,17.789285714285825,17.42635834230355,1428.8,1,0,0,0,0,0,20.25050569105691,0.0,0.0,0.0,99.99720044792834,9.0,4.691940523315529,0.0,0.0,0.0,1.0,0.0,9.45
149.0,3.0,7.8,10.7602873947292,106.67013477122,0.0,29.82381843840417,24.56391683041859,2906.0,0,0,0,0,0,1,20.25050569105691,1.666207845836201,98.32174810736409,0.0,0.0,16.0,3.807124273627843,0.0,0.0,0.0,1.0,0.0,32.5
68.0,4.0,8.0,10.8759957646498,106.654827162082,2.0,8.826587030733174,13.805666803246416,388.5,0,1,1,0,0,0,24.269797544088476,61.14028314028314,0.0,0.0,38.857142857142854,10.0,12.213632415725083,0.0,0.0,0.0,0.0,1.0,7.78
52.0,3.0,5.0,10.8676817318612,106.635014752056,0.0,8.826587030733174,9.23912502081522,,1,0,1,1,0,0,20.25050569105691,,,,,7.0,12.490929204312888,0.0,0.0,0.0,0.0,1.0,5.3
113.0,2.0,15.0,10.8080210724872,106.678413282517,3.0,18.63592086332186,18.093318479606467,953.6,0,0,0,0,0,0,17.39220212010448,80.15834731543625,0.0,0.0,19.84689597315436,9.0,4.338014739485524,0.0,0.0,0.0,1.0,0.0,16.0
50.0,1.0,12.0,10.7883860030399,106.704141756419,2.0,53.75818181817839,49.46190076307165,4243.5,1,0,0,0,0,0,20.088667961923438,4.757864969954047,95.2423706845764,0.0,0.0,5.0,1.4167715036343371,1.0,0.0,1.0,0.0,0.0,18.7
54.0,3.0,7.15,10.8444059211117,106.733193696348,3.0,15.48107692307722,14.40074884671146,,1,0,0,0,0,1,20.25050569105691,,,,,7.0,8.375231406642856,0.0,0.0,1.0,0.0,0.0,7.9
12.0,2.0,4.0,10.780538727806,106.649848851659,0.0,19.38917355371901,14.561953480312356,967.0,1,1,1,1,0,1,9.90181956943871,93.66907962771458,0.4353671147880041,0.3691830403309203,5.522233712512927,4.0,5.621031975396144,0.0,0.0,0.0,1.0,0.0,2.4
70.0,2.0,30.0,10.7846566414128,106.770712468851,0.0,38.647438220481845,23.328827418358713,,1,0,1,1,0,1,19.567814035091047,,,,,5.0,7.664627865042925,0.0,0.0,0.0,1.0,0.0,7.4
30.0,2.0,6.0,10.8559318865713,106.750000946127,0.0,15.48107692307722,18.370149256274082,,0,0,0,0,0,1,18.328763957132956,,,,,4.0,10.369307168173894,0.0,1.0,0.0,1.0,0.0,2.65
58.0,4.0,5.0,10.8135595374425,106.68978590508,0.0,18.827244701348747,16.924787565129154,916.7,0,0,0,0,0,0,17.40171754184511,96.53867132104288,0.0,0.0,3.462419548380059,8.0,4.355431996311748,0.0,0.0,0.0,0.0,1.0,9.9
59.0,2.0,4.0,10.8360683405809,106.661403462669,3.0,11.098013468022373,16.924787565129154,72.1,1,1,0,0,0,0,10.107421869117639,22.399445214979195,0.0,77.55894590846047,0.0,8.0,7.963163720118811,0.0,0.0,1.0,0.0,0.0,6.7
41.0,2.0,16.0,10.8131952150563,106.625734024515,3.0,14.87073929990493,13.051852005459661,1123.2,0,0,0,0,0,0,20.25050569105691,72.21509971509971,0.0,0.0,27.78400997150997,5.0,9.212602215980787,0.0,0.0,1.0,0.0,0.0,8.0
60.0,3.0,10.0,10.8117881993535,106.709355061325,3.0,18.827244701348747,20.47473566303819,2613.6,1,1,1,1,1,0,18.78482813097723,30.41169268441996,0.0,65.2345423936333,4.355677992041629,12.0,4.080340511956368,0.0,0.0,0.0,1.0,0.0,10.5
68.0,4.0,8.0,10.7923086005819,106.671521190295,3.0,18.63592086332186,16.235786892588425,1661.2,1,0,0,0,0,0,13.842079023496492,80.9198169997592,0.0,0.0,19.080784974717073,9.0,3.7050542571438143,0.0,0.0,0.0,1.0,0.0,13.2
67.0,3.0,5.0,10.8327387531846,106.672531142458,3.0,11.098013468022373,14.561953480312356,103.0,0,0,0,0,0,1,14.324407498016885,34.94174757281554,0.0,0.0,65.0873786407767,8.0,7.038546847459454,0.0,0.0,0.0,0.0,1.0,10.0
55.0,4.0,7.0,10.8632853384209,106.639431562803,2.0,8.826587030733174,14.549898133423875,7072.6,1,0,0,1,1,1,18.002367373254614,58.79931001329073,0.0,0.0,41.200831377428386,9.0,11.81375604002921,0.0,0.0,0.0,0.0,1.0,7.15
71.0,4.0,6.0,10.7821870642945,106.608823216599,0.0,10.737500000006847,11.523850027712317,30.2,0,1,1,0,0,0,17.858559625558907,85.29801324503312,0.0,0.0,14.668874172185433,8.0,10.103116442887426,0.0,0.0,0.0,0.0,1.0,8.9
215.0,3.0,15.1,10.7707588683748,106.776179421785,0.0,38.647438220481845,16.791900388268562,,0,0,0,0,1,1,21.788667863727383,,,,,32.0,8.22198314523378,0.0,0.0,0.0,1.0,0.0,28.0
72.0,3.0,6.166666666666666,10.7983640782517,106.667471221333,0.0,19.38917355371901,18.83383064658232,1533.0,1,1,0,1,1,1,19.806236435736306,93.62230919765166,0.817351598173516,0.0,5.561643835616438,9.0,4.435872263144562,0.0,1.0,0.0,1.0,0.0,12.5
180.0,2.0,6.0,10.7948766439305,106.65710521141,3.0,19.38917355371901,18.093318479606467,145.6,1,1,0,1,1,0,20.25050569105691,8.070054945054945,0.1167582417582417,0.0,91.79258241758242,6.0,5.24398126687228,0.0,0.0,0.0,1.0,0.0,16.8
60.0,4.0,8.125,10.8806308161916,106.650872550185,0.0,8.826587030733174,13.805666803246416,1548.4,1,1,1,0,0,1,18.206777355077413,71.44988375096874,0.0,0.0,28.549470421079825,9.0,12.862789715655913,0.0,0.0,0.0,0.0,1.0,6.78
47.0,2.0,5.0,10.8653405594588,106.686347558233,3.0,8.826587030733174,8.427513172672999,9988.0,1,1,0,0,1,0,17.039664453189104,66.42000400480576,28.586804164997996,0.0,4.99299158990789,4.0,10.064031361007205,0.0,0.0,0.0,0.0,1.0,4.58
47.0,3.0,10.0,10.7442937188192,106.733250024954,3.0,17.789285714285825,14.672222873812292,1131.6,0,0,0,0,0,0,17.400949483778184,35.18911276069282,0.0,0.0,64.8073524213503,9.0,4.976372611620584,0.0,0.0,0.0,0.0,1.0,10.99
61.0,3.0,6.0,10.803086601433,106.684266106152,3.0,18.63592086332186,15.13100312673361,61.1,1,0,0,0,0,1,21.719959264527965,14.53355155482815,0.0,0.0,85.41734860883795,8.0,3.528810922139359,0.0,0.0,0.0,1.0,0.0,11.0
48.0,4.0,6.0,10.7831693493439,106.765743072615,0.0,38.647438220481845,23.346267146280812,,0,0,0,1,0,0,17.02299287958239,,,,,7.0,7.106000998769739,0.0,0.0,0.0,1.0,0.0,6.7
40.0,4.0,5.0,10.7688695324866,106.68750810278,3.0,53.75818181817839,50.13266841725762,1634.7,0,1,1,1,1,0,20.25050569105691,98.9649476968251,1.03321710405579,0.0,0.0,9.0,1.6831598527753586,0.0,0.0,0.0,1.0,0.0,11.0
46.0,3.0,4.0,10.7920375371992,106.715997153951,0.0,18.827244701348747,41.01013634331939,63.7,1,1,0,0,0,0,18.607354980746287,29.215070643642072,0.0,0.0,70.78492935635794,8.0,2.414129646952619,0.0,0.0,0.0,0.0,1.0,7.55
61.0,2.0,12.46,10.8079739499987,106.702956532544,2.0,18.827244701348747,20.454141465138118,182.2,1,1,0,1,0,1,15.076317258595626,6.201975850713502,0.0,0.0,93.80351262349068,8.0,3.5611194725365825,1.0,0.0,0.0,1.0,0.0,9.8
54.0,4.0,6.0,10.737795366069,106.722671095696,2.0,17.789285714285825,14.672222873812292,372.3,1,0,1,0,0,0,22.174529617989272,32.350255170561375,66.34703196347031,1.2892828364222402,0.0,7.0,4.857954644858977,0.0,0.0,0.0,1.0,0.0,11.95
90.0,2.0,6.0,10.8245468667452,106.718992493744,3.0,15.48107692307722,14.40074884671146,,1,1,0,0,1,1,17.667251633927393,,,,,10.0,5.741038638933771,0.0,0.0,0.0,1.0,0.0,13.0
262.0,2.0,5.0,10.7611663646824,106.690205671499,0.0,53.75818181817839,59.25648860397285,254.0,0,0,0,0,0,0,31.338914411207632,24.165354330708663,0.0,0.0,75.83464566929135,10.0,2.0339244123108315,0.0,0.0,0.0,0.0,1.0,59.0
111.0,4.0,13.5,10.7598751295916,106.67908108076,0.0,29.82381843840417,18.093318479606467,990.2,1,0,0,0,0,1,16.67274773320998,0.0,0.0,0.0,100.0,13.0,3.0000396352631866,0.0,0.0,0.0,1.0,0.0,25.0
52.0,5.0,7.0,10.7825822310955,106.608989930644,0.0,10.737500000006847,11.523850027712317,452.0,0,1,1,0,0,0,17.858559625558907,27.488938053097343,56.82079646017699,15.393805309734512,0.3030973451327434,9.0,10.088034298458302,0.0,0.0,0.0,0.0,0.0,8.0
62.0,3.0,6.0,10.7934519901362,106.641333564452,3.0,19.38917355371901,15.61262632367065,1464.9,0,0,0,0,0,0,22.259407193155763,91.049218376681,5.186019523516963,0.0,3.766810021161854,6.0,6.810658762487356,0.0,0.0,0.0,0.0,1.0,9.5
40.0,2.0,7.0,10.747831222767,106.715620434692,0.0,17.789285714285825,14.8877491993957,19893.5,0,0,0,0,0,1,18.207540931800263,12.491567597456458,87.50858320556965,0.0,0.0,5.0,3.5109636810815275,0.0,0.0,0.0,1.0,0.0,4.5
44.0,2.0,10.0,10.8294979663295,106.670844215129,3.0,11.098013468022373,14.561953480312356,1022.2,0,1,1,0,0,1,10.107421869117639,6.74721189591078,0.0,0.0,93.2537663862258,6.0,6.8049904570377535,0.0,0.0,0.0,0.0,1.0,6.48
122.0,5.0,17.6,10.765699052921,106.663871427175,0.0,24.737282299672927,15.61262632367065,53.0,0,0,0,0,0,1,32.67330086593139,0.0,0.0,0.0,99.86792452830188,15.0,4.224926796609003,0.0,0.0,0.0,1.0,0.0,28.8
85.0,5.0,6.0,10.8109847884414,106.713227170704,0.0,18.827244701348747,20.47473566303819,1630.4,1,0,1,0,0,0,20.263535304628697,0.0,0.0,0.0,99.9981599607458,17.0,4.109470257965292,0.0,0.0,0.0,0.0,1.0,10.49
92.0,4.0,10.15,10.8359286719766,106.661283318946,0.0,11.098013468022373,16.924787565129154,166.5,0,0,0,1,0,1,10.107421869117639,70.38438438438438,0.0,29.585585585585584,0.0,10.0,7.957306468746599,0.0,0.0,0.0,0.0,1.0,8.5
47.0,1.0,3.0,10.792079783346,106.691889422074,3.0,53.75818181817839,34.07029975082686,1256.6,1,0,0,0,0,0,25.9063569677296,94.22011777813148,0.0,0.0,5.775903230940633,4.0,2.051611707442048,0.0,0.0,0.0,1.0,0.0,6.5
46.0,2.0,3.9,10.7846779636886,106.627118013013,2.0,14.87073929990493,12.804496961724974,878.3,1,0,0,0,0,1,20.25050569105691,59.44893544347034,0.0,0.0,40.54764886712968,5.0,8.138643611605644,0.0,0.0,0.0,1.0,0.0,4.6
80.0,2.0,6.0,10.7447846731698,106.715874823047,0.0,17.789285714285825,17.287883938053668,2210.0,0,0,0,0,0,0,18.207540931800263,97.33257918552036,0.0,0.0,2.6665158371040723,5.0,3.8278887638616905,0.0,0.0,0.0,0.0,1.0,8.6
58.0,4.0,5.066666666666666,10.8114257905907,106.685035001299,3.0,54.46617152529408,18.093318479606467,880.1,1,0,0,0,0,1,20.46129821819246,59.13646176570845,0.0,0.0,40.868083172366774,10.0,4.312327127810788,0.0,0.0,0.0,1.0,0.0,19.5
180.0,3.0,11.4,10.7272704541692,106.715446165814,0.0,17.789285714285825,34.311080856230646,921306.6,0,0,0,0,0,1,19.567814035091047,18.16232837146722,22.868941783332502,0.0,58.968724418125305,10.0,5.640574027812493,0.0,0.0,0.0,1.0,0.0,52.5
64.0,5.0,4.0,10.7848302619966,106.668779569873,3.0,54.46617152529408,16.924787565129154,1489.7,1,1,0,0,0,0,14.535280883434632,5.683694703631604,0.1590924347183996,0.0,94.15519903336242,15.0,3.6644371334466888,0.0,0.0,0.0,0.0,1.0,13.5
29.0,2.0,3.5,10.8442723300725,106.668197884521,0.0,11.098013468022373,9.674953215540254,4862.7,1,0,0,0,0,1,19.385376428405934,85.2647706006951,14.219877845641312,0.0,0.5151459065951015,4.0,8.39914054940159,0.0,0.0,0.0,1.0,0.0,4.3
35.0,4.0,3.0,10.7760928390664,106.662887344923,1.0,24.737282299672927,15.61262632367065,23690.0,0,0,0,1,0,0,16.95010834230355,43.63520472773321,0.5983115238497256,55.76821443647109,0.0,9.0,4.174136222594558,0.0,0.0,1.0,0.0,0.0,6.99
160.0,5.0,16.0,10.8154756617058,106.59113681764,3.0,10.737500000006847,13.71334205498395,,1,1,0,0,1,0,20.25050569105691,,,,,15.0,12.78789607809515,0.0,0.0,0.0,1.0,0.0,13.5
35.0,2.0,4.0,10.8408624772007,106.642114565989,0.0,11.098013468022373,20.454141465138118,748.5,1,1,1,0,0,0,20.25050569105691,3.657982631930527,0.0,0.0,96.34602538410152,6.0,9.67080741387112,0.0,0.0,0.0,0.0,1.0,5.56
32.0,2.0,4.090909090909092,10.7924030856062,106.62246185726,2.0,14.87073929990493,9.35870800879073,3673.1,1,1,0,0,0,1,20.25050569105691,94.50545860444856,0.0,0.0,5.494813645149873,4.0,8.781243154251554,0.0,0.0,1.0,0.0,0.0,5.6
17.0,3.0,13.0,10.7514665612156,106.722497862814,0.0,17.789285714285825,15.717993526044307,,0,0,0,0,0,0,19.567814035091047,,,,,4.0,3.5924533894456214,0.0,0.0,0.0,1.0,0.0,5.0
18.0,4.0,2.0,10.784579730731,106.668293625306,0.0,54.46617152529408,16.924787565129154,1109.0,0,0,0,0,0,0,14.535280883434632,12.05590622182146,0.0,0.0,87.93146979260594,5.0,3.70834139402513,0.0,0.0,0.0,0.0,1.0,4.86
90.0,4.0,7.0,10.7956914114371,106.621794869258,3.0,14.87073929990493,9.35870800879073,213.2,0,0,0,0,1,0,15.331358342303552,1.7448405253283303,98.25046904315198,0.0,0.0,10.0,8.934980054285209,0.0,0.0,0.0,1.0,0.0,11.5
67.0,4.0,4.0,10.7898396476404,106.689812501366,3.0,53.75818181817839,34.07029975082686,3273.4,0,1,1,1,1,0,33.00107166459517,30.517199242377956,69.48432822142115,0.0,0.0,9.0,1.9718969108136009,0.0,0.0,0.0,0.0,1.0,19.8
112.0,6.0,10.0,10.8486887597434,106.666839095103,1.0,11.098013468022373,9.674953215540254,625.7,0,0,0,0,0,0,15.50660834230355,87.60588141281764,0.0,0.0,12.395716797187148,11.0,8.906816046276148,0.0,1.0,0.0,1.0,0.0,14.8
18.0,3.0,3.0,10.8058146568568,106.682091868737,1.0,18.63592086332186,15.149860937399001,3369.7,1,1,1,0,0,0,12.77062601913981,5.965812980384011,94.03299997032376,0.0,0.0,5.0,3.911719483353611,0.0,0.0,0.0,0.0,1.0,4.85
117.0,2.0,4.0,10.8069923085861,106.695134954481,0.0,18.827244701348747,15.288713651298618,1088.6,0,0,0,1,0,0,13.941385937429175,88.45857064119052,0.0,0.0,11.542347969869558,6.0,3.507239516274274,0.0,0.0,1.0,0.0,0.0,9.5
53.0,3.0,6.0,10.8455729658423,106.718327285866,2.0,15.48107692307722,17.78611714762465,,1,0,0,0,0,1,15.155664323925304,,,,,7.0,7.961693327171492,0.0,0.0,0.0,0.0,1.0,7.5
325.0,3.0,13.7,10.7881571875126,106.677291311813,3.0,54.46617152529408,15.61262632367065,2179.2,0,1,1,1,1,1,24.641850909075103,72.75422173274598,0.0,0.0,27.247613803230543,9.0,2.93102071247884,0.0,0.0,0.0,0.0,1.0,175.0
72.0,4.0,14.0,10.8383688295943,106.636509355943,3.0,11.098013468022373,15.61262632367065,974.2,1,1,1,0,0,1,10.818659325601992,32.08786696776843,0.0,0.0,67.91110654896325,9.0,9.892689963676167,0.0,0.0,0.0,1.0,0.0,9.6
80.0,4.0,8.0,10.8500649556783,106.695369109591,0.0,8.826587030733174,13.645852307543556,13438.3,0,0,1,0,0,0,17.412339551755686,8.11769345824993,0.0,0.0,91.881934470878,11.0,8.259399294812424,0.0,0.0,0.0,0.0,1.0,8.4
54.0,2.0,7.0,10.8529797935105,106.720002502019,0.0,15.48107692307722,17.78611714762465,,0,1,1,1,1,1,15.155664323925304,,,,,5.0,8.80521602764358,1.0,0.0,0.0,1.0,0.0,4.5
100.0,4.0,20.0,10.8813300158916,106.637659696471,3.0,8.826587030733174,11.964993989558423,33762.1,0,0,1,0,0,0,20.25050569105691,0.2522651138406674,18.8968103287414,80.85089493840727,0.0,9.0,13.60810928879709,0.0,0.0,0.0,1.0,0.0,12.8
40.0,2.0,3.0,10.86406668512,106.625561610153,0.0,8.826587030733174,9.23912502081522,786.9,0,0,0,0,0,0,19.567814035091047,0.0,100.0,0.0,0.0,4.0,12.804666084945676,0.0,0.0,0.0,0.0,1.0,3.6
69.0,2.0,5.433333333333333,10.7596023831874,106.599067994081,3.0,10.737500000006847,13.482984203694478,5983.2,1,1,1,1,0,1,18.189881456227656,26.958483754512635,0.0,0.0,73.04118197620004,5.0,11.293830932411524,0.0,0.0,1.0,0.0,0.0,4.95
46.0,1.0,4.0,10.8196797989061,106.702665228633,3.0,18.827244701348747,16.235786892588425,1282.0,1,0,0,0,0,1,13.941385937429175,51.07098283931357,0.0,0.0,48.93135725429017,5.0,4.859980041154369,0.0,0.0,0.0,1.0,0.0,6.5
97.0,5.0,12.0,10.7939178869281,106.669192991347,3.0,18.63592086332186,14.561953480312356,5001.8,0,0,0,0,0,0,19.193619091459624,16.271342316765963,83.72845775520813,0.0,0.0,9.0,4.014522480486299,0.0,0.0,0.0,1.0,0.0,29.4
41.0,5.0,4.0,10.7541655853033,106.671149050323,3.0,29.82381843840417,15.288713651298618,97.0,1,0,0,0,0,0,17.376381907262566,25.752577319587623,0.0,0.0,74.20618556701032,7.0,4.074204944375012,0.0,0.0,0.0,1.0,0.0,8.3
40.0,5.0,8.0,10.8289883660567,106.689193914141,2.0,11.098013468022373,15.149860937399001,35587.4,1,0,0,0,0,0,20.25050569105691,9.209664094595276,0.0,90.73871651202391,0.0516193933808033,9.0,6.033841106720011,0.0,0.0,1.0,0.0,0.0,7.5
34.0,2.0,6.0,10.7870872094234,106.760315790275,0.0,38.647438220481845,23.346267146280812,,0,1,0,0,0,0,20.25050569105691,,,,,5.0,6.584703831636432,0.0,0.0,1.0,0.0,0.0,3.5
104.0,4.0,6.0,10.7900101190743,106.693869559756,0.0,53.75818181817839,34.07029975082686,7080.8,0,0,0,0,1,0,29.34260834230355,5.801039430572817,0.0,93.8679245283019,0.3316009490453056,11.0,1.7466199130169302,0.0,0.0,0.0,1.0,0.0,23.5
131.0,2.0,4.0,10.7711736153572,106.690827932122,0.0,53.75818181817839,80.81249751703449,3041.8,1,0,0,0,0,0,24.269797544088476,95.93628772437371,0.3698468012361101,3.6935367216779538,0.0,6.0,1.2438057051898477,0.0,0.0,0.0,0.0,1.0,29.79
343.0,5.0,10.0,10.8207651487368,106.635677747207,3.0,19.38917355371901,15.923197269929185,410.1,0,0,0,0,0,0,18.891140957318,6.764203852718849,0.0,0.0,93.23579614728116,10.0,8.708595489902978,0.0,0.0,0.0,0.0,1.0,46.0
40.0,3.0,4.0,10.7308809155901,106.732348604755,0.0,17.789285714285825,8.648767860862735,541.9,0,0,0,0,0,1,8.354727166160457,99.99630928215538,0.0,0.0,0.0,7.0,6.068241177284572,0.0,0.0,0.0,0.0,1.0,6.8
90.0,4.0,12.0,10.8450845002249,106.59230154007672,0.0,9.79203162611253,18.35812424801159,108.8,0,1,0,0,0,0,17.676519361145083,12.555147058823527,0.0,0.0,87.40808823529412,10.0,14.1498974779412,0.0,0.0,0.0,1.0,0.0,5.2
67.0,2.0,6.0,10.7035504276237,106.703927732253,2.0,8.131668552257471,13.173106254134565,1378.7,1,1,1,1,0,0,8.502652923904137,29.897004424457823,9.67360557046493,0.0,60.43084064698628,4.0,8.061945772791313,0.0,0.0,0.0,1.0,0.0,5.5
72.0,4.0,5.0,10.7317845749598,106.744830010203,0.0,17.789285714285825,8.648767860862735,9782.4,0,0,0,0,0,0,8.354727166160457,12.071270853778216,31.6465284592738,56.282200686947995,0.0,7.0,6.855181347235022,0.0,0.0,0.0,0.0,1.0,8.8
45.0,2.0,5.0,10.7837670015611,106.657798728714,3.0,19.38917355371901,20.339947871608835,827.3,1,1,0,0,1,0,20.25050569105691,16.388250936782306,0.0,0.0,83.6141665659374,8.0,4.8081154046231775,0.0,0.0,0.0,0.0,1.0,7.0
76.0,5.0,30.0,10.7342289223716,106.626645107907,0.0,12.006306645336863,14.561953480312356,22989.2,0,0,0,0,0,0,20.586367962736855,87.11642858385676,0.9903345918953248,0.0,11.893410818993264,13.0,9.366353356933985,0.0,0.0,0.0,1.0,0.0,14.5
40.0,3.0,6.0,10.8132636081283,106.709268673547,3.0,18.827244701348747,20.47473566303819,165.3,1,1,1,0,1,0,15.155664323925304,87.59225650332726,0.0,0.0,12.437991530550512,5.0,4.2385007671877455,0.0,0.0,0.0,1.0,0.0,7.5
85.0,4.0,4.0,10.8623121425639,106.723200831451,2.0,15.48107692307722,14.40074884671146,,1,1,0,0,0,0,20.25050569105691,,,,,7.0,9.896362348548411,0.0,0.0,0.0,1.0,0.0,10.6
43.0,4.0,3.9,10.7615916238493,106.67850579806,3.0,29.82381843840417,18.093318479606467,210.5,0,0,0,1,0,1,17.376381907262566,1.5534441805225654,0.0,0.0,98.44655581947744,15.0,2.9425232313249676,0.0,0.0,0.0,0.0,1.0,9.29
75.0,3.0,15.0,10.8075301376432,106.787360137825,3.0,15.48107692307722,20.177656837434043,,0,0,0,0,0,0,20.87381731865282,,,,,8.0,10.0532109196725,0.0,0.0,0.0,1.0,0.0,11.5
62.0,4.0,14.0,10.8784005740153,106.651924989368,2.0,8.826587030733174,13.805666803246416,1242.5,1,1,0,0,0,0,20.25050569105691,84.16177062374246,0.0,0.0,15.8374245472837,10.0,12.589470156800871,0.0,0.0,0.0,0.0,1.0,6.89
52.0,2.0,7.0,10.7843752584089,106.75951999019,2.0,38.647438220481845,23.346267146280812,,1,0,0,0,0,0,20.25050569105691,,,,,7.0,6.448962090238998,1.0,0.0,0.0,1.0,0.0,7.5
47.0,4.0,3.2,10.8385586912366,106.65993591627,3.0,11.098013468022373,16.924787565129154,76.6,0,0,0,0,0,1,17.21642624996233,21.462140992167107,0.0,0.0,78.59007832898173,7.0,8.282712926380375,0.0,0.0,0.0,0.0,1.0,8.8
50.0,4.0,7.666666666666667,10.7925487607659,106.622486368203,3.0,14.87073929990493,9.35870800879073,3673.1,0,0,0,0,0,1,20.25050569105691,94.50545860444856,0.0,0.0,5.494813645149873,9.0,8.782002004420127,0.0,0.0,0.0,0.0,1.0,10.9
68.0,6.0,4.0,10.7935899318363,106.679054544265,0.0,18.63592086332186,15.923197269929185,1660.1,0,0,0,0,0,0,43.77795732213526,79.13258237455577,0.0,0.0,20.86741762544425,24.0,3.1023003414268797,0.0,0.0,0.0,0.0,1.0,13.5
81.0,4.0,8.0,10.6916966403593,106.736623378915,0.0,8.131668552257471,7.431275025157785,2106.8,0,0,0,0,0,0,11.761918800261277,0.0,99.99952534649704,0.0,0.0,9.0,10.145702929392964,0.0,0.0,0.0,0.0,1.0,7.85
54.0,5.0,5.0,10.8444096152453,106.647013004136,2.0,11.098013468022373,23.820911987062647,877.9,1,1,1,0,0,0,21.09482090226569,84.5096252420549,0.0,0.0,15.48809659414512,10.0,9.63128467649575,0.0,0.0,0.0,0.0,1.0,9.5
203.0,3.0,6.0,10.8036883012224,106.796350907523,3.0,19.053737403258268,23.42179327737413,,0,0,0,0,0,1,20.87381731865282,,,,,9.0,10.85014614670841,0.0,0.0,0.0,1.0,0.0,30.0
108.0,3.0,6.0,10.7952267064578,106.791366074783,3.0,19.053737403258268,23.42179327737413,,0,0,0,0,0,0,22.138800464465486,,,,,8.0,10.088936776014815,0.0,1.0,0.0,0.0,1.0,10.7
33.0,2.0,7.0,10.7767485199197,106.61925280669,2.0,10.737500000006847,10.067829993435623,6449.3,1,1,1,0,0,0,17.21642624996233,21.76608314080598,0.0,0.0,78.23360674801917,4.0,8.940878881282892,0.0,0.0,0.0,1.0,0.0,4.35
49.0,3.0,8.0,10.8050442678532,106.639527550322,3.0,19.38917355371901,16.235786892588425,501.6,0,0,0,0,0,0,20.25050569105691,88.55462519936204,0.0,0.0,11.43939393939394,6.0,7.460717386443079,0.0,0.0,0.0,1.0,0.0,9.9
33.0,6.0,12.0,10.7706924831577,106.679774823678,3.0,54.46617152529408,15.13100312673361,31.7,1,0,0,0,0,0,20.25050569105691,0.0,0.0,0.0,100.0,6.0,2.403053657863906,0.0,0.0,0.0,1.0,0.0,22.0
50.0,4.0,6.0,10.7139136227739,106.737774845452,2.0,17.789285714285825,18.28632481919144,1197.8,0,0,0,0,0,0,20.119968764420605,0.0,21.039405576890964,0.0,78.9580898313575,8.0,7.982068802216555,0.0,0.0,0.0,1.0,0.0,10.0
125.0,5.0,10.8,10.7035736686886,106.703689781342,0.0,8.131668552257471,13.173106254134565,4800.1,0,1,1,1,0,1,8.502652923904137,18.2681610799775,0.0,1.6522572446407364,0.0,16.0,8.058408823139725,0.0,0.0,0.0,1.0,0.0,5.1
112.0,3.0,5.8,10.7997114467576,106.630669400271,0.0,14.87073929990493,14.237298722437757,89.6,0,0,0,0,0,1,18.686154441087304,0.0,0.0,0.0,99.97767857142856,9.0,8.13238525327518,0.0,0.0,0.0,1.0,0.0,9.0
154.0,3.0,18.6,10.7952305011757,106.694285484517,3.0,18.827244701348747,15.13100312673361,8620.7,0,0,0,0,0,1,21.04502912786141,21.268110478267424,78.11430626283247,0.0,0.0,10.0,2.2641853220730983,0.0,0.0,0.0,1.0,0.0,45.0
210.0,7.0,18.8,10.8048925489774,106.662305410014,0.0,19.38917355371901,18.093318479606467,155.4,0,0,0,0,0,1,20.25050569105691,25.849420849420852,0.0,0.0,74.14414414414414,58.0,5.3176850593178635,0.0,0.0,0.0,1.0,0.0,45.0
118.0,4.0,10.8,10.8299746119677,106.702616180705,0.0,18.827244701348747,16.235786892588425,3768.9,0,0,0,0,1,1,19.23866524947719,99.69487118257317,0.0,0.0,0.3051288174268354,28.0,6.0039873180908385,0.0,0.0,0.0,0.0,1.0,18.9
124.0,1.0,15.0,10.8187363835206,106.600104043965,3.0,10.737500000006847,13.71334205498395,1391.9,0,0,0,0,0,0,20.25050569105691,14.82146705941519,69.43027516344564,0.0,15.74466556505496,2.0,12.01142355010292,0.0,0.0,0.0,1.0,0.0,9.85
66.0,5.0,8.0,10.7933653220656,106.642337933323,3.0,19.38917355371901,15.61262632367065,64.3,0,0,0,0,0,1,19.334768492444127,0.0,0.0,0.0,100.0,12.0,6.702789440412722,0.0,0.0,0.0,0.0,1.0,23.5
87.0,5.0,7.0,10.7793202412389,106.667467698808,0.0,24.737282299672927,15.923197269929185,2594.0,0,1,0,0,1,0,16.95010834230355,71.39976869699308,0.0,0.0,28.582883577486513,10.0,3.692277490929282,0.0,0.0,0.0,0.0,1.0,14.0
715.0,3.0,24.2,10.8560750246003,106.618742585599,3.0,8.826587030733174,14.285467555474675,,1,1,0,1,0,1,19.567814035091047,,,,,11.0,12.656649196648877,0.0,0.0,0.0,0.0,0.0,66.0
150.0,6.0,8.666666666666668,10.8787897621388,106.649196561363,3.0,8.826587030733174,13.805666803246416,2704.0,0,0,0,0,0,1,18.18659779679914,13.602810650887571,0.0,0.0,86.39792899408283,7.0,12.758200179738273,0.0,0.0,0.0,1.0,0.0,10.3
50.0,5.0,5.0,10.8061725187657,106.681273604298,0.0,18.63592086332186,18.093318479606467,738.4,1,1,0,0,1,0,12.77062601913981,92.12486457204768,0.0,0.0,7.879198266522211,18.0,3.993256458772076,0.0,0.0,0.0,0.0,1.0,13.5
59.0,3.0,8.0,10.8709928924325,106.6287632477,3.0,8.826587030733174,9.23912502081522,,1,0,0,0,0,0,17.369957436871715,,,,,9.0,13.19042631369725,0.0,0.0,1.0,0.0,0.0,6.7
128.0,5.0,8.0,10.7985160449014,106.630355840812,0.0,14.87073929990493,14.237298722437757,80.0,1,0,0,0,0,0,19.567814035091047,0.0,0.0,0.0,100.0,12.0,8.122858012936824,0.0,0.0,0.0,1.0,0.0,25.0
49.0,5.0,8.0,10.7612922360614,106.590779807841,2.0,10.737500000006847,13.482984203694478,1597.3,1,0,0,0,0,0,20.25050569105691,41.78175671445564,18.8029800287986,0.0,39.415889313216056,8.0,12.161483248151113,0.0,0.0,0.0,0.0,1.0,6.9
84.0,6.0,20.0,10.7920967541155,106.691541271509,3.0,53.75818181817839,34.07029975082686,89.4,0,0,0,0,0,0,25.9063569677296,0.0,0.0,0.0,99.95525727069352,25.0,2.0721555843752,0.0,0.0,0.0,1.0,0.0,31.0
320.0,10.0,29.0,10.7561152637228,106.689462087754,3.0,53.75818181817839,26.429608342303553,112.5,0,0,0,0,0,1,20.776405006591933,62.33777777777777,37.68888888888889,0.0,0.0,10.0,2.5505063652969646,0.0,0.0,0.0,1.0,0.0,85.0
99.0,3.0,8.0,10.7473281128874,106.616604670207,3.0,10.737500000006847,19.36213730687916,,1,1,1,0,1,1,20.25050569105691,,,,,6.0,9.76530418918436,0.0,0.0,0.0,1.0,0.0,13.0
100.0,4.0,11.571428571428571,10.7454334450629,106.611715927126,3.0,10.737500000006847,19.36213730687916,902660.3,1,1,1,0,0,1,20.25050569105691,0.487598712383828,0.0,0.0,0.0,8.0,10.338924192382509,0.0,0.0,0.0,0.0,1.0,18.5
34.0,2.0,5.0,10.7981824618354,106.591863322221,2.0,10.737500000006847,13.71334205498395,12694.4,1,1,1,1,1,0,17.356189685781594,4.35191895639022,94.87994706327198,0.0,0.7681339803377868,4.0,12.184207033051448,0.0,0.0,1.0,0.0,0.0,3.7
52.0,4.0,6.0,10.7667184864657,106.600480739887,0.0,10.737500000006847,11.79885823719474,1227.0,0,0,0,0,0,0,13.629868366546333,0.0,0.0,0.0,99.99837000814996,7.0,11.039569217737998,0.0,0.0,0.0,0.0,1.0,6.55
59.0,5.0,4.0,10.8279309040479,106.69032169506,3.0,11.098013468022373,15.149860937399001,2291.8,0,0,1,0,0,0,16.60869960096871,27.63199232044681,69.71899816737934,0.0,2.6485731739244263,7.0,5.89323688829973,0.0,0.0,0.0,1.0,0.0,7.2
192.0,5.0,10.6,10.8065848351487,106.662639654363,0.0,19.38917355371901,18.093318479606467,164.4,0,0,0,0,0,1,20.25050569105691,16.277372262773724,0.0,0.0,83.72262773722626,33.0,5.4050065730565295,0.0,0.0,0.0,0.0,1.0,43.0
52.0,4.0,4.0,10.8006173327705,106.646165541587,2.0,19.38917355371901,16.235786892588425,893.0,1,1,1,1,0,0,20.25050569105691,46.88465845464725,0.0,0.0,53.111982082866746,8.0,6.59534429860078,0.0,0.0,0.0,0.0,1.0,9.5
120.0,3.0,30.0,10.7444179045901,106.732906500433,0.0,17.789285714285825,17.42635834230355,2088.7,0,0,0,0,0,1,21.217050598270333,37.69761095418203,0.0,0.0,62.301431512424,8.0,4.940133486329073,0.0,0.0,0.0,1.0,0.0,17.0
86.0,3.0,32.0,10.7454942353778,106.689905503169,3.0,9.364834955468142,18.83383064658232,676.5,0,1,1,0,0,0,18.024373561592082,84.2350332594235,0.0,0.0,15.769401330376942,7.0,3.6057857143061183,0.0,0.0,0.0,0.0,1.0,16.9
174.0,7.0,5.0,10.7984553139828,106.688688658332,0.0,18.63592086332186,15.288713651298618,,0,0,0,0,0,0,17.184474827935027,,,,,45.0,2.841213146274337,0.0,0.0,0.0,0.0,1.0,24.5
171.0,1.0,20.0,10.8826972401299,106.770344455774,3.0,15.48107692307722,14.196219758981544,,0,0,0,0,0,0,20.25050569105691,,,,,3.0,14.06949158174095,0.0,1.0,0.0,1.0,0.0,10.5
80.0,1.0,8.5,10.7515552090733,106.595075023556,0.0,10.737500000006847,13.482984203694478,91301.6,0,0,0,0,1,1,20.25050569105691,0.0,0.1000858692509222,0.0,0.3107174463536236,4.0,11.896689802686884,0.0,0.0,0.0,0.0,1.0,7.5
119.0,2.0,6.0,10.7890914000489,106.780791549019,2.0,38.647438220481845,23.328827418358713,,1,1,1,1,0,0,20.25050569105691,,,,,4.0,8.825721125386748,0.0,0.0,0.0,0.0,1.0,8.9
45.0,2.0,6.0,10.808087581157,106.70308188021,2.0,18.827244701348747,20.454141465138118,160.5,1,0,0,0,0,1,15.076317258595626,5.1152647975077885,0.0,0.0,94.87227414330218,8.0,3.5745372879477717,0.0,1.0,0.0,1.0,0.0,6.98
134.0,2.0,15.2,10.7844416600149,106.641900350518,0.0,19.38917355371901,24.56391683041859,13875.5,0,1,0,0,0,1,22.259407193155763,24.15812042809268,75.84202371085728,0.0,0.0,4.0,6.53430103367822,0.0,0.0,1.0,0.0,0.0,9.9
198.0,3.0,8.0,10.725101,106.72641,0.0,17.789285714285825,30.38692272100736,1117149.9,0,0,0,0,0,0,19.567814035091047,24.929655366750698,31.312650164494492,0.0,42.81218124801337,8.0,6.298988831055259,0.0,0.0,0.0,0.0,0.0,52.0
27.0,2.0,3.0,10.7558105866648,106.689168385375,0.0,53.75818181817839,26.429608342303553,18.7,0,0,0,0,0,1,20.776405006591933,0.0,99.94652406417114,0.0,0.0,5.0,2.5958915754044374,0.0,0.0,0.0,1.0,0.0,6.68
84.0,4.0,20.0,10.6931421679144,106.741068442933,3.0,8.131668552257471,7.431275025157785,216.8,0,0,0,0,0,0,8.354727166160457,6.559040590405904,0.0,0.0,93.44557195571956,9.0,10.19571735621959,0.0,0.0,0.0,0.0,1.0,10.99
72.0,5.0,6.0,10.7921550148019,106.649941630238,3.0,19.38917355371901,16.924787565129154,589.3,0,0,0,0,0,0,20.25050569105691,89.58764636008826,0.0,10.41235363991176,0.0,11.0,5.869720018605817,0.0,0.0,0.0,0.0,0.0,12.2
80.0,1.0,20.0,10.6512243904278,106.730122400762,3.0,8.131668552257471,15.805719480205894,,1,0,0,0,0,0,15.805719480205894,,,,,2.0,14.232144093839782,0.0,0.0,0.0,1.0,0.0,5.6
61.0,4.0,11.85,10.7478479472848,106.71563049959,2.0,17.789285714285825,14.8877491993957,19893.5,1,0,0,0,0,1,18.207540931800263,12.491567597456458,87.50858320556965,0.0,0.0,15.0,3.50980179073201,0.0,0.0,0.0,0.0,1.0,7.5
120.0,3.0,14.0,10.8029081945733,106.776789784562,0.0,38.647438220481845,44.55718221916659,,0,0,0,0,0,0,23.716488155468518,,,,,14.0,8.792298239322115,0.0,1.0,0.0,1.0,0.0,46.0
50.0,4.0,4.0,10.8456648042998,106.663950280781,2.0,11.098013468022373,9.674953215540254,290.5,1,0,0,0,0,1,19.567814035091047,9.855421686746988,0.0,0.0,90.14113597246129,7.0,8.744710443502171,0.0,0.0,0.0,0.0,1.0,6.95
628.0,1.0,11.4,10.7389844599036,106.709650047302,3.0,17.789285714285825,24.488452653857216,1043.1,0,0,0,0,0,1,22.174529617989272,41.16287987728885,0.0,0.0,0.0,12.0,4.220586001172299,0.0,0.0,0.0,1.0,0.0,70.0
42.0,4.0,4.0,10.7766062469365,106.700683498181,0.0,53.75818181817839,49.46190076307165,7556.1,0,0,0,0,0,0,39.729986027272446,0.6834213416974365,99.3160492846839,0.0,0.0,11.0,0.0813278605471576,0.0,0.0,0.0,0.0,1.0,15.5
85.0,4.0,20.0,10.7366744708484,106.739896412065,3.0,17.789285714285825,8.648767860862735,55873.2,0,1,0,0,1,0,20.25050569105691,33.860616538877316,61.84967032495007,0.0,4.289641545499453,9.0,6.0896166625343495,1.0,0.0,0.0,0.0,1.0,11.0
789.0,10.0,28.5,10.8355684070939,106.661379105246,3.0,11.098013468022373,16.924787565129154,3632.4,0,0,0,0,0,1,10.107421869117639,99.44196674375068,0.5583085563263958,0.0,0.0,53.0,7.918053424614592,0.0,0.0,0.0,1.0,0.0,72.0
128.0,1.0,6.0,10.7909926404247,106.758596836593,2.0,38.647438220481845,23.346267146280812,,1,1,1,1,0,0,20.25050569105691,,,,,2.0,6.497952444182753,0.0,0.0,0.0,0.0,1.0,9.5
110.0,4.0,6.0,10.77272778165,106.676487307531,2.0,24.737282299672927,20.454141465138118,60.0,0,0,0,0,0,0,32.67330086593139,1.8166666666666669,0.0,0.0,98.96666666666668,9.0,2.713068590838767,0.0,0.0,0.0,1.0,0.0,18.5
61.0,1.0,4.0,10.8415746738466,106.676593413102,2.0,11.098013468022373,15.081788755498186,455.7,1,0,0,0,0,0,15.50660834230355,48.823787579547954,0.0,0.0,51.174017994294495,2.0,7.767337323578724,1.0,0.0,0.0,1.0,0.0,3.7
126.0,9.0,30.0,10.769262188504,106.690636890369,0.0,53.75818181817839,80.81249751703449,792.5,0,0,0,0,0,0,72.86150756189254,0.0,99.208832807571,0.7924290220820189,0.0,66.0,1.366612684378563,0.0,0.0,0.0,1.0,0.0,110.0
237.0,6.0,8.0,10.7593623481701,106.687589212551,0.0,53.75818181817839,26.429608342303553,5525.2,0,0,0,0,0,0,37.54099080615944,92.2766596684283,0.1018967639180482,0.0,7.62053862303627,16.0,2.3666014539966045,0.0,0.0,0.0,1.0,0.0,62.0
100.0,4.0,6.0,10.6928628047504,106.740871732198,2.0,8.131668552257471,7.431275025157785,3078.9,1,1,1,0,0,0,8.354727166160457,90.07047971678196,0.0,0.0,9.929195491896458,12.0,10.21463771901728,0.0,0.0,0.0,1.0,0.0,6.9
74.0,4.0,12.0,10.7931591059076,106.640182429557,3.0,19.38917355371901,15.61262632367065,2132.8,0,0,0,0,0,1,20.25050569105691,81.01134658664665,2.0602025506376593,0.0,16.930326331582894,10.0,6.922234453044166,0.0,0.0,0.0,0.0,1.0,14.0
368.0,14.0,33.0,10.7881545034062,106.685936627393,3.0,54.46617152529408,106.67729565230768,6272.2,0,0,0,0,0,1,75.75321427483613,82.48254201077772,0.0,3.688976754567775,13.828800102037563,13.0,2.137758557201182,0.0,0.0,0.0,1.0,0.0,700.0
105.0,3.0,5.0,10.8106213381568,106.713206206977,2.0,18.827244701348747,20.47473566303819,95.7,1,0,0,0,0,0,20.263535304628697,20.741901776384537,0.0,0.0,79.20585161964472,11.0,4.070490139126239,0.0,0.0,1.0,0.0,0.0,11.19
42.0,4.0,3.0,10.7264824496799,106.733402941488,1.0,17.789285714285825,8.648767860862735,413.6,0,0,0,0,0,0,8.354727166160457,96.16537717601548,0.0,0.0,3.82495164410058,6.0,6.539883573338983,0.0,0.0,0.0,0.0,1.0,5.5
28.0,7.0,22.7,10.7922431651835,106.691338785773,3.0,53.75818181817839,34.07029975082686,505.2,1,1,0,1,1,1,25.9063569677296,91.5083135391924,0.0,0.0,8.485748218527316,14.0,2.097390815308843,0.0,0.0,0.0,0.0,1.0,12.7
84.0,4.0,6.0,10.7958925243605,106.62203073265,0.0,14.87073929990493,9.35870800879073,1809.6,0,0,1,0,0,0,15.331358342303552,89.13406277630416,0.0,0.0,10.865384615384617,9.0,8.915523456223164,0.0,0.0,0.0,1.0,0.0,7.9
63.0,1.0,3.0,10.6928554186937,106.740847817761,0.0,8.131668552257471,7.431275025157785,3078.9,0,1,1,0,0,0,8.354727166160457,90.07047971678196,0.0,0.0,9.929195491896458,3.0,10.214270044728694,0.0,0.0,1.0,0.0,0.0,4.5
106.0,4.0,10.6,10.8752075752914,106.627222102833,3.0,8.826587030733174,11.964993989558423,2692.7,0,1,0,0,1,1,17.937494731808936,0.0,0.0,0.0,99.99925725108628,8.0,13.667276132123352,0.0,0.0,1.0,0.0,0.0,14.5
53.0,2.0,8.0,10.7517144643179,106.701406412187,0.0,17.789285714285825,17.287883938053668,498563.61,1,0,0,0,0,0,13.55522012715968,95.4990898754123,0.0,0.1154456499542756,4.385462468871324,6.0,2.7006357946462702,0.0,0.0,1.0,0.0,0.0,7.5
51.0,4.0,10.5,10.8106587881895,106.713364756232,0.0,18.827244701348747,20.47473566303819,1844.6,1,0,0,0,1,1,20.263535304628697,68.26520654884528,0.0,0.0,31.736961942968662,14.0,4.080082073564697,0.0,0.0,0.0,1.0,0.0,8.5
50.0,2.0,9.0,10.6925218619269,106.740792437317,3.0,8.131668552257471,7.431275025157785,375.1,1,0,0,0,0,0,8.354727166160457,8.024526792855239,0.0,0.0,91.98080511863502,4.0,10.245292077617451,0.0,0.0,1.0,0.0,0.0,6.3
75.0,2.0,11.0,10.7076532166745,106.735006504165,0.0,17.789285714285825,18.28632481919144,4661.4,0,0,0,0,0,1,8.354727166160457,49.420560346676965,33.51182048311666,0.0,17.06719011455786,5.0,8.4544684339543,0.0,0.0,0.0,1.0,0.0,4.39
122.0,4.0,23.1,10.7578292038537,106.706445288116,0.0,12.968707708226514,20.339947871608835,833.0,1,0,0,0,0,1,18.154126053561612,85.65186074429772,0.0,0.0,14.34453781512605,28.0,2.1031802000704904,0.0,0.0,0.0,0.0,1.0,15.5
57.0,6.0,20.0,10.8120334720985,106.692660175057,3.0,18.827244701348747,16.924787565129154,674.4,0,1,1,1,0,0,25.38415763254146,87.44217081850535,0.0,0.0,12.55041518386714,14.0,4.1114216367207845,0.0,0.0,0.0,0.0,1.0,12.0
22.0,4.0,5.45,10.7916155569149,106.694246589725,3.0,53.75818181817839,34.07029975082686,100.8,0,1,0,0,1,1,20.25050569105691,0.0,0.0,0.0,99.99007936507938,5.0,1.890871478447283,0.0,0.0,0.0,0.0,1.0,10.0
94.0,5.0,14.0,10.7986237594103,106.687679046811,0.0,18.63592086332186,20.918551142754602,,0,0,0,0,0,1,17.184474827935027,,,,,11.0,2.911623278500682,0.0,0.0,0.0,1.0,0.0,13.0
128.0,8.0,22.5,10.8029170288379,106.663597394846,0.0,19.38917355371901,18.093318479606467,125.1,0,0,0,0,0,1,20.25050569105691,34.66027178257394,0.0,0.0,65.36370903277377,12.0,5.0733216871909015,1.0,0.0,0.0,1.0,0.0,55.0
61.0,5.0,3.0,10.8455008290801,106.718506407361,0.0,15.48107692307722,17.78611714762465,,1,1,1,0,0,1,15.155664323925304,,,,,10.0,7.958550358220097,0.0,0.0,0.0,0.0,1.0,10.2
186.0,5.0,17.0,10.806697928651,106.675821902793,0.0,18.63592086332186,24.56391683041859,116.7,0,0,0,0,0,0,20.25050569105691,17.266495287060838,0.0,0.0,82.7420736932305,8.0,4.390361996791174,0.0,0.0,0.0,1.0,0.0,54.0
48.0,5.0,3.0,10.7658874403699,106.642568075785,1.0,13.32081849341783,15.13100312673361,327.9,0,1,1,1,0,0,9.90181956943871,4.028667276608722,0.0,0.0,95.9743824336688,8.0,6.491914045490098,0.0,0.0,0.0,0.0,1.0,8.7
85.0,2.0,5.666666666666666,10.795875187327,106.706867931159,2.0,18.827244701348747,15.081788755498186,71.4,1,0,0,0,0,1,24.624921090794228,20.99439775910364,0.0,0.0,79.06162464985994,8.0,2.298071149068991,0.0,0.0,0.0,1.0,0.0,12.0
45.0,4.0,13.333333333333332,10.7967616758426,106.683094480511,0.0,18.63592086332186,18.83383064658232,128.4,0,0,0,0,0,1,25.885724961203408,0.0,0.0,0.0,100.0,8.0,3.0327711989275037,0.0,0.0,0.0,0.0,1.0,7.65
80.0,2.0,6.0,10.8016352806291,106.699905507021,0.0,18.827244701348747,20.918551142754602,75.5,0,0,0,0,0,0,18.394702660946763,0.0,0.0,0.0,100.0,5.0,2.85349761165525,0.0,0.0,1.0,0.0,0.0,9.5
74.0,3.0,12.0,10.8117240852603,106.709184489416,1.0,18.827244701348747,20.47473566303819,1049.9,1,0,0,0,0,0,18.78482813097723,98.97895037622632,0.0,0.0,1.0239070387655966,7.0,4.069304313094417,0.0,0.0,0.0,1.0,0.0,12.5
250.0,4.0,8.0,10.7309109601856,106.732836484633,3.0,17.789285714285825,8.648767860862735,246.2,1,0,0,0,0,0,20.25050569105691,99.90251827782292,0.0,0.0,0.1177904142973192,9.0,6.095634254459532,0.0,0.0,0.0,0.0,1.0,16.9
367.0,6.0,28.1,10.8040557384869,106.616887213259,0.0,14.87073929990493,17.8318693459886,1239.5,1,1,1,0,1,1,20.902681260504874,18.134731746672045,0.5252117789431222,0.0,81.33521581282776,13.0,9.713095834927666,0.0,0.0,0.0,1.0,0.0,22.6
128.0,5.0,6.0,10.7505524718127,106.735963820893,3.0,17.789285714285825,15.717993526044307,3299.4,1,1,1,1,1,0,19.089097978071564,64.26198702794449,0.0,0.0,0.0,38.0,4.74461227996994,0.0,0.0,0.0,1.0,0.0,17.8
48.0,4.0,5.0,10.8059825928098,106.681510650219,3.0,18.63592086332186,18.093318479606467,947.1,1,0,0,0,0,0,12.77062601913981,79.44884383908774,0.0,0.0,20.554323725055433,9.0,3.961484976349944,0.0,0.0,0.0,1.0,0.0,9.5
210.0,6.0,9.4,10.7884003593871,106.683673774247,0.0,54.46617152529408,106.67729565230768,4867.0,0,0,0,0,0,1,22.762102461573292,62.41093075816725,30.770084240805424,6.819395931785493,0.0,45.0,2.3504368044774515,0.0,0.0,0.0,1.0,0.0,64.0
52.0,4.0,30.0,10.7846803044242,106.65078823446,3.0,19.38917355371901,23.820911987062647,44.2,0,1,1,1,0,0,9.90181956943871,78.84615384615384,0.0,0.0,21.17647058823529,9.0,5.579795783151615,0.0,0.0,0.0,1.0,0.0,8.5
96.0,3.0,8.0,10.763956110395,106.69821752514,3.0,53.75818181817839,22.30565215020024,4458.1,0,0,0,0,0,1,20.776405006591933,97.15708485677752,0.0,2.8440366972477062,0.0,10.0,1.3757369893810238,0.0,0.0,0.0,1.0,0.0,31.0
90.0,1.0,30.0,10.8478311329706,106.819905664382,0.0,15.48107692307722,21.65981557903033,,0,0,0,0,0,1,20.25050569105691,,,,,2.0,15.237283590882734,0.0,0.0,0.0,1.0,0.0,3.99
45.0,2.0,3.0,10.7050296291559,106.734597733772,0.0,17.789285714285825,18.28632481919144,734.5,0,1,0,0,0,0,18.51970680326955,0.2246426140231449,99.7712729748128,0.0,0.0,5.0,8.698770259232104,0.0,0.0,0.0,0.0,1.0,6.4
70.0,2.0,3.0,10.7808260283109,106.650456887364,3.0,19.38917355371901,14.561953480312356,,0,1,1,1,1,1,9.90181956943871,,,,,9.0,5.557876588796967,0.0,0.0,0.0,1.0,0.0,8.2
58.0,5.0,20.0,10.7698185270035,106.613088846035,2.0,10.737500000006847,8.135783941420566,316.7,1,0,0,0,0,0,13.629868366546333,69.77897063467005,0.0,0.0,30.23681717713925,11.0,9.638455536134105,0.0,0.0,0.0,0.0,1.0,7.6
140.0,3.0,11.0,10.7040071487427,106.71265411377,0.0,8.131668552257471,13.173106254134565,43635.6,0,0,0,0,1,1,17.02299287958239,0.0522738314587171,5.2599482990952335,0.0,1.368034357267919,8.0,8.104143905998551,0.0,0.0,0.0,0.0,1.0,17.5
75.0,5.0,9.0,10.7864570979646,106.690643064605,3.0,54.46617152529408,106.67729565230768,3620.0,0,0,0,0,0,1,29.34260834230355,94.07375690607736,0.0,5.9265193370165745,0.0,8.0,1.6299529843384628,0.0,1.0,0.0,1.0,0.0,29.0
54.0,2.0,6.0,10.8055385422527,106.682105584236,3.0,18.63592086332186,15.149860937399001,698.5,1,0,0,0,0,0,12.77062601913981,6.659985683607732,0.0,0.0,93.33571939871152,5.0,3.884933041442419,0.0,0.0,0.0,0.0,1.0,9.8
202.0,2.0,12.5,10.8542599044534,106.756521709048,0.0,15.48107692307722,17.056969241416212,,0,0,0,0,0,1,18.455878219881225,,,,,8.0,10.600341946214948,0.0,0.0,1.0,0.0,0.0,11.9
62.0,4.0,7.666666666666667,10.8198293808424,106.702951132345,0.0,18.827244701348747,16.235786892588425,140.5,0,0,0,0,0,1,13.941385937429175,24.106761565836297,0.0,0.0,75.90747330960855,8.0,4.877797169634706,0.0,0.0,0.0,0.0,1.0,10.8
34.0,3.0,10.0,10.7613058080495,106.692449184383,3.0,53.75818181817839,32.631365062301924,50.8,0,0,0,0,0,1,24.998865480621035,69.05511811023622,0.0,0.0,31.0236220472441,7.0,1.8875098693458312,0.0,0.0,0.0,1.0,0.0,18.2
82.0,2.0,12.0,10.7230776471865,106.601728158522,0.0,10.737500000006847,13.181777405603473,1892.9,1,1,1,1,0,0,17.849840279852607,9.451635057319455,0.0,0.0,90.54994981245709,7.0,12.348151091213666,0.0,0.0,0.0,1.0,0.0,5.7
60.0,3.0,4.0,10.7837498455188,106.64749538457,3.0,19.38917355371901,14.561953480312356,88.5,0,0,0,1,0,0,17.444977006572753,12.55367231638418,0.0,0.0,87.50282485875705,7.0,5.918447569785398,0.0,0.0,1.0,0.0,0.0,8.05
40.0,4.0,4.7,10.7943018478171,106.696304687061,3.0,53.75818181817839,34.07029975082686,81.3,0,0,0,0,0,1,21.249348064673793,27.67527675276753,0.0,0.0,72.27552275522756,18.0,2.101400122423805,0.0,0.0,0.0,0.0,1.0,18.9
83.0,4.0,14.7,10.7612031482627,106.689963856552,3.0,53.75818181817839,59.25648860397285,915.3,1,0,0,0,0,1,31.338914411207632,9.175133835900798,90.83032885392768,0.0,0.0,22.0,2.0462016443026143,0.0,0.0,0.0,0.0,1.0,23.0
83.0,5.0,9.0,10.8785360947642,106.668857835436,3.0,8.826587030733174,9.397256429506324,1050.3,1,0,0,0,0,0,17.09291764913859,34.113110539845756,0.0,0.0,65.88593735123298,9.0,11.93289150913181,0.0,0.0,0.0,0.0,1.0,8.9
51.0,3.0,4.5,10.7296729283168,106.632374602739,0.0,9.364834955468142,9.674953215540254,1865.3,1,0,0,0,0,1,18.20119183870365,99.5861255562108,0.0,0.0,0.4122661234117837,7.0,9.10506986412648,0.0,0.0,0.0,1.0,0.0,4.4
53.0,4.0,5.0,10.7869287667243,106.651615695109,3.0,19.38917355371901,16.924787565129154,,0,0,0,0,0,0,9.90181956943871,,,,,9.0,5.540194692592184,0.0,0.0,0.0,1.0,0.0,9.3
95.0,4.0,6.0,10.7469487067607,106.688861766845,3.0,9.364834955468142,20.918551142754602,1075.5,0,0,0,0,0,1,18.024373561592082,88.66201766620176,0.0,0.0,11.336122733612273,8.0,3.4960685035967525,0.0,0.0,0.0,1.0,0.0,16.0
51.0,2.0,7.666666666666667,10.8572657417303,106.752917151465,0.0,15.48107692307722,16.151929588086617,,0,1,1,0,0,1,17.400949483778184,,,,,4.0,10.662297460289375,0.0,0.0,0.0,0.0,1.0,4.95
51.0,2.0,30.0,10.8072368981353,106.623390272089,3.0,14.87073929990493,13.051852005459661,111.4,0,0,0,0,0,0,20.480480660290983,50.143626570915615,0.0,0.0,49.88330341113106,4.0,9.171281487736728,0.0,0.0,1.0,0.0,0.0,8.5
38.0,5.0,4.8,10.7685145559313,106.697163280199,3.0,53.75818181817839,22.30565215020024,1693.8,0,0,0,0,0,1,20.25050569105691,92.6738694060692,0.0,7.32554020545519,0.0,12.0,0.9368675146560264,0.0,0.0,0.0,0.0,1.0,32.0
106.0,4.0,5.0,10.6926581822356,106.740859029124,0.0,8.131668552257471,7.431275025157785,1084.2,1,0,0,0,0,0,8.354727166160457,72.12968087068806,0.0,0.0,27.87308614646744,11.0,10.23464572020606,0.0,0.0,0.0,1.0,0.0,7.9
40.0,4.0,7.0,10.794798517087,106.683359663202,3.0,18.63592086332186,20.918551142754602,1245.7,0,0,1,1,0,1,21.485572441587628,94.19041502769528,0.0,0.0,5.810387733804286,7.0,2.850329504720498,0.0,0.0,0.0,0.0,1.0,7.4
85.0,4.0,12.0,10.8307593578346,106.705584182866,0.0,18.827244701348747,16.235786892588425,3479.0,1,0,1,0,0,0,19.425983461480996,76.25553319919517,11.829836159816038,0.0,11.914918079908018,8.0,6.108629394937694,0.0,0.0,0.0,1.0,0.0,13.8
100.0,3.0,8.0,10.82310149069184,106.71985085549272,0.0,15.48107692307722,14.40074884671146,,0,0,0,0,1,0,18.26879785280932,,,,,8.0,5.623650734870903,0.0,0.0,0.0,0.0,1.0,11.0
70.0,3.0,6.0,10.8412954651884,106.725458588085,2.0,15.48107692307722,14.40074884671146,,1,1,0,0,0,1,19.567814035091047,,,,,6.0,7.732623678486552,0.0,0.0,0.0,1.0,0.0,8.3
101.0,6.0,5.0,10.7854460512709,106.699053851403,0.0,53.75818181817839,48.487230363696476,2827.7,1,0,0,0,1,0,26.915843909224144,5.360894012801924,0.0,94.63769140997984,0.0,11.0,1.0738697091769691,0.0,0.0,0.0,0.0,1.0,34.0
75.0,4.0,4.0,10.7758779051954,106.638046277148,2.0,14.87073929990493,28.253427846446222,3580.9,1,0,0,1,0,0,19.688090336254568,40.25300902007875,5.703035549722137,0.0,54.04255913317881,8.0,6.887629976141752,0.0,0.0,0.0,0.0,1.0,9.6
81.0,4.0,8.0,10.6782789725496,106.703392010858,0.0,8.131668552257471,11.187905093453665,7167.9,0,0,1,0,1,0,17.842956174323437,96.87983928347217,3.103977455042621,0.0,0.0,9.0,10.868967370715604,0.0,0.0,0.0,1.0,0.0,6.6
61.0,2.0,7.15,10.7883888748536,106.677599007461,3.0,54.46617152529408,15.61262632367065,91.7,1,0,0,0,0,1,24.641850909075103,0.0,0.0,0.0,99.95637949836424,7.0,2.913332320689632,0.0,0.0,0.0,1.0,0.0,10.0
36.0,5.0,10.0,10.8426589303833,106.683406827941,0.0,11.098013468022373,20.339947871608835,5577.9,1,0,0,0,0,0,16.60869960096871,64.27042435325123,35.729396367808675,0.0,0.0,7.0,7.6599108036744035,0.0,0.0,0.0,0.0,1.0,7.45
47.0,2.0,3.0,10.7976781168681,106.710795158997,0.0,18.827244701348747,18.54716240721297,3299.9,0,0,1,0,0,0,20.263535304628697,99.48059032091882,0.3063729203915269,0.0,0.2139458771477923,4.0,2.632865839055854,0.0,0.0,1.0,0.0,0.0,4.9
56.0,4.0,5.0,10.841547443,106.676894659562,3.0,11.098013468022373,15.081788755498186,63.8,1,0,0,0,0,0,20.25050569105691,29.655172413793107,0.0,0.0,70.3448275862069,8.0,7.753213877744119,0.0,0.0,0.0,0.0,1.0,8.7
103.0,3.0,18.2,10.8755431027514,106.685301268147,3.0,8.826587030733174,8.427513172672999,4938.5,0,0,0,0,0,1,19.567814035091047,16.894401133947557,8.361850764402146,0.0,74.74293813911106,7.0,11.202370893258257,1.0,0.0,0.0,1.0,0.0,6.35
66.0,2.0,4.45,10.7955075698347,106.640822922093,0.0,19.38917355371901,15.61262632367065,1183.5,0,1,0,0,0,1,19.334768492444127,93.17448246725812,0.0,0.0,6.828897338403041,9.0,6.932208898798924,0.0,0.0,0.0,1.0,0.0,8.9
100.0,3.0,17.333333333333336,10.829386170762463,106.61606054753064,0.0,8.826587030733174,15.780638971822933,5000.9,0,0,0,0,0,1,17.676519361145083,90.67727808994384,0.0,0.0,9.322321982043231,9.0,11.023308906269447,0.0,0.0,0.0,1.0,0.0,7.3
71.0,2.0,4.5,10.7643363132743,106.625070613571,0.0,14.87073929990493,17.499103454001883,1964.0,0,0,0,0,0,1,20.25050569105691,0.0,0.0,0.0,100.0,8.0,8.40581667918305,0.0,0.0,0.0,0.0,1.0,8.3
188.0,3.0,12.0,10.8078874100385,106.68821702634,3.0,19.38917355371901,20.454141465138118,686.5,0,0,0,0,0,1,24.873898992866078,2.7662053896576837,0.0,0.0,97.2323379461034,10.0,3.814746083947137,0.0,1.0,0.0,1.0,0.0,44.8
323.0,7.0,40.0,10.7759730974113,106.610779105108,3.0,10.737500000006847,11.523850027712317,3103.2,0,0,0,0,0,0,18.529132150179485,7.443606599639082,0.0,0.0,92.55800464037124,12.0,9.866120437595,0.0,0.0,0.0,1.0,0.0,88.0
36.0,5.0,4.0,10.8316044133625,106.690065390334,3.0,11.098013468022373,15.149860937399001,851.6,0,0,0,0,0,0,20.25050569105691,10.048144668858615,0.0,89.95655237200563,0.0,9.0,6.299303112543501,0.0,0.0,0.0,0.0,1.0,7.25
75.0,6.0,8.0,10.8304852697842,106.632837205986,3.0,19.38917355371901,15.923197269929185,15644.2,1,1,1,0,0,0,10.818659325601992,25.026974853300267,0.0,74.97283338233977,0.0,12.0,9.607101442578411,0.0,0.0,0.0,1.0,0.0,11.5
52.0,4.0,10.0,10.8814835593463,106.637648587763,0.0,8.826587030733174,11.964993989558423,33762.1,1,0,0,0,0,0,20.25050569105691,0.2522651138406674,18.8968103287414,80.85089493840727,0.0,10.0,13.62342278248921,0.0,0.0,1.0,0.0,0.0,5.79
36.0,2.0,3.0,10.8295650514176,106.671363091187,1.0,11.098013468022373,14.561953480312356,1441.2,1,1,0,0,0,0,10.107421869117639,93.56508465167916,0.0,0.0,6.433527615875659,4.0,6.784197252075691,1.0,0.0,0.0,1.0,0.0,4.18
45.0,4.0,25.0,10.758793788839,106.701438999799,3.0,12.968707708226514,20.339947871608835,129.4,0,0,0,0,0,0,20.25050569105691,0.0,0.0,0.0,99.97681607418856,8.0,1.913601731014426,0.0,0.0,1.0,0.0,0.0,32.0
66.0,4.0,6.0,10.6846538322238,106.750162866058,3.0,8.131668552257471,7.431275025157785,5845.8,1,1,1,0,1,0,11.761918800261277,34.20866262958021,0.0,0.0,0.0,9.0,11.484794851008642,0.0,0.0,0.0,0.0,1.0,6.6
111.0,6.0,14.0,10.7372349998088,106.718081196057,3.0,17.789285714285825,30.38692272100736,,0,0,0,0,0,0,20.18206125192249,,,,,11.0,4.692691509332392,0.0,0.0,0.0,1.0,0.0,32.0
99.0,2.0,5.0,10.8141446673568,106.623718375878,0.0,14.87073929990493,13.051852005459661,804.8,1,0,0,0,0,1,19.567814035091047,1.0039761431411531,2.3583499005964215,0.0,96.64264413518887,5.0,9.456717928320426,0.0,0.0,0.0,0.0,1.0,7.7
130.0,5.0,20.0,10.7878893306492,106.678152884545,0.0,54.46617152529408,15.61262632367065,1160.6,0,0,0,0,0,1,20.25050569105691,30.350680682405656,69.64673444769947,0.0,0.0,8.0,2.833831716680211,0.0,0.0,0.0,1.0,0.0,15.0
77.0,4.0,8.0,10.8574239777691,106.836159573687,3.0,19.053737403258268,25.613782122221185,,1,1,1,1,0,1,19.567814035091047,,,,,10.0,17.30805819019529,0.0,0.0,0.0,1.0,0.0,3.7
79.0,2.0,5.6,10.7830654859692,106.624621603646,3.0,14.87073929990493,12.804496961724974,530.4,0,0,0,0,0,1,20.25050569105691,18.95739064856712,0.0,0.0,81.03506787330316,9.0,8.39081062821029,0.0,1.0,0.0,1.0,0.0,9.9
75.0,4.0,5.666666666666666,10.386480948271007,106.91987393433833,3.0,19.383985295609417,20.086701866981706,,0,0,0,0,0,1,19.567814035091047,,,,,8.0,49.475248798523104,0.0,1.0,0.0,1.0,0.0,11.0
62.0,2.0,30.0,10.7511696615258,106.728626358553,3.0,17.789285714285825,15.717993526044307,979.3,0,0,0,0,0,0,8.354727166160457,97.0295108751149,0.0,0.0,2.970489124885122,6.0,4.082260787215652,0.0,0.0,0.0,1.0,0.0,10.85
184.0,9.0,20.6,10.7690999252111,106.678643756549,3.0,54.46617152529408,18.83383064658232,68.5,0,0,1,0,0,1,21.321721723241613,11.445255474452557,0.0,0.0,88.4963503649635,20.0,2.5702063863415767,0.0,0.0,0.0,1.0,0.0,56.0
34.0,5.0,3.9,10.7987255427798,106.687709705264,3.0,18.63592086332186,20.918551142754602,,1,1,1,1,0,1,17.184474827935027,,,,,9.0,2.9197282935912843,0.0,0.0,0.0,0.0,1.0,6.8
65.0,4.0,12.0,10.770126689589,106.694109587681,0.0,19.38917355371901,20.454141465138118,16853.0,0,0,0,0,0,1,20.25050569105691,95.07618821574792,4.922862398386044,0.0,0.0,10.0,1.0047882701441713,0.0,1.0,0.0,1.0,0.0,11.9
52.0,3.0,3.0,10.8060284243096,106.69050440898,0.0,18.827244701348747,15.288713651298618,75.2,1,0,0,0,0,0,24.873898992866078,22.712765957446805,0.0,0.0,77.2872340425532,14.0,3.533895506622789,0.0,0.0,0.0,1.0,0.0,6.99
55.0,5.0,5.0,10.8004204681863,106.643868949415,2.0,19.38917355371901,20.339947871608835,128.0,1,1,0,0,0,0,19.375154550884368,0.0,0.0,0.0,100.0,8.0,6.815619104559743,0.0,0.0,0.0,0.0,0.0,7.6
41.0,4.0,6.0,10.8061098825357,106.690706481312,0.0,18.827244701348747,15.288713651298618,109.4,1,0,0,0,0,0,24.873898992866078,28.95795246800731,0.1279707495429616,0.0,70.89579524680073,8.0,3.5353053875515736,0.0,0.0,0.0,0.0,1.0,8.8
77.0,4.0,8.0,10.8060034779307,106.690755775888,3.0,18.827244701348747,15.288713651298618,407.9,1,1,0,0,0,0,24.873898992866078,24.280460897278747,0.0,0.0,75.71708752145135,10.0,3.522371624954899,0.0,0.0,0.0,1.0,0.0,13.9
74.0,4.0,12.0,10.7780271186361,106.76899658516,3.0,38.647438220481845,16.791900388268562,,1,0,0,1,0,0,19.567814035091047,,,,,7.0,7.420020288036777,0.0,0.0,1.0,0.0,0.0,10.4
85.0,3.0,12.0,10.740011576129,106.735195905842,3.0,17.789285714285825,14.672222873812292,2278.0,0,0,0,0,0,1,13.834634373598146,94.9539069359087,0.0,0.0,5.045215100965759,8.0,5.466892649969175,0.0,0.0,0.0,1.0,0.0,9.9
100.0,4.0,30.0,10.7484903544836,106.619343703633,3.0,10.737500000006847,19.36213730687916,3338.2,0,1,0,0,0,0,20.18206125192249,79.19866994188484,0.0,0.0,20.80013180756096,10.0,9.440312334710557,0.0,0.0,0.0,0.0,1.0,20.0
64.0,3.0,10.0,10.8483458496034,106.647719326824,3.0,11.098013468022373,15.61262632367065,6457.2,1,0,0,0,0,0,11.178588935354508,4.486154989778852,0.0,92.17183918726384,3.342005822957319,8.0,9.935093405229171,0.0,0.0,0.0,0.0,1.0,8.5
20.0,3.0,6.6,10.7863087646756,106.671268305338,3.0,54.46617152529408,16.924787565129154,188.9,0,1,1,1,0,1,14.535280883434632,6.463737427210164,0.9370037056643729,0.0,92.5833774483854,5.0,3.454318837744464,0.0,0.0,1.0,0.0,0.0,4.7
112.0,4.0,10.0,10.845426250139,106.758618063965,3.0,15.48107692307722,15.706358342303552,,0,0,1,0,0,0,20.391985999466947,,,,,16.0,9.952997214667567,0.0,0.0,0.0,0.0,1.0,13.5
50.0,4.0,5.333333333333334,10.7947102243853,106.683235983097,0.0,18.63592086332186,20.918551142754602,968.5,0,0,0,0,0,1,21.485572441587628,63.13887454827052,0.0,0.0,36.86422302529685,8.0,2.852362558204285,0.0,0.0,0.0,0.0,1.0,7.9
66.0,7.0,20.0,10.7942623991507,106.69007025485,3.0,53.75818181817839,34.07029975082686,4954.9,0,0,0,0,0,0,20.25050569105691,3.6192455952693297,0.0,0.0,96.37974530262974,9.0,2.3611859325238367,0.0,0.0,0.0,1.0,0.0,33.0
106.0,5.0,8.0,10.7695936903314,106.675930864993,0.0,54.46617152529408,18.83383064658232,1771.2,0,0,0,0,0,0,19.911470140858842,49.28297199638663,0.0,0.6041102077687442,50.1123532068654,38.0,2.840141250107071,0.0,0.0,0.0,0.0,1.0,31.9
9.0,2.0,3.6,10.8055460991027,106.682015506672,0.0,18.63592086332186,15.149860937399001,947.1,1,1,0,1,0,1,12.77062601913981,79.44884383908774,0.0,0.0,20.554323725055433,2.0,3.8909059231907537,0.0,0.0,0.0,0.0,1.0,2.3
150.0,3.0,12.0,10.8262572027867,106.81993856627,0.0,19.053737403258268,18.03421329876938,,0,0,0,0,0,0,18.760003080075247,,,,,7.0,14.132003893630754,0.0,1.0,0.0,1.0,0.0,12.5
859.0,5.0,27.2,10.8556410173032,106.6557323386,0.0,11.098013468022373,16.235786892588425,1475.1,0,0,0,0,0,1,15.50660834230355,0.0,1.0162022913700768,0.0,98.98244186834792,53.0,10.147680159021675,0.0,0.0,0.0,1.0,0.0,46.0
54.0,3.0,8.0,10.8028961892074,106.822040621191,0.0,19.053737403258268,12.780266996675284,,0,0,0,0,0,0,18.237438852350834,,,,,8.0,13.544556624450616,0.0,0.0,0.0,1.0,0.0,5.95
64.0,4.0,8.0,10.7857612810986,106.632543416995,3.0,14.87073929990493,12.804496961724974,1108.9,1,0,0,1,1,0,20.25050569105691,55.6515465776896,0.0,0.0,44.3457480385968,8.0,7.566844647675894,0.0,0.0,0.0,1.0,0.0,7.3
162.0,6.0,7.0,10.7956562282299,106.706852056258,0.0,18.827244701348747,15.081788755498186,868.3,1,0,0,0,0,0,24.624921090794228,78.585742254981,0.0,0.0,21.408499366578372,41.0,2.27418705515592,0.0,0.0,0.0,1.0,0.0,51.0
203.0,2.0,10.0,10.839029830396,106.6489584381,3.0,11.098013468022373,23.820911987062647,108.6,0,1,0,0,1,0,10.107421869117639,37.651933701657455,0.0,0.0,62.3572744014733,6.0,9.030719471346366,0.0,0.0,0.0,1.0,0.0,21.0
72.0,3.0,5.0,10.8298100181314,106.702253812716,0.0,18.827244701348747,16.235786892588425,2379.9,0,0,1,0,0,1,19.23866524947719,7.752426572545065,0.0,0.0,92.24757342745494,8.0,5.984728055460513,0.0,0.0,0.0,1.0,0.0,11.3
102.0,3.0,13.3,10.8010093414656,106.633266918361,0.0,14.87073929990493,14.237298722437757,174.4,1,1,1,0,1,1,19.567814035091047,0.0,0.0,0.0,100.0,8.0,7.914058621436539,0.0,0.0,0.0,1.0,0.0,14.99
20.0,4.0,4.6,10.8070927644667,106.695407072586,2.0,18.827244701348747,15.288713651298618,970.7,1,0,0,0,0,1,13.941385937429175,4.69867106212012,0.0,0.0,95.30029875347688,7.0,3.512832756576685,0.0,0.0,0.0,1.0,0.0,4.65
73.0,3.0,6.0,10.6929231953466,106.741125462558,2.0,8.131668552257471,7.431275025157785,3078.9,1,0,0,0,0,0,8.354727166160457,90.07047971678196,0.0,0.0,9.929195491896458,9.0,10.220389669093588,0.0,0.0,0.0,0.0,1.0,7.19
146.0,2.0,7.4,10.6786351108618,106.703520193673,3.0,8.131668552257471,11.187905093453665,792.1,0,0,0,0,0,1,17.842956174323437,7.949753818962252,92.05403358161848,0.0,0.0,6.0,10.829710009770158,0.0,0.0,0.0,1.0,0.0,9.99
27.0,4.0,12.0,10.7555747153547,106.703320095503,3.0,12.968707708226514,18.093318479606467,21.3,1,0,0,0,0,1,17.352177179339265,0.0,0.0,0.0,99.906103286385,7.0,2.284099425562889,0.0,0.0,0.0,0.0,1.0,4.45
120.0,4.0,7.2,10.8767458624451,106.746771181933,0.0,15.48107692307722,16.424313862581496,,0,0,1,0,0,1,20.25050569105691,,,,,10.0,12.262735180022624,0.0,0.0,0.0,1.0,0.0,13.8
349.0,3.0,11.3,10.38624859163084,106.91987120548391,3.0,19.383985295609417,20.086701866981706,,0,0,0,0,1,1,19.567814035091047,,,,,9.0,49.49772922370417,0.0,1.0,0.0,1.0,0.0,39.437
50.0,4.0,12.0,10.866496,106.68464,0.0,8.826587030733174,8.427513172672999,4113.0,0,0,0,0,0,0,20.25050569105691,95.2351081935327,0.0,0.0,4.765134938001459,9.0,10.22201821669345,0.0,0.0,0.0,0.0,1.0,7.49
45.0,2.0,4.0,10.7570349608801,106.586093168374,2.0,10.737500000006847,13.482984203694478,156.9,0,0,1,0,0,0,13.472608342303552,28.52135117909496,71.49776927979605,0.0,0.0,4.0,12.738822335499174,0.0,0.0,1.0,0.0,0.0,2.8
62.0,3.0,10.0,10.867711967103,106.626582868703,3.0,8.826587030733174,9.23912502081522,,1,0,0,0,0,0,18.20183555273926,,,,,7.0,13.047357638100202,0.0,0.0,0.0,0.0,1.0,6.8
46.0,4.0,5.0,10.7879833771044,106.678243361849,2.0,54.46617152529408,16.235786892588425,908.1,1,0,0,0,0,1,24.641850909075103,97.96608303050324,0.0,0.0,2.032815769188415,9.0,2.830002281898613,0.0,0.0,0.0,1.0,0.0,12.8
30.0,5.0,2.0,10.7920047833932,106.67147611717,0.0,18.63592086332186,16.235786892588425,1661.2,1,0,0,0,0,1,13.842079023496492,80.9198169997592,0.0,0.0,19.080784974717073,7.0,3.692951550734831,0.0,0.0,0.0,0.0,1.0,8.9
54.0,2.0,5.0,10.8670229641876,106.734796630695,0.0,15.48107692307722,17.332544455579256,,0,0,0,0,0,0,17.208721774105186,,,,,7.0,10.769627603761284,0.0,0.0,0.0,0.0,1.0,4.8
52.0,3.0,10.0,10.7888581097033,106.799962166633,0.0,19.053737403258268,23.42179327737413,,0,1,1,0,0,0,20.25050569105691,,,,,8.0,10.893124381081504,0.0,0.0,0.0,0.0,1.0,6.7
90.0,4.0,15.0,10.879043,106.55251,0.0,9.79203162611253,14.844224781192123,34049.8,0,0,0,0,0,0,19.567814035091047,0.0,10.637712996845796,89.36234574065045,0.0,10.0,19.865558003385125,0.0,1.0,0.0,1.0,0.0,9.0
53.0,3.0,6.0,10.7078773396779,106.734809388384,2.0,17.789285714285825,18.28632481919144,4661.4,0,1,1,0,1,0,8.354727166160457,49.420560346676965,33.51182048311666,0.0,17.06719011455786,9.0,8.422635192738525,0.0,0.0,0.0,0.0,1.0,7.6
344.0,3.0,15.3,10.7827876580166,106.686774655783,0.0,54.46617152529408,106.67729565230768,6225.9,0,0,0,0,0,1,47.644452285713,97.26256444851349,1.0091713647826015,0.0,1.728585425400344,9.0,1.7373098198550012,0.0,0.0,0.0,1.0,0.0,160.0
47.0,2.0,10.0,10.7828203512244,106.626556690738,3.0,14.87073929990493,17.499103454001883,4397.1,0,0,0,0,0,1,19.708026665344153,98.9588592481408,0.0,0.0,1.0400036387619112,9.0,8.177818662996287,0.0,0.0,1.0,0.0,0.0,7.3
66.0,3.0,8.3,10.8681461541981,106.622599186182,3.0,8.826587030733174,14.285467555474675,,1,0,1,0,0,1,17.671025386590237,,,,,8.0,13.360080081559516,0.0,0.0,0.0,1.0,0.0,5.55
22.0,3.0,10.0,10.7845657133379,106.627004553443,3.0,14.87073929990493,12.804496961724974,66.9,0,0,0,0,0,0,20.25050569105691,7.787742899850522,0.0,0.0,92.18236173393124,5.0,8.149483087653705,0.0,0.0,1.0,0.0,0.0,3.99
100.0,4.0,6.0,10.79850062581,106.591726575181,3.0,10.737500000006847,13.71334205498395,2245.1,1,1,1,0,0,0,17.356189685781594,44.166852256024235,55.83403857289208,0.0,0.0,9.0,12.20603140220872,0.0,0.0,0.0,1.0,0.0,6.2
101.0,5.0,6.0,10.7745228011044,106.664377913177,2.0,24.737282299672927,15.61262632367065,5455.0,1,0,0,0,0,0,19.759740783443462,35.629514207149406,0.0,0.0,64.36498625114574,13.0,4.014674721089232,0.0,0.0,0.0,1.0,0.0,24.6
102.0,3.0,20.0,10.8051155871056,106.790107450681,0.0,19.053737403258268,23.42179327737413,,0,0,0,0,1,0,20.87381731865282,,,,,6.0,10.247055675738766,0.0,0.0,0.0,0.0,1.0,18.9
100.0,5.0,8.0,10.8306301563765,106.705326254277,0.0,18.827244701348747,16.235786892588425,6964.9,0,1,1,0,0,1,19.425983461480996,23.7088831138997,0.0,0.0,76.29068615486224,14.0,6.092109836475,0.0,0.0,0.0,0.0,1.0,14.8
156.0,4.0,7.0,10.8123878451955,106.668783032353,2.0,19.38917355371901,20.918551142754602,631.2,1,0,0,0,1,0,21.344748464934785,0.0,0.0,0.0,99.99366286438529,13.0,5.369495064917586,0.0,0.0,1.0,0.0,0.0,26.6
80.0,4.0,20.0,10.7978578504029,106.737854291008,3.0,38.647438220481845,44.55718221916659,,0,0,0,0,1,0,20.25050569105691,,,,,8.0,4.693065098725946,0.0,0.0,1.0,0.0,0.0,18.6
68.0,6.0,12.5,10.7861964989909,106.627528852788,0.0,14.87073929990493,12.804496961724974,1446.5,0,0,0,0,0,1,19.567814035091047,14.246802627030764,0.0,0.0,85.75388869685449,13.0,8.115926545992533,0.0,0.0,1.0,0.0,0.0,7.6
56.0,3.0,7.166666666666667,10.8036545232879,106.685101790571,0.0,18.63592086332186,24.56391683041859,1402.3,0,0,0,0,0,1,21.719959264527965,77.21029736860872,0.0,0.0,22.790415745560864,8.0,3.5368823128354507,0.0,0.0,0.0,0.0,1.0,7.4
305.0,3.0,8.0,10.7702860154473,106.689107824434,3.0,53.75818181817839,80.81249751703449,350.3,0,0,0,0,0,1,45.02458601201859,2.563516985441051,0.0,97.43362831858408,0.0,33.0,1.455919886797109,0.0,1.0,0.0,1.0,0.0,350.0
50.0,4.0,5.333333333333334,10.8417105451728,106.643543877141,3.0,11.098013468022373,20.454141465138118,1567.6,1,1,1,0,0,1,10.107421869117639,84.73653993365654,0.0,0.0,15.263460066343455,8.0,9.638797449304432,0.0,0.0,0.0,1.0,0.0,5.9
70.0,4.0,6.0,10.8422943783293,106.6306287519,2.0,8.826587030733174,15.500554052311237,237.3,1,1,0,0,0,0,16.846557206889077,62.86135693215339,0.0,0.0,37.13442899283607,9.0,10.657601234862671,0.0,1.0,0.0,0.0,1.0,10.45
100.0,3.0,8.0,10.82310149069184,106.71985085549272,0.0,15.48107692307722,14.40074884671146,,0,0,0,0,1,0,18.26879785280932,,,,,8.0,5.623650734870903,0.0,0.0,0.0,0.0,1.0,11.0
90.0,6.0,30.0,10.8485970032471,106.586765223102,0.0,8.826587030733174,15.780638971822933,64.5,0,0,0,0,0,1,17.676519361145083,0.0,0.0,0.0,99.95348837209302,10.0,14.869690635641511,0.0,0.0,0.0,1.0,0.0,6.0
44.0,5.0,5.5,10.8349479103499,106.639389245449,0.0,11.098013468022373,20.454141465138118,126.4,0,0,0,0,0,1,20.25050569105691,0.0,0.0,0.0,99.96835443037976,9.0,9.401875163249956,0.0,0.0,0.0,0.0,1.0,6.5
25.0,2.0,5.0,10.8060387988898,106.711395599264,2.0,18.827244701348747,23.596282954466844,333.3,1,1,1,1,0,0,20.263535304628697,37.45874587458746,62.529252925292525,0.0,0.0,5.0,3.524393479230018,0.0,0.0,0.0,1.0,0.0,3.95
183.0,6.0,25.0,10.8453772689787,106.726230735947,3.0,15.48107692307722,14.40074884671146,,0,0,0,0,0,0,18.903841583700096,,,,,2.0,8.188161328279469,0.0,0.0,0.0,1.0,0.0,32.0
70.0,4.0,8.0,10.7662856305597,106.683027121958,0.0,18.827244701348747,20.460368357652627,1877.5,0,0,0,0,0,0,22.511366997733134,96.83302263648469,0.0,0.0,3.1675099866844207,12.0,2.250399232834557,0.0,0.0,1.0,0.0,0.0,26.68
46.0,2.0,4.666666666666666,10.8426434260084,106.642474408574,0.0,11.098013468022373,15.61262632367065,4018.4,0,1,1,1,1,1,10.107421869117639,82.11253235118456,0.0,0.0,17.887965359347003,4.0,9.793629839433262,0.0,0.0,0.0,0.0,1.0,4.2
115.0,5.0,8.0,10.8227863537834,106.639831792563,2.0,19.38917355371901,15.923197269929185,110.0,1,1,0,0,0,0,18.639005558576912,0.0,0.0,0.0,100.0,29.0,8.476356704894638,0.0,0.0,0.0,0.0,1.0,11.5
68.0,6.0,30.0,10.736970476603,106.628200891012,3.0,12.006306645336863,14.561953480312356,58.4,0,1,1,0,0,0,20.586367962736855,0.0,0.0,0.0,99.93150684931508,17.0,9.069357575051349,0.0,0.0,0.0,0.0,1.0,15.2
58.0,4.0,3.0,10.7261940876045,106.73338564985,1.0,17.789285714285825,8.648767860862735,134.9,1,0,0,0,1,0,8.354727166160457,0.0,0.0,0.0,99.9925871015567,9.0,6.5658882351727845,0.0,0.0,0.0,0.0,1.0,7.7
400.0,6.0,20.3,10.7844694465467,106.642119305642,3.0,14.87073929990493,21.72974125281273,13875.5,0,0,0,0,0,1,22.259407193155763,24.15812042809268,75.84202371085728,0.0,0.0,9.0,6.511078861978512,0.0,0.0,0.0,1.0,0.0,120.0
45.0,4.0,4.0,10.7261720815989,106.733774668628,3.0,17.789285714285825,8.648767860862735,1889.4,1,1,0,0,0,0,8.354727166160457,70.85000529268551,0.0,0.0,29.14999470731449,9.0,6.590871068348765,0.0,0.0,0.0,0.0,1.0,5.99
16.0,3.0,3.0,10.7867709331174,106.62801634591,3.0,14.87073929990493,12.804496961724974,604.8,0,0,1,0,0,0,20.25050569105691,0.0,0.0,0.0,99.99834656084656,4.0,8.072423974544641,0.0,1.0,0.0,0.0,1.0,1.78
33.0,5.0,4.7,10.7658046538604,106.663559425778,0.0,24.737282299672927,15.61262632367065,3138.0,1,0,0,0,0,1,32.67330086593139,84.95251752708731,0.0,0.0,15.037284894837477,6.0,4.254597628710893,0.0,0.0,0.0,1.0,0.0,8.2
57.0,4.0,9.0,10.7932912668384,106.73065243687,3.0,38.647438220481845,23.346267146280812,,0,0,0,1,0,0,17.667251633927393,,,,,8.0,3.757262904377195,0.0,0.0,0.0,0.0,1.0,9.3
59.0,4.0,4.0,10.8193368096943,106.702411183011,0.0,18.827244701348747,16.235786892588425,1911.6,0,0,0,0,0,0,13.941385937429175,95.7951454279138,0.0,0.0,4.203285206110065,9.0,4.820961085442753,0.0,0.0,0.0,0.0,1.0,8.9
95.0,2.0,6.0,10.8199641248378,106.703845598261,2.0,18.827244701348747,16.235786892588425,1688.7,1,0,1,0,0,0,13.930220361551154,80.76686208325931,12.387635459228992,0.0,6.847278971990288,5.0,4.897777421131465,0.0,0.0,0.0,1.0,0.0,12.5
50.0,3.0,5.5,10.8740709535251,106.68760176748,0.0,8.826587030733174,8.427513172672999,1926.4,0,0,0,0,0,1,20.25050569105691,0.0,0.0,0.0,99.99740448504984,8.0,11.004190271374917,0.0,0.0,0.0,1.0,0.0,6.1
120.0,3.0,6.0,10.767278,106.77869,3.0,38.647438220481845,16.791900388268562,,0,0,0,0,0,0,19.670082156392432,,,,,9.0,8.530902658575325,0.0,0.0,0.0,0.0,1.0,15.5
74.0,1.0,8.0,10.7929190313921,106.623240587172,0.0,14.87073929990493,9.35870800879073,58.7,1,1,0,0,0,0,17.7630098784105,0.0,0.0,0.0,100.0,2.0,8.710258537545474,0.0,0.0,0.0,1.0,0.0,6.65
100.0,3.0,12.0,10.7913067757418,106.661918961629,3.0,19.38917355371901,15.149860937399001,750.6,1,0,0,0,0,1,18.099052454874375,99.77351452171597,0.0,0.0,0.2278177458033573,13.0,4.605819913278706,0.0,0.0,0.0,1.0,0.0,17.0
84.0,5.0,4.0,10.7758391923197,106.769319456071,3.0,38.647438220481845,16.791900388268562,,1,0,0,0,0,0,19.567814035091047,,,,,11.0,7.451912738848468,0.0,0.0,1.0,0.0,0.0,8.48
143.0,6.0,6.0,10.8389487968058,106.665010684822,3.0,11.098013468022373,16.924787565129154,957.5,0,1,0,0,0,0,18.21396773749808,11.32219321148825,0.0,0.0,88.67362924281984,41.0,8.033166691447889,0.0,0.0,0.0,0.0,1.0,18.9
66.0,1.0,3.0,10.7033675228425,106.703876423949,3.0,8.131668552257471,13.173106254134565,509.0,0,0,1,0,0,0,8.502652923904137,46.37524557956778,0.0,0.0,53.61493123772102,8.0,8.082056655443807,0.0,0.0,1.0,0.0,0.0,3.33
127.0,7.0,17.9,10.7697416324461,106.688361032705,0.0,53.75818181817839,50.13266841725762,1860.6,0,0,0,0,1,1,45.02458601201859,90.0021498441363,0.0,9.9957003117274,0.0,10.0,1.5558499806782202,0.0,0.0,0.0,1.0,0.0,80.0
204.0,4.0,18.0,10.8044241524489,106.728677325377,3.0,38.647438220481845,58.28290665694527,,0,0,0,0,0,0,20.25050569105691,,,,,17.0,4.366134038621648,0.0,0.0,0.0,0.0,1.0,34.0
88.0,4.0,12.0,10.6929742185444,106.741280206813,3.0,8.131668552257471,7.431275025157785,3078.9,0,0,0,0,0,0,8.354727166160457,90.07047971678196,0.0,0.0,9.929195491896458,9.0,10.222509837265394,0.0,0.0,1.0,0.0,0.0,8.8
83.0,4.0,12.0,10.7886935961157,106.62264693934,3.0,14.87073929990493,12.804496961724974,28.4,0,1,0,0,0,0,20.25050569105691,93.52112676056338,0.0,0.0,6.443661971830987,8.0,8.685027684593813,0.0,0.0,0.0,1.0,0.0,9.8
86.0,7.0,10.0,10.7871349816685,106.666178614072,3.0,54.46617152529408,16.924787565129154,661.2,0,0,0,0,0,0,14.535280883434632,0.0,0.0,0.0,99.99546279491832,30.0,4.010448804482207,0.0,0.0,0.0,1.0,0.0,35.5
80.0,4.0,10.8,10.7929592355379,106.6768931592,3.0,18.63592086332186,16.924787565129154,581.5,0,1,0,1,0,1,20.107903413527687,0.0,100.0,0.0,0.0,8.0,3.2477118595886365,0.0,0.0,0.0,1.0,0.0,21.0
46.0,3.0,5.45,10.7860218191773,106.671587186393,0.0,54.46617152529408,16.924787565129154,22.3,1,0,0,0,0,1,14.535280883434632,40.76233183856502,0.0,0.0,59.05829596412556,11.0,3.4109243472428323,0.0,0.0,0.0,0.0,1.0,9.5
452.0,3.0,24.0,10.8065328325266,106.778674666381,3.0,19.053737403258268,20.177656837434043,,0,0,0,0,1,0,19.567814035091047,,,,,13.0,9.128232260239995,0.0,0.0,0.0,1.0,0.0,52.0
152.0,4.0,7.5,10.806187,106.76898,0.0,38.647438220481845,44.55718221916659,,0,0,0,0,0,1,19.567814035091047,,,,,13.0,8.138852294085167,0.0,1.0,0.0,1.0,0.0,66.9
37.0,4.0,6.4,10.8481451177547,106.647752604695,0.0,11.098013468022373,15.61262632367065,6457.2,0,0,0,0,0,1,11.178588935354508,4.486154989778852,0.0,92.17183918726384,3.342005822957319,7.0,9.91489390771361,0.0,0.0,0.0,0.0,1.0,5.68
120.0,4.0,6.0,10.8413306847185,106.725743309905,0.0,15.48107692307722,14.40074884671146,,0,0,0,0,0,1,19.567814035091047,,,,,9.0,7.747050433614809,0.0,0.0,0.0,1.0,0.0,17.2
36.0,4.0,3.0,10.8157537294806,106.695361587706,0.0,18.827244701348747,16.924787565129154,76.2,0,0,0,0,0,1,14.324407498016885,69.23884514435696,0.0,0.0,30.76115485564305,8.0,4.464629379759953,0.0,0.0,0.0,0.0,1.0,6.85
40.0,2.0,5.672727272727272,10.8333354270832,106.721633628672,0.0,15.48107692307722,14.40074884671146,,0,0,1,0,0,1,20.25050569105691,,,,,2.0,6.7583872589172715,0.0,0.0,0.0,1.0,0.0,3.1
51.0,3.0,4.9,10.7264728663674,106.73354296111,2.0,17.789285714285825,8.648767860862735,1889.4,1,1,1,1,1,1,8.354727166160457,70.85000529268551,0.0,0.0,29.14999470731449,5.0,6.549046028173324,0.0,0.0,0.0,0.0,1.0,5.75
32.0,2.0,3.0,10.7475858603767,106.685434396223,0.0,9.364834955468142,20.918551142754602,1309.7,0,0,0,0,0,0,17.700526196299407,82.73421394212414,0.0,0.0,17.268076658776817,4.0,3.5931927696996864,0.0,0.0,0.0,1.0,0.0,4.2
93.0,2.0,13.0,10.7757760767054,106.631020034855,0.0,14.87073929990493,15.971912456276133,1517.0,0,0,0,0,0,0,20.25050569105691,95.28279499011208,0.0,0.0,4.719841793012524,10.0,7.655163626148688,0.0,0.0,1.0,0.0,0.0,15.9
113.0,1.0,4.0,10.6786513659158,106.753477084806,3.0,8.131668552257471,11.712567766934,251.2,1,0,0,0,1,0,8.354727166160457,6.95063694267516,0.0,0.0,0.0,8.0,12.244105309205262,0.0,0.0,0.0,0.0,1.0,6.79
86.0,4.0,12.0,10.7602059635293,106.669912117894,3.0,29.82381843840417,24.56391683041859,1395.0,0,0,0,0,0,1,20.25050569105691,84.12759856630824,0.0,0.0,15.898924731182795,13.0,3.8328908737234864,0.0,0.0,0.0,1.0,0.0,27.8
30.0,2.0,5.0,10.7647976493766,106.695315188081,3.0,53.75818181817839,22.30565215020024,64.6,0,0,0,0,0,1,25.885724961203408,0.0,0.0,0.0,99.93808049535605,2.0,1.3967609105018783,0.0,0.0,0.0,1.0,0.0,5.2
70.0,3.0,6.0,10.7487435585006,106.683389366938,3.0,9.364834955468142,18.930998084736483,1580.3,0,0,0,0,0,1,20.25050569105691,99.4285895083212,0.5695121179522876,0.0,0.0,9.0,3.595643074006413,1.0,0.0,0.0,1.0,0.0,7.5
48.0,2.0,6.0,10.740293929864,106.700958833098,0.0,17.789285714285825,17.287883938053668,498563.61,0,1,1,0,0,0,22.174529617989272,95.4990898754123,0.0,0.1154456499542756,4.385462468871324,4.0,3.9703637980221114,0.0,0.0,0.0,0.0,1.0,5.29
87.0,4.0,19.5,10.7728775445107,106.68677843978,3.0,54.46617152529408,15.149860937399001,45.5,0,0,0,0,0,1,33.51253090281875,19.208791208791208,0.0,0.0,80.7032967032967,10.0,1.6024758853801635,0.0,0.0,0.0,1.0,0.0,39.0
59.0,3.0,5.0,10.7983840371662,106.630761938654,3.0,14.87073929990493,14.237298722437757,56.5,1,0,0,0,0,1,18.686154441087304,0.0,0.0,0.0,100.0,6.0,8.076136891340933,0.0,0.0,0.0,1.0,0.0,5.7
94.0,4.0,12.0,10.67500868168,106.698179471047,3.0,8.131668552257471,11.187905093453665,789.3,1,1,1,0,1,0,8.502652923904137,42.14873938933232,0.0,0.0,57.848726719878385,8.0,11.234254315818609,0.0,0.0,1.0,0.0,0.0,8.9
87.0,4.0,19.5,10.7793613452089,106.769162844974,3.0,38.647438220481845,16.791900388268562,,0,0,0,1,0,1,20.25050569105691,,,,,10.0,7.444129664042394,0.0,0.0,0.0,1.0,0.0,9.0
50.0,4.0,4.0,10.7178064721673,106.622686812597,0.0,9.364834955468142,9.674953215540254,1485.6,0,0,0,0,0,0,20.25050569105691,8.486806677436725,0.0,0.0,91.51386645126549,7.0,10.735533341415504,0.0,0.0,0.0,1.0,0.0,5.5
178.0,4.0,17.65,10.7738908241205,106.628185740838,0.0,14.87073929990493,15.971912456276133,1008.3,0,0,0,0,0,1,20.25050569105691,57.3103243082416,0.0,0.0,42.693642765050086,7.0,7.968201900555354,0.0,1.0,0.0,1.0,0.0,23.0
80.0,4.0,8.0,10.6784140293201,106.753510454745,3.0,8.131668552257471,11.712567766934,8606.4,1,1,1,0,1,0,8.354727166160457,89.89531046662948,0.0,0.0,0.0,9.0,12.269144787988722,0.0,0.0,0.0,0.0,1.0,8.6
32.0,1.0,3.0,10.7566232398692,106.586053209652,3.0,10.737500000006847,13.482984203694478,2068.1,0,1,1,0,0,0,13.472608342303552,0.0,55.96247763647793,0.0,44.03752236352207,6.0,12.750791707026297,0.0,0.0,0.0,1.0,0.0,2.4
97.0,2.0,3.0,10.8570247683898,106.613753857594,2.0,8.826587030733174,14.285467555474675,,1,1,1,0,1,0,20.25050569105691,,,,,10.0,13.121788373060085,0.0,0.0,0.0,1.0,0.0,4.8
95.0,5.0,40.0,10.800038315199,106.777840087868,3.0,38.647438220481845,44.55718221916659,,0,0,0,0,0,0,23.716488155468518,,,,,11.0,8.798154129457695,0.0,0.0,1.0,0.0,0.0,31.8
59.0,2.0,8.9,10.8713944596543,106.677420334698,0.0,8.826587030733174,8.427513172672999,2984.4,1,0,0,0,0,1,17.729439434140414,0.0,0.0,0.0,100.0,5.0,10.918105099615213,0.0,0.0,0.0,0.0,1.0,4.73
100.0,4.0,13.25,10.7951399540807,106.775700912838,3.0,38.647438220481845,44.55718221916659,,0,0,0,0,0,1,20.586367962736855,,,,,9.0,8.42204664453335,0.0,1.0,0.0,1.0,0.0,17.5
68.0,5.0,7.9,10.7724592517627,106.669554602126,3.0,24.737282299672927,20.454141465138118,67.0,0,0,0,0,0,1,26.807768326301748,0.0,0.0,0.0,100.0,9.0,3.468272018606405,0.0,1.0,0.0,1.0,0.0,39.0
65.0,4.0,5.0,10.8005275527098,106.789328448888,2.0,38.647438220481845,16.791900388268562,,1,1,1,1,0,0,20.25050569105691,,,,,8.0,10.015649627129108,0.0,0.0,1.0,0.0,0.0,6.0
170.0,5.0,18.5,10.8024053238791,106.641532993353,0.0,19.38917355371901,16.235786892588425,8379.7,0,0,0,0,0,1,28.509028490145873,82.14912228361398,14.234638471544326,1.317827607193575,2.2981729656192944,16.0,7.1382733386865045,0.0,1.0,0.0,1.0,0.0,20.5
105.0,5.0,20.0,10.8159185616772,106.695212277834,3.0,18.827244701348747,16.924787565129154,736.3,0,0,0,0,0,1,14.324407498016885,93.2106478337634,0.0,0.0,6.787994024174929,9.0,4.485086448103124,0.0,0.0,0.0,1.0,0.0,22.0
79.0,3.0,8.0,10.7927237390064,106.591234828623,3.0,10.737500000006847,13.71334205498395,859.2,0,1,0,0,0,0,20.391985999466947,31.87732774674115,9.72998137802607,0.0,58.3915270018622,7.0,12.143911297682534,0.0,0.0,0.0,0.0,1.0,6.4
62.0,3.0,5.0,10.8079069131916,106.688574250872,0.0,19.38917355371901,16.235786892588425,810.5,0,1,1,0,0,0,24.873898992866078,9.839605181986428,0.0,0.0,90.15545959284393,5.0,3.802549096010379,0.0,0.0,0.0,1.0,0.0,8.9
34.0,4.0,4.0,10.8197882614596,106.674801255784,0.0,11.098013468022373,15.13100312673361,54.6,1,1,0,1,1,1,20.25050569105691,14.981684981684982,0.0,84.94505494505495,0.0,7.0,5.653210629821086,0.0,0.0,0.0,1.0,0.0,5.5
153.0,3.0,25.2,10.7518301944619,106.701900320137,3.0,17.789285714285825,17.287883938053668,498563.61,0,0,0,0,0,1,13.55522012715968,95.4990898754123,0.0,0.1154456499542756,4.385462468871324,8.0,2.688981348031982,0.0,0.0,0.0,1.0,0.0,9.5
128.0,4.0,20.9,10.7453919272272,106.630059559189,3.0,12.006306645336863,16.924787565129154,80.1,0,1,0,0,1,1,20.25050569105691,0.0,0.0,0.0,99.97503121098627,12.0,8.473951077228689,0.0,0.0,0.0,1.0,0.0,36.0
123.0,3.0,30.0,10.7867804881357,106.690590246535,0.0,54.46617152529408,106.67729565230768,105.5,0,0,0,0,0,0,29.34260834230355,17.668246445497633,0.0,0.0,82.32227488151658,6.0,1.6597822464060008,0.0,0.0,0.0,1.0,0.0,29.0
98.0,5.0,20.0,10.7881912097804,106.677264419456,3.0,54.46617152529408,15.61262632367065,1673.6,0,0,0,0,0,0,24.641850909075103,65.02449808795411,0.0,0.0,34.97490439770555,11.0,2.9353724904033114,0.0,0.0,0.0,1.0,0.0,38.0
68.0,3.0,8.0,10.8042276978865,106.819896195084,0.0,19.053737403258268,12.780266996675284,,1,0,0,0,0,0,30.56532612762346,,,,,7.0,13.350208715496931,0.0,0.0,0.0,0.0,1.0,7.0
43.0,5.0,6.733333333333334,10.7622172574159,106.670473488424,3.0,24.737282299672927,15.13100312673361,1348.0,0,1,1,1,1,1,20.25050569105691,94.9005934718101,0.0,0.0,5.136498516320474,7.0,3.67986144701321,0.0,0.0,0.0,1.0,0.0,30.0
486.0,2.0,16.9,10.7809476603169,106.686073560478,0.0,54.46617152529408,106.67729565230768,3780.7,0,0,0,0,0,1,20.25050569105691,95.81294469278176,0.0,4.186261803369747,0.0,14.0,1.7311318363529862,0.0,1.0,0.0,1.0,0.0,100.0
55.0,3.0,6.0,10.828756841271266,106.62004362791777,0.0,8.826587030733174,15.780638971822933,16665.5,0,1,1,0,0,1,17.676519361145083,11.868470792955508,0.0,88.13164921544508,0.0,8.0,10.620500864634591,0.0,0.0,0.0,1.0,0.0,7.0
80.0,6.0,20.0,10.847034312621,106.65679586104,3.0,11.098013468022373,24.56391683041859,405.7,1,0,0,1,0,0,20.18744094190726,13.512447621395122,0.0,0.0,86.49001725412867,13.0,9.26305487671751,0.0,0.0,0.0,0.0,1.0,15.68
82.0,4.0,10.666666666666668,10.8674535923002,106.626668380379,2.0,8.826587030733174,9.23912502081522,,0,0,1,0,0,1,18.20183555273926,,,,,9.0,13.019082994087826,0.0,0.0,0.0,0.0,1.0,11.0
47.0,4.0,8.333333333333332,10.7966060272589,106.690946840189,3.0,18.63592086332186,20.918551142754602,,0,0,0,0,0,1,20.25050569105691,,,,,9.0,2.545573497901328,0.0,0.0,0.0,1.0,0.0,18.0
55.0,3.0,7.0,10.8708257584932,106.685561447789,3.0,8.826587030733174,8.427513172672999,3406.2,0,1,0,0,1,0,20.25050569105691,9.924549351183137,0.0,0.0,90.07486348423464,7.0,10.679841198617456,0.0,0.0,0.0,0.0,1.0,5.85
34.0,4.0,6.0,10.8389825357571,106.648719929254,0.0,11.098013468022373,23.820911987062647,2080.4,1,1,0,0,1,0,10.107421869117639,97.5336473755047,0.0,0.0,2.464910594116516,7.0,9.043097263863292,0.0,0.0,0.0,0.0,1.0,6.6
40.0,4.0,7.0,10.7571571696365,106.703238029013,0.0,12.968707708226514,18.093318479606467,40.3,1,0,0,0,0,0,19.567814035091047,0.1985111662531017,0.0,0.0,99.75186104218363,7.0,2.108203913212272,0.0,0.0,0.0,0.0,1.0,8.2
89.0,4.0,9.0,10.8082514567839,106.706215217661,3.0,18.827244701348747,20.47473566303819,54.1,0,0,0,0,0,1,15.076317258595626,18.46580406654344,0.0,0.0,81.62661737523105,13.0,3.629461893087353,0.0,1.0,0.0,1.0,0.0,21.5
115.0,3.0,23.0,10.7915825628237,106.64413095217,3.0,19.38917355371901,14.561953480312356,215.0,0,1,0,1,0,1,21.404741776747944,0.0,0.0,100.0,0.0,12.0,6.459527721719749,0.0,0.0,0.0,1.0,0.0,18.0
42.0,2.0,3.6666666666666665,10.7665032296315,106.627340184513,3.0,14.87073929990493,15.971912456276133,1648.3,0,0,0,0,0,1,20.25050569105691,0.0,0.0,0.0,99.99939331432384,4.0,8.126117892069551,0.0,0.0,1.0,0.0,0.0,4.6
67.0,4.0,8.0,10.6848324827652,106.750185179609,3.0,8.131668552257471,7.431275025157785,,1,1,1,0,1,0,11.761918800261277,,,,,9.0,11.468368781844095,0.0,0.0,0.0,0.0,1.0,7.69
328.0,4.0,23.7,10.8029832786687,106.731296369784,3.0,38.647438220481845,58.28290665694527,,0,0,0,0,0,1,20.25050569105691,,,,,10.0,4.45885272841473,0.0,0.0,0.0,1.0,0.0,129.0
66.0,2.0,20.0,10.7993003540195,106.693638352476,3.0,18.827244701348747,15.13100312673361,135.1,0,0,0,1,0,0,18.133914647361333,20.66617320503331,0.0,0.0,79.30421909696521,5.0,2.7160534946342993,0.0,0.0,0.0,1.0,0.0,7.65
90.0,3.0,6.0,10.8590584829555,106.739180398412,0.0,15.48107692307722,18.44965540212791,,1,0,0,0,1,0,20.25050569105691,,,,,8.0,10.128965818895995,0.0,0.0,0.0,0.0,1.0,10.5
49.0,5.0,8.0,10.79735338886,106.689196206136,3.0,18.63592086332186,18.83383064658232,,1,1,0,0,1,1,21.40910965668906,,,,,9.0,2.707098205999638,0.0,0.0,0.0,0.0,1.0,16.5
47.0,5.0,6.0,10.8233642185054,106.701833738118,0.0,18.827244701348747,16.235786892588425,45.4,1,0,0,0,0,0,13.930220361551154,0.0,0.0,0.0,99.91189427312776,11.0,5.267270535047471,0.0,0.0,0.0,1.0,0.0,9.0
51.0,2.0,3.0,10.8559873057635,106.736922617964,0.0,15.48107692307722,18.44965540212791,,0,1,1,1,0,1,20.25050569105691,,,,,8.0,9.716705753795852,0.0,0.0,0.0,0.0,1.0,6.5
40.0,5.0,12.0,10.7555258555471,106.605916620627,0.0,10.737500000006847,19.36213730687916,303.5,0,1,0,0,0,0,21.171574122196656,1.7397034596375618,0.0,0.0,98.27018121911036,9.0,10.643944000838689,0.0,0.0,0.0,0.0,1.0,7.25
95.0,3.0,4.0,10.7502029635568,106.71566169709,2.0,17.789285714285825,14.8877491993957,151.8,1,1,1,0,0,0,18.207540931800263,5.830039525691699,0.0,0.0,94.16337285902505,6.0,3.2800337667962625,0.0,0.0,0.0,0.0,1.0,12.3
45.0,2.0,3.0,10.7046359105482,106.735152131832,0.0,17.789285714285825,18.28632481919144,214.7,0,0,0,0,0,0,18.51970680326955,19.646017699115045,0.0,0.0,80.33069399161622,6.0,8.764044187798804,0.0,0.0,0.0,0.0,1.0,6.59
57.0,5.0,6.0,10.7614837334744,106.666845414847,3.0,24.737282299672927,15.149860937399001,868.0,1,1,0,1,0,0,20.25050569105691,80.2684331797235,0.0,0.0,19.74884792626728,24.0,4.075160722132813,0.0,0.0,0.0,0.0,1.0,8.9
32.0,4.0,4.0,10.772477946782,106.684450106326,0.0,54.46617152529408,18.093318479606467,9245.1,0,1,1,1,0,1,35.13373860631083,53.352803106510486,0.0,12.096570074958626,34.55019415690474,7.0,1.8604343642409369,0.0,0.0,0.0,0.0,1.0,8.68
95.0,4.0,6.0,10.7446128855908,106.697257156841,0.0,17.789285714285825,17.287883938053668,19302.44,1,1,1,0,0,0,19.567814035091047,0.0,0.0,0.0,100.0,8.0,3.51524368495261,0.0,0.0,0.0,0.0,1.0,12.5
53.0,4.0,5.0,10.8086381221266,106.687984248305,3.0,18.827244701348747,20.339947871608835,249.0,1,0,0,0,0,1,24.873898992866078,5.208835341365462,0.0,0.0,94.80722891566263,7.0,3.9017195592442104,0.0,0.0,0.0,1.0,0.0,9.2
120.0,3.0,12.0,10.771362,106.776474,0.0,38.647438220481845,16.791900388268562,,0,0,0,0,1,0,21.788667863727383,,,,,6.0,8.249608601223471,0.0,0.0,0.0,0.0,1.0,16.5
186.0,6.0,19.5,10.8041562609188,106.659148010137,3.0,19.38917355371901,18.093318479606467,126.0,0,0,0,0,0,1,20.25050569105691,12.253968253968251,0.0,0.0,87.75396825396825,8.0,5.54979768014805,0.0,0.0,0.0,1.0,0.0,41.0
64.0,4.0,20.0,10.7643159840979,106.690628284959,3.0,53.75818181817839,50.13266841725762,1381.8,0,0,0,0,0,0,23.034008815381647,89.33782023447677,0.0,0.0,10.663627152988855,11.0,1.7310153802404025,0.0,0.0,0.0,1.0,0.0,27.8
216.0,7.0,21.3,10.8007129969146,106.591283504011,0.0,10.737500000006847,13.71334205498395,3599.7,0,1,1,0,0,1,18.06394396884742,48.87407283940328,0.0,0.0,43.50501430674779,62.0,12.30594833163498,0.0,0.0,0.0,0.0,1.0,22.9
29.0,4.0,3.0,10.7445990029644,106.696936721817,3.0,17.789285714285825,17.287883938053668,19302.44,0,0,0,0,0,1,13.55522012715968,0.0,0.0,0.0,100.0,7.0,3.5211262333611453,0.0,0.0,0.0,0.0,1.0,6.2
184.0,6.0,12.0,10.8568514657799,106.80135185829,3.0,19.053737403258268,30.38692272100736,,1,0,0,0,0,0,20.25050569105691,,,,,20.0,14.167404408512974,0.0,0.0,0.0,1.0,0.0,9.7
157.0,4.0,23.6,10.777139,106.78751,3.0,38.647438220481845,23.328827418358713,,0,0,0,0,0,1,22.138800464465486,,,,,8.0,9.439748359976717,0.0,0.0,0.0,1.0,0.0,45.85
72.0,4.0,6.0,10.7634197919826,106.695296889701,2.0,53.75818181817839,22.30565215020024,561.8,1,0,0,0,0,0,20.25050569105691,50.231399074403704,0.0,0.0,49.763260946956215,11.0,1.5357860745662724,0.0,0.0,0.0,1.0,0.0,16.8
592.0,8.0,20.0,10.7854140947643,106.64062322705,3.0,14.87073929990493,28.253427846446222,595.7,0,0,0,0,0,1,26.821045108846718,55.700856135638745,0.0,0.0,44.30417995635387,151.0,6.688445601656316,0.0,0.0,0.0,0.0,1.0,135.0
61.0,5.0,6.0,10.7973996308131,106.695724453211,0.0,18.827244701348747,15.13100312673361,34.5,1,0,0,0,0,0,18.746215486842598,0.0,0.0,0.0,100.0,9.0,2.4509050956205636,0.0,0.0,0.0,1.0,0.0,15.0
55.0,2.0,6.0,10.8656041729963,106.67051890729,2.0,8.826587030733174,9.397256429506324,661.5,0,0,0,0,0,0,17.46113054409074,2.2645502645502646,0.0,0.0,97.72940287226002,5.0,10.508449529932896,1.0,0.0,0.0,1.0,0.0,4.7
93.0,4.0,12.0,10.759847083929,106.686705878038,2.0,53.75818181817839,59.25648860397285,35702.3,1,0,0,0,0,0,19.575220884013127,0.4421843970836612,99.55787162171625,0.0,0.0,11.0,2.387133274872018,1.0,0.0,0.0,1.0,0.0,24.8
100.0,3.0,10.0,10.8528630209991,106.720374186852,0.0,15.48107692307722,17.78611714762465,,0,0,0,0,0,0,15.155664323925304,,,,,6.0,8.802214505704082,0.0,0.0,0.0,1.0,0.0,11.9
204.0,3.0,14.5,10.8475198601432,106.746884163733,3.0,15.48107692307722,18.370149256274082,,0,0,0,0,0,1,19.222790783577807,,,,,14.0,9.394175155470856,0.0,0.0,0.0,1.0,0.0,33.0
56.0,4.0,10.0,10.791817139355,106.674936780298,3.0,18.63592086332186,16.924787565129154,36.7,0,0,0,0,0,0,20.25050569105691,4.223433242506812,0.0,0.0,95.6675749318801,8.0,3.3556782667715637,0.0,0.0,0.0,0.0,1.0,16.0
57.0,4.0,3.0,10.7917935261838,106.674962647414,3.0,18.63592086332186,16.924787565129154,72.7,1,0,0,0,0,0,24.641850909075103,6.1072902338376895,0.0,0.0,93.85144429160935,9.0,3.3518959637254193,0.0,0.0,0.0,0.0,1.0,9.5
154.0,4.0,8.0,10.7760603812551,106.611114149507,2.0,10.737500000006847,11.523850027712317,4041.9,1,0,0,0,0,0,18.529132150179485,7.637744625052574,0.0,0.0,92.36349241693264,11.0,9.829522585251224,0.0,0.0,0.0,0.0,1.0,15.0
99.0,2.0,10.0,10.7984043148382,106.81325282319,3.0,19.053737403258268,12.780266996675284,,1,0,0,0,0,0,20.25050569105691,,,,,7.0,12.501197017614013,0.0,0.0,0.0,0.0,1.0,5.6
58.0,2.0,4.0,10.7572618429419,106.599628196397,0.0,10.737500000006847,13.482984203694478,1577.2,0,0,0,0,0,0,18.189881456227656,0.3214557443570885,99.67537408064923,0.0,0.0,6.0,11.27865242035139,0.0,0.0,0.0,1.0,0.0,4.28
44.0,2.0,3.0,10.7971668412852,106.681602021105,3.0,18.63592086332186,18.83383064658232,490.9,1,0,0,0,0,0,21.485572441587628,10.60297412915054,0.0,89.39295172132817,0.0,4.0,3.1742025196878747,0.0,0.0,1.0,0.0,0.0,7.2
82.0,1.0,6.0,10.8538463648191,106.651530544162,0.0,11.098013468022373,15.61262632367065,900.2,1,0,0,0,0,0,18.007972163078787,97.66385247722728,0.0,0.0,2.3394801155298817,9.0,10.209775703370092,0.0,0.0,0.0,1.0,0.0,5.45
50.0,2.0,5.5,10.8379742174377,106.636090340894,2.0,11.098013468022373,20.454141465138118,3041.6,1,1,0,0,0,1,10.818659325601992,8.76808258811152,0.0,0.9333903208837454,90.29984218832192,4.0,9.894772812380218,0.0,0.0,0.0,0.0,1.0,5.9
103.0,1.0,10.0,10.6511711809364,106.729807651456,0.0,8.131668552257471,15.805719480205894,,1,1,1,0,0,0,15.805719480205894,,,,,4.0,14.230293050339135,0.0,0.0,0.0,0.0,1.0,4.0
91.0,4.0,12.0,10.8002716547444,106.649952274475,3.0,19.38917355371901,20.454141465138118,103.3,1,0,0,0,0,0,20.25050569105691,4.249757986447241,0.0,0.0,95.77928363988384,8.0,6.204584049332827,0.0,0.0,0.0,0.0,1.0,23.0
98.0,3.0,30.0,10.7712455079592,106.690614062947,2.0,53.75818181817839,80.81249751703449,1822.5,1,1,0,0,1,1,24.269797544088476,0.2589849108367626,0.0,99.74266117969822,0.0,11.0,1.2615502987776233,0.0,0.0,0.0,1.0,0.0,26.5
56.0,4.0,14.0,10.865710834553,106.614269795573,0.0,8.826587030733174,11.964993989558423,6223.6,1,1,0,0,0,0,21.19814232501748,84.6150138183688,2.0727553184651972,0.0,12.930618934378815,9.0,13.763839357953268,0.0,0.0,0.0,0.0,1.0,7.29
75.0,3.0,16.0,10.698768621843216,106.6418707231317,0.0,13.123347608580726,17.577819031868692,,1,1,1,0,1,0,17.67945501854178,,,,,6.0,10.752626480753404,0.0,0.0,1.0,0.0,0.0,8.2
95.0,7.0,18.0,10.7637712980099,106.686251971999,3.0,53.75818181817839,59.25648860397285,46.5,0,0,0,0,0,1,23.034008815381647,0.0,0.0,0.0,100.0,10.0,2.1165241174729497,0.0,0.0,0.0,1.0,0.0,41.0
37.0,5.0,5.0,10.7807254710515,106.682149926465,0.0,54.46617152529408,24.56391683041859,3333.2,0,0,0,0,0,1,25.237156359791214,0.0,100.0,0.0,0.0,8.0,2.135627085247803,0.0,0.0,0.0,1.0,0.0,24.0
95.0,7.0,18.0,10.7736734653287,106.677782551203,0.0,24.737282299672927,20.454141465138118,2775.0,0,0,0,0,0,1,23.200342816816367,99.36720720720722,0.0,0.0,0.6165765765765765,10.0,2.5601737921471583,0.0,0.0,0.0,1.0,0.0,26.0
28.0,3.0,13.2,10.7818498594335,106.674574844464,0.0,24.737282299672927,16.235786892588425,28.1,0,1,0,0,1,1,14.535280883434632,0.0,0.0,0.0,100.0,4.0,2.9695413370025636,0.0,0.0,0.0,0.0,1.0,3.9
64.0,3.0,11.333333333333332,10.7518334819763,106.598286370104,3.0,10.737500000006847,13.482984203694478,91301.6,0,1,1,0,1,1,20.25050569105691,0.0,0.1000858692509222,0.0,0.3107174463536236,9.0,11.548199806528608,0.0,0.0,0.0,1.0,0.0,8.5
92.0,3.0,8.0,10.8181885445103,106.678725138796,0.0,11.098013468022373,15.13100312673361,1174.9,0,0,0,0,0,0,17.39220212010448,58.74372287003147,0.0,0.0,41.255425993701586,8.0,5.289582361309884,0.0,0.0,1.0,0.0,0.0,9.5
76.0,3.0,9.25,10.7315444965521,106.731641711556,0.0,17.789285714285825,30.38692272100736,1569.8,0,0,0,0,0,1,8.354727166160457,98.89794878328448,0.0,0.0,1.101414192890814,7.0,5.963835227011754,0.0,0.0,0.0,1.0,0.0,7.6
85.0,5.0,8.0,10.828373207756,106.63919670035,2.0,19.38917355371901,15.923197269929185,612.3,0,1,0,0,0,0,20.25050569105691,83.04425934999185,0.0,0.0,16.95247427731504,10.0,8.923604758967736,0.0,0.0,0.0,1.0,0.0,8.0
51.0,2.0,3.0,10.8511159048162,106.637308001518,2.0,8.826587030733174,15.500554052311237,3430.5,1,0,0,0,0,0,16.846557206889077,99.58868969537968,0.0,0.0,0.4116018073167177,4.0,10.876988849580153,0.0,0.0,0.0,1.0,0.0,3.39
352.0,2.0,19.1,10.7931021479382,106.669967388602,3.0,18.63592086332186,14.561953480312356,1371.1,0,0,0,0,0,1,24.641850909075103,93.05812850995552,0.8788563926774123,0.0,6.06374443877179,30.0,3.8962476776905777,0.0,0.0,0.0,1.0,0.0,78.0
51.0,4.0,7.0,10.7984383417302,106.592225763202,2.0,10.737500000006847,13.71334205498395,9456.2,1,0,0,0,0,0,17.356189685781594,21.260019881136184,14.685180093483638,0.0,64.05490577610456,13.0,12.15124526583677,0.0,0.0,1.0,0.0,0.0,5.6
43.0,3.0,5.3,10.8077519811652,106.702971568768,2.0,18.827244701348747,20.454141465138118,552.4,1,0,0,0,0,1,15.076317258595626,91.29435191889937,0.0,0.0,8.700217233888488,5.0,3.536572554114812,0.0,0.0,0.0,1.0,0.0,6.98
86.0,2.0,8.0,10.8066381369709,106.718920524052,2.0,18.827244701348747,23.596282954466844,201.4,1,0,1,0,0,0,29.161416890612465,5.322740814299901,0.0,0.0,94.67725918570012,9.0,3.923674502797786,0.0,0.0,0.0,1.0,0.0,12.99
152.0,3.0,19.5,10.7550282192288,106.671909229654,3.0,29.82381843840417,15.288713651298618,3091.4,0,0,0,1,0,1,72.86150756189254,88.51200103512971,0.0,0.0,11.48896939897781,13.0,3.950451377004258,0.0,0.0,0.0,1.0,0.0,59.0
90.0,3.0,15.0,10.7078327676071,106.734716341764,0.0,17.789285714285825,18.28632481919144,4661.4,0,0,0,0,1,0,19.567814035091047,49.420560346676965,33.51182048311666,0.0,17.06719011455786,9.0,8.422655801033448,0.0,0.0,0.0,0.0,1.0,17.5
50.0,3.0,5.5,10.6927298196466,106.741148180408,0.0,8.131668552257471,7.431275025157785,184.1,0,0,0,0,0,1,8.354727166160457,15.241716458446495,0.0,0.0,84.7637153720804,8.0,10.24088948376988,0.0,0.0,0.0,1.0,0.0,5.5
86.0,4.0,12.0,10.828209092846569,106.64123123511672,0.0,19.38917355371901,15.923197269929185,1420.3,0,1,0,0,0,1,18.639005558576912,88.86362036189539,0.0,0.0,11.137787791311696,8.0,8.744305441524132,0.0,0.0,0.0,1.0,0.0,7.8
65.0,4.0,6.833333333333334,10.7913939876798,106.663171764151,3.0,19.38917355371901,15.149860937399001,3047.4,0,0,0,0,0,1,22.762102461573292,57.87753494782437,42.12246505217562,0.0,0.0,8.0,4.482640342491231,0.0,1.0,0.0,1.0,0.0,8.6
50.0,2.0,2.9333333333333336,10.8061842405489,106.668378490407,3.0,19.38917355371901,20.918551142754602,3007.7,1,0,0,0,0,1,23.161245700728948,38.27276656581441,4.479170129999668,0.0,57.2467333843136,4.0,4.902993663969978,0.0,0.0,1.0,0.0,0.0,15.5
74.0,3.0,6.9,10.7982851816417,106.665820318796,3.0,19.38917355371901,20.918551142754602,171.7,1,0,0,0,0,1,19.806236435736306,15.131042516016308,0.0,0.0,84.8806057076296,10.0,4.581562814907668,0.0,0.0,0.0,0.0,1.0,19.0
82.0,2.0,6.0,10.6749745115819,106.698200939349,3.0,8.131668552257471,11.187905093453665,789.3,0,0,0,0,0,0,8.502652923904137,42.14873938933232,0.0,0.0,57.848726719878385,5.0,11.23798597698867,0.0,0.0,1.0,0.0,0.0,5.25
54.0,2.0,8.0,10.7728773287423,106.65518620237,3.0,13.32081849341783,15.923197269929185,77.9,1,0,0,1,0,0,20.25050569105691,40.62901155327342,0.0,0.0,59.42233632862643,4.0,5.027382506193709,0.0,0.0,0.0,0.0,1.0,13.9
114.0,3.0,30.0,10.804022126565195,106.59128800034524,3.0,10.737500000006847,13.71334205498395,,0,0,1,0,0,0,18.852521452227894,,,,,11.0,12.39276649190467,0.0,0.0,0.0,1.0,0.0,16.5
114.0,1.0,8.0,10.8703149514718,106.729341375736,3.0,15.48107692307722,17.332544455579256,,1,1,1,1,1,0,20.25050569105691,,,,,2.0,10.93152009039822,0.0,0.0,0.0,1.0,0.0,16.0
33.0,4.0,3.0,10.8317063683241,106.670981441826,0.0,11.098013468022373,14.561953480312356,70991.2,0,0,0,0,0,0,10.107421869117639,5.3839208239894525,94.48747168663158,0.0,0.1286356618848533,7.0,7.013618246546258,0.0,0.0,0.0,0.0,1.0,5.3
32.0,5.0,4.0,10.7909904128131,106.699365320716,3.0,53.75818181817839,48.487230363696476,543.1,1,0,0,0,0,1,20.25050569105691,65.84975142699318,0.0,34.1539311360707,0.0,6.0,1.6775930055360582,1.0,0.0,0.0,1.0,0.0,8.65
76.0,3.0,4.5,10.7466619851451,106.688989151802,0.0,9.364834955468142,20.918551142754602,1075.5,1,0,0,0,0,1,18.024373561592082,88.66201766620176,0.0,0.0,11.336122733612273,8.0,3.5202954550882235,0.0,0.0,0.0,1.0,0.0,8.5
209.0,5.0,18.0,10.7337547105954,106.710288394243,3.0,17.789285714285825,34.311080856230646,707353.2,0,1,1,1,0,0,18.06394396884742,34.28193581367837,19.24510131572177,0.0,46.47296145687897,38.0,4.803506447279186,0.0,0.0,0.0,0.0,1.0,98.0
170.0,6.0,7.7,10.7973781320832,106.676658825512,0.0,18.63592086332186,23.820911987062647,73.7,0,0,0,0,0,1,19.806236435736306,29.4708276797829,0.0,0.0,70.47489823609226,22.0,3.57465635557469,0.0,0.0,0.0,1.0,0.0,35.0
42.0,3.0,4.0,10.8498567532283,106.650839638439,3.0,11.098013468022373,24.56391683041859,4169.7,1,1,0,0,1,0,11.178588935354508,1.426241696045279,0.0,91.96369043336452,6.610787346811521,6.0,9.878226887147353,0.0,0.0,0.0,1.0,0.0,5.5
52.0,5.0,5.5,10.8147877395181,106.689518938285,2.0,11.098013468022373,18.83383064658232,1167.4,1,0,0,0,0,1,17.40171754184511,99.69933184855236,0.0,0.0,0.2963851293472674,11.0,4.494675086422411,0.0,0.0,0.0,0.0,1.0,11.4
64.0,1.0,8.0,10.7567493595893,106.586015503173,3.0,10.737500000006847,13.482984203694478,2068.1,1,1,1,0,0,0,13.472608342303552,0.0,55.96247763647793,0.0,44.03752236352207,4.0,12.752487392576844,0.0,0.0,0.0,1.0,0.0,6.8
49.0,2.0,3.0,10.7577766648086,106.614505816787,1.0,10.737500000006847,8.135783941420566,4477.4,1,1,1,0,0,0,13.472608342303552,27.015678742127125,0.0,0.0,56.29405458525037,4.0,9.673925367067849,0.0,0.0,1.0,0.0,0.0,4.05
77.0,3.0,20.0,10.7978780065197,106.704989690601,0.0,18.827244701348747,15.081788755498186,3425.9,0,1,0,0,0,1,19.911470140858842,64.69774365860066,33.41837181470563,0.0,1.883300738492075,8.0,2.469546199776827,0.0,0.0,0.0,0.0,1.0,12.5
52.0,3.0,12.0,10.878820178654,106.669149645578,0.0,8.826587030733174,9.397256429506324,1093.7,1,0,0,0,0,0,20.25050569105691,0.0,0.0,0.0,100.0,7.0,11.953734425668046,0.0,0.0,0.0,0.0,1.0,4.98
64.0,4.0,7.0,10.6929017446905,106.740771917791,0.0,8.131668552257471,7.431275025157785,1136.2,0,1,1,0,0,0,8.354727166160457,89.45696180249956,0.0,0.0,10.54215807076219,7.0,10.206083563669464,0.0,0.0,0.0,0.0,1.0,6.68
62.0,4.0,12.0,10.7515112562729,106.721766372861,3.0,17.789285714285825,15.717993526044307,35289.4,0,0,0,0,0,0,19.567814035091047,,,,,9.0,3.537153496245943,0.0,0.0,0.0,1.0,0.0,13.9
47.0,2.0,4.6,10.7476820462881,106.715498663462,3.0,17.789285714285825,14.8877491993957,19893.5,1,1,1,1,0,1,18.207540931800263,12.491567597456458,87.50858320556965,0.0,0.0,6.0,3.5198056811724183,0.0,0.0,0.0,0.0,0.0,5.49
83.0,3.0,12.0,10.7660543548917,106.785945868431,0.0,38.647438220481845,16.791900388268562,,1,1,1,0,0,0,20.25050569105691,,,,,9.0,9.333959569454864,0.0,0.0,0.0,0.0,1.0,9.5
84.0,4.0,12.0,10.7553814112762,106.611017195262,0.0,10.737500000006847,19.36213730687916,,0,1,1,0,0,0,20.25050569105691,,,,,11.0,10.104000416765857,0.0,0.0,0.0,1.0,0.0,10.8
124.0,4.0,15.0,10.7902258820014,106.69224936837,0.0,53.75818181817839,34.07029975082686,278.7,0,0,0,0,0,1,24.1142258297563,11.352709006099747,0.0,0.0,88.64729099390026,11.0,1.853881414410207,0.0,0.0,1.0,0.0,0.0,60.0
200.0,7.0,32.0,10.7785535043997,106.63517821875,3.0,14.87073929990493,17.499103454001883,1854.2,0,0,0,0,0,0,29.940845325225013,41.931291122856216,0.0,0.0,58.068708877143784,24.0,7.206470128436665,0.0,0.0,0.0,0.0,1.0,58.0
35.0,4.0,3.0,10.755577998662,106.707538117376,3.0,12.968707708226514,15.923197269929185,479.4,1,0,1,0,0,1,20.25050569105691,22.342511472674175,42.392574050896954,35.26282853566959,0.0,9.0,2.377235270168621,0.0,0.0,0.0,1.0,0.0,6.2
126.0,3.0,7.0,10.7744778193347,106.697791287479,3.0,53.75818181817839,80.81249751703449,3438.2,0,0,0,0,0,1,27.875779929550006,82.24943284276657,0.0,17.750276307370136,0.0,11.0,0.3990947416262693,0.0,0.0,0.0,1.0,0.0,79.0
67.0,4.0,4.0,10.7842932049288,106.65109550811,2.0,19.38917355371901,23.820911987062647,202.7,0,0,1,0,0,0,9.90181956943871,13.147508633448446,0.0,0.0,86.8771583621115,8.0,5.539416036777573,0.0,0.0,0.0,0.0,1.0,8.68
110.0,4.0,6.0,10.7911369136778,106.699157719005,3.0,53.75818181817839,48.487230363696476,14194.5,0,0,0,0,0,1,20.25050569105691,72.44073408714642,8.731621402655957,18.82771496001973,0.0,9.0,1.6964663862269922,0.0,0.0,0.0,1.0,0.0,23.0
75.0,3.0,6.0,10.7511319877024,106.722426977394,3.0,17.789285714285825,15.717993526044307,,1,0,0,0,0,0,22.10413068261712,,,,,10.0,3.615791726068432,0.0,0.0,0.0,1.0,0.0,12.8
28.0,5.0,3.0,10.8034550377448,106.67816288595,0.0,18.63592086332186,24.56391683041859,511.4,0,0,0,1,1,0,20.25050569105691,90.1896754008604,0.0,0.0,9.810324599139618,9.0,3.949302410498835,0.0,0.0,0.0,1.0,0.0,6.75
45.0,3.0,5.0,10.8027581238885,106.677848998743,0.0,18.63592086332186,24.56391683041859,150.1,1,0,0,0,0,0,20.25050569105691,73.53764157228514,0.0,0.0,26.469020652898067,8.0,3.9118833219031046,0.0,0.0,0.0,0.0,1.0,7.39
55.0,4.0,7.1066666666666665,10.7489093647944,106.639426135034,3.0,12.006306645336863,16.924787565129154,3383.4,0,1,1,1,0,1,18.147843146474766,64.6651297511379,23.45362652952651,0.0,11.880948158656974,7.0,7.379968577180583,0.0,0.0,1.0,0.0,0.0,6.5
55.0,3.0,3.0,10.8107506204282,106.66638442458,0.0,19.38917355371901,20.918551142754602,151.5,0,1,0,0,0,0,26.252298540169484,5.174917491749175,0.0,0.0,94.81848184818482,12.0,5.413848329400065,0.0,0.0,0.0,0.0,1.0,16.0
45.0,2.0,6.0,10.7837505428291,106.658430784394,0.0,19.38917355371901,20.339947871608835,85.4,0,0,0,0,0,0,19.567814035091047,0.0,0.0,0.0,99.98829039812644,9.0,4.739880449000013,0.0,0.0,0.0,1.0,0.0,7.0
26.0,2.0,4.0,10.8433914418244,106.634273035642,0.0,8.826587030733174,15.500554052311237,4426.6,0,1,1,0,0,0,20.25050569105691,32.20417476166809,67.73234536664707,0.0,0.0,4.0,10.46081725815473,0.0,0.0,0.0,0.0,1.0,2.85
72.0,5.0,8.0,10.7649001972514,106.616045698358,0.0,10.737500000006847,8.135783941420566,764.5,0,1,0,0,0,0,19.567814035091047,47.42838456507521,0.0,0.0,52.57684761281883,9.0,9.372620822534596,0.0,0.0,0.0,0.0,1.0,7.49
47.0,3.0,3.0,10.7671453867423,106.700395992461,0.0,53.75818181817839,30.724332850013383,45.7,1,1,0,1,0,1,20.25050569105691,0.0,0.0,99.9781181619256,0.0,8.0,0.987586807794622,0.0,0.0,0.0,1.0,0.0,9.8
174.0,2.0,12.0,10.8468403238531,106.762917264514,3.0,15.48107692307722,23.47132346757169,,0,1,0,0,0,0,20.25050569105691,,,,,6.0,10.374712766284627,0.0,0.0,0.0,1.0,0.0,23.0
119.0,5.0,25.45,10.7715803110695,106.670687119773,3.0,24.737282299672927,20.454141465138118,4450.0,1,1,0,0,0,1,20.25050569105691,56.812359550561794,43.18067415730337,0.0,0.0,12.0,3.358300565479553,0.0,0.0,0.0,1.0,0.0,35.9
50.0,2.0,30.0,10.7938976400364,106.705517428899,0.0,18.827244701348747,15.081788755498186,51.9,1,1,1,1,1,0,17.845103564658686,91.77263969171484,0.0,0.0,8.150289017341041,7.0,2.047786500432825,0.0,0.0,0.0,0.0,1.0,6.5
32.0,3.0,5.0,10.7942280703629,106.669235036644,3.0,18.63592086332186,16.235786892588425,31.5,0,0,0,0,0,1,19.193619091459624,54.19047619047619,0.0,0.0,45.68253968253968,6.0,4.027780240513852,0.0,0.0,0.0,1.0,0.0,6.5
85.0,3.0,4.0,10.8572609072409,106.626540089708,3.0,8.826587030733174,14.285467555474675,,0,1,1,1,0,0,20.25050569105691,,,,,8.0,12.163895163424243,0.0,0.0,0.0,1.0,0.0,3.5
85.0,3.0,12.0,10.7363452911377,106.739738464355,0.0,17.789285714285825,8.648767860862735,7988.5,0,0,0,0,0,0,20.25050569105691,37.74738686862364,58.66858609250798,0.0,3.5841522188145456,8.0,6.104010988244135,0.0,1.0,0.0,1.0,0.0,12.9
160.0,3.0,16.0,10.7503688891128,106.613695513245,3.0,10.737500000006847,19.36213730687916,,0,0,1,1,0,1,17.400949483778184,,,,,9.0,9.9642469650561,0.0,0.0,0.0,1.0,0.0,22.0
59.0,2.0,4.0,10.8084228703447,106.688628652314,3.0,19.38917355371901,16.235786892588425,79.3,0,0,0,0,0,1,24.873898992866078,0.0,0.0,0.0,100.0,8.0,3.854029183404261,0.0,0.0,0.0,0.0,1.0,16.8
72.0,4.0,6.0,10.8580416473375,106.768435051151,0.0,15.48107692307722,16.99010834230355,,0,0,0,0,0,0,19.385376428405934,,,,,11.0,11.717828223888873,0.0,0.0,1.0,0.0,0.0,8.3
48.0,3.0,5.666666666666666,10.6929620025651,106.740788377389,0.0,8.131668552257471,7.431275025157785,3078.9,0,1,0,0,0,1,8.354727166160457,90.07047971678196,0.0,0.0,9.929195491896458,7.0,10.200781786894868,0.0,0.0,0.0,0.0,1.0,4.95
85.0,5.0,20.0,10.7939421459031,106.66277018215,3.0,19.38917355371901,15.13100312673361,5218.0,1,1,1,0,1,0,18.099052454874375,7.705634342660023,92.29455730164815,0.0,0.0,20.0,4.63784425460472,0.0,0.0,0.0,0.0,1.0,23.0
71.0,5.0,10.0,10.7790108232049,106.667704453943,0.0,24.737282299672927,15.923197269929185,85.0,0,1,0,0,0,0,16.95010834230355,0.0,0.0,0.0,100.0,14.0,3.6632438303915498,0.0,0.0,0.0,0.0,1.0,16.5
471.0,7.0,20.0,10.797065486164,106.672742250809,0.0,18.63592086332186,23.820911987062647,496.1,0,0,0,0,0,1,43.77795732213526,58.9054626083451,5.194517234428543,0.0,35.90405160249949,13.0,3.883474874147586,0.0,0.0,0.0,1.0,0.0,390.0
100.0,4.0,13.25,10.845292440726686,106.7183188792019,0.0,15.48107692307722,17.78611714762465,,1,0,0,0,0,1,19.567814035091047,,,,,9.0,7.931169827141948,0.0,0.0,0.0,1.0,0.0,21.0
95.0,4.0,6.0,10.8159449208433,106.68842678257,3.0,11.098013468022373,18.83383064658232,65.9,0,1,0,0,0,0,19.567814035091047,30.500758725341427,69.55993930197269,0.0,0.0,10.0,4.652377625494019,0.0,0.0,0.0,1.0,0.0,9.2
240.0,3.0,7.0,10.8174379081475,106.588339415401,3.0,10.737500000006847,13.71334205498395,5417.5,0,1,0,0,1,0,20.25050569105691,71.64356252884173,14.964097831102908,0.0,13.24614674665436,7.0,13.150121289006911,0.0,0.0,0.0,1.0,0.0,12.0
45.0,4.0,13.333333333333332,10.7849154917862,106.669028546451,0.0,54.46617152529408,16.924787565129154,1272.4,1,0,0,0,0,1,14.535280883434632,13.51618987739704,86.48145237346746,0.0,0.0,8.0,3.640811206885214,0.0,0.0,0.0,0.0,1.0,9.5
27.0,2.0,5.0,10.7479184212593,106.716197600085,0.0,17.789285714285825,14.8877491993957,59.7,1,1,1,0,0,0,18.207540931800263,20.83752093802345,0.0,0.0,79.09547738693466,4.0,3.5313185960889646,0.0,0.0,0.0,0.0,1.0,2.8
73.0,3.0,8.0,10.6931750253894,106.740978757365,3.0,8.131668552257471,7.431275025157785,216.8,1,1,1,0,1,0,8.354727166160457,6.559040590405904,0.0,0.0,93.44557195571956,9.0,10.188222084461216,0.0,0.0,0.0,0.0,1.0,8.6
55.0,3.0,6.0,10.7968692476931,106.636002861412,0.0,14.87073929990493,14.237298722437757,237.3,0,1,1,1,1,1,20.25050569105691,5.2507374631268435,0.0,0.0,94.74083438685209,8.0,7.479659717818537,0.0,0.0,1.0,0.0,0.0,7.35
60.0,2.0,4.0,10.7806829832627,106.649862487041,0.0,19.38917355371901,14.561953480312356,56.5,0,1,0,1,0,0,9.90181956943871,48.70796460176991,0.0,0.0,51.29203539823008,4.0,5.621010494105885,0.0,0.0,0.0,1.0,0.0,6.9
140.0,5.0,12.0,10.7665326348901,106.691172941916,0.0,53.75818181817839,50.13266841725762,1325.8,0,0,0,0,0,0,20.25050569105691,74.49011917332932,0.0,25.511389349826523,0.0,51.0,1.5113330136174978,1.0,0.0,0.0,1.0,0.0,85.0
110.0,4.0,6.0,10.8100205807659,106.734039477673,3.0,38.647438220481845,58.28290665694527,,0,0,1,0,0,1,18.06394396884742,,,,,9.0,5.220671319808887,0.0,0.0,0.0,0.0,1.0,30.2
46.0,2.0,4.0,10.7657683790877,106.645098282561,3.0,13.32081849341783,15.61262632367065,3191.2,1,0,0,0,0,0,20.25050569105691,93.48489596390073,0.0,0.0,6.5135372273752825,6.0,6.2222947344319675,0.0,0.0,0.0,1.0,0.0,7.4
117.0,5.0,5.0,10.8688367305673,106.608127727468,3.0,9.79203162611253,27.414937624076174,3588.3,0,0,0,0,0,0,21.19814232501748,0.0,47.07242984142909,0.0,52.926455424574314,17.0,14.48001883308042,0.0,0.0,0.0,0.0,1.0,12.99
15.0,2.0,3.0,10.7647430030796,106.619200322172,1.0,10.737500000006847,8.135783941420566,52.9,0,1,1,0,0,0,16.67966297460757,19.319470699432895,0.0,0.0,80.62381852551985,4.0,9.03354470562912,0.0,0.0,0.0,0.0,1.0,2.15
124.0,5.0,8.0,10.8058928377042,106.668181854999,3.0,19.38917355371901,20.918551142754602,5853.3,0,0,0,0,0,0,23.161245700728948,87.84087608699366,0.1038730288896861,9.882288623511524,2.172108041617549,12.0,4.896620759509006,0.0,0.0,0.0,0.0,1.0,23.5
52.0,2.0,4.5,10.8186121617152,106.678381870268,3.0,11.098013468022373,15.13100312673361,394.7,0,0,0,1,0,1,17.39220212010448,1.0488978971370662,0.0,0.0,98.95110210286296,5.0,5.348692117622529,1.0,0.0,0.0,1.0,0.0,6.5
204.0,3.0,20.0,10.8068756852924,106.788265637579,0.0,19.053737403258268,23.42179327737413,,0,0,0,0,0,0,20.87381731865282,,,,,10.0,10.121059757906014,0.0,0.0,0.0,0.0,1.0,29.98
122.0,4.0,45.0,10.7706041626054,106.714800478552,3.0,38.647438220481845,45.373766698181434,,0,0,0,0,0,0,20.25050569105691,,,,,14.0,1.6123638088988883,1.0,0.0,1.0,0.0,0.0,105.0
120.0,4.0,18.0,10.6512765500091,106.729983105974,0.0,8.131668552257471,15.805719480205894,3900.8,1,1,1,0,0,0,15.805719480205894,,,,,11.0,14.223105651660807,0.0,0.0,1.0,0.0,0.0,7.0
100.0,3.0,8.0,10.766653990181,106.59997649827,0.0,10.737500000006847,11.79885823719474,1384.4,0,0,0,0,0,0,13.629868366546333,48.6275642877781,0.0,0.0,51.37532505056341,8.0,11.095081018404375,0.0,0.0,0.0,0.0,1.0,7.88
235.0,4.0,13.88,10.7910436724383,106.68553691325,3.0,54.46617152529408,106.67729565230768,616.8,0,0,0,0,0,1,20.45706272875709,48.6284046692607,0.0,51.36835278858625,0.0,6.0,2.3849768609770514,0.0,0.0,0.0,1.0,0.0,62.0
97.0,3.0,7.7333333333333325,10.845809933261,106.718075540238,0.0,15.48107692307722,17.78611714762465,,0,0,0,0,0,1,15.155664323925304,,,,,6.0,7.980866178179233,0.0,0.0,1.0,0.0,0.0,12.0
160.0,4.0,9.3,10.8195585122828,106.702928131138,3.0,18.827244701348747,16.235786892588425,1911.6,1,0,1,0,0,1,13.941385937429175,95.7951454279138,0.0,0.0,4.203285206110065,56.0,4.847599874917715,0.0,0.0,0.0,1.0,0.0,22.5
45.0,3.0,5.9,10.7492507270565,106.710161425684,0.0,17.789285714285825,14.8877491993957,23439.5,1,0,0,0,0,1,18.207540931800263,13.199513641502593,33.15002453124,0.0,53.65037650120523,6.0,3.1347696076916134,0.0,0.0,0.0,1.0,0.0,4.69
100.0,4.0,10.0,10.7761566864135,106.672124233915,0.0,24.737282299672927,20.454141465138118,155.0,1,0,0,0,0,0,20.25050569105691,23.283870967741937,0.0,0.0,76.96774193548387,9.0,3.1651881880495174,1.0,0.0,0.0,1.0,0.0,16.5
74.0,3.0,7.0,10.8060289797342,106.60518846232,0.0,10.737500000006847,10.067829993435623,1707.6,1,1,1,0,0,0,20.25050569105691,88.66245022253456,0.0,0.0,11.336378542984308,8.0,10.995541898898866,0.0,0.0,0.0,0.0,1.0,8.45
223.0,3.0,17.2,10.7730152091755,106.676455614134,3.0,24.737282299672927,20.454141465138118,1516.0,0,0,0,0,0,1,32.67330086593139,95.26187335092348,0.0,0.0,4.753298153034301,10.0,2.712402163269439,1.0,0.0,0.0,1.0,0.0,109.0
51.0,3.0,6.0,10.8824259124911,106.681536592013,0.0,8.826587030733174,8.427513172672999,990.0,0,0,0,0,0,1,17.412339551755686,0.0,10.529292929292929,0.0,89.46969696969697,7.0,12.02535553102634,0.0,0.0,0.0,1.0,0.0,5.95
49.0,2.0,3.0,10.7936498581107,106.705748752936,3.0,18.827244701348747,15.081788755498186,24.3,0,0,0,0,0,0,17.845103564658686,0.0,0.0,0.0,99.91769547325104,7.0,2.0272018524066535,0.0,0.0,0.0,1.0,0.0,6.55
33.0,3.0,12.0,10.7664024154093,106.642535408317,3.0,13.32081849341783,15.13100312673361,916.5,0,1,0,0,1,0,9.90181956943871,0.0,98.4342607746863,0.0,1.562465902891435,6.0,6.485755319744165,0.0,0.0,0.0,1.0,0.0,4.95
202.0,2.0,12.0,10.7036191460786,106.703431517253,3.0,8.131668552257471,13.173106254134565,4800.1,0,0,0,0,0,0,8.502652923904137,18.2681610799775,0.0,1.6522572446407364,0.0,5.0,8.052413234797406,0.0,0.0,1.0,0.0,0.0,17.0
77.0,4.0,7.0,10.7677770370564,106.595382277741,0.0,10.737500000006847,11.79885823719474,5628.0,1,0,0,0,0,0,13.629868366546333,11.223880597014926,0.0,0.0,88.77576403695807,8.0,11.584276882840276,0.0,0.0,0.0,0.0,1.0,7.7
114.0,5.0,40.0,10.8043848723804,106.798438977988,3.0,38.647438220481845,44.55718221916659,,0,0,1,1,1,0,20.87381731865282,,,,,11.0,11.090819973887188,0.0,0.0,1.0,0.0,0.0,47.6
48.0,2.0,4.966666666666667,10.7748090801389,106.698015685009,3.0,53.75818181817839,80.81249751703449,3438.2,0,1,0,0,1,1,27.875779929550006,82.24943284276657,0.0,17.750276307370136,0.0,7.0,0.3620034925741872,0.0,0.0,0.0,1.0,0.0,15.5
102.0,2.0,4.0,10.7519331611334,106.701562117478,0.0,17.789285714285825,17.287883938053668,83205.49,0,1,1,0,0,0,13.55522012715968,0.0,0.0,100.0,0.0,6.0,2.676586465827471,0.0,0.0,0.0,0.0,1.0,11.0
84.0,4.0,6.0,10.8485336202492,106.648402236134,3.0,11.098013468022373,15.61262632367065,1315.3,1,1,1,0,0,0,11.178588935354508,6.7376263970196915,0.0,0.1611799589447274,93.10423477533642,11.0,9.908493583360242,0.0,0.0,0.0,1.0,0.0,9.3
72.0,6.0,7.2,10.7694820474362,106.690485306064,2.0,53.75818181817839,80.81249751703449,611.7,1,0,0,0,0,1,72.86150756189254,1.9061631518718325,0.0,98.09874121301291,0.0,9.0,1.367376812310365,0.0,0.0,0.0,1.0,0.0,23.0
60.0,3.0,3.0,10.6915753569928,106.736324761722,3.0,8.131668552257471,7.431275025157785,3116.6,1,1,1,1,0,0,19.567814035091047,14.446512224860426,85.55316691266124,0.0,0.0,6.0,10.145745956067174,1.0,0.0,0.0,0.0,0.0,5.8
64.0,3.0,5.0,10.8415610282798,106.725760798251,3.0,15.48107692307722,14.40074884671146,,1,1,1,0,0,0,19.567814035091047,,,,,5.0,7.771734413690694,0.0,0.0,0.0,1.0,0.0,6.4
217.0,5.0,15.2,10.7963236939692,106.648242794679,3.0,19.38917355371901,20.454141465138118,84.3,0,0,0,0,0,1,20.25050569105691,0.0,0.0,0.0,100.0,44.0,6.200138497635103,0.0,1.0,0.0,1.0,0.0,34.0
105.0,3.0,5.0,10.7826603103646,106.648090570099,3.0,19.38917355371901,14.561953480312356,50.9,1,0,0,0,0,0,19.567814035091047,21.8860510805501,0.0,0.0,78.11394891944991,9.0,5.837541113972827,0.0,0.0,0.0,0.0,1.0,16.4
33.0,3.0,7.0,10.7385032938353,106.636991923133,0.0,12.006306645336863,15.288713651298618,105843.5,0,0,0,0,0,0,20.25050569105691,16.008248026567525,83.99173307760988,0.0,0.0,5.0,8.150422084858814,0.0,0.0,0.0,0.0,1.0,4.2
77.0,1.0,8.4,10.7266093311904,106.733563377514,2.0,17.789285714285825,8.648767860862735,1889.4,1,0,0,0,0,1,8.354727166160457,70.85000529268551,0.0,0.0,29.14999470731449,8.0,6.537500230681985,0.0,0.0,0.0,1.0,0.0,5.4
97.0,7.0,8.0,10.7896797426634,106.693368735116,2.0,53.75818181817839,48.487230363696476,364.7,0,0,0,0,0,0,29.34260834230355,23.556347683027145,76.44913627639156,0.0,0.0,22.0,1.7398210942399084,0.0,0.0,0.0,1.0,0.0,28.0
54.0,4.0,8.0,10.8058189077866,106.690461302875,0.0,18.827244701348747,15.288713651298618,64.6,0,0,0,0,0,0,24.873898992866078,21.439628482972136,0.0,0.0,78.49845201238391,9.0,3.51344601510655,0.0,0.0,0.0,0.0,1.0,10.8
63.0,3.0,6.0,10.8196069277096,106.702971380125,2.0,18.827244701348747,16.235786892588425,1282.0,1,1,1,1,0,1,13.941385937429175,51.07098283931357,0.0,0.0,48.93135725429017,7.0,4.853175524668036,0.0,0.0,0.0,0.0,1.0,7.4
69.0,2.0,5.266666666666667,10.8770416790451,106.64173522824,3.0,8.826587030733174,11.964993989558423,2211.4,1,1,1,0,0,1,20.25050569105691,87.7887311205571,0.0,0.1207379940309306,12.088722076512614,4.0,12.971856795984182,0.0,0.0,0.0,1.0,0.0,4.2
48.0,4.0,4.0,10.7418649890129,106.638651666497,2.0,12.006306645336863,23.820911987062647,38.0,1,1,1,0,0,1,20.25050569105691,86.02631578947367,0.0,0.0,13.868421052631575,9.0,7.806716733025092,0.0,0.0,0.0,1.0,0.0,6.4
83.0,5.0,30.0,10.6781198380155,106.753036761951,3.0,8.131668552257471,11.712567766934,437.0,1,1,1,0,1,0,8.354727166160457,44.28146453089244,0.0,0.0,55.70938215102974,9.0,12.274077235121728,0.0,0.0,1.0,0.0,0.0,11.8
45.0,5.0,13.0,10.7510958854186,106.636147921726,3.0,12.006306645336863,20.454141465138118,794.7,0,0,1,0,1,0,19.709285382510352,0.0,7.702277589027305,0.0,92.29394740153516,9.0,7.616523964167639,0.0,0.0,0.0,1.0,0.0,8.4
60.0,5.0,6.0,10.7874514603286,106.686144452204,2.0,54.46617152529408,106.67729565230768,238.2,1,0,0,0,0,0,75.75321427483613,29.26532325776658,0.0,0.0,70.73887489504618,8.0,2.0712639335443725,0.0,0.0,0.0,1.0,0.0,12.9
84.0,2.0,6.2,10.8078723292958,106.703955818364,2.0,18.827244701348747,17.205832796074894,913.1,1,1,1,1,0,1,15.076317258595626,11.745701456576498,88.2542985434235,0.0,0.0,14.0,3.5577426870349647,0.0,0.0,0.0,1.0,0.0,9.99
107.0,2.0,12.0,10.7346146167712,106.668105876247,3.0,9.364834955468142,15.149860937399001,49189.1,1,1,1,1,1,0,19.147615456211028,19.443779211248017,3.727695769997825,0.0,76.82856567816853,5.0,5.845354515041085,0.0,0.0,1.0,0.0,0.0,6.3
30.0,3.0,23.166666666666664,10.7629390465607,106.686994883596,0.0,53.75818181817839,59.25648860397285,133.1,0,0,0,0,0,1,72.86150756189254,18.16679188580015,0.0,0.0,81.79564237415478,9.0,2.1173690840072057,0.0,0.0,1.0,0.0,0.0,7.9
28.0,3.0,15.0,10.7936212987083,106.691317607992,3.0,53.75818181817839,34.07029975082686,106.0,0,0,1,1,0,0,26.14981200653238,0.0,0.0,0.0,99.9622641509434,6.0,2.2318200373075814,0.0,0.0,0.0,0.0,1.0,10.5
100.0,2.0,6.0,10.8099992736085,106.689368626944,3.0,18.827244701348747,15.149860937399001,271.5,0,0,0,0,0,0,25.38415763254146,9.462246777163903,0.0,0.0,90.5340699815838,5.0,3.9918043933690384,0.0,0.0,0.0,1.0,0.0,13.5
111.0,5.0,6.0,10.83641258603,106.636032611132,2.0,11.098013468022373,20.454141465138118,1173.3,1,1,1,0,0,0,20.25050569105691,50.902582459728976,49.101679024972306,0.0,0.0,33.0,9.779226455822643,0.0,0.0,0.0,0.0,1.0,18.6
262.0,3.0,12.0,10.7614565455385,106.690041099275,0.0,53.75818181817839,59.25648860397285,884.3,0,0,0,0,0,1,31.338914411207632,79.25590862829357,0.0,0.0,20.742960533755515,10.0,2.018553168398942,1.0,0.0,0.0,1.0,0.0,59.0
49.0,3.0,10.0,10.8208946747985,106.635785431947,0.0,19.38917355371901,15.923197269929185,996.6,0,1,1,0,0,0,18.891140957318,81.67068031306441,0.0,0.0,18.333333333333336,5.0,8.707194987319568,0.0,0.0,0.0,1.0,0.0,7.0
70.0,3.0,6.0,10.8420617393236,106.630447236212,2.0,8.826587030733174,15.500554052311237,99.5,1,1,0,0,0,0,16.846557206889077,36.23115577889447,0.0,0.0,63.75879396984925,9.0,10.65407836507355,0.0,1.0,0.0,0.0,1.0,9.68
54.0,5.0,4.0,10.781308085322346,106.65361097512212,2.0,19.38917355371901,23.820911987062647,782.1,1,0,0,0,0,0,20.25050569105691,98.1293952180028,0.0,0.0,1.8693261731236417,10.0,5.220845097159842,0.0,0.0,0.0,0.0,1.0,9.9
76.0,4.0,10.9,10.7574517371516,106.702372457494,3.0,17.789285714285825,34.311080856230646,2878.4,0,1,0,0,1,1,20.25050569105691,41.63458866036687,0.0,0.0,58.36714841578654,10.0,2.067151360846374,0.0,0.0,0.0,0.0,0.0,21.0
116.0,2.0,5.9,10.8069437678138,106.694969117475,2.0,18.827244701348747,15.288713651298618,994.4,1,0,1,1,0,1,13.941385937429175,86.88053097345133,0.0,0.0,13.12248592115849,4.0,3.5053515440852965,0.0,0.0,0.0,1.0,0.0,9.5
56.0,4.0,16.0,10.8117472453734,106.606520889077,3.0,10.737500000006847,10.067829993435623,907.1,0,1,1,0,0,0,20.25050569105691,12.791312975416162,0.0,0.0,87.20537978172197,9.0,11.06897515287272,0.0,0.0,0.0,1.0,0.0,8.9
53.0,5.0,12.0,10.7564654689728,106.681271299344,3.0,29.82381843840417,18.83383064658232,9235.4,0,0,0,0,0,0,20.838172755970227,15.04775104489248,77.08361305411786,0.0,7.868852459016394,7.0,3.0675600868705293,0.0,0.0,0.0,1.0,0.0,25.8
250.0,3.0,11.2,10.813629484417,106.775011890726,3.0,19.053737403258268,23.42179327737413,,0,0,0,0,0,1,20.25050569105691,,,,,9.0,9.093075535242614,0.0,0.0,0.0,0.0,1.0,58.0
86.0,3.0,15.5,10.7409015638911,106.646725025507,3.0,9.364834955468142,15.61262632367065,3320.0,0,0,0,0,0,1,20.25050569105691,16.129518072289155,24.798795180722895,0.0,59.07289156626506,6.0,7.107359344403339,0.0,1.0,0.0,1.0,0.0,8.7
29.0,3.0,7.966666666666667,10.8302335632737,106.633155643531,2.0,19.38917355371901,15.923197269929185,22965.3,1,1,0,0,0,1,10.818659325601992,4.6712213644063,0.0577828288766094,94.9964947115866,0.274370463264142,6.0,9.56246045521606,0.0,0.0,1.0,0.0,0.0,5.55
43.0,4.0,4.0,10.8097878681545,106.689479299179,0.0,18.827244701348747,15.149860937399001,578.3,1,1,0,0,0,0,25.38415763254146,78.48867369877227,0.0,0.0,21.507867888639115,9.0,3.9656628314794222,0.0,0.0,1.0,0.0,0.0,7.3
120.0,5.0,12.0,10.737964994499142,106.69018898620996,3.0,13.123347608580726,20.341033665775136,9423.6,0,0,0,0,0,0,19.11407196751205,30.88023685215841,0.4564073177978692,0.0,68.66346194660214,11.0,4.394049608639594,0.0,0.0,0.0,0.0,1.0,21.0
99.0,4.0,22.8,10.7928914767681,106.619123838252,2.0,14.87073929990493,9.35870800879073,1186.0,1,1,1,0,0,1,20.25050569105691,8.12141652613828,82.22849915682968,0.0,9.647554806070827,10.0,9.149207422177014,0.0,0.0,0.0,0.0,1.0,10.9
25.0,2.0,5.65,10.7983128331329,106.682958206428,2.0,18.63592086332186,18.83383064658232,60.0,1,0,0,0,0,1,21.485572441587628,0.0,0.0,0.0,100.0,3.0,3.1753077412454567,0.0,0.0,0.0,0.0,1.0,4.05
70.0,3.0,6.0,10.8057941092351,106.668373884667,3.0,19.38917355371901,20.918551142754602,29027.8,1,0,0,0,0,0,23.161245700728948,3.505742770723238,5.350388248506603,91.12116660580548,0.0,6.0,4.873770816112245,0.0,0.0,1.0,0.0,0.0,13.7
50.0,3.0,4.1,10.7934937310754,106.687536444339,3.0,53.75818181817839,34.07029975082686,65.0,0,0,1,1,0,1,19.211286203635318,0.0,0.0,0.0,100.0,10.0,2.445174093876079,0.0,0.0,0.0,0.0,1.0,7.95
80.0,4.0,6.5,10.6846924092939,106.749962080305,0.0,8.131668552257471,11.712567766934,,0,0,0,0,0,1,11.761918800261277,,,,,7.0,11.470776273561068,0.0,0.0,0.0,0.0,1.0,11.8
80.0,1.0,5.0,10.8257432919112,106.640109745884,2.0,19.38917355371901,15.923197269929185,249.0,1,1,1,1,1,0,18.639005558576912,12.008032128514056,0.0,0.0,87.99196787148594,4.0,8.658634050067048,0.0,0.0,0.0,1.0,0.0,7.95
345.0,3.0,12.0,10.8153680289192,106.591312598973,0.0,10.737500000006847,13.71334205498395,,0,0,0,0,0,0,20.25050569105691,,,,,9.0,12.765757300014192,0.0,0.0,0.0,0.0,1.0,70.0
51.0,1.0,3.0,10.7812017598643,106.759502068162,0.0,38.647438220481845,32.180605395627865,,0,0,0,0,0,0,18.852521452227894,,,,,4.0,6.405608725034944,0.0,0.0,1.0,0.0,0.0,5.19
32.0,4.0,6.0,10.7875723059612,106.604493353516,3.0,10.737500000006847,11.523850027712317,94.1,0,1,0,0,0,0,17.858559625558907,0.0,0.0,0.0,99.98937300743891,7.0,10.63070082808715,0.0,0.0,0.0,0.0,1.0,5.15
48.0,2.0,5.0,10.8023901725496,106.590310631074,3.0,10.737500000006847,13.71334205498395,,1,1,1,1,0,0,17.21642624996233,,,,,4.0,12.452146430505868,0.0,0.0,0.0,0.0,1.0,2.9
148.0,2.0,3.0,10.8429607192359,106.642662836669,0.0,11.098013468022373,15.61262632367065,200.6,0,0,0,0,0,0,10.107421869117639,25.85244267198405,0.0,0.0,74.14257228315054,10.0,9.806943862531927,0.0,0.0,1.0,0.0,0.0,8.7
77.0,5.0,3.0,10.8070409488699,106.619491026945,0.0,14.87073929990493,17.8318693459886,1778.1,0,1,0,0,0,0,18.4257909704719,39.26325853439064,60.73786626174006,0.0,0.0,20.0,9.55893725395888,0.0,0.0,0.0,0.0,0.0,9.2
90.0,4.0,12.277777777777777,10.7554383513197,106.606132348345,3.0,10.737500000006847,19.36213730687916,8755.4,1,1,1,1,0,1,21.171574122196656,78.50743541128904,0.1488224410078351,0.0,21.343742147703132,10.0,10.62301631010314,0.0,0.0,0.0,1.0,0.0,19.0
30.0,4.0,3.0,10.7883653635417,106.669777093566,3.0,18.63592086332186,16.235786892588425,3929.9,0,0,0,0,0,1,21.04502912786141,69.41321662128807,22.245858673248684,0.0,8.340924705463244,5.0,3.687398639107297,0.0,0.0,1.0,0.0,0.0,6.65
74.0,4.0,12.0,10.760098341283,106.613290433334,3.0,10.737500000006847,8.135783941420566,394.1,0,1,1,1,0,0,20.25050569105691,13.514336462826693,0.0,0.0,86.49327581832021,9.0,9.75366082850948,0.0,0.0,1.0,0.0,0.0,9.5
68.0,5.0,4.0,10.8373853282542,106.655238568783,3.0,11.098013468022373,23.820911987062647,80.7,0,0,0,0,0,0,10.107421869117639,42.75092936802974,0.0,0.0,57.28624535315985,10.0,8.466520141472632,0.0,0.0,0.0,0.0,0.0,9.99
104.0,2.0,12.0,10.8296753358196,106.702488961944,3.0,18.827244701348747,16.235786892588425,1992.8,1,1,0,0,0,0,19.23866524947719,2.480931352870333,0.0,0.0,97.51957045363308,6.0,5.97035281826868,0.0,0.0,1.0,0.0,0.0,13.6
88.0,4.0,7.666666666666667,10.7646565630601,106.61913045652,3.0,10.737500000006847,8.135783941420566,52.9,1,1,1,1,0,1,16.67966297460757,19.319470699432895,0.0,0.0,80.62381852551985,10.0,9.04243999980934,0.0,0.0,0.0,0.0,1.0,9.9
9.0,2.0,3.6,10.8055460991027,106.682015506672,0.0,18.63592086332186,15.149860937399001,947.1,1,1,1,1,0,1,12.77062601913981,79.44884383908774,0.0,0.0,20.554323725055433,2.0,3.8909059231907537,0.0,0.0,0.0,0.0,1.0,2.3
128.0,8.0,25.0,10.7870092598924,106.688407295335,3.0,54.46617152529408,106.67729565230768,25793.1,0,0,0,0,0,0,20.25050569105691,13.526253145221007,86.47363054460303,0.0,0.0,16.0,1.8495530920011112,0.0,0.0,0.0,0.0,1.0,135.0
115.0,4.0,12.8,10.8329822700863,106.727177107907,0.0,15.48107692307722,14.40074884671146,,0,0,0,0,0,1,20.25050569105691,,,,,9.0,6.946878843953227,0.0,0.0,0.0,1.0,0.0,17.5
40.0,5.0,4.0,10.8024092693849,106.695561628936,0.0,18.827244701348747,15.13100312673361,982.1,1,0,0,0,0,0,21.719959264527965,0.0,0.0,100.0,0.0,11.0,2.998241220076463,0.0,0.0,0.0,0.0,1.0,10.6
95.0,5.0,14.8,10.8015632726319,106.776893109728,0.0,38.647438220481845,44.55718221916659,,0,0,0,0,0,1,19.567814035091047,,,,,13.0,8.753228515149251,0.0,0.0,0.0,1.0,0.0,31.5
31.0,2.0,2.0,10.797800088357,106.704975506407,0.0,18.827244701348747,15.081788755498186,3425.9,1,0,0,0,0,0,19.911470140858842,64.69774365860066,33.41837181470563,0.0,1.883300738492075,4.0,2.4607447384093897,0.0,0.0,0.0,0.0,1.0,6.35
150.0,3.0,12.0,10.7885369781766,106.661182115355,3.0,19.38917355371901,20.454141465138118,74.9,0,1,0,0,0,1,20.30768956947936,42.283044058745,0.0,0.0,57.73030707610146,7.0,4.577729599184004,0.0,0.0,0.0,0.0,1.0,23.0
54.0,5.0,5.0,10.7932583037954,106.640202947743,3.0,19.38917355371901,15.61262632367065,2132.8,0,0,0,0,0,1,20.25050569105691,81.01134658664665,2.0602025506376593,0.0,16.930326331582894,10.0,6.923128419955449,0.0,0.0,0.0,1.0,0.0,14.5
60.0,3.0,10.0,10.850394337967,106.695215785875,0.0,8.826587030733174,13.645852307543556,13438.3,0,0,0,0,0,1,20.25050569105691,8.11769345824993,0.0,0.0,91.881934470878,9.0,8.297200350363541,0.0,0.0,0.0,1.0,0.0,6.2
65.0,4.0,8.0,10.8300240070074,106.70265162981,3.0,18.827244701348747,16.235786892588425,1905.3,1,0,0,0,1,0,19.23866524947719,84.7178921954548,0.4099092006508161,0.0,14.871148900435626,9.0,6.009585652469674,0.0,0.0,0.0,1.0,0.0,12.7
66.0,3.0,8.0,10.7780601240212,106.655908372263,3.0,13.32081849341783,15.923197269929185,1635.3,1,0,0,0,0,1,23.072180951086057,80.18100654314195,0.0,0.0,19.822050999816547,9.0,4.941761092249058,0.0,0.0,0.0,1.0,0.0,14.0
63.0,3.0,6.0,10.7818917498311,106.674511049679,0.0,24.737282299672927,16.235786892588425,74.1,0,0,0,0,0,0,14.535280883434632,0.4993252361673414,0.0,0.0,99.47368421052632,10.0,2.977362258463839,0.0,0.0,0.0,1.0,0.0,9.3
76.0,4.0,4.0,10.7930377935136,106.615529278342,3.0,14.87073929990493,9.35870800879073,2907.3,1,1,0,0,1,0,20.25050569105691,95.58559488184912,0.0,0.0,4.413029271145049,8.0,9.53703919547625,0.0,0.0,0.0,1.0,0.0,6.75
16.0,4.0,3.1666666666666665,10.7809050839638,106.68187925141,3.0,54.46617152529408,24.56391683041859,127.2,0,1,1,1,1,1,25.237156359791214,0.0,0.0,0.0,100.0,4.0,2.169231866086438,0.0,0.0,0.0,1.0,0.0,4.68
68.0,5.0,8.0,10.8380328315006,106.637010546331,2.0,11.098013468022373,15.61262632367065,923.8,1,1,1,0,0,0,10.818659325601992,18.093743234466334,0.0,0.0,81.90084433860143,10.0,9.827470598594989,0.0,0.0,0.0,0.0,1.0,8.8
72.0,3.0,12.0,10.740846378881,106.716012101568,3.0,17.789285714285825,24.488452653857216,55.9,0,0,0,0,0,0,20.25050569105691,32.52236135957066,0.0,0.0,67.47763864042933,9.0,4.2347596330935415,0.0,0.0,0.0,0.0,1.0,18.8
106.0,4.0,20.0,10.8256671754028,106.816880386323,0.0,19.053737403258268,18.03421329876938,,0,0,0,0,0,0,18.760003080075247,,,,,11.0,13.79945471495394,0.0,0.0,0.0,1.0,0.0,8.1
41.0,4.0,6.0,10.7470311071977,106.728668104538,3.0,17.789285714285825,17.42635834230355,1506.7,1,1,0,0,0,0,8.354727166160457,79.0382956129289,0.0,0.0,20.96303179133205,9.0,4.4096882207779915,0.0,0.0,0.0,0.0,1.0,9.45
46.0,2.0,4.0,10.7698084626697,106.647739226056,3.0,13.32081849341783,15.61262632367065,64.4,1,0,0,0,0,0,20.25050569105691,0.0,0.0,0.0,99.93788819875776,6.0,5.869392563711383,0.0,0.0,0.0,0.0,1.0,7.4
127.0,1.0,20.0,10.7402987025343,106.623707256249,3.0,12.006306645336863,14.561953480312356,5599.7,1,0,0,0,0,0,16.67274773320998,92.88890476275516,0.0,0.0,7.11002375127239,5.0,9.340056197117852,0.0,0.0,1.0,0.0,0.0,17.75
40.0,4.0,20.0,10.7614363518719,106.689892200637,3.0,53.75818181817839,59.25648860397285,915.3,0,0,0,0,0,0,31.338914411207632,9.175133835900798,90.83032885392768,0.0,0.0,5.0,2.0301199444534017,0.0,0.0,0.0,1.0,0.0,22.0
95.0,4.0,6.0,10.6965918230511,106.740549700119,3.0,8.131668552257471,7.431275025157785,5177.4,1,1,1,1,1,1,18.321957535463458,0.0,25.64144165024916,0.0,74.35778576119289,8.0,9.8254599683348,0.0,0.0,0.0,1.0,0.0,7.65
164.0,8.0,25.0,10.8077383852892,106.703046806728,3.0,18.827244701348747,20.454141465138118,1193.6,0,0,0,0,0,0,15.076317258595626,85.56216487935657,0.436494638069705,0.0,14.003853887399464,14.0,3.535548053454274,0.0,0.0,0.0,0.0,1.0,47.0
52.0,2.0,5.0,10.7732091164019,106.627443667358,2.0,14.87073929990493,15.971912456276133,1384.6,1,0,0,0,0,1,16.438356940373765,97.06341181568683,0.0,0.0,2.934421493572151,6.0,8.05180140142183,1.0,0.0,0.0,1.0,0.0,6.19
60.0,4.0,8.0,10.8657648961044,106.6709217487,2.0,8.826587030733174,9.397256429506324,146.8,0,1,0,0,0,0,17.46113054409074,84.83651226158038,0.0,0.0,15.163487738419615,9.0,10.511516843578605,0.0,0.0,0.0,0.0,1.0,5.89
100.0,4.0,16.0,10.7842840671769,106.759535462663,3.0,38.647438220481845,23.346267146280812,,0,0,0,1,0,0,19.567814035091047,,,,,8.0,6.449179315071729,0.0,1.0,0.0,0.0,1.0,16.7
400.0,1.0,13.7,10.8074340474176,106.718772957812,3.0,18.827244701348747,41.01013634331939,2068.2,0,0,1,0,0,1,29.161416890612465,33.80330722367276,15.597621119814333,0.0,50.600038680978635,9.0,3.992939689483986,0.0,0.0,0.0,1.0,0.0,130.0
100.0,5.0,12.0,10.83442675094254,106.66828975550034,3.0,11.098013468022373,14.561953480312356,352544.1,0,1,0,0,1,0,14.324407498016885,14.872723724492907,25.385124868066157,59.73758460289081,0.0045582949764299,9.0,7.419595919117277,0.0,0.0,0.0,1.0,0.0,23.0
32.0,4.0,4.0,10.7679177673676,106.67166209667,3.0,24.737282299672927,24.56391683041859,2439.0,0,0,0,0,0,0,21.742372820427185,91.2279622796228,0.0,0.0,8.763837638376385,7.0,3.338887719327315,0.0,0.0,0.0,1.0,0.0,8.9
74.0,4.0,12.0,10.8543076316193,106.762778791029,3.0,15.48107692307722,17.056969241416212,,0,1,0,0,0,1,19.567814035091047,,,,,10.0,11.00909091355058,0.0,0.0,0.0,1.0,0.0,8.6
150.0,7.0,16.93333333333333,10.7902315883558,106.68661950747,0.0,54.46617152529408,106.67729565230768,116.1,0,0,0,0,0,1,19.567814035091047,12.187769164513352,0.0,0.0,87.786391042205,7.0,2.2374317617393373,0.0,0.0,0.0,1.0,0.0,60.0
140.0,5.0,8.0,10.8094742855928,106.689836831452,3.0,18.827244701348747,15.149860937399001,162.0,1,0,1,0,0,0,25.38415763254146,4.648148148148149,0.0,0.0,95.38271604938272,42.0,3.920214055598057,0.0,0.0,0.0,1.0,0.0,28.8
85.0,4.0,10.0,10.7829489177242,106.776777744562,0.0,38.647438220481845,23.328827418358713,,0,0,0,0,0,0,19.567814035091047,,,,,10.0,8.302526703386096,0.0,0.0,0.0,1.0,0.0,9.5
47.0,2.0,4.0,10.8733732910117,106.690536337125,0.0,8.826587030733174,8.427513172672999,2195.5,1,0,0,0,0,1,20.25050569105691,55.178319289455715,44.822136187656575,0.0,0.0,4.0,10.888710531090616,0.0,0.0,0.0,1.0,0.0,4.58
68.0,3.0,5.3,10.8298404981657,106.730843525525,0.0,15.48107692307722,14.40074884671146,,0,0,0,0,0,1,18.26879785280932,,,,,9.0,6.811446980831956,1.0,0.0,0.0,1.0,0.0,11.9
43.0,4.0,3.0,10.8059057610897,106.697000455033,0.0,18.827244701348747,15.61262632367065,397.7,0,0,0,0,0,0,17.40171754184511,21.11139049534825,0.0,0.0,78.88609504651748,12.0,3.355382579888059,0.0,0.0,0.0,1.0,0.0,7.95
65.0,3.0,7.0,10.8076525139195,106.666583589833,3.0,19.38917355371901,20.918551142754602,134.4,0,0,0,0,0,1,19.567814035091047,5.178571428571428,0.0,0.0,94.83630952380952,8.0,5.157689123522721,0.0,0.0,0.0,0.0,1.0,19.9
179.0,2.0,10.0,10.9047561532689,106.594668336236,2.0,9.79203162611253,18.109953266812024,,1,1,1,0,0,0,20.25050569105691,,,,,4.0,18.44132289264172,0.0,0.0,0.0,0.0,1.0,7.2
69.0,2.0,6.0,10.8012185661724,106.698990979839,0.0,18.827244701348747,18.83383064658232,3119.1,0,1,0,0,0,0,20.25050569105691,18.17447340579013,0.0,81.82456477830144,0.0,8.0,2.8136232058625477,0.0,0.0,0.0,0.0,1.0,9.0
68.0,3.0,6.0,10.7717804284846,106.646222195856,2.0,13.32081849341783,15.149860937399001,55.0,1,1,1,0,1,0,9.90181956943871,4.090909090909091,0.0,0.0,95.92727272727272,7.0,6.012902187507799,0.0,0.0,0.0,1.0,0.0,9.1
202.0,5.0,28.4,10.8356042571605,106.794656313015,0.0,15.48107692307722,19.07305356275716,,0,0,0,0,0,1,20.25050569105691,,,,,27.0,12.179676421594325,0.0,0.0,0.0,0.0,1.0,22.5
60.0,3.0,7.0,10.789555600498,106.80375421683,0.0,15.48107692307722,23.42179327737413,,1,1,1,0,1,0,20.25050569105691,,,,,7.0,11.31394241500504,0.0,0.0,0.0,1.0,0.0,7.15
55.0,3.0,5.375,10.7867272529903,106.69046253797,3.0,54.46617152529408,106.67729565230768,3038.7,0,0,0,0,0,1,29.34260834230355,69.86902293744035,0.0,0.0,30.131306150656535,7.0,1.6652159613926931,0.0,0.0,0.0,1.0,0.0,12.9
38.0,4.0,4.0,10.7834951221883,106.647407775349,0.0,19.38917355371901,14.561953480312356,14332.1,0,0,0,0,0,0,17.444977006572753,25.615227356772557,17.19371201708054,0.0,57.19106062614691,8.0,5.9238668156886005,0.0,0.0,0.0,1.0,0.0,5.9
60.0,3.0,20.0,10.8435607532298,106.649151076218,3.0,11.098013468022373,23.820911987062647,1453.1,1,1,0,0,1,0,18.364041163673342,73.9233363154635,0.0,0.0,26.078728236184713,9.0,9.414356594818411,0.0,0.0,0.0,0.0,1.0,6.39
180.0,3.0,8.0,10.8155159962929,106.707810449876,3.0,18.827244701348747,20.47473566303819,21052.2,1,0,0,0,0,0,13.930220361551154,12.87281139263355,0.0,87.12699860347138,0.0,9.0,4.45469169865391,0.0,0.0,0.0,1.0,0.0,24.7
53.0,4.0,5.0,10.8362201494589,106.726902381648,2.0,15.48107692307722,14.40074884671146,,1,1,0,0,0,0,19.375154550884368,,,,,8.0,7.265060735491749,0.0,0.0,0.0,0.0,1.0,8.5
58.0,4.0,2.0,10.8068432228605,106.675720517125,0.0,18.63592086332186,24.56391683041859,83.6,0,0,0,0,0,0,20.25050569105691,7.380382775119617,0.0,0.0,92.6196172248804,9.0,4.409887470465848,0.0,0.0,0.0,1.0,0.0,9.5
96.0,4.0,20.0,10.69145270272812,106.7217124852213,0.0,8.131668552257471,13.173106254134565,124636.3,0,0,0,0,0,0,19.32281039637293,6.473475223510326,13.61510250224052,0.0,12.82587015179366,9.0,9.667170939911829,1.0,0.0,0.0,0.0,1.0,12.0
108.0,4.0,10.0,10.7980232642683,106.732933501691,0.0,38.647438220481845,24.61928661725888,,1,0,1,0,0,1,17.400949483778184,,,,,12.0,4.252968629747204,1.0,0.0,0.0,1.0,0.0,13.5
25.0,2.0,4.3,10.7243450052642,106.726507435188,3.0,17.789285714285825,30.38692272100736,138430.9,0,0,0,0,0,1,8.354727166160457,3.447604544939028,92.1244606514875,0.5928228451884658,0.5762008337733844,6.0,6.3792524965863295,0.0,0.0,0.0,1.0,0.0,3.79
90.0,5.0,12.555555555555554,10.7702396253444,106.688491955452,0.0,53.75818181817839,80.81249751703449,4875.5,0,0,0,0,0,1,39.810934272632835,98.6393190442006,0.0,1.3610911701363964,0.0,10.0,1.5189025983589637,0.0,1.0,0.0,1.0,0.0,42.0
60.0,4.0,6.0,10.7777251290674,106.64863168061,0.0,19.38917355371901,14.561953480312356,27635.4,0,1,1,1,0,1,20.25050569105691,5.991083899635974,0.0,93.86587492853369,0.1431135427748467,7.0,5.734521284923897,0.0,0.0,1.0,0.0,0.0,9.5
67.0,5.0,8.0,10.8565396284347,106.75200715455,3.0,15.48107692307722,16.151929588086617,,1,0,0,0,0,0,20.251605221005875,,,,,9.0,10.54119993514307,0.0,0.0,0.0,1.0,0.0,9.8
198.0,4.0,8.0,10.8328855112459,106.73218654262,0.0,15.48107692307722,14.40074884671146,,0,0,0,0,0,0,20.25050569105691,,,,,8.0,7.179073586716134,0.0,0.0,0.0,0.0,1.0,23.9
90.0,5.0,6.0,10.8525127094179,106.764630811102,3.0,15.48107692307722,16.99010834230355,,0,0,0,0,0,0,20.25050569105691,,,,,12.0,10.978645844013611,0.0,0.0,0.0,1.0,0.0,11.4
90.0,4.0,11.818181818181817,10.8471658753807,106.723593144957,0.0,15.48107692307722,17.78611714762465,,1,0,1,0,1,1,19.567814035091047,,,,,9.0,8.285865986401571,0.0,0.0,0.0,1.0,0.0,14.7
110.0,2.0,2.0,10.6509918105047,106.730403962278,0.0,8.131668552257471,15.805719480205894,,0,0,0,0,0,0,15.805719480205894,,,,,6.0,14.264230416258105,0.0,0.0,0.0,0.0,1.0,3.6
40.0,2.0,4.0,10.8818584071659,106.6376801971,0.0,8.826587030733174,11.964993989558423,25075.0,0,1,1,0,0,0,20.25050569105691,96.77024925224327,2.500099700897308,0.7087138584247259,0.0,4.0,13.657571806279131,0.0,0.0,0.0,0.0,1.0,3.59
70.0,5.0,5.0,10.7819678096222,106.674385820637,3.0,24.737282299672927,16.235786892588425,134.7,1,1,1,1,0,0,14.535280883434632,25.71640682999258,0.0,0.0,74.30586488492949,8.0,2.992571336755631,0.0,0.0,0.0,0.0,1.0,11.5
105.0,5.0,9.6,10.7890103909851,106.698862818184,3.0,53.75818181817839,48.487230363696476,1817.9,0,0,0,0,0,1,21.249348064673793,93.39402607404146,0.0,6.6065240112217385,0.0,26.0,1.4671835990148503,0.0,0.0,0.0,0.0,0.0,35.0
100.0,4.0,12.0,10.8157840587756,106.626075809365,3.0,14.87073929990493,13.051852005459661,101.5,0,1,0,0,1,0,20.25050569105691,0.6206896551724138,0.0,0.0,99.36945812807882,13.0,9.31247899153766,0.0,0.0,1.0,0.0,0.0,11.75
47.0,5.0,7.0,10.7930703405847,106.669516983272,0.0,19.38917355371901,20.454141465138118,101.5,0,1,1,0,0,0,24.641850909075103,26.807881773399014,0.0,0.0,73.17241379310344,8.0,3.9375550557634185,0.0,0.0,0.0,1.0,0.0,9.95
72.0,3.0,5.7,10.7984449222547,106.692780431924,3.0,18.827244701348747,15.13100312673361,104.7,1,0,0,0,0,1,19.567814035091047,0.0,0.0,0.0,100.0,8.0,2.6560582579455323,0.0,0.0,0.0,0.0,1.0,9.0
45.0,5.0,13.0,10.799603030388,106.686591126374,0.0,18.63592086332186,15.288713651298618,3201.4,1,0,0,0,0,1,18.245021803289422,9.34372462047854,0.1792965577559817,0.0,0.0,9.0,3.065907803218871,0.0,0.0,0.0,0.0,1.0,11.5
280.0,4.0,30.0,10.7786032746917,106.746839555277,0.0,38.647438220481845,23.346267146280812,,0,0,1,0,0,0,38.40280152808539,,,,,10.0,5.0046750177724215,0.0,1.0,1.0,0.0,0.0,100.0
46.0,2.0,4.5,10.8027377241045,106.695609025918,3.0,18.827244701348747,15.13100312673361,6996.2,1,0,0,1,0,1,21.719959264527965,92.80480832451902,2.826534404390955,4.239873073954432,0.1284983276635888,5.0,3.0329934246750923,0.0,0.0,0.0,0.0,1.0,9.9
222.0,4.0,7.0,10.6755060253716,106.698158728389,0.0,8.131668552257471,11.187905093453665,3518.6,0,0,1,0,0,0,8.502652923904137,12.068152105951231,0.0,0.0,87.93184789404876,13.0,11.17903954486517,0.0,0.0,0.0,1.0,0.0,6.39
115.0,3.0,8.0,10.6929561724343,106.740934206177,0.0,8.131668552257471,7.431275025157785,108.7,1,0,0,0,1,0,8.354727166160457,15.280588776448942,0.0,0.0,84.68261269549218,9.0,10.208150281932417,0.0,0.0,0.0,0.0,0.0,8.3
61.0,4.0,8.0,10.7265759170098,106.733601385881,0.0,17.789285714285825,8.648767860862735,1889.4,0,1,1,0,0,0,8.354727166160457,70.85000529268551,0.0,0.0,29.14999470731449,9.0,6.542874207851073,0.0,0.0,1.0,0.0,0.0,9.2
35.0,4.0,4.5,10.8159019823596,106.694197316728,3.0,18.827244701348747,16.924787565129154,180.2,0,0,0,0,0,1,14.324407498016885,0.0,0.0,0.0,99.98335183129856,11.0,4.500501843747807,0.0,1.0,0.0,1.0,0.0,11.6
42.0,2.0,4.0,10.7939209598023,106.669089016891,0.0,18.63592086332186,14.561953480312356,32.3,0,0,0,0,0,0,19.193619091459624,62.724458204334375,0.0,0.0,37.27554179566563,4.0,4.024555411272484,0.0,0.0,1.0,0.0,0.0,6.6
275.0,1.0,5.0,10.9013390784702,106.642250920669,0.0,9.79203162611253,17.90785159642303,,1,0,0,0,0,0,20.25050569105691,,,,,4.0,15.347573076721565,0.0,0.0,0.0,1.0,0.0,6.6
160.0,7.0,21.7,10.7892172229797,106.67463744568,3.0,54.46617152529408,20.454141465138118,49.0,0,0,0,0,0,1,24.641850909075103,0.0,0.0,0.0,100.0,15.0,3.2427238494235446,0.0,0.0,0.0,1.0,0.0,40.0
21.0,4.0,3.0,10.8481425230843,106.642339837362,0.0,11.098013468022373,15.61262632367065,754.4,0,1,1,0,0,0,11.178588935354508,85.64289501590669,13.419936373276776,0.0,0.9398197242841994,7.0,10.273231553258675,0.0,0.0,0.0,0.0,1.0,4.79
230.0,7.0,28.2,10.7426328499709,106.710299111724,0.0,17.789285714285825,24.488452653857216,3664.7,0,1,0,0,0,1,19.567814035091047,27.53076650203291,65.3690615875788,0.0,7.099353289491638,13.0,3.843938252124694,0.0,1.0,0.0,1.0,0.0,75.0
90.0,4.0,8.0,10.8756625387441,106.685356370704,0.0,8.826587030733174,8.427513172672999,4938.5,1,1,1,1,0,0,17.412339551755686,16.894401133947557,8.361850764402146,0.0,74.74293813911106,9.0,11.2145689305829,0.0,0.0,1.0,0.0,0.0,6.25
72.0,2.0,7.0,10.7932234395629,106.624742566555,3.0,14.87073929990493,9.35870800879073,609.4,0,0,0,0,0,1,19.29975834306553,9.42894650475878,0.0,0.0,90.56448966196258,4.0,8.557649174681002,0.0,0.0,0.0,1.0,0.0,12.3
56.0,2.0,3.0,10.7144671220177,106.736827289391,0.0,17.789285714285825,18.28632481919144,134.7,0,0,0,0,0,0,8.354727166160457,16.206384558277655,0.0,0.0,83.82331106161841,5.0,7.877094582480192,0.0,0.0,1.0,0.0,0.0,3.2
100.0,4.0,20.0,10.7921878248166,106.691304424336,3.0,53.75818181817839,34.07029975082686,666.6,0,0,0,0,0,0,25.9063569677296,98.73837383738376,0.0,0.0,1.2586258625862587,7.0,2.094009456167605,0.0,0.0,0.0,1.0,0.0,52.0
94.0,4.0,10.7,10.783015404209,106.658444985281,3.0,19.38917355371901,20.339947871608835,415.0,0,0,0,0,0,1,20.25050569105691,67.07951807228916,0.0,0.0,32.92289156626506,15.0,4.724176901118642,0.0,0.0,0.0,0.0,1.0,14.99
140.0,3.0,12.0,10.7124,106.6418,3.0,13.123347608580726,17.577819031868692,246131.4,0,0,0,0,0,0,22.10413068261712,25.161750999669287,6.318824010264436,0.0,68.51943717867773,14.0,9.590674951977205,0.0,0.0,0.0,1.0,0.0,12.5
74.0,5.0,5.7,10.806229963949,106.616062673224,3.0,14.87073929990493,17.8318693459886,2813.3,0,1,0,1,1,0,18.057974719109087,99.99857818220596,0.0,0.0,0.0,21.0,9.878031078157996,0.0,1.0,0.0,0.0,1.0,11.3
51.0,4.0,4.0,10.8500272966782,106.655028350651,2.0,11.098013468022373,24.56391683041859,470.7,1,0,0,0,0,0,11.178588935354508,43.01678351391545,0.0,0.0,56.98958997238156,7.0,9.647678057773737,0.0,0.0,0.0,0.0,1.0,6.68
61.0,3.0,20.0,10.7888997110603,106.698814597615,3.0,53.75818181817839,48.487230363696476,436.0,0,0,0,0,0,0,21.249348064673793,16.15137614678899,0.0,83.85550458715598,0.0,9.0,1.4559437855290027,1.0,0.0,0.0,1.0,0.0,10.9
47.0,2.0,3.9,10.8708015842725,106.688994228768,0.0,8.826587030733174,8.427513172672999,3348.2,0,0,0,0,0,1,20.25050569105691,14.573800848216951,24.03291320709635,0.0,61.39179260498179,6.0,10.62404672837444,1.0,0.0,0.0,1.0,0.0,4.25
95.0,3.0,8.0,10.6846221205136,106.750155154798,2.0,8.131668552257471,7.431275025157785,,1,0,1,0,0,0,11.761918800261277,,,,,9.0,11.48752061914134,0.0,0.0,0.0,0.0,1.0,8.6
114.0,4.0,9.8,10.8754157422153,106.654938111509,0.0,8.826587030733174,13.805666803246416,4479.9,0,1,0,0,1,1,24.269797544088476,92.6275140070091,0.0,0.0,7.373378870064064,8.0,12.149915275375315,0.0,0.0,0.0,0.0,1.0,9.9
29.0,2.0,3.0,10.860455027355,106.642922822172,3.0,8.826587030733174,14.549898133423875,79.6,0,1,1,0,0,0,20.25050569105691,45.16331658291458,54.77386934673368,0.0,0.0,6.0,11.338611397503591,0.0,0.0,1.0,0.0,0.0,3.25
175.0,3.0,20.0,10.8039653378717,106.795861114427,3.0,19.053737403258268,23.42179327737413,,0,0,0,0,1,0,20.87381731865282,,,,,8.0,10.807674628424738,0.0,0.0,0.0,1.0,0.0,24.0
49.0,2.0,3.0,10.7941757009473,106.668797609092,0.0,19.38917355371901,18.83383064658232,121.4,0,0,0,0,0,1,24.641850909075103,22.364085667215814,0.0,0.0,77.60296540362437,7.0,4.066243989146222,0.0,0.0,0.0,1.0,0.0,6.9
111.0,5.0,20.0,10.7369583000698,106.71831255728,3.0,17.789285714285825,30.38692272100736,,0,1,0,0,0,0,20.18206125192249,,,,,11.0,4.730957346813541,0.0,0.0,0.0,0.0,1.0,31.23
41.0,4.0,4.0,10.7576281995386,106.703871411991,3.0,12.968707708226514,18.093318479606467,27.9,1,0,0,0,1,1,20.25050569105691,0.0,0.0,0.0,100.0,7.0,2.0651617037453955,0.0,0.0,0.0,0.0,1.0,8.3
60.0,2.0,5.8,10.8418121229684,106.661931226973,0.0,11.098013468022373,16.924787565129154,5890.6,0,1,1,1,1,1,17.02299287958239,14.51040641021288,85.16551794384273,0.0,0.3247546939191253,3.0,8.476724163891927,0.0,0.0,0.0,1.0,0.0,5.85
51.0,3.0,4.5,10.8400929964343,106.741396480211,2.0,15.48107692307722,16.99010834230355,,1,0,0,0,0,1,18.441394421707372,,,,,7.0,8.376321761547544,0.0,0.0,0.0,0.0,1.0,8.0
68.0,4.0,9.333333333333332,10.8482150099122,106.648105483241,0.0,11.098013468022373,15.61262632367065,1422.4,0,0,0,0,0,1,11.178588935354508,96.37443757030373,0.0,0.0,3.624156355455568,9.0,9.898596449107677,0.0,0.0,0.0,1.0,0.0,8.5
160.0,5.0,21.0,10.8070014677516,106.788710470545,0.0,19.053737403258268,23.42179327737413,,0,0,1,0,1,1,20.87381731865282,,,,,15.0,10.17151036341008,0.0,1.0,0.0,1.0,0.0,19.6
100.0,4.0,10.0,10.795374250666,106.659189826152,0.0,19.38917355371901,18.093318479606467,1069.3,1,0,0,0,0,0,20.25050569105691,97.62835499859722,2.375385766389227,0.0,0.0,14.0,5.059446353106412,0.0,0.0,0.0,0.0,1.0,16.95
23.0,4.0,3.0,10.7940971306111,106.680815506046,3.0,18.63592086332186,15.923197269929185,440.7,0,0,0,0,0,0,13.842079023496492,6.110732924892217,0.0,0.0,93.89834354436124,5.0,2.993104749918505,0.0,0.0,0.0,0.0,1.0,4.99
34.0,2.0,4.05,10.7898160508496,106.686735701177,0.0,54.46617152529408,106.67729565230768,217.4,0,1,0,1,0,1,20.25050569105691,22.267709291628332,0.0,0.0,77.72309107635694,2.0,2.1959077076283084,0.0,0.0,0.0,1.0,0.0,4.9
37.0,5.0,5.0,10.7794889331355,106.667314583702,0.0,24.737282299672927,15.923197269929185,42832.0,1,1,0,1,0,1,16.95010834230355,8.418588905491221,91.34313130369816,0.0,0.2376260739633918,8.0,3.710832433286706,0.0,0.0,0.0,0.0,1.0,6.8
97.0,4.0,8.0,10.6894753116056,106.647341351484,3.0,13.123347608580726,17.577819031868692,,0,0,0,0,1,0,20.25050569105691,,,,,7.0,11.272054045303294,0.0,0.0,0.0,1.0,0.0,10.4
88.0,3.0,9.966666666666669,10.7744967328399,106.697856167809,3.0,53.75818181817839,80.81249751703449,2539.8,0,1,0,0,0,1,27.875779929550006,97.7895897314749,0.0,2.210016536735176,0.0,10.0,0.3917861266613344,0.0,1.0,0.0,1.0,0.0,140.0
73.0,4.0,12.0,10.7427036822134,106.710206664317,3.0,17.789285714285825,24.488452653857216,3664.7,0,1,0,0,0,0,19.567814035091047,27.53076650203291,65.3690615875788,0.0,7.099353289491638,9.0,3.833703505643494,0.0,0.0,0.0,0.0,1.0,17.8
162.0,2.0,8.0,10.8116745584233,106.692520374125,3.0,18.827244701348747,16.924787565129154,674.4,0,0,0,0,0,0,25.38415763254146,87.44217081850535,0.0,0.0,12.55041518386714,20.0,4.076022049283762,0.0,0.0,1.0,0.0,0.0,19.5
160.0,5.0,20.0,10.7274964076932,106.722857656574,3.0,17.789285714285825,30.38692272100736,1117149.9,0,0,0,0,0,0,21.09482090226569,24.929655366750698,31.312650164494492,0.0,42.81218124801337,15.0,5.893875262777836,0.0,1.0,1.0,0.0,0.0,35.0
64.0,5.0,8.6,10.8435405264402,106.649088470492,3.0,11.098013468022373,23.820911987062647,1419.2,1,0,0,0,0,1,18.364041163673342,2.72195603156708,0.0,0.0,97.27663472378804,13.0,9.416685589072925,0.0,0.0,0.0,0.0,1.0,15.5
200.0,4.0,10.0,10.8302981828474,106.702921684944,3.0,18.827244701348747,16.235786892588425,5022.2,1,0,0,0,0,0,19.23866524947719,30.362191868105608,17.282864083469395,0.0,52.35394846879854,9.0,6.040960136172527,0.0,0.0,1.0,0.0,0.0,30.0
51.0,4.0,7.0,10.7786399643171,106.76270225765,0.0,38.647438220481845,32.180605395627865,,1,1,1,0,0,1,19.567814035091047,,,,,11.0,6.735436182835531,0.0,0.0,0.0,1.0,0.0,8.4
29.0,2.0,4.35,10.8556431126228,106.761493916623,3.0,15.48107692307722,17.056969241416212,,0,0,0,0,0,1,17.750769632832952,,,,,3.0,11.04250799187626,0.0,0.0,1.0,0.0,0.0,2.89
32.0,2.0,3.0,10.7404948901954,106.735501730615,3.0,17.789285714285825,8.648767860862735,9940.3,1,1,0,0,0,0,13.834634373598146,40.937195054475225,2.137058237678944,0.0,56.92554550667485,5.0,5.450655437530633,0.0,0.0,0.0,0.0,1.0,4.3
12.0,2.0,4.0,10.8659609309227,106.614348714608,0.0,8.826587030733174,11.964993989558423,6223.6,0,0,0,0,0,0,21.19814232501748,84.6150138183688,2.0727553184651972,0.0,12.930618934378815,4.0,13.778076244411093,0.0,0.0,0.0,1.0,0.0,8.4
680.0,1.0,7.0,10.8594920649472,106.756698383712,3.0,15.48107692307722,16.151929588086617,,0,0,0,0,0,0,19.385376428405934,,,,,9.0,11.093450946672712,0.0,0.0,0.0,1.0,0.0,35.0
177.0,3.0,10.0,10.7987686809644,106.649296803409,3.0,19.38917355371901,20.454141465138118,80.3,0,0,0,0,0,0,20.25050569105691,3.9850560398505617,0.0,0.0,96.01494396014944,7.0,6.199031359007495,0.0,0.0,0.0,1.0,0.0,75.0
53.0,2.0,2.0,10.7477549424238,106.715791654817,2.0,17.789285714285825,14.8877491993957,4368.0,1,0,0,0,0,0,18.207540931800263,94.49793956043956,0.5663919413919414,0.0,4.934752747252748,6.0,3.5270043670856333,0.0,0.0,0.0,0.0,1.0,5.0
48.0,2.0,4.966666666666667,10.7743810512167,106.69774530365,3.0,53.75818181817839,80.81249751703449,2539.8,0,0,0,0,0,1,27.875779929550006,97.7895897314749,0.0,2.210016536735176,0.0,7.0,0.4082781450415187,0.0,0.0,0.0,1.0,0.0,15.5
54.0,2.0,5.0,10.8267583060207,106.616795137525,2.0,8.826587030733174,15.780638971822933,2501.4,1,1,1,0,1,0,20.25050569105691,12.485408171424002,0.0,0.0,87.51299272407452,7.0,10.800285897584237,1.0,0.0,1.0,0.0,0.0,4.68
62.0,5.0,8.6,10.7913817014085,106.670147077316,3.0,18.63592086332186,15.61262632367065,1701.6,0,0,0,0,0,1,13.842079023496492,59.40291490362012,0.0,0.0,40.5964974141984,13.0,3.789024000291971,0.0,0.0,0.0,1.0,0.0,20.9
82.0,4.0,10.666666666666668,10.840577456363,106.624016164742,3.0,8.826587030733174,15.500554052311237,,0,0,0,0,0,1,20.586367962736855,,,,,9.0,11.065553000710649,0.0,1.0,0.0,1.0,0.0,9.8
47.0,5.0,6.0,10.8233642185054,106.701833738118,0.0,18.827244701348747,16.235786892588425,45.4,1,0,0,0,0,0,13.930220361551154,0.0,0.0,0.0,99.91189427312776,11.0,5.267270535047471,0.0,0.0,0.0,0.0,1.0,9.0
46.0,4.0,9.0,10.8865732590178,106.633210312095,0.0,8.826587030733174,11.964993989558423,262.0,1,1,1,0,0,0,20.25050569105691,0.0,0.0,0.0,99.98854961832062,7.0,14.357799460904516,0.0,0.0,0.0,1.0,0.0,5.2
36.0,4.0,4.0,10.8201542246818,106.70374091612,0.0,18.827244701348747,16.235786892588425,65.8,1,0,0,1,0,0,13.930220361551154,97.58358662613982,2.477203647416413,0.0,0.0,6.0,4.918192201930289,0.0,0.0,0.0,1.0,0.0,8.0
33.0,2.0,7.0,10.7687278131609,106.603271560222,2.0,10.737500000006847,11.79885823719474,132.5,0,1,1,0,0,1,17.250306900204997,0.0,0.0,0.0,99.98490566037736,4.0,10.716879010665398,0.0,0.0,0.0,1.0,0.0,3.6
53.0,3.0,6.0,10.7688279573313,106.675339197537,3.0,24.737282299672927,14.561953480312356,1289.7,0,0,0,0,0,1,19.911470140858842,92.21912072575016,0.0,0.0,7.77855315189579,7.0,2.924815067172609,0.0,0.0,0.0,1.0,0.0,17.0
73.0,4.0,12.0,10.8123631279318,106.709638258204,3.0,18.827244701348747,20.47473566303819,1235.8,1,1,1,1,0,0,19.567814035091047,8.223013432594271,0.0,0.0,91.77536818255382,9.0,4.149555604244222,0.0,0.0,0.0,0.0,1.0,14.5
144.0,6.0,24.0,10.836765078285843,106.84301407351784,0.0,19.053737403258268,25.613782122221185,,0,0,0,0,0,0,22.156780321650697,,,,,10.0,16.908955018147466,0.0,0.0,0.0,1.0,0.0,24.0
51.0,4.0,3.0,10.8128262418088,106.685310018759,3.0,11.098013468022373,15.13100312673361,638.6,1,0,0,0,0,0,20.46129821819246,40.65925461948011,0.0,0.0,59.332915753210145,10.0,4.443277955775115,0.0,0.0,1.0,0.0,0.0,8.16
59.0,4.0,10.0,10.7996585372467,106.641003537834,0.0,19.38917355371901,15.61262632367065,410.7,0,1,1,1,0,1,17.16889699849127,14.187971755539325,0.0,67.01485269052837,18.794740686632576,8.0,7.071843704995383,0.0,0.0,0.0,0.0,1.0,9.5
72.0,4.0,8.0,10.766333672084,106.659838605832,3.0,24.737282299672927,15.61262632367065,1025.0,1,0,0,0,0,0,23.072180951086057,0.5463414634146341,0.0,0.0,99.49463414634148,17.0,4.633611031705307,0.0,0.0,0.0,1.0,0.0,18.8
108.0,4.0,10.0,10.8032363092858,106.715947480874,0.0,18.827244701348747,23.596282954466844,157.8,0,0,1,0,0,0,21.692084895986877,2.801013941698352,0.0,0.0,97.16730038022814,12.0,3.4354349116345912,0.0,0.0,0.0,0.0,1.0,20.0
224.0,3.0,8.0,10.7849799,106.694879,3.0,54.46617152529408,106.67729565230768,3220.8,1,1,0,0,1,1,33.00107166459517,0.3483606557377049,99.05365126676602,0.5970566318926974,0.0,8.0,1.207811544063188,0.0,0.0,0.0,1.0,0.0,175.0
110.0,7.0,9.3,10.8102653323839,106.730971845698,3.0,15.48107692307722,58.28290665694527,,0,0,0,0,0,1,25.358109988674624,,,,,9.0,5.0162942763468035,0.0,1.0,0.0,1.0,0.0,30.0
32.0,2.0,5.618181818181819,10.7661528030849,106.663616148646,0.0,24.737282299672927,15.61262632367065,122.0,1,0,0,0,0,1,32.67330086593139,17.688524590163933,0.0,0.0,82.18032786885246,3.0,4.23845798163485,0.0,0.0,0.0,1.0,0.0,6.8
47.0,3.0,6.3999999999999995,10.7452083555539,106.690069316397,0.0,9.364834955468142,15.13100312673361,61.1,0,0,0,0,0,1,18.024373561592082,0.0,3.142389525368249,0.0,96.85761047463176,7.0,3.629726424709226,0.0,0.0,1.0,0.0,0.0,7.3
450.0,4.0,10.0,10.7518058256567,106.608614288859,0.0,10.737500000006847,19.36213730687916,36441.3,0,0,0,0,0,1,19.11407196751205,0.12340394003507,0.0,0.0,0.0,12.0,10.45505122331003,0.0,0.0,0.0,1.0,0.0,20.0
330.0,4.0,23.5,10.7805444976035,106.686289519929,0.0,54.46617152529408,106.67729565230768,2674.4,0,0,0,0,0,1,20.25050569105691,3.6288513311396944,95.87795393359258,0.4916990726892013,0.0,10.0,1.6948806043917248,0.0,1.0,0.0,1.0,0.0,120.0
386.0,10.0,28.6,10.7633042765248,106.686668391974,3.0,53.75818181817839,59.25648860397285,3281.7,0,0,0,0,0,1,72.86150756189254,36.25407563153244,59.30158149739464,0.0,4.442819270500046,27.0,2.1161551086181296,0.0,0.0,0.0,1.0,0.0,450.0
105.0,3.0,12.0,10.69125,106.7212,0.0,8.131668552257471,13.173106254134565,124636.3,0,0,0,0,0,0,19.32281039637293,6.473475223510326,13.61510250224052,0.0,12.82587015179366,8.0,9.676232548644643,0.0,0.0,0.0,0.0,1.0,12.5
371.0,7.0,28.0,10.8120230323208,106.692373101133,0.0,18.827244701348747,16.924787565129154,50.9,0,0,0,0,0,1,25.38415763254146,33.182711198428294,0.0,0.0,66.75834970530451,13.0,4.117436397028786,0.0,0.0,0.0,1.0,0.0,98.0
62.0,1.0,10.0,10.7885216416809,106.661349807961,0.0,19.38917355371901,15.149860937399001,193.2,1,0,1,1,1,0,14.535280883434632,49.125258799171846,0.0,0.0,50.88509316770187,2.0,4.55976474369244,0.0,0.0,0.0,1.0,0.0,10.9
81.0,3.0,7.0,10.7979916546206,106.704900858777,3.0,18.827244701348747,15.081788755498186,3425.9,0,0,1,1,1,1,19.911470140858842,64.69774365860066,33.41837181470563,0.0,1.883300738492075,9.0,2.4803532342499763,0.0,0.0,0.0,0.0,1.0,8.49
75.0,6.0,6.0,10.7978211479385,106.671496961217,2.0,19.38917355371901,18.83383064658232,240.8,1,0,0,0,0,0,43.77795732213526,34.210963455149496,65.7765780730897,0.0,0.0,8.0,4.04267535793927,0.0,0.0,0.0,0.0,1.0,28.0
60.0,5.0,6.0,10.7898877300169,106.621802843501,2.0,14.87073929990493,9.35870800879073,78.0,1,0,0,0,0,0,20.25050569105691,14.705128205128206,0.0,0.0,85.2948717948718,9.0,8.798331484759466,0.0,0.0,1.0,0.0,0.0,7.3
115.0,4.0,13.0,10.7944480928941,106.668411138649,0.0,19.38917355371901,18.83383064658232,44.6,0,1,1,1,0,1,24.641850909075103,0.0,0.0,0.0,100.0,12.0,4.117931244121554,0.0,1.0,0.0,1.0,0.0,19.5
100.0,4.0,6.5,10.834640593032445,106.66831876457584,0.0,11.098013468022373,14.561953480312356,352544.1,0,0,0,0,0,1,14.324407498016885,14.872723724492907,25.385124868066157,59.73758460289081,0.0045582949764299,13.0,7.438899272351589,0.0,0.0,0.0,0.0,1.0,20.0
52.0,4.0,9.0,10.793277798114,106.822020179274,0.0,15.48107692307722,12.780266996675284,,0,1,1,0,0,0,19.567814035091047,,,,,9.0,13.34721790905087,0.0,0.0,0.0,0.0,1.0,5.99
76.0,2.0,4.0,10.8215788474736,106.654825465633,2.0,19.38917355371901,15.923197269929185,,1,0,0,0,0,0,16.195980401453983,,,,,6.0,7.157701683005922,0.0,0.0,1.0,0.0,0.0,6.4
31.0,4.0,4.3,10.7585880144626,106.687912841307,3.0,53.75818181817839,26.429608342303553,2345.2,0,0,0,0,0,1,19.575220884013127,2.694866109500256,91.86039570185912,0.0,5.444311785775201,6.0,2.413234543389839,0.0,0.0,0.0,1.0,0.0,13.9
1.412,4.0,18.8,10.7780523990374,106.635016085845,0.0,14.87073929990493,28.253427846446222,1658.6,0,0,0,0,0,1,29.940845325225013,53.82250090437719,0.0,0.0,46.17810201374654,3.0,7.222197377230705,0.0,1.0,0.0,1.0,0.0,125.0
44.0,3.0,4.0,10.8708530794803,106.62838937788,0.0,8.826587030733174,14.285467555474675,,0,0,0,0,0,0,17.369957436871715,,,,,8.0,13.2025016196607,0.0,0.0,0.0,1.0,0.0,4.75
66.0,5.0,20.0,10.7626067450978,106.690020342219,0.0,53.75818181817839,59.25648860397285,77.2,0,1,0,0,0,0,20.25050569105691,2.733160621761658,0.2202072538860104,0.0,97.05958549222798,9.0,1.919045307165544,0.0,0.0,0.0,1.0,0.0,32.0
95.0,6.0,10.0,10.8214348615711,106.654992328513,3.0,19.38917355371901,15.923197269929185,,1,0,0,0,0,0,18.639005558576912,,,,,40.0,7.13349619501929,0.0,0.0,0.0,0.0,1.0,19.8
66.0,3.0,8.0,10.7793222016551,106.662628648484,3.0,24.737282299672927,15.923197269929185,502.0,0,0,0,0,0,1,20.25050569105691,26.223107569721112,0.0,0.0,73.77091633466135,9.0,4.2185648667627715,0.0,1.0,0.0,1.0,0.0,11.5
180.0,3.0,6.0,10.780674098341,106.686006806227,2.0,54.46617152529408,106.67729565230768,2704.2,1,0,0,0,0,0,20.25050569105691,3.9216773907255384,96.07832260927448,0.0,0.0,14.0,1.7286600679341886,0.0,1.0,0.0,1.0,0.0,35.0
50.0,3.0,5.5,10.7954652756294,106.690736067772,0.0,53.75818181817839,34.07029975082686,2751.2,0,0,0,0,0,1,22.762102461573292,66.36994765920326,11.92715905786566,0.0,21.702529805175928,8.0,2.4426123838004523,0.0,0.0,0.0,1.0,0.0,15.5
148.0,3.0,8.0,10.846568165101294,106.79762832820415,0.0,15.48107692307722,19.07305356275716,,0,0,0,0,0,0,21.311911870649638,,,,,12.0,13.14253730324878,0.0,0.0,0.0,0.0,1.0,13.8
36.0,4.0,4.0,10.8085877419283,106.690112546928,3.0,18.827244701348747,15.288713651298618,74.2,0,1,1,0,0,0,20.25050569105691,14.932614555256064,0.0,0.0,85.02695417789758,8.0,3.817165197800768,0.0,0.0,0.0,1.0,0.0,7.3
67.0,4.0,12.0,10.8299951426377,106.702647967363,3.0,18.827244701348747,16.235786892588425,1905.3,1,0,1,0,1,0,19.23866524947719,84.7178921954548,0.4099092006508161,0.0,14.871148900435626,8.0,6.006366084573088,0.0,0.0,0.0,0.0,0.0,9.9
68.0,5.0,10.2,10.7869450304287,106.701648048075,2.0,53.75818181817839,48.487230363696476,22035.2,1,0,0,0,0,1,29.620808306885813,4.127759221609061,0.0,95.87078855649142,0.0,17.0,1.2185032984998936,0.0,0.0,0.0,1.0,0.0,22.0
126.0,3.0,7.0,10.72481,106.6644,0.0,13.123347608580726,20.341033665775136,9534.8,0,0,0,0,0,1,22.10413068261712,83.6531442715107,0.0,0.0,16.346645970549986,11.0,6.962296604651673,0.0,0.0,0.0,1.0,0.0,19.5
112.0,4.0,13.8,10.6929421400292,106.740826576037,0.0,8.131668552257471,7.431275025157785,3078.9,0,1,1,0,1,1,8.354727166160457,90.07047971678196,0.0,0.0,9.929195491896458,9.0,10.204555241267023,0.0,0.0,0.0,0.0,0.0,9.99
197.0,3.0,20.0,10.7440692503193,106.733091865361,0.0,17.789285714285825,17.42635834230355,4768.0,1,1,1,0,0,1,21.217050598270333,24.41442953020134,0.0,0.0,75.58515100671141,21.0,4.981952625969577,0.0,1.0,0.0,0.0,1.0,25.0
136.0,4.0,6.0,10.7924005896029,106.643168976828,3.0,19.38917355371901,15.61262632367065,72.9,1,0,1,1,0,0,21.404741776747944,2.3456790123456788,0.0,0.0,97.6954732510288,12.0,6.585413815644691,0.0,0.0,0.0,1.0,0.0,15.0
134.0,3.0,20.0,10.7842390086039,106.696743534488,3.0,53.75818181817839,48.487230363696476,2898.4,0,0,0,0,0,0,33.00107166459517,0.7128070659674304,0.0,99.2865028981507,0.0,9.0,1.0323543103306454,0.0,0.0,0.0,1.0,0.0,39.9
100.0,1.0,8.0,10.8099691464846,106.698642272064,3.0,18.827244701348747,20.454141465138118,172.9,0,0,0,0,0,0,20.25050569105691,20.740312319259687,0.0,0.0,79.23655292076344,8.0,3.786724446467362,0.0,0.0,1.0,0.0,0.0,13.9
140.0,6.0,35.0,10.844811932164,106.70887463349,3.0,15.48107692307722,17.78611714762465,,0,0,0,0,0,0,23.367189811728526,,,,,14.0,7.698512754274846,0.0,0.0,0.0,0.0,1.0,38.0
31.0,2.0,8.0,10.8299703037299,106.638013437604,3.0,11.098013468022373,20.454141465138118,738.8,1,1,1,0,0,0,16.195980401453983,28.044125609095833,0.0,0.0,71.96264212236059,4.0,9.137550642603504,0.0,0.0,0.0,1.0,0.0,4.4
80.0,4.0,8.0,10.6847516010766,106.750234502174,3.0,8.131668552257471,11.712567766934,5845.8,0,0,0,0,0,0,11.761918800261277,34.20866262958021,0.0,0.0,0.0,9.0,11.478838634347742,0.0,0.0,0.0,0.0,1.0,9.9
42.0,3.0,4.2,10.7662932307564,106.670260162007,0.0,24.737282299672927,24.56391683041859,1313.0,1,1,1,0,0,1,20.25050569105691,80.25666412795125,0.0,0.0,19.71439451637472,9.0,3.5374991792562427,0.0,0.0,1.0,0.0,0.0,5.18
35.0,2.0,4.5,10.7911502617159,106.672689392998,0.0,18.63592086332186,16.235786892588425,151.4,1,0,0,0,0,1,24.641850909075103,26.737120211360633,0.0,0.0,73.23645970937912,6.0,3.531095060203726,0.0,1.0,0.0,1.0,0.0,5.14
197.0,4.0,18.333333333333332,10.8294328860095,106.671145077815,3.0,11.098013468022373,14.561953480312356,404.2,0,0,0,0,0,1,10.107421869117639,20.086590796635328,0.136071251855517,0.0,79.7897080653142,21.0,6.782753125821649,0.0,1.0,0.0,1.0,0.0,37.9
99.0,3.0,8.0,10.896380084091,106.57979875803,0.0,9.79203162611253,17.70353500975991,85472.7,1,0,0,0,0,1,19.567814035091047,0.2085461205741716,99.79140708085738,0.0,0.0,6.0,18.832786734162816,0.0,0.0,0.0,1.0,0.0,4.15
58.0,2.0,4.0,10.7375792263193,106.628265873616,2.0,12.006306645336863,14.561953480312356,1606.2,1,0,0,0,0,0,16.67274773320998,6.254513759183164,0.0,0.0,93.74735400323743,5.0,9.030900038476736,1.0,0.0,0.0,1.0,0.0,4.6
80.0,4.0,7.666666666666667,10.7502041527716,106.614181847134,3.0,10.737500000006847,19.36213730687916,,0,0,0,0,0,1,17.400949483778184,,,,,9.0,9.91863597785667,0.0,0.0,0.0,1.0,0.0,12.6
83.0,3.0,7.0,10.844130053163,106.595012872479,0.0,9.79203162611253,18.35812424801159,1531.9,0,0,1,0,0,0,19.567814035091047,25.969710816632936,0.0,0.0,74.03159475161563,9.0,13.84378560390197,0.0,0.0,0.0,0.0,1.0,6.79
27.0,3.0,5.0,10.7799687623962,106.668086339844,3.0,24.737282299672927,16.235786892588425,154.0,1,1,1,1,0,0,16.95010834230355,38.13636363636363,0.0,0.0,61.65584415584415,5.0,3.6330948998617263,0.0,0.0,1.0,0.0,0.0,6.3
51.0,1.0,6.0,10.8200799015657,106.704002182638,2.0,18.827244701348747,16.235786892588425,1017.2,1,0,0,0,0,0,13.930220361551154,76.16397955171058,23.835037357451828,0.0,0.0,2.0,4.911701259068142,0.0,0.0,0.0,1.0,0.0,7.35
320.0,3.0,12.0,10.8099751624433,106.820689150559,0.0,19.053737403258268,18.03421329876938,,0,0,0,0,1,0,20.25050569105691,,,,,8.0,13.597810693567778,0.0,0.0,0.0,1.0,0.0,20.8
37.0,4.0,10.0,10.7545482568104,106.637307045409,3.0,12.006306645336863,20.454141465138118,2289.3,0,0,0,0,0,0,19.709285382510352,98.16319398942908,1.206482330843489,0.0,0.2738828462848905,8.0,7.365550696816594,0.0,0.0,0.0,1.0,0.0,6.3
35.0,3.0,4.0,10.7907414397842,106.673009655042,3.0,18.63592086332186,16.235786892588425,1167.0,0,0,0,0,0,0,24.641850909075103,86.14567266495287,0.0,0.0,13.853470437017997,7.0,3.478742157469239,0.0,0.0,1.0,0.0,0.0,6.3
60.0,4.0,5.0,10.7960820148256,106.626233434499,2.0,14.87073929990493,14.237298722437757,75.4,1,1,1,0,0,0,15.331358342303552,0.0,0.0,0.0,100.0,8.0,8.477102413907891,0.0,0.0,1.0,0.0,0.0,8.0
104.0,5.0,11.6,10.7837282834374,106.647123173211,3.0,19.38917355371901,14.561953480312356,145.0,0,1,0,0,0,1,17.444977006572753,14.365517241379308,0.0,0.0,85.64137931034483,11.0,5.958328808099755,0.0,1.0,0.0,1.0,0.0,19.0
126.0,3.0,7.0,10.7876197833218,106.678208452793,0.0,54.46617152529408,16.235786892588425,1578.0,0,0,0,0,0,1,24.641850909075103,72.52598225602028,0.0,0.0,27.474651457541192,11.0,2.8145808752603703,0.0,0.0,0.0,0.0,1.0,33.0
231.0,2.0,12.0,10.8494944547116,106.678248737007,0.0,11.098013468022373,15.081788755498186,5030.0,0,0,0,0,1,0,20.25050569105691,62.37554671968191,0.7043737574552683,0.0,36.91908548707754,9.0,8.544834576081213,0.0,0.0,0.0,1.0,0.0,20.5
72.0,3.0,5.75,10.79085389855,106.672519374167,3.0,18.63592086332186,16.235786892588425,103.4,1,1,0,0,0,1,24.641850909075103,22.176015473887816,0.0,0.0,77.77562862669245,10.0,3.531898636262236,0.0,0.0,0.0,1.0,0.0,9.0
68.0,2.0,4.0,10.7794250639276,106.667600462197,2.0,24.737282299672927,15.923197269929185,2594.0,1,0,0,0,0,0,16.95010834230355,71.39976869699308,0.0,0.0,28.582883577486513,5.0,3.6790359352271578,0.0,0.0,0.0,1.0,0.0,7.9
268.0,8.0,20.2,10.8021232464237,106.700239449724,0.0,18.827244701348747,20.918551142754602,694.6,0,0,1,1,0,1,20.25050569105691,7.320760149726461,0.0,0.0,92.67780017276132,46.0,2.9062929308567083,0.0,1.0,0.0,1.0,0.0,62.0
59.0,3.0,5.0,10.7978727762411,106.7053562192,3.0,18.827244701348747,15.081788755498186,59.5,0,0,0,0,0,0,19.911470140858842,32.36974789915967,67.63025210084034,0.0,0.0,10.0,2.476176945116729,0.0,0.0,0.0,0.0,1.0,10.0
125.0,1.0,20.0,10.8799925508474,106.650838601177,3.0,8.826587030733174,13.805666803246416,3127.9,0,0,0,0,0,0,18.206777355077413,5.291089868601937,0.0,0.0,94.70859042808272,5.0,12.80022344320388,0.0,0.0,0.0,1.0,0.0,9.99
65.0,2.0,5.0,10.7881562665226,106.631198534655,3.0,14.87073929990493,24.311036457287887,137.1,0,1,0,0,0,1,18.58320168788192,4.223194748358862,0.0,0.0,95.80598103574034,8.0,7.754192569215225,1.0,0.0,0.0,1.0,0.0,13.5
54.0,3.0,8.0,10.7612479135434,106.660637780858,2.0,19.38917355371901,24.56391683041859,2476.6,1,0,0,0,0,0,23.072180951086057,76.57029798917873,23.430913348946135,0.0,0.0,9.0,4.714533955482912,0.0,0.0,0.0,0.0,1.0,8.99
104.0,3.0,18.4,10.79214326218,106.691459095839,0.0,53.75818181817839,34.07029975082686,104.8,0,0,0,0,0,1,25.9063569677296,0.0,0.0,0.0,99.97137404580153,8.0,2.081151760519608,0.0,1.0,1.0,0.0,0.0,82.5
337.0,11.0,20.0,10.7877582974191,106.686056081704,0.0,54.46617152529408,106.67729565230768,3286.7,0,0,0,0,0,0,75.75321427483613,93.46304804210912,0.0,0.0,6.53634344479265,117.0,2.099956415981546,0.0,0.0,0.0,1.0,0.0,600.0
47.0,2.0,5.0,10.7854538610463,106.698485887654,0.0,53.75818181817839,48.487230363696476,1846.3,0,0,1,1,1,0,26.915843909224144,97.01727779884092,0.0,2.982722201159075,0.0,4.0,1.089312961307643,0.0,0.0,1.0,0.0,0.0,12.5
56.0,4.0,3.0,10.7489450313287,106.639669426505,3.0,12.006306645336863,16.924787565129154,131.7,0,0,0,0,0,0,18.147843146474766,74.59377372817009,25.383447228549738,0.0,0.0,7.0,7.354090831191698,1.0,0.0,0.0,1.0,0.0,6.5
80.0,3.0,8.0,10.7846758166927,106.800751006624,0.0,19.053737403258268,23.42179327737413,,1,0,0,0,0,0,20.25050569105691,,,,,7.0,10.927794273971786,0.0,0.0,0.0,0.0,1.0,6.7
60.0,4.0,10.0,10.8054925194525,106.605137916655,3.0,10.737500000006847,10.067829993435623,1603.5,0,1,1,0,0,0,20.25050569105691,30.215777985656377,0.0,0.0,69.78609292173373,8.0,10.982852283682544,0.0,0.0,0.0,0.0,1.0,9.6
93.0,4.0,14.0,10.7693323454737,106.678611846658,3.0,54.46617152529408,15.13100312673361,31.3,0,0,0,0,0,1,21.321721723241613,0.0,0.0,0.0,99.87220447284344,7.0,2.5659461102874515,0.0,0.0,1.0,0.0,0.0,41.5
65.0,2.0,8.0,10.7732240262789,106.627446964731,0.0,14.87073929990493,15.971912456276133,988.8,1,0,0,0,0,0,16.438356940373765,97.7002427184466,0.0,0.0,2.302791262135923,5.0,8.05137755162752,0.0,0.0,0.0,0.0,1.0,6.5
70.0,4.0,10.599999999999998,10.7989818388037,106.682279967242,3.0,18.63592086332186,20.918551142754602,72.1,1,0,0,1,0,1,20.25050569105691,5.187239944521499,0.0,0.0,94.75728155339806,9.0,3.2796860823677503,0.0,0.0,0.0,0.0,1.0,16.2
90.0,2.0,6.0,10.7429339300735,106.729573804628,3.0,17.789285714285825,14.672222873812292,3286.7,1,0,0,0,0,0,8.354727166160457,91.70657498402652,2.1675236559466944,0.0,6.127118386223264,7.0,4.815993539479049,0.0,0.0,1.0,0.0,0.0,12.89
640.0,1.0,10.0,10.8541770763763,106.76254128264,3.0,15.48107692307722,17.056969241416212,,0,0,1,0,0,0,19.567814035091047,,,,,8.0,10.981742717981383,0.0,0.0,0.0,0.0,1.0,45.0
314.0,1.0,9.0,10.8560751055919,106.618752557346,3.0,8.826587030733174,14.285467555474675,,0,1,1,0,0,0,20.25050569105691,,,,,12.0,12.655881528750331,0.0,0.0,0.0,0.0,1.0,12.5
50.0,5.0,8.0,10.7718348574332,106.586446464689,0.0,10.737500000006847,11.79885823719474,4078.7,0,0,0,0,0,0,20.25050569105691,15.705494397724769,0.0,0.0,84.29327972147989,10.0,12.53272022032154,0.0,0.0,0.0,0.0,1.0,7.8
56.0,3.0,5.0,10.7994482593051,106.619252977693,2.0,14.87073929990493,9.35870800879073,1530.2,1,0,0,0,0,0,18.057974719109087,100.0,0.0,0.0,0.0,8.0,9.312581731992212,0.0,0.0,1.0,0.0,0.0,7.5
72.0,2.0,5.0,10.7842614456114,106.759413884314,3.0,38.647438220481845,23.346267146280812,,0,0,0,0,0,0,19.567814035091047,,,,,4.0,6.435676147448759,0.0,0.0,1.0,0.0,0.0,7.9
290.0,3.0,4.0,10.7384040752559,106.634259196514,3.0,12.006306645336863,15.288713651298618,1045.7,0,0,0,0,0,0,20.25050569105691,99.13359472123938,0.8644926843262886,0.0,0.0,17.0,8.413793223089767,0.0,0.0,0.0,1.0,0.0,19.0
52.0,3.0,6.0,10.8411861437035,106.774910996763,0.0,19.053737403258268,19.526540511910742,,1,1,0,0,0,0,17.16203807849431,,,,,6.0,10.841193965090092,0.0,1.0,0.0,0.0,1.0,6.4
80.0,4.0,8.125,10.7988,106.8277,0.0,19.053737403258268,12.780266996675284,,1,1,1,1,1,1,19.567814035091047,,,,,9.0,14.058988296970766,1.0,0.0,0.0,1.0,0.0,7.8
67.0,1.0,6.0,10.7880742187263,106.775624658912,3.0,38.647438220481845,23.328827418358713,,1,1,1,1,0,0,19.567814035091047,,,,,2.0,8.250441700472347,0.0,0.0,1.0,0.0,0.0,7.7
47.0,3.0,7.0,10.7665087269119,106.600314566078,0.0,10.737500000006847,11.79885823719474,643.8,0,1,1,1,0,0,13.629868366546333,54.96116806461634,0.0,0.0,45.03883193538366,7.0,11.059847116150236,0.0,0.0,0.0,0.0,1.0,6.38
47.0,4.0,10.04,10.7854629749077,106.766582356714,3.0,38.647438220481845,23.346267146280812,,1,1,1,1,0,1,19.567814035091047,,,,,7.0,7.229774272873255,0.0,0.0,0.0,1.0,0.0,6.6
41.0,3.0,5.0,10.7610759744758,106.661020820188,3.0,19.38917355371901,15.288713651298618,15189.0,1,0,0,1,0,0,23.072180951086057,75.56745012838238,4.395220225162947,0.0,20.036342089670153,7.0,4.68207229670492,0.0,0.0,0.0,1.0,0.0,8.2
36.0,5.0,4.65,10.8343802118904,106.639665521507,0.0,11.098013468022373,20.454141465138118,122.1,1,0,0,0,0,1,18.639005558576912,21.17936117936118,0.0,0.0,78.84520884520884,7.0,9.336268929136844,0.0,0.0,1.0,0.0,0.0,7.68
70.0,2.0,6.6,10.77446,106.6357,0.0,14.87073929990493,28.253427846446222,9172.2,0,0,0,0,0,1,20.25050569105691,18.09107956651621,0.0,0.0,81.9093565338741,4.0,7.145978910014721,0.0,0.0,0.0,1.0,0.0,5.9
85.0,3.0,6.0,10.83827148474387,106.6758014793507,0.0,11.098013468022373,15.081788755498186,1436.1,1,1,0,0,1,0,18.071304865753525,11.58624051249913,0.0,0.8390780586310147,87.57259243785252,5.0,7.455245841576453,0.0,1.0,0.0,1.0,0.0,8.48
112.0,4.0,10.2,10.8030321617935,106.731819966886,0.0,38.647438220481845,58.28290665694527,,0,0,0,0,0,1,20.25050569105691,,,,,11.0,4.504948403541079,0.0,0.0,0.0,1.0,0.0,31.0
121.0,7.0,17.5,10.7937355785327,106.689684947752,3.0,53.75818181817839,34.07029975082686,95.6,0,0,0,0,0,1,20.25050569105691,8.03347280334728,0.0,0.0,92.01882845188284,14.0,2.333217326192344,0.0,0.0,0.0,0.0,1.0,69.0
64.0,5.0,6.0,10.8195263975008,106.702647529712,0.0,18.827244701348747,16.235786892588425,3209.8,1,0,0,0,0,0,13.941385937429175,43.96255218393669,1.102249361330924,0.0,54.934263817060256,8.0,4.842865319873161,0.0,0.0,0.0,0.0,1.0,10.99
41.0,2.0,4.0,10.8453425207284,106.665067124268,2.0,11.098013468022373,9.674953215540254,162.2,0,0,0,0,0,0,18.21396773749808,14.833538840937116,0.0,0.0,85.14796547472258,4.0,8.656848973563509,0.0,0.0,0.0,0.0,1.0,4.9
80.0,5.0,12.0,10.8152577323895,106.707885430014,0.0,18.827244701348747,20.47473566303819,168.1,0,0,0,0,0,0,13.930220361551154,29.077929803688285,0.0,0.0,70.8923259964307,20.0,4.427731555747167,0.0,0.0,0.0,0.0,1.0,14.9
251.0,2.0,7.0,10.7872904916416,106.685995370699,0.0,54.46617152529408,106.67729565230768,1775.2,0,0,0,0,0,0,75.75321427483613,0.0,0.0,0.0,100.0,10.0,2.073244747410424,0.0,0.0,0.0,0.0,1.0,69.0
139.0,2.0,14.0,10.8739263042032,106.767648162645,3.0,15.48107692307722,14.196219758981544,,1,0,0,0,0,0,17.21642624996233,,,,,9.0,13.09176067643024,0.0,0.0,0.0,0.0,1.0,8.4
45.0,2.0,3.0,10.7975954525927,106.710974952917,1.0,18.827244701348747,18.54716240721297,116.2,0,0,0,0,0,0,20.263535304628697,17.03958691910499,0.0,0.0,82.92598967297762,5.0,2.632438897618413,0.0,0.0,0.0,0.0,1.0,6.79
46.0,4.0,3.0,10.822602189521,106.632231250405,2.0,19.38917355371901,15.923197269929185,401.1,1,0,1,0,0,0,20.25050569105691,98.36948391922212,0.0,0.0,1.6330092246322612,9.0,9.134348867988452,0.0,0.0,0.0,0.0,1.0,6.88
90.0,4.0,20.0,10.7559269365563,106.60609644608,0.0,10.737500000006847,19.36213730687916,580.6,0,1,0,0,0,0,21.171574122196656,35.220461591457116,0.0,0.0,64.78126076472614,9.0,10.61528204683107,0.0,0.0,0.0,0.0,1.0,14.5
44.0,2.0,3.0,10.8159954199367,106.695343960754,3.0,18.827244701348747,16.924787565129154,106.9,0,1,1,1,0,0,14.324407498016885,35.762394761459305,0.0,0.0,64.26566884939196,5.0,4.491508623051856,0.0,0.0,0.0,0.0,1.0,6.6
81.0,4.0,12.0,10.6751301620758,106.698687570684,3.0,8.131668552257471,11.187905093453665,1967.1,0,1,1,0,0,0,8.502652923904137,30.138782980021357,0.0,0.0,69.86121701997865,8.0,11.219310466346805,0.0,0.0,0.0,1.0,0.0,7.68
300.0,3.0,5.0,10.8194688760218,106.702355452813,2.0,18.827244701348747,16.235786892588425,3209.8,1,0,0,0,0,0,13.941385937429175,43.96255218393669,1.102249361330924,0.0,54.934263817060256,26.0,4.835463274249308,0.0,0.0,1.0,0.0,0.0,22.99
81.0,5.0,6.0,10.7690488114077,106.700590894922,3.0,53.75818181817839,30.724332850013383,65.9,0,0,0,0,0,0,21.374905914231878,0.0,0.0,100.0,0.0,14.0,0.7749349547509061,1.0,0.0,0.0,1.0,0.0,24.0
33.0,2.0,4.2666666666666675,10.8196927703066,106.674713427539,3.0,11.098013468022373,15.13100312673361,1252.8,0,0,0,0,0,1,20.25050569105691,95.35201149425288,0.0,0.9929757343550448,3.6286717752234994,6.0,5.648956589713239,0.0,0.0,0.0,0.0,1.0,5.68
82.0,4.0,10.666666666666668,10.7838496114682,106.765070628893,3.0,38.647438220481845,23.346267146280812,,1,1,1,1,0,1,19.567814035091047,,,,,9.0,7.041983849681308,0.0,0.0,0.0,1.0,0.0,13.5
97.0,1.0,4.0,10.857148344718,106.61365335256,2.0,8.826587030733174,14.285467555474675,,1,0,0,0,0,1,20.25050569105691,,,,,10.0,13.139202548858318,0.0,0.0,0.0,1.0,0.0,4.75
65.0,3.0,8.0,10.7977304825655,106.658407593251,0.0,19.38917355371901,18.093318479606467,2668.6,1,1,0,1,0,0,20.25050569105691,97.746758600015,1.515401334032826,0.0,0.736715880986285,9.0,5.252136742867985,0.0,0.0,0.0,0.0,1.0,11.2
54.0,5.0,5.0,10.8122618000009,106.687395867744,3.0,18.827244701348747,15.149860937399001,418.7,1,0,0,0,0,0,19.567814035091047,0.0,99.997611655123,0.0,0.0,14.0,4.30100819422142,0.0,0.0,0.0,1.0,0.0,11.0
150.0,6.0,8.666666666666668,10.8321931787032,106.676942170942,3.0,11.098013468022373,14.561953480312356,41775.4,0,0,0,0,0,1,20.25050569105691,9.75916448436161,90.24076370304056,0.0,0.0,7.0,6.7826785020700555,0.0,1.0,0.0,1.0,0.0,30.0
92.0,9.0,22.5,10.7762946174789,106.700956199693,3.0,53.75818181817839,49.46190076307165,16738.8,0,0,0,0,0,1,39.729986027272446,84.17168494754702,15.34626138074414,0.4822926374650513,0.0,11.0,0.0363311608935682,0.0,0.0,0.0,0.0,1.0,110.0
106.0,2.0,6.0,10.7939639064912,106.642170172643,3.0,19.38917355371901,15.61262632367065,113.1,1,0,0,0,0,0,19.334768492444127,4.022988505747127,0.0,0.0,95.95932802829356,3.0,6.739759099901664,0.0,0.0,0.0,0.0,1.0,12.8
81.0,5.0,12.0,10.803373180025,106.684523312356,0.0,18.63592086332186,15.13100312673361,1367.0,0,0,0,0,1,0,12.77062601913981,94.1170446232626,0.0,0.0,5.884418434528164,10.0,3.541602075980175,0.0,0.0,0.0,0.0,1.0,24.99
63.0,2.0,6.0,10.8478321413421,106.716372855484,3.0,15.48107692307722,17.78611714762465,,0,0,0,0,0,0,19.567814035091047,,,,,8.0,8.159699020999629,0.0,0.0,0.0,1.0,0.0,6.45
180.0,6.0,35.0,10.8455795719031,106.718144904718,0.0,15.48107692307722,17.78611714762465,,0,0,1,1,1,0,23.367189811728526,,,,,14.0,7.957723357159363,0.0,0.0,0.0,0.0,1.0,48.0
60.0,4.0,7.25,10.8548636581066,106.768080777126,0.0,15.48107692307722,17.056969241416212,,1,1,1,0,0,1,22.194851405872406,,,,,8.0,11.420064847337756,1.0,0.0,0.0,1.0,0.0,9.8
560.0,3.0,19.6,10.840980961062067,106.85147396028168,3.0,19.053737403258268,25.613782122221185,,0,0,0,0,0,1,19.567814035091047,,,,,12.0,17.943311955306864,0.0,0.0,0.0,0.0,1.0,190.0
59.0,4.0,10.0,10.8455949277771,106.718076533622,3.0,15.48107692307722,17.78611714762465,,0,0,0,0,1,0,15.155664323925304,,,,,9.0,7.957640140449373,0.0,0.0,0.0,1.0,0.0,7.5
57.0,4.0,12.0,10.7882130955474,106.677255361786,3.0,54.46617152529408,16.235786892588425,1673.6,0,0,0,0,0,0,20.25050569105691,65.02449808795411,0.0,0.0,34.97490439770555,8.0,2.9373743290252916,0.0,0.0,0.0,1.0,0.0,15.5
331.0,3.0,45.0,10.7700415257928,106.721500452353,3.0,38.647438220481845,45.373766698181434,,1,0,0,0,0,0,19.567814035091047,,,,,10.0,2.3248547637309755,1.0,0.0,0.0,1.0,0.0,285.0
50.0,3.0,5.5,10.7746899615824,106.664309291771,2.0,24.737282299672927,15.61262632367065,5455.0,1,1,1,0,0,1,19.759740783443462,35.629514207149406,0.0,0.0,64.36498625114574,8.0,4.0214469687650265,0.0,0.0,0.0,1.0,0.0,8.6
80.0,4.0,7.0,10.7826562381209,106.769541649314,3.0,15.48107692307722,23.346267146280812,,0,1,1,1,0,0,20.25050569105691,,,,,9.0,7.512625696957169,0.0,0.0,0.0,0.0,1.0,8.7
80.0,4.0,6.0,10.6928649766471,106.740825703405,0.0,8.131668552257471,7.431275025157785,3078.9,1,0,0,0,1,0,8.354727166160457,90.07047971678196,0.0,0.0,9.929195491896458,9.0,10.212281084989684,0.0,0.0,0.0,0.0,1.0,7.48
64.0,4.0,6.0,10.802731021898,106.63019008724,2.0,14.87073929990493,14.237298722437757,3081.2,0,0,0,0,0,0,18.057974719109087,5.000324548877061,95.00064909775412,0.0,0.0,9.0,8.29618264781526,0.0,1.0,0.0,1.0,0.0,5.5
91.0,1.0,8.9,10.7957704451514,106.621994370734,2.0,14.87073929990493,9.35870800879073,2259.6,1,0,0,0,0,1,15.331358342303552,78.15144273322713,4.605239865462915,0.0,17.24243228890069,6.0,8.916016143222866,0.0,0.0,0.0,1.0,0.0,6.79
51.0,4.0,7.0,10.8753908246011,106.685465187764,3.0,8.826587030733174,8.427513172672999,4938.5,1,1,1,0,1,0,17.039664453189104,16.894401133947557,8.361850764402146,0.0,74.74293813911106,8.0,11.182893135051836,0.0,0.0,0.0,0.0,1.0,5.68
51.0,4.0,6.0,10.8002036077275,106.716304100615,3.0,18.827244701348747,23.596282954466844,5677.6,0,1,1,1,1,0,19.911470140858842,90.0975764407496,8.736261800760884,0.0,1.1668662815274058,6.0,3.162475129951757,0.0,0.0,0.0,0.0,1.0,13.0
129.0,2.0,20.0,10.8820698813232,106.637729959028,3.0,8.826587030733174,11.964993989558423,12663.9,0,1,1,0,0,0,21.19814232501748,0.1749855889575881,26.41121613405033,73.1285780841605,0.2709275973436303,4.0,13.675090965232124,0.0,0.0,1.0,0.0,0.0,8.0
106.0,3.0,16.0,10.8667285730735,106.649698494507,0.0,8.826587030733174,14.549898133423875,414.2,0,0,0,0,0,0,18.18659779679914,36.26750362143892,0.0,0.0,63.72766779333655,18.0,11.545362239257758,0.0,0.0,0.0,0.0,1.0,7.8
75.0,4.0,6.0,10.7906202982752,106.657883333599,0.0,19.38917355371901,15.288713651298618,3005.1,0,0,0,0,0,0,14.535280883434632,16.104954909986358,76.60776679644604,0.0,7.286945525939236,8.0,4.99270910995175,0.0,0.0,0.0,1.0,0.0,9.7
95.0,5.0,28.0,10.8019132614136,106.764747619629,3.0,38.647438220481845,44.55718221916659,,0,0,0,0,0,1,19.567814035091047,,,,,10.0,7.52565866660151,0.0,0.0,0.0,1.0,0.0,35.0
234.0,3.0,17.0,10.8131272141816,106.696634933409,3.0,18.827244701348747,20.454141465138118,89.5,0,1,1,1,0,1,13.941385937429175,20.256983240223462,0.0,0.0,79.74301675977654,9.0,4.157065915427408,0.0,1.0,0.0,0.0,1.0,32.0
85.0,4.0,8.0,10.7035593312649,106.703978222391,0.0,8.131668552257471,13.173106254134565,1378.7,1,0,0,0,0,0,8.502652923904137,29.897004424457823,9.67360557046493,0.0,60.43084064698628,9.0,8.061169731723451,0.0,0.0,0.0,0.0,1.0,6.45
66.0,3.0,8.0,10.769559875311,106.670965958521,3.0,24.737282299672927,14.561953480312356,31412.0,0,0,0,0,0,1,32.67330086593139,1.575194193301923,98.42518782630842,0.0,0.0,9.0,3.368693715559723,0.0,0.0,0.0,1.0,0.0,34.0
73.0,2.0,6.0,10.800865557696056,106.61806427046504,0.0,14.87073929990493,17.8318693459886,21999.5,1,1,1,0,0,0,18.4257909704719,19.79122252778473,80.20895929452942,0.0,0.0,6.0,9.482031011258442,0.0,0.0,0.0,1.0,0.0,6.0
50.0,4.0,6.0,10.842344978211,106.642709895538,2.0,11.098013468022373,15.61262632367065,721.4,1,1,0,0,0,0,10.107421869117639,13.791239257000276,0.0,0.0,86.21153313002495,9.0,9.75170557256369,0.0,0.0,0.0,0.0,1.0,8.6
104.0,4.0,3.0,10.724317878708,106.726464408095,3.0,17.789285714285825,30.38692272100736,138430.9,1,1,1,0,1,0,8.354727166160457,3.447604544939028,92.1244606514875,0.5928228451884658,0.5762008337733844,14.0,6.379925675233357,0.0,0.0,0.0,1.0,0.0,8.5
68.0,4.0,9.0,10.838113125192,106.636585516509,0.0,11.098013468022373,20.454141465138118,3293.3,1,1,0,0,0,0,10.818659325601992,97.92852154374032,0.0,1.259223271490602,0.8116478911729875,8.0,9.866838061082136,0.0,0.0,0.0,0.0,1.0,8.8
40.0,4.0,20.0,10.8026081995326,106.695744194785,2.0,18.827244701348747,15.13100312673361,6996.2,1,0,0,0,0,1,21.719959264527965,92.80480832451902,2.826534404390955,4.239873073954432,0.1284983276635888,5.0,3.0159781304920563,0.0,0.0,0.0,0.0,1.0,10.0
74.0,2.0,5.0,10.8109506401192,106.701878964842,3.0,18.827244701348747,20.454141465138118,759.8,0,0,0,0,0,0,17.16203807849431,27.9599894709134,0.0,0.0,62.297973150829165,8.0,3.887265142327261,0.0,0.0,0.0,0.0,1.0,9.7
71.0,2.0,4.0,10.7827818841461,106.626519411002,0.0,14.87073929990493,12.804496961724974,4397.1,0,0,0,0,0,0,19.708026665344153,98.9588592481408,0.0,0.0,1.0400036387619112,4.0,8.181478448989205,0.0,0.0,1.0,0.0,0.0,7.09
450.0,3.0,19.6,10.7873352088319,106.698496601014,3.0,53.75818181817839,48.487230363696476,2661.7,0,0,0,0,0,1,35.13373860631083,73.26558214674832,0.0,26.73592065221475,0.0,12.0,1.2920997206273557,0.0,0.0,0.0,1.0,0.0,350.0
136.0,5.0,20.0,10.7639107718776,106.649231091568,3.0,13.32081849341783,23.820911987062647,3001.5,0,0,0,0,0,0,20.25050569105691,99.25870398134266,0.7396301849075462,0.0,0.0,17.0,5.823247242578744,0.0,1.0,0.0,1.0,0.0,58.0
95.0,2.0,4.0,10.8064200658847,106.732010902719,2.0,15.48107692307722,58.28290665694527,,1,0,0,0,0,0,25.358109988674624,,,,,5.0,4.779273218242612,0.0,0.0,0.0,0.0,1.0,16.5
120.0,5.0,45.0,10.8007521132909,106.656318818804,3.0,19.38917355371901,18.093318479606467,125.0,0,1,1,1,1,0,28.509028490145873,13.656000000000002,0.0,0.0,86.336,12.0,5.612601175813959,0.0,0.0,0.0,0.0,1.0,29.0
71.0,2.0,6.0,10.8258101437259,106.701455982526,2.0,18.827244701348747,16.235786892588425,896.5,1,0,0,0,0,0,13.941385937429175,0.5409927495817066,99.45677635248188,0.0,0.0,5.0,5.53877175604214,0.0,0.0,1.0,0.0,0.0,8.95
73.0,4.0,6.0,10.7775404361365,106.649636468043,0.0,19.38917355371901,24.56391683041859,69.6,1,0,0,0,0,1,9.90181956943871,29.454022988505752,0.0,0.0,70.50287356321839,8.0,5.624165992727558,1.0,0.0,0.0,1.0,0.0,13.8
48.0,2.0,4.0,10.7987502157393,106.619251515004,3.0,14.87073929990493,9.35870800879073,57.3,1,0,0,0,0,0,19.29975834306553,0.0,0.0,0.0,99.9476439790576,4.0,9.291312596636471,0.0,0.0,1.0,0.0,0.0,6.45
201.0,2.0,8.0,10.8406446790791,106.647282442842,3.0,11.098013468022373,23.820911987062647,39.9,1,0,0,0,0,0,18.455878219881225,0.0,0.0,0.0,99.8997493734336,5.0,9.285551053621129,0.0,0.0,0.0,1.0,0.0,16.5
80.0,4.0,8.0,10.6777483321242,106.754082503751,3.0,8.131668552257471,11.712567766934,921.6,1,0,0,0,1,0,8.354727166160457,6.9618055555555545,93.04144965277776,0.0,0.0,9.0,12.3637988546333,0.0,0.0,0.0,0.0,1.0,9.8
138.0,6.0,16.0,10.7777820394828,106.628999160472,0.0,14.87073929990493,17.499103454001883,635.3,0,1,0,0,0,0,26.821045108846718,96.90225090508422,0.0,0.0,3.1024712734141353,12.0,7.878337667691537,0.0,0.0,0.0,1.0,0.0,14.9
57.0,5.0,6.0,10.8480137550746,106.647824824502,2.0,11.098013468022373,15.61262632367065,965.9,1,1,1,0,0,0,11.178588935354508,26.635262449528938,0.0,0.0,73.36370224660939,11.0,9.89844097788321,0.0,0.0,0.0,0.0,1.0,8.9
142.0,5.0,12.5,10.7992624810978,106.648081705713,3.0,19.38917355371901,20.454141465138118,2244.5,0,1,1,1,1,1,20.25050569105691,49.61194029850746,0.0,0.0,50.38627756738695,24.0,6.342604566411908,0.0,0.0,1.0,0.0,0.0,19.9
80.0,1.0,12.0,10.7379724639035,106.722872636508,3.0,17.789285714285825,14.672222873812292,754.7,0,1,1,0,0,0,22.174529617989272,23.548429839671392,0.0,0.0,76.45554524976811,4.0,4.851498868783388,0.0,0.0,1.0,0.0,0.0,12.8
60.0,3.0,4.0,10.8061700323325,106.711151934782,0.0,18.827244701348747,23.596282954466844,466.7,1,0,1,0,0,0,20.263535304628697,7.375187486608099,0.0,0.0,92.6312406256696,13.0,3.52985713216411,0.0,0.0,0.0,0.0,1.0,12.5
60.0,2.0,19.0,10.879043,106.55251,3.0,9.79203162611253,14.844224781192123,34049.8,0,0,0,0,0,0,19.567814035091047,0.0,10.637712996845796,89.36234574065045,0.0,5.0,19.865558003385125,0.0,1.0,0.0,0.0,1.0,5.0
150.0,9.0,18.03333333333333,10.7603832231903,106.688611209925,0.0,53.75818181817839,59.25648860397285,4746.0,0,0,0,0,0,1,37.54099080615944,89.63737884534346,1.79519595448799,0.0,8.568057311420144,7.0,2.2083017045789592,0.0,0.0,0.0,1.0,0.0,89.0
118.0,5.0,7.9,10.7855903519314,106.698641534078,3.0,53.75818181817839,48.487230363696476,1854.0,0,0,0,0,0,1,26.915843909224144,84.9967637540453,0.0,15.001618122977344,0.0,17.0,1.0996915860862757,0.0,0.0,0.0,1.0,0.0,27.0
90.0,1.0,8.0,10.8297433560485,106.730562853322,2.0,15.48107692307722,14.40074884671146,,1,0,0,0,0,0,18.26879785280932,,,,,3.0,6.787366791526169,0.0,0.0,1.0,0.0,0.0,10.8
39.0,2.0,3.0,10.8457665014048,106.642819721275,3.0,11.098013468022373,15.61262632367065,1326.6,1,1,1,0,0,0,20.25050569105691,7.620985979194934,0.0,0.0,92.37976782752902,4.0,10.034969267776736,0.0,0.0,0.0,0.0,1.0,5.37
93.0,3.0,12.0,10.7906676364939,106.63291868517,3.0,14.87073929990493,24.311036457287887,240.0,0,0,0,0,0,0,20.25050569105691,21.354166666666664,0.0,0.0,78.66250000000001,7.0,7.624036085948975,0.0,0.0,1.0,0.0,0.0,12.5
154.0,4.0,8.0,10.7037429120668,106.703757589205,3.0,8.131668552257471,13.173106254134565,291.6,0,0,1,0,0,0,8.502652923904137,33.566529492455416,6.618655692729766,0.0,59.825102880658434,7.0,8.03986554613517,0.0,0.0,0.0,0.0,1.0,9.7
300.0,5.0,8.9,10.8562677756113,106.751848841575,0.0,15.48107692307722,16.151929588086617,,0,0,0,0,0,1,20.251605221005875,,,,,18.0,10.506399446139646,0.0,0.0,0.0,1.0,0.0,16.5
127.0,4.0,12.45,10.882215582066,106.77272331011,3.0,15.48107692307722,14.196219758981544,,0,0,0,0,0,1,20.25050569105691,,,,,9.0,14.166149196620989,0.0,0.0,0.0,1.0,0.0,9.8
75.0,3.0,20.0,10.7711980898421,106.632051374763,3.0,14.87073929990493,18.35882491952716,570.0,0,0,0,0,0,0,29.940845325225013,19.670175438596495,0.0,80.33333333333333,0.0,8.0,7.561398896040097,0.0,0.0,0.0,0.0,1.0,9.88
39.0,5.0,6.0,10.8024664168908,106.695564674734,2.0,18.827244701348747,15.13100312673361,982.1,1,0,0,0,0,0,21.719959264527965,0.0,0.0,100.0,0.0,11.0,3.004398332470949,0.0,0.0,0.0,0.0,1.0,10.7
152.0,7.0,15.0,10.7749874324647,106.660092664705,0.0,24.737282299672927,15.61262632367065,132485.0,0,0,0,0,0,0,32.67330086593139,0.9920443823829111,0.0,99.00736687172132,0.0,15.0,4.480820759848361,0.0,0.0,0.0,0.0,1.0,53.0
62.0,4.0,8.0,10.7796942706241,106.668339176494,2.0,24.737282299672927,16.235786892588425,446.0,1,0,1,0,1,0,16.95010834230355,20.143497757847538,0.0,0.0,79.76681614349775,8.0,3.602076113691111,0.0,0.0,0.0,0.0,1.0,12.6
100.0,5.0,9.7,10.8006897706791,106.642988836649,3.0,19.38917355371901,16.235786892588425,71.3,0,0,0,0,0,1,20.25050569105691,4.123422159887799,0.0,0.0,95.84852734922862,16.0,6.915730550228389,0.0,0.0,0.0,0.0,1.0,25.5
120.0,4.0,20.0,10.8422718421073,106.630570913092,3.0,8.826587030733174,15.500554052311237,129.3,0,0,0,0,0,1,16.846557206889077,35.20494972931168,0.0,0.0,64.75638051044083,12.0,10.660432345296591,0.0,0.0,0.0,1.0,0.0,7.6
69.0,4.0,6.0,10.7891939126751,106.69831855413,0.0,53.75818181817839,48.487230363696476,2101.8,0,0,0,0,0,0,20.25050569105691,43.91236083357122,6.842230469121705,49.244932914644586,0.0,18.0,1.498225261406791,0.0,0.0,0.0,0.0,1.0,30.0
165.0,4.0,8.0,10.7889148423901,106.661646796299,0.0,19.38917355371901,20.454141465138118,45.9,0,0,1,0,0,0,20.30768956947936,14.052287581699346,0.0,0.0,86.01307189542483,16.0,4.54251396296045,0.0,0.0,0.0,0.0,1.0,18.7
107.0,5.0,12.6,10.7732545039408,106.676679790741,3.0,24.737282299672927,20.454141465138118,16538.0,1,1,1,1,0,1,32.67330086593139,87.9510823557867,2.368968436328456,9.679163139436447,0.0,14.0,2.6849435117937595,0.0,0.0,0.0,1.0,0.0,40.0
38.0,2.0,2.0,10.7992144714162,106.686488458173,3.0,18.63592086332186,20.918551142754602,3201.4,0,0,0,0,0,1,18.245021803289422,9.34372462047854,0.1792965577559817,0.0,0.0,5.0,3.034887368097989,0.0,0.0,0.0,1.0,0.0,9.55
14.0,3.0,3.0,10.7707873981856,106.672813278933,3.0,24.737282299672927,14.561953480312356,4767.0,0,1,1,1,1,0,23.47480801259286,63.29767149150408,0.0,0.0,36.69393748688903,4.0,3.1437937567604344,0.0,0.0,0.0,0.0,1.0,3.35
94.0,4.0,16.0,10.8140716516663,106.626935327522,0.0,14.87073929990493,13.051852005459661,3169.6,0,0,0,0,0,0,20.25050569105691,0.0,57.6019056032307,0.2034957092377587,42.196176173649675,7.0,9.140260708968045,0.0,0.0,0.0,0.0,1.0,13.3
73.0,1.0,5.7,10.7354871451976,106.605568356052,2.0,10.737500000006847,19.36213730687916,34300.8,1,1,1,1,0,1,20.25050569105691,2.4845776191808935,0.0,97.51542238081907,0.0,5.0,11.36678445055545,0.0,0.0,0.0,1.0,0.0,5.9
896.0,3.0,40.0,10.7891895002751,106.778707614528,3.0,38.647438220481845,23.328827418358713,,0,0,0,0,0,0,30.56532612762346,,,,,53.0,8.603140508683545,0.0,0.0,0.0,1.0,0.0,158.0
43.0,3.0,2.0,10.8418734357344,106.630457077961,2.0,8.826587030733174,15.500554052311237,434.8,1,0,0,0,0,1,16.846557206889077,49.926402943882245,0.0,0.0,50.07129714811408,6.0,10.638874791220744,1.0,0.0,0.0,0.0,0.0,4.95
75.0,2.0,12.0,10.7905708474072,106.562536769136,0.0,13.123347608580726,18.84067329147945,,0,0,0,0,0,0,20.25050569105691,,,,,5.0,15.221931941256576,0.0,1.0,0.0,1.0,0.0,2.9
126.0,3.0,10.0,10.7345274670505,106.707812738471,0.0,17.789285714285825,34.311080856230646,707353.2,1,1,1,1,1,0,20.25050569105691,34.28193581367837,19.24510131572177,0.0,46.47296145687897,7.0,4.669475489144675,0.0,0.0,0.0,0.0,1.0,40.0
62.0,2.0,8.0,10.7879183549337,106.662734072021,2.0,19.38917355371901,15.149860937399001,2102.4,1,1,1,1,0,1,14.535280883434632,94.66609589041096,0.0,0.0,5.333904109589041,6.0,4.395336616438743,0.0,0.0,0.0,0.0,1.0,8.5
123.0,2.0,5.0,10.7961242853376,106.6086351797,2.0,10.737500000006847,10.067829993435623,1805.0,1,1,0,0,0,0,14.230094570897254,89.3202216066482,0.0,0.0,10.677562326869804,6.0,10.344892792895592,0.0,0.0,0.0,1.0,0.0,7.4
76.0,2.0,6.0,10.8787900360777,106.668935854968,3.0,8.826587030733174,9.397256429506324,10130.3,0,0,1,0,0,0,18.148751295721265,37.71813273052131,40.66562688173105,0.0,21.61594424646852,5.0,11.957367461097228,0.0,0.0,0.0,0.0,1.0,4.88
87.0,3.0,10.55,10.8459350935297,106.664388859427,0.0,11.098013468022373,9.674953215540254,176.3,0,0,1,0,0,1,18.21396773749808,0.0,0.0,0.0,99.99432785025525,10.0,8.74928825239153,0.0,1.0,0.0,1.0,0.0,6.64
83.0,3.0,7.0,10.7880919533425,106.629297678231,3.0,14.87073929990493,12.804496961724974,2642.8,0,0,0,0,0,0,18.58320168788192,59.83426668684728,0.0,0.0,40.16421976691388,9.0,7.957519246998471,0.0,0.0,0.0,1.0,0.0,9.89
100.0,5.0,30.0,10.8011713446947,106.741806123386,3.0,38.647438220481845,25.425738377885217,,0,0,0,0,0,0,20.586367962736855,,,,,40.0,5.253918187649236,0.0,0.0,0.0,0.0,1.0,30.0
32.0,3.0,3.0,10.7919840898799,106.671409607862,3.0,18.63592086332186,16.235786892588425,1661.2,0,1,1,0,0,0,13.842079023496492,80.9198169997592,0.0,0.0,19.080784974717073,7.0,3.698212562688093,0.0,0.0,1.0,0.0,0.0,6.6
100.0,2.0,8.0,10.8300251152966,106.637973974053,2.0,19.38917355371901,15.923197269929185,702.9,0,0,0,0,0,0,16.195980401453983,67.7166026461801,0.0,0.0,32.27912932138285,4.0,9.144803604009311,0.0,0.0,0.0,1.0,0.0,7.01
200.0,9.0,25.9,10.7708608192096,106.690658869155,0.0,53.75818181817839,80.81249751703449,37.9,0,0,0,0,0,1,24.269797544088476,0.0,0.0,100.0,0.0,12.0,1.2756883450827563,0.0,1.0,0.0,1.0,0.0,130.0
110.0,2.0,6.0,10.7036703332575,106.703730879026,0.0,8.131668552257471,13.173106254134565,4800.1,1,0,0,1,0,0,8.502652923904137,18.2681610799775,0.0,1.6522572446407364,0.0,5.0,8.047825943425398,0.0,0.0,0.0,0.0,1.0,5.87
55.0,5.0,5.0,10.7910953190993,106.608536350213,2.0,10.737500000006847,10.067829993435623,163.7,1,1,0,0,0,0,19.375154550884368,32.11362248014662,0.0,0.0,67.91081246182041,8.0,10.249231709112852,0.0,0.0,0.0,0.0,1.0,7.6
126.0,4.0,15.1,10.711912452102,106.660367201432,0.0,13.123347608580726,20.341033665775136,,0,0,0,0,0,1,22.10413068261712,,,,,11.0,8.401447742743601,0.0,1.0,0.0,1.0,0.0,19.5
113.0,2.0,5.0,10.8586411177396,106.778045199233,2.0,15.48107692307722,16.99010834230355,,0,0,0,0,0,0,20.25050569105691,,,,,12.0,12.452628504871376,0.0,0.0,0.0,1.0,0.0,6.9
16.0,4.0,3.1666666666666665,10.7811433971295,106.682302669773,3.0,54.46617152529408,24.56391683041859,813.3,0,1,1,1,1,1,25.237156359791214,0.1721382023853436,0.0,0.0,99.83155047338006,4.0,2.1314544265901207,0.0,0.0,1.0,0.0,0.0,4.68
453.0,3.0,26.3,10.8207525322201,106.777086952137,0.0,19.053737403258268,20.177656837434043,,0,0,0,0,0,1,19.567814035091047,,,,,10.0,9.677236425877558,0.0,0.0,0.0,0.0,1.0,52.0
180.0,5.0,17.7,10.7670330851886,106.694934579712,0.0,53.75818181817839,50.13266841725762,416.2,0,0,0,0,0,1,37.54099080615944,0.0,0.0,0.0,99.9927919269582,14.0,1.2032207400769253,0.0,0.0,0.0,1.0,0.0,53.0
72.0,4.0,30.0,10.7806874971532,106.636155975424,3.0,14.87073929990493,28.253427846446222,5944.8,0,0,0,0,0,0,29.940845325225013,6.9496030143991385,93.05123805678912,0.0,0.0,11.0,7.113167752876494,0.0,0.0,0.0,1.0,0.0,19.0
64.0,2.0,4.75,10.7441287135686,106.696888805674,0.0,17.789285714285825,17.287883938053668,498563.61,0,1,1,1,1,1,19.567814035091047,95.4990898754123,0.0,0.1154456499542756,4.385462468871324,5.0,3.5736584568909957,0.0,0.0,0.0,1.0,0.0,11.5
72.0,3.0,12.0,10.8139079953995,106.775305188536,3.0,15.48107692307722,20.177656837434043,,1,0,0,0,0,0,23.716488155468518,,,,,7.0,9.135774516924512,0.0,0.0,0.0,0.0,1.0,10.0
72.0,3.0,6.0,10.7838920343243,106.694828713893,0.0,54.46617152529408,106.67729565230768,520.5,0,0,0,0,0,0,20.25050569105691,0.4130643611911623,0.0,99.57732949087416,0.0,7.0,1.1132682942044407,0.0,0.0,0.0,1.0,0.0,22.0
61.0,1.0,6.0,10.8133870778479,106.577521018424,3.0,13.123347608580726,19.239629626786382,132.2,0,0,0,0,0,0,20.25050569105691,27.723146747352494,0.0,0.0,72.24659606656581,3.0,14.123882918251455,0.0,0.0,0.0,1.0,0.0,3.4
15.0,2.0,4.0,10.766386250504,106.600331496354,2.0,10.737500000006847,11.79885823719474,6933.2,0,0,0,0,0,0,13.629868366546333,58.14659897305717,22.19797496105694,0.0,19.65571453297179,4.0,11.059316481503696,0.0,0.0,0.0,1.0,0.0,2.35
89.0,5.0,8.4,10.7926420415388,106.68893106966,3.0,53.75818181817839,34.07029975082686,164.8,0,0,0,0,0,1,26.16162258317498,1.2439320388349513,0.0,0.0,98.76820388349516,11.0,2.2784268330085538,0.0,0.0,0.0,0.0,1.0,23.0
282.0,1.0,8.0,10.8571754102494,106.803262371704,0.0,19.053737403258268,30.38692272100736,,0,0,0,0,0,0,20.25050569105691,,,,,22.0,14.351907952742472,0.0,0.0,0.0,1.0,0.0,12.5
140.0,3.0,10.0,10.7276662752456,106.71421776336,0.0,17.789285714285825,34.311080856230646,921306.6,0,0,1,0,1,0,19.567814035091047,18.16232837146722,22.868941783332502,0.0,58.968724418125305,7.0,5.562231997241282,0.0,0.0,0.0,0.0,1.0,40.0
48.0,2.0,5.0,10.8751999836876,106.685266067774,0.0,8.826587030733174,8.427513172672999,3346.8,1,0,0,0,0,0,17.039664453189104,12.508067407673002,6.8746265089040275,0.0,80.61790366917651,4.0,11.165269587717702,0.0,0.0,0.0,1.0,0.0,4.58
67.0,4.0,6.0,10.7677865989708,106.595298698697,3.0,10.737500000006847,11.79885823719474,276.2,1,0,0,0,0,0,13.629868366546333,21.278059377262856,0.0,0.0,78.73642288196959,10.0,11.593294235428186,0.0,0.0,0.0,0.0,1.0,6.9
30.0,4.0,10.0,10.8306404848188,106.63331754247,2.0,19.38917355371901,15.923197269929185,22965.3,1,1,0,0,0,0,10.818659325601992,4.6712213644063,0.0577828288766094,94.9964947115866,0.274370463264142,7.0,9.577379887993263,0.0,0.0,0.0,0.0,1.0,5.4
112.0,5.0,6.0,10.7959987687176,106.626134984377,2.0,14.87073929990493,14.237298722437757,1715.3,0,0,0,0,0,0,15.331358342303552,92.83390660525856,0.0,0.0,7.1666763831399765,25.0,8.48504727075795,0.0,0.0,1.0,0.0,0.0,15.0
25.0,2.0,3.5,10.7502657802172,106.631856427016,0.0,12.006306645336863,20.454141465138118,82.5,0,1,1,1,1,1,20.25050569105691,0.0,0.0,0.0,100.0,4.0,8.08724826389181,0.0,0.0,0.0,1.0,0.0,3.9
45.0,3.0,5.9,10.8423813988474,106.642591890513,0.0,11.098013468022373,15.61262632367065,198.9,1,1,0,0,0,1,10.107421869117639,12.378079436902969,0.0,0.0,87.6068376068376,6.0,9.763200660060305,0.0,0.0,0.0,0.0,1.0,5.65
97.0,4.0,12.0,10.7720818654959,106.669665352257,0.0,24.737282299672927,20.454141465138118,83.0,0,1,0,0,0,1,26.807768326301748,0.180722891566265,0.0,0.0,99.67469879518072,12.0,3.46128614639875,0.0,0.0,0.0,1.0,0.0,33.5
49.0,2.0,6.0,10.7437170940951,106.684631693165,3.0,9.364834955468142,15.13100312673361,23.9,1,0,0,0,0,0,16.644438696094667,0.0,0.0,0.0,100.0,4.0,4.015258608122829,0.0,0.0,0.0,1.0,0.0,6.9
84.0,3.0,12.0,10.7887737,106.6614004,3.0,19.38917355371901,20.454141465138118,72.9,0,0,0,0,0,0,20.30768956947936,39.39643347050754,0.0,0.0,60.576131687242786,8.0,4.563147275189952,0.0,0.0,1.0,0.0,0.0,13.9
290.0,4.0,6.0,10.8196669762984,106.702403996054,2.0,18.827244701348747,16.235786892588425,3333.4,1,0,0,0,0,0,13.941385937429175,1.615767684646307,8.54892902141957,0.0,89.83470330593389,30.0,4.85763477339162,0.0,0.0,0.0,1.0,0.0,22.5
93.0,4.0,8.0,10.8078945047594,106.703897766325,3.0,18.827244701348747,17.205832796074894,51.7,0,0,0,1,0,0,15.076317258595626,31.953578336557054,0.0,0.0,68.1237911025145,10.0,3.559649023114015,0.0,0.0,0.0,1.0,0.0,17.5
85.0,1.0,7.0,10.7026055917973,106.709895782786,0.0,8.131668552257471,13.173106254134565,2480.5,1,0,0,0,0,0,19.567814035091047,26.418060874823624,73.58193912517638,0.0,0.0,10.0,8.217461999449844,0.0,0.0,1.0,0.0,0.0,5.75
37.0,3.0,2.0,10.8417338508775,106.676947013395,0.0,11.098013468022373,15.081788755498186,941.5,0,0,0,0,0,0,15.50660834230355,72.37812002124271,0.0,0.0,27.625066383430692,7.0,7.770759069427453,0.0,0.0,0.0,0.0,1.0,6.49
48.0,5.0,8.92,10.7746851595558,106.66434619738,0.0,24.737282299672927,15.61262632367065,5455.0,0,0,0,0,0,1,19.759740783443462,35.629514207149406,0.0,0.0,64.36498625114574,7.0,4.017437686803836,0.0,1.0,0.0,1.0,0.0,10.0
65.0,5.0,7.2,10.7986777661306,106.687773278981,0.0,18.63592086332186,20.918551142754602,,0,0,0,0,0,1,17.184474827935027,,,,,12.0,2.911653764653658,0.0,0.0,0.0,1.0,0.0,13.9
339.0,7.0,20.0,10.7919670452287,106.689113111358,3.0,53.75818181817839,34.07029975082686,16.3,0,0,0,0,0,0,26.16162258317498,0.0,0.0,0.0,100.0,43.0,2.2060405283031304,0.0,0.0,0.0,1.0,0.0,185.0
78.0,2.0,8.0,10.8652226194058,106.743526486243,3.0,15.48107692307722,18.44965540212791,,1,1,1,1,0,0,19.11407196751205,,,,,6.0,10.949873284095956,0.0,0.0,1.0,0.0,0.0,7.5
120.0,4.0,20.0,10.6508285016518,106.73007524042,0.0,8.131668552257471,15.805719480205894,3900.8,0,1,1,0,0,0,15.805719480205894,,,,,11.0,14.273918619746386,0.0,0.0,0.0,1.0,0.0,7.0
80.0,4.0,6.0,10.8377977556155,106.636445726068,2.0,11.098013468022373,20.454141465138118,3293.3,1,1,0,0,0,0,10.818659325601992,97.92852154374032,0.0,1.259223271490602,0.8116478911729875,8.0,9.853262629797428,0.0,0.0,0.0,0.0,1.0,10.5
480.0,5.0,12.6,10.7272792706211,106.714910820284,3.0,17.789285714285825,34.311080856230646,921306.6,0,0,0,0,0,1,20.25050569105691,18.16232837146722,22.868941783332502,0.0,58.968724418125305,40.0,5.623660941716773,0.0,1.0,0.0,1.0,0.0,180.0
36.0,4.0,3.0,10.8155618623374,106.694927074129,3.0,18.827244701348747,16.924787565129154,80.7,0,1,1,1,0,0,14.324407498016885,32.16852540272615,0.0,0.0,67.88104089219331,8.0,4.450449750611618,0.0,0.0,0.0,0.0,1.0,6.8
66.0,2.0,3.0,10.8481171245365,106.648199156522,3.0,11.098013468022373,15.61262632367065,786.2,1,1,1,0,0,0,11.178588935354508,89.24319511574662,0.0,9.77868226914271,0.9717629102009666,6.0,9.883785048022014,0.0,1.0,0.0,1.0,0.0,5.75
90.0,4.0,12.0,10.8080066823239,106.703028738836,2.0,18.827244701348747,20.454141465138118,122.8,1,1,1,1,0,0,15.076317258595626,5.936482084690554,0.0,0.0,94.0472312703583,10.0,3.5652105969699126,0.0,0.0,0.0,0.0,1.0,16.5
139.0,5.0,12.1,10.84488,106.7182,3.0,15.48107692307722,17.78611714762465,,0,0,0,0,0,1,15.155664323925304,,,,,22.0,7.883538143067557,0.0,0.0,0.0,0.0,1.0,35.0
45.0,3.0,4.0,10.7450017573677,106.635033696686,3.0,12.006306645336863,16.924787565129154,42.4,0,1,1,0,0,0,20.25050569105691,0.0,0.0,0.0,99.92924528301886,8.0,7.997921753723195,0.0,0.0,1.0,0.0,0.0,5.28
53.0,3.0,7.0,10.8774995288516,106.673140572977,0.0,8.826587030733174,9.397256429506324,564.4,0,0,1,0,0,0,17.510388497990952,1.9808646350106307,98.01913536498937,0.0,0.0,7.0,11.692029570967176,0.0,0.0,0.0,0.0,1.0,5.85
75.0,3.0,11.5,10.796965726471,106.664737127814,0.0,19.38917355371901,20.918551142754602,253.6,0,0,0,0,0,1,18.099052454874375,17.79574132492114,0.0,0.0,82.20820189274448,8.0,4.605548477438511,0.0,1.0,0.0,1.0,0.0,16.8
59.0,4.0,10.0,10.8289957494972,106.688808783915,0.0,11.098013468022373,15.149860937399001,21577.1,1,0,0,0,0,0,16.60869960096871,29.850350603185788,0.0,70.14946401509008,0.0,8.0,6.043847341949909,0.0,0.0,0.0,1.0,0.0,9.9
47.0,2.0,6.0,10.7936607213378,106.590596030205,0.0,10.737500000006847,13.71334205498395,1272.5,0,1,1,0,1,0,17.352177179339265,90.6294695481336,0.0,0.0,9.370530451866404,5.0,12.229148779924648,0.0,0.0,1.0,0.0,0.0,4.8
90.0,4.0,12.0,10.8302075396223,106.705517109526,0.0,18.827244701348747,16.235786892588425,1330.0,0,1,1,0,0,0,19.425983461480996,11.509022556390978,0.0,0.0,88.49172932330828,9.0,6.046880669447677,0.0,0.0,0.0,0.0,1.0,14.8
70.0,4.0,15.0,10.878870604717036,106.55239210633226,3.0,9.79203162611253,14.844224781192123,34049.8,1,0,1,0,1,0,19.567814035091047,0.0,10.637712996845796,89.36234574065045,0.0,9.0,19.865037183806304,0.0,1.0,0.0,1.0,0.0,6.5
88.0,5.0,8.1,10.8094015063632,106.68499035137,3.0,18.63592086332186,15.149860937399001,85.6,0,0,0,0,0,1,24.873898992866078,40.5373831775701,0.0,0.0,59.40420560747665,18.0,4.109824259864399,0.0,0.0,0.0,0.0,1.0,20.5
126.0,2.0,8.0,10.7127575706191,106.660483963788,0.0,13.123347608580726,20.341033665775136,,0,0,0,0,0,0,22.10413068261712,,,,,11.0,8.315070542336084,0.0,1.0,0.0,1.0,0.0,21.6
357.0,3.0,18.7,10.790510736937676,106.71779961567069,0.0,18.827244701348747,41.01013634331939,3434.3,0,0,0,0,0,1,42.28415103036848,99.7490027079754,0.0,0.0,0.2507061118714148,8.0,2.435338375402592,0.0,0.0,0.0,1.0,0.0,300.0
74.0,5.0,6.0,10.7897400082984,106.691347763931,3.0,53.75818181817839,34.07029975082686,58.2,1,1,0,0,0,0,21.344748464934785,0.0,0.0,0.0,99.94845360824742,18.0,1.86252349463042,0.0,0.0,0.0,0.0,1.0,19.5
71.0,4.0,12.0,10.825294121460518,106.71736338097642,3.0,15.48107692307722,14.40074884671146,,0,0,0,0,0,0,17.750769632832952,,,,,8.0,5.761914541204604,0.0,0.0,0.0,1.0,0.0,13.5
85.0,1.0,7.0,10.7032296447757,106.703818567367,0.0,8.131668552257471,13.173106254134565,4800.1,0,0,0,0,0,0,8.502652923904137,18.2681610799775,0.0,1.6522572446407364,0.0,4.0,8.09714291906948,0.0,0.0,0.0,0.0,1.0,5.75
59.0,2.0,5.5,10.7915171113043,106.685239894814,3.0,54.46617152529408,106.67729565230768,116.6,1,0,0,0,0,1,20.45706272875709,39.073756432247,0.0,60.960548885077195,0.0,5.0,2.4450694708682095,0.0,0.0,0.0,1.0,0.0,13.2
61.0,2.0,12.0,10.7458265832591,106.689829097873,3.0,9.364834955468142,18.83383064658232,48.4,1,1,1,1,0,0,18.024373561592082,15.28925619834711,47.231404958677686,0.0,37.45867768595041,5.0,3.573909071771683,0.0,0.0,0.0,0.0,1.0,8.3
80.0,4.0,8.0,10.6928628037157,106.740846657723,3.0,8.131668552257471,7.431275025157785,3078.9,0,1,0,0,0,0,11.761918800261277,90.07047971678196,0.0,0.0,9.929195491896458,9.0,10.213472873576215,0.0,0.0,0.0,1.0,0.0,11.8
82.0,4.0,8.0,10.6781235409925,106.753363766291,3.0,8.131668552257471,11.712567766934,3212.3,0,0,0,0,0,0,8.354727166160457,82.04775394577094,0.7654951281013603,0.0,17.185505712417893,9.0,12.290269110725312,0.0,0.0,0.0,0.0,1.0,7.5
42.0,3.0,3.0,10.7584616257676,106.645953274062,3.0,13.32081849341783,20.918551142754602,134.0,1,0,0,0,0,0,20.25050569105691,17.03731343283582,0.0,0.0,83.0,7.0,6.331879635461815,0.0,0.0,0.0,1.0,0.0,6.98
32.0,2.0,3.0,10.7402904424503,106.735842361381,3.0,17.789285714285825,8.648767860862735,142.1,0,1,1,0,0,0,13.834634373598146,63.082336382829,0.0,0.0,36.88951442646024,4.0,5.4927897845834375,0.0,0.0,0.0,0.0,1.0,4.68
153.0,9.0,23.1,10.7667545123565,106.692735698735,0.0,53.75818181817839,50.13266841725762,72.1,0,0,0,0,0,1,20.25050569105691,0.0,0.0,100.0,0.0,14.0,1.3753915940369,0.0,1.0,0.0,1.0,0.0,135.0
262.0,3.0,12.0,10.7610078507314,106.689928951165,0.0,53.75818181817839,59.25648860397285,49.6,0,0,0,0,0,1,31.338914411207632,0.0,0.0,0.0,100.0,10.0,2.0659538924056493,0.0,0.0,0.0,1.0,0.0,59.0
60.0,5.0,8.0,10.7973227194067,106.679063538734,3.0,18.63592086332186,15.923197269929185,75.6,1,0,0,0,0,1,19.806236435736306,26.269841269841272,0.0,0.0,73.76984126984128,11.0,3.3786704390716893,0.0,0.0,0.0,1.0,0.0,10.9
60.0,4.0,8.0,10.7626391178559,106.63055304794,0.0,14.87073929990493,18.35882491952716,59.4,0,0,0,0,0,0,20.25050569105691,0.0,0.0,0.0,100.0,14.0,7.848202638544167,0.0,0.0,0.0,0.0,1.0,8.8
72.0,4.0,12.0,10.8043313545664,106.625710656054,3.0,14.87073929990493,17.8318693459886,749.8,1,1,1,0,0,0,18.85693297468154,58.09682582021873,0.0,0.0,41.89783942384636,9.0,8.816725671772119,0.0,0.0,0.0,1.0,0.0,9.8
135.0,5.0,8.0,10.8351269740922,106.687638901559,0.0,15.48107692307722,14.40074884671146,841.9,1,1,0,0,0,0,20.25050569105691,73.11557192065565,0.0,0.0,26.88205250029695,34.0,6.737010039859443,0.0,0.0,0.0,1.0,0.0,18.0
108.0,3.0,13.0,10.7950277541281,106.792066545744,0.0,19.053737403258268,23.42179327737413,,1,0,0,0,0,1,18.57448268224521,,,,,8.0,10.159097779098197,0.0,0.0,0.0,0.0,1.0,12.9
63.0,2.0,10.0,10.8386907920757,106.660007032094,3.0,11.098013468022373,16.924787565129154,63.0,0,0,0,0,0,0,17.750769632832952,0.0,0.0,0.0,99.92063492063492,8.0,8.290845163336815,0.0,0.0,0.0,1.0,0.0,9.9
56.0,4.0,12.0,10.8456358621869,106.796258906739,3.0,19.053737403258268,19.07305356275716,,0,1,1,0,0,0,21.311911870649638,,,,,13.0,12.960671579889,0.0,0.0,0.0,0.0,1.0,10.5
80.0,1.0,14.0,10.6511012817717,106.730034759751,3.0,8.131668552257471,15.805719480205894,3900.8,1,0,0,0,0,1,15.805719480205894,,,,,2.0,14.243361230762584,0.0,0.0,0.0,0.0,1.0,5.5
96.0,3.0,8.0,10.69125,106.721214,3.0,8.131668552257471,13.173106254134565,124636.3,0,0,0,0,0,1,19.32281039637293,6.473475223510326,13.61510250224052,0.0,12.82587015179366,10.0,9.676579764413786,0.0,1.0,0.0,1.0,0.0,11.2
45.0,4.0,3.0,10.6931711133021,106.740973178286,3.0,8.131668552257471,7.431275025157785,216.8,1,1,1,0,1,0,8.354727166160457,6.559040590405904,0.0,0.0,93.44557195571956,9.0,10.188354708331673,0.0,0.0,0.0,0.0,1.0,5.39
34.0,2.0,3.0,10.7869597397146,106.760170484755,0.0,38.647438220481845,23.346267146280812,,0,0,0,0,0,0,20.25050569105691,,,,,5.0,6.566469191143168,0.0,0.0,1.0,0.0,0.0,3.5
17.0,4.0,4.3,10.7927872287414,106.700229730336,3.0,53.75818181817839,48.487230363696476,14194.5,0,1,0,1,1,1,22.762102461573292,72.44073408714642,8.731621402655957,18.82771496001973,0.0,6.0,1.869073604953647,0.0,0.0,1.0,0.0,0.0,5.2
67.0,4.0,18.0,10.7687033528338,106.683813895131,3.0,54.46617152529408,18.093318479606467,127.4,0,0,0,0,0,0,23.200342816816367,0.0,0.0,0.0,100.0,6.0,2.055187204273878,0.0,0.0,0.0,0.0,1.0,30.0
126.0,4.0,12.0,10.711925973750049,106.66104514562193,3.0,13.123347608580726,20.341033665775136,,0,0,0,0,0,0,22.10413068261712,,,,,7.0,8.36117474846994,0.0,1.0,0.0,1.0,0.0,17.8
83.0,6.0,15.2,10.8489966520871,106.666885779168,0.0,11.098013468022373,9.674953215540254,62.6,0,0,0,0,0,1,15.50660834230355,91.96485623003194,0.0,0.0,8.115015974440896,40.0,8.935761306995799,0.0,0.0,0.0,0.0,1.0,13.5
207.0,4.0,16.0,10.830030698015,106.702697838396,0.0,18.827244701348747,16.235786892588425,1905.3,0,0,0,0,1,0,19.23866524947719,84.7178921954548,0.4099092006508161,0.0,14.871148900435626,10.0,6.010473795042117,0.0,0.0,0.0,1.0,0.0,29.8
97.0,4.0,20.0,10.7663358205495,106.659282939377,0.0,24.737282299672927,15.61262632367065,5616.6,0,0,0,0,0,0,23.072180951086057,99.46960794786882,0.5296798775059645,0.0,0.0,11.0,4.692620468364549,0.0,0.0,0.0,1.0,0.0,33.8
53.0,5.0,6.3,10.8085053513296,106.688067059871,3.0,18.827244701348747,20.339947871608835,89.9,1,0,0,0,0,1,25.38415763254146,3.670745272525027,0.0,0.0,96.28476084538376,11.0,3.884667362708603,0.0,0.0,0.0,1.0,0.0,10.5
130.0,6.0,20.0,10.7937272611434,106.645545154376,3.0,19.38917355371901,20.454141465138118,441.2,0,0,0,0,0,0,20.25050569105691,99.86854034451495,0.0,0.0,0.1314596554850408,8.0,6.380428185081199,0.0,0.0,0.0,0.0,1.0,30.5
330.0,3.0,10.0,10.7914676968809,106.605176067913,3.0,10.737500000006847,11.523850027712317,151.1,1,0,0,0,0,0,18.057974719109087,29.503639973527463,0.0,0.0,70.52945069490404,10.0,10.61811635862007,0.0,0.0,0.0,0.0,1.0,19.6
119.0,4.0,22.0,10.770683112253,106.785877403798,3.0,38.647438220481845,16.791900388268562,,1,0,0,0,0,0,20.25050569105691,,,,,12.0,9.279515771523334,0.0,1.0,0.0,1.0,0.0,20.5
83.0,5.0,11.8,10.7617165509796,106.690427036069,3.0,53.75818181817839,59.25648860397285,141.8,0,0,0,0,0,1,31.338914411207632,0.0,0.0,0.0,99.97179125528912,25.0,1.9702290743096136,0.0,0.0,0.0,0.0,1.0,20.9
47.0,4.0,3.0,10.7613534116596,106.660572206944,3.0,19.38917355371901,24.56391683041859,2476.6,1,1,0,1,1,0,23.072180951086057,76.57029798917873,23.430913348946135,0.0,0.0,6.0,4.717186447364251,0.0,0.0,0.0,0.0,1.0,8.5
60.0,4.0,7.25,10.87836428850279,106.55282230159492,0.0,9.79203162611253,14.844224781192123,34049.8,0,0,1,0,1,1,19.567814035091047,0.0,10.637712996845796,89.36234574065045,0.0,8.0,19.794225988619633,0.0,1.0,0.0,1.0,0.0,6.0
44.0,6.0,8.0,10.7658258865313,106.645159884189,3.0,13.32081849341783,15.61262632367065,3191.2,1,0,0,0,0,0,20.25050569105691,93.48489596390073,0.0,0.0,6.5135372273752825,12.0,6.21451134797534,0.0,0.0,0.0,1.0,0.0,9.45
58.0,2.0,3.0,10.7426924377662,106.710069825273,0.0,17.789285714285825,24.488452653857216,3664.7,0,1,0,0,0,0,19.567814035091047,27.53076650203291,65.3690615875788,0.0,7.099353289491638,6.0,3.8310604840801457,0.0,0.0,0.0,0.0,1.0,5.8
99.0,2.0,5.0,10.8682767839465,106.582902858995,0.0,9.79203162611253,14.844224781192123,2972.2,1,0,1,0,0,0,20.25050569105691,7.498149518874908,0.0,0.0,92.50285983446604,5.0,16.490265897766147,0.0,0.0,1.0,0.0,0.0,3.95
64.0,4.0,8.0,10.7478194444501,106.715892299441,0.0,17.789285714285825,14.8877491993957,72.5,1,1,0,0,0,0,18.207540931800263,93.15862068965518,0.0,0.0,6.855172413793103,9.0,3.5256444964691283,0.0,0.0,0.0,0.0,1.0,17.9
52.0,3.0,7.0,10.7838836275742,106.759748434748,2.0,38.647438220481845,23.346267146280812,,1,1,0,1,0,1,19.567814035091047,,,,,7.0,6.466022355830683,0.0,0.0,0.0,1.0,0.0,7.6
227.0,3.0,12.9,10.7996415500761,106.641069514501,0.0,19.38917355371901,15.61262632367065,557.4,0,0,0,0,0,1,17.16889699849127,12.149264442052386,0.0,14.280588446358092,73.56476498026552,16.0,7.0644518518347965,1.0,0.0,0.0,1.0,0.0,28.5
140.0,4.0,14.0,10.6987056044484,106.685858612469,3.0,8.131668552257471,18.930998084736483,312.2,0,0,0,0,0,0,20.25050569105691,27.024343369634853,72.9660474055093,0.0,0.0,14.0,8.754551229747156,0.0,0.0,0.0,1.0,0.0,7.5
40.0,3.0,4.0,10.803230517581,106.704878616548,3.0,18.827244701348747,17.205832796074894,1518.9,0,1,1,0,0,0,18.58425689749212,98.4574363025874,0.0,1.5458555533609848,0.0,6.0,3.055896066456396,0.0,0.0,0.0,0.0,1.0,5.65
53.0,3.0,6.0,10.684204168253,106.750372868603,2.0,8.131668552257471,7.431275025157785,,1,0,0,0,0,0,11.761918800261277,,,,,8.0,11.53972560848901,0.0,0.0,0.0,1.0,0.0,6.9
52.0,4.0,6.0,10.6930886353489,106.741027931552,3.0,8.131668552257471,7.431275025157785,124.8,0,0,0,0,0,0,8.354727166160457,13.653846153846152,0.0,0.0,86.34615384615385,8.0,10.199203202802307,0.0,0.0,0.0,0.0,1.0,5.99
53.0,4.0,6.0,10.7728855407808,106.627499121645,3.0,14.87073929990493,15.971912456276133,329.8,0,0,0,0,0,0,16.438356940373765,2.09824135839903,0.0,0.0,97.88963007883564,7.0,8.047220792883094,0.0,0.0,1.0,0.0,0.0,8.8
34.0,4.0,5.0,10.7546195528774,106.637639544644,2.0,12.006306645336863,20.454141465138118,2289.3,1,1,1,0,0,0,19.709285382510352,98.16319398942908,1.206482330843489,0.0,0.2738828462848905,7.0,7.32861963464293,0.0,0.0,0.0,1.0,0.0,5.3
44.0,2.0,6.0,10.757337206434,106.713326195227,3.0,12.968707708226514,9.674953215540254,99.0,1,1,1,1,1,1,17.88136985175628,6.848484848484848,0.0,0.0,93.12121212121212,8.0,2.467833999911357,0.0,0.0,1.0,0.0,0.0,5.95
80.0,3.0,8.0,10.6782228155693,106.753471001404,0.0,8.131668552257471,11.712567766934,3212.3,0,1,1,0,1,0,8.354727166160457,82.04775394577094,0.7654951281013603,0.0,17.185505712417893,9.0,12.285946211215553,0.0,0.0,0.0,0.0,1.0,7.5
84.0,7.0,8.0,10.7691396320491,106.67848067886,2.0,54.46617152529408,18.83383064658232,2931.3,0,0,0,0,0,0,21.321721723241613,20.36366117422304,0.0,48.78176918090949,30.855593081567907,14.0,2.5859073844120704,0.0,0.0,0.0,0.0,1.0,26.0
253.0,8.0,20.8,10.8109791914592,106.713683413555,3.0,18.827244701348747,20.47473566303819,1844.6,1,0,1,0,0,1,20.263535304628697,68.26520654884528,0.0,0.0,31.736961942968662,8.0,4.125216493444634,0.0,0.0,0.0,1.0,0.0,50.0
87.0,3.0,10.55,10.7665949487459,106.677659560875,3.0,24.737282299672927,18.83383064658232,1938.0,0,0,0,0,1,1,21.742372820427185,99.63364293085657,0.0,0.0,0.3446852425180598,10.0,2.76586751025216,0.0,0.0,0.0,1.0,0.0,21.0
100.0,2.0,4.0,10.8596038265726,106.622755434902,0.0,8.826587030733174,9.23912502081522,,0,1,1,0,1,0,20.25050569105691,,,,,9.0,12.63482439204222,0.0,0.0,0.0,1.0,0.0,4.7
60.0,3.0,5.5,10.7319053750192,106.744692546855,0.0,17.789285714285825,8.648767860862735,9782.4,0,1,1,0,0,1,19.567814035091047,12.071270853778216,31.6465284592738,56.282200686947995,0.0,7.0,6.835082436704053,0.0,0.0,0.0,0.0,1.0,6.95
53.0,4.0,5.0,10.8425429094058,106.642783048063,0.0,11.098013468022373,15.61262632367065,4018.4,0,1,0,1,1,1,10.107421869117639,82.11253235118456,0.0,0.0,17.887965359347003,9.0,9.763150228751533,0.0,0.0,0.0,1.0,0.0,7.6
82.0,3.0,6.0,10.6751026743224,106.698563032754,2.0,8.131668552257471,11.187905093453665,1967.1,1,0,0,0,0,0,8.502652923904137,30.138782980021357,0.0,0.0,69.86121701997865,6.0,11.222693911157029,0.0,0.0,0.0,0.0,1.0,5.25
66.0,2.0,5.25,10.7711670417712,106.691055834037,3.0,24.737282299672927,15.923197269929185,3041.8,1,0,0,0,1,1,24.269797544088476,95.93628772437371,0.3698468012361101,3.6935367216779538,0.0,4.0,1.2217160148953417,0.0,0.0,1.0,0.0,0.0,7.9
76.0,3.0,4.0,10.7838913068797,106.657772051448,3.0,19.38917355371901,20.339947871608835,44.9,0,0,1,1,1,0,20.25050569105691,25.879732739420938,0.0,0.0,74.05345211581292,10.0,4.813481611369538,0.0,0.0,0.0,0.0,1.0,7.2
60.0,4.0,3.0,10.8290574052755,106.772727685651,0.0,38.647438220481845,58.28290665694527,,0,0,0,0,0,0,20.25050569105691,,,,,10.0,9.798656980619745,0.0,0.0,0.0,0.0,1.0,15.0
45.0,1.0,7.9,10.823136177216,106.68209484291,3.0,11.098013468022373,18.83383064658232,75.2,0,1,0,0,1,1,20.25050569105691,25.997340425531917,0.0,0.0,73.98936170212765,3.0,5.637411657499233,0.0,0.0,1.0,0.0,0.0,6.95
90.0,3.0,12.0,10.7667151756493,106.659369998421,3.0,24.737282299672927,15.61262632367065,104.0,0,1,0,1,0,1,23.072180951086057,13.471153846153848,0.0,0.0,86.57692307692308,10.0,4.673862421653221,0.0,0.0,0.0,1.0,0.0,32.5
54.0,4.0,4.0,10.8121875219361,106.687516367228,3.0,18.827244701348747,15.149860937399001,23.4,0,0,0,0,0,0,20.46129821819246,0.0,99.82905982905984,0.0,0.0,8.0,4.28869501047734,0.0,0.0,0.0,0.0,1.0,8.95
62.0,2.0,6.0,10.754482719553,106.671314703657,2.0,29.82381843840417,23.820911987062647,3384.1,0,0,1,1,0,0,17.376381907262566,98.30117313318163,0.0,0.0,1.6985313672763809,5.0,4.0386958098782015,0.0,0.0,0.0,1.0,0.0,7.6
217.0,9.0,15.1,10.7640010749926,106.693477015179,3.0,53.75818181817839,32.631365062301924,58.8,0,0,0,0,0,1,25.885724961203408,9.67687074829932,0.0,0.0,90.39115646258504,52.0,1.5727497205810317,0.0,0.0,0.0,0.0,1.0,108.0
161.0,5.0,25.0,10.8449317475125,106.718189297864,3.0,15.48107692307722,17.78611714762465,,0,0,0,0,0,0,20.25050569105691,,,,,8.0,7.888851827778965,0.0,0.0,0.0,1.0,0.0,38.5
180.0,1.0,30.0,10.787559248576,106.764501497576,0.0,38.647438220481845,23.346267146280812,,0,1,1,0,0,0,30.56532612762346,,,,,2.0,7.043736351235687,0.0,0.0,0.0,1.0,0.0,39.6
72.0,2.0,6.0,10.8437816092586,106.649140034914,2.0,11.098013468022373,24.56391683041859,158.5,1,0,0,0,1,0,18.364041163673342,9.07255520504732,0.0,0.0,90.9589905362776,6.0,9.434689007371864,0.0,0.0,0.0,1.0,0.0,8.1
62.0,2.0,18.0,10.8206539014263,106.635884348996,3.0,19.38917355371901,15.923197269929185,95.6,0,0,0,0,0,0,18.891140957318,14.34100418410042,0.0,0.0,85.61715481171548,4.0,8.683009809717364,0.0,0.0,1.0,0.0,0.0,10.0
75.0,1.0,6.0,10.8773203624547,106.681253370959,3.0,8.826587030733174,8.427513172672999,36712.0,0,0,0,0,0,0,20.25050569105691,3.1283776421878406,96.87170407496188,0.0,0.0,6.0,11.47292783340341,0.0,0.0,0.0,1.0,0.0,4.55
159.0,5.0,8.3,10.7827637577224,106.647510116144,2.0,19.38917355371901,14.561953480312356,71.7,1,0,0,0,0,1,22.259407193155763,12.97071129707113,0.0,0.0,86.97350069735008,45.0,5.901892728929295,0.0,0.0,0.0,1.0,0.0,20.9
61.0,3.0,6.0,10.8030996232847,106.684207412075,3.0,18.63592086332186,15.13100312673361,61.1,1,0,1,1,0,1,21.719959264527965,14.53355155482815,0.0,0.0,85.41734860883795,8.0,3.5333905335500777,0.0,0.0,0.0,0.0,1.0,11.0
49.0,4.0,4.0,10.8413769351952,106.63556530984,2.0,11.098013468022373,15.61262632367065,686.1,1,0,0,0,0,0,20.25050569105691,17.879317883690423,0.0,0.0,82.11922460282757,9.0,10.20203671225436,0.0,0.0,0.0,0.0,1.0,7.89
30.0,3.0,8.0,10.8359881300025,106.635651062324,3.0,11.098013468022373,15.923197269929185,1885.2,1,1,0,0,0,0,10.818659325601992,66.56482070867813,0.0,0.0,33.4335879482283,7.0,9.777297438459916,0.0,0.0,1.0,0.0,0.0,5.4
65.0,5.0,15.0,10.7959193916376,106.671083537174,0.0,18.63592086332186,14.561953480312356,2443.8,0,1,1,1,0,0,19.111424974759938,91.35772158114412,0.2025534004419346,0.0,8.44095261478026,10.0,3.9567525995881256,0.0,0.0,0.0,0.0,1.0,19.0
46.0,5.0,5.45,10.761255506062,106.667126553165,2.0,24.737282299672927,15.149860937399001,54.0,1,0,0,0,0,1,20.25050569105691,0.0,0.0,0.0,100.0,17.0,4.057170083523236,1.0,0.0,0.0,1.0,0.0,8.9
64.0,6.0,20.0,10.73245,106.6209,3.0,10.737500000006847,13.181777405603473,868.7,1,1,1,0,1,0,16.67274773320998,89.41867157822033,0.0,0.0,10.579026131000346,9.0,10.010440086310355,0.0,1.0,1.0,0.0,0.0,14.4
300.0,2.0,14.4,10.7591359971385,106.687555768279,3.0,53.75818181817839,26.429608342303553,5525.2,0,1,0,0,0,1,37.54099080615944,92.2766596684283,0.1018967639180482,0.0,7.62053862303627,40.0,2.3885898534880106,0.0,0.0,0.0,1.0,0.0,160.0
68.0,4.0,8.0,10.8203877981185,106.704296682277,2.0,18.827244701348747,16.235786892588425,1306.4,1,0,0,0,0,0,13.930220361551154,69.48714023270054,2.1785058175137784,0.0,28.33435394978567,14.0,4.948032701478891,0.0,0.0,0.0,0.0,1.0,14.5
108.0,4.0,20.0,10.750249208905451,106.7364948268781,0.0,17.789285714285825,17.42635834230355,223.3,0,0,0,0,0,0,19.089097978071564,28.858038513210925,0.0,0.0,71.15091804746977,8.0,4.811292215182963,0.0,0.0,0.0,0.0,1.0,17.5
60.0,4.0,3.0,10.8283193483376,106.69040719061177,2.0,11.098013468022373,15.149860937399001,2291.8,0,0,0,0,0,0,19.567814035091047,27.63199232044681,69.71899816737934,0.0,2.6485731739244263,8.0,5.933720370306427,0.0,1.0,0.0,1.0,0.0,7.0
55.0,2.0,6.0,10.8054867304414,106.682145580379,2.0,18.63592086332186,15.149860937399001,947.1,1,0,0,0,0,0,12.77062601913981,79.44884383908774,0.0,0.0,20.554323725055433,6.0,3.877729237314208,0.0,0.0,0.0,0.0,1.0,9.5
39.0,3.0,12.0,10.804301125837,106.647792253643,3.0,19.38917355371901,20.454141465138118,252802.3,0,0,0,0,0,0,24.873898992866078,2.1049808486710764,0.0,19.24298157097463,0.2418095088533609,5.0,6.618734138896329,0.0,0.0,0.0,0.0,1.0,8.89
148.0,3.0,8.0,10.73905702300181,106.70815654098988,0.0,17.789285714285825,17.287883938053668,,0,0,0,0,0,0,22.174529617989272,,,,,10.0,4.179573832451376,0.0,0.0,0.0,0.0,1.0,15.0
85.0,3.0,12.0,10.7884222229413,106.770414115726,3.0,38.647438220481845,23.346267146280812,,1,0,0,0,0,0,20.25050569105691,,,,,10.0,7.696275010800177,0.0,0.0,0.0,0.0,1.0,8.6
90.0,2.0,40.0,10.8915771222522,106.61607730566,3.0,9.79203162611253,17.311826932268982,208.5,1,1,0,1,0,0,20.25050569105691,23.529976019184655,0.0,0.0,76.47961630695444,4.0,15.855140084006257,0.0,0.0,1.0,0.0,0.0,8.1
120.0,5.0,12.0,10.8850069724949,106.681090444586,3.0,8.826587030733174,9.397256429506324,850.1,0,0,0,0,0,1,18.148751295721265,34.86883896012234,0.0,0.0,65.12880837548524,34.0,12.316445970046038,0.0,0.0,0.0,1.0,0.0,7.99
95.0,5.0,40.0,10.8142932562028,106.623811500366,2.0,14.87073929990493,13.051852005459661,1632.4,1,1,0,0,0,1,20.25050569105691,84.4535653026219,0.0,0.0,15.548885077186965,11.0,9.455055129691132,0.0,0.0,0.0,1.0,0.0,12.1
87.0,5.0,15.0,10.7544667198062,106.665318861829,3.0,29.82381843840417,16.924787565129154,2191.6,0,0,0,1,0,0,20.25050569105691,57.77377258623837,0.0,0.0,42.226227413761634,10.0,4.583746082888396,0.0,1.0,0.0,1.0,0.0,33.0
46.0,3.0,4.0,10.8060294591191,106.711498560694,0.0,18.827244701348747,23.596282954466844,1691.1,0,0,0,0,0,0,20.263535304628697,71.9029034356336,0.6995446750635681,0.0,27.39518656495772,6.0,3.527014873627046,0.0,0.0,0.0,0.0,1.0,6.3
121.0,2.0,4.0,10.8279563241969,106.621074602008,3.0,8.826587030733174,15.780638971822933,596.1,1,0,0,0,0,0,17.676519361145083,24.00939439691327,0.0,0.0,75.9922831739641,8.0,10.477479719137817,0.0,0.0,1.0,0.0,0.0,7.5
35.0,3.0,4.6,10.7723291306035,106.680805085515,3.0,54.46617152529408,18.093318479606467,690.8,0,0,0,0,0,1,20.25050569105691,96.03647944412276,0.0,0.0,3.9693109438332375,5.0,2.2541742369883666,0.0,0.0,0.0,1.0,0.0,10.0
74.0,1.0,5.0,10.7760771368674,106.620292413496,2.0,10.737500000006847,11.523850027712317,1154.2,0,0,0,0,0,0,18.06394396884742,50.81095130826546,0.0,0.0,49.193380696586374,2.0,8.82694512968773,0.0,0.0,0.0,1.0,0.0,5.1
80.0,2.0,6.0,10.8225056649411,106.686918820263,3.0,11.098013468022373,18.093318479606467,19694.5,0,0,0,0,0,1,20.25050569105691,3.80984538830638,96.19025616288812,0.0,0.0,9.0,5.398193038967817,0.0,0.0,0.0,1.0,0.0,15.5
111.0,5.0,15.6,10.7297528167877,106.70785340058364,0.0,17.789285714285825,34.311080856230646,707353.2,0,0,0,0,0,1,20.25050569105691,34.28193581367837,19.24510131572177,0.0,46.47296145687897,13.0,5.195103561842736,0.0,0.0,0.0,1.0,0.0,29.5
64.0,4.0,12.0,10.6846855793297,106.750059942034,3.0,8.131668552257471,7.431275025157785,,0,0,0,0,0,0,11.761918800261277,,,,,9.0,11.47642765675313,0.0,0.0,0.0,0.0,1.0,7.68
266.0,2.0,10.0,10.7816340367156,106.527356753801,3.0,13.123347608580726,18.374085658736885,54.3,1,1,0,1,0,0,20.25050569105691,39.53959484346225,0.0,60.40515653775322,0.0,5.0,18.988842343850692,0.0,0.0,0.0,0.0,1.0,5.75
56.0,3.0,6.0,10.8639769537612,106.625568652919,3.0,8.826587030733174,9.23912502081522,2668.6,0,1,1,0,0,0,17.369957436871715,0.0,99.99887581503413,0.0,0.0,7.0,12.79654203393497,0.0,0.0,0.0,1.0,0.0,4.79
204.0,4.0,17.233333333333334,10.8041855092941,106.72903752518,3.0,38.647438220481845,58.28290665694527,,0,0,0,0,0,1,20.25050569105691,,,,,11.0,4.374319911810056,0.0,0.0,0.0,1.0,0.0,35.0
29.0,2.0,3.0,10.7517086510092,106.701602718934,1.0,17.789285714285825,17.287883938053668,498563.61,0,0,0,1,0,0,13.55522012715968,95.4990898754123,0.0,0.1154456499542756,4.385462468871324,4.0,2.70163296974671,0.0,0.0,0.0,0.0,1.0,3.7
57.0,3.0,3.5,10.8290763075499,106.689202603558,0.0,11.098013468022373,15.149860937399001,2798.6,0,0,0,0,0,1,16.60869960096871,35.168298434931756,0.0,0.0,64.83170156506826,13.0,6.043186110817224,1.0,0.0,0.0,0.0,1.0,9.6
80.0,4.0,12.0,10.8395021062679,106.796856562385,3.0,19.053737403258268,19.07305356275716,,1,1,1,0,0,0,20.25050569105691,,,,,9.0,12.619241735797363,0.0,0.0,0.0,1.0,0.0,10.0
65.0,4.0,6.0,10.7953269166581,106.64107786505,3.0,19.38917355371901,15.61262632367065,334.5,0,0,1,0,0,0,21.19494463973162,2.304932735426009,0.0,0.0,97.68908819133034,8.0,6.89948380335332,0.0,0.0,0.0,1.0,0.0,11.5
34.0,3.0,8.0,10.7795208776626,106.647453768886,3.0,19.38917355371901,14.561953480312356,11.9,1,0,0,0,0,0,20.25050569105691,30.084033613445374,0.0,0.0,69.66386554621847,6.0,5.873025864942449,0.0,0.0,0.0,0.0,1.0,5.4
54.0,2.0,8.0,10.8375088990104,106.790348969201,2.0,19.053737403258268,19.07305356275716,,1,0,1,0,0,0,20.25050569105691,,,,,5.0,11.908087920200996,0.0,0.0,0.0,0.0,1.0,5.25
25.0,3.0,2.85,10.8029302663421,106.677015587066,3.0,18.63592086332186,24.56391683041859,1277.5,0,0,0,0,0,1,20.25050569105691,0.0,100.0,0.0,0.0,5.0,3.985947344651694,0.0,0.0,0.0,0.0,1.0,10.0
16.0,3.0,6.0,10.78488140456,106.672952553777,3.0,54.46617152529408,16.924787565129154,133.3,0,0,0,0,0,0,20.25050569105691,12.033008252063016,0.0,87.95948987246811,0.0,4.0,3.2293259115458803,0.0,0.0,0.0,1.0,0.0,3.8
29.0,4.0,4.0,10.7720162270286,106.68011595796,2.0,54.46617152529408,15.13100312673361,903.8,1,1,1,1,1,1,23.200342816816367,0.1073246293427749,99.88824961274618,0.0,0.0,6.0,2.3345987382731774,0.0,0.0,0.0,0.0,1.0,8.5
400.0,2.0,20.0,10.8655728073769,106.614557268192,3.0,8.826587030733174,11.964993989558423,,0,1,1,0,0,0,21.19814232501748,,,,,4.0,13.73108992884485,0.0,0.0,0.0,1.0,0.0,35.0
25.0,3.0,5.2,10.7810410904582,106.650005044797,2.0,19.38917355371901,14.561953480312356,431.9,1,0,0,0,0,1,9.90181956943871,84.61912479740683,0.0,0.0,15.376244501041908,3.0,5.609341468877377,0.0,1.0,0.0,1.0,0.0,4.5
100.0,4.0,20.0,10.7956656789355,106.775858358096,0.0,38.647438220481845,44.55718221916659,,0,1,1,0,1,1,19.567814035091047,,,,,10.0,8.453613097811438,0.0,1.0,0.0,1.0,0.0,20.5
103.0,5.0,15.4,10.7608559198168,106.667232112819,3.0,24.737282299672927,15.149860937399001,60.0,0,1,0,1,1,1,20.25050569105691,0.0,0.0,0.0,99.41666666666666,22.0,4.064832282688804,0.0,0.0,0.0,0.0,1.0,25.8
50.0,5.0,5.0,10.8008153362509,106.688348715173,3.0,18.63592086332186,15.288713651298618,34.9,0,0,0,0,0,1,19.567814035091047,0.0,0.0,0.0,100.0,9.0,3.090937508358777,0.0,0.0,0.0,1.0,0.0,10.6
50.0,1.0,10.666666666666664,10.7854785396334,106.698747003229,3.0,53.75818181817839,48.487230363696476,3861.0,0,0,0,0,0,1,26.915843909224144,0.7637917637917637,0.0,99.23569023569024,0.0,2.0,1.0848522180312763,0.0,1.0,0.0,1.0,0.0,11.5
52.0,1.0,4.0,10.8043372058699,106.625706276622,3.0,14.87073929990493,17.8318693459886,749.8,0,1,1,0,1,0,18.85693297468154,58.09682582021873,0.0,0.0,41.89783942384636,3.0,8.817404868221038,0.0,0.0,0.0,0.0,1.0,5.79
46.0,5.0,5.733333333333333,10.8421037838132,106.643524356186,3.0,11.098013468022373,20.454141465138118,2978.0,1,0,1,1,0,1,10.107421869117639,90.42411014103423,0.0,0.0,9.575218267293485,8.0,9.67336929053188,0.0,0.0,0.0,0.0,1.0,7.95
33.0,2.0,7.0,10.7688986730781,106.638050083947,2.0,13.32081849341783,15.13100312673361,1068.2,1,0,0,0,0,1,20.25050569105691,82.19996255382887,0.0,0.0,17.80378206328403,4.0,6.932398700936948,0.0,0.0,0.0,1.0,0.0,2.99
102.0,4.0,14.0,10.7447136303099,106.616748368487,0.0,10.737500000006847,18.09235831062452,,1,1,0,0,1,0,20.25050569105691,,,,,9.0,9.849395577339088,0.0,0.0,0.0,0.0,1.0,13.0
43.0,2.0,4.85,10.808163051304,106.702788992484,0.0,18.827244701348747,20.454141465138118,88.9,1,1,1,1,0,1,15.076317258595626,9.448818897637794,0.0,0.0,90.5286839145107,6.0,3.581123282767614,0.0,0.0,0.0,0.0,1.0,6.95
305.0,2.0,8.4,10.7705574369517,106.689092550594,0.0,53.75818181817839,80.81249751703449,4875.5,0,0,0,0,0,1,45.02458601201859,98.6393190442006,0.0,1.3610911701363964,0.0,33.0,1.4445187590326922,0.0,0.0,0.0,1.0,0.0,350.0
77.0,1.0,3.0,10.7443997246411,106.619318236366,3.0,10.737500000006847,18.09235831062452,81.8,1,1,1,0,0,1,20.25050569105691,0.0,0.0,0.0,100.0,5.0,9.599996385373334,0.0,0.0,0.0,0.0,1.0,6.7
121.0,4.0,27.5,10.7534604617699,106.6626934921,3.0,29.82381843840417,16.924787565129154,62.3,0,1,0,0,0,1,72.86150756189254,20.353130016051367,0.0,0.0,79.7271268057785,13.0,4.887054859541478,0.0,0.0,0.0,1.0,0.0,30.0
222.0,4.0,7.0,10.729378828058,106.707415289916,0.0,17.789285714285825,34.311080856230646,707353.2,1,0,0,0,0,1,22.10413068261712,34.28193581367837,19.24510131572177,0.0,46.47296145687897,13.0,5.229742573236533,0.0,0.0,0.0,0.0,1.0,66.0
55.0,3.0,6.0,10.8807142968687,106.72664276834,0.0,15.48107692307722,16.424313862581496,,0,0,1,0,0,0,18.595595821172992,,,,,8.0,11.9732153073374,1.0,0.0,0.0,1.0,0.0,4.7
62.0,2.0,9.0,10.7867329553206,106.677912251094,3.0,54.46617152529408,16.235786892588425,95.1,1,0,0,0,0,1,20.25050569105691,0.0,0.0,0.0,100.0,5.0,2.7999353855299263,0.0,0.0,0.0,1.0,0.0,9.5
260.0,4.0,3.0,10.79921199889,106.703172302214,3.0,18.827244701348747,15.923197269929185,4982.3,0,0,1,0,0,0,18.58425689749212,12.555847700861047,57.45860345623507,1.4214318688156071,28.5635148425426,80.0,2.590963208650962,0.0,0.0,0.0,1.0,0.0,23.99
290.0,2.0,8.0,10.8195736831937,106.702450585592,3.0,18.827244701348747,16.235786892588425,67.7,1,0,0,0,0,0,13.941385937429175,99.70457902511076,0.0,0.0,0.3249630723781388,12.0,4.847417720185839,0.0,0.0,1.0,0.0,0.0,22.3
49.0,3.0,3.0,10.7982349252277,106.68839955831,0.0,18.63592086332186,15.288713651298618,,0,0,0,0,0,0,17.184474827935027,,,,,9.0,2.8350190350934867,0.0,0.0,0.0,0.0,1.0,6.25
268.0,4.0,13.0,10.84488,106.7182,3.0,15.48107692307722,17.78611714762465,,1,1,1,1,1,0,20.25050569105691,,,,,10.0,7.883538143067557,0.0,0.0,1.0,0.0,0.0,60.0
88.0,3.0,4.0,10.79125975495924,106.66191056372236,3.0,19.38917355371901,15.149860937399001,750.6,0,1,0,0,0,0,18.099052454874375,99.77351452171597,0.0,0.0,0.2278177458033573,8.0,4.604743408417659,0.0,0.0,0.0,1.0,0.0,9.5
100.0,5.0,10.0,10.737401064214,106.626923682863,0.0,12.006306645336863,14.561953480312356,2871.1,0,0,0,0,0,1,20.25050569105691,0.0,0.0,0.0,99.99930340287696,9.0,9.169599177270532,0.0,1.0,0.0,0.0,1.0,18.0
65.0,4.0,5.0,10.84142,106.8401,3.0,19.053737403258268,21.65981557903033,,0,0,0,0,0,0,19.567814035091047,,,,,8.0,16.834668763141032,0.0,0.0,0.0,1.0,0.0,10.9
90.0,7.0,30.0,10.7995699979821,106.641264832063,3.0,19.38917355371901,15.61262632367065,586.6,0,0,0,0,0,0,17.16889699849127,99.41016024548244,0.0,0.0,0.5966587112171837,6.0,7.041689572695267,0.0,0.0,1.0,0.0,0.0,23.0
53.0,3.0,6.0,10.7989538898608,106.7185264482,0.0,18.827244701348747,41.01013634331939,5640.4,0,0,0,0,0,1,19.911470140858842,99.06070491454508,0.0,0.0,0.9392950854549322,7.0,3.1839901687719223,0.0,0.0,0.0,1.0,0.0,6.95
53.0,3.0,5.5,10.8425719920083,106.642599558947,2.0,11.098013468022373,15.61262632367065,4018.4,1,0,0,0,0,1,10.107421869117639,82.11253235118456,0.0,0.0,17.887965359347003,9.0,9.778684418300273,0.0,0.0,0.0,0.0,0.0,7.6
66.0,2.0,5.25,10.7813218181587,106.63546904706,3.0,14.87073929990493,12.804496961724974,610.5,0,0,0,0,0,1,26.821045108846718,87.78542178542179,0.0,12.216216216216216,0.0,4.0,7.1934545955793165,0.0,0.0,0.0,1.0,0.0,6.49
343.0,4.0,29.0,10.8041820692662,106.641727003959,3.0,19.38917355371901,16.235786892588425,827.9,0,0,0,0,0,1,20.25050569105691,92.0292305834038,0.1075009059065104,0.0,7.860852759995168,10.0,7.202677983062248,1.0,0.0,0.0,1.0,0.0,65.0
46.0,4.0,6.0,10.811049226179,106.701703253945,3.0,18.827244701348747,20.454141465138118,,1,0,1,1,0,0,17.16203807849431,,,,,8.0,3.897853116450042,0.0,0.0,0.0,1.0,0.0,8.3
32.0,2.0,4.0,10.848672915314,106.666816823254,2.0,11.098013468022373,9.674953215540254,625.7,1,0,0,0,0,0,15.50660834230355,87.60588141281764,0.0,0.0,12.395716797187148,4.0,8.906239769333375,0.0,0.0,0.0,0.0,1.0,4.9
43.0,3.0,5.0,10.7157201443183,106.741070523364,0.0,17.789285714285825,8.648767860862735,1611.6,1,1,0,0,0,1,20.119968764420605,48.721146686522715,0.0,0.0,51.27885331347729,7.0,7.999670871119897,0.0,0.0,0.0,1.0,0.0,7.5
54.0,4.0,8.0,10.795895934177,106.678109732769,3.0,18.63592086332186,15.923197269929185,1024.6,0,0,0,0,0,1,20.25050569105691,8.808315440171775,91.19266055045873,0.0,0.0,9.0,3.346745385209855,0.0,0.0,0.0,1.0,0.0,10.0
33.0,4.0,10.0,10.7636321173024,106.646627191391,0.0,13.32081849341783,23.820911987062647,504.6,0,1,0,1,0,0,20.25050569105691,91.30994847403883,0.0,0.0,8.692033293697978,9.0,6.107263705569198,0.0,0.0,1.0,0.0,0.0,9.0
73.0,3.0,8.0,10.7829706417367,106.755661414168,3.0,15.48107692307722,23.346267146280812,,1,0,0,1,0,1,19.567814035091047,,,,,6.0,6.010087230337669,0.0,0.0,0.0,1.0,0.0,8.49
50.0,5.0,5.0,10.8451570915588,106.678267040608,3.0,11.098013468022373,20.339947871608835,62.1,0,1,0,0,0,0,19.222790783577807,4.814814814814815,0.0,0.0,95.24959742351044,9.0,8.084189698064996,0.0,0.0,0.0,0.0,1.0,8.4
117.0,3.0,9.2,10.7826931889203,106.769375428869,3.0,38.647438220481845,23.346267146280812,,0,0,0,0,0,1,20.25050569105691,,,,,9.0,7.494963931226947,0.0,0.0,0.0,0.0,1.0,24.0
53.0,1.0,6.0,10.846870929537,106.788883808387,0.0,19.053737403258268,19.07305356275716,,0,0,0,0,0,0,20.25050569105691,,,,,3.0,12.410841805726236,1.0,0.0,0.0,1.0,0.0,3.2
122.0,3.0,5.0,10.8545074387652,106.76393259711,0.0,15.48107692307722,17.056969241416212,,1,0,0,0,0,0,19.375154550884368,,,,,6.0,11.104107323522324,0.0,0.0,1.0,0.0,0.0,13.2
49.0,3.0,8.0,10.8110084563479,106.693689278197,3.0,18.827244701348747,16.924787565129154,175.3,1,0,0,0,0,0,20.25050569105691,19.7375926982316,0.0,0.0,80.23958927552766,7.0,3.976030823643132,0.0,0.0,0.0,1.0,0.0,9.9
47.0,3.0,5.0,10.7710554857348,106.643704722429,2.0,13.32081849341783,15.149860937399001,2060.0,1,0,0,0,0,0,9.90181956943871,1.013106796116505,98.98834951456313,0.0,0.0,7.0,6.293632807363662,0.0,0.0,1.0,0.0,0.0,6.85
562.0,4.0,30.0,10.7585928377759,106.665709315787,3.0,29.82381843840417,24.56391683041859,1483.5,0,0,1,1,0,1,20.25050569105691,85.47286821705427,0.0,0.0,14.528479946073476,11.0,4.323459963486004,0.0,0.0,0.0,1.0,0.0,135.0
85.0,5.0,6.0,10.8095879083852,106.693040056936,3.0,18.827244701348747,15.288713651298618,69.1,0,0,0,0,0,0,17.40171754184511,24.12445730824892,0.0,0.0,75.91895803183792,14.0,3.837163279577715,0.0,0.0,1.0,0.0,0.0,14.99
20.0,2.0,4.25,10.7616929131981,106.678461577554,3.0,29.82381843840417,18.093318479606467,210.5,0,0,1,1,0,1,17.376381907262566,1.5534441805225654,0.0,0.0,98.44655581947744,4.0,2.940467011793807,0.0,0.0,0.0,1.0,0.0,8.7
67.0,5.0,8.0,10.8594284920405,106.757025349889,2.0,15.48107692307722,16.151929588086617,,1,0,0,0,0,0,20.251605221005875,,,,,8.0,11.107134316874932,0.0,0.0,0.0,0.0,1.0,9.8
65.0,3.0,7.0,10.7878918733711,106.631046863086,2.0,14.87073929990493,24.311036457287887,97.5,1,0,0,0,0,1,18.58320168788192,7.230769230769231,0.0,0.0,92.72820512820512,8.0,7.765449971171057,1.0,0.0,0.0,1.0,0.0,8.8
14.0,3.0,4.0,10.7641629597523,106.646996742988,2.0,13.32081849341783,16.924787565129154,48.9,1,0,0,0,0,0,20.25050569105691,27.34151329243354,0.0,0.0,72.59713701431492,4.0,6.054828761129462,0.0,0.0,0.0,1.0,0.0,3.45
71.0,2.0,6.0,10.8867385173187,106.723875158363,3.0,15.48107692307722,16.424313862581496,,1,0,0,0,0,0,17.208721774105186,,,,,3.0,12.562275787252911,0.0,0.0,1.0,0.0,0.0,4.8
62.0,3.0,10.0,10.8477493091332,106.642107325676,0.0,11.098013468022373,15.61262632367065,2863.2,1,0,0,0,0,0,10.107421869117639,20.070550433081863,0.0,0.0,79.93049734562729,17.0,10.255065764959893,0.0,0.0,0.0,0.0,1.0,9.8
30.0,3.0,4.0,10.7919292269559,106.696682250328,0.0,53.75818181817839,48.487230363696476,544.0,1,0,0,0,0,1,20.25050569105691,11.5,0.0,88.5,0.0,7.0,1.835806126796126,0.0,1.0,0.0,1.0,0.0,9.5
40.0,2.0,7.181818181818182,10.7737597435265,106.677540391687,3.0,24.737282299672927,16.924787565129154,2646.0,0,0,0,0,0,1,32.67330086593139,97.3941798941799,0.1436130007558579,1.199546485260771,1.255479969765684,4.0,2.585549653984183,0.0,0.0,0.0,0.0,1.0,16.8
100.0,3.0,14.0,10.805065797328355,106.79116170846872,0.0,19.053737403258268,20.177656837434043,,0,0,0,0,0,1,20.87381731865282,,,,,8.0,10.354647730116184,0.0,0.0,1.0,0.0,0.0,23.5
85.0,3.0,12.0,10.8343851352295,106.701880545563,3.0,18.827244701348747,16.235786892588425,8533.8,1,0,0,0,1,0,19.425983461480996,20.036326138414307,0.0,0.0,16.65846399025053,10.0,6.492690576829679,0.0,0.0,0.0,1.0,0.0,13.9
200.0,3.0,16.066666666666666,10.8356338851167,106.842916545436,0.0,19.053737403258268,25.613782122221185,,0,0,0,0,1,1,22.156780321650697,,,,,12.0,16.849320446595776,1.0,0.0,0.0,1.0,0.0,28.0
88.0,3.0,10.0,10.8025878737195,106.689743940535,3.0,18.63592086332186,15.288713651298618,83.4,1,0,0,0,1,0,20.25050569105691,0.0,0.0,0.0,99.95203836930456,11.0,3.2061104605933517,0.0,0.0,1.0,0.0,0.0,21.95
139.0,4.0,6.0,10.7896212992541,106.675096318153,2.0,54.46617152529408,20.454141465138118,54.7,1,0,0,0,0,0,24.641850909075103,45.50274223034735,0.0,0.0,54.588665447897625,26.0,3.2190184414061016,0.0,0.0,0.0,0.0,1.0,22.379
62.0,4.0,10.666666666666668,10.7916265667696,106.670033525911,3.0,18.63592086332186,15.61262632367065,1701.6,0,0,0,0,0,1,13.842079023496492,59.40291490362012,0.0,0.0,40.5964974141984,9.0,3.8124270430609095,0.0,0.0,0.0,1.0,0.0,20.4
106.0,2.0,4.4,10.7897198557941,106.691234942943,3.0,53.75818181817839,34.07029975082686,365.4,0,0,0,0,0,1,21.344748464934785,0.0,0.0,0.0,99.98905309250138,6.0,1.8677684567869592,0.0,0.0,1.0,0.0,0.0,28.0
66.0,2.0,11.5,10.6927907030824,106.740785568284,0.0,8.131668552257471,7.431275025157785,1084.2,0,0,0,0,0,1,17.25767208576909,72.12968087068806,0.0,0.0,27.87308614646744,5.0,10.217896568271788,0.0,0.0,0.0,1.0,0.0,5.39
144.0,6.0,8.0,10.8355047043669,106.842127110805,0.0,19.053737403258268,21.65981557903033,,0,0,0,0,0,0,20.25050569105691,,,,,10.0,16.764416619561725,0.0,0.0,0.0,1.0,0.0,26.0
56.0,4.0,8.0,10.8864381515737,106.724166785676,0.0,15.48107692307722,17.332544455579256,,0,0,0,0,0,0,17.208721774105186,,,,,9.0,12.535901573734016,0.0,0.0,0.0,1.0,0.0,4.57
43.0,2.0,4.0,10.8401210997324,106.741220873898,3.0,15.48107692307722,16.151929588086617,,1,1,1,0,0,0,18.441394421707372,,,,,7.0,8.368921646775831,0.0,0.0,0.0,1.0,0.0,4.5
56.0,4.0,16.0,10.8109017884722,106.608963537676,3.0,14.87073929990493,13.051852005459661,1398.9,0,1,1,0,1,0,20.25050569105691,21.29959253699335,0.0,0.0,78.70040746300666,8.0,10.786223752521629,0.0,0.0,0.0,0.0,1.0,8.8
51.0,3.0,6.0,10.8200697726309,106.70402158704,3.0,18.827244701348747,16.235786892588425,1017.2,1,0,0,0,0,0,13.930220361551154,76.16397955171058,23.835037357451828,0.0,0.0,6.0,4.910714595904946,0.0,0.0,1.0,0.0,0.0,7.35
60.0,3.0,6.0,10.7968343811247,106.683101833517,2.0,18.63592086332186,18.83383064658232,46.4,1,0,0,0,0,0,25.885724961203408,0.0,0.0,0.0,99.97844827586208,5.0,3.038409845936732,1.0,0.0,0.0,1.0,0.0,11.8
64.0,2.0,13.8,10.7895700891438,106.702488049862,3.0,53.75818181817839,48.487230363696476,3142.1,0,0,0,0,0,1,20.088667961923438,45.79039495878553,0.0,54.2083320072563,0.0,3.0,1.5165233781327463,0.0,0.0,1.0,0.0,0.0,18.7
258.0,4.0,40.0,10.7971893155641,106.681160981125,3.0,18.63592086332186,15.923197269929185,1229.4,0,0,0,0,0,0,21.485572441587628,96.2819261428339,0.0,0.0,3.7164470473401656,26.0,3.2085596125520675,0.0,0.0,0.0,1.0,0.0,78.0
57.0,5.0,6.0,10.7827445377228,106.609139648536,2.0,10.737500000006847,11.523850027712317,7116.1,1,0,0,0,0,0,17.250306900204997,23.991090625483057,32.05028035019182,43.44275656609659,0.5165750902882196,10.0,10.07304825394854,0.0,0.0,0.0,0.0,1.0,6.5
642.0,3.0,29.0,10.7248125,106.66439,0.0,13.123347608580726,20.341033665775136,9534.8,0,0,0,0,0,1,22.10413068261712,83.6531442715107,0.0,0.0,16.346645970549986,10.0,6.962698481148092,0.0,0.0,0.0,1.0,0.0,74.3
233.0,4.0,8.0,10.8029629822772,106.630510504554,3.0,14.87073929990493,14.237298722437757,319.8,1,1,0,0,0,0,18.057974719109087,27.288930581613503,0.0,0.0,72.71419637273296,13.0,8.272826463050386,0.0,0.0,0.0,1.0,0.0,25.0
90.0,4.0,10.0,10.8077960471417,106.703158094734,3.0,18.827244701348747,20.454141465138118,1193.6,1,0,0,0,0,0,15.076317258595626,85.56216487935657,0.436494638069705,0.0,14.003853887399464,8.0,3.5426987431504604,0.0,0.0,0.0,1.0,0.0,17.5
84.0,3.0,8.0,10.8014201790948,106.652622556902,0.0,14.87073929990493,12.804496961724974,8145.4,1,1,0,0,0,0,20.25050569105691,11.22105728386574,0.0,0.0,2.3954624696147517,7.0,6.002367139092896,0.0,0.0,0.0,1.0,0.0,10.0
118.0,4.0,13.6,10.7709608924497,106.690877434935,0.0,53.75818181817839,80.81249751703449,2328.2,0,1,0,0,0,1,24.269797544088476,5.05154196374882,94.39481144231596,0.5514990121123615,0.0,40.0,1.2493581007853034,0.0,0.0,0.0,1.0,0.0,34.0
126.0,4.0,15.1,10.7567200633377,106.585862842009,3.0,10.737500000006847,13.482984203694478,3414.8,0,1,0,1,0,1,13.472608342303552,2.6467143024481663,5.772812463394635,0.0,91.58047323415718,11.0,12.76947453099108,0.0,0.0,0.0,1.0,0.0,5.65
34.0,4.0,2.0,10.819990901855,106.704257101226,3.0,18.827244701348747,16.235786892588425,11107.4,0,1,0,0,0,0,13.930220361551154,17.723229558672596,0.0,82.27704053153754,0.0,7.0,4.903704955118606,0.0,0.0,0.0,1.0,0.0,6.1
55.0,4.0,7.0,10.8458730995331,106.718743709494,3.0,15.48107692307722,17.78611714762465,,0,0,0,0,0,0,15.155664323925304,,,,,8.0,8.004952262967453,0.0,0.0,0.0,0.0,1.0,8.0
48.0,5.0,6.0,10.7402257356873,106.700869984925,3.0,17.789285714285825,34.311080856230646,498563.61,1,1,0,0,0,0,22.174529617989272,95.4990898754123,0.0,0.1154456499542756,4.385462468871324,10.0,3.977996053960851,0.0,0.0,1.0,0.0,0.0,9.5
91.0,4.0,8.0,10.8135692739215,106.6897750333,3.0,18.827244701348747,16.924787565129154,916.7,0,1,0,0,0,0,17.40171754184511,96.53867132104288,0.0,0.0,3.462419548380059,9.0,4.356807160788208,0.0,0.0,1.0,0.0,0.0,16.99
60.0,4.0,8.0,10.815287355784,106.707756718628,3.0,18.827244701348747,20.47473566303819,5160.8,1,1,1,1,0,0,13.930220361551154,75.39218725778949,0.0,3.268291737715083,21.339133467679428,10.0,4.428649221162328,0.0,0.0,0.0,0.0,1.0,11.2
23.0,3.0,3.0,10.7617609182092,106.678590950222,1.0,29.82381843840417,18.093318479606467,88.2,0,0,0,0,0,1,17.376381907262566,2.3015873015873014,93.95691609977324,0.0,3.7301587301587302,4.0,2.924490631309358,0.0,0.0,0.0,1.0,0.0,4.98
42.0,3.0,4.0,10.7307375681185,106.732029207051,0.0,17.789285714285825,8.648767860862735,1380.8,0,1,1,0,0,0,8.354727166160457,92.84400347624566,0.0,0.0,7.157444959443801,6.0,6.06190958936495,0.0,0.0,1.0,0.0,0.0,5.79
41.0,3.0,5.0,10.7957132251962,106.621994311236,0.0,14.87073929990493,9.35870800879073,2259.6,0,1,0,0,0,0,15.331358342303552,78.15144273322713,4.605239865462915,0.0,17.24243228890069,6.0,8.914456588558618,0.0,0.0,0.0,1.0,0.0,6.6
56.0,5.0,8.0,10.865471604094,106.68678717587,0.0,8.826587030733174,8.427513172672999,4440.6,1,1,1,0,0,0,17.039664453189104,10.782326712606404,0.0,0.0,89.21857406656758,10.0,10.0708506735428,0.0,0.0,0.0,1.0,0.0,6.7
184.0,6.0,6.0,10.8552604697593,106.615455435392,0.0,8.826587030733174,14.285467555474675,,0,1,1,0,0,0,20.25050569105691,,,,,23.0,12.852003066271177,0.0,1.0,0.0,1.0,0.0,10.7
75.0,2.0,3.0,10.7079495241814,106.73460231969,0.0,17.789285714285825,18.28632481919144,1589.2,0,0,0,0,0,0,8.354727166160457,0.0,0.0,0.0,100.0,4.0,8.405542380475064,0.0,0.0,1.0,0.0,0.0,4.39
60.0,1.0,6.0,10.88642757444,106.768277775396,0.0,15.48107692307722,14.196219758981544,,0,0,0,0,0,0,17.02299287958239,,,,,2.0,14.303895411836235,0.0,0.0,0.0,1.0,0.0,4.3
80.0,3.0,3.0,10.7952663752576,106.67734074568,3.0,18.63592086332186,15.923197269929185,265.1,1,0,0,0,0,0,18.88858355251217,21.116559788758956,78.89098453413806,0.0,0.0,9.0,3.365234657015862,0.0,0.0,0.0,1.0,0.0,11.9
37.0,4.0,7.3,10.7760208179009,106.663290444782,0.0,24.737282299672927,15.61262632367065,1902.0,1,0,0,0,0,1,16.95010834230355,99.9758149316509,0.0,0.0,0.0,9.0,4.130092365798424,0.0,1.0,0.0,0.0,1.0,10.0
200.0,3.0,17.8,10.7502265343484,106.619291300444,3.0,10.737500000006847,19.36213730687916,186.0,0,1,1,1,0,1,20.25050569105691,0.5752688172043011,0.0,0.0,99.4032258064516,11.0,9.384961874532324,0.0,0.0,0.0,0.0,1.0,35.0
50.0,4.0,6.0,10.684715375501,106.749903162202,0.0,8.131668552257471,7.431275025157785,,0,1,1,0,0,0,11.761918800261277,,,,,9.0,11.465521185846686,0.0,0.0,0.0,0.0,1.0,7.55
95.0,3.0,5.0,10.764640163967105,106.69220041593972,3.0,53.75818181817839,59.25648860397285,4134.4,1,1,0,0,0,0,23.034008815381647,98.1528154024768,1.846700851393189,0.0,0.0,8.0,1.5939419901479968,0.0,0.0,0.0,1.0,0.0,23.0
72.0,4.0,25.0,10.74527,106.6266,3.0,12.006306645336863,16.924787565129154,10357.3,1,0,1,0,0,0,18.147843146474766,8.918250895503656,91.0813629034594,0.0,0.0,9.0,8.826597687911443,0.0,0.0,0.0,0.0,1.0,15.0
54.0,2.0,6.666666666666666,10.7584100475562,106.612412443057,2.0,10.737500000006847,19.36213730687916,2731.0,1,1,1,1,0,1,13.472608342303552,86.95056755767118,0.0,0.0,13.048333943610398,4.0,9.88345461794712,0.0,0.0,0.0,0.0,1.0,4.2
51.0,3.0,5.0,10.835352409956,106.754522927994,2.0,15.48107692307722,15.706358342303552,,1,1,0,0,0,0,18.06394396884742,,,,,7.0,8.809280171172778,0.0,0.0,0.0,0.0,1.0,7.3
50.0,5.0,6.0,10.8194763826016,106.70290746191,0.0,18.827244701348747,16.235786892588425,227.2,0,1,1,0,0,0,13.941385937429175,35.47975352112676,0.0,0.0,64.50264084507043,18.0,4.838382593439174,0.0,0.0,0.0,0.0,1.0,11.5
52.0,2.0,5.0,10.7749751869261,106.76487352699,0.0,15.48107692307722,32.180605395627865,,1,0,0,0,0,0,18.26879785280932,,,,,5.0,6.967186164080005,0.0,0.0,0.0,1.0,0.0,6.95
59.0,2.0,4.5,10.8002051969484,106.690808389803,3.0,18.63592086332186,15.288713651298618,609.5,1,0,0,0,0,1,19.5012876430688,35.2518457752256,0.0,0.0,63.627563576702215,6.0,2.9168231929867683,0.0,0.0,0.0,1.0,0.0,7.55
332.0,2.0,9.8,10.7830955759734,106.626810081253,3.0,14.87073929990493,12.804496961724974,104.0,0,0,0,0,0,1,19.708026665344153,7.64423076923077,0.0,0.0,92.375,10.0,8.153160715374993,0.0,0.0,0.0,1.0,0.0,50.0
74.0,3.0,8.0,10.8292718698448,106.614349281084,0.0,8.826587030733174,15.780638971822933,2488.8,1,0,0,0,0,1,20.25050569105691,18.60173577627772,0.0,0.0,81.40027322404372,9.0,11.174515412135264,0.0,0.0,0.0,1.0,0.0,5.8
100.0,4.0,12.0,10.8305125293338,106.705690002389,0.0,18.827244701348747,16.235786892588425,36014.6,0,0,0,0,1,0,19.425983461480996,12.228623946954848,87.7714871191128,0.0,0.0,9.0,6.082213881835513,0.0,0.0,0.0,0.0,1.0,13.5
81.0,4.0,7.200000000000001,10.6927808822516,106.740896502079,0.0,8.131668552257471,7.431275025157785,3078.9,1,0,0,0,0,1,11.761918800261277,90.07047971678196,0.0,0.0,9.929195491896458,9.0,10.224033307552036,0.0,0.0,0.0,0.0,1.0,7.9
118.0,4.0,8.0,10.7958551888778,106.631955834992,0.0,14.87073929990493,14.237298722437757,7313.4,0,1,1,0,1,0,20.25050569105691,28.1447753438893,48.257992178740395,0.0,23.596412065523563,11.0,7.868728183296475,0.0,0.0,0.0,0.0,1.0,15.4
90.0,2.0,4.0,10.8060617403113,106.711920860371,2.0,18.827244701348747,23.596282954466844,443.3,1,0,0,0,0,0,20.263535304628697,27.633656665914728,0.0,0.0,72.36408752537785,10.0,3.545522590123973,0.0,0.0,0.0,1.0,0.0,9.49
39.0,4.0,4.7,10.7938335612695,106.683133670027,3.0,18.63592086332186,15.081788755498186,76.4,0,0,0,0,0,1,20.25050569105691,0.0,0.0,54.63350785340314,45.353403141361255,15.0,2.7899125930897917,0.0,0.0,0.0,0.0,1.0,12.0
85.0,2.0,10.0,10.8448459506766,106.678392237318,3.0,11.098013468022373,20.339947871608835,580.5,0,1,0,0,0,0,19.222790783577807,76.89577950043066,0.0,0.0,23.104220499569337,4.0,8.047062206208903,0.0,0.0,0.0,0.0,1.0,9.5
115.0,4.0,12.0,10.8332248429313,106.727326138581,0.0,15.48107692307722,14.40074884671146,,0,0,0,0,0,0,20.25050569105691,,,,,9.0,6.978154822072569,0.0,0.0,0.0,1.0,0.0,17.6
42.0,2.0,4.0,10.7899933418536,106.686513461941,2.0,54.46617152529408,106.67729565230768,91.5,1,0,0,0,0,0,20.25050569105691,32.721311475409834,1.7814207650273222,0.0,65.46448087431695,4.0,2.2270467562061067,0.0,0.0,0.0,1.0,0.0,5.8
81.0,1.0,4.0,10.8389094697383,106.669351275404,2.0,11.098013468022373,9.674953215540254,1610.1,1,1,0,0,0,0,18.071304865753525,14.454381715421402,85.54313396683436,0.0,0.0,16.0,7.807548817093479,0.0,0.0,0.0,1.0,0.0,7.5
45.0,2.0,7.0,10.7324391057387,106.616150387862,3.0,10.737500000006847,13.181777405603473,211.5,1,1,1,1,0,0,20.25050569105691,18.95981087470449,0.0,0.0,81.02127659574468,3.0,10.46811757427373,0.0,0.0,0.0,1.0,0.0,4.6
56.0,3.0,6.0,10.7220604534774,106.59946186468,0.0,13.123347608580726,18.512589513095122,411.7,0,0,0,0,0,0,20.25050569105691,0.0,0.0,0.0,100.0,4.0,12.619739647213358,0.0,0.0,0.0,1.0,0.0,5.19
53.0,2.0,3.0,10.7465622887178,106.688979279583,3.0,9.364834955468142,20.918551142754602,59.9,1,0,1,0,0,0,18.024373561592082,27.9465776293823,0.0,0.0,72.07011686143574,4.0,3.530975341312582,0.0,0.0,0.0,1.0,0.0,6.1
68.0,3.0,10.0,10.72302236599068,106.61718120798469,0.0,10.737500000006847,13.181777405603473,5353.1,0,0,1,0,0,0,16.67274773320998,51.60374362518914,0.0,0.0,48.396629990099186,6.0,10.897104175048083,0.0,0.0,0.0,1.0,0.0,7.29
55.0,4.0,6.0,10.7646996157519,106.618881953938,2.0,10.737500000006847,8.135783941420566,52.9,1,0,0,0,0,0,16.67966297460757,19.319470699432895,0.0,0.0,80.62381852551985,6.0,9.068655671283093,0.0,0.0,0.0,1.0,0.0,5.9
94.0,5.0,6.0,10.7744600497742,106.664306801221,2.0,24.737282299672927,15.61262632367065,1543.0,1,0,0,0,0,0,19.759740783443462,72.7699287103046,0.0,0.0,27.224886584575504,18.0,4.022727490132951,0.0,0.0,1.0,0.0,0.0,25.0
65.0,2.0,5.9,10.7970540624226,106.69256470218,3.0,18.827244701348747,15.13100312673361,16341.1,1,0,0,0,0,1,17.184474827935027,67.5368855217825,12.386253067418965,0.0,15.01991909969341,6.0,2.5199165360322384,0.0,0.0,0.0,0.0,1.0,7.65
72.0,1.0,16.0,10.7793661081817,106.622873621992,3.0,14.87073929990493,17.499103454001883,116.0,0,0,0,0,0,0,20.25050569105691,1.5862068965517242,0.0,0.0,98.39655172413792,3.0,8.553132069622457,0.0,0.0,0.0,1.0,0.0,10.95
180.0,7.0,23.7,10.8439948721345,106.711869986725,3.0,15.48107692307722,17.78611714762465,,0,0,0,0,0,1,23.367189811728526,,,,,14.0,7.65164526370413,0.0,0.0,0.0,0.0,1.0,48.0
90.0,2.0,6.0,10.8211235961495,106.635652761437,3.0,19.38917355371901,15.923197269929185,1252.4,1,1,0,0,1,0,18.891140957318,13.940434366017248,0.0,0.0,86.05876716703928,10.0,8.733668640207275,0.0,0.0,0.0,1.0,0.0,7.0
40.0,5.0,10.0,10.7599160424071,106.645976222599,3.0,13.32081849341783,23.820911987062647,57.1,0,1,1,1,0,0,20.25050569105691,7.390542907180385,0.0,0.0,92.57443082311734,9.0,6.281536640512265,0.0,1.0,0.0,0.0,1.0,8.7
90.0,3.0,12.0,10.8307278704476,106.705825780617,2.0,18.827244701348747,16.235786892588425,36014.6,1,1,1,0,0,0,19.425983461480996,12.228623946954848,87.7714871191128,0.0,0.0,11.0,6.107313065342215,0.0,0.0,0.0,1.0,0.0,15.0
21.0,3.0,2.0,10.7571456914703,106.713430243525,3.0,12.968707708226514,9.674953215540254,63.1,0,1,1,0,0,0,17.88136985175628,20.570522979397783,0.0,0.0,79.44532488114105,4.0,2.491893552885695,0.0,0.0,0.0,0.0,1.0,3.55
75.0,3.0,11.5,10.7955406168361,106.792527380043,0.0,19.053737403258268,23.42179327737413,,0,0,0,0,0,1,18.57448268224521,,,,,8.0,10.22030017049505,0.0,0.0,1.0,0.0,0.0,8.0
77.0,5.0,6.0,10.8135691458309,106.689844398532,3.0,18.827244701348747,16.924787565129154,1011.6,1,0,0,0,0,0,17.40171754184511,76.50454725187821,0.0,0.0,23.49248714907078,17.0,4.354648398337278,0.0,0.0,0.0,1.0,0.0,9.3
207.0,4.0,16.0,10.8303948466912,106.702454378217,0.0,18.827244701348747,16.235786892588425,3768.9,0,0,0,0,0,0,19.23866524947719,99.69487118257317,0.0,0.0,0.3051288174268354,10.0,6.0502397434788096,0.0,0.0,0.0,0.0,1.0,29.9
90.0,4.0,14.0,10.8077279894387,106.787458697579,0.0,15.48107692307722,20.177656837434043,,0,0,0,0,0,0,20.87381731865282,,,,,10.0,10.070984167772348,0.0,0.0,0.0,1.0,0.0,13.5
64.0,4.0,10.0,10.6843627620128,106.750404595503,0.0,8.131668552257471,7.431275025157785,,0,1,1,0,0,0,11.761918800261277,,,,,9.0,11.525748875818632,0.0,0.0,0.0,0.0,1.0,7.68
36.0,3.0,6.0,10.8249780315671,106.688238891375,1.0,11.098013468022373,15.149860937399001,1852.8,0,1,1,0,0,1,20.25050569105691,9.892055267702936,89.75118739205527,0.0,0.3562176165803108,6.0,5.624361389712281,0.0,0.0,0.0,1.0,0.0,5.5
59.0,2.0,6.0,10.7976157016747,106.696110607234,2.0,18.827244701348747,15.13100312673361,1791.3,1,0,0,0,0,0,18.746215486842598,80.36509797353877,7.0032936973148,0.0,12.629933567799922,5.0,2.4645688488561035,0.0,0.0,1.0,0.0,0.0,9.45
50.0,4.0,4.0,10.6927158192011,106.740649633862,3.0,8.131668552257471,7.431275025157785,408.7,1,0,1,0,0,1,8.354727166160457,56.650354783459754,0.0,0.0,43.3594323464644,7.0,10.219149462570764,0.0,0.0,0.0,0.0,1.0,6.35
215.0,1.0,10.0,10.7478765678259,106.540521978824,3.0,13.123347608580726,18.374085658736885,,0,0,0,0,0,0,20.25050569105691,,,,,21.0,17.817978263366157,0.0,0.0,1.0,0.0,0.0,6.2
55.0,4.0,7.333333333333333,10.791546842685,106.671417212366,3.0,18.63592086332186,16.235786892588425,78.1,0,1,1,0,0,1,13.842079023496492,2.9449423815621,0.0,0.0,97.00384122919336,8.0,3.674362517782408,0.0,0.0,1.0,0.0,0.0,9.0
60.0,5.0,4.0,10.8429194026901,106.642982627354,0.0,11.098013468022373,15.61262632367065,260.3,0,0,0,0,0,0,10.107421869117639,0.0,0.0,0.0,100.0,7.0,9.780752254006252,0.0,0.0,0.0,0.0,1.0,8.15
97.0,3.0,8.0,10.7980112377975,106.59189494797,2.0,10.737500000006847,13.71334205498395,239.2,1,1,1,0,0,0,17.356189685781594,0.0,100.0,0.0,0.0,8.0,12.176986314472549,0.0,0.0,0.0,0.0,1.0,6.5
40.0,3.0,3.0,10.7941548539159,106.689752647075,0.0,53.75818181817839,34.07029975082686,266.6,0,0,0,0,0,0,20.25050569105691,2.584396099024756,0.0,0.0,97.4118529632408,5.0,2.368875798847499,0.0,0.0,1.0,0.0,0.0,9.5
59.0,1.0,5.4,10.779788591798,106.667771563574,3.0,24.737282299672927,16.235786892588425,42832.0,1,0,0,0,0,1,16.95010834230355,8.418588905491221,91.34313130369816,0.0,0.2376260739633918,8.0,3.664870935493757,0.0,0.0,0.0,1.0,0.0,10.0
65.0,6.0,15.0,10.7891318722611,106.674892056138,0.0,54.46617152529408,20.454141465138118,251.5,0,0,1,0,0,1,24.641850909075103,11.40755467196819,0.0,0.0,88.60039761431412,12.0,3.2136344403194927,0.0,0.0,0.0,0.0,1.0,9.5
234.0,1.0,20.0,10.8649383090981,106.63420951161,3.0,8.826587030733174,9.23912502081522,4169.2,0,0,0,0,0,0,18.520635477981624,50.40391442003263,0.0,0.0,45.83996929866641,3.0,12.295297478966276,0.0,0.0,0.0,1.0,0.0,24.5
28.0,4.0,4.0,10.8159323148684,106.695206156219,0.0,18.827244701348747,16.924787565129154,736.3,1,1,1,0,0,0,14.324407498016885,93.2106478337634,0.0,0.0,6.787994024174929,6.0,4.486695824674852,0.0,0.0,0.0,1.0,0.0,4.55
123.0,2.0,3.0,10.7648544553244,106.616571812654,0.0,10.737500000006847,8.135783941420566,76.1,0,0,0,0,0,0,20.25050569105691,85.91327201051249,0.0,14.02102496714849,0.0,8.0,9.316329656828875,0.0,0.0,0.0,0.0,1.0,7.9
266.0,8.0,23.5,10.7949978997779,106.687671013053,3.0,18.63592086332186,20.918551142754602,,0,0,0,0,0,1,21.04502912786141,,,,,5.0,2.5718083759059223,0.0,0.0,0.0,1.0,0.0,65.0
67.0,2.0,5.516666666666667,10.8529563493308,106.76158386503,0.0,15.48107692307722,17.056969241416212,,1,1,1,0,0,1,17.02299287958239,,,,,5.0,10.810404419232864,0.0,0.0,0.0,1.0,0.0,4.9
96.0,3.0,8.0,10.7658992025614,106.667689782921,2.0,24.737282299672927,24.56391683041859,111.0,1,0,0,1,0,0,20.25050569105691,10.72072072072072,0.0,0.0,89.58558558558558,10.0,3.818511410813757,0.0,0.0,0.0,1.0,0.0,19.5
55.0,2.0,5.0,10.7405960787303,106.735888253896,3.0,17.789285714285825,8.648767860862735,263.5,1,1,1,0,0,0,13.834634373598146,63.297912713472485,0.0,0.0,36.686907020872866,5.0,5.471751769537751,0.0,0.0,0.0,0.0,1.0,5.5
44.0,4.0,11.0,10.7968372968183,106.683207117876,2.0,18.63592086332186,18.83383064658232,50.6,1,0,0,0,0,1,25.885724961203408,0.0,0.0,0.0,100.0,8.0,3.031229323527466,0.0,0.0,0.0,0.0,1.0,7.35
33.0,4.0,8.0,10.7437394256376,106.684241706152,3.0,9.364834955468142,15.13100312673361,2232.8,1,0,1,0,0,0,16.644438696094667,79.87594052310999,0.0,0.0,20.12271587244715,6.0,4.032316614075541,0.0,0.0,0.0,0.0,1.0,5.8
80.0,1.0,6.8,10.8459018729703,106.664538541827,3.0,11.098013468022373,9.674953215540254,190.8,1,0,0,0,0,1,18.21396773749808,27.982180293501045,0.0,0.0,71.99685534591195,9.0,8.738522339349162,0.0,0.0,0.0,1.0,0.0,6.5
64.0,5.0,12.0,10.7664156644057,106.659266324182,1.0,24.737282299672927,15.61262632367065,5616.6,1,0,0,0,0,0,23.072180951086057,99.46960794786882,0.5296798775059645,0.0,0.0,9.0,4.692362254946511,0.0,0.0,0.0,0.0,1.0,19.5
68.0,4.0,8.0,10.7863398702724,106.646157162844,3.0,19.38917355371901,14.561953480312356,49.7,1,1,1,1,0,0,19.11407196751205,0.0,0.0,0.0,99.93963782696176,8.0,6.110665334273358,0.0,0.0,1.0,0.0,0.0,10.0
56.0,4.0,5.0,10.8354324270323,106.754046866907,0.0,15.48107692307722,15.706358342303552,,0,0,0,0,0,0,18.06394396884742,,,,,9.0,8.781618586751987,0.0,0.0,0.0,1.0,0.0,7.35
247.0,2.0,6.0,10.8054816400508,106.641292194939,3.0,19.38917355371901,16.235786892588425,80.3,1,1,0,0,0,0,17.16889699849127,2.8891656288916563,0.0,0.0,97.12328767123287,4.0,7.309118719243336,0.0,0.0,0.0,1.0,0.0,22.0
24.0,3.0,4.0,10.7978720475118,106.705100008854,0.0,18.827244701348747,15.081788755498186,3425.9,1,0,1,0,0,1,19.911470140858842,64.69774365860066,33.41837181470563,0.0,1.883300738492075,6.0,2.47099567808596,0.0,0.0,0.0,0.0,1.0,5.15
43.0,2.0,3.0,10.8197188466803,106.6746578155,0.0,11.098013468022373,15.13100312673361,329.6,1,0,0,1,0,0,18.06394396884742,25.391383495145632,0.0,0.0,71.11953883495144,5.0,5.654550655805713,1.0,0.0,0.0,1.0,0.0,6.4
55.0,5.0,3.0,10.7734401291095,106.698188626722,0.0,53.75818181817839,80.81249751703449,3448.8,0,1,0,0,0,0,39.729986027272446,97.10797958710276,0.0,2.8934701925307356,0.0,19.0,0.4268031235420753,0.0,0.0,0.0,0.0,1.0,28.7
196.0,4.0,10.0,10.8907238688944,106.73158429563,3.0,15.48107692307722,16.424313862581496,,0,0,0,0,0,0,20.25050569105691,,,,,3.0,13.184000091439694,0.0,0.0,0.0,1.0,0.0,7.9
73.0,5.0,16.0,10.7840297693168,106.651248512219,3.0,19.38917355371901,23.820911987062647,43.6,0,1,0,0,0,0,9.90181956943871,13.027522935779814,0.0,0.0,86.90366972477064,8.0,5.51812386353128,0.0,0.0,0.0,1.0,0.0,19.5
27.0,2.0,4.0,10.7574982128605,106.689340962897,2.0,53.75818181817839,26.429608342303553,35.9,1,0,0,0,0,0,37.54099080615944,19.38718662952646,0.0,0.0,80.55710306406687,4.0,2.425389236339287,0.0,0.0,0.0,1.0,0.0,5.5
40.0,2.0,6.0,10.8046762703301,106.639385284879,3.0,19.38917355371901,16.235786892588425,104.9,1,0,1,1,0,0,20.25050569105691,18.112488083889417,0.0,0.0,81.87797902764538,4.0,7.457143665410371,0.0,0.0,1.0,0.0,0.0,6.99
32.0,3.0,4.0,10.7724952973709,106.684645118088,2.0,54.46617152529408,18.093318479606467,73.8,1,0,0,0,0,0,35.13373860631083,0.0,0.0,100.0,0.0,4.0,1.8392052927354725,0.0,0.0,0.0,0.0,1.0,8.9
72.0,4.0,14.0,10.7920358207835,106.674827491171,3.0,18.63592086332186,16.924787565129154,49.0,0,0,0,0,0,1,43.77795732213526,0.0,0.0,0.0,99.93877551020408,9.0,3.3786197150885036,0.0,0.0,0.0,1.0,0.0,16.8
69.0,4.0,8.206666666666667,10.7937516922653,106.674695021778,3.0,18.63592086332186,16.924787565129154,1499.4,1,0,0,0,0,1,19.890851850482022,66.51593970921701,0.0,0.0,33.480725623582764,9.0,3.495011379499954,0.0,0.0,0.0,0.0,1.0,16.9
98.0,6.0,15.0,10.7942521037229,106.689419411487,3.0,53.75818181817839,34.07029975082686,2997.5,0,0,0,0,0,0,20.25050569105691,83.82985821517931,16.169140950792325,0.0,0.0,26.0,2.397270695587378,0.0,0.0,0.0,0.0,1.0,59.0
83.0,4.0,4.0,10.7926465226251,106.623824631626,2.0,14.87073929990493,9.35870800879073,1749.8,1,0,0,0,0,0,17.7630098784105,79.62795748085495,0.0,0.0,20.37032803749,9.0,8.64144202370818,1.0,0.0,0.0,1.0,0.0,7.48
73.0,4.0,8.5,10.7501398541568,106.632039995294,0.0,12.006306645336863,20.454141465138118,50.6,1,1,1,1,0,1,20.25050569105691,24.387351778656125,0.0,0.0,75.69169960474308,9.0,8.07347389395564,1.0,0.0,0.0,1.0,0.0,10.5
86.0,2.0,5.0,10.8178027013541,106.69339102247,3.0,18.827244701348747,16.924787565129154,872.3,1,0,0,0,0,0,28.579744739094878,86.3728075203485,0.0,0.0,13.62489969047346,6.0,4.7238985613667115,0.0,0.0,0.0,1.0,0.0,10.0
155.0,1.0,4.0,10.806485787085908,106.7119156957061,3.0,18.827244701348747,23.596282954466844,958.5,0,0,0,0,0,0,20.263535304628697,86.55607720396452,0.4934793948878456,0.0,12.946270213875849,2.0,3.5898257262554862,0.0,0.0,0.0,1.0,0.0,15.0
159.0,5.0,30.0,10.7779617816849,106.746665164864,3.0,38.647438220481845,23.346267146280812,,0,0,1,0,1,0,38.40280152808539,,,,,27.0,4.982030467690141,0.0,1.0,0.0,0.0,1.0,95.0
165.0,3.0,20.0,10.806091,106.78285,3.0,19.053737403258268,20.177656837434043,,0,0,0,0,0,0,19.567814035091047,,,,,21.0,9.535741900633376,0.0,0.0,0.0,1.0,0.0,35.0
51.0,5.0,15.4,10.7747892568712,106.664531276782,2.0,24.737282299672927,15.61262632367065,106.0,1,0,0,0,0,1,19.759740783443462,27.716981132075468,0.0,0.0,71.9433962264151,6.0,3.996826800642148,0.0,0.0,0.0,1.0,0.0,12.8
60.0,2.0,4.0,10.7941687018047,106.70540424859,0.0,18.827244701348747,15.081788755498186,306.4,0,0,0,0,0,1,17.845103564658686,49.990208877284594,0.0,0.0,50.022845953002616,7.0,2.0742535264398674,0.0,0.0,1.0,0.0,0.0,6.55
167.0,5.0,8.0,10.7824284781168,106.6089743714,3.0,10.737500000006847,11.523850027712317,49.1,0,0,0,0,0,0,20.25050569105691,0.0,0.0,0.0,100.0,34.0,10.088506189051367,0.0,0.0,0.0,0.0,1.0,16.0
144.0,7.0,29.5,10.7694438886114,106.690455631328,3.0,53.75818181817839,80.81249751703449,2975.7,0,0,1,0,1,1,72.86150756189254,98.55697819000572,0.1337500420069227,1.3092717679873644,0.0,24.0,1.372375882606151,0.0,1.0,0.0,1.0,0.0,100.0
40.0,2.0,7.0,10.7898282072259,106.690027594787,0.0,53.75818181817839,34.07029975082686,3273.4,0,0,0,0,0,1,33.00107166459517,30.517199242377956,69.48432822142115,0.0,0.0,5.0,1.9562922706907648,0.0,0.0,0.0,0.0,1.0,9.9
510.0,11.0,28.0,10.7587056575668,106.680013897454,3.0,29.82381843840417,15.13100312673361,46.3,0,0,0,0,0,1,19.567814035091047,0.0,0.0,0.0,100.0,10.0,3.000614423009477,0.0,1.0,0.0,1.0,0.0,150.0
51.0,1.0,15.0,10.84372960870643,106.84594004338132,0.0,19.053737403258268,25.613782122221185,,0,0,0,0,0,0,19.567814035091047,,,,,2.0,17.52087982905656,0.0,1.0,1.0,0.0,0.0,6.8
50.0,2.0,2.666666666666667,10.6847544690029,106.75017370631,3.0,8.131668552257471,7.431275025157785,,1,0,0,0,0,1,8.354727166160457,,,,,5.0,11.475452105926731,0.0,0.0,0.0,1.0,0.0,4.95
80.0,3.0,7.0,10.7960321500411,106.626498678071,0.0,14.87073929990493,14.237298722437757,80.4,0,0,0,0,0,1,15.331358342303552,0.0,0.0,0.0,99.86318407960198,9.0,8.447693389948004,0.0,1.0,0.0,1.0,0.0,7.9
66.0,2.0,5.0,10.808295151105,106.687787361418,0.0,18.827244701348747,20.339947871608835,374.8,0,0,0,0,0,0,24.873898992866078,8.575240128068302,0.0,0.0,91.42209178228389,7.0,3.874292523988864,0.0,0.0,1.0,0.0,0.0,10.45
85.0,1.0,6.0,10.6751312886105,106.698475439082,2.0,8.131668552257471,11.187905093453665,1669.5,1,0,0,0,0,0,8.502652923904137,77.08655286013777,10.598382749326143,0.0,12.314465408805033,2.0,11.219753611654973,0.0,0.0,0.0,1.0,0.0,4.05
53.0,5.0,4.6,10.7919139112178,106.691478952354,3.0,53.75818181817839,34.07029975082686,1111.1,0,0,0,0,0,1,25.9063569677296,94.61254612546126,0.0,0.0,5.391953919539196,7.0,2.0580873021703723,1.0,0.0,0.0,1.0,0.0,22.9
102.0,4.0,8.0,10.7962821653159,106.608722087168,0.0,10.737500000006847,10.067829993435623,1805.0,0,1,0,0,0,0,14.230094570897254,89.3202216066482,0.0,0.0,10.677562326869804,16.0,10.339437277925596,0.0,0.0,0.0,0.0,1.0,9.5
50.0,4.0,5.0,10.7863108226601,106.758275249009,0.0,38.647438220481845,23.346267146280812,,0,0,0,0,0,0,17.400949483778184,,,,,10.0,6.349743385808853,0.0,0.0,0.0,1.0,0.0,7.99
80.0,5.0,16.0,10.7396562220198,106.678213511616,3.0,9.364834955468142,18.093318479606467,7591.1,0,0,0,0,0,0,18.937461252786104,94.01259369524838,5.312800516394198,0.0,0.6742105887157328,10.0,4.752086564258934,0.0,0.0,0.0,1.0,0.0,13.0
47.0,4.0,8.333333333333332,10.793858046038,106.668502749181,3.0,19.38917355371901,18.83383064658232,73.8,1,0,0,0,0,1,24.641850909075103,0.0,0.0,0.0,100.0,9.0,4.076904482609154,0.0,1.0,0.0,1.0,0.0,9.6
51.0,4.0,8.0,10.7649341184246,106.616029521294,2.0,10.737500000006847,8.135783941420566,764.5,1,0,0,0,0,0,19.567814035091047,47.42838456507521,0.0,0.0,52.57684761281883,7.0,9.373876174542827,0.0,0.0,0.0,0.0,1.0,5.0
80.0,3.0,14.0,10.7450143424706,106.610552148378,3.0,10.737500000006847,19.36213730687916,902660.3,0,1,1,1,0,0,18.852521452227894,0.487598712383828,0.0,0.0,0.0,7.0,10.474315767203231,0.0,0.0,1.0,0.0,0.0,12.3
90.0,3.0,8.0,10.804357873049,106.815780270291,0.0,15.48107692307722,12.780266996675284,,0,0,1,0,1,0,30.56532612762346,,,,,8.0,12.917188704034576,0.0,0.0,1.0,0.0,0.0,4.5
38.0,5.0,5.2,10.791776165079,106.671374149198,0.0,18.63592086332186,16.235786892588425,1796.2,1,0,0,0,0,1,13.842079023496492,64.97661730319564,0.0,0.0,35.02449615855696,9.0,3.690565012878325,0.0,0.0,0.0,1.0,0.0,8.95
112.0,2.0,10.8,10.802356318717,106.728966824479,3.0,38.647438220481845,58.28290665694527,,0,0,0,0,0,1,20.25050569105691,,,,,5.0,4.225411621500741,0.0,0.0,0.0,1.0,0.0,31.0
80.0,2.0,8.6,10.85877332217,106.753211282194,0.0,15.48107692307722,16.151929588086617,,1,0,0,0,0,1,17.352177179339265,,,,,6.0,10.821589154939176,0.0,0.0,0.0,1.0,0.0,5.4
49.0,2.0,4.85,10.7806083234068,106.655172351748,0.0,19.38917355371901,23.820911987062647,,0,0,0,0,0,1,23.072180951086057,,,,,6.0,5.042927534953454,0.0,0.0,0.0,0.0,1.0,7.78
64.0,2.0,4.0,10.867650199971,106.63465653933,3.0,8.826587030733174,9.23912502081522,,1,0,1,0,0,0,20.25050569105691,,,,,5.0,12.510720470925689,0.0,0.0,1.0,0.0,0.0,4.8
146.0,9.0,10.0,10.7954237262381,106.658805799215,0.0,19.38917355371901,18.093318479606467,1906.4,0,0,0,0,0,0,20.25050569105691,99.50639949643306,0.0,0.0,0.4946496013428451,53.0,5.0997595786909145,0.0,0.0,0.0,0.0,1.0,80.0
67.0,4.0,7.1,10.8043082726262,106.700329925098,2.0,18.827244701348747,15.61262632367065,82.2,0,0,0,0,0,1,20.25050569105691,1.119221411192214,0.0,0.0,98.89294403892944,19.0,3.148859959605894,0.0,0.0,0.0,0.0,1.0,10.0
156.0,1.0,8.0,10.6751162397564,106.698221147585,0.0,8.131668552257471,11.187905093453665,233.4,1,0,1,0,0,1,20.25050569105691,57.93059125964011,0.0,0.0,42.08654670094259,5.0,11.222170695604976,0.0,0.0,0.0,1.0,0.0,4.992
75.0,3.0,6.0,10.8564938056613,106.614274644703,3.0,8.826587030733174,14.285467555474675,,1,1,0,0,0,0,20.25050569105691,,,,,8.0,13.039904109007947,0.0,0.0,0.0,1.0,0.0,6.5
140.0,4.0,17.0,10.7809047038391,106.675971888078,3.0,54.46617152529408,14.561953480312356,1019.9,0,0,0,0,0,1,14.535280883434632,19.44308265516227,0.0,0.0,80.55593685655457,14.0,2.79848079472625,0.0,1.0,0.0,1.0,0.0,43.0
92.0,9.0,22.5,10.7762906450539,106.70095843254,3.0,53.75818181817839,49.46190076307165,16738.8,0,0,0,0,0,1,39.729986027272446,84.17168494754702,15.34626138074414,0.4822926374650513,0.0,11.0,0.0358274254749386,1.0,0.0,0.0,1.0,0.0,107.0
75.0,2.0,6.0,10.8228202910113,106.6855939149,0.0,11.098013468022373,18.093318479606467,649.9,0,1,0,1,0,0,20.25050569105691,24.740729342975843,0.0,0.0,75.25311586397908,8.0,5.474740676457896,0.0,0.0,0.0,1.0,0.0,7.5
54.0,4.0,7.5,10.790845,106.7107,3.0,18.827244701348747,20.460368357652627,7949.9,0,0,0,0,0,1,22.511366997733134,9.204266720336106,0.0,0.0,90.79510434093513,14.0,1.9556021342062964,0.0,0.0,1.0,0.0,0.0,26.0
61.0,4.0,8.0,10.8457144942265,106.664338873421,3.0,11.098013468022373,9.674953215540254,90.5,0,0,0,0,0,0,20.18206125192249,0.0,0.0,0.0,99.9779005524862,9.0,8.73000376599778,0.0,0.0,0.0,0.0,1.0,8.9
132.0,2.0,9.6,10.8758686047317,106.746064705993,3.0,15.48107692307722,16.424313862581496,,0,1,0,1,0,1,17.750769632832952,,,,,10.0,12.142279965201746,0.0,0.0,1.0,0.0,0.0,7.35
106.0,3.0,10.0,10.7897939454778,106.675224127622,0.0,54.46617152529408,20.454141465138118,481.9,1,0,0,0,0,0,24.641850909075103,3.506951649719859,0.0,0.0,96.49304835028016,11.0,3.2158175749717226,1.0,0.0,0.0,1.0,0.0,27.0
82.0,5.0,14.0,10.8032240865789,106.716219165497,3.0,18.827244701348747,23.596282954466844,183.8,1,0,0,0,0,0,21.692084895986877,0.0,0.0,0.0,99.99455930359083,12.0,3.4483501538925423,0.0,0.0,0.0,0.0,1.0,23.0
62.0,4.0,4.0,10.7745068662153,106.773482222759,3.0,38.647438220481845,16.791900388268562,,0,1,0,0,0,0,19.567814035091047,,,,,14.0,7.908367880362759,0.0,0.0,1.0,0.0,0.0,7.5
72.0,2.0,6.0,10.7872567152836,106.651453144701,2.0,19.38917355371901,16.924787565129154,1349.1,1,1,1,1,0,0,9.90181956943871,85.93729152768513,0.0,14.059743532725522,0.0,4.0,5.565604055744245,0.0,0.0,0.0,1.0,0.0,7.8
76.0,1.0,5.0,10.7790910784417,106.681511898501,2.0,54.46617152529408,24.56391683041859,1361.8,1,0,0,0,0,0,20.45706272875709,0.0,100.0,0.0,0.0,2.0,2.167107893097482,0.0,0.0,0.0,1.0,0.0,22.0
310.0,4.0,13.0,10.7669944696526,106.70005250471,3.0,53.75818181817839,30.724332850013383,756.1,0,0,0,0,0,1,20.25050569105691,97.45800819997356,0.0,2.53934664726888,0.0,41.0,1.007885546460082,0.0,1.0,0.0,1.0,0.0,240.0
48.0,4.0,16.0,10.7693397413442,106.697419907847,0.0,53.75818181817839,30.724332850013383,50.0,0,0,0,0,0,0,20.25050569105691,0.14,0.0,99.88,0.0,7.0,0.8426563830621067,0.0,0.0,0.0,1.0,0.0,40.0
1.08,3.0,30.0,10.8757126979143,106.654771890836,3.0,8.826587030733174,13.805666803246416,2550.4,0,0,0,0,0,0,24.269797544088476,9.29775721455458,0.0,0.0,90.70263488080302,8.0,12.187490569590867,0.0,0.0,0.0,0.0,1.0,77.89
95.0,5.0,50.0,10.7997281736711,106.778774410486,0.0,38.647438220481845,44.55718221916659,,0,1,1,0,0,0,19.567814035091047,,,,,10.0,8.885142669805052,0.0,0.0,0.0,1.0,0.0,31.0
48.0,2.0,6.0,10.7987119735243,106.61347376079,2.0,14.87073929990493,17.8318693459886,40.0,1,1,1,0,0,0,20.25050569105691,0.0,0.0,0.0,99.95,4.0,9.898980674546095,0.0,0.0,1.0,0.0,0.0,5.95
30.0,5.0,5.0,10.8070210871685,106.694780963707,3.0,18.827244701348747,15.288713651298618,724.3,1,0,0,1,0,0,13.941385937429175,5.599889548529616,94.40425238160984,0.0,0.0,6.0,3.5177657374235154,1.0,0.0,0.0,1.0,0.0,7.5
210.0,3.0,12.0,10.7888102483748,106.661435911076,0.0,19.38917355371901,20.454141465138118,72.9,0,0,0,0,0,0,20.30768956947936,39.39643347050754,0.0,0.0,60.576131687242786,69.0,4.560728604210409,0.0,0.0,0.0,0.0,1.0,33.5
40.0,1.0,3.0,10.7890266154185,106.661504412283,3.0,19.38917355371901,15.149860937399001,63.2,0,1,1,1,1,0,14.535280883434632,24.0506329113924,0.0,0.0,75.96518987341771,4.0,4.561202734748303,0.0,0.0,1.0,0.0,0.0,5.65
62.0,3.0,10.0,10.8068257953787,106.64795374765,3.0,19.38917355371901,20.454141465138118,2879.7,0,0,0,0,0,0,24.873898992866078,51.60398652637428,0.0,0.0,48.25919366600688,6.0,6.74150868641428,0.0,0.0,0.0,1.0,0.0,8.9
200.0,2.0,9.3,10.7787921846674,106.705214728529,0.0,53.75818181817839,49.46190076307165,620.6,0,0,0,0,0,1,20.25050569105691,99.85175636480824,0.1482436351917499,0.0,0.0,12.0,0.5462746086528869,0.0,1.0,0.0,1.0,0.0,180.0
47.0,3.0,3.0,10.7792870337532,106.647290509566,3.0,19.38917355371901,14.561953480312356,1466.9,0,0,0,0,0,1,20.25050569105691,89.64482923171313,0.0,0.0,10.35585247801486,8.0,5.889151014198476,0.0,0.0,0.0,1.0,0.0,8.6
38.0,2.0,2.0,10.8004672598747,106.692440178276,2.0,18.63592086332186,15.288713651298618,281.4,1,0,0,0,0,1,20.25050569105691,33.56076759061834,0.0,0.0,39.01918976545842,5.0,2.8803818936358514,0.0,0.0,0.0,0.0,1.0,6.25
44.0,3.0,3.9,10.8248261752874,106.635376954979,2.0,19.38917355371901,15.923197269929185,2208.1,1,1,1,0,1,1,20.25050569105691,30.05615687695304,0.0,0.0,69.9420316108872,6.0,9.000497064755114,1.0,0.0,0.0,0.0,1.0,7.45
64.0,6.0,20.0,10.73245,106.6209,3.0,10.737500000006847,13.181777405603473,868.7,1,1,1,0,1,0,16.67274773320998,89.41867157822033,0.0,0.0,10.579026131000346,10.0,10.010440086310355,0.0,1.0,1.0,0.0,0.0,14.4
42.0,1.0,3.0,10.7262870186681,106.733200829476,0.0,17.789285714285825,30.38692272100736,1889.4,0,0,0,0,0,0,8.354727166160457,70.85000529268551,0.0,0.0,29.14999470731449,3.0,6.546336381578262,0.0,0.0,0.0,1.0,0.0,3.68
58.0,2.0,3.0,10.7516592638375,106.701645646158,0.0,17.789285714285825,17.287883938053668,498563.61,0,0,0,0,0,0,13.55522012715968,95.4990898754123,0.0,0.1154456499542756,4.385462468871324,6.0,2.7072226264989196,0.0,0.0,0.0,1.0,0.0,6.7
80.0,4.0,7.0,10.7940136263827,106.680855399273,2.0,18.63592086332186,15.081788755498186,687.3,1,0,0,0,0,0,13.842079023496492,92.73243125272808,0.0,0.0,7.261748872399243,10.0,2.9836392173016244,1.0,0.0,0.0,1.0,0.0,13.9
66.0,5.0,8.0,10.7662979720848,106.659433764065,2.0,24.737282299672927,15.61262632367065,1785.0,1,0,0,0,0,0,23.072180951086057,86.6201680672269,0.0,0.0,13.36190476190476,12.0,4.677553474119334,0.0,0.0,0.0,0.0,1.0,19.4
70.0,2.0,3.0,10.8076596106869,106.64544511371,3.0,19.38917355371901,16.235786892588425,818.4,1,0,1,1,0,0,20.25050569105691,65.71114369501466,0.0,0.0,34.28763440860215,5.0,7.024846549102448,0.0,0.0,1.0,0.0,0.0,7.8
75.0,3.0,15.0,10.8102198245764,106.790796009378,0.0,19.053737403258268,20.177656837434043,,0,0,0,0,1,0,19.567814035091047,,,,,7.0,10.510267172053677,0.0,0.0,0.0,1.0,0.0,11.5
60.0,2.0,4.0,10.7965175475113,106.706860931447,0.0,18.827244701348747,15.081788755498186,62.8,0,0,0,0,0,0,17.845103564658686,0.0,0.0,0.0,100.0,7.0,2.366639012633851,0.0,0.0,0.0,0.0,0.0,6.5
91.0,4.0,11.390909090909089,10.797319891737,106.681172420156,0.0,18.63592086332186,15.923197269929185,1229.4,0,0,0,0,0,1,21.485572441587628,96.2819261428339,0.0,0.0,3.7164470473401656,9.0,3.2183912313894245,0.0,0.0,0.0,0.0,1.0,11.5
54.0,5.0,4.0,10.7795316028689,106.611946032906,0.0,10.737500000006847,8.135783941420566,81.1,0,1,0,1,1,1,18.455878219881225,4.808877928483354,0.0,0.0,95.20345252774352,11.0,9.746508405711262,0.0,0.0,0.0,0.0,1.0,7.5
367.0,6.0,28.1,10.80397,106.6174,0.0,14.87073929990493,17.8318693459886,2574.2,0,0,0,0,1,1,20.902681260504874,22.13386683241395,77.86496775697304,0.0,0.0,13.0,9.65699560341673,0.0,1.0,0.0,1.0,0.0,22.65
69.0,4.0,20.0,10.7700040596991,106.688646300021,3.0,53.75818181817839,50.13266841725762,2618.3,0,0,0,0,0,0,45.02458601201859,91.38219455371804,0.0,8.619715082305312,0.0,9.0,1.5149759650258718,0.0,0.0,0.0,1.0,0.0,30.0
77.0,4.0,8.0,10.766376385311,106.659386492937,3.0,24.737282299672927,15.61262632367065,1785.0,1,0,0,1,0,1,23.072180951086057,86.6201680672269,0.0,0.0,13.36190476190476,10.0,4.680576425330174,0.0,0.0,0.0,0.0,1.0,14.2
155.0,4.0,20.0,10.7811738030075,106.751911855904,0.0,38.647438220481845,23.328827418358713,,1,0,0,0,0,0,20.25050569105691,,,,,9.0,5.580074185762802,0.0,0.0,0.0,1.0,0.0,23.5
70.0,2.0,6.0,10.7284491246902,106.612391511263,2.0,10.737500000006847,13.181777405603473,332.5,1,1,1,0,0,0,20.25050569105691,30.451127819548873,0.0,0.0,69.54586466165414,6.0,11.03936057800219,0.0,0.0,0.0,0.0,1.0,5.79
91.0,3.0,7.0,10.7918213926122,106.597889252007,3.0,10.737500000006847,10.067829993435623,3565.0,0,0,1,0,0,0,20.25050569105691,2.17194950911641,65.13127629733522,0.0,32.697615708274895,7.0,11.410273052510282,0.0,0.0,0.0,0.0,1.0,8.3
104.0,1.0,19.2,10.7579237471949,106.657277719987,3.0,29.82381843840417,20.454141465138118,62.4,0,0,0,1,0,1,20.25050569105691,9.69551282051282,0.0,0.0,90.30448717948718,2.0,5.191888460051455,0.0,0.0,0.0,1.0,0.0,25.0
136.0,4.0,16.5,10.845620455504,106.717714560847,0.0,15.48107692307722,17.78611714762465,,0,0,0,0,1,1,19.567814035091047,,,,,17.0,7.951284671913379,0.0,0.0,0.0,0.0,1.0,29.0
62.0,2.0,3.0,10.7267004010368,106.733488237607,0.0,17.789285714285825,8.648767860862735,1889.4,0,0,0,0,0,0,8.354727166160457,70.85000529268551,0.0,0.0,29.14999470731449,5.0,6.524540196034353,0.0,0.0,0.0,1.0,0.0,5.97
160.0,6.0,17.3,10.7983349373708,106.739002006146,3.0,38.647438220481845,44.55718221916659,,0,0,0,0,0,1,20.25050569105691,,,,,15.0,4.827818951901755,0.0,0.0,0.0,0.0,1.0,47.0
200.0,3.0,16.066666666666666,10.803652,106.79629,0.0,19.053737403258268,23.42179327737413,,0,0,0,0,1,1,20.87381731865282,,,,,12.0,10.842622130353003,0.0,1.0,0.0,1.0,0.0,28.8
61.0,6.0,30.0,10.7442684037609,106.681901271397,3.0,9.364834955468142,15.13100312673361,219.0,1,0,0,0,0,0,17.700526196299407,7.246575342465753,0.0,0.0,92.75342465753424,8.0,4.104640987869244,0.0,0.0,0.0,0.0,1.0,10.95
52.0,3.0,4.0,10.8493948503127,106.651267608298,0.0,11.098013468022373,24.56391683041859,1236.2,1,0,0,0,0,0,11.178588935354508,0.0,0.0,0.0,100.0,7.0,9.809558429390368,0.0,0.0,0.0,0.0,1.0,6.55
40.0,5.0,3.9,10.7641212002913,106.693466763159,3.0,53.75818181817839,32.631365062301924,813.0,1,0,0,0,0,1,25.885724961203408,69.14514145141452,4.736777367773678,0.0,26.11808118081181,12.0,1.562031675506576,0.0,0.0,0.0,0.0,1.0,16.5
72.0,3.0,5.0,10.8294827676762,106.640220545232,3.0,11.098013468022373,20.454141465138118,1886.0,1,1,0,0,0,0,16.195980401453983,59.63573700954401,0.0,0.0,40.36267232237539,9.0,8.92093402638215,0.0,0.0,0.0,1.0,0.0,7.65
68.0,5.0,8.0,10.8341685182596,106.639539644455,0.0,11.098013468022373,20.454141465138118,113.2,0,0,1,0,0,1,16.195980401453983,18.074204946996467,0.0,0.0,81.90812720848056,10.0,9.329822546740104,0.0,0.0,0.0,0.0,1.0,8.4
105.0,5.0,20.0,10.7890940162183,106.699112205561,3.0,53.75818181817839,48.487230363696476,82.0,0,0,0,0,0,0,21.249348064673793,25.402439024390244,0.0,74.5609756097561,0.0,9.0,1.4720893548747154,0.0,0.0,0.0,0.0,1.0,34.5
312.0,5.0,12.6,10.7792376895766,106.754196342089,3.0,38.647438220481845,32.180605395627865,,0,0,0,0,0,1,20.25050569105691,,,,,12.0,5.811061491981328,0.0,0.0,0.0,1.0,0.0,180.0
123.0,2.0,6.0,10.7803693413871,106.758083858357,3.0,38.647438220481845,32.180605395627865,,0,0,0,0,0,0,20.25050569105691,,,,,10.0,6.243466353775405,0.0,0.0,0.0,0.0,1.0,11.8
30.0,3.0,5.0,10.7995515816374,106.686099752082,2.0,18.63592086332186,15.288713651298618,215.9,1,0,0,0,0,0,18.245021803289422,1.3385826771653544,0.0,68.20750347383047,30.47244094488189,7.0,3.0891417334362683,0.0,0.0,0.0,0.0,1.0,7.88
52.0,5.0,4.0,10.8266553743306,106.635429263759,2.0,19.38917355371901,15.923197269929185,1770.9,1,1,1,1,0,0,20.25050569105691,10.124795301823932,0.0,0.0,89.8729459596815,8.0,9.1201200842717,0.0,0.0,1.0,0.0,0.0,6.99
63.0,5.0,5.0,10.8193830444067,106.702993054013,3.0,18.827244701348747,16.235786892588425,99.5,1,1,1,0,0,0,13.941385937429175,35.939698492462306,0.0,0.0,64.1105527638191,8.0,4.8284038443761865,0.0,0.0,0.0,1.0,0.0,10.5
40.0,2.0,3.0,10.7401407019243,106.735628238759,1.0,17.789285714285825,8.648767860862735,870.5,0,1,0,0,0,0,13.834634373598146,60.23779437105112,0.0,0.0,39.76220562894888,6.0,5.488738432357318,0.0,0.0,0.0,0.0,1.0,6.5
200.0,5.0,10.466666666666663,10.8058722070346,106.668405566338,3.0,19.38917355371901,20.918551142754602,3007.7,0,0,0,0,0,1,23.161245700728948,38.27276656581441,4.479170129999668,0.0,57.2467333843136,12.0,4.877143180160164,0.0,1.0,0.0,1.0,0.0,50.0
78.0,5.0,10.85,10.8034417944877,106.659659931792,3.0,19.38917355371901,18.093318479606467,1138.8,1,0,0,0,0,1,20.25050569105691,86.74481910783281,9.938531787846856,0.0,3.317527221636811,10.0,5.458921210920644,0.0,0.0,0.0,0.0,1.0,22.0
115.0,4.0,20.0,10.830793759576,106.728864607411,3.0,15.48107692307722,14.40074884671146,,1,0,0,0,0,0,14.230094570897254,,,,,9.0,6.80577076138305,0.0,0.0,1.0,0.0,0.0,17.55
30.0,5.0,3.8,10.7938723727659,106.681074287354,0.0,18.63592086332186,15.081788755498186,352.2,0,1,1,0,0,1,13.842079023496492,34.579784213515055,0.0,0.0,65.41737649063033,9.0,2.9553779546762056,1.0,0.0,0.0,1.0,0.0,6.35
130.0,2.0,12.0,10.8681380750388,106.62126501367,3.0,9.79203162611253,18.276257657517313,,0,0,0,0,0,0,20.25050569105691,,,,,5.0,13.453370560844268,0.0,0.0,0.0,1.0,0.0,5.6
21.0,3.0,5.0,10.7914333640768,106.633547922327,2.0,14.87073929990493,24.311036457287887,89.2,1,1,1,0,0,0,20.25050569105691,0.0,0.0,0.0,99.94394618834082,6.0,7.57573251177363,1.0,0.0,0.0,1.0,0.0,3.38
215.0,5.0,6.8,10.8456755643783,106.656976493451,0.0,11.098013468022373,18.83383064658232,1266.8,0,0,0,0,0,1,20.18744094190726,96.58983264919482,0.0,0.0,3.4109567413956423,84.0,9.124134040023376,0.0,0.0,0.0,0.0,1.0,45.0
75.0,3.0,12.0,10.8572618035324,106.603610105451,0.0,9.79203162611253,18.44334202682383,3602.9,0,0,0,0,0,0,18.852521452227894,0.0,94.77448721862945,0.0,5.22495767298565,7.0,13.965051453995214,0.0,0.0,1.0,0.0,0.0,5.8
91.0,1.0,6.0,10.8153275731914,106.774868191595,0.0,19.053737403258268,20.177656837434043,,1,0,1,0,0,0,23.716488155468518,,,,,4.0,9.167673519690824,0.0,0.0,1.0,0.0,0.0,8.0
54.0,3.0,7.0,10.8015803503429,106.822062313458,0.0,15.48107692307722,12.780266996675284,,0,0,0,0,0,0,18.237438852350834,,,,,8.0,13.51534763076863,1.0,0.0,0.0,1.0,0.0,5.8
28.0,3.0,11.0,10.7935446584349,106.687266964296,0.0,53.75818181817839,34.07029975082686,49.0,0,1,1,0,1,1,19.211286203635318,0.0,0.0,0.0,99.9795918367347,6.0,2.4675952817837277,0.0,0.0,0.0,0.0,1.0,8.5
40.0,5.0,5.0,10.8349694048916,106.68388667487,0.0,11.098013468022373,20.339947871608835,88.5,1,0,0,0,0,0,16.60869960096871,42.25988700564971,0.0,0.0,57.68361581920903,8.0,6.821312786180125,0.0,0.0,0.0,0.0,1.0,7.0
65.0,5.0,12.0,10.8076674059853,106.702910645498,3.0,18.827244701348747,20.454141465138118,45.9,0,0,0,0,0,1,15.076317258595626,22.287581699346408,0.0,0.0,77.66884531590414,8.0,3.526804564435476,0.0,0.0,0.0,0.0,1.0,7.98
84.0,4.0,4.6,10.8195454989006,106.702628631463,3.0,18.827244701348747,16.235786892588425,3209.8,1,0,0,0,0,1,13.941385937429175,43.96255218393669,1.102249361330924,0.0,54.934263817060256,9.0,4.844916429344688,0.0,0.0,0.0,0.0,1.0,9.48
75.0,5.0,5.8,10.789617135279,106.691797743454,0.0,53.75818181817839,34.07029975082686,218.8,0,0,0,1,0,1,21.344748464934785,4.337294332723949,0.0,0.0,95.68098720292504,19.0,1.8234937708870569,0.0,0.0,0.0,1.0,0.0,19.5
88.0,8.0,20.0,10.7702153463585,106.671039264752,3.0,24.737282299672927,14.561953480312356,108.0,0,0,0,0,0,0,32.67330086593139,0.0,0.0,0.0,99.80555555555556,10.0,3.346094071513336,0.0,0.0,0.0,1.0,0.0,35.0
75.0,4.0,10.0,10.7929889306471,106.615433593908,0.0,14.87073929990493,9.35870800879073,5156.7,1,0,0,0,0,1,20.25050569105691,91.81511431729596,0.0,8.184109992824869,0.0,10.0,9.546206904865503,0.0,0.0,0.0,1.0,0.0,6.8
76.0,2.0,4.0,10.7781488175264,106.635372936506,0.0,14.87073929990493,28.253427846446222,177.0,0,0,0,0,0,0,29.940845325225013,6.016949152542373,0.0,0.0,93.98870056497177,5.0,7.183584293943464,0.0,0.0,1.0,0.0,0.0,7.28
86.0,3.0,12.0,10.6967639076102,106.740868299279,0.0,8.131668552257471,7.431275025157785,3490.5,1,1,1,0,0,0,18.321957535463458,2.8517404383326173,37.90832258988683,0.0,59.241082939406965,8.0,9.823611091830408,0.0,0.0,0.0,1.0,0.0,8.8
62.0,4.0,4.0,10.771074714151,106.690686748625,0.0,53.75818181817839,80.81249751703449,2328.2,0,0,0,0,0,1,24.269797544088476,5.05154196374882,94.39481144231596,0.5514990121123615,0.0,9.0,1.262467886411298,0.0,0.0,0.0,1.0,0.0,23.0
26.0,4.0,4.0,10.7896416212446,106.702274760967,0.0,53.75818181817839,48.487230363696476,243.7,1,0,0,0,0,1,20.088667961923438,0.0,0.0,100.0,0.0,4.0,1.5222970828303788,0.0,0.0,0.0,0.0,1.0,7.2
203.0,3.0,6.0,10.8491756032791,106.747135061178,0.0,15.48107692307722,18.370149256274082,,0,0,0,0,0,0,20.25050569105691,,,,,9.0,9.56490601705532,0.0,0.0,0.0,1.0,0.0,12.5
90.0,5.0,8.0,10.7035495054954,106.703776599568,0.0,8.131668552257471,13.173106254134565,1378.7,0,0,0,0,0,0,8.502652923904137,29.897004424457823,9.67360557046493,0.0,60.43084064698628,11.0,8.061432454647724,0.0,0.0,0.0,0.0,1.0,11.9
166.0,3.0,14.0,10.7449085498638,106.610445468526,3.0,10.737500000006847,19.36213730687916,902660.3,1,1,0,0,0,0,17.400949483778184,0.487598712383828,0.0,0.0,0.0,9.0,10.489194625262474,0.0,0.0,0.0,0.0,1.0,22.0
160.0,3.0,9.4,10.7727141067085,106.704984656484,3.0,18.827244701348747,20.454141465138118,19895.9,1,0,0,0,0,1,24.638988573829966,79.74316316427003,16.39242255942179,3.8641127066380503,0.0,9.0,0.5599664142107829,0.0,0.0,0.0,0.0,1.0,36.0
62.0,6.0,12.1,10.772950881824,106.679162523886,3.0,24.737282299672927,16.924787565129154,1026.0,0,0,0,0,0,1,19.911470140858842,80.77485380116958,0.0,0.0,19.23391812865497,11.0,2.4201983351273664,0.0,0.0,1.0,0.0,0.0,20.5
72.0,4.0,14.0,10.7520366038616,106.7017050372,0.0,17.789285714285825,17.287883938053668,83205.49,0,1,1,0,0,1,13.55522012715968,0.0,0.0,100.0,0.0,9.0,2.6654276435235236,0.0,0.0,0.0,0.0,1.0,13.98
90.0,4.0,6.0,10.6930113711449,106.740769148516,0.0,8.131668552257471,7.431275025157785,3078.9,0,1,1,0,0,0,8.354727166160457,90.07047971678196,0.0,0.0,9.929195491896458,14.0,10.194919768844102,0.0,0.0,0.0,0.0,1.0,8.5
144.0,5.0,13.0,10.7918485327403,106.643774062083,3.0,19.38917355371901,15.61262632367065,2218.0,0,1,1,1,0,1,21.404741776747944,92.79440937781784,4.876014427412083,0.0,2.3318304779080252,24.0,6.505037998719464,0.0,0.0,0.0,0.0,1.0,36.0
26.0,2.0,4.0,10.7821461133585,106.673176308747,0.0,18.827244701348747,15.149860937399001,1173.0,0,0,0,0,0,1,14.535280883434632,94.8158567774936,0.0,0.0,5.197783461210571,5.0,3.125812219105662,0.0,0.0,0.0,1.0,0.0,4.89
36.0,6.0,10.0,10.768884116215196,106.68143875634782,3.0,54.46617152529408,20.918551142754602,1881.6,0,0,0,0,0,0,20.25050569105691,53.68303571428572,0.0,0.0,46.31590136054422,9.0,2.2888219200750872,0.0,0.0,0.0,1.0,0.0,14.0
59.0,3.0,20.0,10.7925274216949,106.668092041873,3.0,18.63592086332186,15.61262632367065,1171.8,0,0,0,0,0,0,19.193619091459624,95.54190134835297,0.0,0.0,4.456391875746714,9.0,4.046847493285986,0.0,0.0,1.0,0.0,0.0,15.5
100.0,2.0,12.0,10.8499207083396,106.838326826692,0.0,15.48107692307722,25.613782122221185,,0,0,1,0,0,0,19.567814035091047,,,,,5.0,17.093920676081478,0.0,0.0,1.0,0.0,0.0,11.0
220.0,4.0,12.0,10.73778844266964,106.72595944946876,0.0,17.789285714285825,30.38692272100736,3052.4,0,0,0,0,0,0,22.174529617989272,90.92058707901978,9.080723365220807,0.0,0.0,12.0,5.042646835216707,0.0,0.0,0.0,0.0,1.0,49.9
40.0,5.0,12.0,10.7685202303223,106.602906827616,0.0,10.737500000006847,11.79885823719474,122.7,1,0,0,0,0,0,17.250306900204997,5.289323553382233,0.0,0.0,94.71067644661775,7.0,10.758371076873892,0.0,0.0,0.0,0.0,1.0,5.4
36.0,3.0,6.0,10.8201094855074,106.703995225335,0.0,18.827244701348747,16.235786892588425,1017.2,1,0,0,0,0,0,13.930220361551154,76.16397955171058,23.835037357451828,0.0,0.0,6.0,4.914935036014716,0.0,0.0,0.0,0.0,1.0,7.5
34.0,3.0,12.0,10.7622358360209,106.693901408531,3.0,53.75818181817839,32.631365062301924,1074.7,0,0,0,0,0,0,24.998865480621035,84.49520796501349,0.0,0.0,15.504792034986506,4.0,1.7206951086400677,0.0,0.0,1.0,0.0,0.0,17.8
38.0,3.0,6.0,10.7901370729579,106.688079986145,2.0,19.38917355371901,18.093318479606467,106.0,1,0,0,0,0,0,20.25050569105691,11.641509433962264,0.0,0.0,88.39622641509435,5.0,2.1198426871147795,0.0,0.0,0.0,1.0,0.0,8.0
56.0,3.0,4.0,10.72658306278585,106.59065080806612,0.0,13.123347608580726,18.512589513095122,228.5,0,1,0,0,0,0,20.25050569105691,45.88621444201313,0.0,0.0,54.1050328227571,7.0,13.258118113610433,0.0,0.0,0.0,1.0,0.0,3.9
66.0,2.0,5.25,10.8476255794683,106.747004043457,2.0,15.48107692307722,18.370149256274082,,1,0,0,0,0,1,19.567814035091047,,,,,4.0,9.411097227198889,0.0,0.0,0.0,1.0,0.0,5.6
59.0,4.0,10.0,10.829000169439,106.689228602162,3.0,11.098013468022373,15.149860937399001,2798.6,0,0,0,0,0,1,16.60869960096871,35.168298434931756,0.0,0.0,64.83170156506826,8.0,6.034307474909944,0.0,0.0,1.0,0.0,0.0,7.2
131.0,4.0,14.5,10.7724961888645,106.684389134044,3.0,54.46617152529408,15.149860937399001,1159.6,0,0,0,0,1,1,35.13373860631083,97.38099344601588,0.0,2.614694722318041,0.0,12.0,1.866521429973064,0.0,0.0,0.0,1.0,0.0,35.0
54.0,2.0,6.0,10.8067392370899,106.684458946381,2.0,18.63592086332186,15.149860937399001,12593.6,1,0,0,0,0,0,12.77062601913981,7.821750730529792,0.0,0.0,92.1782492694702,6.0,3.871304338578222,1.0,0.0,0.0,0.0,1.0,9.5
98.0,4.0,7.0,10.6512105882001,106.72997822492,0.0,8.131668552257471,15.805719480205894,3900.8,0,0,1,0,0,0,15.805719480205894,,,,,11.0,14.230139383119152,0.0,0.0,0.0,0.0,1.0,8.9
537.0,4.0,14.7,10.7948398558032,106.657652735785,3.0,19.38917355371901,18.093318479606467,225.2,0,0,0,0,1,1,20.25050569105691,2.024866785079929,0.0,0.0,97.97513321492008,30.0,5.187576905732056,0.0,0.0,0.0,1.0,0.0,136.0
71.0,6.0,20.0,10.7621601514631,106.670544677061,3.0,24.737282299672927,15.13100312673361,2135.0,0,0,0,0,0,0,20.25050569105691,92.84215456674474,0.3672131147540983,0.0,6.781264637002342,17.0,3.6754474605681353,0.0,0.0,0.0,1.0,0.0,26.5
72.0,3.0,4.0,10.8299767168047,106.638112390894,2.0,11.098013468022373,20.454141465138118,702.9,1,1,0,0,0,0,16.195980401453983,67.7166026461801,0.0,0.0,32.27912932138285,9.0,9.129871783172243,0.0,0.0,0.0,0.0,1.0,7.65
32.0,4.0,4.0,10.7613476246795,106.666771533877,0.0,24.737282299672927,20.339947871608835,941.0,0,0,0,0,0,1,20.25050569105691,5.764080765143465,0.0,0.0,94.24123273113707,8.0,4.0885806211005615,0.0,0.0,0.0,1.0,0.0,9.5
48.0,3.0,4.0166666666666675,10.8122374839329,106.70063551595,3.0,18.827244701348747,20.454141465138118,450.4,1,0,0,0,0,1,19.567814035091047,67.68206039076377,0.0,0.0,32.32460035523979,8.0,4.029743753310024,0.0,0.0,0.0,1.0,0.0,6.9
51.0,4.0,3.0,10.7974481041574,106.680859824538,2.0,18.63592086332186,18.83383064658232,873.1,1,0,0,0,0,1,21.485572441587628,14.6890390562364,0.0,84.84022448745849,0.4695911121291947,10.0,3.2520224680441783,0.0,0.0,0.0,0.0,1.0,10.5
50.0,2.0,2.0,10.7916770306623,106.674533397291,3.0,18.63592086332186,16.924787565129154,66.1,1,0,0,0,0,0,13.842079023496492,7.065052950075644,0.0,0.0,92.87443267776098,4.0,3.385233748366848,0.0,0.0,1.0,0.0,0.0,7.5
106.0,5.0,13.5,10.7691312103716,106.683040206154,2.0,54.46617152529408,15.149860937399001,996.9,1,0,0,0,0,1,23.200342816816367,84.5501053265122,0.0,15.449894673487814,0.0,17.0,2.1154580670499423,0.0,0.0,0.0,1.0,0.0,27.8
128.0,3.0,15.0,10.815498350612,106.807340668009,3.0,19.053737403258268,12.780266996675284,,1,0,0,0,0,0,20.25050569105691,,,,,5.0,12.407678635943338,0.0,0.0,0.0,0.0,1.0,9.99
80.0,4.0,6.0,10.7929950938948,106.628187646956,2.0,14.87073929990493,9.35870800879073,1286.5,1,0,0,0,0,0,20.25050569105691,93.40614069179946,0.0,0.0,6.59463661095997,11.0,8.185421016303033,0.0,0.0,0.0,0.0,0.0,9.48
66.0,6.0,8.0,10.7724384223775,106.686756195417,3.0,54.46617152529408,18.83383064658232,74.9,0,0,0,0,0,0,33.51253090281875,0.0,0.0,0.0,99.98664886515353,9.0,1.6161162104554865,0.0,0.0,0.0,1.0,0.0,26.0
155.0,2.0,11.5,10.8492283377508,106.692652008866,0.0,8.826587030733174,13.645852307543556,1487.2,0,1,0,0,0,1,18.58320168788192,42.27003765465304,0.0,0.0,57.73265196342119,5.0,8.194731393809398,0.0,0.0,0.0,1.0,0.0,12.5
54.0,6.0,30.0,10.7836173383842,106.697280825313,3.0,54.46617152529408,106.67729565230768,4163.2,0,0,0,0,0,0,33.00107166459517,97.1418620292083,0.0,2.859098770176787,0.0,9.0,0.9441731819600448,0.0,0.0,0.0,1.0,0.0,45.0
55.0,4.0,6.0,10.7662124354692,106.683310264423,3.0,18.827244701348747,20.460368357652627,7166.5,0,0,0,0,0,1,22.511366997733134,9.723993581246075,90.27600641875392,0.0,0.0,10.0,2.2272813011644454,0.0,0.0,0.0,0.0,1.0,26.0
45.0,1.0,7.9,10.7206355183424,106.655892514171,0.0,13.123347608580726,20.341033665775136,114.0,0,1,0,0,1,1,20.25050569105691,100.0,0.0,0.0,0.0,3.0,7.892381397363021,0.0,1.0,0.0,0.0,1.0,3.1
82.0,4.0,8.0,10.8304119897913,106.63275312678,0.0,19.38917355371901,15.923197269929185,15644.2,0,0,0,0,0,0,10.818659325601992,25.026974853300267,0.0,74.97283338233977,0.0,10.0,9.60909840216349,0.0,0.0,0.0,1.0,0.0,12.5
72.0,4.0,4.0,10.7590863719543,106.687419006152,2.0,53.75818181817839,26.429608342303553,5525.2,1,0,0,0,0,0,37.54099080615944,92.2766596684283,0.1018967639180482,0.0,7.62053862303627,10.0,2.4021901137719732,0.0,0.0,0.0,0.0,1.0,9.99
82.0,2.0,30.0,10.7815219085264,106.625509780448,3.0,14.87073929990493,17.499103454001883,1366.8,1,1,1,0,0,0,20.25050569105691,99.20324846356452,0.0,0.0,0.7960199004975124,4.0,8.279750235412799,0.0,0.0,0.0,1.0,0.0,11.5
58.0,5.0,6.0,10.7911480155676,106.685059940209,3.0,54.46617152529408,106.67729565230768,52.7,1,0,0,0,0,0,20.45706272875709,0.0,0.0,99.92409867172675,0.0,10.0,2.4304152374926544,0.0,0.0,0.0,1.0,0.0,15.9
68.0,4.0,10.0,10.8379751614078,106.636649276223,2.0,11.098013468022373,20.454141465138118,1849.6,1,1,1,0,0,0,10.818659325601992,97.26589532871974,0.0,0.0,2.734645328719723,11.0,9.851129289315866,0.0,0.0,0.0,0.0,1.0,8.8
55.0,2.0,2.0,10.7515259941627,106.728831141067,3.0,17.789285714285825,15.717993526044307,1917.9,1,0,0,0,0,0,8.354727166160457,67.38776787110903,0.0,0.0,32.61171072527244,5.0,4.0721798416734085,0.0,0.0,0.0,0.0,1.0,4.87
76.0,4.0,4.0,10.8423567013915,106.642512702833,3.0,11.098013468022373,15.61262632367065,180.6,1,0,1,0,0,0,10.107421869117639,10.343300110741971,0.0,0.0,89.65116279069768,8.0,9.766789268789903,0.0,0.0,0.0,1.0,0.0,7.19
50.0,1.0,10.666666666666664,10.8441831504894,106.846211047555,0.0,19.053737403258268,25.613782122221185,,1,1,0,0,1,1,19.567814035091047,,,,,2.0,17.569302761218236,0.0,1.0,0.0,1.0,0.0,6.8
94.0,1.0,7.0,10.8201083612193,106.704439427562,0.0,18.827244701348747,16.235786892588425,11107.4,1,0,0,0,0,0,13.930220361551154,17.723229558672596,0.0,82.27704053153754,0.0,4.0,4.918170443282852,0.0,0.0,1.0,0.0,0.0,12.3
72.0,4.0,5.0,10.7997950849193,106.61478381604,2.0,14.87073929990493,13.051852005459661,3180.9,1,1,1,0,1,0,18.4257909704719,42.200635040397366,57.79936495960263,0.0,0.0,9.0,9.792523102758803,0.0,0.0,1.0,0.0,0.0,9.5
80.0,3.0,7.0,10.7660750648222,106.642423450297,2.0,13.32081849341783,15.13100312673361,51.8,1,0,0,0,0,1,9.90181956943871,0.0,0.0,0.0,100.0,9.0,6.503899597076873,0.0,0.0,0.0,1.0,0.0,7.2
37.0,3.0,6.0,10.792058272143,106.677792139696,3.0,18.63592086332186,20.454141465138118,75.5,1,0,0,0,0,0,13.842079023496492,0.0,0.0,0.0,99.96026490066224,6.0,3.109693852498104,0.0,0.0,1.0,0.0,0.0,11.5
84.0,4.0,9.0,10.8357780632664,106.842815161407,0.0,19.053737403258268,21.65981557903033,,0,0,0,0,0,1,20.25050569105691,,,,,11.0,16.84545722127213,0.0,0.0,0.0,1.0,0.0,14.5
115.0,4.0,13.0,10.84488,106.7182,0.0,15.48107692307722,17.78611714762465,,0,0,0,0,0,1,15.155664323925304,,,,,12.0,7.883538143067557,0.0,0.0,0.0,1.0,0.0,22.5
69.0,4.0,16.0,10.7702370135236,106.679657641601,2.0,54.46617152529408,15.13100312673361,83.6,1,0,0,0,0,1,20.25050569105691,0.2990430622009569,0.0,0.0,99.76076555023926,9.0,2.428336719978944,0.0,0.0,0.0,1.0,0.0,19.5
239.0,2.0,8.0,10.7937684561413,106.69116615309,0.0,53.75818181817839,34.07029975082686,54.5,0,0,0,0,0,0,26.14981200653238,0.7889908256880733,0.0,0.0,99.1743119266055,15.0,2.2541163088375167,0.0,0.0,0.0,1.0,0.0,60.0
65.0,3.0,8.0,10.684862843080452,106.74674978293052,0.0,8.131668552257471,7.431275025157785,,1,1,1,0,0,0,11.761918800261277,,,,,8.0,11.294713382726073,0.0,0.0,1.0,0.0,0.0,6.28
23.0,4.0,3.5,10.7918687785146,106.691432289177,3.0,53.75818181817839,34.07029975082686,1111.1,0,1,0,0,0,1,25.9063569677296,94.61254612546126,0.0,0.0,5.391953919539196,4.0,2.056386846530035,0.0,0.0,0.0,1.0,0.0,10.0
24.0,2.0,4.0,10.8416915331792,106.67665105001,0.0,11.098013468022373,15.081788755498186,455.7,0,0,1,0,0,0,15.50660834230355,48.823787579547954,0.0,0.0,51.174017994294495,4.0,7.777372959783126,0.0,0.0,0.0,1.0,0.0,3.3
130.0,1.0,7.2,10.7545034235837,106.638154672117,0.0,13.32081849341783,18.83383064658232,2038.3,0,0,0,0,0,1,19.709285382510352,1.4041112691949176,0.0,0.0,98.5968699406368,4.0,7.279645283883427,0.0,1.0,0.0,1.0,0.0,11.5
343.0,7.0,30.0,10.8085445523063,106.687994858118,3.0,18.827244701348747,20.339947871608835,89.9,0,0,0,0,0,0,24.873898992866078,3.670745272525027,0.0,0.0,96.28476084538376,10.0,3.8916173331798407,0.0,0.0,0.0,0.0,1.0,210.0
150.0,2.0,7.7,10.7371630136666,106.669822967808,0.0,9.364834955468142,15.149860937399001,44045.5,0,0,0,0,0,1,19.147615456211028,0.4812296375339138,0.0,0.0,99.51877036246609,6.0,5.506662435581733,0.0,0.0,0.0,1.0,0.0,10.0
78.0,4.0,6.0,10.8089425385014,106.671195586733,3.0,18.63592086332186,24.56391683041859,16607.2,0,0,0,0,0,0,23.161245700728948,1.9683029047641984,6.761103617707981,91.20441736114456,0.0,15.0,4.907878112956067,1.0,0.0,0.0,1.0,0.0,16.5
45.0,4.0,4.0,10.815968586381,106.693942957095,2.0,18.827244701348747,16.924787565129154,484.1,1,0,0,0,0,0,17.40171754184511,0.0,0.0,0.0,99.99380293327825,6.0,4.512533360121747,0.0,0.0,0.0,0.0,1.0,5.8
108.0,5.0,8.0,10.8298466789126,106.578771585131,0.0,13.123347608580726,19.239629626786382,,0,1,1,0,0,0,20.25050569105691,,,,,13.0,14.64146403717172,0.0,0.0,0.0,0.0,1.0,7.5
53.0,3.0,7.0,10.8774633905679,106.673025212071,0.0,8.826587030733174,9.397256429506324,2778.5,0,0,0,0,0,1,17.510388497990952,9.517725391398235,54.00791794133526,1.50260932157639,34.970307719992796,7.0,11.691448691313058,0.0,0.0,0.0,0.0,0.0,5.7
60.0,5.0,8.0,10.7473543150005,106.699225784596,3.0,17.789285714285825,17.287883938053668,498563.61,1,1,1,0,1,0,20.25050569105691,95.4990898754123,0.0,0.1154456499542756,4.385462468871324,8.0,3.191828006991259,0.0,0.0,1.0,0.0,0.0,13.0
50.0,3.0,7.0,10.8724195591831,106.686727672955,0.0,8.826587030733174,8.427513172672999,1530.5,0,0,1,0,0,0,20.25050569105691,0.0,0.0,0.0,100.0,7.0,10.835664697088248,0.0,0.0,0.0,0.0,1.0,4.59
55.0,4.0,7.333333333333333,10.7724552077819,106.684824266293,2.0,54.46617152529408,15.149860937399001,9245.1,1,0,0,0,0,1,35.13373860631083,53.352803106510486,0.0,12.096570074958626,34.55019415690474,8.0,1.821044940302066,0.0,0.0,0.0,1.0,0.0,12.5
90.0,3.0,12.0,10.804539,106.790825,3.0,19.053737403258268,20.177656837434043,,0,0,0,0,1,1,20.87381731865282,,,,,10.0,10.301526228738409,0.0,0.0,0.0,1.0,0.0,16.7
90.0,2.0,10.0,10.7703495730236,106.632209012729,3.0,13.32081849341783,15.149860937399001,129.4,1,0,0,0,1,0,20.25050569105691,24.16537867078825,0.0,75.86553323029366,0.0,4.0,7.551497212242675,0.0,0.0,0.0,1.0,0.0,9.0
115.0,4.0,15.0,10.806187,106.76898,0.0,38.647438220481845,44.55718221916659,,0,0,1,0,1,0,19.567814035091047,,,,,7.0,8.138852294085167,0.0,0.0,0.0,1.0,0.0,56.7
58.0,4.0,5.0,10.8381291777216,106.636864357635,3.0,11.098013468022373,20.454141465138118,923.8,1,0,1,0,0,0,10.818659325601992,18.093743234466334,0.0,0.0,81.90084433860143,9.0,9.846363133857912,0.0,0.0,0.0,0.0,1.0,7.2
60.0,2.0,6.0,10.7368209315643,106.704751738775,0.0,17.789285714285825,34.311080856230646,,0,0,0,0,0,0,20.25050569105691,,,,,4.0,4.374739816164787,0.0,0.0,1.0,0.0,0.0,11.4
285.0,7.0,26.0,10.8006458627183,106.656561497051,3.0,19.38917355371901,18.093318479606467,104.0,0,0,0,0,0,1,28.509028490145873,0.0,0.0,0.0,100.0,19.0,5.583707330876077,0.0,0.0,0.0,1.0,0.0,70.0
260.0,4.0,13.2,10.7971955801596,106.681227593569,3.0,18.63592086332186,15.923197269929185,1046.0,0,0,0,0,0,1,21.485572441587628,83.6281070745698,0.0,0.0,16.37189292543021,36.0,3.204137452758625,0.0,0.0,0.0,1.0,0.0,99.0
200.0,5.0,12.8,10.824462960523,106.766485732163,3.0,19.053737403258268,21.11172623314244,,1,0,1,0,0,1,20.25050569105691,,,,,20.0,8.946758435068565,0.0,0.0,0.0,1.0,0.0,18.5
168.0,10.0,24.8,10.7979399383151,106.671438054757,3.0,18.63592086332186,18.83383064658232,971.5,0,0,0,0,0,1,43.77795732213526,90.77509006690686,0.0,0.0,9.222851260936697,15.0,4.0557548557578995,0.0,0.0,0.0,1.0,0.0,145.0
198.0,7.0,28.5,10.7614695360818,106.692380360812,3.0,53.75818181817839,32.631365062301924,20.3,0,0,0,0,0,1,24.998865480621035,16.945812807881772,0.0,0.0,83.25123152709358,14.0,1.875578987542284,0.0,0.0,0.0,1.0,0.0,115.0
72.0,4.0,30.0,10.7342476720272,106.62679834186,0.0,12.006306645336863,14.561953480312356,11235.3,0,0,0,0,1,0,20.586367962736855,58.02657694943616,25.22745276049594,10.72752841490659,6.018263864783316,9.0,9.350785205212622,0.0,1.0,0.0,1.0,0.0,12.0
50.0,4.0,5.0,10.7094023672115,106.737585067749,2.0,17.789285714285825,18.28632481919144,2143.9,1,1,1,1,0,0,8.354727166160457,0.0,0.0,0.0,99.9986006810019,9.0,8.40986140931326,0.0,0.0,0.0,0.0,1.0,9.0
43.0,2.0,4.333333333333334,10.7665085537739,106.670269154655,3.0,24.737282299672927,24.56391683041859,13.0,0,0,0,0,0,1,20.25050569105691,0.0,0.0,0.0,98.07692307692308,4.0,3.529328970799279,0.0,0.0,0.0,1.0,0.0,7.2
80.0,5.0,9.75,10.7810356901913,106.649806944596,2.0,19.38917355371901,14.561953480312356,133.2,1,0,0,0,0,1,9.90181956943871,31.80930930930931,0.0,0.0,68.22072072072073,9.0,5.630812984067106,0.0,0.0,0.0,0.0,1.0,9.4
73.0,2.0,12.0,10.7182,106.618,0.0,10.737500000006847,13.181777405603473,8010.5,0,1,0,0,0,0,20.18206125192249,0.0,0.0,0.0,99.99962549154236,4.0,11.12300745230657,0.0,0.0,0.0,1.0,0.0,7.99
355.0,3.0,8.0,10.7666441199165,106.622743565252,0.0,10.737500000006847,8.135783941420566,1862.3,0,1,1,1,1,0,20.25050569105691,1.8724158298877729,0.0,98.12812114052517,0.0,32.0,8.622316190788098,0.0,0.0,0.0,0.0,1.0,25.0
32.0,4.0,5.0,10.8383342310801,106.63654323457,2.0,11.098013468022373,20.454141465138118,974.2,1,1,0,0,0,0,10.818659325601992,32.08786696776843,0.0,0.0,67.91110654896325,7.0,9.8873544530801,0.0,0.0,0.0,0.0,1.0,4.0
27.0,3.0,4.0,10.8815422721661,106.637366402099,2.0,8.826587030733174,11.964993989558423,33762.1,1,1,1,0,0,0,17.937494731808936,0.2522651138406674,18.8968103287414,80.85089493840727,0.0,6.0,13.644739683865732,0.0,0.0,0.0,1.0,0.0,2.25
62.0,4.0,9.533333333333337,10.7977525915648,106.696069411092,0.0,18.827244701348747,15.13100312673361,5516.4,0,0,0,0,0,1,18.746215486842598,0.0,99.99981872235516,0.0,0.0,10.0,2.4804087309724676,0.0,0.0,0.0,0.0,1.0,16.0
86.0,4.0,16.0,10.8290714618754,106.641172394156,3.0,11.098013468022373,20.454141465138118,1504.1,1,0,0,0,0,1,16.195980401453983,96.03284356093346,0.0,0.0,3.966491589654943,9.0,8.813025175633843,0.0,0.0,1.0,0.0,0.0,7.8
114.0,4.0,10.6,10.8056623682049,106.790246863431,0.0,19.053737403258268,23.42179327737413,,0,0,0,0,0,1,20.87381731865282,,,,,13.0,10.280840351692806,0.0,1.0,0.0,1.0,0.0,16.5
90.0,4.0,11.818181818181817,10.7543941224767,106.619412020409,3.0,10.737500000006847,19.36213730687916,102.2,0,1,1,1,0,1,17.352177179339265,0.0,0.0,0.0,99.96086105675144,9.0,9.241182506219516,0.0,0.0,0.0,0.0,1.0,16.8
110.0,5.0,12.2,10.7517019462368,106.609252014073,3.0,10.737500000006847,8.135783941420566,902660.3,1,1,1,1,0,1,20.25050569105691,0.487598712383828,0.0,0.0,0.0,9.0,10.390747535489211,0.0,0.0,0.0,1.0,0.0,8.0
51.0,2.0,7.666666666666667,10.8558796590616,106.772235099096,2.0,15.48107692307722,16.99010834230355,,1,0,0,0,0,1,14.230094570897254,,,,,4.0,11.800694939825432,0.0,0.0,0.0,1.0,0.0,4.6
58.0,3.0,6.0,10.8675882227472,106.635052907532,2.0,8.826587030733174,9.23912502081522,,1,0,0,0,1,0,20.25050569105691,,,,,7.0,12.480035988053563,0.0,0.0,0.0,0.0,1.0,5.78
125.0,2.0,6.0,10.8085429257693,106.6878560729,3.0,18.827244701348747,20.339947871608835,135.6,0,0,0,0,0,0,24.873898992866078,21.305309734513276,0.0,0.0,78.71681415929204,6.0,3.8970509050846767,0.0,0.0,1.0,0.0,0.0,13.59
24.0,4.0,4.0,10.7666653755619,106.670975605376,3.0,24.737282299672927,24.56391683041859,70.0,1,0,0,0,0,1,20.25050569105691,18.38571428571429,0.0,0.0,82.02857142857142,6.0,3.4504810758135824,0.0,0.0,1.0,0.0,0.0,5.6
51.0,2.0,5.0,10.8271026973057,106.625605358228,2.0,8.826587030733174,15.500554052311237,904.2,1,0,0,0,0,0,17.16889699849127,20.003317850033177,0.0,0.0,79.99115239991151,4.0,10.014183225290754,0.0,0.0,0.0,1.0,0.0,5.2
47.0,3.0,8.0,10.7693106189676,106.612966883242,2.0,10.737500000006847,8.135783941420566,1113.0,1,1,1,1,0,0,13.629868366546333,5.217430368373765,0.0,0.0,94.78167115902966,7.0,9.655938706796352,0.0,0.0,0.0,1.0,0.0,4.65
32.0,5.0,4.0,10.7911061783092,106.699196496409,3.0,53.75818181817839,48.487230363696476,14194.5,1,0,0,0,0,0,20.25050569105691,72.44073408714642,8.731621402655957,18.82771496001973,0.0,9.0,1.692550098757677,0.0,0.0,0.0,1.0,0.0,8.65
261.0,3.0,20.0,10.8071517512887,106.675741112268,3.0,18.63592086332186,24.56391683041859,258.1,0,0,0,0,1,0,20.25050569105691,4.641611778380472,0.0,0.0,95.33901588531576,31.0,4.435214438404245,0.0,0.0,0.0,0.0,1.0,60.0
188.0,2.0,7.4,10.8079060467587,106.688448791328,3.0,19.38917355371901,20.454141465138118,810.5,0,0,0,0,0,1,24.873898992866078,9.839605181986428,0.0,0.0,90.15545959284393,10.0,3.8074114257334624,0.0,0.0,0.0,1.0,0.0,43.0
68.0,4.0,20.0,10.7961395783653,106.622024795641,3.0,14.87073929990493,9.35870800879073,1809.6,1,1,1,1,1,0,15.331358342303552,89.13406277630416,0.0,0.0,10.865384615384617,11.0,8.923003066178529,0.0,0.0,0.0,1.0,0.0,12.5
56.0,6.0,10.0,10.7611604334838,106.699745400862,0.0,12.968707708226514,20.339947871608835,1125.8,0,0,0,0,0,0,19.567814035091047,10.34286729436845,0.0,0.0,89.65535619115298,8.0,1.656705952483037,0.0,0.0,0.0,0.0,1.0,18.0
68.0,4.0,6.333333333333334,10.845396211359,106.72616339938,2.0,15.48107692307722,14.40074884671146,,1,1,0,0,0,1,18.903841583700096,,,,,9.0,8.187683896360815,0.0,0.0,0.0,1.0,0.0,7.9
80.0,4.0,8.0,10.7867677424137,106.627991761447,2.0,14.87073929990493,12.804496961724974,604.8,1,1,1,0,0,0,20.25050569105691,0.0,0.0,0.0,99.99834656084656,10.0,8.075027104710172,0.0,0.0,0.0,0.0,1.0,10.2
325.0,5.0,10.4,10.7884058274467,106.658980332333,0.0,19.38917355371901,15.288713651298618,115.2,0,0,0,0,0,1,20.25050569105691,52.93402777777777,0.0,0.0,47.04861111111111,10.0,4.803161433213755,0.0,0.0,0.0,0.0,1.0,67.0
77.0,2.0,8.1,10.7984589835078,106.698135108209,2.0,18.827244701348747,18.83383064658232,20.3,1,0,0,0,0,1,19.567814035091047,0.0,0.0,0.0,100.0,10.0,2.518236370556772,0.0,0.0,0.0,1.0,0.0,11.99
152.0,3.0,25.0,10.7942521037229,106.689419411487,3.0,53.75818181817839,34.07029975082686,2997.5,0,0,0,0,0,0,20.25050569105691,83.82985821517931,16.169140950792325,0.0,0.0,13.0,2.397270695587378,0.0,0.0,0.0,0.0,1.0,61.0
40.0,3.0,3.7,10.691735805162,106.736217136767,2.0,8.131668552257471,7.431275025157785,2106.8,1,0,0,0,0,1,8.354727166160457,0.0,99.99952534649704,0.0,0.0,8.0,10.124778782765016,0.0,0.0,0.0,0.0,1.0,6.66
46.0,1.0,4.0,10.8674522384143,106.62851609944,0.0,8.826587030733174,9.23912502081522,,0,0,0,0,0,0,17.671025386590237,,,,,5.0,12.89392013445507,0.0,0.0,0.0,1.0,0.0,3.59
60.0,4.0,7.25,10.879043,106.55251,0.0,9.79203162611253,14.844224781192123,34049.8,0,0,1,1,1,1,19.567814035091047,0.0,10.637712996845796,89.36234574065045,0.0,8.0,19.865558003385125,0.0,1.0,0.0,1.0,0.0,5.0
64.0,2.0,20.0,10.882072405219,106.637672917667,0.0,8.826587030733174,11.964993989558423,12663.9,0,1,0,0,0,1,20.25050569105691,0.1749855889575881,26.41121613405033,73.1285780841605,0.2709275973436303,4.0,13.678486871916803,0.0,0.0,1.0,0.0,0.0,4.45
199.0,7.0,28.8,10.7953260596445,106.690479133397,0.0,53.75818181817839,34.07029975082686,37.6,0,0,0,0,0,1,22.762102461573292,0.0,0.0,0.0,100.0,10.0,2.442112654932433,0.0,0.0,0.0,1.0,0.0,85.0
100.0,4.0,13.25,10.7484615866452,106.619437152855,3.0,10.737500000006847,19.36213730687916,3338.2,1,1,1,1,1,1,20.18206125192249,79.19866994188484,0.0,0.0,20.80013180756096,9.0,9.431693840582296,0.0,1.0,0.0,1.0,0.0,20.5
76.0,3.0,4.0,10.8032519125403,106.704895831212,3.0,18.827244701348747,17.205832796074894,1518.9,1,1,1,1,1,0,18.58425689749212,98.4574363025874,0.0,1.5458555533609848,0.0,6.0,3.0585076281186594,0.0,0.0,0.0,1.0,0.0,11.2
62.0,5.0,15.0,10.7940093097237,106.66855820228,2.0,19.38917355371901,18.83383064658232,1951.4,0,0,0,0,0,0,24.641850909075103,94.3363738854156,0.0,0.0,5.61853028594855,9.0,4.07984404490235,0.0,0.0,0.0,1.0,0.0,14.8
380.0,7.0,15.0,10.8638208086704,106.779521443964,0.0,15.48107692307722,16.99010834230355,,0,0,1,0,0,1,20.25050569105691,,,,,17.0,12.989211440230305,0.0,0.0,0.0,1.0,0.0,22.8
65.0,4.0,6.833333333333334,10.7915115583576,106.685627462072,2.0,54.46617152529408,106.67729565230768,28.5,1,0,0,0,0,1,20.45706272875709,0.0,0.0,99.89473684210526,0.0,8.0,2.4148177011093734,0.0,0.0,0.0,1.0,0.0,10.0
100.0,4.0,10.0,10.7425567251725,106.710277774585,0.0,17.789285714285825,24.488452653857216,3664.7,0,0,0,0,0,0,20.25050569105691,27.53076650203291,65.3690615875788,0.0,7.099353289491638,9.0,3.851501831196244,0.0,0.0,0.0,0.0,1.0,17.3
98.0,2.0,10.0,10.651106550057,106.729875083998,0.0,8.131668552257471,15.805719480205894,,0,0,1,0,0,0,15.805719480205894,,,,,4.0,14.238927975081603,0.0,0.0,1.0,0.0,0.0,4.9
98.0,3.0,8.2,10.770980779046,106.690535674825,3.0,53.75818181817839,80.81249751703449,84.8,1,0,0,0,1,1,24.269797544088476,10.99056603773585,0.0,88.97405660377359,0.0,8.0,1.281870072761934,0.0,0.0,0.0,0.0,1.0,26.0
148.0,4.0,20.0,10.8056139441538,106.789840826945,0.0,19.053737403258268,23.42179327737413,,0,0,0,0,0,0,20.25050569105691,,,,,10.0,10.237111252438911,0.0,0.0,0.0,0.0,1.0,23.0
65.0,2.0,6.0,10.8121989931633,106.695168800538,2.0,18.827244701348747,20.454141465138118,1670.8,1,0,0,0,0,0,14.324407498016885,10.645798419918602,89.11958343308595,0.0,0.2334211156332295,4.0,4.076947032832079,0.0,0.0,1.0,0.0,0.0,9.49
62.0,3.0,6.0,10.81854829568487,106.633166000247,3.0,19.38917355371901,15.923197269929185,935.4,1,1,0,0,0,0,20.25050569105691,64.554201411161,7.0215950395552715,0.0,28.427410733376103,9.0,8.80016671451085,0.0,0.0,0.0,1.0,0.0,7.9
75.0,4.0,10.0,10.8538296762585,106.651607315364,0.0,11.098013468022373,15.61262632367065,250.8,0,0,0,0,0,1,18.007972163078787,39.473684210526315,0.0,0.0,60.54226475279106,10.0,10.203758011000165,1.0,0.0,0.0,1.0,0.0,9.9
184.0,1.0,8.0,10.8560199194482,106.596870654405,3.0,9.79203162611253,18.109953266812024,1997.4,1,1,0,0,0,0,20.25050569105691,79.2870731951537,0.0,0.0,20.711424852308,4.0,14.448657877129616,0.0,0.0,0.0,1.0,0.0,7.2
88.0,3.0,7.7,10.778908803641,106.761401658122,3.0,38.647438220481845,32.180605395627865,,1,1,0,0,0,1,20.25050569105691,,,,,6.0,6.594900493954397,0.0,0.0,0.0,1.0,0.0,7.4
208.0,7.0,18.4,10.8006191894654,106.732129930727,0.0,38.647438220481845,58.28290665694527,,0,0,0,0,0,1,20.25050569105691,,,,,37.0,4.356834857609758,0.0,0.0,0.0,1.0,0.0,61.0
64.0,3.0,6.0,10.7985522024726,106.606603283537,3.0,10.737500000006847,10.067829993435623,148.4,0,1,1,0,0,0,20.25050569105691,0.0,0.0,0.0,100.0,8.0,10.622128207195797,0.0,0.0,0.0,0.0,1.0,6.0
155.0,2.0,11.2,10.385859,106.91994,0.0,19.383985295609417,20.086701866981706,,0,0,0,1,0,1,19.567814035091047,,,,,6.0,49.539301216809434,0.0,1.0,0.0,1.0,0.0,12.0
100.0,4.0,12.0,10.8307073953836,106.705465765441,0.0,18.827244701348747,16.235786892588425,4489.4,1,1,1,0,1,0,19.425983461480996,77.58319597273578,0.0,0.0,22.416358533434313,9.0,6.101845665685545,0.0,0.0,0.0,0.0,1.0,13.8
23.0,2.0,3.0,10.8422367550585,106.630538264633,3.0,8.826587030733174,15.500554052311237,208.3,1,0,1,0,1,1,16.846557206889077,37.42198751800288,0.0,0.0,62.57321171387422,4.0,10.66031381837581,0.0,0.0,1.0,0.0,0.0,3.4
20.0,2.0,4.25,10.841877784493,106.676932875241,1.0,11.098013468022373,15.081788755498186,69.6,0,0,0,0,0,1,15.50660834230355,86.25,0.0,0.0,13.721264367816094,4.0,7.786338306098233,0.0,0.0,0.0,1.0,0.0,3.3
74.0,4.0,12.0,10.7944504680533,106.681217853033,3.0,18.63592086332186,15.923197269929185,61.8,0,0,0,0,0,1,20.25050569105691,10.711974110032363,0.0,0.0,89.36893203883494,9.0,2.987560338893931,0.0,0.0,0.0,1.0,0.0,8.8
181.0,2.0,6.0,10.851566741004,106.768860950108,2.0,15.48107692307722,17.332544455579256,,0,1,1,0,0,0,20.25050569105691,,,,,16.0,11.197198731390102,0.0,0.0,1.0,0.0,0.0,9.9
54.0,2.0,3.0,10.7971930139604,106.672562818992,3.0,18.63592086332186,23.820911987062647,901.4,1,0,0,0,0,0,20.25050569105691,14.719325493676504,85.27956512092302,0.0,0.0,9.0,3.907660317609386,0.0,0.0,0.0,1.0,0.0,8.1
72.0,2.0,15.4,10.7551390141814,106.628028948461,3.0,12.006306645336863,16.235786892588425,53.2,1,1,0,0,0,1,20.25050569105691,100.0,0.0,0.0,0.0,2.0,8.312342222138522,0.0,0.0,0.0,1.0,0.0,4.2
95.0,5.0,20.0,10.8021957915132,106.777102757867,0.0,38.647438220481845,44.55718221916659,,0,0,0,0,0,0,23.716488155468518,,,,,12.0,8.797917110941079,0.0,0.0,0.0,1.0,0.0,62.0
44.0,2.0,3.0,10.8159383491271,106.69520963293,0.0,18.827244701348747,16.924787565129154,736.3,0,1,1,1,1,1,14.324407498016885,93.2106478337634,0.0,0.0,6.787994024174929,5.0,4.487305396953088,0.0,0.0,0.0,0.0,1.0,6.79
48.0,4.0,10.0,10.7442359254799,106.733086132924,3.0,17.789285714285825,14.672222873812292,1131.6,0,0,0,0,0,0,17.400949483778184,35.18911276069282,0.0,0.0,64.8073524213503,8.0,4.968320125408023,0.0,0.0,1.0,0.0,0.0,11.0
72.0,3.0,7.0,10.7945032530204,106.701352111995,3.0,18.827244701348747,15.923197269929185,3745.0,0,0,0,0,0,0,19.911470140858842,82.66355140186916,11.705740987983978,0.0,5.630707610146862,8.0,2.0576521490298414,0.0,0.0,0.0,0.0,1.0,14.5
42.0,2.0,3.0,10.812228764494,106.728607717956,0.0,15.48107692307722,25.425738377885217,,1,0,0,0,0,0,20.25050569105691,,,,,4.0,5.025541195701296,0.0,0.0,0.0,0.0,1.0,7.9
100.0,4.0,13.25,10.753800866858,106.61053191611,0.0,10.737500000006847,19.36213730687916,,0,0,0,0,0,1,19.222790783577807,,,,,9.0,10.196774352363487,0.0,0.0,0.0,0.0,1.0,18.3
49.0,2.0,6.0,10.7590445842623,106.687633684656,3.0,53.75818181817839,26.429608342303553,2104.4,0,0,0,0,0,0,37.54099080615944,99.80326934042958,0.0,0.0,0.1967306595704238,4.0,2.3913330069299272,0.0,0.0,0.0,1.0,0.0,8.5
97.0,3.0,6.0,10.8061580270926,106.605088901728,0.0,10.737500000006847,10.067829993435623,100.0,1,1,1,0,0,0,18.057974719109087,10.39,0.0,0.0,89.58,8.0,11.01026350133424,0.0,0.0,0.0,0.0,1.0,9.3
186.0,5.0,17.0,10.8937983957002,106.583293224149,3.0,9.79203162611253,17.70353500975991,3137.7,1,0,1,0,0,1,20.25050569105691,19.61118016381426,80.38818242661824,0.0,0.0,8.0,18.36046105798219,1.0,0.0,0.0,1.0,0.0,9.5
72.0,2.0,24.4,10.7822490906267,106.609037942081,3.0,10.737500000006847,11.523850027712317,48.0,1,0,0,0,0,1,19.567814035091047,0.0,0.0,0.0,100.0,6.0,10.08018796968117,0.0,1.0,0.0,1.0,0.0,6.4
120.0,3.0,25.0,10.7851248275803,106.668572194266,3.0,54.46617152529408,16.924787565129154,40.5,0,0,0,0,0,1,14.535280883434632,0.0,0.0,0.0,100.0,12.0,3.695123631450783,0.0,0.0,0.0,1.0,0.0,35.0
108.0,1.0,3.2,10.8092783157593,106.60890534772,0.0,14.87073929990493,17.8318693459886,80.0,0,0,0,0,0,1,20.25050569105691,9.2,0.0,0.0,90.7875,6.0,10.728585863232189,0.0,0.0,0.0,1.0,0.0,6.2
159.0,5.0,24.2,10.7736552434629,106.767024295277,3.0,38.647438220481845,16.791900388268562,,0,0,0,0,0,1,20.25050569105691,,,,,9.0,7.205925894123459,0.0,0.0,0.0,1.0,0.0,19.5
41.0,3.0,12.0,10.739342422173,106.657221569221,3.0,9.364834955468142,15.149860937399001,1521.0,0,1,0,0,0,0,20.25050569105691,0.2695595003287311,99.72781065088758,0.0,0.0,6.0,6.292116023512144,0.0,0.0,0.0,1.0,0.0,9.9
99.0,1.0,3.0,10.6777010480098,106.64983894676,3.0,13.123347608580726,18.39104791613004,,0,0,1,0,0,0,20.25050569105691,,,,,2.0,12.281552299346828,0.0,0.0,0.0,0.0,1.0,3.35
111.0,4.0,5.0,10.8136193350281,106.689907196467,2.0,18.827244701348747,16.924787565129154,151.0,1,1,1,0,0,0,17.40171754184511,25.807947019867548,0.0,0.0,74.15894039735099,10.0,4.358073230749385,0.0,0.0,0.0,0.0,1.0,13.0
57.0,2.0,8.0,10.7829756738271,106.624330622503,3.0,14.87073929990493,17.499103454001883,3600.0,0,1,1,0,0,0,20.25050569105691,97.17944444444444,0.0,0.0,2.8194444444444446,6.0,8.421531765331464,0.0,0.0,1.0,0.0,0.0,6.1
228.0,10.0,21.0,10.7777759,106.628972,0.0,14.87073929990493,17.499103454001883,635.3,0,1,0,0,0,1,26.821045108846718,96.90225090508422,0.0,0.0,3.1024712734141353,157.0,7.881286515531336,0.0,0.0,0.0,0.0,1.0,75.0
49.0,4.0,4.0,10.7437372923449,106.683792100142,2.0,9.364834955468142,15.13100312673361,538.9,1,1,1,0,0,0,16.644438696094667,70.05938021896456,0.0,0.0,29.935052885507513,6.0,4.055193147189256,0.0,0.0,1.0,0.0,0.0,7.1
38.0,5.0,4.0,10.8553142827302,106.655479306699,0.0,11.098013468022373,16.235786892588425,5096.6,0,0,0,0,0,0,15.50660834230355,61.23945375348271,1.2675116744496329,0.0,37.492642153592584,7.0,10.12955692077697,0.0,0.0,1.0,0.0,0.0,5.95
65.0,4.0,5.15,10.8357771044964,106.66102958067,3.0,11.098013468022373,16.924787565129154,1174.2,0,1,1,0,0,1,10.107421869117639,93.27456991994548,0.0,6.722875149037642,0.0,7.0,7.958405873180613,0.0,1.0,1.0,0.0,0.0,7.5
160.0,2.0,20.0,10.8119429321954,106.69211911902,3.0,18.827244701348747,16.924787565129154,654.3,0,0,0,0,0,0,25.38415763254146,10.751948647409446,0.0,0.0,89.2465230016812,5.0,4.115296649122636,0.0,0.0,1.0,0.0,0.0,21.99
100.0,4.0,12.0,10.8306003883118,106.705538930793,0.0,18.827244701348747,16.235786892588425,4489.4,0,1,1,0,0,0,19.425983461480996,77.58319597273578,0.0,0.0,22.416358533434313,11.0,6.090614429428368,0.0,0.0,0.0,0.0,1.0,14.8
65.0,3.0,6.0,10.7508017373871,106.736000012855,2.0,17.789285714285825,17.42635834230355,8030.0,1,0,0,0,0,0,19.089097978071564,0.9478206724782068,0.0,0.0,0.0,8.0,4.731318339198291,0.0,0.0,1.0,0.0,0.0,8.0
50.0,3.0,5.5,10.7379382410689,106.66277739786,0.0,9.364834955468142,15.149860937399001,190.2,0,0,0,0,0,1,20.25050569105691,14.52155625657203,85.45741324921136,0.0,0.0,8.0,5.952989066226997,0.0,0.0,0.0,1.0,0.0,5.7
72.0,5.0,8.0,10.7919034157596,106.643535018314,3.0,19.38917355371901,15.61262632367065,2218.0,0,0,0,0,0,1,21.404741776747944,92.79440937781784,4.876014427412083,0.0,2.3318304779080252,9.0,6.531825450254922,0.0,0.0,0.0,0.0,1.0,23.8
85.0,1.0,6.0,10.6753289159532,106.698049552265,0.0,8.131668552257471,11.187905093453665,863.8,1,0,0,0,0,0,8.502652923904137,0.0,0.0,0.0,100.0,2.0,11.199073698816669,0.0,0.0,1.0,0.0,0.0,4.0
120.0,4.0,20.0,10.7157128480368,106.631840463303,0.0,9.364834955468142,15.288713651298618,444.7,0,1,1,1,0,1,19.097351273645593,18.293231391949625,0.0,0.0,81.7045199010569,12.0,10.108751105504655,0.0,1.0,0.0,1.0,0.0,8.8
60.0,5.0,8.0,10.7923358712615,106.691636968814,3.0,53.75818181817839,34.07029975082686,73.4,0,0,0,0,0,1,25.9063569677296,0.0,0.0,0.0,99.97275204359671,11.0,2.0899752165684355,0.0,0.0,0.0,1.0,0.0,35.5
76.0,2.0,8.133333333333333,10.807536107651,106.678456946439,3.0,18.63592086332186,18.093318479606467,953.6,1,0,0,1,1,1,17.39220212010448,80.15834731543625,0.0,0.0,19.84689597315436,7.0,4.291114335339188,0.0,0.0,0.0,1.0,0.0,9.55
36.0,6.0,7.4,10.7954822772031,106.69040136696,0.0,53.75818181817839,34.07029975082686,2751.2,0,0,0,0,0,1,22.762102461573292,66.36994765920326,11.92715905786566,0.0,21.702529805175928,9.0,2.461433345665455,0.0,0.0,1.0,0.0,0.0,14.8
256.0,4.0,14.2,10.8051553459084,106.673053053298,3.0,18.63592086332186,24.56391683041859,579606.9,0,0,0,0,0,1,19.567814035091047,13.500874471991276,85.7039676373763,0.0,0.1408420086096283,43.0,4.460417843360253,0.0,1.0,0.0,1.0,0.0,60.0
70.0,6.0,4.0,10.7512722525099,106.728796323154,0.0,17.789285714285825,15.717993526044307,249.9,0,0,0,0,0,0,8.354727166160457,11.956782713085232,0.0,0.0,88.0392156862745,17.0,4.088274674525507,0.0,0.0,0.0,0.0,1.0,8.5
81.0,4.0,6.0,10.8193620608932,106.702848930544,3.0,18.827244701348747,16.235786892588425,72.2,1,1,1,1,0,0,13.941385937429175,37.89473684210526,0.0,0.0,62.119113573407205,9.0,4.825423894633667,0.0,0.0,0.0,1.0,0.0,9.5
127.0,9.0,30.0,10.7693697020845,106.688246730473,3.0,53.75818181817839,50.13266841725762,5736.4,0,0,0,0,0,0,45.02458601201859,13.82452409176487,86.04473188759502,0.1312669967226832,0.0,17.0,1.5858270004470678,0.0,0.0,0.0,1.0,0.0,73.0
71.0,3.0,8.0,10.7482369245428,106.715844045829,2.0,17.789285714285825,14.8877491993957,4368.0,1,0,0,0,0,1,18.207540931800263,94.49793956043956,0.5663919413919414,0.0,4.934752747252748,7.0,3.482008766677221,0.0,0.0,0.0,0.0,1.0,11.48
63.0,2.0,4.0,10.8040357468203,106.696270989577,2.0,18.827244701348747,15.61262632367065,898.4,1,0,0,1,0,0,20.25050569105691,77.06812110418522,0.0,22.931878895814783,0.0,8.0,3.161741565919589,0.0,0.0,0.0,1.0,0.0,7.58
35.0,2.0,5.666666666666666,10.8417210624173,106.647495090852,2.0,11.098013468022373,23.820911987062647,889.3,0,1,1,0,0,1,18.455878219881225,0.0,0.0,0.0,99.99887552007198,4.0,9.363964487355892,0.0,0.0,0.0,1.0,0.0,3.9
91.0,1.0,5.0,10.8865593261462,106.633290491044,2.0,8.826587030733174,11.964993989558423,262.0,1,1,1,1,0,0,20.25050569105691,0.0,0.0,0.0,99.98854961832062,5.0,14.351952392942568,0.0,0.0,1.0,0.0,0.0,4.5
54.0,2.0,4.0,10.7903166843798,106.708869811721,0.0,18.827244701348747,20.460368357652627,67.5,0,0,0,0,1,0,20.25050569105691,24.414814814814815,0.0,0.0,75.6148148148148,6.0,1.8040473293268091,0.0,0.0,1.0,0.0,0.0,6.9
65.0,4.0,5.0,10.7958477702876,106.640476554649,3.0,19.38917355371901,15.61262632367065,73.4,0,0,1,0,0,0,20.25050569105691,3.7602179836512257,0.0,0.0,96.18528610354224,8.0,6.980017787074482,0.0,0.0,0.0,1.0,0.0,11.5
53.0,5.0,5.0,10.7995669350669,106.641188274475,3.0,19.38917355371901,15.61262632367065,829.6,0,0,0,0,0,0,17.16889699849127,81.11017357762776,0.0,0.0,18.886210221793636,10.0,7.049325255780311,0.0,0.0,0.0,0.0,1.0,9.9
100.0,1.0,10.5,10.7845389183885,106.778689804875,3.0,15.48107692307722,23.328827418358713,,1,1,1,0,0,1,30.56532612762346,,,,,3.0,8.528349604323447,0.0,0.0,0.0,1.0,0.0,7.9
174.0,2.0,12.0,10.8083806729131,106.688225054395,3.0,19.38917355371901,16.235786892588425,1199.9,0,0,0,0,0,0,24.873898992866078,95.86632219351613,0.0,0.0,4.134511209267439,14.0,3.865459751557185,0.0,0.0,1.0,0.0,0.0,24.8
208.0,2.0,7.0,10.8160961918039,106.811904478428,3.0,19.053737403258268,12.780266996675284,,0,0,0,0,0,0,20.25050569105691,,,,,4.0,12.897920726423436,0.0,0.0,0.0,1.0,0.0,9.5
143.0,2.0,20.0,10.7546302266042,106.638287012637,3.0,13.32081849341783,18.83383064658232,2625.4,0,1,1,1,0,0,19.709285382510352,98.5651710215586,0.4159366191818389,0.0,1.0185114649196312,7.0,7.2613641642204625,0.0,0.0,1.0,0.0,0.0,34.0
53.0,3.0,6.0,10.772360022471,106.684432692155,0.0,54.46617152529408,15.149860937399001,40.5,0,0,0,0,0,1,35.13373860631083,0.0,0.0,100.0,0.0,7.0,1.8650959534508724,0.0,0.0,0.0,1.0,0.0,10.0
28.0,2.0,5.0,10.8939324079833,106.603888785686,3.0,9.79203162611253,17.311826932268982,,1,1,1,0,0,0,20.25050569105691,,,,,4.0,16.872391590442582,0.0,0.0,0.0,0.0,1.0,2.4
38.0,4.0,5.0,10.7938780332384,106.662401220325,0.0,19.38917355371901,15.13100312673361,750.6,0,0,0,0,0,0,18.099052454874375,96.91313615774048,0.0,0.0,3.086863842259526,8.0,4.671220938374459,0.0,0.0,0.0,0.0,1.0,8.3
34.0,3.0,10.0,10.7617518132311,106.692265560268,3.0,53.75818181817839,32.631365062301924,280.0,0,0,0,0,0,0,24.998865480621035,65.08928571428572,0.0,0.0,34.9,7.0,1.8551011835837563,0.0,0.0,0.0,0.0,1.0,18.2
100.0,3.0,20.0,10.7432314181326,106.611142180326,3.0,10.737500000006847,19.36213730687916,14454.7,0,1,1,0,1,0,20.25050569105691,0.5466042186970328,0.0,0.0,0.0,9.0,10.480761121320713,0.0,0.0,1.0,0.0,0.0,26.0
60.0,4.0,8.0,10.8656445639018,106.670407417799,2.0,8.826587030733174,9.397256429506324,3567.7,0,0,0,0,0,0,17.46113054409074,44.75908848838187,28.11531238613112,0.0,27.12531883286151,9.0,10.51658290580887,0.0,0.0,0.0,0.0,1.0,6.49
124.0,5.0,14.1,10.7903759534208,106.692444188507,0.0,53.75818181817839,34.07029975082686,59.0,0,0,0,0,0,1,24.1142258297563,10.796610169491526,0.0,0.0,89.25423728813558,6.0,1.8572166484714585,0.0,0.0,0.0,1.0,0.0,50.0
36.0,2.0,5.0,10.8559351058542,106.619090789485,3.0,8.826587030733174,14.285467555474675,,0,0,0,0,0,0,19.567814035091047,,,,,4.0,12.618686976275004,0.0,0.0,1.0,0.0,0.0,3.2
48.0,1.0,8.366666666666665,10.7743450098558,106.697630011815,3.0,53.75818181817839,80.81249751703449,3438.2,0,0,0,0,0,1,27.875779929550006,82.24943284276657,0.0,17.750276307370136,0.0,7.0,0.4213532862861631,0.0,0.0,0.0,1.0,0.0,15.5
420.0,3.0,30.0,10.7809271501472,106.761917443202,3.0,38.647438220481845,16.791900388268562,,0,0,0,0,0,0,21.788667863727383,,,,,12.0,6.665836293176527,0.0,0.0,0.0,1.0,0.0,88.0
65.0,2.0,6.0,10.7402944858646,106.736068019666,0.0,17.789285714285825,8.648767860862735,162.0,1,1,1,0,0,0,13.834634373598146,52.69135802469136,0.0,0.0,47.27777777777778,4.0,5.509527353635781,0.0,0.0,0.0,0.0,1.0,6.78
180.0,7.0,23.7,10.8440099563781,106.710040839865,0.0,15.48107692307722,17.78611714762465,,1,0,0,0,0,1,23.367189811728526,,,,,14.0,7.625151737479587,0.0,0.0,0.0,0.0,1.0,45.0
55.0,2.0,7.0,10.8052810921129,106.682338953751,2.0,18.63592086332186,15.149860937399001,94.6,1,1,1,1,1,0,12.77062601913981,39.45031712473573,0.0,0.0,60.5708245243129,6.0,3.8471224427344537,0.0,0.0,0.0,0.0,1.0,9.5
164.0,5.0,16.0,10.7366859380014,106.671511045931,3.0,9.364834955468142,15.149860937399001,58.6,0,0,0,0,0,0,19.95794963295886,83.58361774744026,0.0,0.0,16.43344709897611,23.0,5.436745347020152,1.0,0.0,0.0,1.0,0.0,31.99
56.0,3.0,8.7,10.7863067863389,106.690213037456,3.0,54.46617152529408,106.67729565230768,273.5,0,0,0,0,0,1,29.34260834230355,24.950639853747713,75.06398537477148,0.0,0.0,9.0,1.651566546171425,0.0,0.0,0.0,1.0,0.0,12.9
52.0,4.0,7.15,10.783443530526,106.765596929916,2.0,38.647438220481845,23.346267146280812,,1,0,0,1,0,1,19.567814035091047,,,,,7.0,7.093627862508861,0.0,0.0,0.0,0.0,1.0,7.59
76.0,4.0,8.0,10.8648936314362,106.63400583575,2.0,8.826587030733174,9.23912502081522,,1,0,0,1,0,0,18.520635477981624,,,,,8.0,12.30453719712162,0.0,0.0,0.0,1.0,0.0,5.4
75.0,4.0,7.0,10.6972044761898,106.740397074378,0.0,8.131668552257471,7.431275025157785,4236.8,0,1,1,0,0,0,18.321957535463458,16.80395581570997,39.1939671450151,0.0,44.00136895770392,8.0,9.756935016607503,0.0,0.0,0.0,0.0,1.0,8.2
77.0,1.0,2.0,10.7195521576749,106.738389059901,3.0,17.789285714285825,8.648767860862735,1211.7,0,0,0,0,0,0,8.354727166160457,0.0,0.0,0.0,100.0,6.0,7.482746296940163,0.0,0.0,1.0,0.0,0.0,5.4
75.0,3.0,3.0,10.7911327444072,106.661878132165,0.0,19.38917355371901,15.149860937399001,750.6,0,0,0,0,0,0,18.099052454874375,99.77351452171597,0.0,0.0,0.2278177458033573,6.0,4.60285596614354,0.0,0.0,0.0,1.0,0.0,8.1
33.0,3.0,4.0,10.8157263932752,106.695145728855,2.0,18.827244701348747,16.924787565129154,105.4,1,1,1,0,0,0,14.324407498016885,99.79127134724858,0.0,0.0,0.1897533206831119,6.0,4.46499317051393,0.0,0.0,0.0,0.0,1.0,6.95
65.0,5.0,15.0,10.7959193916376,106.671083537174,0.0,18.63592086332186,14.561953480312356,2443.8,0,1,1,1,0,0,19.111424974759938,91.35772158114412,0.2025534004419346,0.0,8.44095261478026,10.0,3.9567525995881256,0.0,0.0,0.0,0.0,1.0,19.0
72.0,3.0,3.0,10.7316751830777,106.745225668891,0.0,17.789285714285825,8.648767860862735,1059.1,1,0,0,0,0,0,8.354727166160457,96.51307714096876,3.484090265319611,0.0,0.0,6.0,6.8940630729139265,0.0,0.0,0.0,0.0,1.0,8.79
213.0,3.0,18.8,10.788095603701,106.67687773787,0.0,54.46617152529408,15.61262632367065,35.4,1,0,0,0,0,1,24.641850909075103,0.0,0.0,0.0,99.97175141242938,10.0,2.9680684413058382,0.0,0.0,0.0,1.0,0.0,24.0
93.0,2.0,6.0,10.8283744046595,106.639059986919,3.0,19.38917355371901,15.923197269929185,498.0,1,1,0,0,0,0,18.639005558576912,3.2670682730923697,0.0,0.0,96.72690763052208,6.0,8.93501104577214,0.0,0.0,0.0,0.0,1.0,8.4
129.0,3.0,6.0,10.6752725475049,106.698429932432,3.0,8.131668552257471,11.187905093453665,3518.6,1,0,0,0,0,0,8.502652923904137,12.068152105951231,0.0,0.0,87.93184789404876,8.0,11.204179815670564,0.0,0.0,0.0,0.0,1.0,6.0
96.0,5.0,12.0,10.8256286360689,106.634531076998,3.0,19.38917355371901,15.923197269929185,860.5,1,0,0,0,0,0,20.25050569105691,7.874491574665893,0.0,0.0,92.12202208018594,10.0,9.128016203281089,0.0,0.0,0.0,0.0,1.0,15.0
106.0,5.0,15.15,10.8031083961953,106.716090017117,3.0,18.827244701348747,23.596282954466844,86.0,0,0,0,0,0,1,21.692084895986877,1.162790697674419,0.0,0.0,98.84883720930232,11.0,3.430307065856963,0.0,0.0,0.0,1.0,0.0,25.0
77.0,5.0,12.0,10.8078041894961,106.702948764126,3.0,18.827244701348747,20.454141465138118,1193.6,1,0,0,0,0,0,15.076317258595626,85.56216487935657,0.436494638069705,0.0,14.003853887399464,10.0,3.5422252873401776,0.0,0.0,1.0,0.0,0.0,15.0
100.0,4.0,7.0,10.825794444784,106.723103537347,2.0,15.48107692307722,14.40074884671146,,1,0,0,0,0,0,20.25050569105691,,,,,9.0,6.035990022666196,0.0,0.0,0.0,1.0,0.0,12.9
83.0,4.0,8.0,10.6783930277897,106.753586645453,3.0,8.131668552257471,11.712567766934,8606.4,0,0,0,0,0,0,8.354727166160457,89.89531046662948,0.0,0.0,0.0,9.0,12.275096577529665,0.0,0.0,0.0,0.0,1.0,9.2
110.0,5.0,8.0,10.7039745983788,106.631072970329,3.0,9.364834955468142,15.288713651298618,2854.7,1,0,0,0,0,0,17.67945501854178,34.808561319928536,0.0,65.19143868007147,0.0,10.0,11.075566161208684,0.0,0.0,0.0,0.0,1.0,8.8
60.0,3.0,4.0,10.7979628108693,106.710887064904,3.0,18.827244701348747,18.54716240721297,3299.9,1,0,0,0,0,0,20.263535304628697,99.48059032091882,0.3063729203915269,0.0,0.2139458771477923,13.0,2.6658887301178886,0.0,0.0,0.0,0.0,1.0,8.5
74.0,1.0,5.0,10.9025251845016,106.55260907606,3.0,9.79203162611253,17.70353500975991,20526.7,1,0,0,0,0,0,19.567814035091047,4.337716242747251,95.6620888891054,0.0,0.0,3.0,21.4690873599902,0.0,0.0,0.0,1.0,0.0,3.7
60.0,3.0,6.0,10.7957896177058,106.706763879864,2.0,18.827244701348747,15.081788755498186,100.7,1,0,0,0,0,0,24.624921090794228,12.919563058589867,0.0,0.0,87.04071499503476,10.0,2.2858200197673977,0.0,0.0,0.0,0.0,1.0,10.19
101.0,3.0,6.0,10.8057748355091,106.605093295656,2.0,10.737500000006847,10.067829993435623,1603.5,1,1,1,0,0,0,17.400949483778184,30.215777985656377,0.0,0.0,69.78609292173373,7.0,10.996909586874448,0.0,0.0,1.0,0.0,0.0,10.5
572.0,2.0,10.2,10.8165612806043,106.684258351511,3.0,11.098013468022373,15.13100312673361,4557.1,0,0,0,0,0,1,20.251605221005875,61.614623335015686,0.0,38.38537666498431,0.0,12.0,4.8709295646541,0.0,1.0,0.0,1.0,0.0,102.0
53.0,4.0,5.0,10.8424066651469,106.642782480388,0.0,11.098013468022373,15.61262632367065,4018.4,0,0,0,1,0,1,10.107421869117639,82.11253235118456,0.0,0.0,17.887965359347003,9.0,9.7517151458525,0.0,0.0,0.0,1.0,0.0,7.6
52.0,5.0,4.0,10.7601894270013,106.707231402267,0.0,12.968707708226514,16.235786892588425,1625.4,0,0,0,0,0,0,18.154126053561612,72.47200689061154,3.0607850375292234,0.0,24.467208071859233,10.0,1.8813183073854705,0.0,0.0,1.0,0.0,0.0,6.2
95.0,2.0,8.0,10.7898575380314,106.589661584153,2.0,10.737500000006847,13.71334205498395,2461.1,0,0,0,0,0,0,20.25050569105691,33.0262890577384,0.0,0.0,66.97371094226159,12.0,12.26973246080602,0.0,0.0,1.0,0.0,0.0,5.2
51.0,3.0,6.7,10.7380304305442,106.662572389856,3.0,9.364834955468142,15.149860937399001,132.9,1,0,0,0,0,1,20.25050569105691,10.902934537246049,0.0,0.0,89.11211437170805,5.0,5.961494863913841,0.0,0.0,1.0,0.0,0.0,5.7
56.0,3.0,12.0,10.72685404061272,106.66797121894751,0.0,13.123347608580726,20.341033665775136,46712.0,0,0,0,0,0,0,22.10413068261712,100.0,0.0,0.0,0.0,8.0,6.55451173629006,0.0,0.0,0.0,1.0,0.0,6.65
31.0,3.0,19.8,10.7987497863509,106.682026799922,3.0,18.63592086332186,18.83383064658232,328.4,0,0,0,0,0,1,20.25050569105691,19.190012180267967,80.81912302070647,0.0,0.0,10.0,3.2771316793142753,0.0,0.0,0.0,1.0,0.0,8.3
52.0,4.0,5.0,10.8078380778158,106.703494052527,0.0,18.827244701348747,17.205832796074894,1266.2,1,0,0,0,0,0,15.076317258595626,4.797820249565629,94.34449534038856,0.0,0.8576844100458062,8.0,3.5498773374458845,0.0,0.0,0.0,0.0,1.0,8.0
100.0,2.0,6.0,10.8071209348185,106.623907104496,2.0,14.87073929990493,13.051852005459661,305.3,1,1,0,0,0,0,20.480480660290983,21.614805109728135,0.0,0.0,78.38191942351786,9.0,9.114156827457178,0.0,0.0,0.0,1.0,0.0,7.4
240.0,1.0,14.0,10.8306177317765,106.705301896777,0.0,18.827244701348747,16.235786892588425,6964.9,0,0,0,0,0,0,19.425983461480996,23.7088831138997,0.0,0.0,76.29068615486224,10.0,6.0905312045427,0.0,0.0,0.0,1.0,0.0,30.0
78.0,4.0,8.0,10.6927386708749,106.740732378908,3.0,8.131668552257471,7.431275025157785,408.7,0,0,0,0,0,0,8.354727166160457,56.650354783459754,0.0,0.0,43.3594323464644,9.0,10.220673035910249,0.0,0.0,0.0,0.0,1.0,8.2
210.0,7.0,13.2,10.8082603281337,106.732811438541,0.0,38.647438220481845,58.28290665694527,,0,0,0,0,0,1,25.358109988674624,,,,,45.0,4.986551312869244,0.0,1.0,0.0,1.0,0.0,39.0
171.0,6.0,26.0,10.385303700155749,106.91976396414516,3.0,19.383985295609417,20.086701866981706,,0,0,0,0,0,0,19.567814035091047,,,,,31.0,49.58411439973824,0.0,1.0,0.0,1.0,0.0,17.0
63.0,3.0,12.0,10.8181878502582,106.692898232674,0.0,18.827244701348747,16.924787565129154,39.1,0,0,1,0,1,0,28.579744739094878,61.53452685421994,0.0,0.0,38.54219948849105,6.0,4.775848657855147,0.0,0.0,0.0,1.0,0.0,11.9
100.0,3.0,15.333333333333332,10.7983510445006,106.738778220784,3.0,38.647438220481845,44.55718221916659,,0,0,0,0,0,1,20.25050569105691,,,,,10.0,4.807799186951309,0.0,1.0,0.0,1.0,0.0,33.0
54.0,1.0,6.0,10.839161017522812,106.7838972620666,2.0,19.053737403258268,18.834465413133596,,1,0,0,0,0,1,20.25050569105691,,,,,4.0,11.450195344788206,0.0,0.0,0.0,1.0,0.0,4.8
78.0,4.0,7.76,10.8418426677613,106.676348858432,2.0,11.098013468022373,15.081788755498186,156.3,1,0,0,0,0,1,20.25050569105691,53.09021113243762,0.0,0.0,46.88419705694177,8.0,7.804529891836972,0.0,0.0,0.0,1.0,0.0,9.85
60.0,3.0,7.0,10.7886693818387,106.661446720879,0.0,19.38917355371901,15.149860937399001,65.8,0,0,0,1,1,0,14.535280883434632,43.26747720364742,0.0,0.0,56.76291793313071,6.0,4.554738814556237,0.0,0.0,0.0,1.0,0.0,9.39
50.0,3.0,5.0,10.8783819006971,106.774986557572,2.0,15.48107692307722,14.196219758981544,,1,1,0,0,0,0,14.230094570897254,,,,,8.0,13.954248968522728,0.0,0.0,0.0,1.0,0.0,5.29
195.0,2.0,7.1,10.9031313051969,106.635608240155,3.0,9.79203162611253,17.90785159642303,,0,0,0,0,0,1,20.25050569105691,,,,,18.0,15.842777853464684,0.0,0.0,0.0,1.0,0.0,5.0
52.0,4.0,5.0,10.8482341835395,106.647990949798,2.0,11.098013468022373,15.61262632367065,6457.2,1,0,1,0,0,0,11.178588935354508,4.486154989778852,0.0,92.17183918726384,3.342005822957319,7.0,9.907644652719783,0.0,0.0,0.0,0.0,1.0,6.55
68.0,3.0,8.0,10.8147839837264,106.632541955312,2.0,19.38917355371901,15.923197269929185,1044.9,0,0,0,0,0,0,17.16889699849127,33.269212364819595,0.0,0.0,66.72983060579959,8.0,8.641433672894644,0.0,0.0,1.0,0.0,0.0,6.0
367.0,6.0,28.1,10.8041362085332,106.617776065086,3.0,14.87073929990493,17.8318693459886,885.0,0,1,1,1,1,1,20.902681260504874,0.711864406779661,99.28474576271184,0.0,0.0,13.0,9.624105817103588,0.0,0.0,1.0,0.0,0.0,22.24
105.0,3.0,12.0,10.69103710273572,106.72113707910906,0.0,8.131668552257471,13.173106254134565,3104.7,0,0,0,0,0,1,19.32281039637293,0.0,20.0096627693497,0.0,79.989693046027,8.0,9.697735677475256,0.0,0.0,0.0,0.0,1.0,13.5
50.0,3.0,5.5,10.7529588518578,106.676031606929,0.0,29.82381843840417,15.149860937399001,45.9,0,0,0,0,0,1,20.25050569105691,33.92156862745098,0.0,0.0,66.10021786492375,8.0,3.750084041337449,0.0,1.0,0.0,1.0,0.0,30.0
30.0,4.0,3.3,10.7925290419913,106.696930976127,3.0,53.75818181817839,34.07029975082686,59.7,0,0,0,0,0,1,20.25050569105691,3.4673366834170847,0.0,96.54941373534338,0.0,7.0,1.893520889821368,0.0,0.0,1.0,0.0,0.0,9.0
80.0,4.0,8.0,10.6778660744823,106.753035545277,3.0,8.131668552257471,11.712567766934,718784.3,1,0,0,0,1,0,8.354727166160457,0.1996690801398973,0.3899653901733803,0.588365661297833,0.009400594865525,9.0,12.299044943868232,0.0,0.0,0.0,0.0,1.0,10.8
75.0,4.0,10.7,10.8755693829624,106.655233269195,2.0,8.826587030733174,13.805666803246416,12501.0,1,0,1,0,0,1,24.269797544088476,16.24302055835533,83.75729941604672,0.0,0.0,10.0,12.152136829734236,0.0,0.0,0.0,0.0,1.0,8.1
56.0,4.0,5.0,10.7993223810107,106.641338231705,0.0,19.38917355371901,15.61262632367065,1272.4,1,1,1,1,0,0,17.16889699849127,96.27318453316566,0.0,0.0,3.722885884941842,9.0,7.024039061672315,0.0,0.0,0.0,0.0,1.0,9.9
24.0,2.0,6.0,10.8247904284326,106.687685843571,3.0,11.098013468022373,15.149860937399001,198.0,1,0,0,1,0,0,20.25050569105691,24.32323232323232,2.6717171717171717,0.0,73.02525252525253,4.0,5.619610557462876,0.0,0.0,1.0,0.0,0.0,4.5
34.0,3.0,10.0,10.7613673576183,106.691979637369,3.0,53.75818181817839,32.631365062301924,15.6,0,0,0,0,0,1,24.998865480621035,0.0,0.0,0.0,100.0,7.0,1.9078642597057456,0.0,0.0,0.0,1.0,0.0,17.8
49.0,4.0,4.0,10.7435228140601,106.683952346359,3.0,9.364834955468142,15.13100312673361,2232.8,1,1,1,1,1,0,16.644438696094667,79.87594052310999,0.0,0.0,20.12271587244715,8.0,4.068216762024299,0.0,0.0,0.0,0.0,1.0,7.55
76.0,4.0,24.0,10.8059921264648,106.790031433105,0.0,19.053737403258268,23.42179327737413,,0,0,0,0,0,0,20.87381731865282,,,,,8.0,10.270398686624748,0.0,0.0,0.0,1.0,0.0,14.5
135.0,7.0,26.1,10.8512982575196,106.75299250231,3.0,15.48107692307722,16.151929588086617,,0,0,0,0,0,1,18.328763957132956,,,,,28.0,10.110714820557543,0.0,0.0,0.0,1.0,0.0,25.0
94.0,3.0,7.1,10.810649589642,106.666466032686,3.0,19.38917355371901,20.918551142754602,142.2,0,0,0,0,0,1,26.252298540169484,99.68354430379748,0.0,0.0,0.3445850914205345,11.0,5.399587374889788,0.0,0.0,0.0,0.0,1.0,28.0
54.0,2.0,8.0,10.7728773287423,106.65518620237,3.0,13.32081849341783,15.923197269929185,77.9,1,0,0,1,0,0,20.25050569105691,40.62901155327342,0.0,0.0,59.42233632862643,4.0,5.027382506193709,0.0,0.0,0.0,0.0,1.0,13.9
100.0,4.0,20.7,10.8594801266744,106.75670933419,2.0,15.48107692307722,16.151929588086617,,1,0,0,0,0,1,19.567814035091047,,,,,11.0,11.092994881563362,0.0,0.0,0.0,1.0,0.0,9.95
70.0,1.0,3.0,10.7098811362751,106.70186701954,0.0,8.131668552257471,13.173106254134565,,0,1,1,1,0,0,8.502652923904137,,,,,2.0,7.35255969785921,0.0,0.0,0.0,1.0,0.0,5.6
50.0,2.0,3.5,10.8015029215836,106.821870514023,0.0,19.053737403258268,12.780266996675284,,1,0,0,0,0,1,18.237438852350834,,,,,6.0,13.493056992010109,0.0,0.0,0.0,1.0,0.0,4.3
1.17,2.0,30.0,10.7444521954236,106.696732596193,3.0,17.789285714285825,17.287883938053668,19302.44,0,0,0,0,0,0,20.25050569105691,0.0,0.0,0.0,100.0,40.0,3.540250410921098,0.0,0.0,1.0,0.0,0.0,232.0
60.0,3.0,5.5,10.8480516351379,106.64228028593,0.0,11.098013468022373,15.61262632367065,2863.2,1,0,0,0,0,1,11.178588935354508,20.070550433081863,0.0,0.0,79.93049734562729,8.0,10.269410276280167,0.0,0.0,0.0,0.0,1.0,7.5
100.0,7.0,5.0,10.8419261055187,106.630937393625,3.0,8.826587030733174,15.500554052311237,990.0,0,1,0,0,0,1,16.846557206889077,14.228282828282827,0.0,0.0,85.77373737373736,9.0,10.60493633848012,0.0,0.0,0.0,1.0,0.0,11.89
40.0,2.0,4.0,10.7515968442749,106.695548817515,0.0,17.789285714285825,17.287883938053668,498563.61,1,0,1,1,0,0,13.55522012715968,95.4990898754123,0.0,0.1154456499542756,4.385462468871324,4.0,2.78043976022394,0.0,0.0,0.0,1.0,0.0,4.74
105.0,4.0,10.0,10.762726373187,106.686672177653,3.0,53.75818181817839,59.25648860397285,2619.3,0,0,0,0,0,0,72.86150756189254,99.6766311609972,0.3214599320429122,0.0,0.0,11.0,2.159253190608164,0.0,0.0,0.0,0.0,1.0,43.0
31.0,2.0,2.0,10.7627325110583,106.662901713856,3.0,24.737282299672927,20.339947871608835,122.0,0,0,1,0,0,0,20.25050569105691,30.057377049180328,51.74590163934426,0.0,18.54098360655738,4.0,4.425767936827035,0.0,0.0,1.0,0.0,0.0,6.2
60.0,4.0,5.0,10.8133980778197,106.68999909543,0.0,18.827244701348747,16.924787565129154,2940.5,0,1,0,0,0,0,17.40171754184511,6.41999659921782,93.57864308791022,0.0,0.0,6.0,4.331643536717444,0.0,0.0,0.0,0.0,1.0,9.99
98.0,4.0,6.0,10.8585002227221,106.623088379414,3.0,8.826587030733174,9.23912502081522,,1,1,1,0,1,0,20.25050569105691,,,,,11.0,12.520045063704092,0.0,0.0,0.0,1.0,0.0,6.7
144.0,5.0,8.0,10.7344114717191,106.657580311257,0.0,9.364834955468142,15.149860937399001,9370.4,0,1,0,0,0,0,19.147615456211028,42.10716725006404,19.59041236233245,0.0,38.301993511482976,43.0,6.632302035919092,0.0,0.0,0.0,0.0,1.0,27.5
144.0,5.0,13.0,10.841423,106.84012,3.0,19.053737403258268,21.65981557903033,,1,1,0,1,1,0,19.567814035091047,,,,,24.0,16.836782831540354,0.0,1.0,0.0,1.0,0.0,22.9
52.0,4.0,9.0,10.7986182708939,106.813175354186,0.0,19.053737403258268,12.780266996675284,,0,0,0,0,0,0,20.18206125192249,,,,,7.0,12.497666591077012,0.0,0.0,0.0,1.0,0.0,5.65
66.0,5.0,9.5,10.7919378860355,106.691408358523,3.0,53.75818181817839,34.07029975082686,1256.6,0,0,0,0,0,1,25.9063569677296,94.22011777813148,0.0,0.0,5.775903230940633,9.0,2.064323612130356,0.0,1.0,0.0,1.0,0.0,25.0
64.0,5.0,7.0,10.8263050075554,106.635800202103,0.0,19.38917355371901,16.924787565129154,700.1,0,1,1,0,0,0,20.25050569105691,22.72389658620197,0.0,0.0,77.27324667904585,9.0,9.064198708586131,0.0,0.0,0.0,1.0,0.0,8.9
80.0,3.0,5.0,10.8291906232874,106.614295748965,3.0,8.826587030733174,15.780638971822933,2488.8,1,0,0,0,0,0,20.25050569105691,18.60173577627772,0.0,0.0,81.40027322404372,6.0,11.174690593178983,0.0,0.0,0.0,0.0,1.0,6.2
75.0,5.0,3.0,10.8285566122519,106.638915528101,3.0,19.38917355371901,15.923197269929185,897.7,1,0,0,0,0,0,20.25050569105691,87.73420964687534,0.0,0.0,12.269132226801826,7.0,8.960182935427925,0.0,0.0,1.0,0.0,0.0,8.0
45.0,2.0,4.0,10.7353206040383,106.732633476644,3.0,17.789285714285825,8.648767860862735,1229.5,1,0,1,0,0,0,8.354727166160457,8.351362342415616,91.64538430256202,0.0,0.0,4.0,5.6856852344924205,0.0,0.0,0.0,1.0,0.0,6.05
54.0,4.0,6.0,10.7568892944612,106.585917566557,2.0,10.737500000006847,13.482984203694478,7639.7,1,0,0,0,0,0,13.472608342303552,89.92735316831813,6.4726363600664945,0.0,3.6001413668075974,11.0,12.760430744943196,0.0,0.0,0.0,1.0,0.0,7.97
126.0,2.0,12.0,10.7349546360919,106.70785885535,0.0,17.789285714285825,34.311080856230646,707353.2,1,1,1,1,0,0,19.567814035091047,34.28193581367837,19.24510131572177,0.0,46.47296145687897,7.0,4.623373645379208,0.0,0.0,0.0,1.0,0.0,33.8
54.0,5.0,8.0,10.7605466555315,106.666288491674,3.0,24.737282299672927,15.149860937399001,85.0,0,0,0,0,0,1,20.25050569105691,0.3647058823529411,0.0,0.0,99.8235294117647,9.0,4.172912812439038,0.0,0.0,0.0,1.0,0.0,23.0
72.0,1.0,4.0,10.8540482739512,106.677479734851,3.0,8.826587030733174,8.427513172672999,1361.1,1,1,1,0,0,0,20.25050569105691,26.3279700242451,0.0,0.0,73.67276467563,4.0,9.053893911264916,0.0,0.0,0.0,1.0,0.0,4.7
43.0,4.0,3.9,10.7615916238493,106.67850579806,3.0,29.82381843840417,18.093318479606467,210.5,0,0,0,1,0,1,17.376381907262566,1.5534441805225654,0.0,0.0,98.44655581947744,15.0,2.9425232313249676,0.0,0.0,0.0,0.0,1.0,9.29
60.0,5.0,10.0,10.7690750281465,106.690697744254,0.0,53.75818181817839,80.81249751703449,792.5,0,0,1,1,0,0,72.86150756189254,0.0,99.208832807571,0.7924290220820189,0.0,11.0,1.3726242151296364,0.0,0.0,0.0,0.0,1.0,36.5
55.0,4.0,10.0,10.8500572478647,106.69531466973,3.0,8.826587030733174,13.645852307543556,13438.3,1,1,0,0,0,0,20.25050569105691,8.11769345824993,0.0,0.0,91.881934470878,10.0,8.258997474299155,0.0,0.0,0.0,0.0,1.0,6.7
29.0,4.0,3.0,10.7514882416605,106.70178109035,3.0,17.789285714285825,17.287883938053668,119958.53,0,1,0,0,0,0,13.55522012715968,0.0,0.0,0.0,100.0,7.0,2.7265984620091888,0.0,0.0,0.0,0.0,0.0,5.99
51.0,2.0,2.0,10.7491379430315,106.710083197229,1.0,17.789285714285825,14.8877491993957,23439.5,0,0,0,0,0,0,19.567814035091047,13.199513641502593,33.15002453124,0.0,53.65037650120523,3.0,3.1439937696592093,0.0,0.0,1.0,0.0,0.0,4.15
35.0,2.0,12.0,10.7690933392099,106.680850058568,1.0,54.46617152529408,15.13100312673361,67.6,0,0,0,0,0,0,35.13373860631083,0.0,0.0,0.0,100.0,4.0,2.3415349419024443,0.0,0.0,1.0,0.0,0.0,7.6
83.0,1.0,10.0,10.7823664517884,106.609038761232,3.0,10.737500000006847,11.523850027712317,45.8,0,1,1,0,0,0,17.858559625558907,0.0,0.0,0.0,100.0,3.0,10.08100474827776,0.0,0.0,1.0,0.0,0.0,10.0
50.0,4.0,5.0,10.7683497741895,106.647809601934,3.0,13.32081849341783,15.61262632367065,113.8,1,0,0,0,0,0,20.25050569105691,4.244288224956064,0.0,0.0,95.7469244288225,8.0,5.883028018470617,0.0,0.0,0.0,0.0,1.0,8.7
39.0,2.0,4.0,10.7142419860962,106.737043261528,0.0,17.789285714285825,8.648767860862735,9428.4,0,1,1,0,0,0,20.119968764420605,80.5232064825421,17.66068473972254,0.0,1.8165330278732343,5.0,7.910534864483603,0.0,0.0,1.0,0.0,0.0,5.4
98.0,2.0,6.1,10.7035021544685,106.703914812913,0.0,8.131668552257471,13.173106254134565,1378.7,0,1,1,1,0,1,8.502652923904137,29.897004424457823,9.67360557046493,0.0,60.43084064698628,11.0,8.067255640536322,0.0,1.0,0.0,1.0,0.0,5.8
90.0,4.0,12.0,10.8305838477085,106.705548796066,3.0,18.827244701348747,16.235786892588425,4489.4,0,0,1,0,1,0,19.425983461480996,77.58319597273578,0.0,0.0,22.416358533434313,9.0,6.0888669339582835,0.0,0.0,0.0,0.0,1.0,13.8
43.0,1.0,8.0,10.8124437928195,106.707719509974,2.0,18.827244701348747,20.47473566303819,31.4,1,0,1,0,0,0,20.25050569105691,5.955414012738855,0.0,0.0,93.94904458598728,2.0,4.116362066055275,0.0,0.0,1.0,0.0,0.0,7.5
35.0,4.0,5.0,10.798595542679385,106.66454516351224,3.0,19.38917355371901,20.918551142754602,451.0,1,1,1,1,1,0,19.806236435736306,9.926829268292684,90.07317073170732,0.0,0.0,7.0,4.717608137346003,0.0,0.0,0.0,0.0,1.0,7.8
75.0,5.0,6.0,10.8070096768834,106.695053518476,3.0,18.827244701348747,15.288713651298618,1088.6,1,0,0,0,0,0,13.941385937429175,88.45857064119052,0.0,0.0,11.542347969869558,18.0,3.5107996460858,0.0,0.0,0.0,1.0,0.0,13.0
60.0,3.0,4.0,10.7520231286545,106.701718427995,0.0,17.789285714285825,17.287883938053668,83205.49,1,0,0,0,0,0,13.55522012715968,0.0,0.0,100.0,0.0,10.0,2.6669622103767825,0.0,0.0,1.0,0.0,0.0,10.0
79.0,4.0,9.0,10.8682220007976,106.687917262316,0.0,8.826587030733174,8.427513172672999,7117.1,0,0,0,0,0,0,20.25050569105691,24.137499824366667,0.0,0.0,75.86235966896628,10.0,10.355200525617835,1.0,0.0,0.0,0.0,1.0,7.15
106.0,3.0,7.0,10.8157078121703,106.694097321924,0.0,18.827244701348747,16.924787565129154,280.2,1,0,0,0,0,0,17.40171754184511,12.301927194860813,0.0,0.0,87.7123483226267,38.0,4.4810691237101645,0.0,0.0,0.0,0.0,1.0,27.9
72.0,2.0,12.0,10.7847994735259,106.627287251049,3.0,14.87073929990493,12.804496961724974,1038.8,1,0,0,0,0,0,20.25050569105691,4.201963804389681,0.0,0.0,95.79996149403158,9.0,8.12190303492373,0.0,0.0,0.0,1.0,0.0,8.6
279.0,2.0,8.0,10.8296240631588,106.702857316086,3.0,18.827244701348747,16.235786892588425,1905.3,0,0,0,0,0,1,19.23866524947719,84.7178921954548,0.4099092006508161,0.0,14.871148900435626,8.0,5.965812296399236,0.0,0.0,0.0,1.0,0.0,55.0
14.0,2.0,3.4,10.8345605505609,106.639696941834,0.0,11.098013468022373,20.454141465138118,145.6,1,1,0,0,0,1,19.567814035091047,15.98901098901099,0.0,0.0,84.00412087912088,2.0,9.347758910511,0.0,0.0,0.0,1.0,0.0,1.88
51.0,2.0,5.0,10.8674775887639,106.628641302448,2.0,8.826587030733174,9.23912502081522,,1,1,1,0,1,0,17.671025386590237,,,,,4.0,12.88774187781333,0.0,0.0,1.0,0.0,0.0,4.5
33.0,4.0,3.0,10.8010482136427,106.688068538779,3.0,18.63592086332186,15.288713651298618,63.5,0,0,0,0,0,0,17.84317339376276,0.0,0.0,0.0,99.9527559055118,7.0,3.127883555337701,1.0,0.0,0.0,0.0,1.0,7.35
61.0,2.0,6.95,10.4149570995016,106.972915062961,3.0,19.383985295609417,18.774867915500884,61.5,0,0,0,0,0,1,20.25050569105691,2.991869918699187,0.0,0.0,97.08943089430896,4.0,49.94338074237805,0.0,0.0,1.0,0.0,0.0,6.3
104.0,4.0,11.2,10.7698722885721,106.671057499649,3.0,24.737282299672927,14.561953480312356,3395.0,0,0,0,0,0,1,32.67330086593139,76.79293078055964,0.0,0.0,23.194698085419738,8.0,3.351687430740955,0.0,0.0,0.0,1.0,0.0,35.0
72.0,5.0,18.2,10.7898603322704,106.621710390283,2.0,14.87073929990493,9.35870800879073,114.4,1,0,0,0,0,1,20.25050569105691,11.486013986013988,0.0,0.0,88.50524475524475,13.0,8.807740500669057,0.0,0.0,1.0,0.0,0.0,10.3
60.0,4.0,7.25,10.7874146032043,106.647084376075,3.0,19.38917355371901,14.561953480312356,415.5,0,0,0,0,0,1,20.25050569105691,65.07581227436823,0.0,0.0,34.93622141997593,8.0,6.035209796710053,0.0,1.0,0.0,1.0,0.0,11.8
155.0,3.0,30.0,10.8098528092774,106.821275819764,3.0,19.053737403258268,18.03421329876938,,1,1,1,0,1,0,20.25050569105691,,,,,8.0,13.655626113314604,0.0,0.0,0.0,1.0,0.0,13.5
62.0,2.0,3.0,10.7911378632568,106.624543704616,0.0,14.87073929990493,9.35870800879073,1741.8,0,1,1,0,0,0,17.667251633927393,15.917441726949132,84.08370651050637,0.0,0.0,4.0,8.530074517355887,0.0,0.0,0.0,0.0,1.0,5.79
67.0,3.0,4.8,10.8413682166017,106.725083288553,0.0,15.48107692307722,14.40074884671146,,0,0,1,0,0,1,19.567814035091047,,,,,7.0,7.726226055720127,0.0,0.0,0.0,1.0,0.0,8.8
170.0,3.0,18.0,10.8118849489016,106.667008838227,0.0,19.38917355371901,20.918551142754602,1187.0,0,0,0,0,0,1,20.25050569105691,92.664700926706,0.0,0.0,7.337826453243471,7.0,5.457819116888193,0.0,1.0,0.0,1.0,0.0,16.9
56.0,4.0,6.0,10.7977190771861,106.695892703964,2.0,18.827244701348747,15.13100312673361,5516.4,1,0,0,0,0,0,18.746215486842598,0.0,99.99981872235516,0.0,0.0,9.0,2.4811284690459248,0.0,0.0,0.0,0.0,1.0,8.5
35.0,2.0,5.666666666666666,10.8067416606011,106.680657312196,3.0,18.63592086332186,18.093318479606467,515.7,0,1,0,0,0,1,17.39220212010448,23.03471010277293,0.0,0.0,76.95559433779329,4.0,4.082993832957422,0.0,0.0,0.0,1.0,0.0,9.5
48.0,3.0,5.666666666666666,10.7744587140677,106.697786954676,3.0,53.75818181817839,80.81249751703449,3438.2,0,0,0,0,0,1,27.875779929550006,82.24943284276657,0.0,17.750276307370136,0.0,7.0,0.4004280537845868,0.0,0.0,0.0,1.0,0.0,15.5
48.0,2.0,6.0,10.8147774168062,106.689121607081,2.0,11.098013468022373,18.83383064658232,283.6,1,0,0,0,0,0,17.40171754184511,18.97743300423131,0.0,0.0,81.01551480959095,4.0,4.50598324561925,0.0,0.0,1.0,0.0,0.0,6.95
65.0,6.0,17.8,10.7934316273842,106.687240714622,0.0,53.75818181817839,34.07029975082686,72.3,0,0,0,0,0,1,19.211286203635318,18.81051175656985,0.0,0.0,81.18948824343016,8.0,2.459434749180887,0.0,0.0,0.0,1.0,0.0,27.0
31.0,3.0,8.0,10.7833663940565,106.647389873156,0.0,19.38917355371901,14.561953480312356,14332.1,0,0,0,0,0,1,17.444977006572753,25.615227356772557,17.19371201708054,0.0,57.19106062614691,6.0,5.923807927724726,0.0,1.0,0.0,0.0,1.0,4.35
26.0,2.0,6.0,10.7929570022209,106.641249108311,2.0,19.38917355371901,15.61262632367065,1508.2,1,1,1,0,0,0,17.16889699849127,92.91804800424347,7.081288953719665,0.0,0.0,4.0,6.804049502978298,0.0,0.0,0.0,1.0,0.0,5.6
196.0,1.0,12.0,10.8426190181474,106.733987280439,0.0,15.48107692307722,14.40074884671146,,0,0,0,0,0,0,20.25050569105691,,,,,10.0,8.232650401707797,0.0,0.0,0.0,1.0,0.0,19.5
121.0,5.0,10.0,10.7721027141512,106.672354308402,1.0,24.737282299672927,20.454141465138118,4918.0,0,1,0,0,0,0,23.47480801259286,62.5884505896706,0.0,0.0,37.41256608377389,14.0,3.169792453995048,0.0,0.0,0.0,1.0,0.0,28.6
45.0,4.0,3.0,10.8143602893622,106.632135055826,1.0,14.87073929990493,13.051852005459661,2916.2,0,0,0,0,0,0,17.16889699849127,18.405116247170977,81.59625540086415,0.0,0.0,8.0,8.656669735953965,0.0,0.0,1.0,0.0,0.0,5.55
56.0,2.0,4.0,10.7661016059295,106.642406128276,2.0,13.32081849341783,15.13100312673361,55.6,0,0,0,0,1,0,9.90181956943871,0.0,0.0,0.0,100.0,4.0,6.505264092030304,0.0,0.0,1.0,0.0,0.0,5.2
86.0,4.0,12.0,10.8007846709766,106.591389563699,0.0,10.737500000006847,13.71334205498395,3599.7,0,1,1,0,0,1,18.06394396884742,48.87407283940328,0.0,0.0,43.50501430674779,8.0,12.296438654352146,0.0,0.0,0.0,0.0,1.0,6.8
148.0,4.0,20.0,10.8060106682998,106.790248918548,0.0,19.053737403258268,23.42179327737413,,0,0,0,0,1,0,17.400949483778184,,,,,9.0,10.29353785232795,0.0,0.0,0.0,0.0,1.0,22.98
47.0,1.0,5.3,10.8414689835059,106.725470387356,0.0,15.48107692307722,14.40074884671146,,0,0,0,0,0,1,20.251605221005875,,,,,3.0,7.751185101396628,0.0,0.0,1.0,0.0,0.0,4.45
55.0,2.0,5.0,10.8055390787919,106.681834209392,0.0,18.63592086332186,15.149860937399001,56.7,1,1,0,1,0,0,12.77062601913981,30.01763668430335,0.0,0.0,70.0352733686067,6.0,3.900893949119632,0.0,0.0,0.0,0.0,1.0,9.8
49.0,1.0,5.4,10.6928186624515,106.741294200015,0.0,8.131668552257471,7.431275025157785,707.9,1,1,1,1,0,1,8.354727166160457,13.446814521825118,0.0,0.0,86.55883599378443,3.0,10.238789694208924,0.0,0.0,0.0,0.0,1.0,3.39
54.0,3.0,6.0,10.8546603728122,106.768448394077,0.0,15.48107692307722,17.056969241416212,,1,0,0,0,0,1,17.400949483778184,,,,,9.0,11.428519392548194,0.0,1.0,0.0,1.0,0.0,7.6
39.0,4.0,3.15,10.8026732777162,106.681713305759,2.0,18.63592086332186,15.13100312673361,1433.3,1,1,0,1,0,1,17.184474827935027,1.7630642573083095,98.1322821460964,0.0,0.1018628340193958,7.0,3.6443055315792376,0.0,1.0,0.0,1.0,0.0,7.5
100.0,4.0,20.0,10.7311145419768,106.735051899777,3.0,17.789285714285825,8.648767860862735,1522.3,0,0,0,0,0,0,20.25050569105691,99.52834526703016,0.2529067857846679,0.0,0.2194048479274781,10.0,6.218277014899201,0.0,0.0,0.0,0.0,1.0,16.3
223.0,3.0,8.0,10.8412247448365,106.560176303309,3.0,13.123347608580726,19.239629626786382,,1,1,1,1,0,0,20.25050569105691,,,,,8.0,17.01513187240485,0.0,0.0,0.0,1.0,0.0,13.1
36.0,2.0,4.0,10.879441215576,106.648657771723,0.0,8.826587030733174,11.964993989558423,3602.7,1,0,1,0,0,0,18.18659779679914,100.0,0.0,0.0,0.0,5.0,12.8492544709982,0.0,0.0,0.0,1.0,0.0,3.59
60.0,2.0,15.0,10.8029104307102,106.70050016015,3.0,18.827244701348747,15.61262632367065,86.9,1,1,0,1,0,0,20.25050569105691,57.629459148446486,0.0,6.214039125431531,36.14499424626006,8.0,2.9930206020139414,0.0,0.0,0.0,0.0,1.0,10.8
120.0,7.0,14.4,10.7761992145328,106.66341177998,3.0,24.737282299672927,15.61262632367065,1842.0,0,0,0,0,0,1,16.95010834230355,99.97774158523345,0.0,0.0,0.0,22.0,4.116896155128097,0.0,0.0,0.0,0.0,1.0,41.0
65.0,4.0,16.0,10.7878198235836,106.629332251832,3.0,14.87073929990493,12.804496961724974,86.1,0,1,0,0,0,0,18.58320168788192,14.204413472706158,0.0,0.0,85.84204413472706,8.0,7.94874121872364,0.0,0.0,0.0,1.0,0.0,12.0
81.0,2.0,5.0,10.7990018602259,106.634502964675,3.0,14.87073929990493,14.237298722437757,273.5,0,0,0,0,0,0,20.25050569105691,13.404021937842778,0.0,0.0,86.59597806215722,4.0,7.710933346275446,0.0,0.0,1.0,0.0,0.0,5.69
64.0,4.0,12.0,10.6928104533353,106.741089474366,3.0,8.131668552257471,7.431275025157785,153.2,0,0,0,0,0,0,8.354727166160457,14.3733681462141,0.0,0.0,85.64621409921672,11.0,10.230042748102749,0.0,0.0,0.0,0.0,1.0,9.5
88.0,2.0,7.0,10.7897198557941,106.691234942943,3.0,53.75818181817839,34.07029975082686,365.4,0,0,0,0,0,1,21.344748464934785,0.0,0.0,0.0,99.98905309250138,5.0,1.8677684567869592,1.0,0.0,0.0,1.0,0.0,32.0
147.0,5.0,15.8,10.8785928306901,106.774922096506,3.0,15.48107692307722,14.196219758981544,,1,1,1,1,0,1,14.230094570897254,,,,,24.0,13.969324297227622,0.0,0.0,0.0,1.0,0.0,9.4
74.0,2.0,8.666666666666668,10.8105063225887,106.713689799989,2.0,18.827244701348747,20.47473566303819,640.1,1,0,0,0,0,1,20.263535304628697,0.0,99.99531323230744,0.0,0.0,5.0,4.075913558199836,0.0,0.0,0.0,0.0,1.0,7.9
78.0,4.0,10.0,10.7761898357679,106.612302148292,0.0,10.737500000006847,8.135783941420566,4681.0,0,0,0,0,0,0,18.529132150179485,79.1696218756676,0.0,0.0,20.83059175389874,12.0,9.699771239005862,0.0,0.0,0.0,1.0,0.0,11.2
50.0,2.0,14.0,10.747700418118,106.704564698089,2.0,17.789285714285825,14.8877491993957,498563.61,1,0,0,0,0,0,8.502652923904137,95.4990898754123,0.0,0.1154456499542756,4.385462468871324,5.0,3.169449285103122,0.0,0.0,0.0,1.0,0.0,6.9
52.0,4.0,6.65,10.8059439620207,106.681455225238,2.0,18.63592086332186,18.093318479606467,984.2,1,0,0,0,0,1,12.77062601913981,71.65921560658403,0.0,0.0,28.33976833976834,9.0,3.9611468839548025,0.0,0.0,0.0,0.0,1.0,9.3
108.0,4.0,10.0,10.8379371750268,106.611878314304,3.0,8.826587030733174,15.780638971822933,193.6,0,0,1,0,0,1,20.25050569105691,0.0,0.0,0.0,99.98966942148762,12.0,11.93306423016347,1.0,0.0,0.0,1.0,0.0,7.9
60.0,1.0,7.0,10.8052985488614,106.66208146899,3.0,19.38917355371901,18.093318479606467,325.4,0,1,1,0,1,1,20.25050569105691,9.966195451751693,0.0,0.0,90.02458512599878,2.0,5.364491309945755,0.0,0.0,0.0,0.0,1.0,11.0
75.0,4.0,6.0,10.8069176306893,106.623286696511,2.0,14.87073929990493,13.051852005459661,182.4,1,0,1,0,0,0,20.480480660290983,0.0,0.0,0.0,100.0,12.0,9.168386508882804,0.0,0.0,0.0,0.0,1.0,6.1
63.0,3.0,12.0,10.8391580845101,106.778227227216,0.0,19.053737403258268,18.834465413133596,,0,1,1,0,0,0,20.25050569105691,,,,,6.0,10.9674483705284,0.0,0.0,0.0,0.0,1.0,8.3
96.0,4.0,15.0,10.795695324107127,106.77495044446832,0.0,38.647438220481845,44.55718221916659,,0,0,0,0,1,1,20.586367962736855,,,,,9.0,8.358718608551602,0.0,1.0,0.0,1.0,0.0,17.5
94.0,2.0,8.0,10.819702563574,106.70408948708,3.0,18.827244701348747,16.235786892588425,1688.7,1,1,1,1,0,0,13.930220361551154,80.76686208325931,12.387635459228992,0.0,6.847278971990288,2.0,4.870461450358645,0.0,0.0,0.0,1.0,0.0,11.9
75.0,3.0,6.0,10.7017345004417,106.740926790991,0.0,8.131668552257471,7.431275025157785,1146.5,0,0,0,0,0,0,17.25767208576909,71.1312690798081,0.0,0.0,28.868730920191886,8.0,9.334061040520448,0.0,0.0,0.0,0.0,1.0,6.78
78.0,2.0,2.0,10.7558537698823,106.70566170917,3.0,12.968707708226514,15.923197269929185,770.2,0,0,0,0,0,0,18.154126053561612,12.373409504024927,0.0,0.0,87.6317839522202,8.0,2.29491264991842,0.0,0.0,0.0,0.0,1.0,5.95
48.0,2.0,4.0,10.7338904720091,106.65885483985,2.0,9.364834955468142,18.093318479606467,2307.7,0,0,0,0,0,0,19.147615456211028,60.54036486545045,14.018286605711316,0.0,25.440915196949348,5.0,6.574356271068524,0.0,1.0,0.0,1.0,0.0,6.68
77.0,5.0,12.0,10.8075777143799,106.702696028999,3.0,18.827244701348747,20.454141465138118,245.3,1,0,1,0,0,1,15.076317258595626,15.405625764370155,0.0,0.0,84.60660415817365,10.0,3.515606664732141,0.0,0.0,0.0,0.0,1.0,15.5
352.0,4.0,14.3,10.7767154770732,106.687584185948,0.0,54.46617152529408,106.67729565230768,170.5,0,0,0,0,0,1,20.25050569105691,0.0,0.0,100.0,0.0,30.0,1.4785277030088837,0.0,1.0,0.0,1.0,0.0,142.0
272.0,3.0,8.2,10.8079449512287,106.735406928805,0.0,38.647438220481845,58.28290665694527,,0,0,0,0,0,1,19.567814035091047,,,,,14.0,5.163302145199351,0.0,0.0,0.0,1.0,0.0,80.0
106.0,2.0,6.0,10.795538452695,106.642995003366,3.0,19.38917355371901,15.61262632367065,818.5,1,0,1,1,0,0,19.334768492444127,72.14783139890042,0.0,0.0,27.858277336591325,6.0,6.708387470722938,0.0,0.0,0.0,0.0,1.0,12.8
120.0,5.0,6.0,10.7855352066543,106.698888237916,0.0,53.75818181817839,48.487230363696476,3861.0,0,0,0,0,0,0,26.915843909224144,0.7637917637917637,0.0,99.23569023569024,0.0,14.0,1.087443737162837,0.0,0.0,0.0,0.0,1.0,33.0
90.0,4.0,20.0,10.846718320959,106.722816489637,3.0,15.48107692307722,14.40074884671146,,0,0,0,0,0,0,18.903841583700096,,,,,10.0,8.213454807545851,0.0,0.0,0.0,1.0,0.0,21.0
310.0,3.0,6.0,10.7874700480939,106.767553053796,0.0,38.647438220481845,23.346267146280812,,1,0,0,0,0,1,19.567814035091047,,,,,8.0,7.369996322273323,0.0,0.0,0.0,0.0,1.0,26.0
45.0,3.0,4.0,10.8708522868049,106.628422089567,2.0,8.826587030733174,14.285467555474675,,1,1,1,0,0,0,17.369957436871715,,,,,8.0,13.200282572363534,0.0,0.0,0.0,1.0,0.0,4.75
430.0,3.0,13.0,10.8499209425027,106.695250422085,0.0,8.826587030733174,13.645852307543556,1805.7,0,0,1,0,1,0,18.58320168788192,28.356316110095804,0.0,0.0,71.64423769175389,12.0,8.24442634671913,0.0,0.0,0.0,0.0,1.0,45.0
230.0,3.0,10.7,10.7809119186284,106.691236574407,3.0,54.46617152529408,106.67729565230768,1649.5,0,0,0,0,1,1,20.25050569105691,95.96180660806306,1.0300090936647468,3.008790542588663,0.0,13.0,1.2079456507333115,0.0,0.0,0.0,1.0,0.0,203.0
71.0,1.0,11.0,10.7143755872995,106.736711349713,0.0,17.789285714285825,18.28632481919144,575.5,0,0,0,0,0,1,8.354727166160457,34.68983492615117,0.0,0.0,65.31190269331016,3.0,7.879676291702987,0.0,0.0,0.0,1.0,0.0,3.6
100.0,1.0,4.0,10.6963303486261,106.744400070696,0.0,8.131668552257471,7.431275025157785,548867.9,0,1,1,0,0,0,20.25050569105691,0.4184886745972938,0.0,0.0,0.0,12.0,10.042745751094072,0.0,0.0,0.0,0.0,1.0,5.1
48.0,5.0,6.0,10.8553206796981,106.655347516248,0.0,11.098013468022373,16.235786892588425,2105.2,0,0,0,0,0,0,15.50660834230355,19.63186395591868,80.36718601558049,0.0,0.0,8.0,10.137263906407147,0.0,0.0,0.0,0.0,1.0,7.69
63.0,5.0,8.0,10.7698843001299,106.613217838152,2.0,10.737500000006847,8.135783941420566,903.0,1,0,0,1,0,0,13.629868366546333,64.6312292358804,0.0,0.0,35.3687707641196,12.0,9.6238803830291,0.0,0.0,0.0,0.0,1.0,7.6
30.0,4.0,3.3,10.7922466783077,106.696908770622,3.0,53.75818181817839,48.487230363696476,93.0,0,1,0,0,1,1,20.25050569105691,0.0,0.0,99.97849462365592,0.0,7.0,1.8636547125455136,0.0,0.0,0.0,1.0,0.0,9.0
80.0,1.0,8.0,10.7799917054339,106.629272727037,2.0,14.87073929990493,17.499103454001883,3731.3,0,0,0,0,0,0,20.25050569105691,99.88315064454748,0.0,0.0,0.116045346126015,2.0,7.85847865937727,0.0,0.0,0.0,0.0,1.0,7.05
50.0,2.0,6.0,10.7663154121546,106.671639855721,3.0,24.737282299672927,24.56391683041859,81.0,0,1,0,0,1,1,26.807768326301748,15.148148148148149,0.0,0.0,84.7530864197531,8.0,3.393501689789864,0.0,0.0,0.0,0.0,1.0,9.0
80.0,4.0,12.0,10.8000442469377,106.674149295935,0.0,18.63592086332186,24.56391683041859,579606.9,1,0,0,0,1,0,20.342567872241002,13.500874471991276,85.7039676373763,0.0,0.1408420086096283,10.0,3.9767059151960007,0.0,0.0,0.0,1.0,0.0,14.5
80.0,4.0,8.125,10.8115656240592,106.709272003151,3.0,18.827244701348747,20.47473566303819,1049.9,0,0,0,0,0,1,18.78482813097723,98.97895037622632,0.0,0.0,1.0239070387655966,9.0,4.054199801671323,0.0,1.0,0.0,1.0,0.0,21.0
90.0,4.0,12.0,10.7017529962954,106.728622216981,0.0,17.789285714285825,18.28632481919144,5581.4,0,0,0,0,0,0,20.25050569105691,47.60221449815459,1.2125989895008424,0.0,51.18572401189666,10.0,8.786362741342968,0.0,0.0,0.0,0.0,1.0,18.6
20.0,3.0,6.6,10.7935202024395,106.691563332565,3.0,18.63592086332186,24.56391683041859,394.6,1,0,1,0,0,1,26.14981200653238,3.596046629498226,0.0,0.0,96.39635073492144,5.0,2.209175045935466,0.0,0.0,0.0,1.0,0.0,4.2
58.0,6.0,4.0,10.7873049771586,106.647683813992,0.0,19.38917355371901,16.924787565129154,29.2,1,0,0,0,0,0,20.25050569105691,0.0,0.0,100.0,0.0,13.0,5.968634090341688,0.0,0.0,0.0,0.0,1.0,8.4
5.551,1.0,19.3,10.7931700844827,106.797389142193,3.0,15.48107692307722,23.42179327737413,,0,0,0,0,0,1,30.56532612762346,,,,,2.0,10.689636278704588,0.0,0.0,0.0,1.0,0.0,350.0
368.0,3.0,25.8,10.830520291593,106.731758559275,3.0,15.48107692307722,14.40074884671146,,0,0,0,0,1,1,19.567814035091047,,,,,13.0,6.925744995553535,0.0,0.0,0.0,1.0,0.0,27.0
242.0,3.0,16.0,10.8461847518151,106.748892193839,3.0,38.647438220481845,23.346267146280812,,0,0,0,0,0,0,20.25050569105691,,,,,10.0,9.388982146868925,0.0,0.0,0.0,1.0,0.0,21.0
40.0,3.0,6.0,10.8129824803779,106.709172661833,2.0,18.827244701348747,20.47473566303819,366.4,1,0,0,0,1,0,15.155664323925304,9.88264192139738,0.0,0.0,90.12008733624457,5.0,4.205735324054748,0.0,0.0,0.0,0.0,1.0,7.5
74.0,2.0,5.0,10.743919077805,106.697200109002,2.0,17.789285714285825,17.287883938053668,58822.99,1,1,0,0,0,0,19.567814035091047,0.0,0.0,100.0,0.0,12.0,3.5925850510878106,0.0,0.0,1.0,0.0,0.0,7.8
66.0,2.0,8.0,10.7242372236381,106.680278147324,3.0,13.123347608580726,20.341033665775136,13260.0,1,0,0,0,0,0,19.95794963295886,97.552790346908,0.0,0.0,2.313046757164404,4.0,6.188924711158836,0.0,1.0,0.0,0.0,1.0,3.5
48.0,6.0,4.1,10.8029886625381,106.704746806849,0.0,18.827244701348747,17.205832796074894,70.3,1,0,0,0,0,1,18.58425689749212,22.95874822190612,0.0,77.08392603129445,0.0,6.0,3.0273235772477127,0.0,0.0,0.0,1.0,0.0,13.4
9.0,3.0,2.0,10.7816317194804,106.680117596254,0.0,54.46617152529408,14.561953480312356,3675.9,0,1,1,1,0,0,20.25050569105691,87.15715879104437,0.0,7.154710411055795,5.688946924562692,4.0,2.375980999237832,0.0,0.0,0.0,0.0,0.0,1.95
145.0,4.0,13.6,10.7892475480384,106.698432871403,3.0,53.75818181817839,48.487230363696476,70.0,0,0,0,0,0,1,20.25050569105691,57.71428571428571,0.0,42.31428571428572,0.0,7.0,1.5015932163956331,0.0,0.0,0.0,0.0,1.0,84.0
35.0,3.0,6.0,10.8161609078915,106.69514493613,3.0,18.827244701348747,16.924787565129154,837.9,1,0,0,0,0,0,14.324407498016885,84.9874686716792,0.0,0.0,15.01372478816088,6.0,4.51281159539217,0.0,0.0,0.0,0.0,1.0,6.85
177.0,3.0,12.5,10.8447048074181,106.753486494065,3.0,15.48107692307722,15.706358342303552,,0,0,0,0,0,1,17.02299287958239,,,,,7.0,9.544744499707203,0.0,1.0,0.0,1.0,0.0,11.5
115.0,5.0,5.0,10.8188687562235,106.678677909927,3.0,11.098013468022373,15.13100312673361,137.3,1,1,1,0,1,0,17.39220212010448,35.68099053168245,0.0,0.0,64.33357611070647,11.0,5.359129676076626,0.0,0.0,0.0,1.0,0.0,12.3
115.0,3.0,23.0,10.79589,106.7922,0.0,19.053737403258268,23.42179327737413,,0,0,0,0,0,1,18.57448268224521,,,,,12.0,10.193713307583568,0.0,0.0,0.0,1.0,0.0,10.5
222.0,4.0,7.0,10.7769238278434,106.638885431604,3.0,14.87073929990493,21.72974125281273,1541.0,0,0,0,0,0,1,19.688090336254568,59.05061648280338,18.16677482154445,0.0,22.78325762491888,13.0,6.796716841603082,0.0,0.0,0.0,1.0,0.0,32.5
54.0,2.0,7.0,10.8500844419687,106.695352788304,0.0,8.826587030733174,13.645852307543556,13438.3,1,0,0,0,0,1,17.507940897797152,8.11769345824993,0.0,0.0,91.881934470878,5.0,8.261695090659218,0.0,0.0,0.0,1.0,0.0,5.4
68.0,6.0,11.233333333333334,10.7344512348959,106.626554167022,3.0,12.006306645336863,14.561953480312356,25857.7,0,0,0,0,0,1,20.586367962736855,93.84748063439515,6.139718536451424,0.0,0.0,9.0,9.36275637194977,1.0,0.0,0.0,0.0,1.0,15.4
60.0,2.0,5.0,10.8715716142138,106.677927793884,3.0,8.826587030733174,8.427513172672999,1525.9,1,1,1,0,0,0,17.729439434140414,0.0,8.395700897830789,0.0,91.60692050593092,5.0,10.924271422092971,0.0,0.0,1.0,0.0,0.0,4.65
240.0,4.0,14.6,10.7379383692129,106.720857193366,0.0,17.789285714285825,30.38692272100736,,0,0,0,0,1,1,22.174529617989272,,,,,10.0,4.750817222636561,0.0,0.0,0.0,0.0,1.0,45.0
75.0,1.0,5.0,10.7969172992678,106.664897659777,3.0,19.38917355371901,20.918551142754602,258.8,0,1,0,0,0,0,18.099052454874375,18.292117465224113,0.0,0.0,81.69629057187016,2.0,4.587702415595946,0.0,0.0,0.0,1.0,0.0,11.0
28.0,1.0,4.460000000000001,10.8025821048449,106.685759632004,0.0,18.63592086332186,15.288713651298618,58.6,1,0,0,0,0,1,20.25050569105691,0.0,0.0,0.0,100.0,3.0,3.397707642869497,0.0,0.0,0.0,1.0,0.0,3.75
181.0,5.0,12.0,10.7757021702104,106.640818172967,0.0,14.87073929990493,21.72974125281273,96.6,0,0,0,0,0,0,20.25050569105691,14.79296066252588,0.0,0.0,85.22774327122153,24.0,6.584916254582003,0.0,0.0,0.0,1.0,0.0,43.0
183.0,8.0,24.0,10.8071207057055,106.718755938384,3.0,18.827244701348747,23.596282954466844,333.5,0,0,0,0,0,1,29.161416890612465,79.2383808095952,8.992503748125937,0.0,11.778110944527736,11.0,3.961570958349805,0.0,0.0,0.0,1.0,0.0,58.0
100.0,3.0,9.0,10.7681591662749,106.642964208481,0.0,13.32081849341783,18.83383064658232,13156.0,0,1,1,0,0,1,9.90181956943871,0.0,99.56939799331104,0.0,0.4309060504712679,7.0,6.410061822891374,0.0,0.0,1.0,0.0,0.0,9.8
102.0,1.0,10.0,10.8013091803327,106.810393402132,0.0,19.053737403258268,12.780266996675284,,0,1,1,0,1,1,30.56532612762346,,,,,3.0,12.265289687924392,0.0,0.0,1.0,0.0,0.0,5.4
58.0,4.0,5.066666666666666,10.7550238292891,106.629579332057,0.0,12.006306645336863,16.235786892588425,3732.6,0,0,0,0,1,1,20.25050569105691,89.48052295986712,0.9800139313079356,0.0,9.539731018592938,10.0,8.153502835979637,0.0,1.0,0.0,1.0,0.0,13.9
43.0,4.0,3.0,10.8534958587712,106.651672229732,0.0,11.098013468022373,15.61262632367065,79.7,0,0,0,0,0,0,18.007972163078787,44.01505646173149,0.0,0.0,55.99749058971142,6.0,10.168530642826187,0.0,0.0,0.0,0.0,1.0,5.85
55.0,2.0,7.0,10.8656144551465,106.670645887321,3.0,8.826587030733174,9.397256429506324,231.8,1,1,1,0,0,0,17.46113054409074,8.390854184641933,0.0,0.0,91.61777394305436,5.0,10.505134290297296,0.0,0.0,0.0,0.0,1.0,4.6
22.0,4.0,5.0,10.7563582983266,106.652917645333,2.0,29.82381843840417,15.923197269929185,910.8,1,1,1,1,0,0,20.25050569105691,0.0,0.0,0.0,99.99670619235836,5.0,5.698483539692512,0.0,0.0,0.0,1.0,0.0,5.99
270.0,5.0,26.2,10.7935794606527,106.717864141966,3.0,18.827244701348747,41.01013634331939,5636.5,0,0,0,0,0,1,42.28415103036848,0.0,0.0,0.0,99.9994677548124,27.0,2.678467798230519,0.0,0.0,0.0,1.0,0.0,45.0
140.0,4.0,12.0,10.8307601866211,106.705556199916,0.0,18.827244701348747,16.235786892588425,3479.0,1,1,1,1,0,0,19.425983461480996,76.25553319919517,11.829836159816038,0.0,11.914918079908018,14.0,6.108476959730644,0.0,0.0,0.0,0.0,0.0,21.0
57.0,4.0,5.0,10.8479503297667,106.642380255633,3.0,11.098013468022373,15.61262632367065,2863.2,1,0,0,0,0,0,19.567814035091047,20.070550433081863,0.0,0.0,79.93049734562729,10.0,10.253792258271082,0.0,0.0,0.0,1.0,0.0,5.2
64.0,3.0,4.0,10.8196821640328,106.702875551582,3.0,18.827244701348747,16.235786892588425,707.3,1,1,1,1,0,0,13.941385937429175,14.54262689099392,0.0,0.0,85.46161459069702,8.0,4.861105174151947,0.0,0.0,0.0,0.0,1.0,7.38
71.0,4.0,7.0,10.8362041177192,106.726331298018,0.0,15.48107692307722,14.40074884671146,,0,1,0,0,0,0,18.310647152987464,,,,,9.0,7.239444199797582,0.0,0.0,0.0,0.0,1.0,8.6
40.0,5.0,4.0,10.7840913096905,106.658228139618,2.0,19.38917355371901,20.339947871608835,433.8,1,0,0,0,0,0,19.567814035091047,78.52466574458276,0.0,0.0,21.484555094513603,11.0,4.768649690538104,0.0,0.0,0.0,0.0,1.0,8.6
103.0,4.0,5.0,10.7772637508113,106.767576690763,0.0,38.647438220481845,16.791900388268562,,1,1,0,0,0,0,19.567814035091047,,,,,12.0,7.262864245949524,0.0,0.0,1.0,0.0,0.0,13.7
50.0,3.0,4.0,10.8108521682104,106.713317929236,0.0,18.827244701348747,20.47473566303819,1630.4,1,1,1,0,0,0,20.263535304628697,0.0,0.0,0.0,99.9981599607458,7.0,4.098730542975653,0.0,0.0,0.0,0.0,1.0,8.75
72.0,2.0,20.0,10.8197631161434,106.675078055988,0.0,11.098013468022373,15.13100312673361,70.9,1,0,0,1,1,0,20.25050569105691,0.0,0.0,99.9576868829337,0.0,6.0,5.6354938751659445,0.0,0.0,0.0,0.0,1.0,6.9
112.0,1.0,3.0,10.8324932593742,106.723018424633,3.0,15.48107692307722,14.40074884671146,,1,1,1,0,0,0,20.25050569105691,,,,,6.0,6.7224890528355115,0.0,0.0,0.0,1.0,0.0,6.9
133.0,4.0,12.0,10.7134694400115,106.731796117787,3.0,17.789285714285825,18.28632481919144,3164.6,0,1,1,0,0,0,20.25050569105691,14.368956582190483,27.15035075522973,0.0,58.48006067117487,31.0,7.71950076643137,0.0,0.0,0.0,0.0,1.0,27.9
85.0,2.0,8.0,10.7265591351054,106.612052946714,3.0,10.737500000006847,13.181777405603473,5436.8,1,0,0,0,0,0,19.567814035091047,9.596637728075338,0.0,0.0,90.40373013537372,6.0,11.173756064737653,0.0,0.0,1.0,0.0,0.0,7.15
35.0,2.0,3.0,10.7911395198016,106.651451894347,0.0,19.38917355371901,16.924787565129154,156.8,0,0,0,0,0,0,20.25050569105691,45.47831632653061,0.0,54.55357142857142,0.0,2.0,5.678405240957524,0.0,1.0,0.0,1.0,0.0,2.3
260.0,5.0,8.0,10.874972369623,106.65820789094,3.0,8.826587030733174,13.805666803246416,2033.4,1,1,0,0,0,0,20.25050569105691,13.235959476738463,0.0,0.0,86.76354873610701,12.0,11.960752269058975,0.0,0.0,0.0,0.0,1.0,20.5
88.0,2.0,6.0,10.7665325962234,106.659481082184,2.0,24.737282299672927,15.61262632367065,168.0,1,0,0,1,0,0,23.072180951086057,2.702380952380952,0.0,0.0,97.54166666666669,4.0,4.666567894099354,0.0,0.0,0.0,0.0,1.0,16.6
67.0,5.0,6.0,10.7900357390549,106.690157073025,2.0,53.75818181817839,34.07029975082686,3273.4,1,0,0,0,0,0,33.00107166459517,30.517199242377956,69.48432822142115,0.0,0.0,8.0,1.965849969545374,0.0,0.0,0.0,1.0,0.0,19.2
90.0,6.0,8.0,10.8155981736514,106.698733204516,0.0,18.827244701348747,20.454141465138118,54.4,1,0,0,0,0,0,13.941385937429175,0.0,0.0,0.0,100.0,28.0,4.410698588119318,0.0,0.0,0.0,1.0,0.0,17.3
219.0,4.0,20.0,10.8588727744512,106.777850119392,3.0,15.48107692307722,16.99010834230355,,1,1,1,1,0,0,20.25050569105691,,,,,11.0,12.457299877840406,0.0,0.0,0.0,0.0,1.0,35.0
72.0,3.0,3.0,10.7264830507236,106.733182160318,1.0,17.789285714285825,8.648767860862735,795.2,1,0,0,0,1,0,8.354727166160457,52.992957746478865,0.0,0.0,47.0020120724346,9.0,6.526844452979803,0.0,0.0,0.0,0.0,1.0,8.8
55.0,4.0,7.1066666666666665,10.7497397434052,106.644089412309,3.0,12.006306645336863,14.561953480312356,2616.1,1,1,0,0,1,1,18.147843146474766,97.57386950040136,0.1471656282252207,0.0,2.2789648713734185,7.0,6.878340326107041,0.0,0.0,0.0,0.0,1.0,6.5
170.0,3.0,19.2,10.8439298128714,106.762040365917,0.0,15.48107692307722,23.47132346757169,,1,1,1,1,0,1,20.25050569105691,,,,,8.0,10.067626854098704,0.0,0.0,0.0,1.0,0.0,13.5
80.0,4.0,7.0,10.7938582942555,106.680636979479,2.0,18.63592086332186,15.081788755498186,687.3,1,1,0,0,0,0,13.842079023496492,92.73243125272808,0.0,0.0,7.261748872399243,11.0,2.989865688262238,0.0,0.0,0.0,0.0,1.0,13.9
74.0,2.0,8.666666666666668,10.7692105519491,106.674926097187,0.0,24.737282299672927,14.561953480312356,52.0,1,0,0,0,0,1,19.911470140858842,0.0,0.0,0.0,100.0,5.0,2.957107984902574,0.0,0.0,0.0,1.0,0.0,9.4
61.0,3.0,7.0,10.7699693713976,106.629281715966,2.0,14.87073929990493,15.971912456276133,5160.3,0,0,0,0,0,0,20.25050569105691,4.547216247117416,95.4529775400655,0.0,0.0,8.0,7.873689781672777,0.0,0.0,0.0,0.0,1.0,6.93
96.0,4.0,19.0,10.7646213684184,106.694868943471,3.0,53.75818181817839,22.30565215020024,89.4,1,0,0,0,0,1,19.69171696496433,11.40939597315436,0.0,0.0,88.54586129753915,10.0,1.4367118938109336,0.0,0.0,0.0,1.0,0.0,22.0
82.0,5.0,8.0,10.7936243160035,106.590552953337,0.0,10.737500000006847,13.71334205498395,543.1,0,1,0,0,0,0,17.352177179339265,70.01288897072362,0.0,0.0,29.97974590314859,9.0,12.233144633780084,0.0,0.0,0.0,0.0,1.0,7.0
53.0,5.0,6.0,10.8788835556872,106.669460083198,0.0,8.826587030733174,9.397256429506324,1093.7,0,1,1,0,0,0,18.328763957132956,0.0,0.0,0.0,100.0,9.0,11.950627099510257,0.0,0.0,0.0,0.0,1.0,6.18
100.0,4.0,8.0,10.6927937999711,106.7410722292,0.0,8.131668552257471,7.431275025157785,153.2,0,1,1,0,0,0,8.354727166160457,14.3733681462141,0.0,0.0,85.64621409921672,9.0,10.230912934565351,0.0,0.0,0.0,0.0,1.0,7.48
63.0,5.0,8.0,10.7677998442234,106.694849679734,3.0,53.75818181817839,50.13266841725762,217.2,1,0,0,0,0,0,37.54099080615944,36.68968692449355,0.0,63.31491712707184,0.0,15.0,1.1391072753942677,0.0,0.0,0.0,1.0,0.0,27.0
75.0,3.0,12.0,10.785036005499263,106.7901994998357,3.0,19.053737403258268,23.42179327737413,,0,0,0,0,0,0,20.25050569105691,,,,,7.0,9.784282018641663,0.0,0.0,1.0,0.0,0.0,8.15
61.0,4.0,4.0,10.8415317066009,106.657188288478,2.0,11.098013468022373,23.820911987062647,965.9,1,1,0,0,1,0,20.18744094190726,84.98188218242055,0.0,0.0,15.012941298271045,9.0,8.723545150879767,0.0,0.0,1.0,0.0,0.0,7.4
80.0,5.0,8.0,10.7317210645905,106.745051898904,3.0,17.789285714285825,8.648767860862735,9782.4,0,0,0,0,0,0,19.567814035091047,12.071270853778216,31.6465284592738,56.282200686947995,0.0,9.0,6.877149671467634,1.0,0.0,0.0,1.0,0.0,15.8
77.0,2.0,24.0,10.8093,106.6085,3.0,14.87073929990493,17.8318693459886,1954.6,0,1,0,0,0,0,20.25050569105691,0.0,0.0,0.0,100.0,6.0,10.77098344714804,0.0,0.0,0.0,1.0,0.0,6.2
71.0,6.0,12.0,10.7800262172076,106.679929568829,3.0,54.46617152529408,24.56391683041859,1186.9,0,0,0,0,0,0,20.25050569105691,97.3603504928806,0.0,0.0,2.640492038082399,16.0,2.3554544800953536,0.0,0.0,0.0,1.0,0.0,25.9
380.0,9.0,26.5,10.7872235790104,106.698768080643,3.0,53.75818181817839,48.487230363696476,8711.8,0,0,0,0,0,1,35.13373860631083,0.0,0.0,100.0,0.0,16.0,1.2737342843702129,0.0,0.0,0.0,1.0,0.0,165.0
143.0,3.0,9.8,10.8769658530434,106.74018533806,3.0,15.48107692307722,16.424313862581496,,0,1,1,1,1,1,20.25050569105691,,,,,21.0,12.011042874618347,0.0,0.0,0.0,1.0,0.0,6.7
76.0,3.0,6.0,10.8392913561712,106.796725262131,0.0,19.053737403258268,19.07305356275716,,1,0,0,0,0,0,19.567814035091047,,,,,8.0,12.594251507702207,0.0,0.0,0.0,1.0,0.0,5.8
84.0,2.0,6.0,10.8593883551094,106.644372278167,2.0,8.826587030733174,14.549898133423875,4737.2,1,1,1,0,1,0,17.849840279852607,47.12783922992485,32.96652030735456,0.0,19.9052182723972,5.0,11.15185588974581,0.0,0.0,0.0,1.0,0.0,6.0
50.0,4.0,3.0,10.7991620482278,106.703058037688,3.0,18.827244701348747,15.923197269929185,4982.3,1,1,1,0,0,0,19.911470140858842,12.555847700861047,57.45860345623507,1.4214318688156071,28.5635148425426,9.0,2.584367406082733,0.0,0.0,0.0,0.0,1.0,7.6
63.0,6.0,15.3,10.7610532029704,106.660784227975,3.0,24.737282299672927,15.288713651298618,2277.8,0,0,0,0,0,1,23.072180951086057,92.61129159715514,0.0,0.0,7.38870840284485,14.0,4.707141591307469,0.0,0.0,0.0,0.0,1.0,32.5
28.0,4.0,4.0,10.7881803139323,106.652490949703,0.0,19.38917355371901,23.820911987062647,591.0,0,1,0,0,0,0,20.25050569105691,94.82064297800338,0.0,0.0,5.187817258883249,6.0,5.479674281582419,0.0,0.0,0.0,0.0,1.0,5.8
60.0,4.0,8.125,10.8609180662515,106.711480954085,0.0,8.826587030733174,13.645852307543556,1210.5,0,0,0,0,0,1,20.25050569105691,16.47087980173482,0.0,0.0,83.53077240809583,9.0,9.510284104231603,0.0,0.0,0.0,0.0,1.0,6.19
74.0,4.0,21.0,10.7920423919722,106.691532505726,3.0,53.75818181817839,34.07029975082686,92.6,0,0,0,0,0,1,25.9063569677296,0.0,0.0,0.0,100.0,11.0,2.067420374000603,0.0,0.0,0.0,1.0,0.0,27.9
70.0,4.0,12.0,10.8253488375969,106.701435091578,3.0,18.827244701348747,16.235786892588425,3636.4,0,0,0,0,1,0,19.567814035091047,23.464965350346496,39.61115388846112,0.0,36.92415575844242,9.0,5.4874624371194045,0.0,0.0,0.0,0.0,1.0,13.5
150.0,9.0,18.03333333333333,10.7686201203729,106.693477390879,0.0,53.75818181817839,50.13266841725762,359.1,0,0,0,0,0,1,20.25050569105691,0.2506265664160401,0.0,99.75494291283763,0.0,7.0,1.1690652901726304,0.0,0.0,0.0,1.0,0.0,148.0
40.0,2.0,4.0,10.8072031587506,106.62355000944,2.0,14.87073929990493,13.051852005459661,1109.4,1,1,1,0,0,0,20.480480660290983,22.70957274202271,0.0,0.0,77.29042725797729,4.0,9.153713466667012,0.0,0.0,0.0,1.0,0.0,4.2
55.0,3.0,6.0,10.7980403425542,106.710492483496,0.0,18.827244701348747,18.54716240721297,3299.9,0,0,0,0,0,1,20.263535304628697,99.48059032091882,0.3063729203915269,0.0,0.2139458771477923,8.0,2.6568498022301053,0.0,0.0,0.0,1.0,0.0,8.3
642.0,3.0,26.7,10.8397025787867,106.779790967703,3.0,19.053737403258268,18.834465413133596,,0,0,0,0,0,1,17.400949483778184,,,,,9.0,11.137576229167886,0.0,0.0,1.0,0.0,0.0,48.6
40.0,6.0,6.2,10.768375282561,106.697391016142,3.0,53.75818181817839,22.30565215020024,1756.7,0,0,0,0,0,1,20.25050569105691,99.71936016394376,0.0,0.2806398360562417,0.0,5.0,0.9396617093186402,0.0,0.0,0.0,0.0,1.0,32.0
75.0,5.0,7.0,10.788223512685,106.629523785247,0.0,14.87073929990493,12.804496961724974,755.6,1,0,0,0,1,0,18.58320168788192,78.62228692429858,0.0,0.0,21.37771307570143,12.0,7.935668148625597,0.0,0.0,0.0,1.0,0.0,11.69
72.0,2.0,7.0,10.7970145818285,106.808103339778,2.0,19.053737403258268,23.42179327737413,,1,1,1,1,0,1,30.56532612762346,,,,,4.0,11.919297161601005,0.0,0.0,0.0,1.0,0.0,6.8
123.0,3.0,6.0,10.7862657289542,106.6908112924,2.0,54.46617152529408,106.67729565230768,1011.4,1,0,0,0,0,0,29.34260834230355,0.0,0.0,100.0,0.0,9.0,1.6018966409302002,0.0,0.0,0.0,0.0,1.0,31.0
126.0,4.0,15.1,10.7942331409816,106.708721566707,3.0,18.827244701348747,20.460368357652627,921.9,0,0,0,0,0,1,20.263535304628697,93.60017355461548,0.0,0.0,6.404165310771233,11.0,2.1917015875955657,0.0,0.0,0.0,1.0,0.0,23.5
68.0,3.0,12.0,10.7766293918556,106.619531968951,3.0,10.737500000006847,11.523850027712317,1212.8,0,0,0,0,0,0,17.21642624996233,69.8771437994723,0.0,0.0,30.1195580474934,7.0,8.910274087413212,0.0,0.0,0.0,1.0,0.0,8.45
90.0,5.0,4.4,10.7663152283308,106.683054625684,0.0,53.75818181817839,59.25648860397285,1877.5,0,0,0,0,0,1,22.511366997733134,96.83302263648469,0.0,0.0,3.1675099866844207,18.0,2.2461842174371114,0.0,0.0,0.0,1.0,0.0,29.5
105.0,4.0,8.0,10.7976088690214,106.658532531,3.0,19.38917355371901,18.093318479606467,2668.6,1,0,0,0,0,0,20.25050569105691,97.746758600015,1.515401334032826,0.0,0.736715880986285,9.0,5.23380240757033,0.0,0.0,0.0,1.0,0.0,17.9
42.0,3.0,3.8,10.7937463780265,106.662875104678,0.0,19.38917355371901,15.13100312673361,1351.4,1,0,0,0,0,1,18.099052454874375,92.24581915051056,5.845789551576143,0.0,1.906911351191357,8.0,4.6181585973661265,0.0,0.0,0.0,0.0,1.0,7.68
63.0,3.0,5.0,10.7875712359984,106.760743428022,2.0,38.647438220481845,23.346267146280812,,1,0,0,0,0,0,19.567814035091047,,,,,7.0,6.640807861429435,0.0,0.0,1.0,0.0,0.0,7.4
73.0,1.0,7.0,10.8289809629327,106.689196608997,0.0,11.098013468022373,15.149860937399001,35587.4,0,1,1,1,0,0,16.60869960096871,9.209664094595276,0.0,90.73871651202391,0.0516193933808033,3.0,6.032973829315732,0.0,0.0,0.0,1.0,0.0,9.2
30.0,3.0,4.0,10.7588514217158,106.688225592371,3.0,53.75818181817839,26.429608342303553,52.1,1,0,0,0,0,0,19.575220884013127,0.0,0.0,0.0,99.9232245681382,7.0,2.369362623254159,0.0,0.0,0.0,0.0,1.0,6.5
35.0,2.0,7.0,10.7453602808786,106.63461261811,3.0,12.006306645336863,16.924787565129154,1854.7,0,1,1,1,1,0,20.25050569105691,0.2302259125465034,0.0,0.0,99.771930770475,3.0,8.022438463299201,0.0,0.0,1.0,0.0,0.0,5.8
435.0,5.0,14.0,10.715896580903,106.631678325569,3.0,9.364834955468142,15.288713651298618,262.2,0,0,0,0,0,0,19.097351273645593,12.65064836003051,86.25476735316553,1.0831426392067125,0.0,14.0,10.108494992139232,0.0,0.0,0.0,1.0,0.0,43.56
90.0,3.0,11.5,10.725689308750717,106.69490452833386,0.0,17.789285714285825,34.311080856230646,56677.1,0,0,0,0,0,1,22.10413068261712,2.99302540179367,88.63636283437225,0.0,0.0,9.0,5.635086254697855,0.0,0.0,0.0,0.0,1.0,15.0
121.0,3.0,15.0,10.7990429633683,106.69700611446,3.0,18.827244701348747,18.83383064658232,82.8,0,0,0,0,0,1,20.25050569105691,0.0,0.0,0.0,99.95169082125604,17.0,2.600989174701666,0.0,0.0,0.0,1.0,0.0,17.9
47.0,2.0,10.0,10.7995917638636,106.641375968557,3.0,19.38917355371901,16.235786892588425,584.6,0,1,0,0,0,0,17.16889699849127,21.151214505644887,0.1539514197742046,0.0,78.69141293191926,9.0,7.031326141583438,0.0,1.0,0.0,1.0,0.0,9.6
90.0,3.0,20.0,10.7450049369152,106.61953397575,3.0,10.737500000006847,18.09235831062452,102.0,0,1,1,0,0,0,20.25050569105691,0.1372549019607843,0.0,0.0,99.91176470588236,8.0,9.553576870528024,0.0,0.0,1.0,0.0,0.0,11.5
48.0,4.0,3.0,10.8123204962782,106.688337081544,1.0,18.827244701348747,15.149860937399001,907.4,0,1,1,0,0,0,20.838172755970227,72.74741018294027,0.0,0.0,27.25699801631034,9.0,4.272486488633115,0.0,0.0,0.0,0.0,1.0,8.65
103.0,2.0,5.0,10.8045823286786,106.661375183208,2.0,19.38917355371901,18.093318479606467,224.8,1,0,0,0,0,0,20.25050569105691,0.0,0.0,0.0,100.0,10.0,5.378548651642548,0.0,0.0,1.0,0.0,0.0,19.5
59.0,2.0,25.0,10.772200504245,106.669379956362,3.0,24.737282299672927,20.454141465138118,2660.0,0,0,0,0,0,0,26.807768326301748,58.180075187969926,0.0,0.0,41.81203007518797,4.0,3.4905936331785217,0.0,0.0,1.0,0.0,0.0,34.0
121.0,6.0,25.0,10.7938994166444,106.689539242115,3.0,53.75818181817839,34.07029975082686,120.1,0,0,0,0,0,0,20.25050569105691,11.240632805995004,0.0,0.0,88.74271440466278,31.0,2.357123754637259,0.0,0.0,0.0,1.0,0.0,75.0
76.0,1.0,3.0,10.8645206626597,106.640625458979,3.0,8.826587030733174,14.549898133423875,1291.3,1,0,0,0,0,0,20.25050569105691,8.34507860295826,0.0,0.0,91.653372570278,3.0,11.85370821423104,0.0,0.0,0.0,0.0,1.0,4.5
100.0,3.0,16.0,10.7438981425024,106.608924173165,3.0,10.737500000006847,19.36213730687916,902660.3,0,1,1,1,0,0,20.25050569105691,0.487598712383828,0.0,0.0,0.0,9.0,10.6832643348754,0.0,0.0,1.0,0.0,0.0,15.5
58.0,4.0,3.0,10.7313192454088,106.745015382473,1.0,17.789285714285825,8.648767860862735,24991.8,1,0,0,0,1,0,8.354727166160457,8.863067086004211,0.0,91.13689290087147,0.0,9.0,6.906438911147522,0.0,0.0,0.0,0.0,1.0,7.7
76.0,4.0,10.0,10.7601147098409,106.613687854409,3.0,10.737500000006847,8.135783941420566,137.4,1,1,1,1,0,1,20.25050569105691,15.596797671033476,0.0,0.0,84.41048034934498,8.0,9.710638773215376,0.0,0.0,0.0,1.0,0.0,9.5
50.0,4.0,5.333333333333334,10.7793607100443,106.64031593129,3.0,14.87073929990493,28.253427846446222,118.9,0,0,0,0,0,1,19.688090336254568,75.16400336417158,0.0,0.0,24.869638351555928,8.0,6.650162389660888,0.0,0.0,0.0,0.0,1.0,8.25
51.0,2.0,4.0,10.7958061467877,106.622031541294,2.0,14.87073929990493,12.804496961724974,1809.6,1,0,0,0,0,0,15.331358342303552,89.13406277630416,0.0,0.0,10.865384615384617,4.0,8.913060980304792,0.0,0.0,0.0,0.0,1.0,5.2
262.0,2.0,5.0,10.7499153691233,106.644394713834,3.0,19.38917355371901,18.093318479606467,65.2,0,0,0,0,0,1,18.147843146474766,0.7055214723926381,0.0,0.0,99.29447852760735,10.0,6.839852854582217,0.0,0.0,1.0,0.0,0.0,59.0
98.0,2.0,4.0,10.87488402442,106.658231478737,2.0,8.826587030733174,13.805666803246416,2033.4,1,1,1,0,0,0,24.269797544088476,13.235959476738463,0.0,0.0,86.76354873610701,5.0,11.950704908342782,0.0,0.0,0.0,0.0,1.0,6.2
74.0,2.0,3.0,10.7828787125432,106.776355680275,0.0,38.647438220481845,23.328827418358713,,0,0,0,0,0,0,19.567814035091047,,,,,7.0,8.255898696528043,0.0,0.0,0.0,0.0,1.0,6.3
43.0,2.0,4.0,10.7652041808176,106.669907547359,3.0,24.737282299672927,24.56391683041859,73.0,0,0,0,0,0,0,20.25050569105691,77.57534246575342,0.0,0.0,22.84931506849315,4.0,3.612619794463035,0.0,0.0,0.0,0.0,1.0,6.7
60.0,3.0,15.55,10.7506026427378,106.736206814777,2.0,17.789285714285825,17.42635834230355,3299.4,0,0,1,1,0,1,19.089097978071564,64.26198702794449,0.0,0.0,0.0,9.0,4.762635227932175,0.0,0.0,1.0,0.0,0.0,7.0
30.0,1.0,6.0,10.7846284170321,106.627258937321,3.0,10.737500000006847,8.135783941420566,3893.9,1,1,1,1,0,0,20.25050569105691,35.38971211381905,0.0,0.0,64.60926063843448,5.0,8.122706947000957,0.0,0.0,0.0,1.0,0.0,4.0
96.0,4.0,19.0,10.7659568339904,106.66726615623,2.0,24.737282299672927,24.56391683041859,323.0,1,0,0,0,0,1,20.25050569105691,3.826625386996904,0.0,0.0,96.26315789473684,10.0,3.8609048152703855,0.0,0.0,1.0,0.0,0.0,16.8
60.0,4.0,8.125,10.8783912627115,106.65176380661,0.0,8.826587030733174,13.805666803246416,1242.5,0,0,0,0,0,1,20.25050569105691,84.16177062374246,0.0,0.0,15.8374245472837,9.0,12.596054109524466,0.0,0.0,0.0,0.0,1.0,7.3
124.0,3.0,6.0,10.7865000850496,106.690834143804,0.0,54.46617152529408,106.67729565230768,122.3,0,0,0,0,0,0,29.34260834230355,21.986917416189694,0.0,78.0130825838103,0.0,6.0,1.6188389824732377,0.0,0.0,0.0,1.0,0.0,29.5
120.0,3.0,30.0,10.7872021333239,106.806221527599,3.0,19.053737403258268,23.42179327737413,,0,0,0,0,1,0,20.25050569105691,,,,,8.0,11.550003218945722,0.0,0.0,1.0,0.0,0.0,9.0
60.0,4.0,10.0,10.6849214175639,106.75023778956,0.0,8.131668552257471,7.431275025157785,,0,1,1,0,0,0,11.761918800261277,,,,,9.0,11.462318734352216,0.0,0.0,0.0,0.0,1.0,7.49
34.0,3.0,4.0,10.7620171550349,106.668792927384,0.0,24.737282299672927,15.149860937399001,18.0,0,0,0,0,0,0,20.25050569105691,36.888888888888886,0.0,0.0,63.77777777777778,5.0,3.856439235333439,0.0,0.0,0.0,1.0,0.0,7.2
77.0,6.0,40.0,10.8091557926265,106.677142185899,3.0,18.63592086332186,24.56391683041859,176334.2,0,0,0,0,1,0,20.25050569105691,10.861840754657916,88.46450093061925,0.0252588550604477,0.0078657458394344,20.0,4.521078855826584,0.0,0.0,0.0,0.0,1.0,25.0
70.0,5.0,8.0,10.8731388392055,106.626777459045,3.0,8.826587030733174,9.23912502081522,,1,1,1,1,0,0,20.25050569105691,,,,,9.0,13.51142729996804,0.0,0.0,0.0,0.0,1.0,8.9
65.0,6.0,17.8,10.7932844266854,106.687284794903,3.0,53.75818181817839,34.07029975082686,922.7,0,0,0,0,0,1,19.211286203635318,99.7724070662187,0.0,0.0,0.2243416061558469,8.0,2.4435795174793222,0.0,0.0,0.0,1.0,0.0,27.0
108.0,1.0,11.4,10.9024997403375,106.552904831071,3.0,9.79203162611253,17.70353500975991,7119.4,1,0,0,0,0,1,19.567814035091047,4.472989296850859,95.52658931932469,0.0,0.0,3.0,21.442844430847924,0.0,0.0,0.0,1.0,0.0,2.65
24.0,3.0,4.0,10.7648098299732,106.615906910863,2.0,10.737500000006847,8.135783941420566,1912.0,1,1,0,0,0,0,19.567814035091047,68.26464435146443,0.0,1.4843096234309625,30.252092050209207,6.0,9.38897739106982,0.0,0.0,0.0,1.0,0.0,3.99
55.0,4.0,7.0,10.7616558327221,106.613372535197,0.0,10.737500000006847,8.135783941420566,327.2,0,0,0,0,0,1,20.25050569105691,52.51528117359414,0.0,0.0,47.49694376528117,9.0,9.714885402189712,0.0,0.0,0.0,1.0,0.0,7.8
160.0,4.0,18.0,10.79744,106.7378,0.0,38.647438220481845,44.55718221916659,,0,0,0,0,1,0,20.25050569105691,,,,,15.0,4.664076150999642,0.0,0.0,0.0,1.0,0.0,55.0
32.0,2.0,8.0,10.8205330643125,106.775203740593,0.0,19.053737403258268,20.177656837434043,,0,0,1,0,0,0,20.25050569105691,,,,,4.0,9.488653150221516,0.0,0.0,1.0,0.0,0.0,4.9
72.0,4.0,4.0,10.7991612272244,106.693645401918,0.0,18.827244701348747,18.83383064658232,183.7,1,0,0,0,0,0,18.133914647361333,21.823625476320093,0.0,0.0,78.16004354926511,8.0,2.7010680807047502,0.0,0.0,0.0,0.0,1.0,9.5
75.0,4.0,10.0,10.8705211199426,106.628272951541,0.0,8.826587030733174,14.285467555474675,,1,1,1,1,0,1,17.369957436871715,,,,,10.0,13.180704092289895,0.0,0.0,0.0,1.0,0.0,7.5
32.0,4.0,3.0,10.8015070812918,106.687555302886,3.0,18.63592086332186,15.288713651298618,117.9,1,0,0,0,0,0,17.84317339376276,0.0,0.0,0.0,100.0,7.0,3.198940445942929,0.0,0.0,1.0,0.0,0.0,7.35
121.0,4.0,8.0,10.7861041691771,106.76829775146,3.0,38.647438220481845,23.346267146280812,,1,0,0,0,0,0,18.455878219881225,,,,,10.0,7.425650819234708,0.0,0.0,0.0,1.0,0.0,13.5
56.0,3.0,4.0,10.7383982090425,106.57797758214,3.0,10.737500000006847,17.86847969544204,3194.8,0,0,0,0,0,0,20.25050569105691,61.71372229873544,33.099724552397646,0.0,5.187179166144985,6.0,14.084899802272922,0.0,0.0,0.0,1.0,0.0,3.9
54.0,2.0,4.0,10.7960286136698,106.621996420302,3.0,14.87073929990493,9.35870800879073,159.9,1,0,0,0,0,0,15.331358342303552,68.87429643527204,0.0,0.0,31.150719199499687,4.0,8.922917265678525,0.0,0.0,0.0,1.0,0.0,6.7
90.0,4.0,12.277777777777777,10.7987697087035,106.655102193594,0.0,19.38917355371901,18.093318479606467,8145.4,0,1,1,1,0,1,21.374905914231878,11.22105728386574,0.0,0.0,2.3954624696147517,10.0,5.626221332267177,0.0,1.0,0.0,1.0,0.0,15.0
108.0,5.0,12.0,10.835679,106.842766,0.0,19.053737403258268,21.65981557903033,,0,0,1,0,1,0,22.156780321650697,,,,,12.0,16.836181082839147,0.0,1.0,0.0,1.0,0.0,22.7
66.0,2.0,8.0,10.8436468001712,106.727262394761,3.0,15.48107692307722,14.40074884671146,,1,1,1,0,0,0,20.25050569105691,,,,,6.0,8.046460266888522,0.0,0.0,0.0,1.0,0.0,8.5
48.0,4.0,11.599999999999998,10.8164768046307,106.706174706743,2.0,18.827244701348747,16.924787565129154,28121.5,1,0,0,0,0,1,13.930220361551154,15.314190210337287,6.719520651458849,11.440997101861566,66.5252209163807,7.0,4.534818623380454,0.0,0.0,0.0,0.0,1.0,9.1
66.0,2.0,4.45,10.7723682776185,106.668916409844,3.0,24.737282299672927,14.561953480312356,100.0,0,0,0,0,0,1,26.807768326301748,0.0,0.0,0.0,100.0,9.0,3.538683652317171,0.0,0.0,0.0,1.0,0.0,21.0
73.0,1.0,6.0,10.7420941038941,106.710263713016,0.0,17.789285714285825,24.488452653857216,66.8,0,0,0,0,0,0,20.25050569105691,0.0,0.0,0.0,99.9251497005988,8.0,3.9007982489248016,0.0,0.0,0.0,1.0,0.0,6.5
98.0,4.0,11.0,10.796477901275,106.65075881169,3.0,19.38917355371901,20.454141465138118,244.6,0,0,0,0,0,1,20.25050569105691,33.14799672935405,0.0,0.0,66.84382665576452,11.0,5.951600937039368,0.0,0.0,0.0,1.0,0.0,24.0
269.0,5.0,15.1,10.7977813602461,106.704993895183,0.0,18.827244701348747,15.081788755498186,3425.9,0,0,0,0,0,1,19.911470140858842,64.69774365860066,33.41837181470563,0.0,1.883300738492075,23.0,2.459039967257559,0.0,0.0,0.0,0.0,1.0,80.0
70.0,2.0,3.0,10.8050414977965,106.688429068583,2.0,18.63592086332186,15.149860937399001,437.3,1,0,0,0,0,1,20.25050569105691,15.460782071804251,0.0,0.0,84.55065172650355,9.0,3.5133613057950783,0.0,0.0,0.0,1.0,0.0,8.4
50.0,5.0,6.0,10.744535407871,106.697286433893,0.0,17.789285714285825,17.287883938053668,19302.44,0,0,0,0,0,0,13.55522012715968,0.0,0.0,0.0,100.0,11.0,3.5234177451939033,0.0,0.0,0.0,0.0,1.0,10.4
28.0,3.0,7.0,10.8268325167657,106.687643559675,3.0,11.098013468022373,15.288713651298618,61.8,0,1,0,0,0,0,20.25050569105691,24.57928802588997,0.0,0.0,75.45307443365697,6.0,5.840286335301261,0.0,0.0,0.0,0.0,1.0,5.98
132.0,4.0,13.1,10.771499886631815,106.77659629642716,0.0,38.647438220481845,16.791900388268562,,0,0,0,0,0,1,21.788667863727383,,,,,16.0,8.261996892671442,0.0,0.0,0.0,1.0,0.0,17.2
33.0,1.0,4.0,10.7682635084868,106.603012738804,2.0,10.737500000006847,11.79885823719474,9748.9,0,1,1,1,0,0,17.250306900204997,52.01325277723641,19.12400373375458,0.0,28.86315379170984,4.0,10.74908794038395,0.0,0.0,0.0,1.0,0.0,3.7
67.0,5.0,7.0,10.7524463361194,106.674768882277,0.0,29.82381843840417,15.149860937399001,343.0,0,0,0,1,0,1,20.25050569105691,0.0,0.0,0.0,99.99708454810497,8.0,3.890103291957348,0.0,0.0,0.0,1.0,0.0,18.5
24.0,2.0,4.666666666666666,10.8291242236537,106.689149779043,0.0,11.098013468022373,15.149860937399001,2798.6,1,0,0,0,0,1,16.60869960096871,35.168298434931756,0.0,0.0,64.83170156506826,4.0,6.0496318250894,0.0,0.0,0.0,1.0,0.0,3.65
30.0,2.0,6.0,10.7516798214031,106.701374639129,0.0,17.789285714285825,17.287883938053668,498563.61,1,1,1,1,0,1,13.55522012715968,95.4990898754123,0.0,0.1154456499542756,4.385462468871324,4.0,2.704446885700614,0.0,0.0,0.0,1.0,0.0,3.7
37.0,3.0,3.0,10.7951063562089,106.687764321062,0.0,18.63592086332186,20.918551142754602,,1,0,0,0,1,0,21.04502912786141,,,,,4.0,2.575946069067018,0.0,0.0,1.0,0.0,0.0,6.4
85.0,3.0,8.0,10.6780518267971,106.753903017388,3.0,8.131668552257471,11.712567766934,1377.5,0,0,0,0,1,0,8.354727166160457,11.91361161524501,88.08348457350272,0.0,0.0,9.0,12.324796933490072,0.0,0.0,0.0,0.0,1.0,8.9
51.0,2.0,3.0,10.7383680509875,106.659047779644,1.0,9.364834955468142,15.149860937399001,102.3,0,1,1,1,0,0,20.25050569105691,24.12512218963832,0.0,0.0,75.86510263929618,8.0,6.21394325648705,0.0,0.0,0.0,1.0,0.0,5.98
81.0,5.0,8.0,10.8070981645077,106.719091365896,2.0,18.827244701348747,23.596282954466844,211.3,1,1,1,0,0,0,29.161416890612465,29.044013251301465,0.0,70.9512541410317,0.0,9.0,3.977356175109913,0.0,0.0,0.0,1.0,0.0,11.8
56.0,3.0,7.0,10.8734978936253,106.768388488288,0.0,15.48107692307722,14.40074884671146,,0,0,0,0,0,0,20.25050569105691,,,,,8.0,13.097365764449563,0.0,0.0,1.0,0.0,0.0,8.85
39.0,2.0,2.0,10.8298344365766,106.671374795729,0.0,11.098013468022373,14.561953480312356,83.3,0,0,0,0,0,0,10.107421869117639,51.16446578631453,0.0,0.0,48.82352941176471,4.0,6.809900297218046,0.0,0.0,0.0,0.0,1.0,4.97
174.0,3.0,9.4,10.7930908880571,106.670255185453,3.0,18.63592086332186,14.561953480312356,249.9,0,0,0,0,0,1,24.641850909075103,18.311324529811923,0.0,0.0,81.69667867146858,16.0,3.868225256371237,0.0,0.0,0.0,1.0,0.0,65.0
66.0,5.0,6.0,10.7666234757461,106.600458604599,3.0,10.737500000006847,11.79885823719474,1384.4,1,0,0,0,0,0,13.629868366546333,48.6275642877781,0.0,0.0,51.37532505056341,9.0,11.042970779704588,0.0,0.0,1.0,0.0,0.0,6.8
106.0,3.0,8.7,10.8071800456308,106.718503767047,2.0,18.827244701348747,23.596282954466844,218.4,1,0,0,0,0,1,29.161416890612465,32.074175824175825,0.0,0.0,67.92582417582416,14.0,3.954019774186353,0.0,0.0,0.0,0.0,1.0,13.9
72.0,4.0,15.2,10.811246078457,106.702018500947,3.0,18.827244701348747,20.454141465138118,,0,1,1,0,0,1,17.16203807849431,,,,,12.0,3.920468998178405,0.0,0.0,0.0,1.0,0.0,11.8
41.0,2.0,3.0,10.7489253323345,106.639365727825,0.0,12.006306645336863,20.454141465138118,1931.1,1,1,1,1,1,0,18.147843146474766,0.0,98.90891201905649,0.0,1.0900523017969037,4.0,7.385269030685825,0.0,0.0,0.0,1.0,0.0,4.3
48.0,3.0,4.0166666666666675,10.7382260032053,106.662352823377,0.0,9.364834955468142,15.149860937399001,119.5,0,0,0,0,1,1,20.25050569105691,0.99581589958159,0.0,0.0,99.0460251046025,8.0,5.963114024633448,0.0,0.0,0.0,0.0,1.0,10.4
46.0,3.0,6.0,10.7265791790959,106.733651258275,0.0,17.789285714285825,8.648767860862735,1333.4,1,1,1,1,1,1,8.354727166160457,78.71081445927703,0.0,0.0,21.28918554072296,7.0,6.545527784903276,0.0,0.0,0.0,0.0,1.0,6.2
77.0,4.0,8.0,10.8075166052677,106.678461285032,3.0,18.63592086332186,18.093318479606467,953.6,1,0,0,0,0,0,17.39220212010448,80.15834731543625,0.0,0.0,19.84689597315436,10.0,4.289069198587194,0.0,0.0,0.0,1.0,0.0,12.9
67.0,4.0,4.0,10.7763170620918,106.610986344852,2.0,10.737500000006847,11.523850027712317,2209.0,1,1,1,0,0,1,18.529132150179485,5.1457673155273875,0.0,0.0,94.85559076505209,9.0,9.84353985385098,0.0,0.0,0.0,1.0,0.0,6.0
56.0,2.0,3.0,10.7515719624438,106.72886951647,0.0,17.789285714285825,15.717993526044307,1917.9,0,0,0,0,0,0,8.354727166160457,67.38776787110903,0.0,0.0,32.61171072527244,5.0,4.071887612242346,0.0,0.0,0.0,0.0,1.0,5.8
198.0,3.0,12.0,10.809241,106.7806,0.0,19.053737403258268,20.177656837434043,,0,0,0,0,1,0,20.25050569105691,,,,,10.0,9.437559818173083,0.0,0.0,0.0,1.0,0.0,17.0
120.0,2.0,16.0,10.8505473347913,106.795959376022,3.0,19.053737403258268,19.07305356275716,,0,0,0,0,0,0,20.25050569105691,,,,,20.0,13.268537427779552,0.0,0.0,0.0,0.0,1.0,13.5
95.0,3.0,10.0,10.7556000499942,106.619766924737,3.0,10.737500000006847,18.09235831062452,4447.3,0,0,0,0,0,0,20.25050569105691,37.1088075911227,0.0,0.0,62.891192408877295,7.0,9.169646086613731,0.0,0.0,0.0,0.0,1.0,12.5
61.0,3.0,4.0,10.7870203022379,106.758318596416,2.0,38.647438220481845,23.346267146280812,,1,0,0,0,0,0,17.400949483778184,,,,,4.0,6.369100071139633,0.0,0.0,0.0,0.0,1.0,6.99
68.0,4.0,4.0,10.8611333519268,106.685443332589,2.0,8.826587030733174,8.427513172672999,9988.0,1,0,0,0,0,0,17.849840279852607,66.42000400480576,28.586804164997996,0.0,4.99299158990789,7.0,9.619603206888224,0.0,0.0,0.0,0.0,1.0,6.25
100.0,3.0,10.0,10.7425023432269,106.710459437053,3.0,17.789285714285825,24.488452653857216,1343.3,0,0,0,0,0,0,19.567814035091047,61.399538450085615,0.0,0.0,38.59897267922281,8.0,3.862546213410292,0.0,0.0,0.0,0.0,1.0,16.9
46.0,2.0,4.0,10.8053344354838,106.680088233439,3.0,18.63592086332186,18.093318479606467,72.8,1,1,1,1,1,0,20.25050569105691,1.7307692307692308,0.0,0.0,98.21428571428572,4.0,3.988362608906294,0.0,0.0,0.0,0.0,1.0,6.9
160.0,3.0,12.0,10.7870441994257,106.72963756558,0.0,38.647438220481845,25.425738377885217,,0,0,0,0,0,0,20.25050569105691,,,,,8.0,3.3503989738509707,0.0,0.0,0.0,1.0,0.0,56.0
72.0,6.0,9.6,10.7718730355186,106.669634556353,3.0,24.737282299672927,20.454141465138118,1535.0,0,0,0,0,0,1,26.807768326301748,99.357003257329,0.0,0.0,0.6332247557003258,30.0,3.4676211245460395,0.0,0.0,0.0,1.0,0.0,29.0
73.0,4.0,8.0,10.815017219489,106.708044582536,0.0,18.827244701348747,20.47473566303819,1206.8,0,0,0,0,0,0,13.930220361551154,76.717765992708,0.0,0.0,23.278919456413657,9.0,4.404328003323486,0.0,0.0,1.0,0.0,0.0,8.79
47.0,3.0,6.0,10.7671331052975,106.613259847131,0.0,10.737500000006847,8.135783941420566,913.8,1,1,1,0,0,0,20.25050569105691,27.27073757933902,0.0,0.0,72.72597942657038,7.0,9.645801605072984,0.0,0.0,0.0,0.0,1.0,5.1
288.0,3.0,20.0,10.7448713301747,106.737564613097,0.0,17.789285714285825,17.42635834230355,32618.0,0,0,0,0,1,0,21.217050598270333,2.7115396406891903,2.7670304739714267,93.98001103685084,0.0,10.0,5.277148253387928,1.0,0.0,0.0,1.0,0.0,32.0
220.0,8.0,25.6,10.7663586863075,106.683353614556,3.0,18.827244701348747,20.460368357652627,7166.5,0,0,0,0,0,1,22.511366997733134,9.723993581246075,90.27600641875392,0.0,0.0,13.0,2.2152347925089573,0.0,0.0,0.0,1.0,0.0,52.0
74.0,2.0,15.0,10.7904002978812,106.707839993032,0.0,18.827244701348747,20.460368357652627,674.4,0,0,0,0,0,0,20.25050569105691,72.26571767497035,5.348457888493476,0.0,22.38285883748517,5.0,1.7623815162406953,0.0,0.0,0.0,1.0,0.0,14.5
100.0,2.0,5.0,10.7984806500873,106.621585708618,3.0,14.87073929990493,9.35870800879073,160.6,0,0,0,0,0,0,20.25050569105691,4.713574097135742,0.0,0.0,95.3175591531756,5.0,9.037914608188023,0.0,0.0,1.0,0.0,0.0,7.89
76.0,2.0,20.0,10.7929697523782,106.624331456361,0.0,14.87073929990493,9.35870800879073,641.0,0,1,0,0,0,0,20.25050569105691,95.55382215288611,0.0,0.0,4.452418096723869,8.0,8.595188618678655,1.0,0.0,0.0,1.0,0.0,11.0
25.0,3.0,4.2,10.7851302157312,106.648126782722,0.0,19.38917355371901,14.561953480312356,74.5,0,0,0,0,0,1,20.25050569105691,15.114093959731544,0.0,0.0,84.88590604026845,6.0,5.8747799945300745,0.0,0.0,1.0,0.0,0.0,3.15
189.0,3.0,16.0,10.8408896343807,106.725547812812,0.0,15.48107692307722,14.40074884671146,,0,1,1,0,0,1,19.567814035091047,,,,,7.0,7.693645637330967,0.0,0.0,0.0,1.0,0.0,16.0
32.0,3.0,5.0,10.7934533799678,106.624735189489,3.0,14.87073929990493,9.35870800879073,381.5,1,1,1,0,1,0,19.567814035091047,0.0,0.0,0.0,99.98951507208388,6.0,8.564189203249404,0.0,0.0,1.0,0.0,0.0,5.6
2.5,2.0,26.0,10.855322121505,106.607488278099,3.0,9.79203162611253,27.414937624076174,,0,0,0,0,0,0,21.19814232501748,,,,,7.0,13.503011096067013,0.0,0.0,0.0,1.0,0.0,165.0
80.0,5.0,9.0,10.8459567463984,106.652423674287,2.0,11.098013468022373,24.56391683041859,45.5,1,0,0,0,1,1,11.178588935354508,0.0,0.0,0.0,100.0,10.0,9.42206932855263,0.0,0.0,0.0,0.0,1.0,15.2
58.0,5.0,4.0,10.7724115975861,106.601940620789,3.0,10.737500000006847,8.135783941420566,4538.0,1,1,1,1,0,0,17.250306900204997,64.63133539003965,0.0,0.0,35.36954605553107,11.0,10.838994594236162,0.0,0.0,0.0,0.0,1.0,7.3
46.0,5.0,6.0,10.8010510619144,106.656859886339,2.0,19.38917355371901,18.093318479606467,2838.1,1,1,1,0,0,0,28.509028490145873,97.20023959691343,0.0,0.0,2.801169796694972,9.0,5.577694515662061,0.0,0.0,0.0,0.0,1.0,10.2
83.0,2.0,4.0,10.7930286328162,106.623508437277,0.0,14.87073929990493,12.804496961724974,36.4,0,0,0,0,0,0,17.7630098784105,0.0,0.0,0.0,99.97252747252747,2.0,8.684341469140957,0.0,0.0,1.0,0.0,0.0,7.49
121.0,2.0,10.0,10.8163155205366,106.715053685036,3.0,18.827244701348747,20.47473566303819,6007.8,1,0,0,0,1,0,20.25050569105691,1.4584373647591464,96.78717667032856,0.0,1.753720163787077,14.0,4.734886893320283,0.0,0.0,0.0,1.0,0.0,15.0
55.0,1.0,6.0,10.7894247474934,106.800098009711,0.0,19.053737403258268,23.42179327737413,,1,1,1,1,0,0,20.25050569105691,,,,,2.0,10.916261929600184,0.0,0.0,0.0,1.0,0.0,4.5
63.0,6.0,10.0,10.7898258789755,106.604288117455,0.0,10.737500000006847,10.067829993435623,690.2,0,1,0,0,0,0,20.25050569105691,77.15879455230366,5.268038249782672,0.0,17.56882063170096,14.0,10.686079610366768,0.0,0.0,0.0,0.0,1.0,12.5
162.0,5.0,17.8,10.835891,106.842865,0.0,19.053737403258268,25.613782122221185,,0,0,0,0,0,1,22.156780321650697,,,,,17.0,16.855414225976173,0.0,0.0,0.0,1.0,0.0,22.0
257.0,5.0,12.0,10.8309129469348,106.705755791401,3.0,18.827244701348747,16.235786892588425,36014.6,0,0,0,0,0,0,19.425983461480996,12.228623946954848,87.7714871191128,0.0,0.0,59.0,6.127180042384078,0.0,0.0,0.0,1.0,0.0,45.0
73.0,4.0,16.0,10.7940244123647,106.668599762787,0.0,19.38917355371901,18.83383064658232,1951.4,0,0,0,0,0,0,24.641850909075103,94.3363738854156,0.0,0.0,5.61853028594855,10.0,4.0767147155374355,0.0,0.0,0.0,0.0,1.0,11.2
48.0,4.0,12.0,10.8298579704802,106.702692422737,0.0,18.827244701348747,16.235786892588425,1905.3,1,0,0,0,0,0,19.23866524947719,84.7178921954548,0.4099092006508161,0.0,14.871148900435626,9.0,5.991258293673488,0.0,0.0,0.0,1.0,0.0,11.2
30.0,4.0,3.0,10.7918684806463,106.650859747069,3.0,19.38917355371901,16.924787565129154,408.9,1,0,1,0,0,0,20.25050569105691,1.191000244558572,0.0,98.80899975544143,0.0,6.0,5.764496684230427,0.0,0.0,0.0,0.0,1.0,5.9
56.0,1.0,4.0,10.8897563499123,106.767187355082,0.0,15.48107692307722,16.151929588086617,,0,0,0,0,0,0,18.595595821172992,,,,,4.0,14.563465832437846,0.0,0.0,0.0,1.0,0.0,4.45
73.0,3.0,4.0,10.7963023771725,106.706873276266,2.0,18.827244701348747,15.081788755498186,944.4,0,0,0,0,0,0,19.911470140858842,0.4447268106734434,0.0,0.0,99.55209656925032,18.0,2.3439455382923646,0.0,0.0,0.0,0.0,0.0,8.8
130.0,1.0,12.0,10.8434272277201,106.742341531799,3.0,15.48107692307722,18.370149256274082,,0,0,0,0,0,0,19.222790783577807,,,,,3.0,8.746644281271644,0.0,0.0,1.0,0.0,0.0,15.49
96.0,4.0,14.0,10.7853583047136,106.621718409672,3.0,14.87073929990493,12.804496961724974,671.2,0,1,1,0,0,0,20.25050569105691,47.85458879618593,0.0,0.0,52.14243146603099,9.0,8.733256723770888,0.0,0.0,0.0,1.0,0.0,10.8
52.0,3.0,6.65,10.839129494393884,106.6203074902296,3.0,8.826587030733174,18.897367086496754,2679.6,0,0,0,0,0,1,19.567814035091047,44.03306463651292,10.545977011494251,0.0,45.41983878190774,9.0,11.275875623944486,0.0,0.0,0.0,1.0,0.0,5.45
226.0,3.0,7.6,10.82729670451,106.760719069752,3.0,15.48107692307722,15.706358342303552,,0,0,0,0,0,1,20.25050569105691,,,,,7.0,8.656755392893643,0.0,0.0,0.0,1.0,0.0,40.68
70.0,4.0,18.0,10.7226243535753,106.611857857775,3.0,10.737500000006847,13.181777405603473,154.5,0,1,1,0,0,0,20.776405006591933,99.6569579288026,0.0,0.0,0.3171521035598705,8.0,11.413643931425256,0.0,0.0,0.0,1.0,0.0,8.8
88.0,2.0,11.0,10.813514484374,106.690183989982,3.0,18.827244701348747,16.924787565129154,539.3,0,0,0,0,0,1,17.40171754184511,15.701835712961248,0.0,0.0,84.30187279807157,4.0,4.33847769089985,0.0,0.0,0.0,1.0,0.0,12.99
268.0,2.0,7.0,10.7877588603419,106.685827597542,0.0,54.46617152529408,106.67729565230768,452.1,0,0,0,0,0,0,75.75321427483613,18.20614908206149,0.0,0.0,81.78279141782792,23.0,2.119582162484855,1.0,0.0,0.0,1.0,0.0,73.0
52.0,2.0,4.0,10.8475759095338,106.84017466167,0.0,15.48107692307722,25.613782122221185,,0,0,0,0,0,0,20.25050569105691,,,,,5.0,17.148651760697728,0.0,0.0,0.0,1.0,0.0,3.9
25.0,4.0,4.0,10.8205580896455,106.685162099022,0.0,11.098013468022373,15.13100312673361,128.7,0,0,0,0,0,0,18.06394396884742,0.0,0.0,0.0,100.0,7.0,5.25156094140607,0.0,0.0,1.0,0.0,0.0,4.7
178.0,4.0,17.65,10.7833929901309,106.697347651936,0.0,54.46617152529408,24.56391683041859,584.2,0,0,0,0,0,1,33.00107166459517,0.0,0.0,99.9914412872304,0.0,7.0,0.9185796437590188,0.0,1.0,0.0,1.0,0.0,120.0
50.0,4.0,5.333333333333334,10.8381681439135,106.637034278493,0.0,11.098013468022373,15.61262632367065,740.6,0,0,0,0,0,1,10.818659325601992,15.640021604104778,0.0,0.0,84.36537942209019,8.0,9.836191708837193,1.0,0.0,0.0,1.0,0.0,7.75
61.0,3.0,6.0,10.692577367348,106.741197049553,0.0,8.131668552257471,7.431275025157785,132.3,0,0,1,0,0,0,8.354727166160457,13.280423280423278,0.0,0.0,86.73469387755102,7.0,10.258498140388545,0.0,0.0,0.0,0.0,1.0,6.8
55.0,4.0,6.0,10.8034639078387,106.682012379169,3.0,18.63592086332186,18.093318479606467,382.4,1,0,0,0,0,0,17.184474827935027,6.053870292887029,0.0,0.0,93.951359832636,10.0,3.6976869290715775,0.0,0.0,0.0,0.0,1.0,14.99
56.0,4.0,7.0,10.8739432663768,106.652917506058,2.0,8.826587030733174,13.805666803246416,968.1,1,0,0,0,0,0,20.25050569105691,62.888131391385194,0.0,0.0,37.11600041318046,9.0,12.095508358616238,0.0,0.0,0.0,0.0,1.0,6.96
209.0,7.0,20.4,10.8008888861303,106.732296108523,0.0,38.647438220481845,58.28290665694527,,0,0,0,0,0,1,20.25050569105691,,,,,35.0,4.3898137204096175,0.0,1.0,0.0,1.0,0.0,39.9
72.0,3.0,6.166666666666666,10.795133191683,106.648530024144,3.0,19.38917355371901,20.454141465138118,8724.6,0,0,0,0,0,1,17.16889699849127,14.020470852531922,85.62547280104532,0.0,0.3539417279875295,9.0,6.1237041347225505,0.0,1.0,0.0,1.0,0.0,16.9
90.0,5.0,10.0,10.824685454711,106.717317724537,3.0,15.48107692307722,14.40074884671146,,1,1,1,0,0,1,17.750769632832952,,,,,11.0,5.696016516685838,0.0,0.0,0.0,0.0,1.0,16.8
70.0,2.0,30.0,10.7381479400275,106.63725088183,3.0,12.006306645336863,15.288713651298618,105843.5,0,0,0,0,0,0,20.25050569105691,16.008248026567525,83.99173307760988,0.0,0.0,5.0,8.146476013742593,0.0,0.0,0.0,0.0,1.0,9.5
19.0,2.0,6.0,10.7650203740926,106.616667488423,0.0,10.737500000006847,8.135783941420566,58.5,0,0,0,0,0,0,19.567814035091047,63.846153846153854,0.0,36.15384615384615,0.0,3.0,9.303529851391769,0.0,0.0,0.0,1.0,0.0,2.75
44.0,3.0,4.0,10.7929861338285,106.677894952755,3.0,18.63592086332186,20.454141465138118,2368.0,1,0,1,1,0,0,20.25050569105691,48.47677364864865,0.0,0.0,51.521114864864856,7.0,3.161046652653894,1.0,0.0,0.0,1.0,0.0,7.4
211.0,2.0,11.9,10.722883,106.71721,0.0,17.789285714285825,34.311080856230646,921306.6,0,1,1,1,0,1,20.25050569105691,18.16232837146722,22.868941783332502,0.0,58.968724418125305,8.0,6.162967407769115,0.0,0.0,0.0,0.0,1.0,83.5
40.0,2.0,3.0,10.7315799085739,106.731744646077,0.0,17.789285714285825,30.38692272100736,1452.5,0,1,1,0,0,0,8.354727166160457,95.6344234079174,0.0,0.0,4.364888123924268,5.0,5.966873313050593,0.0,0.0,0.0,0.0,1.0,5.5
44.0,2.0,2.0,10.7823808229015,106.648224976318,0.0,19.38917355371901,14.561953480312356,30.5,0,0,0,0,0,0,9.90181956943871,0.0,0.0,0.0,99.96721311475407,4.0,5.819110185495446,0.0,0.0,1.0,0.0,0.0,4.6
55.0,1.0,4.0,10.7987981150841,106.630304588315,2.0,14.87073929990493,14.237298722437757,391.9,1,0,0,0,0,0,20.25050569105691,97.37688185761677,0.0,0.0,2.633324827762185,8.0,8.137896284094209,0.0,0.0,0.0,1.0,0.0,5.6
67.0,5.0,20.0,10.7719557193874,106.669449273149,3.0,24.737282299672927,20.454141465138118,2660.0,0,0,0,0,0,1,26.807768326301748,58.180075187969926,0.0,0.0,41.81203007518797,14.0,3.486485242691312,1.0,0.0,0.0,1.0,0.0,27.8
25.0,4.0,7.5,10.7813838330666,106.67660267162,3.0,54.46617152529408,14.561953480312356,69.9,0,0,0,0,0,1,20.25050569105691,0.0,0.0,0.0,100.0,7.0,2.7420668935394747,0.0,0.0,0.0,0.0,1.0,16.5
136.0,3.0,14.2,10.7496197302095,106.628791464756,3.0,12.006306645336863,20.454141465138118,1870.1,1,1,1,1,1,1,20.089660861147053,91.41810598363725,5.7424736645099195,0.0,2.8388856210897817,12.0,8.425983960451733,0.0,0.0,1.0,0.0,0.0,25.5
54.0,3.0,6.0,10.7998272534687,106.630513022428,3.0,14.87073929990493,14.237298722437757,665.5,0,0,0,0,0,0,18.686154441087304,9.908339594290007,0.0,0.0,90.09166040571,9.0,8.15271992116062,0.0,0.0,0.0,1.0,0.0,7.5
161.0,7.0,21.7,10.8461060617744,106.723667968493,3.0,15.48107692307722,14.40074884671146,,0,0,0,0,0,1,18.903841583700096,,,,,8.0,8.175855257389905,0.0,0.0,0.0,1.0,0.0,33.0
52.0,4.0,4.0,10.7925588130836,106.675578430295,2.0,18.63592086332186,16.924787565129154,242.4,1,0,0,0,0,0,20.107903413527687,0.0,0.0,0.0,99.97937293729372,8.0,3.340922745577826,0.0,0.0,0.0,0.0,1.0,11.7
145.0,4.0,8.0,10.7953548793141,106.640567503263,3.0,19.38917355371901,15.61262632367065,378.2,0,0,0,0,0,0,21.19494463973162,0.0,0.0,0.0,99.9920676890534,36.0,6.9534407594405145,0.0,0.0,0.0,0.0,1.0,29.9
90.0,4.0,16.0,10.7025028618746,106.728438269243,3.0,17.789285714285825,18.28632481919144,4537.2,0,1,1,0,1,0,20.25050569105691,49.63215198801023,0.0,0.0,50.36872961297717,9.0,8.7011427923863,0.0,0.0,0.0,0.0,1.0,17.5
50.0,4.0,6.0,10.6851375194021,106.750102018246,3.0,8.131668552257471,7.431275025157785,,1,1,1,0,1,0,11.761918800261277,,,,,9.0,11.434139886534409,0.0,0.0,0.0,0.0,1.0,6.9
52.0,1.0,5.0,10.8442596439445,106.756890937686,2.0,15.48107692307722,15.706358342303552,,1,0,0,0,0,1,14.230094570897254,,,,,3.0,9.733535906373426,0.0,0.0,0.0,1.0,0.0,5.45
47.0,2.0,6.0,10.8707067850047,106.68862897179,0.0,8.826587030733174,8.427513172672999,1485.9,0,0,0,0,0,1,20.25050569105691,23.938353859613706,0.0,0.0,76.06030015478834,5.0,10.618630803046765,0.0,0.0,0.0,1.0,0.0,4.25
36.0,2.0,4.0,10.8027688224669,106.676754358948,0.0,18.63592086332186,24.56391683041859,86.2,0,1,1,0,1,1,20.25050569105691,15.150812064965196,0.0,0.0,84.84918793503479,4.0,3.991432294502801,0.0,0.0,1.0,0.0,0.0,6.7
49.0,1.0,20.0,10.7467911142573,106.574763209047,3.0,10.737500000006847,17.86847969544204,4267.6,0,0,0,0,0,0,20.25050569105691,18.84829880963539,19.177757990439588,61.97324022869997,0.0,5.0,14.177975415607172,0.0,1.0,0.0,1.0,0.0,4.35
120.0,2.0,8.0,10.7468035632317,106.688779650056,3.0,9.364834955468142,20.918551142754602,231.8,1,1,0,0,0,0,18.024373561592082,0.0,0.0,0.0,100.0,12.0,3.5144121327700266,0.0,0.0,0.0,1.0,0.0,13.9
126.0,2.0,8.0,10.734664,106.70855,0.0,17.789285714285825,34.311080856230646,707353.2,0,0,0,0,0,0,19.567814035091047,34.28193581367837,19.24510131572177,0.0,46.47296145687897,8.0,4.667849255574301,0.0,0.0,0.0,1.0,0.0,31.0
46.0,5.0,3.0,10.8126066635783,106.68510593869,3.0,18.827244701348747,15.149860937399001,1779.6,0,1,1,1,0,0,20.46129821819246,6.47954596538548,87.78264778601934,0.0,5.740053944706677,16.0,4.4295308569010885,0.0,0.0,0.0,1.0,0.0,8.5
56.0,4.0,16.0,10.8010504255612,106.627385843937,3.0,14.87073929990493,14.237298722437757,255.1,0,0,0,0,0,0,20.25050569105691,35.3077224617797,0.0,0.0,64.67267738141905,8.0,8.51996357535329,0.0,0.0,0.0,0.0,1.0,9.2
168.0,1.0,8.0,10.9614342355869,106.59162866933,3.0,17.449365566351183,18.280455712921494,,1,1,1,0,0,0,19.567814035091047,,,,,7.0,23.83406417032043,0.0,0.0,0.0,1.0,0.0,2.5
252.0,4.0,8.38,10.8165304339539,106.77890362094,0.0,19.053737403258268,20.177656837434043,,0,0,0,0,0,1,19.567814035091047,,,,,8.0,9.619305178228544,0.0,0.0,0.0,0.0,1.0,22.9
50.0,1.0,10.666666666666664,10.8444828516131,106.846108177327,0.0,19.053737403258268,25.613782122221185,,1,1,0,0,1,1,19.567814035091047,,,,,2.0,17.573575338431304,0.0,1.0,1.0,0.0,0.0,6.8
36.0,3.0,4.0,10.8028865849936,106.678224239311,3.0,18.63592086332186,24.56391683041859,3583.1,0,1,1,1,0,1,20.25050569105691,2.728363707404203,97.27247355641762,0.0,0.0,7.0,3.896347578134418,0.0,0.0,1.0,0.0,0.0,6.25
215.0,3.0,20.0,10.7530246384543,106.614435285868,0.0,10.737500000006847,19.36213730687916,,0,1,1,1,0,0,19.375154550884368,,,,,11.0,9.805749158243472,0.0,0.0,0.0,1.0,0.0,41.0
62.0,5.0,6.0,10.8656243373671,106.670557249706,0.0,8.826587030733174,9.397256429506324,661.5,1,1,1,0,0,0,17.46113054409074,2.2645502645502646,0.0,0.0,97.72940287226002,10.0,10.509245437077464,0.0,0.0,0.0,0.0,1.0,6.59
600.0,3.0,20.0,10.71493,106.725685,3.0,17.789285714285825,30.38692272100736,1034216.8,0,0,0,0,0,0,20.25050569105691,16.500876798752444,17.54197475809714,0.1461792150349907,65.81097212886118,13.0,7.302515491085737,0.0,0.0,0.0,1.0,0.0,235.0
76.0,4.0,8.0,10.8655068130467,106.670441705806,2.0,8.826587030733174,9.397256429506324,701.2,1,1,1,0,0,0,17.46113054409074,4.401026811180833,0.0,0.0,95.6032515687393,9.0,10.50087133077766,0.0,0.0,0.0,0.0,1.0,7.59
68.0,6.0,8.666666666666666,10.7611926521837,106.66028633277,3.0,24.737282299672927,15.288713651298618,1788.3,0,1,1,1,0,1,23.072180951086057,2.5286585024883967,97.47190068780404,0.0,0.0,6.0,4.752670708930864,0.0,1.0,0.0,1.0,0.0,33.9
90.0,2.0,12.0,10.8119434279291,106.624304217114,0.0,14.87073929990493,13.051852005459661,1348.6,0,1,1,0,0,0,20.25050569105691,8.571852291265015,64.69079044935488,0.0,26.73661574966632,4.0,9.291715527441353,0.0,0.0,0.0,1.0,0.0,9.5
60.0,2.0,3.0,10.8143797132344,106.632399863435,1.0,14.87073929990493,13.051852005459661,2916.2,1,1,0,0,0,0,17.16889699849127,18.405116247170977,81.59625540086415,0.0,0.0,4.0,8.63257966158569,0.0,0.0,0.0,0.0,1.0,5.6
50.0,2.0,3.5,10.807973250764,106.702872867386,0.0,18.827244701348747,20.454141465138118,75.5,0,1,1,0,0,1,15.076317258595626,11.417218543046356,0.0,0.0,88.55629139072848,6.0,3.560533133559916,0.0,0.0,0.0,1.0,0.0,6.98
60.0,4.0,8.0,10.8298100181314,106.702253812716,0.0,18.827244701348747,16.235786892588425,2379.9,0,0,1,0,0,0,19.23866524947719,7.752426572545065,0.0,0.0,92.24757342745494,8.0,5.984728055460513,0.0,0.0,0.0,1.0,0.0,10.0
163.0,5.0,10.0,10.7889224217189,106.661087839497,0.0,19.38917355371901,20.454141465138118,38.8,1,1,1,1,1,0,20.30768956947936,85.64432989690721,0.0,0.0,14.252577319587632,12.0,4.600741999345558,0.0,0.0,0.0,1.0,0.0,18.0
60.0,4.0,6.0,10.807095142245,106.718741185482,3.0,18.827244701348747,23.596282954466844,333.5,1,0,0,0,0,0,29.161416890612465,79.2383808095952,8.992503748125937,0.0,11.778110944527736,14.0,3.9583035652142513,0.0,0.0,0.0,0.0,1.0,11.69
52.0,1.0,5.0,10.8290656930809,106.772948889954,2.0,19.053737403258268,20.177656837434043,,0,1,1,0,0,0,20.25050569105691,,,,,4.0,9.818512155287776,0.0,0.0,0.0,0.0,1.0,5.3
65.0,4.0,8.0,10.7695955617023,106.67573847309,3.0,54.46617152529408,18.83383064658232,867.0,1,0,0,0,0,1,19.911470140858842,90.21337946943484,0.0,0.0,9.787773933102653,11.0,2.8604384878643896,0.0,0.0,0.0,1.0,0.0,22.0
126.0,7.0,15.9,10.7915588922281,106.691771824472,3.0,53.75818181817839,34.07029975082686,50.9,0,0,0,0,0,1,25.9063569677296,0.0,0.0,0.0,99.9607072691552,11.0,2.007823863509752,0.0,1.0,0.0,1.0,0.0,27.0
129.0,3.0,6.0,10.7457053502753,106.61555898125,3.0,10.737500000006847,19.36213730687916,,0,0,1,1,1,1,20.25050569105691,,,,,8.0,9.933103647235422,0.0,0.0,0.0,1.0,0.0,16.3
84.0,2.0,8.0,10.7788088304321,106.640643394914,0.0,14.87073929990493,21.72974125281273,344.1,0,1,1,1,0,0,20.25050569105691,28.1110142400465,0.0,0.0,71.89479802383028,4.0,6.611272192773956,0.0,0.0,0.0,1.0,0.0,9.0
33.0,4.0,3.0,10.772628552662,106.684349477756,0.0,54.46617152529408,18.093318479606467,79.8,0,1,0,0,0,1,35.13373860631083,1.4786967418546366,0.0,98.53383458646616,0.0,7.0,1.8677479305442748,0.0,0.0,0.0,0.0,1.0,8.68
62.0,3.0,6.1,10.829862296405,106.638249647473,2.0,11.098013468022373,20.454141465138118,143.1,1,0,0,0,0,1,16.195980401453983,26.820405310971353,0.0,0.0,73.17959468902865,8.0,9.110211783224836,0.0,0.0,0.0,1.0,0.0,7.5
86.0,7.0,16.0,10.8061294917838,106.697160047782,3.0,18.827244701348747,15.61262632367065,1561.1,0,1,0,0,0,0,17.40171754184511,78.39408109666262,0.0,0.0,21.607840625200183,36.0,3.377774166195553,0.0,0.0,0.0,1.0,0.0,26.0
333.0,4.0,30.5,10.84037,106.8447,0.0,19.053737403258268,21.65981557903033,,0,0,0,0,0,1,19.567814035091047,,,,,10.0,17.24035338984533,0.0,0.0,0.0,1.0,0.0,36.5
34.0,3.0,4.0,10.7610420404342,106.692277710554,3.0,53.75818181817839,32.631365062301924,1350.4,0,0,0,0,0,1,24.998865480621035,26.692831753554497,73.30790876777252,0.0,0.0,5.0,1.9222776717773835,0.0,0.0,1.0,0.0,0.0,18.5
60.0,3.0,6.0,10.7872158151187,106.651489833699,2.0,19.38917355371901,16.924787565129154,1349.1,1,0,0,0,0,0,9.90181956943871,85.93729152768513,0.0,14.059743532725522,0.0,8.0,5.560677777974159,0.0,0.0,1.0,0.0,0.0,7.45
800.0,7.0,18.7,10.7516841772398,106.701417261081,3.0,17.789285714285825,17.287883938053668,498563.61,0,0,0,0,0,1,13.55522012715968,95.4990898754123,0.0,0.1154456499542756,4.385462468871324,53.0,2.7040182355908295,0.0,0.0,0.0,1.0,0.0,48.0
100.0,5.0,8.0,10.8802957640674,106.630457285625,0.0,8.826587030733174,11.964993989558423,4135.2,0,0,0,0,0,0,20.25050569105691,0.3990133488102148,51.85964403172761,0.0,47.742309924550206,9.0,13.929077782117504,1.0,0.0,0.0,1.0,0.0,10.39
146.0,2.0,6.0,10.6752703958401,106.698596507138,3.0,8.131668552257471,11.187905093453665,8984.1,1,0,0,0,0,0,8.502652923904137,23.81229060228626,0.0,0.0,76.18804332097817,5.0,11.20395995013299,0.0,0.0,1.0,0.0,0.0,7.2
58.0,2.0,3.0,10.7500825693968,106.696866955608,0.0,17.789285714285825,17.287883938053668,27404.0,0,1,1,0,0,0,13.55522012715968,0.0,0.0,0.0,100.0,6.0,2.918749200652748,0.0,0.0,0.0,0.0,1.0,7.2
102.0,3.0,20.0,10.805931324041488,106.79072655128572,0.0,19.053737403258268,23.42179327737413,,0,0,0,0,0,1,20.87381731865282,,,,,8.0,10.3400632838345,0.0,0.0,0.0,0.0,1.0,17.3
43.0,4.0,3.0,10.7472190146274,106.71967883936,3.0,17.789285714285825,17.42635834230355,953.5,0,0,0,0,0,0,17.939958488612948,57.78080755112743,0.0,0.0,0.0,7.0,3.7895840133840974,0.0,0.0,1.0,0.0,0.0,5.9
133.0,4.0,11.0,10.8565488642083,106.620765347236,0.0,8.826587030733174,9.23912502081522,,0,0,0,0,0,1,20.25050569105691,,,,,32.0,12.53818346552487,0.0,1.0,0.0,1.0,0.0,12.6
97.0,4.0,12.0,10.7079504426833,106.734773041258,0.0,17.789285714285825,18.28632481919144,1589.2,0,0,0,0,0,0,19.567814035091047,0.0,0.0,0.0,100.0,12.0,8.413588319382734,0.0,0.0,1.0,0.0,0.0,16.3
51.0,3.0,8.0,10.8776468926616,106.677816471144,0.0,8.826587030733174,9.397256429506324,4427.1,0,0,0,0,0,0,17.510388497990952,83.54159607869711,16.4570486322875,0.0,0.0,9.0,11.585147980540668,0.0,0.0,1.0,0.0,0.0,5.8
52.0,3.0,4.0,10.8122636645771,106.695250431603,2.0,18.827244701348747,20.454141465138118,1372.0,1,0,0,0,0,0,14.324407498016885,80.52988338192421,0.0,0.0,19.4701166180758,8.0,4.08264203753955,0.0,0.0,0.0,0.0,1.0,7.18
67.0,1.0,8.0,10.7829686701555,106.776392655928,3.0,38.647438220481845,23.328827418358713,,0,0,1,0,0,0,20.25050569105691,,,,,2.0,8.260851342495801,0.0,0.0,0.0,1.0,0.0,7.3
118.0,4.0,6.0,10.8123878451955,106.668783032353,0.0,19.38917355371901,20.918551142754602,631.2,0,0,0,0,0,0,21.344748464934785,0.0,0.0,0.0,99.99366286438529,13.0,5.369495064917586,0.0,0.0,1.0,0.0,0.0,25.9
47.0,2.0,4.0,10.8652523404877,106.6862672551,0.0,8.826587030733174,8.427513172672999,3016.5,0,1,1,0,1,1,17.039664453189104,15.628708768440244,0.0,0.0,84.37095972153158,4.0,10.055757773538197,0.0,0.0,0.0,1.0,0.0,4.58
132.0,3.0,20.0,10.76650882555,106.659356809474,3.0,24.737282299672927,15.61262632367065,1785.0,0,0,0,1,0,0,23.072180951086057,86.6201680672269,0.0,0.0,13.36190476190476,16.0,4.680389465302634,0.0,0.0,0.0,1.0,0.0,52.0
98.0,3.0,18.1,10.7654724037317,106.663321051459,3.0,24.737282299672927,15.61262632367065,5292.0,0,0,0,0,0,1,32.67330086593139,76.54195011337869,0.0,0.0,23.46693121693122,10.0,4.289637429002471,0.0,0.0,0.0,0.0,1.0,36.0
70.0,3.0,4.0,10.7511639210456,106.722393584432,0.0,17.789285714285825,15.717993526044307,,0,0,0,0,0,0,19.567814035091047,,,,,6.0,3.610725815500357,0.0,0.0,0.0,0.0,1.0,7.8
76.0,3.0,9.25,10.7321469064232,106.616325352419,0.0,10.737500000006847,13.181777405603473,497.3,0,1,1,1,1,1,20.25050569105691,51.226623768349086,0.0,0.0,48.76935451437764,7.0,10.466279113487426,0.0,0.0,0.0,1.0,0.0,6.85
56.0,2.0,3.0,10.7768194096515,106.638634588627,0.0,14.87073929990493,21.72974125281273,49.0,0,1,1,0,0,0,19.688090336254568,10.918367346938776,0.0,0.0,89.16326530612244,7.0,6.823950562444977,0.0,0.0,1.0,0.0,0.0,6.1
22.0,5.0,6.0,10.7591853837044,106.687804597978,3.0,53.75818181817839,26.429608342303553,2104.4,1,1,0,0,0,0,37.54099080615944,99.80326934042958,0.0,0.0,0.1967306595704238,6.0,2.36750989003282,0.0,0.0,0.0,0.0,1.0,7.4
140.0,4.0,16.0,10.7957026509482,106.775844596923,0.0,38.647438220481845,44.55718221916659,,0,0,0,0,1,1,20.586367962736855,,,,,9.0,8.453225188772375,0.0,1.0,0.0,0.0,0.0,25.0
35.0,2.0,3.0,10.7785230463819,106.672454217145,3.0,24.737282299672927,16.235786892588425,80.0,0,1,1,0,0,0,20.25050569105691,14.8,0.0,0.0,85.51249999999999,4.0,3.141634252207305,0.0,0.0,1.0,0.0,0.0,7.1
76.0,3.0,7.65,10.8746236326445,106.628515342097,2.0,8.826587030733174,14.285467555474675,6719.1,1,1,1,1,0,1,17.937494731808936,0.8127576609962643,0.0,0.0,0.0,7.0,13.531699311086628,0.0,0.0,0.0,1.0,0.0,6.3
200.0,2.0,30.0,10.8441505749706,106.778696308084,3.0,19.053737403258268,19.526540511910742,,0,1,0,0,0,0,20.25050569105691,,,,,4.0,11.369039728374055,0.0,0.0,0.0,0.0,1.0,31.5
60.0,3.0,4.0,10.8690738812661,106.631456594914,3.0,8.826587030733174,9.23912502081522,,1,1,1,1,1,0,17.671025386590237,,,,,9.0,12.843831307724354,0.0,0.0,1.0,0.0,0.0,5.7
160.0,1.0,8.0,10.7938703022534,106.728825202808,0.0,38.647438220481845,24.61928661725888,,0,0,0,0,0,1,20.25050569105691,,,,,4.0,3.62215484734372,0.0,0.0,1.0,0.0,0.0,15.0
69.0,2.0,6.0,10.8013436889801,106.698753223473,3.0,18.827244701348747,18.83383064658232,6584.5,1,1,0,0,0,1,20.25050569105691,79.96096894221277,0.0,0.3786164477181258,19.661022097349836,8.0,2.8297240053312507,0.0,0.0,0.0,1.0,0.0,9.0
54.0,5.0,5.0,10.781350920849,106.653430020694,2.0,19.38917355371901,23.820911987062647,71.3,1,1,0,0,0,0,20.25050569105691,1.3744740532959328,0.0,0.0,98.62552594670406,8.0,5.241023299733701,0.0,0.0,1.0,0.0,0.0,9.9
79.0,3.0,8.0,10.8466832596805,106.65112143411,3.0,11.098013468022373,24.56391683041859,422.9,1,0,0,0,0,1,18.852521452227894,1.3478363679356822,0.0,0.0,98.66162213289196,9.0,9.56928682696026,0.0,0.0,0.0,0.0,1.0,8.5
180.0,3.0,6.0,10.8077137748647,106.787620514436,0.0,15.48107692307722,20.177656837434043,,0,0,0,0,0,1,20.87381731865282,,,,,14.0,10.08698856492189,0.0,0.0,0.0,0.0,1.0,22.5
90.0,4.0,11.818181818181817,10.7444028445569,106.630190987609,0.0,12.006306645336863,16.924787565129154,72.7,0,1,1,1,0,1,20.25050569105691,11.485557083906464,0.0,0.0,88.44566712517194,9.0,8.505653519222129,0.0,0.0,0.0,1.0,0.0,12.3
43.0,4.0,3.9,10.7619387403023,106.678087165311,3.0,29.82381843840417,18.093318479606467,133.8,0,0,1,1,0,1,17.376381907262566,2.9820627802690582,0.0,0.0,97.01046337817638,15.0,2.960417790688671,0.0,0.0,0.0,0.0,1.0,9.29
80.0,4.0,7.666666666666667,10.8263254119993,106.765185474836,3.0,19.053737403258268,21.11172623314244,,1,0,0,0,0,1,20.25050569105691,,,,,9.0,8.961622670270364,0.0,0.0,0.0,0.0,1.0,12.0
214.0,7.0,29.9,10.7718344929303,106.66944456833,2.0,24.737282299672927,20.454141465138118,75.0,1,0,0,0,0,1,26.807768326301748,0.0,0.0,0.0,99.89333333333332,14.0,3.488759608967827,0.0,0.0,1.0,0.0,0.0,68.0
52.0,5.0,8.0,10.7396070241325,106.617161261605,0.0,10.737500000006847,13.181777405603473,13183.6,1,1,0,0,0,0,20.089660861147053,4.478594617555145,95.52132953062896,0.0,0.0,10.0,10.022777554404929,0.0,0.0,0.0,0.0,1.0,7.8
180.0,3.0,6.0,10.8047197022223,106.792884058789,0.0,19.053737403258268,20.177656837434043,,0,0,0,0,0,1,20.87381731865282,,,,,14.0,10.521804060049917,0.0,0.0,0.0,0.0,1.0,22.5
45.0,5.0,6.0,10.7918227576866,106.671682759907,2.0,18.63592086332186,16.235786892588425,492.0,1,0,0,0,0,0,13.842079023496492,84.00203252032522,0.0,0.0,16.0,8.0,3.6634269400354222,0.0,0.0,1.0,0.0,0.0,12.9
40.0,3.0,6.0,10.784824693577,106.612185097965,0.0,10.737500000006847,11.523850027712317,353.6,1,1,1,1,0,0,20.25050569105691,0.0,0.0,0.0,99.9886877828054,5.0,9.76183827623463,0.0,0.0,0.0,1.0,0.0,4.5
46.0,4.0,30.0,10.8032325738475,106.684676947813,3.0,18.63592086332186,15.13100312673361,39.5,0,0,0,0,0,0,21.719959264527965,20.759493670886073,0.0,0.0,79.16455696202532,9.0,3.5195916551284214,0.0,0.0,0.0,0.0,1.0,17.0
72.0,3.0,6.166666666666666,10.8689142245006,106.67394238873,0.0,8.826587030733174,9.397256429506324,729.0,0,0,0,0,0,1,18.328763957132956,33.641975308641975,0.0,0.0,66.35802469135803,9.0,10.748924375259932,0.0,0.0,0.0,0.0,1.0,5.95
74.0,2.0,4.0,10.7403592564135,106.735649594308,3.0,17.789285714285825,17.42635834230355,1085.1,1,0,0,0,0,0,13.834634373598146,68.58814855773662,0.0,0.0,31.41553773845729,8.0,5.472716936910939,0.0,0.0,0.0,1.0,0.0,5.3
64.0,4.0,12.0,10.7264857755884,106.612152753624,3.0,10.737500000006847,13.181777405603473,5436.8,0,0,0,0,0,0,17.21642624996233,9.596637728075338,0.0,0.0,90.40373013537372,9.0,11.168285221845824,0.0,0.0,0.0,1.0,0.0,5.8
50.0,2.0,3.0,10.7264209944877,106.733672277532,0.0,17.789285714285825,8.648767860862735,1889.4,0,0,0,0,0,0,8.354727166160457,70.85000529268551,0.0,0.0,29.14999470731449,5.0,6.56154743196221,0.0,0.0,0.0,0.0,0.0,4.8
120.0,1.0,20.0,10.7420180968561,106.715650921765,0.0,17.789285714285825,24.488452653857216,2408.2,0,0,0,0,0,0,18.207540931800263,99.70849597209536,0.0,0.0,0.291504027904659,12.0,4.099340179677585,0.0,0.0,0.0,1.0,0.0,27.0
56.0,3.0,7.0,10.7827336129829,106.609380115374,2.0,10.737500000006847,11.523850027712317,4522.2,1,0,0,0,0,0,18.529132150179485,10.11520941134846,0.0,89.88523285126708,0.0,7.0,10.046764043049686,0.0,0.0,0.0,0.0,1.0,7.3
81.0,3.0,7.0,10.7314859510382,106.632472406458,3.0,9.364834955468142,9.674953215540254,1515.1,0,0,0,0,0,1,20.25050569105691,88.48128836380437,2.5153455217477396,0.1973467097881328,8.803379314896707,9.0,8.983611668734943,0.0,0.0,0.0,1.0,0.0,6.0
140.0,5.0,13.0,10.846246435197743,106.71219185180664,0.0,15.48107692307722,17.78611714762465,,0,0,0,0,0,1,20.25050569105691,,,,,14.0,7.904436072670307,0.0,0.0,0.0,1.0,0.0,33.0
210.0,3.0,20.0,10.8056649470461,106.789612785758,0.0,19.053737403258268,23.42179327737413,,0,0,0,0,1,0,19.567814035091047,,,,,45.0,10.21535865198124,0.0,0.0,1.0,0.0,0.0,35.0
90.0,4.0,10.0,10.7417878383262,106.62493413908,0.0,12.006306645336863,14.561953480312356,10069.0,0,0,1,1,0,0,20.25050569105691,84.14629059489522,0.87873671665508,0.0,14.974972688449698,10.0,9.14881412164052,0.0,0.0,0.0,1.0,0.0,12.3
52.0,2.0,3.0,10.7800452767393,106.629337199729,1.0,14.87073929990493,17.499103454001883,3731.3,0,1,1,0,0,0,16.438356940373765,99.88315064454748,0.0,0.0,0.116045346126015,4.0,7.851785652041947,0.0,0.0,1.0,0.0,0.0,4.95
133.0,3.0,15.8,10.7937433777618,106.66290372821,0.0,19.38917355371901,15.13100312673361,1775.2,0,0,0,0,0,1,18.099052454874375,1.713609734114466,93.08528616493916,0.0,5.203357368183867,18.0,4.615189405324974,0.0,1.0,0.0,1.0,0.0,19.6
148.0,2.0,6.0,10.7931492864752,106.676576465477,0.0,18.63592086332186,16.924787565129154,638.9,1,0,0,0,0,0,20.107903413527687,12.252308655501643,0.0,0.0,87.74299577398654,8.0,3.2881469562859915,0.0,0.0,1.0,0.0,0.0,27.5
81.0,3.0,8.5,10.8866054777511,106.767932515472,0.0,15.48107692307722,14.196219758981544,,0,0,0,0,0,1,20.25050569105691,,,,,5.0,14.301598268351617,0.0,0.0,0.0,1.0,0.0,5.3
238.0,3.0,4.0,10.8037050846142,106.69277261913,3.0,18.63592086332186,15.288713651298618,11544.4,1,0,0,0,0,0,21.719959264527965,1.2874640518346558,97.4853608676068,0.0,1.227175080558539,41.0,3.2121415432379825,0.0,0.0,0.0,0.0,1.0,41.6
57.0,3.0,7.95,10.759778221068,106.70967721647,0.0,12.968707708226514,15.61262632367065,64.6,0,0,0,0,0,1,17.88136985175628,44.36532507739939,0.0,55.58823529411765,0.0,7.0,2.032607935112187,0.0,0.0,0.0,0.0,1.0,9.8
44.0,6.0,8.0,10.7180220838363,106.623037601293,0.0,9.364834955468142,9.674953215540254,162.4,1,1,1,0,1,0,20.25050569105691,1.04064039408867,0.0,0.0,98.95320197044336,10.0,10.690502659025984,0.0,0.0,0.0,1.0,0.0,7.75
440.0,5.0,20.0,10.80397,106.6174,3.0,14.87073929990493,17.8318693459886,2574.2,1,1,1,1,1,0,20.902681260504874,22.13386683241395,77.86496775697304,0.0,0.0,13.0,9.65699560341673,0.0,1.0,0.0,1.0,0.0,18.5
43.0,3.0,5.8,10.8010764100757,106.69863082665,0.0,18.827244701348747,18.83383064658232,745.2,0,1,0,0,0,1,20.25050569105691,2.0437466451959203,0.0,0.0,97.9602791196994,9.0,2.801382975280583,0.0,0.0,0.0,0.0,1.0,6.95
63.0,3.0,4.0,10.8300595660842,106.691582607584,2.0,11.098013468022373,15.149860937399001,1288.1,1,1,1,0,0,0,16.60869960096871,22.319695675801572,39.798928654607565,37.882152006831774,0.0,6.0,6.10037219367521,0.0,0.0,0.0,0.0,1.0,8.2
47.0,7.0,19.6,10.7641963430773,106.666455746501,3.0,24.737282299672927,23.820911987062647,44.0,0,0,0,0,0,1,20.25050569105691,0.0,0.0,0.0,98.97727272727272,9.0,4.0055476481011825,0.0,0.0,0.0,1.0,0.0,26.5
108.0,3.0,7.0,10.9017646479785,106.642651435195,0.0,9.79203162611253,17.90785159642303,,1,0,0,0,0,0,20.25050569105691,,,,,6.0,15.372341705203995,0.0,0.0,0.0,0.0,1.0,7.0
51.0,2.0,4.0,10.7844227537686,106.651027596638,3.0,19.38917355371901,23.820911987062647,62.2,0,0,0,0,0,0,9.90181956943871,48.376205787781345,0.0,0.0,51.60771704180064,6.0,5.549142734191644,0.0,0.0,0.0,0.0,1.0,7.6
42.0,2.0,4.0,10.8059648457485,106.615929427857,2.0,14.87073929990493,17.8318693459886,1515.6,1,1,0,0,0,0,20.25050569105691,0.0,99.99736078120876,0.0,0.0,4.0,9.881742810692602,0.0,0.0,0.0,1.0,0.0,5.58
257.0,5.0,17.2,10.7983144643719,106.630699948406,3.0,14.87073929990493,14.237298722437757,56.4,0,0,0,0,0,1,19.567814035091047,0.0,0.0,0.0,99.9290780141844,44.0,8.080200656622994,0.0,0.0,0.0,1.0,0.0,47.0
50.0,3.0,5.0,10.7718045993619,106.586195345411,0.0,10.737500000006847,11.79885823719474,12408.8,0,0,0,0,0,1,20.25050569105691,74.0380214041648,6.626345819096126,0.0,19.335552188769263,7.0,12.5602576405886,0.0,0.0,0.0,0.0,1.0,7.8
246.0,3.0,4.0,10.8457896183705,106.718265432334,3.0,15.48107692307722,17.78611714762465,,0,0,0,0,0,1,15.155664323925304,,,,,37.0,7.9835142356757025,0.0,0.0,0.0,1.0,0.0,48.0
234.0,2.0,9.9,10.8417340291773,106.72544412912,3.0,15.48107692307722,14.40074884671146,,0,0,0,0,0,1,19.567814035091047,,,,,7.0,7.777889873888555,0.0,0.0,0.0,1.0,0.0,38.0
75.0,3.0,11.25,10.8591762384213,106.722245323336,0.0,15.48107692307722,17.78611714762465,,0,0,0,0,0,1,19.567814035091047,,,,,6.0,9.532759513560576,0.0,0.0,0.0,1.0,0.0,6.9
33.0,4.0,4.6,10.8464245964094,106.642525832167,3.0,11.098013468022373,15.61262632367065,2870.5,1,1,1,1,0,1,20.25050569105691,96.91551994426058,0.0,0.0,3.0841316843755444,9.0,10.11191957705441,0.0,0.0,0.0,1.0,0.0,8.3
98.0,2.0,10.0,10.8864988307686,106.76845314274,2.0,15.48107692307722,14.196219758981544,,1,0,0,0,0,1,17.02299287958239,,,,,4.0,14.320525726666824,0.0,0.0,0.0,1.0,0.0,5.35
57.0,1.0,6.0,10.8833033560954,106.770221541349,0.0,15.48107692307722,14.196219758981544,,0,1,1,0,0,0,20.391985999466947,,,,,8.0,14.119184949861806,0.0,0.0,0.0,1.0,0.0,3.4
95.0,3.0,8.9,10.8128016480528,106.668421881234,3.0,19.38917355371901,20.918551142754602,1399.9,0,0,0,0,0,1,21.344748464934785,99.77141224373167,0.0,0.0,0.2293020930066432,10.0,5.430098892968758,0.0,0.0,1.0,0.0,0.0,23.0
100.0,4.0,11.571428571428571,10.7957467023475,106.791984722979,3.0,19.053737403258268,23.42179327737413,,0,0,0,0,0,1,22.138800464465486,,,,,8.0,10.167309216906329,0.0,0.0,0.0,1.0,0.0,9.0
104.0,4.0,9.7,10.7823726131238,106.769499573273,3.0,38.647438220481845,23.346267146280812,,0,0,0,1,0,1,20.25050569105691,,,,,9.0,7.505012142690353,0.0,0.0,0.0,1.0,0.0,10.0
82.0,4.0,7.0,10.6783300894734,106.754432927299,0.0,8.131668552257471,11.712567766934,6115.3,1,0,0,0,1,0,8.354727166160457,2.19531339427338,0.0,0.0,0.0,10.0,12.32472583241363,0.0,0.0,0.0,0.0,1.0,8.5
78.0,4.0,40.0,10.7364371962384,106.671449808728,3.0,9.364834955468142,15.149860937399001,2509.0,0,0,0,0,0,0,19.95794963295886,72.41689916301316,3.216420884814667,0.0,24.36667995217218,14.0,5.462974189236016,0.0,0.0,0.0,1.0,0.0,21.0
50.0,5.0,7.3,10.851383364223,106.658520871717,0.0,11.098013468022373,9.674953215540254,130.1,0,1,0,0,0,1,11.178588935354508,20.62259800153728,0.0,0.0,79.40046118370483,7.0,9.585890719692676,0.0,0.0,0.0,0.0,1.0,8.7
50.0,2.0,14.0,10.836127859402,106.726708410304,2.0,15.48107692307722,14.40074884671146,,1,0,1,0,0,1,20.25050569105691,,,,,5.0,7.247400561567084,1.0,0.0,0.0,1.0,0.0,6.8
116.0,7.0,6.0,10.791236322188,106.68541909925,2.0,54.46617152529408,106.67729565230768,77.8,1,0,0,0,0,0,20.45706272875709,31.2853470437018,0.0,68.68894601542416,0.0,48.0,2.4091821623952265,0.0,0.0,0.0,1.0,0.0,26.5
40.0,2.0,6.0,10.7451655312671,106.630003148715,0.0,12.006306645336863,16.924787565129154,2969.1,0,0,0,0,0,0,20.25050569105691,98.06944865447444,0.0,0.0,1.9302145431275473,4.0,8.489732946173042,0.0,0.0,0.0,1.0,0.0,6.2
36.0,5.0,6.45,10.7939224182527,106.669118462488,3.0,18.63592086332186,14.561953480312356,1337.1,1,0,0,0,0,1,19.193619091459624,98.7734649614838,0.0,0.0,0.3328098122803081,6.0,4.021841654232384,0.0,0.0,1.0,0.0,0.0,10.2
56.0,4.0,8.0,10.7957251787299,106.631733650267,2.0,14.87073929990493,14.237298722437757,5723.9,1,0,0,0,0,0,20.25050569105691,58.425898425898424,0.5286605286605287,0.0,41.036356330473986,9.0,7.887995172944558,0.0,0.0,0.0,0.0,1.0,8.5
85.0,4.0,11.6,10.6429797631213,106.729197464883,3.0,8.131668552257471,15.805719480205894,8750.8,0,1,1,0,0,1,15.805719480205894,20.733532934131738,0.0,0.0,79.26692416693332,7.0,15.106389713542065,0.0,0.0,0.0,0.0,1.0,3.5
66.0,5.0,6.0,10.80175547164,106.698640088157,3.0,18.827244701348747,18.83383064658232,6584.5,1,1,1,0,1,0,20.25050569105691,79.96096894221277,0.0,0.3786164477181258,19.661022097349836,13.0,2.8764548973554547,0.0,0.0,0.0,0.0,1.0,12.5
18.0,3.0,3.0,10.7848644526527,106.668298466797,2.0,54.46617152529408,16.924787565129154,287.0,1,0,0,1,1,1,14.535280883434632,79.4843205574913,0.0,0.0,20.45993031358885,5.0,3.716100655903823,0.0,0.0,0.0,0.0,1.0,4.85
30.0,2.0,6.0,10.7572407651045,106.713988646991,0.0,12.968707708226514,9.674953215540254,10775.9,0,0,0,0,0,1,17.88136985175628,33.148692916600936,19.451832329550196,0.0,47.39966035319556,4.0,2.5166166308578823,0.0,0.0,0.0,1.0,0.0,2.65
45.0,3.0,8.0,10.7570734382697,106.703840975339,3.0,12.968707708226514,18.093318479606467,39.8,0,0,0,0,0,0,19.567814035091047,0.0,0.0,0.0,100.0,7.0,2.1257303266706753,0.0,0.0,0.0,0.0,1.0,10.3
68.0,4.0,5.9,10.8003135409885,106.690567058464,3.0,18.827244701348747,15.13100312673361,220.8,1,0,0,0,1,1,19.5012876430688,0.0,0.0,0.0,99.98641304347828,20.0,2.9381650727222466,0.0,0.0,0.0,0.0,1.0,14.8
62.0,2.0,4.0,10.7927429040222,106.623575169233,2.0,14.87073929990493,9.35870800879073,84.0,1,0,0,0,0,0,17.7630098784105,20.035714285714285,0.0,0.0,79.90476190476191,4.0,8.67035413475039,0.0,0.0,1.0,0.0,0.0,6.5
50.0,2.0,3.0,10.8481782656575,106.648085744465,2.0,11.098013468022373,15.61262632367065,1422.4,1,1,0,0,0,0,11.178588935354508,96.37443757030373,0.0,0.0,3.624156355455568,5.0,9.89654369350802,0.0,0.0,1.0,0.0,0.0,5.66
65.0,2.0,3.0,10.8480607390401,106.642317225219,0.0,11.098013468022373,15.61262632367065,403.9,0,1,1,0,0,0,18.007972163078787,91.88165387472148,0.0,8.125773706362962,0.0,7.0,10.267676738513885,1.0,0.0,1.0,0.0,0.0,5.99
74.0,1.0,4.0,10.8249185759924,106.615151258748,0.0,8.826587030733174,15.780638971822933,2629.5,0,0,0,0,0,0,17.676519361145083,0.0,99.99809849781327,0.0,0.0,2.0,10.849806884557076,0.0,0.0,1.0,0.0,0.0,3.1
200.0,4.0,2.0,10.7142552120825,106.736942484651,0.0,17.789285714285825,18.28632481919144,4319.9,0,0,0,0,0,0,8.354727166160457,98.7793698928216,0.0,0.0,1.2213245676983264,12.0,7.903798217779879,0.0,0.0,0.0,1.0,0.0,12.95
58.0,4.0,3.0,10.8061666782929,106.697691408037,1.0,18.827244701348747,15.61262632367065,30.5,1,0,0,0,0,0,20.25050569105691,0.0,0.0,0.0,100.0,9.0,3.3749807083076626,0.0,0.0,0.0,0.0,1.0,9.5
95.0,5.0,28.0,10.7986273499979,106.630570236564,0.0,14.87073929990493,14.237298722437757,81.2,0,1,1,0,0,1,19.567814035091047,0.0,0.0,0.0,99.97536945812809,10.0,8.104415398418269,0.0,0.0,0.0,0.0,1.0,9.5
120.0,5.0,27.5,10.8849447214438,106.680936638736,3.0,8.826587030733174,9.397256429506324,2447.9,0,0,0,0,0,1,18.148751295721265,83.60513092855099,0.0,0.0,16.39568609828833,12.0,12.31262710895036,1.0,0.0,0.0,1.0,0.0,8.9
46.0,4.0,5.0,10.7848990139072,106.668674626888,2.0,54.46617152529408,16.924787565129154,81.7,1,0,0,0,0,1,14.535280883434632,74.71236230110159,0.0,0.0,25.250917992656056,9.0,3.6775316904034097,0.0,0.0,0.0,1.0,0.0,9.5
56.0,4.0,4.0,10.7840623067389,106.651297121468,3.0,19.38917355371901,23.820911987062647,915.4,0,1,1,1,1,0,9.90181956943871,91.15796373170198,0.0,0.0,8.838759012453572,11.0,5.513471022123664,0.0,0.0,1.0,0.0,0.0,8.6
46.0,3.0,6.0,10.8142966802995,106.697758290179,2.0,18.827244701348747,16.924787565129154,1260.6,1,1,0,0,0,0,13.941385937429175,95.48865619546248,0.0,0.0,4.512137077582104,6.0,4.27401101222733,0.0,0.0,0.0,1.0,0.0,6.65
110.0,3.0,6.0,10.809333729434,106.693056391734,2.0,18.827244701348747,15.288713651298618,436.8,1,0,0,1,0,0,17.40171754184511,18.598901098901095,0.0,0.0,81.40338827838828,9.0,3.8092474972309938,0.0,0.0,1.0,0.0,0.0,12.99
150.0,3.0,5.0,10.7956567828622,106.648408193908,2.0,19.38917355371901,20.454141465138118,2631.7,1,1,1,0,0,0,17.16889699849127,78.06132917885779,0.0,0.0,21.937530873579817,9.0,6.156608077741229,0.0,0.0,0.0,0.0,1.0,12.5
68.0,5.0,6.0,10.7928683698487,106.711554719671,3.0,18.827244701348747,20.460368357652627,11269.1,0,1,1,1,0,0,18.619763285830498,2.478902485557853,32.43142753192358,65.08984745898076,0.0,18.0,2.1959695493295817,0.0,0.0,0.0,0.0,1.0,22.0
54.0,5.0,8.0,10.8686424453017,106.643601671895,2.0,8.826587030733174,14.549898133423875,13516.5,1,1,1,0,0,1,20.25050569105691,9.877779010838603,88.90075093404359,0.0,1.2216920060666592,9.0,12.064584735097611,0.0,0.0,0.0,0.0,1.0,7.75
75.0,3.0,15.0,10.877337452842,106.673042461923,3.0,8.826587030733174,9.397256429506324,203.2,0,0,1,0,0,0,17.510388497990952,72.95275590551182,27.04232283464567,0.0,0.0,7.0,11.677441452871276,0.0,0.0,1.0,0.0,0.0,5.75
27.0,3.0,3.0,10.7724060645513,106.668947390239,0.0,24.737282299672927,14.561953480312356,202.0,0,1,0,0,0,0,26.807768326301748,0.0,0.0,0.0,99.82178217821782,6.0,3.5348439426282106,0.0,0.0,0.0,0.0,1.0,4.5
80.0,6.0,10.0,10.8522584480464,106.656151791046,2.0,11.098013468022373,15.61262632367065,1864.5,1,0,0,0,1,0,20.18744094190726,96.50147492625368,0.3153660498793242,0.0,3.182622687047466,13.0,9.798141340031274,0.0,0.0,0.0,0.0,1.0,15.8
95.0,5.0,14.0,10.802119,106.77699,3.0,38.647438220481845,44.55718221916659,,0,0,1,1,0,0,19.567814035091047,,,,,10.0,8.783470115749875,0.0,0.0,0.0,1.0,0.0,32.0
59.0,2.0,4.5,10.799932762054,106.690270646428,0.0,18.63592086332186,20.918551142754602,80.2,1,0,0,0,0,1,19.5012876430688,39.17705735660848,0.0,0.0,60.81047381546135,6.0,2.9122529358635627,0.0,0.0,0.0,0.0,0.0,7.55
412.0,1.0,23.0,10.7780411822057,106.634817640277,3.0,14.87073929990493,28.253427846446222,157.0,0,0,0,0,0,0,29.940845325225013,12.363057324840764,0.0,0.0,87.61146496815287,6.0,7.24382447655701,0.0,0.0,0.0,1.0,0.0,54.0
35.0,2.0,3.0,10.8541257076298,106.762293199328,0.0,15.48107692307722,17.056969241416212,,0,0,1,0,1,0,17.667251633927393,,,,,3.0,10.96067902545044,0.0,0.0,0.0,1.0,0.0,3.3
43.0,6.0,5.35,10.8513609535757,106.658749391155,0.0,11.098013468022373,9.674953215540254,67.9,0,0,0,0,0,1,11.178588935354508,20.44182621502209,0.0,0.0,79.58762886597938,9.0,9.571625332965588,1.0,0.0,0.0,1.0,0.0,9.9
83.0,3.0,6.2,10.8010282887605,106.808569337003,0.0,19.053737403258268,12.780266996675284,,0,0,0,0,0,1,18.852521452227894,,,,,6.0,12.064212140198086,0.0,0.0,0.0,1.0,0.0,4.8
90.0,4.0,12.277777777777777,10.8296465097789,106.730633126046,2.0,15.48107692307722,14.40074884671146,,1,0,0,0,0,1,18.26879785280932,,,,,10.0,6.781535073762338,0.0,0.0,0.0,1.0,0.0,9.9
77.0,2.0,4.0,10.846839478854,106.746874510215,2.0,15.48107692307722,18.370149256274082,,1,0,0,0,0,0,19.567814035091047,,,,,6.0,9.32965430671385,0.0,0.0,0.0,1.0,0.0,7.3
403.0,2.0,8.6,10.8289286776959,106.571779705723,3.0,13.123347608580726,19.239629626786382,2101.9,0,0,0,0,0,1,20.25050569105691,7.085018316761024,0.0,0.0,0.0,9.0,15.302020757280784,0.0,0.0,0.0,0.0,1.0,25.2
45.0,2.0,3.0,10.7427805642912,106.729592154482,1.0,17.789285714285825,14.672222873812292,3286.7,1,0,0,0,1,0,8.354727166160457,91.70657498402652,2.1675236559466944,0.0,6.127118386223264,5.0,4.830317544821748,0.0,0.0,0.0,0.0,1.0,5.35
45.0,5.0,13.0,10.7548232705448,106.637134741272,3.0,12.006306645336863,20.454141465138118,2154.1,0,0,1,0,1,0,19.709285382510352,90.58725221670304,0.9892762638689012,0.0,7.214149760921035,9.0,7.373535341126876,0.0,0.0,0.0,1.0,0.0,8.4
70.0,1.0,4.0,10.8424802117053,106.819986982148,3.0,19.053737403258268,25.613782122221185,,0,1,1,0,0,0,20.25050569105691,,,,,3.0,14.941808972354352,0.0,0.0,0.0,1.0,0.0,4.35
16.0,3.0,5.333333333333334,10.7848683316369,106.648590765471,0.0,19.38917355371901,14.561953480312356,140.6,0,1,0,1,1,1,20.25050569105691,9.402560455192036,0.0,0.0,90.56187766714082,4.0,5.819864797250037,0.0,0.0,0.0,0.0,1.0,2.8
86.0,3.0,13.6,10.7674177628188,106.653356295661,2.0,13.32081849341783,16.924787565129154,2644.6,1,0,0,0,0,1,19.943720442101966,100.0,0.0,0.0,0.0,9.0,5.30190425514819,0.0,0.0,0.0,1.0,0.0,12.5
98.0,3.0,4.0,10.8707668679692,106.746447756886,2.0,15.48107692307722,17.332544455579256,,1,1,1,1,0,0,20.25050569105691,,,,,9.0,11.643475606717464,0.0,0.0,0.0,0.0,1.0,8.88
104.0,5.0,16.0,10.7777686855291,106.628936515494,3.0,14.87073929990493,17.499103454001883,635.3,0,1,0,1,1,0,26.821045108846718,96.90225090508422,0.0,0.0,3.1024712734141353,11.0,7.885141450156273,0.0,0.0,1.0,0.0,0.0,14.0
330.0,3.0,11.8,10.7255125,106.713776,0.0,17.789285714285825,34.311080856230646,921306.6,0,0,0,0,0,1,20.25050569105691,18.16232837146722,22.868941783332502,0.0,58.968724418125305,8.0,5.782219107734511,0.0,1.0,0.0,1.0,0.0,95.0
90.0,2.0,6.0,10.7957838121857,106.621893561892,0.0,14.87073929990493,12.804496961724974,2259.6,0,0,0,0,0,1,15.331358342303552,78.15144273322713,4.605239865462915,0.0,17.24243228890069,10.0,8.927053965238562,0.0,1.0,0.0,1.0,0.0,8.5
100.0,3.0,17.333333333333336,10.8320965537246,106.676829129106,3.0,11.098013468022373,14.561953480312356,41775.4,1,0,0,0,0,1,20.25050569105691,9.75916448436161,90.24076370304056,0.0,0.0,9.0,6.777601850215049,0.0,0.0,0.0,1.0,0.0,20.5
83.0,4.0,6.0,10.7845609699879,106.772956930403,0.0,38.647438220481845,23.328827418358713,,1,1,1,1,0,0,20.25050569105691,,,,,9.0,7.906628263959254,0.0,0.0,1.0,0.0,0.0,9.5
60.0,3.0,5.5,10.7937199304527,106.64025981115,0.0,19.38917355371901,15.61262632367065,2146.4,0,1,0,0,0,1,20.25050569105691,86.12886693999255,0.0,0.0,13.868803578084234,8.0,6.9315720146583075,0.0,0.0,0.0,1.0,0.0,9.9
56.0,4.0,8.200000000000001,10.8481803386319,106.748236954059,3.0,15.48107692307722,18.370149256274082,,0,1,1,1,0,1,20.251605221005875,,,,,7.0,9.535382284955936,0.0,0.0,0.0,1.0,0.0,15.0
55.0,4.0,7.0,10.829090124222596,106.67090333998205,0.0,11.098013468022373,14.561953480312356,27.8,0,0,0,0,0,1,10.107421869117639,0.0,0.0,0.0,99.9640287769784,9.0,6.762231804273017,0.0,0.0,0.0,0.0,1.0,6.7
9.0,2.0,3.6,10.8055460991027,106.682015506672,0.0,18.63592086332186,15.149860937399001,947.1,1,1,0,1,0,1,12.77062601913981,79.44884383908774,0.0,0.0,20.554323725055433,2.0,3.8909059231907537,0.0,0.0,0.0,0.0,1.0,2.3
72.0,4.0,6.0,10.6924937675446,106.74088825112,3.0,8.131668552257471,7.431275025157785,1084.2,0,0,0,0,0,0,8.354727166160457,72.12968087068806,0.0,0.0,27.87308614646744,9.0,10.25255619716887,0.0,0.0,0.0,0.0,1.0,8.36
57.0,4.0,7.9333333333333345,10.7952921558614,106.677393462935,3.0,18.63592086332186,15.923197269929185,375.4,0,0,0,0,0,1,18.88858355251217,28.16462440063932,0.0,0.0,71.83803942461375,11.0,3.362623868228538,0.0,0.0,0.0,1.0,0.0,15.3
48.0,5.0,6.0,10.7664297700074,106.682964489979,0.0,18.827244701348747,20.460368357652627,5618.1,0,0,0,0,0,0,22.511366997733134,89.01318951246861,10.98681048753137,0.0,0.0,16.0,2.2487744644620387,0.0,0.0,0.0,0.0,1.0,22.0
60.0,2.0,6.0,10.7820040699956,106.667674180721,3.0,24.737282299672927,15.923197269929185,63.0,0,0,0,0,0,1,20.25050569105691,6.253968253968253,0.0,0.0,93.1904761904762,4.0,3.711737602728361,0.0,0.0,0.0,1.0,0.0,18.5
144.0,3.0,20.0,10.795985740062354,106.7927588032174,3.0,19.053737403258268,23.42179327737413,,0,0,0,0,0,0,22.138800464465486,,,,,8.0,10.25560628343527,0.0,1.0,0.0,1.0,0.0,13.0
49.0,4.0,10.0,10.7975757940965,106.688746655024,3.0,18.63592086332186,20.918551142754602,,1,0,0,0,0,0,21.40910965668906,,,,,9.0,2.752551146356748,0.0,0.0,0.0,0.0,1.0,16.2
37.0,3.0,3.0,10.7271991620513,106.6339493859,0.0,9.364834955468142,15.923197269929185,133.4,0,1,1,0,1,0,20.25050569105691,36.58920539730135,63.38080959520239,0.0,0.0,7.0,9.124625858599984,0.0,0.0,0.0,0.0,1.0,4.85
41.0,5.0,25.6,10.8122855593219,106.700505410883,2.0,18.827244701348747,20.454141465138118,44.6,1,0,1,0,0,1,19.567814035091047,0.0,0.0,0.0,100.0,6.0,4.035292768989083,0.0,1.0,0.0,1.0,0.0,8.99
155.0,2.0,10.0,10.8499091815348,106.695527949118,0.0,8.826587030733174,13.645852307543556,3728.9,1,1,0,0,0,0,18.58320168788192,23.853683391885006,0.0,0.0,76.14658478371638,9.0,8.240828584367048,0.0,0.0,0.0,0.0,1.0,12.49
29.0,4.0,4.0,10.7541677470525,106.682111917818,3.0,29.82381843840417,18.83383064658232,1565.4,0,0,1,1,0,0,20.25050569105691,93.73067586559344,0.0,0.0,6.269324134406541,6.0,3.1930874226131043,0.0,0.0,0.0,1.0,0.0,6.8
35.0,2.0,3.0,10.7427949391148,106.729549929212,1.0,17.789285714285825,14.672222873812292,3286.7,1,0,0,0,0,0,8.354727166160457,91.70657498402652,2.1675236559466944,0.0,6.127118386223264,7.0,4.826123555818621,0.0,0.0,0.0,0.0,1.0,7.2
23.0,2.0,3.0,10.8109915226687,106.693761576322,0.0,18.827244701348747,16.924787565129154,1028.0,0,1,1,0,1,1,20.25050569105691,42.48346303501946,0.0,0.0,57.51848249027237,4.0,3.972586424132445,0.0,0.0,0.0,1.0,0.0,4.7
126.0,2.0,14.0,10.843111066935,106.733355376374,0.0,15.48107692307722,14.40074884671146,,0,1,0,0,0,0,20.25050569105691,,,,,12.0,8.25221443154361,0.0,0.0,1.0,0.0,0.0,8.5
105.0,2.0,6.0,10.8357784158337,106.618999376057,3.0,8.826587030733174,15.500554052311237,202.9,1,0,0,0,0,0,20.25050569105691,10.23656973878758,0.0,0.0,89.76835879743716,9.0,11.162245212818153,0.0,0.0,1.0,0.0,0.0,7.5
27.0,2.0,4.0,10.7589916745629,106.68792809817,2.0,53.75818181817839,26.429608342303553,86.1,1,1,0,1,0,0,37.54099080615944,3.902439024390244,0.0,0.0,96.06271777003484,6.0,2.376364510212922,0.0,0.0,0.0,1.0,0.0,5.5
40.0,4.0,3.0,10.7919467635138,106.6714652431,3.0,18.63592086332186,16.924787565129154,1661.2,1,0,0,0,0,0,24.641850909075103,80.9198169997592,0.0,0.0,19.080784974717073,7.0,3.690888826119419,0.0,0.0,0.0,0.0,1.0,8.4
38.0,3.0,3.4,10.7220630871685,106.622426511776,0.0,9.364834955468142,9.674953215540254,315.1,1,0,0,0,0,1,20.25050569105691,36.54712789590606,0.0,0.0,63.44969850841002,7.0,10.48032404168117,0.0,0.0,0.0,1.0,0.0,5.15
161.0,5.0,10.0,10.8300695567568,106.788318716145,3.0,15.48107692307722,18.834465413133596,,0,1,1,1,0,0,17.21642624996233,,,,,14.0,11.264970063443949,0.0,0.0,0.0,1.0,0.0,12.0
1.932,1.0,4.0,10.6834895278508,106.596666301202,3.0,13.123347608580726,19.72000161092822,1028.3,0,0,0,0,0,0,20.25050569105691,85.72401050277156,0.0,12.953418263152775,1.3254886706214142,4.0,15.362031762674585,0.0,0.0,0.0,1.0,0.0,19.7
30.0,4.0,3.3,10.7619857398796,106.67919915965,3.0,29.82381843840417,18.093318479606467,61.2,0,0,0,0,0,1,20.838172755970227,6.405228758169934,0.0,0.0,93.6437908496732,7.0,2.855135124532657,0.0,0.0,0.0,1.0,0.0,14.3
64.0,2.0,4.75,10.791413766736,106.663531796395,0.0,19.38917355371901,15.149860937399001,2094.3,0,0,0,0,1,1,22.762102461573292,52.51301150742491,47.349472377405334,0.0,0.1399035477247767,5.0,4.447166099384672,0.0,0.0,0.0,1.0,0.0,8.5
111.0,3.0,6.0,10.6847263503291,106.750437934007,2.0,8.131668552257471,7.431275025157785,,1,0,0,0,0,0,11.761918800261277,,,,,11.0,11.49172852692326,0.0,0.0,0.0,0.0,1.0,6.99
72.0,5.0,20.0,10.7588266377973,106.671166610029,3.0,29.82381843840417,24.56391683041859,6161.3,0,0,0,0,0,0,20.25050569105691,97.93517601804813,0.0,0.0,2.064823981951861,11.0,3.7866062329594894,0.0,0.0,0.0,1.0,0.0,22.0
63.0,5.0,5.0,10.7557580217245,106.606098608167,2.0,10.737500000006847,8.135783941420566,580.6,1,0,0,1,0,0,21.171574122196656,35.220461591457116,0.0,0.0,64.78126076472614,12.0,10.619019246943296,0.0,0.0,0.0,0.0,1.0,7.3
60.0,5.0,8.0,10.8802255327052,106.6655351133,3.0,8.826587030733174,9.397256429506324,2208.3,0,1,0,0,0,0,17.09291764913859,19.44391613458316,0.0,0.0,80.55789521351265,10.0,12.222938736367013,0.0,0.0,0.0,0.0,1.0,8.2
55.0,2.0,4.0,10.7405398879914,106.735886535537,3.0,17.789285714285825,8.648767860862735,895.0,1,0,0,0,0,0,13.834634373598146,99.19553072625698,0.0,0.0,0.8067039106145251,5.0,5.476118780455173,0.0,0.0,0.0,0.0,1.0,5.5
60.0,4.0,5.0,10.8388769516808,106.655964965717,0.0,11.098013468022373,23.820911987062647,2431.2,1,0,0,0,1,0,17.667251633927393,16.689289239881543,0.1238071734123067,0.0,83.18525830865417,9.0,8.554826390444942,1.0,0.0,0.0,1.0,0.0,7.9
21.0,5.0,4.0,10.7582193601247,106.684737845135,2.0,29.82381843840417,20.918551142754602,57.9,1,1,1,1,0,0,20.25050569105691,0.0,0.0,0.0,99.93091537132987,9.0,2.6652652287098246,0.0,0.0,0.0,0.0,1.0,7.25
109.0,9.0,12.0,10.7299597329512,106.632425505774,3.0,9.364834955468142,9.674953215540254,409.0,0,0,0,0,0,0,18.20119183870365,25.77261613691931,0.0,0.0,74.23716381418093,50.0,9.08246824436234,0.0,0.0,0.0,1.0,0.0,12.95
68.0,4.0,6.0,10.7337918458483,106.629076039375,3.0,12.006306645336863,14.561953480312356,31534.5,0,1,1,0,1,0,20.25050569105691,55.83909686216684,7.53542945028461,0.0,36.62547368754856,9.0,9.161502909013022,0.0,0.0,1.0,0.0,0.0,10.5
27.0,2.0,3.0,10.7266151634412,106.733673062452,3.0,17.789285714285825,8.648767860862735,1333.4,0,0,0,0,0,0,8.354727166160457,78.71081445927703,0.0,0.0,21.28918554072296,4.0,6.543463747942359,0.0,0.0,0.0,1.0,0.0,3.79
143.0,4.0,11.7,10.830793497682,106.705474069222,0.0,18.827244701348747,16.235786892588425,4489.4,0,0,0,0,0,1,19.425983461480996,77.58319597273578,0.0,0.0,22.416358533434313,14.0,6.111461399286738,0.0,0.0,0.0,1.0,0.0,20.0
80.0,4.0,5.0,10.8227939311735,106.685837359103,2.0,11.098013468022373,18.83383064658232,29.8,0,0,1,1,1,0,20.25050569105691,0.0,0.0,0.0,99.83221476510067,9.0,5.463781829914089,0.0,0.0,0.0,0.0,1.0,8.9
126.0,2.0,10.0,10.7726715010365,106.676361043506,0.0,24.737282299672927,20.454141465138118,113.0,0,0,0,0,0,0,32.67330086593139,0.0,0.0,0.0,99.70796460176992,11.0,2.727579411025607,0.0,0.0,0.0,1.0,0.0,26.0
96.0,3.0,18.0,10.69125,106.7212,0.0,8.131668552257471,13.173106254134565,124636.3,0,1,0,0,1,0,19.32281039637293,6.473475223510326,13.61510250224052,0.0,12.82587015179366,9.0,9.676232548644643,0.0,0.0,0.0,1.0,0.0,12.4
115.0,3.0,9.0,10.8411557606621,106.725486384357,0.0,15.48107692307722,14.40074884671146,,1,1,1,0,1,0,18.903841583700096,,,,,10.0,7.719086791863848,0.0,0.0,1.0,0.0,0.0,13.5
82.0,2.0,7.0,10.8458199146789,106.718175529127,3.0,15.48107692307722,17.78611714762465,,1,0,0,0,0,0,15.155664323925304,,,,,5.0,7.984489532351827,0.0,0.0,1.0,0.0,0.0,9.5
60.0,2.0,6.0,10.7317272486577,106.616336988622,2.0,10.737500000006847,13.181777405603473,1027.6,1,0,0,0,0,0,20.25050569105691,15.579019073569484,0.0,0.0,84.4258466329311,6.0,10.486984337911112,0.0,0.0,0.0,0.0,1.0,5.95
175.0,3.0,14.3,10.8033227143406,106.79581397121,0.0,19.053737403258268,23.42179327737413,,0,1,0,0,0,1,20.87381731865282,,,,,13.0,10.782401871979893,0.0,0.0,0.0,0.0,1.0,25.5
60.0,3.0,4.0,10.8076416784537,106.703162834828,0.0,18.827244701348747,20.454141465138118,122.6,1,0,0,1,0,0,15.076317258595626,0.2039151712887439,0.0,0.0,99.8205546492659,8.0,3.525601544393051,0.0,0.0,0.0,0.0,1.0,7.99
104.0,4.0,4.0,10.7804865836723,106.768888575879,2.0,15.48107692307722,16.791900388268562,,1,0,0,1,0,0,20.25050569105691,,,,,9.0,7.421554115044632,0.0,0.0,0.0,0.0,1.0,11.5
53.0,1.0,7.0,10.7970488504366,106.823672083218,3.0,19.053737403258268,12.780266996675284,,1,1,0,0,1,0,18.237438852350834,,,,,2.0,13.591619856151192,0.0,0.0,0.0,1.0,0.0,3.5
94.0,3.0,12.2,10.8113792696114,106.728770185497,3.0,38.647438220481845,58.28290665694527,,0,0,1,0,0,1,20.25050569105691,,,,,8.0,4.960938883853633,0.0,0.0,0.0,1.0,0.0,17.5
130.0,4.0,16.0,10.783164141485,106.747433439964,0.0,38.647438220481845,44.55718221916659,,0,0,0,0,0,0,20.25050569105691,,,,,8.0,5.1234399862967015,0.0,0.0,1.0,0.0,0.0,34.0
70.0,5.0,7.7,10.7983176841059,106.616476984431,3.0,14.87073929990493,17.8318693459886,1671.7,0,1,0,0,0,1,20.25050569105691,68.77609618950768,0.0,0.0,31.22450200394808,10.0,9.570703666040806,0.0,0.0,0.0,1.0,0.0,9.9
72.0,4.0,5.0,10.7962041140684,106.626451501624,0.0,14.87073929990493,14.237298722437757,302.1,0,1,1,1,1,0,15.331358342303552,0.0,0.0,0.0,100.0,10.0,8.457721071288331,0.0,0.0,0.0,1.0,0.0,6.6
68.0,3.0,5.0,10.8645603777438,106.730035233843,0.0,15.48107692307722,17.78611714762465,,1,1,0,1,0,0,18.780773771776595,,,,,9.0,10.34213345911478,0.0,0.0,1.0,0.0,0.0,6.7
88.0,5.0,11.8,10.7745999835302,106.664271949817,2.0,24.737282299672927,15.61262632367065,2360.0,1,0,0,0,0,1,19.759740783443462,50.47118644067796,0.0,0.0,49.50932203389831,10.0,4.0258983836880216,0.0,0.0,0.0,1.0,0.0,22.0
64.0,1.0,8.0,10.8870801232077,106.595770138869,3.0,9.79203162611253,18.276257657517313,168.2,1,0,0,1,0,0,20.25050569105691,0.0,0.0,0.0,100.0,4.0,16.878706818181975,0.0,0.0,0.0,0.0,1.0,5.6
72.0,2.0,7.0,10.7562668963036,106.618388133957,3.0,10.737500000006847,19.36213730687916,25707.8,1,1,1,0,0,1,20.25050569105691,20.684111436995774,0.0,25.90163296742623,31.734998716342904,4.0,9.297868189502717,0.0,0.0,0.0,1.0,0.0,8.2
73.0,2.0,5.0,10.7980235052773,106.705156645824,2.0,18.827244701348747,15.923197269929185,3425.9,1,0,0,0,0,0,19.911470140858842,64.69774365860066,33.41837181470563,0.0,1.883300738492075,4.0,2.488667462651895,0.0,0.0,0.0,1.0,0.0,14.3
66.0,4.0,4.0,10.8106108059712,106.713034194166,0.0,18.827244701348747,20.47473566303819,82.5,1,0,0,0,0,0,20.263535304628697,17.12727272727273,0.0,0.0,82.86060606060606,14.0,4.063316114706291,0.0,0.0,0.0,0.0,1.0,11.5
150.0,6.0,12.0,10.8290017947588,106.768359285023,3.0,15.48107692307722,21.11172623314244,,0,0,1,0,0,0,23.716488155468518,,,,,7.0,9.418210051360692,0.0,0.0,0.0,1.0,0.0,20.3
114.0,4.0,10.6,10.8013408098724,106.776860688575,3.0,38.647438220481845,44.55718221916659,,0,0,0,1,1,1,19.567814035091047,,,,,13.0,8.74187734534337,0.0,1.0,0.0,1.0,0.0,47.0
85.0,3.0,12.0,10.8269789155947,106.762075278474,2.0,19.053737403258268,21.11172623314244,,1,0,1,0,0,1,20.25050569105691,,,,,8.0,8.745785712869612,0.0,0.0,0.0,1.0,0.0,8.75
54.0,4.0,6.0,10.7849880071485,106.64076567864,2.0,14.87073929990493,28.253427846446222,896.5,1,0,0,0,0,0,26.821045108846718,29.19687674288901,0.0,70.80312325711098,0.0,8.0,6.665814062105548,0.0,0.0,0.0,1.0,0.0,8.7
457.0,1.0,21.8,10.758864415892,106.671329291322,3.0,29.82381843840417,24.56391683041859,24076.9,0,0,0,0,0,1,20.25050569105691,64.44081256307912,0.0424888586155194,0.5129813223463153,35.00384185671743,4.0,3.7691457774484647,0.0,0.0,0.0,1.0,0.0,175.0
92.0,3.0,5.0,10.7884171396539,106.669663654432,0.0,18.63592086332186,16.235786892588425,2217.2,1,0,1,0,0,0,21.04502912786141,64.34602200974201,18.86298033555836,0.0,16.78919357748512,9.0,3.701042705497452,0.0,0.0,0.0,0.0,1.0,12.5
54.0,1.0,5.0,10.7556838477047,106.606336766626,0.0,10.737500000006847,8.135783941420566,1313.5,0,0,0,0,0,0,21.171574122196656,6.8313665778454515,0.0,0.0,93.16558812333462,2.0,10.595352613894862,0.0,0.0,0.0,0.0,1.0,4.2
40.0,2.0,7.181818181818182,10.7689522514442,106.678832181963,2.0,54.46617152529408,18.83383064658232,2067.2,1,0,0,0,0,1,21.321721723241613,33.23916408668731,0.0,0.0,66.7622871517028,4.0,2.555557693338435,0.0,0.0,0.0,0.0,1.0,7.0
19.0,3.0,23.4,10.7923710798704,106.681948425483,3.0,18.63592086332186,23.820911987062647,818.6,1,0,0,0,0,1,43.77795732213526,5.521622281944784,94.48082091375518,0.0,0.0,8.0,2.773090703600097,0.0,0.0,0.0,0.0,1.0,4.0
25.0,2.0,8.0,10.8069977973289,106.718642646213,3.0,18.827244701348747,23.596282954466844,915.3,1,0,1,0,0,0,29.161416890612465,96.48858297825848,0.0,0.0,3.5114170217415057,2.0,3.943611154357139,0.0,0.0,0.0,1.0,0.0,6.9
231.0,4.0,13.5,10.8081468052953,106.688684334311,3.0,19.38917355371901,20.454141465138118,76.0,0,1,0,0,0,1,24.873898992866078,96.82894736842104,0.0,0.0,3.131578947368421,14.0,3.823167567639581,0.0,0.0,0.0,0.0,1.0,34.0
90.0,3.0,12.0,10.8307278704476,106.705825780617,2.0,18.827244701348747,16.235786892588425,36014.6,1,1,1,0,0,0,19.425983461480996,12.228623946954848,87.7714871191128,0.0,0.0,11.0,6.107313065342215,0.0,0.0,0.0,1.0,0.0,15.0
39.0,2.0,3.5,10.784351057537,106.626826710991,3.0,14.87073929990493,12.804496961724974,1659.6,0,0,0,0,0,1,20.25050569105691,92.55664015425404,0.0,0.0,7.444564955410943,4.0,8.166030696285267,0.0,0.0,0.0,1.0,0.0,6.8
63.0,2.0,6.0,10.8143110152196,106.623698808418,2.0,14.87073929990493,13.051852005459661,1632.4,1,0,0,0,0,0,20.25050569105691,84.4535653026219,0.0,0.0,15.548885077186965,7.0,9.466935135193276,0.0,0.0,0.0,0.0,1.0,6.9
40.0,3.0,3.0,10.8197417480912,106.690395869204,0.0,11.098013468022373,18.83383064658232,42.1,0,0,0,0,0,0,23.072180951086057,83.58669833729215,0.0,16.48456057007126,0.0,10.0,5.00240931877269,0.0,0.0,1.0,0.0,0.0,4.65
75.0,4.0,8.0,10.7262758215628,106.73366930962,0.0,17.789285714285825,8.648767860862735,1889.4,0,0,0,0,0,0,20.25050569105691,70.85000529268551,0.0,0.0,29.14999470731449,9.0,6.574940995527989,0.0,0.0,0.0,0.0,1.0,15.8
79.0,5.0,6.0,10.7978471962319,106.696238343144,3.0,18.827244701348747,15.13100312673361,1791.3,1,0,0,0,0,0,18.746215486842598,80.36509797353877,7.0032936973148,0.0,12.629933567799922,23.0,2.4866621255825225,0.0,0.0,0.0,0.0,1.0,18.9
95.0,3.0,7.0,10.7876277836352,106.686342497606,3.0,54.46617152529408,106.67729565230768,6272.2,1,0,0,0,0,0,75.75321427483613,82.48254201077772,0.0,3.688976754567775,13.828800102037563,9.0,2.066454966513622,0.0,0.0,0.0,1.0,0.0,24.0
100.0,5.0,14.0,10.84488,106.7182,0.0,15.48107692307722,17.78611714762465,,0,0,0,0,0,0,23.367189811728526,,,,,9.0,7.883538143067557,0.0,0.0,0.0,0.0,1.0,19.8
97.0,6.0,30.0,10.7892278227174,106.693396750822,0.0,53.75818181817839,48.487230363696476,17485.9,1,0,0,0,1,0,29.34260834230355,74.00602771375794,25.993743530501725,0.0,0.0,22.0,1.6945407519691322,0.0,0.0,0.0,0.0,1.0,27.0
100.0,4.0,13.25,10.7246390560629,106.680502347632,0.0,13.123347608580726,20.341033665775136,415.8,0,1,1,1,0,1,19.95794963295886,21.608946608946606,0.0,0.0,78.4030784030784,9.0,6.138371188969658,0.0,1.0,0.0,1.0,0.0,8.0
105.0,3.0,20.0,10.7998669964764,106.650713453729,3.0,19.38917355371901,20.454141465138118,105.7,0,0,0,0,0,0,20.25050569105691,0.0,0.0,0.0,100.0,12.0,6.110150971446236,0.0,0.0,0.0,0.0,1.0,20.0
50.0,2.0,5.5,10.8828112022995,106.772935942241,0.0,15.48107692307722,14.196219758981544,,0,0,0,0,0,1,20.18206125192249,,,,,4.0,14.23419580352055,0.0,0.0,0.0,1.0,0.0,3.9
45.0,6.0,8.0,10.8326064927782,106.638952515776,3.0,11.098013468022373,20.454141465138118,364.1,1,1,1,0,0,1,20.25050569105691,46.185113979675904,0.0,0.0,53.82861851139796,12.0,9.257193139218662,0.0,0.0,0.0,0.0,1.0,8.9
40.0,2.0,4.0,10.7403926492488,106.735921281116,2.0,17.789285714285825,8.648767860862735,125.5,0,0,0,0,0,0,13.834634373598146,65.07569721115539,0.0,0.0,34.948207171314735,6.0,5.490548659493409,0.0,0.0,0.0,0.0,1.0,6.49
60.0,2.0,6.0,10.7585593729242,106.612373089673,3.0,10.737500000006847,19.36213730687916,2731.0,0,1,1,1,0,0,13.472608342303552,86.95056755767118,0.0,0.0,13.048333943610398,5.0,9.884394998632986,0.0,1.0,0.0,1.0,0.0,4.05
72.0,3.0,6.0,10.7840363965089,106.694535135773,2.0,54.46617152529408,106.67729565230768,368.0,1,0,0,0,0,0,20.25050569105691,0.0,0.0,99.9836956521739,0.0,11.0,1.1457578996763056,0.0,0.0,0.0,1.0,0.0,22.0
52.0,1.0,5.0,10.8178547938566,106.588414248266,2.0,10.737500000006847,13.71334205498395,1122.6,1,0,0,0,0,0,20.25050569105691,8.401924104756816,91.60252984143952,0.0,0.0,4.0,13.158781714445448,0.0,0.0,0.0,1.0,0.0,4.55
170.0,3.0,6.0,10.84436550111814,106.7813971079886,0.0,19.053737403258268,19.526540511910742,,0,1,0,0,0,0,21.311911870649638,,,,,40.0,11.60624550103458,0.0,0.0,1.0,0.0,0.0,19.8
88.0,4.0,6.0,10.838862966335,106.648861086749,3.0,11.098013468022373,23.820911987062647,2080.4,0,0,0,0,0,0,10.107421869117639,97.5336473755047,0.0,0.0,2.464910594116516,10.0,9.023048198225428,0.0,0.0,0.0,1.0,0.0,9.8
320.0,9.0,29.5,10.7844448190951,106.642145949508,0.0,14.87073929990493,21.72974125281273,13875.5,0,0,0,0,0,1,22.259407193155763,24.15812042809268,75.84202371085728,0.0,0.0,10.0,6.507803664579158,0.0,0.0,0.0,1.0,0.0,45.0
67.0,3.0,5.0,10.7416137909886,106.620353155275,3.0,10.737500000006847,13.181777405603473,8857.6,0,1,1,0,0,1,20.25050569105691,2.1475343208092483,97.85190119219652,0.0,0.0,8.0,9.613864768843804,0.0,0.0,0.0,0.0,1.0,9.8
160.0,5.0,10.4,10.8015438771867,106.649533969514,0.0,19.38917355371901,20.454141465138118,2629.6,0,0,0,0,0,1,28.509028490145873,75.95261636750837,9.068299361119562,0.0,14.97984484332218,40.0,6.308166421974876,0.0,0.0,0.0,1.0,0.0,53.0
28.0,4.0,3.4,10.7553194873269,106.676973512356,3.0,29.82381843840417,20.918551142754602,56.0,0,0,0,0,0,1,14.324407498016885,24.75,0.0,0.0,75.30357142857143,7.0,3.4977143673833875,0.0,0.0,0.0,0.0,1.0,12.99
39.0,3.0,2.0,10.8067061889747,106.678878700933,3.0,18.63592086332186,24.56391683041859,72.0,1,0,0,0,0,0,17.39220212010448,0.0,0.0,0.0,100.0,6.0,4.189180700539585,0.0,0.0,0.0,0.0,1.0,5.0
171.0,7.0,25.0,10.8018811801942,106.649773839274,3.0,19.38917355371901,20.454141465138118,252802.3,1,1,1,1,0,0,28.509028490145873,2.1049808486710764,0.0,19.24298157097463,0.2418095088533609,70.0,6.301819584180031,0.0,0.0,0.0,0.0,1.0,75.0
73.0,3.0,8.25,10.8675474802148,106.735110486405,0.0,15.48107692307722,17.332544455579256,,1,1,1,1,0,1,19.567814035091047,,,,,7.0,10.83615974372484,0.0,0.0,0.0,0.0,1.0,7.2
52.0,2.0,6.0,10.7732494480498,106.627420810411,3.0,14.87073929990493,15.971912456276133,4425.3,1,1,0,0,0,0,16.438356940373765,84.99988701330983,14.999209093168824,0.0,0.0,6.0,8.05412422943844,0.0,0.0,0.0,1.0,0.0,6.1
40.0,4.0,5.0,10.7688695324866,106.68750810278,3.0,53.75818181817839,50.13266841725762,1634.7,0,1,1,1,1,0,20.25050569105691,98.9649476968251,1.03321710405579,0.0,0.0,9.0,1.6831598527753586,0.0,0.0,0.0,1.0,0.0,11.0
56.0,3.0,7.0,10.8789995883228,106.668898400299,3.0,8.826587030733174,9.397256429506324,10130.3,1,0,0,0,0,0,20.25050569105691,37.71813273052131,40.66562688173105,0.0,21.61594424646852,6.0,11.980842145425424,0.0,0.0,0.0,0.0,1.0,5.2
75.0,5.0,7.8,10.7984336824801,106.667705197542,0.0,19.38917355371901,18.83383064658232,444.9,0,0,0,0,0,1,19.806236435736306,0.6765565295572038,0.0,0.0,99.31445268599688,9.0,4.419095933813758,0.0,0.0,0.0,1.0,0.0,25.9
108.0,3.0,20.0,10.8064777394287,106.790337911741,0.0,19.053737403258268,23.42179327737413,,0,0,0,0,0,0,20.18206125192249,,,,,8.0,10.319665722937962,0.0,0.0,0.0,1.0,0.0,18.0
44.0,5.0,6.0,10.8129075085957,106.696903181578,0.0,18.827244701348747,20.454141465138118,1303.6,1,0,0,0,0,0,13.941385937429175,99.86115372813748,0.0,0.0,0.1388462718625345,9.0,4.129450332458524,0.0,0.0,1.0,0.0,0.0,8.9
149.0,4.0,8.9,10.8408127810929,106.741072537689,3.0,15.48107692307722,18.370149256274082,,0,0,0,0,0,1,18.441394421707372,,,,,13.0,8.42613418812014,0.0,0.0,0.0,1.0,0.0,21.5
120.0,2.0,3.0,10.7644393007617,106.63233586104,3.0,14.87073929990493,18.35882491952716,3388.5,0,1,1,0,0,0,29.940845325225013,99.36077910579904,0.0,0.640696473365796,0.0,6.0,7.620734308845499,0.0,0.0,0.0,1.0,0.0,8.5
68.0,4.0,9.333333333333332,10.895373075425049,106.57423820346594,0.0,9.79203162611253,17.70353500975991,5611.9,0,1,1,0,0,1,19.567814035091047,19.75872699085871,80.24109481637237,0.0,0.0,9.0,19.18718596049254,0.0,0.0,0.0,1.0,0.0,2.7
80.0,4.0,8.0,10.8000280460014,106.650704397356,0.0,19.38917355371901,20.454141465138118,4537.5,0,0,0,0,0,0,20.25050569105691,92.52055096418732,0.0,0.0,7.478567493112948,9.0,6.118838962499826,0.0,1.0,0.0,0.0,1.0,14.8
357.0,4.0,19.9,10.7934758328669,106.718273976689,0.0,18.827244701348747,41.01013634331939,3710.2,0,0,0,0,1,1,42.28415103036848,92.2907120909924,0.0,7.7092879090076,0.0,10.0,2.7009681558685417,0.0,0.0,0.0,0.0,1.0,299.0
96.0,4.0,20.0,10.7837030811864,106.619320516444,3.0,14.87073929990493,17.499103454001883,796.9,1,1,1,0,0,0,20.25050569105691,5.673233780900992,0.0,0.0,94.33053080687664,9.0,8.973963106056647,0.0,0.0,0.0,1.0,0.0,14.5
12.0,3.0,3.0,10.7645784698333,106.695059171558,0.0,53.75818181817839,32.631365062301924,622.6,0,1,1,1,0,0,19.69171696496433,95.74204946996468,0.0,0.0,4.256344362351429,4.0,1.431215778433128,0.0,0.0,0.0,0.0,1.0,3.1
73.0,4.0,10.0,10.8055353313323,106.605114951119,3.0,10.737500000006847,10.067829993435623,1603.5,1,1,1,0,0,0,18.780773771776595,30.215777985656377,0.0,0.0,69.78609292173373,9.0,10.986667732826234,0.0,0.0,0.0,0.0,1.0,9.8
80.0,6.0,16.35,10.7752326235545,106.630301283836,3.0,14.87073929990493,15.971912456276133,75.4,0,0,0,0,0,1,20.25050569105691,2.161803713527851,0.0,0.0,97.85145888594164,9.0,7.734112962466607,0.0,0.0,0.0,1.0,0.0,13.0
102.0,4.0,5.7,10.8085660016134,106.688563352022,3.0,19.38917355371901,16.235786892588425,89.3,0,0,0,0,0,1,24.873898992866078,12.84434490481523,0.0,0.0,87.1444568868981,12.0,3.871438424899089,0.0,0.0,0.0,1.0,0.0,28.0
73.0,2.0,3.0,10.747611991044,106.715975542049,0.0,17.789285714285825,14.8877491993957,76.5,0,1,1,1,0,0,18.207540931800263,48.79738562091503,0.0,0.0,51.22875816993464,8.0,3.5503156085777965,0.0,0.0,0.0,1.0,0.0,5.6
59.0,2.0,4.5,10.7493823386316,106.635416053729,0.0,12.006306645336863,20.454141465138118,1838.6,0,1,1,0,0,1,20.25050569105691,83.7229413684325,0.0,0.0,16.278146415751117,6.0,7.761714605683989,0.0,0.0,0.0,1.0,0.0,5.5
490.0,4.0,16.0,10.8055937102491,106.749479469214,3.0,38.647438220481845,44.55718221916659,,0,0,1,0,0,0,20.25050569105691,,,,,11.0,6.225245140357189,0.0,0.0,0.0,1.0,0.0,150.0
60.0,4.0,12.0,10.7790498109419,106.679193403058,3.0,24.737282299672927,20.454141465138118,1127.0,0,0,0,0,0,0,14.535280883434632,99.81721384205858,0.0,0.0,0.1792369121561668,8.0,2.416845376611194,0.0,0.0,0.0,0.0,1.0,18.7
26.0,3.0,6.8,10.8386914784483,106.830814518945,0.0,19.053737403258268,21.65981557903033,,0,0,0,0,0,1,22.156780321650697,,,,,4.0,15.789873819835424,0.0,0.0,1.0,0.0,0.0,4.4
75.0,3.0,11.5,10.7721854584676,106.669468327751,2.0,24.737282299672927,20.454141465138118,979.0,1,0,1,1,0,1,26.807768326301748,50.94790602655771,0.0,0.0,49.00510725229827,8.0,3.481215102434911,0.0,0.0,0.0,1.0,0.0,18.9
72.0,3.0,6.166666666666666,10.7847006919914,106.642228328044,2.0,19.38917355371901,14.561953480312356,351.3,1,0,1,0,1,1,22.259407193155763,6.803302021064617,0.0,0.0,93.20239111870195,9.0,6.503068754889735,0.0,1.0,0.0,1.0,0.0,7.8
749.0,2.0,17.9,10.7868327038361,106.729760638267,0.0,38.647438220481845,25.425738377885217,,0,0,0,0,0,1,20.25050569105691,,,,,55.0,3.3543949359255154,0.0,0.0,0.0,1.0,0.0,99.0
51.0,3.0,3.0,10.7628360808787,106.672695339517,0.0,24.737282299672927,20.918551142754602,4662.0,1,0,1,1,0,0,26.807768326301748,45.215787215787216,0.0,0.0,54.77434577434577,8.0,3.4307604559028415,0.0,0.0,1.0,0.0,0.0,8.2
131.0,7.0,16.1,10.8040118014214,106.644956400416,0.0,19.38917355371901,16.235786892588425,269.4,0,0,0,0,0,1,20.25050569105691,1.7780252412769115,0.0,0.0,98.2256867112101,20.0,6.878186986253674,0.0,0.0,0.0,1.0,0.0,29.5
63.0,5.0,8.0,10.7696190761009,106.613411595643,0.0,10.737500000006847,8.135783941420566,3101.9,1,0,0,1,0,0,13.629868366546333,88.851671556143,0.0,0.6579838163706115,10.49131177665302,10.0,9.60490601545939,0.0,0.0,0.0,0.0,1.0,7.6
21.0,2.0,4.0,10.7996059706975,106.700756734672,0.0,18.827244701348747,20.918551142754602,850.7,0,1,1,1,0,1,18.394702660946763,77.21876102033619,0.0,0.0,22.78711649230046,4.0,2.6251319631414973,0.0,0.0,0.0,1.0,0.0,4.39
100.0,1.0,10.0,10.7792041585357,106.679050135333,0.0,24.737282299672927,20.454141465138118,1704.0,0,0,0,0,0,0,14.535280883434632,91.78286384976526,8.21537558685446,0.0,0.0,9.0,2.434792747811018,0.0,0.0,0.0,1.0,0.0,18.0
450.0,4.0,10.0,10.8690297423533,106.608314456114,0.0,9.79203162611253,27.414937624076174,928.0,0,0,0,0,0,0,19.567814035091047,0.0,0.0,0.0,100.0,12.0,14.481045880306736,0.0,0.0,0.0,1.0,0.0,15.5
140.0,3.0,8.5,10.8490219077938,106.837692064078,0.0,19.053737403258268,25.613782122221185,,0,0,0,0,0,1,20.25050569105691,,,,,9.0,16.985181958683057,0.0,0.0,0.0,1.0,0.0,15.7
135.0,1.0,6.0,10.7918399583431,106.71567197099,2.0,18.827244701348747,41.01013634331939,47.5,1,0,0,0,0,0,18.607354980746287,24.96842105263158,0.0,0.0,75.03157894736843,7.0,2.3739864946115627,0.0,0.0,1.0,0.0,0.0,24.0
104.0,3.0,18.4,10.7898511908839,106.693830260832,0.0,53.75818181817839,34.07029975082686,17485.9,0,0,0,0,1,1,29.34260834230355,74.00602771375794,25.993743530501725,0.0,0.0,8.0,1.732839291135983,0.0,0.0,0.0,1.0,0.0,23.8
56.0,4.0,16.0,10.8140912449418,106.62388012169,3.0,14.87073929990493,13.051852005459661,152.8,0,0,0,0,0,0,20.480480660290983,2.539267015706806,0.0,0.0,97.4476439790576,8.0,9.438264292465128,0.0,0.0,0.0,0.0,1.0,8.0
49.0,4.0,8.0,10.8157203014238,106.695291058618,2.0,18.827244701348747,16.924787565129154,736.3,1,0,0,0,0,0,14.324407498016885,93.2106478337634,0.0,0.0,6.787994024174929,14.0,4.462038125724049,0.0,0.0,0.0,1.0,0.0,10.7
52.0,6.0,7.0,10.7792196916598,106.637801193791,0.0,14.87073929990493,28.253427846446222,8583.1,0,0,0,0,0,0,20.25050569105691,12.112756463282498,9.77036268947117,0.0,78.11664783120318,11.0,6.923612134859018,0.0,0.0,0.0,1.0,0.0,9.99
51.0,2.0,3.0,10.8480432674329,106.648124791894,0.0,11.098013468022373,15.61262632367065,786.2,0,0,1,0,0,0,11.178588935354508,89.24319511574662,0.0,9.77868226914271,0.9717629102009666,5.0,9.881876991800857,0.0,0.0,0.0,0.0,1.0,5.68
50.0,3.0,6.283333333333333,10.7765507820415,106.651600281749,2.0,19.38917355371901,24.56391683041859,64.7,1,0,0,0,0,1,19.567814035091047,3.2302936630602774,0.0,0.0,96.72333848531684,6.0,5.407397914717731,0.0,0.0,1.0,0.0,0.0,6.85
44.0,2.0,8.0,10.7977427683717,106.623196338555,3.0,14.87073929990493,9.35870800879073,386.7,0,1,0,0,0,0,20.25050569105691,10.149987070080163,0.0,0.0,89.84484096198604,3.0,8.846216776692163,0.0,0.0,0.0,1.0,0.0,6.85
80.0,4.0,6.0,10.8348056267141,106.664222777813,0.0,11.098013468022373,14.561953480312356,49.4,0,1,1,1,0,0,18.21396773749808,50.24291497975709,0.0,49.736842105263165,0.0,9.0,7.67988703665748,0.0,0.0,0.0,0.0,1.0,9.7
48.0,3.0,23.0,10.78116236116044,106.63178262154628,3.0,14.87073929990493,17.499103454001883,14446.6,1,1,1,0,0,0,19.708026665344153,0.4851660598341478,0.0,0.0,99.51511082192349,4.0,7.593482786927163,0.0,0.0,0.0,1.0,0.0,7.3
107.0,5.0,12.4,10.7894781034461,106.698580206941,3.0,53.75818181817839,48.487230363696476,4469.5,0,0,0,0,0,1,20.25050569105691,85.4773464593355,0.0,14.523324756684191,0.0,12.0,1.523761640199104,0.0,0.0,0.0,1.0,0.0,25.5
175.0,5.0,24.6,10.8850556148914,106.680804279235,3.0,8.826587030733174,9.397256429506324,278.4,0,0,1,0,0,1,18.148751295721265,0.0,0.0,0.0,99.99640804597702,19.0,12.32735025044408,0.0,0.0,0.0,1.0,0.0,11.0
53.0,2.0,3.0,10.8159997790038,106.695437576344,3.0,18.827244701348747,16.924787565129154,22.8,0,0,0,0,0,0,14.324407498016885,0.0,0.0,0.0,100.0,4.0,4.490568798909945,0.0,0.0,0.0,0.0,1.0,7.3
60.0,2.0,12.0,10.8717575013348,106.67786128058,2.0,8.826587030733174,8.427513172672999,1525.9,1,0,1,0,0,1,17.729439434140414,0.0,8.395700897830789,0.0,91.60692050593092,5.0,10.946061777644973,0.0,0.0,0.0,0.0,1.0,4.73
27.0,3.0,4.0,10.8149858257602,106.672974267559,0.0,18.827244701348747,15.923197269929185,99.9,0,1,1,0,0,1,18.58425689749212,30.58058058058058,0.0,0.0,69.44944944944945,6.0,5.31320835504643,0.0,0.0,0.0,0.0,1.0,5.98
150.0,1.0,6.0,10.799704805406,106.629318158696,3.0,14.87073929990493,14.237298722437757,162.7,1,0,0,0,0,0,20.25050569105691,0.0,0.0,0.0,99.98770743700062,4.0,8.271911882650793,0.0,0.0,0.0,1.0,0.0,13.5
100.0,2.0,7.0,10.766565793578,106.626952233498,2.0,14.87073929990493,18.35882491952716,4527.4,1,0,0,0,0,0,16.438356940373765,79.52445111984804,0.0,10.93121880107788,9.54477183372355,9.0,8.16724123309624,0.0,0.0,0.0,0.0,1.0,8.25
28.0,3.0,3.0,10.7934831729902,106.687554214226,0.0,53.75818181817839,34.07029975082686,65.0,0,1,1,1,0,1,19.211286203635318,0.0,0.0,0.0,100.0,7.0,2.4430642055949954,0.0,0.0,1.0,0.0,0.0,8.0
55.0,5.0,6.0,10.864532843853,106.633956628322,3.0,8.826587030733174,9.23912502081522,4169.2,1,1,1,1,0,0,18.520635477981624,50.40391442003263,0.0,0.0,45.83996929866641,10.0,12.275545376380562,0.0,0.0,0.0,0.0,0.0,8.3
106.0,3.0,20.0,10.6908312500403,106.721112325995,0.0,8.131668552257471,13.173106254134565,3104.7,1,1,0,0,1,0,19.32281039637293,0.0,20.0096627693497,0.0,79.989693046027,9.0,9.719427554841973,0.0,0.0,0.0,1.0,0.0,11.8
120.0,6.0,14.533333333333337,10.869794336746,106.763371592152,3.0,15.48107692307722,16.99010834230355,,0,0,0,0,0,1,20.251605221005875,,,,,6.0,12.451052668175352,0.0,0.0,0.0,1.0,0.0,9.5
119.0,5.0,12.0,10.772299,106.78784,3.0,38.647438220481845,16.791900388268562,,0,0,1,0,0,0,21.788667863727383,,,,,16.0,9.483954950661891,0.0,0.0,0.0,0.0,1.0,12.5
115.0,3.0,15.55,10.793795235955,106.688772041014,2.0,53.75818181817839,34.07029975082686,120.0,1,0,0,0,0,1,20.25050569105691,6.191666666666666,0.0,0.0,93.76666666666668,7.0,2.3934756298563875,0.0,0.0,0.0,0.0,1.0,32.0
102.0,4.0,8.0,10.8035459803568,106.704454565057,3.0,18.827244701348747,15.61262632367065,118.8,1,0,0,0,0,0,18.58425689749212,16.616161616161616,0.0,79.71380471380472,3.644781144781146,10.0,3.0848121394791645,0.0,0.0,0.0,0.0,1.0,16.3
39.0,2.0,5.0,10.8418239937458,106.676670205911,3.0,11.098013468022373,15.081788755498186,941.5,1,0,0,0,0,0,18.21396773749808,72.37812002124271,0.0,0.0,27.625066383430692,4.0,7.79049107810154,0.0,0.0,0.0,0.0,1.0,3.99
40.0,4.0,20.0,10.7890538036947,106.698929208258,3.0,53.75818181817839,48.487230363696476,1817.9,0,0,0,0,0,1,21.249348064673793,93.39402607404146,0.0,6.6065240112217385,0.0,5.0,1.4707570894018245,0.0,0.0,1.0,0.0,0.0,18.5
107.0,3.0,7.0666666666666655,10.7724138468332,106.669262589783,0.0,24.737282299672927,20.454141465138118,2660.0,1,1,1,1,1,1,26.807768326301748,58.180075187969926,0.0,0.0,41.81203007518797,10.0,3.500537383744825,1.0,0.0,0.0,0.0,1.0,24.8
276.0,2.0,6.0,10.7426946625182,106.729843797137,3.0,17.789285714285825,14.672222873812292,259.9,0,0,0,0,0,0,8.354727166160457,12.912658714890345,0.0,0.0,87.09503655252021,40.0,4.855358304260507,0.0,0.0,0.0,1.0,0.0,18.0
140.0,2.0,16.2,10.839048378918772,106.83121795879453,0.0,19.053737403258268,21.65981557903033,,0,0,0,0,0,1,22.156780321650697,,,,,14.0,15.84693295560605,0.0,0.0,0.0,1.0,0.0,17.6
274.0,3.0,5.8,10.835545999504044,106.84309792946657,3.0,19.053737403258268,21.65981557903033,,1,1,1,0,1,1,22.156780321650697,,,,,11.0,16.86369765222908,0.0,0.0,0.0,1.0,0.0,63.0
91.0,4.0,14.45,10.8122554958413,106.695588498954,3.0,18.827244701348747,20.454141465138118,313.4,1,1,0,0,0,1,14.324407498016885,0.0,0.0,0.0,100.0,16.0,4.076127846923615,0.0,0.0,0.0,1.0,0.0,12.7
74.0,4.0,12.0,10.7600465979377,106.613547191408,3.0,10.737500000006847,8.135783941420566,1064.1,0,1,1,1,0,1,20.25050569105691,54.89897566018232,0.0,0.0,45.09726529461517,9.0,9.727127857808862,0.0,0.0,0.0,1.0,0.0,9.7
157.0,1.0,2.6,10.8924947365976,106.612653783457,2.0,9.79203162611253,17.311826932268982,598.9,1,1,1,0,0,1,20.25050569105691,47.85439973284355,0.0,52.14393053932209,0.0,3.0,16.158639271834918,0.0,0.0,0.0,1.0,0.0,3.65
55.0,2.0,8.0,10.8788349896091,106.669150817269,3.0,8.826587030733174,9.397256429506324,3062.4,0,1,1,0,0,0,17.46113054409074,6.210815047021943,6.0201149425287355,0.0,87.76743730407523,5.0,11.955272231526289,0.0,0.0,0.0,1.0,0.0,4.7
60.0,5.0,10.0,10.7722156627837,106.669595484885,0.0,24.737282299672927,20.454141465138118,1535.0,0,0,0,0,0,0,26.807768326301748,99.357003257329,0.0,0.0,0.6332247557003258,24.0,3.4670196123696533,0.0,0.0,1.0,0.0,0.0,18.9
56.0,4.0,8.0,10.6847396192732,106.750190746144,3.0,8.131668552257471,7.431275025157785,,1,1,1,0,1,0,11.761918800261277,,,,,9.0,11.477781869846629,0.0,0.0,0.0,0.0,1.0,6.65
200.0,1.0,4.0,10.739021364217,106.709810242584,3.0,17.789285714285825,24.488452653857216,650.9,0,0,0,0,0,1,22.174529617989272,47.25610692886771,0.0,0.0,52.74235673682593,8.0,4.22049514512358,0.0,0.0,1.0,0.0,0.0,40.0
56.0,4.0,6.0,10.7764403819647,106.610525973746,2.0,10.737500000006847,11.523850027712317,98.1,1,0,0,0,0,0,18.529132150179485,39.98980632008155,0.0,0.0,60.040774719673806,10.0,9.893884057951604,0.0,0.0,0.0,0.0,1.0,6.79
60.0,4.0,6.0,10.8409956733585,106.650975425804,2.0,11.098013468022373,23.820911987062647,2401.2,1,0,0,0,0,0,20.25050569105691,10.364817591204398,0.0,0.0,89.63726470098284,9.0,9.066687061060694,0.0,0.0,1.0,0.0,0.0,8.0
41.0,2.0,4.15,10.810558061141,106.713160439036,0.0,18.827244701348747,20.47473566303819,1000.3,0,0,0,0,0,1,20.263535304628697,82.40627811656502,0.0,0.0,17.590722783165052,6.0,4.062212443022071,0.0,0.0,0.0,0.0,1.0,8.75
200.0,2.0,12.8,10.818346043687356,106.780297073041,0.0,19.053737403258268,20.177656837434043,,0,0,0,0,1,1,18.595595821172992,,,,,9.0,9.848914625929984,0.0,0.0,0.0,1.0,0.0,20.0
83.0,1.0,8.0,10.75357758882,106.590446848319,3.0,10.737500000006847,13.482984203694478,42676.8,0,1,0,0,0,0,20.25050569105691,5.515736887489221,0.0,0.0,0.0,2.0,12.342004404656468,0.0,0.0,0.0,1.0,0.0,7.5
44.0,1.0,6.0,10.7828440432876,106.608630574887,3.0,10.737500000006847,11.523850027712317,479.2,0,0,0,0,0,0,17.352177179339265,12.37270450751252,0.0,0.0,87.63146911519199,3.0,10.12932594258407,0.0,0.0,0.0,1.0,0.0,4.98
121.0,2.0,6.0,10.6928610664823,106.740471095627,0.0,8.131668552257471,7.431275025157785,28.9,0,0,0,0,0,0,8.354727166160457,0.0,0.0,0.0,100.0,8.0,10.196271702681116,0.0,0.0,0.0,0.0,1.0,7.27
88.0,2.0,12.0,10.7469915010063,106.66582294733,3.0,9.364834955468142,14.561953480312356,125.4,0,0,0,0,0,0,20.25050569105691,11.076555023923444,0.0,0.0,88.90749601275915,6.0,5.025438971159982,0.0,0.0,0.0,1.0,0.0,8.1
72.0,3.0,6.0,10.7764568168977,106.643334299971,0.0,14.87073929990493,21.72974125281273,1432.0,1,0,0,0,0,0,20.25050569105691,14.557960893854748,0.0,0.0,85.44483240223462,5.0,6.310182573638127,0.0,0.0,1.0,0.0,0.0,7.79
108.0,5.0,8.0,10.7630997222793,106.687170689963,0.0,53.75818181817839,59.25648860397285,566.7,0,0,0,0,0,0,72.86150756189254,24.79089465325569,75.07852479265925,0.0,0.1235221457561319,29.0,2.091139277614887,0.0,0.0,0.0,1.0,0.0,36.0
207.0,3.0,20.0,10.6752471542302,106.740117827861,3.0,8.131668552257471,11.712567766934,1600.2,0,1,0,0,0,0,17.842956174323437,12.678415198100238,0.0,87.32283464566927,0.0,10.0,11.98679127420361,0.0,0.0,0.0,1.0,0.0,13.5
23.0,4.0,5.0,10.7396419649671,106.706527623334,2.0,17.789285714285825,34.311080856230646,366.5,1,1,1,0,0,0,22.174529617989272,28.120054570259217,0.0,0.0,71.87448840381992,7.0,4.086076042343004,0.0,0.0,0.0,0.0,1.0,7.5
62.0,4.0,6.0,10.8514196214614,106.651930930978,2.0,11.098013468022373,15.61262632367065,138.2,1,0,0,0,0,0,18.007972163078787,23.71201157742403,0.0,0.0,76.28075253256151,14.0,9.958383900210547,0.0,0.0,0.0,0.0,1.0,7.95
102.0,3.0,20.0,10.8062502012039,106.789777983601,0.0,19.053737403258268,23.42179327737413,,1,0,0,0,1,0,19.567814035091047,,,,,8.0,10.253592903927782,0.0,0.0,0.0,1.0,0.0,17.0
252.0,4.0,8.0,10.816323116888448,106.77555710077286,0.0,19.053737403258268,20.177656837434043,,1,0,0,0,0,1,23.716488155468518,,,,,9.0,9.286803881869387,0.0,0.0,0.0,0.0,1.0,22.9
71.0,4.0,16.0,10.8591136054967,106.721690875761,3.0,15.48107692307722,17.78611714762465,,0,0,0,0,0,1,20.25050569105691,,,,,11.0,9.511503018858102,0.0,0.0,0.0,0.0,1.0,12.7
74.0,4.0,12.0,10.7837622280641,106.657491663242,0.0,19.38917355371901,20.339947871608835,406.3,0,0,0,0,0,1,20.25050569105691,3.8469111493969974,0.0,0.0,96.15555008614324,10.0,4.841020567037552,0.0,0.0,1.0,0.0,0.0,8.3
54.0,2.0,7.0,10.8782966039673,106.678181227533,0.0,8.826587030733174,13.645852307543556,4427.1,1,0,0,0,0,1,17.507940897797152,83.54159607869711,16.4570486322875,0.0,0.0,5.0,11.647014528613546,0.0,0.0,0.0,1.0,0.0,5.4
60.0,5.0,6.0,10.8786666233279,106.677870132168,3.0,8.826587030733174,8.427513172672999,5415.4,1,0,0,0,0,0,17.507940897797152,63.38479152047864,11.409314178084722,0.8461055508365034,24.359050116334902,9.0,11.69452433571457,0.0,0.0,0.0,1.0,0.0,6.8
86.0,3.0,30.0,10.7633076975209,106.69578738029,3.0,53.75818181817839,32.631365062301924,1039.9,0,0,0,0,0,0,19.69171696496433,95.94961053947492,0.0,0.0,4.053274353303202,5.0,1.5259775875398462,0.0,0.0,0.0,1.0,0.0,32.0
81.0,3.0,5.0,10.8303109367429,106.63812962909,0.0,19.38917355371901,16.235786892588425,414.9,0,1,1,0,0,0,16.195980401453983,9.67703060978549,0.0,0.0,90.33261026753436,6.0,9.152927978449398,0.0,0.0,0.0,1.0,0.0,7.2
225.0,4.0,20.0,10.78411,106.7037,0.0,53.75818181817839,49.46190076307165,5075.0,0,0,0,0,0,0,20.25050569105691,7.968866995073892,0.0,92.0305418719212,0.0,12.0,0.9454551589744072,0.0,0.0,0.0,0.0,0.0,229.0
54.0,4.0,6.7,10.7626014746377,106.670939812217,2.0,24.737282299672927,15.13100312673361,1923.0,1,0,0,0,0,1,20.25050569105691,94.99167966718667,0.0,0.0,5.000520020800832,9.0,3.615797821962551,1.0,0.0,0.0,1.0,0.0,13.1
80.0,4.0,8.0,10.6766987422638,106.743313541777,0.0,8.131668552257471,11.712567766934,838.4,0,0,0,0,0,0,11.761918800261277,33.33015267175573,40.26240458015267,0.0,26.40386450381679,7.0,11.966245201929109,0.0,0.0,0.0,0.0,1.0,11.8
104.0,3.0,18.4,10.80599,106.79,0.0,19.053737403258268,23.42179327737413,,0,0,0,0,0,1,20.87381731865282,,,,,8.0,10.2670746342252,0.0,0.0,0.0,1.0,0.0,16.5
53.0,3.0,5.0,10.8424858396929,106.643045790223,2.0,11.098013468022373,15.61262632367065,54.4,1,0,0,1,0,0,10.107421869117639,83.63970588235294,0.0,0.0,16.32352941176471,9.0,9.739635072354732,0.0,0.0,0.0,0.0,1.0,7.6
99.0,2.0,10.0,10.8880406184903,106.620476614,3.0,9.79203162611253,17.311826932268982,843.0,0,0,0,0,0,0,20.25050569105691,24.88493475682088,0.0,0.0,75.11625148279953,4.0,15.255870244488534,0.0,0.0,0.0,1.0,0.0,4.99
105.0,2.0,5.0,10.8025027546927,106.663200647217,0.0,19.38917355371901,18.093318479606467,,0,1,1,0,0,0,17.21642624996233,,,,,5.0,5.081526526754868,0.0,0.0,0.0,1.0,0.0,8.5
40.0,2.0,30.0,10.756932018493,106.646769613576,3.0,13.32081849341783,9.674953215540254,320.0,0,0,1,0,0,0,32.67330086593139,86.928125,0.0,0.0,13.059375,4.0,6.302282079806161,0.0,0.0,0.0,1.0,0.0,9.0
198.0,7.0,29.0,10.7614345199775,106.692171138953,3.0,53.75818181817839,32.631365062301924,244.4,0,0,0,0,0,1,24.998865480621035,56.37888707037643,0.0,0.0,43.6088379705401,12.0,1.890622783793325,0.0,0.0,1.0,0.0,0.0,115.0
57.0,3.0,8.0,10.8014870118234,106.800793542689,0.0,19.053737403258268,23.42179327737413,,0,0,0,0,0,0,19.587917242844295,,,,,6.0,11.252212133854115,0.0,0.0,0.0,0.0,1.0,7.0
50.0,3.0,6.0,10.692861559266,106.740851652956,2.0,8.131668552257471,7.431275025157785,3078.9,1,0,0,0,0,0,8.354727166160457,90.07047971678196,0.0,0.0,9.929195491896458,7.0,10.21383015066334,0.0,0.0,0.0,1.0,0.0,6.1
47.0,2.0,5.0,10.8656525386231,106.686372358971,0.0,8.826587030733174,8.427513172672999,364.3,1,1,1,0,0,0,17.039664453189104,16.082898709854515,0.0,0.0,83.92808125171561,5.0,10.097843957974789,0.0,0.0,0.0,0.0,1.0,4.58
71.0,4.0,5.0,10.8078599062927,106.703961002545,2.0,18.827244701348747,17.205832796074894,777.8,1,1,0,0,0,0,15.076317258595626,99.9961429673438,0.0,0.0,0.0,10.0,3.556416347098159,0.0,0.0,0.0,1.0,0.0,12.9
162.0,5.0,30.0,10.840561739654,106.844748492001,0.0,19.053737403258268,21.65981557903033,,0,0,0,0,1,0,19.567814035091047,,,,,7.0,17.254027331942027,0.0,1.0,0.0,1.0,0.0,22.0
48.0,2.0,5.700000000000001,10.8301429271452,106.633231326285,0.0,19.38917355371901,15.923197269929185,22965.3,1,1,1,0,0,1,10.818659325601992,4.6712213644063,0.0577828288766094,94.9964947115866,0.274370463264142,4.0,9.549690563542098,0.0,0.0,0.0,1.0,0.0,6.1
643.0,3.0,23.0,10.7128372008949,106.664132507935,3.0,13.123347608580726,20.341033665775136,,0,0,1,0,0,1,22.10413068261712,,,,,8.0,8.101706743954095,0.0,1.0,0.0,1.0,0.0,74.0
87.0,4.0,30.0,10.7762948237934,106.701013269109,0.0,53.75818181817839,49.46190076307165,10444.7,0,0,0,0,0,0,39.729986027272446,72.0473541604833,25.84200599347037,2.1103526190316617,0.0,10.0,0.0341244075491194,0.0,0.0,0.0,1.0,0.0,85.0
84.0,3.0,4.0,10.751652996333,106.701553779972,0.0,17.789285714285825,17.287883938053668,498563.61,0,0,0,0,0,0,13.55522012715968,95.4990898754123,0.0,0.1154456499542756,4.385462468871324,7.0,2.707717066552098,0.0,0.0,1.0,0.0,0.0,8.8
60.0,2.0,5.0,10.7339836044302,106.605004481971,0.0,10.737500000006847,19.36213730687916,797.3,1,1,0,0,0,0,20.25050569105691,77.41126301266776,0.0,0.0,22.584974288222753,4.0,11.490346145257185,0.0,0.0,0.0,1.0,0.0,5.75
38.0,3.0,6.0,10.79337487943,106.691702219903,0.0,53.75818181817839,34.07029975082686,208.1,0,1,1,1,0,0,26.14981200653238,0.0,0.0,0.0,99.99038923594426,10.0,2.187779266231505,1.0,0.0,0.0,1.0,0.0,9.0
229.0,7.0,21.2,10.8034036450237,106.692428141048,0.0,18.827244701348747,20.339947871608835,354.2,0,0,0,0,0,1,21.719959264527965,21.959345002823262,0.0,0.0,78.04912478825521,17.0,3.190975567275665,0.0,0.0,0.0,1.0,0.0,119.0
45.0,4.0,4.0,10.832400966739,106.672643148756,3.0,11.098013468022373,14.561953480312356,81.7,1,0,0,0,0,1,14.324407498016885,14.296205630354956,0.0,0.0,85.75275397796818,6.0,6.999458996142985,0.0,0.0,0.0,1.0,0.0,7.5
86.0,4.0,5.0,10.8295054892714,106.640203110874,3.0,11.098013468022373,20.454141465138118,1886.0,1,0,0,0,0,0,16.195980401453983,59.63573700954401,0.0,0.0,40.36267232237539,9.0,8.92403753395815,0.0,0.0,0.0,0.0,1.0,7.8
80.0,6.0,8.0,10.7766952462528,106.700865695834,2.0,53.75818181817839,49.46190076307165,7556.1,1,0,0,0,0,0,39.729986027272446,0.6834213416974365,99.3160492846839,0.0,0.0,13.0,0.0814343655860223,0.0,0.0,0.0,1.0,0.0,29.5
105.0,5.0,10.0,10.7346353880237,106.620471258557,3.0,10.737500000006847,13.181777405603473,2743.6,0,0,0,0,0,0,16.67274773320998,2.554308208193614,0.0,0.0,97.44678524566264,10.0,9.93663775311512,0.0,0.0,0.0,1.0,0.0,15.0
97.0,1.0,8.0,10.8581124749156,106.623877864887,3.0,8.826587030733174,9.23912502081522,2261.4,0,0,1,0,0,0,20.25050569105691,4.088175466525161,0.0,0.0,15.882639073140531,12.0,12.429822859454486,1.0,0.0,0.0,1.0,0.0,6.7
67.0,5.0,6.0,10.7900867568752,106.690327527664,3.0,53.75818181817839,34.07029975082686,2457.5,0,1,0,0,0,0,33.00107166459517,67.98942014242115,30.69257375381485,0.0,1.3167853509664291,12.0,1.95911743151583,0.0,0.0,0.0,1.0,0.0,19.2
60.0,5.0,6.0,10.8119388054353,106.692335781947,3.0,18.827244701348747,16.924787565129154,108.0,1,1,1,1,0,0,25.38415763254146,19.546296296296298,0.0,0.0,80.49074074074075,11.0,4.109273528322281,0.0,0.0,0.0,1.0,0.0,13.0
500.0,3.0,20.0,10.7739476811249,106.677852154493,3.0,24.737282299672927,16.924787565129154,2646.0,0,0,0,0,0,0,32.67330086593139,97.3941798941799,0.1436130007558579,1.199546485260771,1.255479969765684,9.0,2.5496988386958677,0.0,0.0,1.0,0.0,0.0,290.0
414.0,4.0,11.7,10.8066567737603,106.718910246976,0.0,18.827244701348747,23.596282954466844,201.4,0,0,1,0,0,1,29.161416890612465,5.322740814299901,0.0,0.0,94.67725918570012,60.0,3.924917422606216,0.0,0.0,0.0,1.0,0.0,66.0
108.0,4.0,10.0,10.8052787335131,106.64122261482,0.0,19.38917355371901,16.235786892588425,64.0,0,0,0,0,0,1,19.567814035091047,5.546875,0.0,0.0,94.421875,12.0,7.305832226394678,0.0,0.0,0.0,0.0,1.0,14.6
86.0,4.0,8.0,10.8024182512359,106.641451175075,3.0,19.38917355371901,16.235786892588425,8379.7,1,0,0,0,0,0,28.509028490145873,82.14912228361398,14.234638471544326,1.317827607193575,2.2981729656192944,11.0,7.147010799707942,0.0,0.0,0.0,0.0,1.0,13.8
101.0,2.0,8.0,10.8160554199295,106.693594743926,0.0,18.827244701348747,16.924787565129154,46.1,1,0,1,0,0,0,14.324407498016885,4.750542299349241,0.0,0.0,95.33622559652927,4.0,4.5287731545223915,0.0,0.0,0.0,1.0,0.0,11.48
68.0,4.0,6.333333333333334,10.7819248306033,106.651459136112,0.0,19.38917355371901,23.820911987062647,,1,1,1,1,0,1,19.567814035091047,,,,,9.0,5.462295934956846,0.0,0.0,0.0,1.0,0.0,8.9
40.0,3.0,8.6,10.746621701028223,106.61712964523338,3.0,10.737500000006847,13.181777405603473,,1,1,1,1,1,1,18.780773771776595,,,,,8.0,9.737197406396469,0.0,0.0,0.0,0.0,1.0,7.25
69.0,4.0,8.0,10.7978016708688,106.695980002727,3.0,18.827244701348747,15.13100312673361,5516.4,1,0,0,0,0,0,18.746215486842598,0.0,99.99981872235516,0.0,0.0,12.0,2.487907892397807,0.0,0.0,1.0,0.0,0.0,10.0
224.0,4.0,10.0,10.8305036686409,106.705633924961,3.0,18.827244701348747,16.235786892588425,3479.0,0,0,0,0,0,0,19.425983461480996,76.25553319919517,11.829836159816038,0.0,11.914918079908018,8.0,6.08073008715378,0.0,0.0,0.0,1.0,0.0,25.5
56.0,4.0,4.0,10.8456701497732,106.653034198959,0.0,11.098013468022373,24.56391683041859,121.2,0,0,0,0,0,0,19.385376428405934,52.29372937293729,0.0,0.0,47.722772277227726,9.0,9.35820779579876,0.0,0.0,0.0,0.0,1.0,8.88
100.0,3.0,8.0,10.7441154379681,106.684276884374,0.0,9.364834955468142,15.13100312673361,93.2,1,0,0,0,0,0,16.644438696094667,10.987124463519311,0.0,0.0,89.05579399141631,23.0,3.993396359711758,0.0,1.0,0.0,1.0,0.0,10.5
150.0,5.0,18.6,10.7952839026856,106.648476772429,0.0,19.38917355371901,20.454141465138118,65.8,1,0,0,0,0,1,17.16889699849127,96.56534954407296,0.0,0.0,3.434650455927051,7.0,6.134994666379059,0.0,1.0,0.0,1.0,0.0,22.5
67.0,3.0,2.0,10.7553169421334,106.703216363043,0.0,12.968707708226514,18.093318479606467,71.5,0,0,0,0,1,0,20.25050569105691,0.0,0.0,0.0,100.0,5.0,2.3114416443513295,0.0,0.0,0.0,0.0,1.0,7.5
108.0,3.0,18.7,10.8043928932073,106.642358790307,0.0,19.38917355371901,16.235786892588425,88.7,0,1,0,1,1,1,20.25050569105691,5.310033821871476,0.0,0.0,94.7237880496054,12.0,7.150922391174468,0.0,0.0,0.0,1.0,0.0,14.5
33.0,3.0,50.0,10.8069433971328,106.695108229485,2.0,18.827244701348747,15.288713651298618,1088.6,1,0,1,1,0,0,13.941385937429175,88.45857064119052,0.0,0.0,11.542347969869558,8.0,3.5024399397321866,0.0,0.0,1.0,0.0,0.0,7.5
86.0,4.0,5.0,10.826547622954,106.819738210191,0.0,19.053737403258268,18.03421329876938,,0,0,0,0,0,1,18.760003080075247,,,,,9.0,14.124719943824829,0.0,1.0,0.0,1.0,0.0,7.6
56.0,3.0,5.25,10.7265499164673,106.733741438326,0.0,17.789285714285825,8.648767860862735,3129.8,0,0,1,0,1,1,8.354727166160457,4.752060834558118,0.0,0.0,95.24857818390952,7.0,6.553614964389042,0.0,0.0,0.0,0.0,1.0,7.05
150.0,1.0,4.0,10.8009701065204,106.688471156643,3.0,18.63592086332186,15.288713651298618,36.9,0,0,0,0,0,0,20.25050569105691,0.0,0.0,0.0,99.86449864498644,4.0,3.100336701563257,0.0,0.0,1.0,0.0,0.0,12.9
85.0,1.0,8.0,10.6748235634058,106.698374320748,0.0,8.131668552257471,11.187905093453665,3252.0,0,0,0,0,0,0,8.502652923904137,64.78874538745387,2.620848708487085,0.0,32.59040590405904,3.0,11.254246850344051,0.0,0.0,0.0,1.0,0.0,3.99
30.0,2.0,6.0,10.8006898381021,106.689129729772,2.0,18.63592086332186,15.288713651298618,44.8,1,0,0,0,0,1,20.25050569105691,51.07142857142857,0.0,0.0,49.017857142857146,4.0,3.0408409835186188,0.0,0.0,1.0,0.0,0.0,4.8
53.0,4.0,5.0,10.7735842103827,106.627240768582,0.0,14.87073929990493,15.971912456276133,4766.5,0,0,0,0,0,1,16.438356940373765,0.6268750655617329,6.107416343228785,0.0,93.26486940102802,7.0,8.07244799085844,1.0,0.0,0.0,1.0,0.0,8.8
58.0,3.0,5.0,10.8816683557306,106.637998887637,0.0,8.826587030733174,11.964993989558423,33762.1,1,0,0,0,0,0,20.25050569105691,0.2522651138406674,18.8968103287414,80.85089493840727,0.0,7.0,13.62172149695456,0.0,0.0,0.0,1.0,0.0,5.48
55.0,4.0,5.0,10.7695642916571,106.612928089678,3.0,10.737500000006847,8.135783941420566,2908.3,1,1,1,1,0,0,13.629868366546333,54.24027782553381,20.347281917271257,0.0,25.41381563112471,11.0,9.65802872157971,0.0,0.0,0.0,1.0,0.0,7.6
32.0,2.0,4.0,10.7828746623535,106.608688016023,3.0,10.737500000006847,11.523850027712317,7116.1,0,1,0,0,0,0,18.529132150179485,23.991090625483057,32.05028035019182,43.44275656609659,0.5165750902882196,4.0,10.12332524049207,0.0,0.0,1.0,0.0,0.0,3.95
69.0,4.0,16.0,10.7937141386345,106.674395430148,3.0,18.63592086332186,16.924787565129154,104.5,0,0,0,0,0,1,19.890851850482022,0.0,0.0,0.0,99.97129186602872,9.0,3.519727293642959,0.0,0.0,0.0,0.0,1.0,16.9
78.0,5.0,12.0,10.7558811561164,106.621738331051,2.0,10.737500000006847,18.09235831062452,31.4,0,1,1,0,0,0,13.472608342303552,88.34394904458598,0.0,0.0,11.719745222929935,12.0,8.9532805589594,0.0,0.0,1.0,0.0,0.0,8.63
205.0,3.0,6.0,10.7898051124563,106.693823052444,2.0,53.75818181817839,34.07029975082686,17485.9,1,0,0,0,1,0,29.34260834230355,74.00602771375794,25.993743530501725,0.0,0.0,7.0,1.728648793973732,0.0,0.0,0.0,0.0,1.0,42.0
132.0,2.0,15.4,10.8025456449578,106.745784798927,0.0,38.647438220481845,44.55718221916659,,0,0,0,0,0,1,20.25050569105691,,,,,16.0,5.7040193481147,1.0,0.0,0.0,1.0,0.0,26.8
126.0,4.0,12.0,10.7480978255054,106.615810207437,3.0,10.737500000006847,19.36213730687916,,0,1,0,0,1,0,20.25050569105691,,,,,10.0,9.819988718430734,0.0,0.0,0.0,0.0,1.0,16.8
200.0,4.0,12.0,10.8792993049246,106.638050537747,3.0,8.826587030733174,11.964993989558423,130.1,0,1,0,0,0,0,20.25050569105691,7.255956956187548,0.0,0.0,92.71329746348962,12.0,13.39227163006486,1.0,0.0,0.0,1.0,0.0,11.5
11.0,3.0,2.0,10.794316623063,106.690002716718,3.0,53.75818181817839,34.07029975082686,4954.9,0,1,0,0,0,0,26.14981200653238,3.6192455952693297,0.0,0.0,96.37974530262974,4.0,2.3701378171419725,0.0,0.0,0.0,0.0,1.0,2.5
99.0,4.0,14.0,10.8302470707975,106.702545639252,0.0,18.827244701348747,16.235786892588425,1905.3,0,0,0,0,1,0,19.23866524947719,84.7178921954548,0.4099092006508161,0.0,14.871148900435626,10.0,6.034065352006306,0.0,0.0,0.0,0.0,1.0,15.7
200.0,1.0,20.0,10.8043427120305,106.81600788074,3.0,19.053737403258268,12.780266996675284,,0,0,0,0,0,0,30.56532612762346,,,,,12.0,12.94088927320068,0.0,0.0,0.0,0.0,1.0,19.5
90.0,4.0,12.0,10.702578707068,106.728504871006,0.0,17.789285714285825,18.28632481919144,19542.6,1,0,1,0,1,0,20.25050569105691,1.3277660086170726,0.0,96.86367218282112,1.8085106382978728,9.0,8.695724367098155,0.0,0.0,0.0,0.0,1.0,17.5
90.0,4.0,10.0,10.707884082285,106.735095857189,0.0,17.789285714285825,18.28632481919144,290.6,0,1,1,0,1,0,19.567814035091047,25.815554026152785,0.0,0.0,74.19821059876118,9.0,8.435692364397825,0.0,0.0,0.0,0.0,1.0,16.9
38.0,2.0,12.0,10.7019985042946,106.741306567111,3.0,8.131668552257471,7.431275025157785,2355.0,1,1,0,0,0,0,17.25767208576909,23.44331210191083,16.878131634819535,0.0,59.676857749469214,4.0,9.327564728211335,0.0,0.0,0.0,0.0,1.0,5.5
53.0,2.0,10.0,10.7316107741347,106.745260825848,0.0,17.789285714285825,8.648767860862735,24991.8,0,0,0,0,0,1,13.834634373598146,8.863067086004211,0.0,91.13689290087147,0.0,5.0,6.901869404370917,0.0,0.0,0.0,1.0,0.0,5.18
156.0,4.0,7.0,10.8123878451955,106.668783032353,2.0,19.38917355371901,20.918551142754602,631.2,1,0,0,0,0,0,21.344748464934785,0.0,0.0,0.0,99.99366286438529,13.0,5.369495064917586,0.0,0.0,1.0,0.0,0.0,26.0
734.0,6.0,14.6,10.7917678823115,106.605740279149,0.0,10.737500000006847,11.523850027712317,69.5,0,1,0,0,0,1,18.057974719109087,38.05755395683453,0.0,0.0,62.0,93.0,10.56278957830169,0.0,0.0,0.0,0.0,1.0,28.5
52.0,3.0,5.0,10.7869510672708,106.76362445578,2.0,38.647438220481845,23.346267146280812,,1,0,0,1,0,0,19.567814035091047,,,,,7.0,6.937383359680418,0.0,0.0,0.0,0.0,1.0,7.6
156.0,1.0,8.0,10.8644009980339,106.745644666719,3.0,15.48107692307722,18.44965540212791,,0,1,1,1,0,0,20.25050569105691,,,,,5.0,10.967808918192496,0.0,0.0,0.0,0.0,1.0,10.0
380.0,7.0,15.0,10.7769242170135,106.688108141664,3.0,54.46617152529408,106.67729565230768,80.4,0,0,0,0,0,0,35.13373860631083,3.967661691542288,0.0,95.98258706467662,0.0,16.0,1.4228676038088472,0.0,0.0,0.0,1.0,0.0,150.0
27.0,3.0,4.0,10.7920635541699,106.671627965478,2.0,18.63592086332186,16.235786892588425,81.0,1,0,0,0,0,0,13.842079023496492,19.08641975308642,0.0,0.0,80.96296296296296,6.0,3.6815925475576594,0.0,0.0,0.0,0.0,1.0,6.3
68.0,3.0,5.0,10.764263013731,106.704739342236,2.0,12.968707708226514,20.454141465138118,1443.3,1,0,0,0,1,1,20.25050569105691,88.79027229266265,0.0,11.209034850689392,0.0,9.0,1.364299437276662,0.0,0.0,0.0,0.0,1.0,14.0
108.0,3.0,13.666666666666668,10.778907276554,106.686126739624,3.0,54.46617152529408,106.67729565230768,2652.5,0,0,0,0,1,1,25.237156359791214,97.57247879359096,2.427144203581527,0.0,0.0,11.0,1.6672240554098643,1.0,0.0,0.0,1.0,0.0,47.0
152.0,1.0,30.0,10.8459474008574,106.795987809385,3.0,19.053737403258268,19.07305356275716,,0,0,0,1,0,0,21.311911870649638,,,,,13.0,12.957698606366652,0.0,0.0,0.0,1.0,0.0,27.5
79.0,2.0,6.0,10.803217527652,106.700405645068,2.0,18.827244701348747,20.918551142754602,951.2,1,1,0,0,0,0,18.394702660946763,93.242220353238,0.0,0.0,6.753574432296046,4.0,3.0274011758284476,0.0,0.0,1.0,0.0,0.0,7.6
188.0,3.0,15.2,10.8028816901651,106.67667087677,0.0,18.63592086332186,24.56391683041859,2159.8,0,1,1,1,1,1,20.25050569105691,96.738586906195,0.0,0.0,3.2637281229743493,10.0,4.006866740684323,0.0,0.0,1.0,0.0,0.0,48.0
49.0,3.0,5.333333333333333,10.7612732586257,106.690400733326,2.0,53.75818181817839,22.30565215020024,884.3,1,0,0,0,0,1,31.338914411207632,79.25590862829357,0.0,0.0,20.742960533755515,7.0,2.0118443099184,0.0,0.0,0.0,0.0,1.0,15.2
45.0,2.0,3.0,10.7683378303204,106.692403946467,3.0,53.75818181817839,30.724332850013383,16853.0,0,0,0,0,0,0,20.25050569105691,95.07618821574792,4.922862398386044,0.0,0.0,6.0,1.2760241542955122,0.0,0.0,0.0,0.0,1.0,9.0
32.0,2.0,3.0,10.8462554058182,106.642956792867,0.0,11.098013468022373,15.61262632367065,80.9,1,1,1,0,0,0,20.25050569105691,19.320148331273177,0.0,0.0,80.64276885043262,5.0,10.067601402011247,0.0,0.0,0.0,0.0,1.0,3.85
80.0,4.0,8.125,10.7400156598633,106.678312857754,3.0,9.364834955468142,18.093318479606467,656.3,0,1,1,1,0,1,18.937461252786104,0.0,99.99542891970135,0.0,0.0,9.0,4.712401750176091,0.0,0.0,0.0,1.0,0.0,13.5
60.0,5.0,6.0,10.7762120363718,106.612186640629,0.0,10.737500000006847,8.135783941420566,250.5,0,0,0,0,0,1,18.529132150179485,28.259481037924157,0.0,0.0,71.74850299401197,10.0,9.712393898799482,0.0,0.0,0.0,0.0,1.0,8.9
186.0,6.0,19.5,10.8093587769853,106.664458639802,3.0,19.38917355371901,18.093318479606467,,0,0,0,0,0,1,20.25050569105691,,,,,8.0,5.456850321269818,0.0,0.0,0.0,0.0,1.0,42.0
77.0,2.0,3.0,10.704900987945,106.734626542141,0.0,17.789285714285825,18.28632481919144,323.2,0,1,1,0,0,0,18.51970680326955,14.310024752475249,85.68378712871288,0.0,0.0,5.0,8.713072030842884,0.0,0.0,0.0,0.0,1.0,6.19
75.0,1.0,7.75,10.7640929935802,106.624092791017,3.0,14.87073929990493,18.35882491952716,138.6,0,0,0,0,0,1,20.25050569105691,11.515151515151516,0.0,0.0,88.46320346320347,8.0,8.515535257573015,0.0,0.0,0.0,1.0,0.0,9.5
50.0,5.0,5.4,10.7793655778813,106.679056113085,0.0,54.46617152529408,20.454141465138118,122.2,0,0,0,0,1,1,14.535280883434632,45.62193126022913,0.0,0.0,54.38625204582651,14.0,2.4368380555257954,0.0,0.0,0.0,0.0,1.0,8.99
85.0,2.0,6.0,10.8183825654421,106.678755867162,2.0,11.098013468022373,15.13100312673361,1174.9,1,0,0,1,0,0,17.39220212010448,58.74372287003147,0.0,0.0,41.255425993701586,8.0,5.307180443062121,0.0,0.0,0.0,1.0,0.0,9.4
65.0,5.0,8.0,10.7533245052391,106.603824128928,0.0,11.098013468022373,16.924787565129154,,0,0,0,0,0,0,20.25050569105691,,,,,13.0,10.921283396323728,0.0,0.0,0.0,0.0,1.0,9.5
126.0,4.0,15.1,10.7116031968332,106.661082760143,0.0,13.123347608580726,20.341033665775136,,0,0,0,0,0,1,22.10413068261712,,,,,11.0,8.389638496757291,0.0,1.0,0.0,1.0,0.0,19.5
75.0,3.0,11.5,10.78471,106.7904,0.0,19.053737403258268,23.42179327737413,,0,0,0,0,0,1,20.25050569105691,,,,,8.0,9.802424901017618,0.0,1.0,0.0,1.0,0.0,8.0
71.0,2.0,8.0,10.7777263775266,106.628889981094,3.0,14.87073929990493,17.499103454001883,635.3,0,0,0,0,0,0,26.821045108846718,96.90225090508422,0.0,0.0,3.1024712734141353,6.0,7.890107691848473,1.0,0.0,0.0,1.0,0.0,7.5
57.0,3.0,4.0,10.7918931228845,106.715752853542,0.0,18.827244701348747,41.01013634331939,808.6,0,0,0,0,0,0,18.607354980746287,63.48874598070739,0.0,0.0,36.5075439030423,6.0,2.384297434841353,0.0,0.0,0.0,0.0,1.0,5.45
40.0,4.0,4.0,10.7890470983003,106.714429687274,0.0,18.827244701348747,15.923197269929185,3754.3,0,0,1,0,0,0,19.911470140858842,90.63074341421836,9.3684575020643,0.0,0.0,8.0,2.0554182776344403,0.0,0.0,0.0,0.0,1.0,7.6
77.0,4.0,3.0,10.8033856965902,106.6926384275,0.0,18.63592086332186,18.83383064658232,43.4,0,0,0,0,0,0,21.719959264527965,0.0,0.0,0.0,100.0,14.0,3.182323010394176,0.0,0.0,0.0,1.0,0.0,10.9
70.0,4.0,10.599999999999998,10.7795934714899,106.668129310514,0.0,24.737282299672927,16.235786892588425,258.0,0,1,0,0,0,1,16.95010834230355,19.49612403100775,0.0,0.0,80.5968992248062,9.0,3.623599406531584,0.0,0.0,0.0,0.0,1.0,15.5
71.0,6.0,8.0,10.8120199202412,106.692597400837,0.0,18.827244701348747,16.924787565129154,719.1,1,0,0,0,0,0,25.38415763254146,95.83089973578085,0.0,0.0,4.167709637046308,12.0,4.1114965046766025,0.0,0.0,0.0,1.0,0.0,15.5
57.0,3.0,20.0,10.7702620641077,106.679158505421,3.0,54.46617152529408,15.13100312673361,44.4,0,0,0,0,0,0,29.34260834230355,0.0,0.0,0.0,100.0,8.0,2.4802508320206567,0.0,0.0,1.0,0.0,0.0,12.9
63.0,2.0,8.0,10.7865082353482,106.690136371917,0.0,54.46617152529408,106.67729565230768,53.5,0,0,0,0,0,0,29.34260834230355,0.0,0.0,0.0,100.0,8.0,1.6731719850883786,0.0,0.0,0.0,1.0,0.0,17.9
44.0,2.0,3.333333333333333,10.7835552829047,106.647499927481,2.0,19.38917355371901,14.561953480312356,846.9,1,1,0,1,0,1,17.444977006572753,99.37064588499234,0.0,0.0,0.6328964458613768,4.0,5.914846934054742,0.0,0.0,1.0,0.0,0.0,6.4
133.0,4.0,10.0,10.8077237677945,106.645930672131,3.0,19.38917355371901,16.235786892588425,110.9,0,1,1,0,0,0,20.25050569105691,0.0,0.0,0.0,99.99098286744814,12.0,6.982601478704687,0.0,0.0,0.0,0.0,1.0,22.9
63.0,4.0,6.0,10.8128080961315,106.709243972555,2.0,18.827244701348747,20.47473566303819,1713.4,1,0,1,0,1,0,15.155664323925304,86.637679467725,0.0,0.0,13.363487802031049,2.0,4.188424999526154,0.0,0.0,0.0,1.0,0.0,7.2
36.0,4.0,10.0,10.7722898451311,106.680874812897,3.0,54.46617152529408,18.093318479606467,42.1,0,0,0,0,0,0,20.25050569105691,13.990498812351545,0.0,0.0,86.00950118764845,7.0,2.247481817589706,1.0,0.0,0.0,1.0,0.0,15.0
38.0,4.0,4.0,10.7935273382793,106.662508430385,2.0,19.38917355371901,15.13100312673361,583.3,1,0,0,0,0,0,18.099052454874375,96.04663123607064,0.0,0.0,3.961940682324704,8.0,4.644129358674681,0.0,0.0,0.0,0.0,1.0,8.3
35.0,3.0,8.666666666666666,10.8043390583062,106.699952567504,3.0,18.827244701348747,15.61262632367065,32.0,0,1,0,0,0,1,20.25050569105691,51.9375,0.0,0.0,48.03125,5.0,3.1536509907540613,0.0,0.0,0.0,1.0,0.0,6.4
1.2,2.0,7.0,10.8433670553981,106.63447349491,0.0,8.826587030733174,15.500554052311237,4426.6,0,0,0,0,0,0,20.391985999466947,32.20417476166809,67.73234536664707,0.0,0.0,9.0,10.443607333651894,0.0,0.0,0.0,1.0,0.0,65.5
42.0,6.0,4.0,10.8518965472974,106.658665418747,3.0,11.098013468022373,9.674953215540254,2679.5,1,0,0,0,0,0,11.178588935354508,83.80070908751634,7.514088449337562,0.0,8.683709647322262,9.0,9.62821729587053,0.0,0.0,0.0,1.0,0.0,9.95
80.0,4.0,6.0,10.8397383835516,106.713348773106,2.0,15.48107692307722,17.78611714762465,,1,0,0,0,0,0,18.852521452227894,,,,,9.0,7.212547702098657,0.0,0.0,0.0,0.0,1.0,10.5
80.0,2.0,10.0,10.6511403742196,106.730056555234,0.0,8.131668552257471,15.805719480205894,3900.8,1,0,1,0,0,0,15.805719480205894,,,,,4.0,14.239651632686932,0.0,0.0,1.0,0.0,0.0,3.0
120.0,3.0,30.0,10.786999770755465,106.80602862403514,0.0,19.053737403258268,23.42179327737413,,0,0,0,0,0,0,20.25050569105691,,,,,8.0,11.526649504131893,0.0,0.0,1.0,0.0,0.0,8.9
90.0,5.0,4.0,10.7682379737019,106.70153455776,3.0,53.75818181817839,30.724332850013383,6667.9,0,0,0,0,0,0,20.25050569105691,1.6942365662352463,0.0,98.30546348925448,0.0,30.0,0.8644023255664298,0.0,0.0,0.0,0.0,1.0,16.89
41.0,3.0,5.0,10.7612532320469,106.660565159007,0.0,19.38917355371901,15.288713651298618,1788.3,0,1,1,0,1,0,23.072180951086057,2.5286585024883967,97.47190068780404,0.0,0.0,6.0,4.7217666245935765,0.0,0.0,0.0,1.0,0.0,8.2
78.0,2.0,8.0,10.7867267204551,106.766104766769,3.0,38.647438220481845,23.346267146280812,,0,0,0,0,0,1,20.25050569105691,,,,,10.0,7.200091597630605,0.0,1.0,0.0,0.0,1.0,9.2
440.0,2.0,20.0,10.865703143125,106.61399227262,3.0,8.826587030733174,11.964993989558423,190.2,0,1,1,1,0,0,21.19814232501748,29.80546792849632,0.0,0.0,70.20504731861199,2.0,13.784122196248928,0.0,0.0,0.0,1.0,0.0,36.0
30.0,4.0,3.3,10.7926706795051,106.696734639198,3.0,53.75818181817839,34.07029975082686,3420.1,0,0,0,0,0,1,20.25050569105691,77.93105464752493,16.147773456916465,5.920002339112892,0.0,7.0,1.9140414718809349,0.0,0.0,0.0,1.0,0.0,9.0
57.0,3.0,10.0,10.7846673984279,106.779076555845,3.0,15.48107692307722,23.328827418358713,,1,0,1,0,0,0,19.567814035091047,,,,,6.0,8.571926742395926,0.0,0.0,0.0,0.0,1.0,8.2
78.0,2.0,4.0,10.8094597722238,106.693154839469,3.0,18.827244701348747,15.288713651298618,765.2,1,0,0,0,0,0,17.40171754184511,96.49503397804496,0.0,0.0,3.5023523261892313,5.0,3.8204292457417126,0.0,0.0,1.0,0.0,0.0,8.7
78.0,3.0,4.0,10.7986050591272,106.649695854985,3.0,19.38917355371901,20.454141465138118,3952.9,0,0,0,0,0,1,20.25050569105691,99.35945761339777,0.0,0.0,0.6407953654279136,10.0,6.151814882236602,0.0,0.0,0.0,1.0,0.0,18.5
1.343,4.0,30.0,10.8049232002024,106.74048254215,0.0,38.647438220481845,58.28290665694527,,0,0,0,0,0,1,20.25050569105691,,,,,8.0,5.371041066029983,0.0,1.0,0.0,1.0,0.0,460.0
94.0,4.0,8.0,10.7844427282689,106.759176522989,0.0,38.647438220481845,23.346267146280812,,1,0,0,1,0,0,19.567814035091047,,,,,14.0,6.412933098518334,0.0,0.0,1.0,0.0,0.0,11.3
224.0,4.0,6.8,10.386200554383231,106.9196651525138,3.0,19.383985295609417,20.086701866981706,,0,0,0,0,1,0,19.567814035091047,,,,,8.0,49.491531303080315,0.0,1.0,0.0,1.0,0.0,22.4
128.0,4.0,30.0,10.8022011990814,106.641563537337,3.0,19.38917355371901,16.235786892588425,36921.1,1,1,1,0,1,0,28.509028490145873,0.0,98.14325683687647,1.3425385484181132,0.5143129538394035,7.0,7.125924465998764,0.0,0.0,1.0,0.0,0.0,26.0
88.0,3.0,9.966666666666669,10.7960267883996,106.62653985484,0.0,14.87073929990493,14.237298722437757,80.2,0,0,0,0,0,1,15.331358342303552,0.0,0.0,0.0,100.0,10.0,8.44319769643153,0.0,1.0,0.0,1.0,0.0,9.5
75.0,2.0,10.0,10.7446268507569,106.616351669137,3.0,10.737500000006847,18.09235831062452,,1,1,0,0,0,0,20.25050569105691,,,,,5.0,9.893349226795596,0.0,0.0,0.0,0.0,1.0,8.2
126.0,3.0,9.6,10.7276526650707,106.714141661059,0.0,17.789285714285825,34.311080856230646,921306.6,0,0,0,0,0,1,19.567814035091047,18.16232837146722,22.868941783332502,0.0,58.968724418125305,9.0,5.561558801716536,0.0,0.0,0.0,0.0,1.0,35.0
198.0,2.0,12.0,10.6749440640735,106.698443263678,0.0,8.131668552257471,11.187905093453665,1669.5,0,0,1,0,0,0,8.502652923904137,77.08655286013777,10.598382749326143,0.0,12.314465408805033,7.0,11.240655466084192,0.0,0.0,0.0,1.0,0.0,8.8
207.0,4.0,18.0,10.7784145569929,106.747046456092,3.0,38.647438220481845,23.346267146280812,,0,0,1,0,0,0,38.40280152808539,,,,,12.0,5.0260748099587165,0.0,1.0,0.0,0.0,1.0,90.0
51.0,2.0,6.0,10.8560736603331,106.772445966357,3.0,15.48107692307722,16.99010834230355,,1,0,0,0,0,0,14.230094570897254,,,,,4.0,11.83209363259738,0.0,0.0,0.0,0.0,1.0,4.6
73.0,5.0,6.0,10.8161127298748,106.695303113222,3.0,18.827244701348747,16.924787565129154,113.0,1,0,0,0,0,0,14.324407498016885,25.097345132743364,0.0,0.0,74.8938053097345,12.0,4.505049728368693,0.0,0.0,0.0,0.0,1.0,12.5
130.0,5.0,20.0,10.7546146850792,106.638285845147,3.0,13.32081849341783,18.83383064658232,2625.4,0,0,0,0,0,0,19.709285382510352,98.5651710215586,0.4159366191818389,0.0,1.0185114649196312,8.0,7.262050534509502,0.0,0.0,0.0,1.0,0.0,11.5
50.0,3.0,4.0,10.7015786762276,106.740903280537,3.0,8.131668552257471,7.431275025157785,1739.8,1,1,0,0,0,0,17.25767208576909,11.159903437176686,0.0,0.0,88.84067134153352,9.0,9.34819929501882,0.0,0.0,0.0,0.0,1.0,6.79
79.0,4.0,7.0,10.8688622278181,106.684014418434,3.0,8.826587030733174,13.645852307543556,6439.7,1,1,1,0,1,0,20.25050569105691,27.21105020420206,48.89544544000498,0.0,23.89381492926689,9.0,10.493065574133054,1.0,0.0,0.0,1.0,0.0,6.93
70.0,4.0,10.599999999999998,10.7888990300118,106.698870266564,3.0,53.75818181817839,48.487230363696476,436.0,0,0,0,0,0,1,21.249348064673793,16.15137614678899,0.0,83.85550458715598,0.0,9.0,1.454838832506991,0.0,1.0,0.0,1.0,0.0,18.0
51.0,5.0,15.4,10.7645590244052,106.695545846775,3.0,53.75818181817839,32.631365062301924,11.1,0,0,0,0,0,1,19.69171696496433,0.0,0.0,0.0,100.0,6.0,1.4094467924367395,0.0,0.0,0.0,0.0,1.0,30.0
91.0,1.0,6.0,10.7882692922416,106.704047582148,3.0,53.75818181817839,49.46190076307165,4243.5,1,0,0,0,0,0,20.088667961923438,4.757864969954047,95.2423706845764,0.0,0.0,2.0,1.401760617137393,0.0,0.0,0.0,1.0,0.0,26.0
91.0,2.0,4.0,10.7477143740776,106.715937047964,0.0,17.789285714285825,14.8877491993957,56.4,1,0,0,0,0,0,18.207540931800263,8.191489361702128,0.0,0.0,91.80851063829788,8.0,3.5382691251952716,0.0,0.0,0.0,1.0,0.0,8.5
185.0,3.0,12.0,10.7626287809534,106.686792464318,2.0,53.75818181817839,59.25648860397285,2619.3,0,0,0,0,0,0,72.86150756189254,99.6766311609972,0.3214599320429122,0.0,0.0,10.0,2.157146632186708,0.0,0.0,0.0,1.0,0.0,62.0
139.0,1.0,7.0,10.8207522680967,106.63583322373,0.0,19.38917355371901,15.923197269929185,191.1,0,1,1,0,0,0,18.891140957318,15.818942961800106,0.0,0.0,84.20198848770278,12.0,8.693846571824833,0.0,0.0,0.0,1.0,0.0,7.7
105.0,2.0,4.0,10.793670773675,106.718037552508,2.0,18.827244701348747,41.01013634331939,2955.0,1,0,0,0,0,0,42.28415103036848,88.64805414551607,0.0,0.0,11.352961082910324,8.0,2.698836189188212,0.0,0.0,1.0,0.0,0.0,8.39
76.0,1.0,3.0,10.8505884884857,106.795062595614,0.0,19.053737403258268,19.07305356275716,,1,0,0,0,0,1,20.25050569105691,,,,,3.0,13.195073953358367,0.0,0.0,0.0,1.0,0.0,5.5
36.0,3.0,7.4,10.7746173910582,106.682501433313,3.0,54.46617152529408,18.093318479606467,72.0,0,0,0,0,0,1,35.13373860631083,0.0,0.0,99.97222222222224,0.0,5.0,2.0374106378929,0.0,0.0,0.0,1.0,0.0,5.3
42.0,3.0,3.0,10.7262490296748,106.733367738107,0.0,17.789285714285825,8.648767860862735,134.9,1,0,0,0,0,0,8.354727166160457,0.0,0.0,0.0,99.9925871015567,7.0,6.5596841442725635,0.0,0.0,0.0,0.0,1.0,6.8
82.0,5.0,12.0,10.8054028036405,106.672998280218,3.0,18.63592086332186,24.56391683041859,579606.9,0,0,1,1,1,0,19.567814035091047,13.500874471991276,85.7039676373763,0.0,0.1408420086096283,9.0,4.484548973426867,0.0,1.0,0.0,0.0,1.0,25.0
71.0,4.0,13.5,10.8415378029097,106.725384742814,0.0,15.48107692307722,14.40074884671146,,0,1,0,0,0,1,19.567814035091047,,,,,9.0,7.755168110545345,0.0,0.0,0.0,0.0,1.0,8.68
670.0,1.0,30.0,10.7441672603196,106.630592504246,3.0,12.006306645336863,16.924787565129154,12056.0,0,1,0,0,1,0,20.25050569105691,62.648639681486394,16.02455209024552,0.0,21.327140013271396,2.0,8.476636209233432,0.0,0.0,0.0,0.0,1.0,115.0
60.0,2.0,6.0,10.7866681215783,106.627584014242,0.0,14.87073929990493,12.804496961724974,48.0,0,0,0,0,0,0,19.708026665344153,31.145833333333332,0.0,0.0,68.9375,6.0,8.117451698265796,0.0,0.0,0.0,0.0,1.0,5.95
59.0,2.0,4.0,10.7516836431784,106.701677127186,0.0,17.789285714285825,17.287883938053668,498563.61,0,1,1,1,0,0,13.55522012715968,95.4990898754123,0.0,0.1154456499542756,4.385462468871324,4.0,2.7045904023210037,0.0,0.0,0.0,1.0,0.0,7.2
150.0,2.0,7.2,10.6962140963242,106.744606159168,3.0,8.131668552257471,7.431275025157785,548867.9,0,0,0,0,0,1,20.25050569105691,0.4184886745972938,0.0,0.0,0.0,7.0,10.064763662499956,0.0,0.0,0.0,1.0,0.0,8.5
32.0,3.0,5.0,10.8451780587304,106.664828872826,3.0,11.098013468022373,9.674953215540254,235.2,1,0,0,0,0,1,18.21396773749808,80.11054421768708,0.0,0.0,19.889455782312925,6.0,8.652448657513807,0.0,0.0,0.0,1.0,0.0,3.99
431.0,4.0,30.0,10.7673566759074,106.695069685492,3.0,53.75818181817839,50.13266841725762,94.6,0,0,0,0,0,0,37.54099080615944,1.13107822410148,0.0,0.0,98.87949260042284,14.0,1.1651696362379784,0.0,0.0,1.0,0.0,0.0,285.0
398.0,1.0,15.2,10.7995564060878,106.589327531089,3.0,10.737500000006847,13.71334205498395,1055.9,0,0,0,0,0,1,20.18206125192249,36.20134482432048,63.79865517567951,0.0,0.0,8.0,12.486707590956923,0.0,0.0,0.0,0.0,1.0,20.5
71.0,3.0,8.0,10.8119743894998,106.709261552013,3.0,18.827244701348747,20.47473566303819,2613.6,1,0,0,0,0,0,18.78482813097723,30.41169268441996,0.0,65.2345423936333,4.355677992041629,7.0,4.098300739856232,0.0,0.0,0.0,1.0,0.0,14.3
100.0,5.0,12.266666666666667,10.8189786602683,106.678698797365,2.0,11.098013468022373,15.13100312673361,1315.6,1,0,0,1,0,1,17.39220212010448,85.02964426877472,0.0,0.0,14.974156278504106,11.0,5.368962279655572,0.0,0.0,0.0,1.0,0.0,12.3
34.0,2.0,3.0,10.769022162929,106.646919991508,1.0,13.32081849341783,15.61262632367065,25.4,0,0,0,0,0,0,20.25050569105691,51.49606299212599,0.0,0.0,48.58267716535433,5.0,5.9690154538471685,0.0,0.0,1.0,0.0,0.0,6.3
48.0,3.0,4.0166666666666675,10.8122467094363,106.686432181442,2.0,18.827244701348747,15.149860937399001,1334.3,1,0,0,0,0,1,20.25050569105691,72.44098028929027,0.0,0.0,27.55827025406581,8.0,4.337204893764784,0.0,0.0,0.0,1.0,0.0,5.5
90.0,4.0,12.277777777777777,10.8093880886317,106.692798653268,3.0,18.827244701348747,15.288713651298618,24.9,1,0,0,0,0,1,17.40171754184511,0.0,0.0,0.0,99.95983935742971,10.0,3.821710614036714,0.0,0.0,0.0,1.0,0.0,7.99
368.0,14.0,33.0,10.7877474477686,106.686202606777,3.0,54.46617152529408,106.67729565230768,6272.2,0,0,0,0,0,1,75.75321427483613,82.48254201077772,0.0,3.688976754567775,13.828800102037563,13.0,2.0867002554130196,0.0,0.0,0.0,1.0,0.0,650.0
186.0,4.0,16.0,10.804316031921,106.745921914228,0.0,15.48107692307722,58.28290665694527,,0,1,1,1,0,0,21.09482090226569,,,,,7.0,5.820912557424464,0.0,0.0,0.0,1.0,0.0,80.0
62.0,4.0,10.5,10.8542952129914,106.67659772249,3.0,8.826587030733174,8.427513172672999,1846.2,0,0,0,0,0,1,20.25050569105691,52.698515870436566,47.30040082331275,0.0,0.0,10.0,9.108054879887035,0.0,0.0,0.0,0.0,1.0,6.5
21.0,4.0,8.0,10.7717425031749,106.645864029425,2.0,13.32081849341783,15.149860937399001,1794.0,1,0,0,0,0,0,9.90181956943871,99.01783723522854,0.0,0.0,0.98494983277592,5.0,6.052236701923194,0.0,0.0,1.0,0.0,0.0,4.5
109.0,2.0,6.1,10.73287105961873,106.7074247479736,0.0,17.789285714285825,34.311080856230646,707353.2,0,1,1,1,1,1,19.567814035091047,34.28193581367837,19.24510131572177,0.0,46.47296145687897,4.0,4.84523527924712,0.0,0.0,1.0,0.0,0.0,15.0
50.0,2.0,6.0,10.8024292516822,106.689834815069,3.0,18.63592086332186,15.288713651298618,70.1,0,0,0,0,0,1,20.25050569105691,35.306704707560634,0.0,0.0,64.67902995720401,8.0,3.18600668046401,0.0,0.0,0.0,0.0,1.0,10.0
60.0,3.0,5.0,10.7595560136936,106.7377135211,2.0,17.789285714285825,17.42635834230355,,1,0,0,0,0,0,19.089097978071564,,,,,8.0,4.397703360800097,0.0,0.0,0.0,1.0,0.0,7.99
100.0,4.0,13.333333333333332,10.715980283488,106.63160911367,0.0,9.364834955468142,15.288713651298618,197.2,0,0,0,0,0,1,19.097351273645593,15.370182555780934,83.87423935091279,0.7352941176470588,0.0,9.0,10.108020544907715,0.0,0.0,0.0,0.0,1.0,8.2
60.0,1.0,3.0,10.8836195773002,106.670273388452,0.0,8.826587030733174,9.397256429506324,3298.6,0,1,0,0,0,0,20.25050569105691,15.465045776996304,84.53374158734009,0.0,0.0,4.0,12.431326671289222,0.0,0.0,0.0,1.0,0.0,3.5
77.0,2.0,3.0,10.7316163290296,106.744933324179,1.0,17.789285714285825,8.648767860862735,3478.6,1,0,0,0,0,0,8.354727166160457,42.50071867992871,0.0,57.49928132007129,0.0,7.0,6.876466500989091,0.0,0.0,0.0,0.0,1.0,7.25
72.0,2.0,8.0,10.8895588328799,106.683619741368,3.0,8.826587030733174,9.397256429506324,738.2,1,1,1,0,1,0,20.25050569105691,0.0,0.0,0.0,100.0,6.0,12.77066576942292,0.0,0.0,0.0,0.0,1.0,4.78
25.0,3.0,5.0,10.7940064408578,106.680821814869,3.0,18.63592086332186,15.081788755498186,687.3,1,0,0,0,0,0,13.842079023496492,92.73243125272808,0.0,0.0,7.261748872399243,4.0,2.9858232915265863,0.0,0.0,1.0,0.0,0.0,4.2
66.0,2.0,3.0,10.7661282858062,106.642158458443,2.0,13.32081849341783,15.13100312673361,1364.1,1,0,0,0,0,0,9.90181956943871,95.9093908071256,4.0920753610439125,0.0,0.0,4.0,6.531430556954382,0.0,0.0,0.0,1.0,0.0,5.8
204.0,5.0,12.0,10.8577228458258,106.741088695733,3.0,15.48107692307722,23.328827418358713,,0,0,0,0,0,0,20.25050569105691,,,,,43.0,10.082258424410435,0.0,0.0,0.0,1.0,0.0,31.0
44.0,4.0,11.0,10.7915659369044,106.685578908277,3.0,54.46617152529408,106.67729565230768,8.9,1,0,0,0,0,1,20.45706272875709,0.0,0.0,99.5505617977528,0.0,8.0,2.422848372526533,0.0,0.0,0.0,1.0,0.0,9.5
35.0,2.0,5.0,10.7572069459095,106.67813009892,0.0,29.82381843840417,20.918551142754602,2263.1,1,0,1,1,0,0,23.47480801259286,76.86668728734921,0.0,0.0,23.135080199726044,6.0,3.265389565469281,0.0,0.0,0.0,1.0,0.0,7.3
70.0,2.0,3.0,10.8251812549554,106.684577345742,3.0,11.098013468022373,15.288713651298618,212.7,0,0,0,0,0,1,20.25050569105691,5.166901739539258,0.0,0.0,94.83309826046074,9.0,5.758788842508239,0.0,1.0,0.0,1.0,0.0,12.9
60.0,3.0,4.0,10.8412860734266,106.725424782835,3.0,15.48107692307722,14.40074884671146,,1,0,0,0,0,0,19.567814035091047,,,,,7.0,7.730373386617551,0.0,0.0,0.0,0.0,1.0,8.0
78.0,4.0,6.5,10.8150493220092,106.774990629165,0.0,19.053737403258268,20.177656837434043,,0,1,1,0,0,1,23.716488155468518,,,,,10.0,9.164733670333836,0.0,0.0,0.0,0.0,1.0,9.49
144.0,5.0,13.0,10.8359547395213,106.843016346979,0.0,19.053737403258268,25.613782122221185,,0,1,1,1,1,1,22.156780321650697,,,,,24.0,16.873398627235836,0.0,0.0,0.0,1.0,0.0,23.9
100.0,2.0,7.0,10.8196924609834,106.704134871261,2.0,18.827244701348747,16.235786892588425,1688.7,1,0,0,0,0,0,13.930220361551154,80.76686208325931,12.387635459228992,0.0,6.847278971990288,4.0,4.86967555142179,0.0,0.0,1.0,0.0,0.0,13.9
41.0,2.0,3.0,10.7991252537805,106.68749594823,0.0,18.63592086332186,20.918551142754602,,1,0,0,0,0,0,17.184474827935027,,,,,8.0,2.9698918555226994,0.0,0.0,0.0,1.0,0.0,7.3
16.0,4.0,3.0,10.7835997379164,106.678705939755,3.0,54.46617152529408,24.56391683041859,54.0,0,0,0,0,0,0,25.237156359791214,0.0,0.0,100.0,0.0,6.0,2.588016579752333,0.0,0.0,0.0,0.0,1.0,4.68
18.0,5.0,8.0,10.7399381232469,106.725387905941,3.0,17.789285714285825,14.672222873812292,2586.8,0,0,0,0,0,0,20.25050569105691,18.2793412710685,80.61002010205658,0.0,1.1121849389206742,7.0,4.808210328569841,0.0,0.0,0.0,1.0,0.0,4.55
52.0,5.0,8.0,10.7658028013259,106.642645564503,2.0,13.32081849341783,15.13100312673361,939.9,1,0,0,0,0,0,9.90181956943871,8.973295031386318,0.0,0.0,91.02351313969572,10.0,6.4852173615252875,0.0,0.0,0.0,1.0,0.0,9.5
160.0,1.0,12.0,10.7444489082807,106.683442215247,0.0,9.364834955468142,20.918551142754602,117.2,1,0,0,0,0,0,16.644438696094667,1.4675767918088736,0.0,0.0,98.53242320819112,4.0,4.00363588210498,0.0,0.0,0.0,1.0,0.0,12.8
40.0,4.0,4.0,10.776355589655,106.610787260548,3.0,10.737500000006847,11.523850027712317,6127.9,0,0,0,0,0,0,18.529132150179485,5.174040046345405,0.0,0.0,94.82530720148829,8.0,9.865302102082056,0.0,0.0,0.0,1.0,0.0,4.98
132.0,3.0,20.0,10.767051165685022,106.77899344561736,0.0,38.647438220481845,16.791900388268562,,0,0,0,0,0,1,19.670082156392432,,,,,16.0,8.566731955199634,0.0,0.0,0.0,1.0,0.0,13.0
98.0,5.0,8.0,10.6510403938146,106.730427832704,0.0,8.131668552257471,15.805719480205894,,0,1,1,0,0,0,15.805719480205894,,,,,11.0,14.259551848438964,0.0,0.0,0.0,1.0,0.0,9.8
527.0,2.0,10.2,10.7861780598379,106.690640192475,3.0,54.46617152529408,106.67729565230768,318.3,0,0,0,0,0,1,29.34260834230355,27.40496387056237,0.0,72.59817781966699,0.0,12.0,1.6081887605529743,0.0,0.0,0.0,1.0,0.0,250.0
61.0,2.0,7.0,10.7913139837707,106.685402907966,0.0,54.46617152529408,106.67729565230768,94.6,0,0,0,0,0,0,20.45706272875709,34.852008456659625,0.0,65.17970401691332,0.0,6.0,2.416517142981857,0.0,0.0,0.0,1.0,0.0,12.9
175.0,4.0,30.0,10.8058843802126,106.789887051839,3.0,19.053737403258268,23.42179327737413,,0,0,0,0,0,0,19.567814035091047,,,,,13.0,10.25159585206035,1.0,0.0,0.0,1.0,0.0,29.8
115.0,3.0,12.0,10.796189318361,106.792158435848,0.0,19.053737403258268,23.42179327737413,,0,0,0,0,0,0,20.25050569105691,,,,,9.0,10.19655263945623,0.0,0.0,0.0,1.0,0.0,10.8
200.0,4.0,30.0,10.7660698249658,106.659533973101,3.0,24.737282299672927,15.61262632367065,69.0,0,0,0,0,0,0,23.072180951086057,8.304347826086957,0.0,0.0,91.55072463768116,10.0,4.672834044657685,0.0,0.0,0.0,1.0,0.0,64.0
200.0,1.0,4.0,10.8510062385817,106.764786407947,2.0,15.48107692307722,17.056969241416212,,1,0,0,0,0,0,20.25050569105691,,,,,8.0,10.860238238671286,0.0,0.0,0.0,1.0,0.0,15.0
48.0,2.0,3.0,10.6786109741058,106.753344518309,1.0,8.131668552257471,11.712567766934,73.4,1,0,0,0,0,0,8.354727166160457,34.782016348773844,0.0,0.0,0.0,5.0,12.241316563892022,0.0,0.0,1.0,0.0,0.0,3.68
190.0,2.0,16.0,10.721014549523,106.62067707594,3.0,9.364834955468142,9.674953215540254,442.8,1,1,0,0,0,0,19.567814035091047,88.64724480578138,0.0,0.0,11.343721770551038,8.0,10.70379449226206,0.0,0.0,0.0,1.0,0.0,18.5
112.0,4.0,13.0,10.795959576568,106.677913342395,3.0,18.63592086332186,15.923197269929185,1024.6,0,0,0,0,0,1,20.25050569105691,8.808315440171775,91.19266055045873,0.0,0.0,8.0,3.3675312566618474,0.0,0.0,0.0,1.0,0.0,31.0
114.0,6.0,13.2,10.8267240016789,106.686537449865,3.0,11.098013468022373,15.288713651298618,77.8,0,0,0,0,0,1,20.25050569105691,10.732647814910026,0.0,0.0,89.25449871465295,30.0,5.8602408742952425,0.0,1.0,0.0,1.0,0.0,18.5
44.0,1.0,20.0,10.8712000896548,106.637190855,3.0,8.826587030733174,11.964993989558423,8620.9,0,0,0,0,0,0,18.520635477981624,72.75203285039845,27.18382071477456,0.0,0.0,2.0,12.67983261223316,0.0,0.0,0.0,1.0,0.0,6.8
58.0,2.0,5.0,10.8715567146331,106.677831149338,3.0,8.826587030733174,8.427513172672999,199.9,1,1,1,0,0,0,17.729439434140414,0.0,0.0,0.0,100.0,5.0,10.925110232777293,0.0,0.0,0.0,1.0,0.0,4.65
402.0,4.0,11.0,10.8454565960496,106.718082487204,0.0,15.48107692307722,17.78611714762465,,0,0,0,0,0,1,15.155664323925304,,,,,68.0,7.942834479220204,0.0,0.0,1.0,0.0,0.0,32.0
77.0,2.0,8.1,10.7986740112071,106.687536229392,3.0,18.63592086332186,20.918551142754602,3201.4,0,0,0,1,0,1,17.184474827935027,9.34372462047854,0.1792965577559817,0.0,0.0,10.0,2.9243248835629228,0.0,0.0,0.0,1.0,0.0,11.5
800.0,10.0,28.5,10.7693097123691,106.690958018209,3.0,53.75818181817839,80.81249751703449,3294.3,0,0,0,0,0,1,72.86150756189254,82.79148832832468,0.0,17.205476125428767,0.0,53.0,1.3344605244786891,0.0,1.0,0.0,1.0,0.0,450.0
120.0,4.0,40.0,10.7605285604421,106.683275378529,3.0,53.75818181817839,59.25648860397285,53.6,0,0,0,0,0,0,20.25050569105691,0.0,0.0,0.0,99.98134328358208,12.0,2.5982322890410883,0.0,0.0,0.0,1.0,0.0,42.9
58.0,3.0,6.0,10.724754789067,106.62170978263,3.0,9.364834955468142,9.674953215540254,2337.2,1,1,0,0,0,0,18.20119183870365,3.8644531918535,96.13725825774432,0.0,0.0,8.0,10.377281200607934,0.0,0.0,0.0,1.0,0.0,6.2
32.0,3.0,2.0,10.7929038359662,106.711479420941,1.0,18.827244701348747,18.54716240721297,11269.1,1,0,0,0,0,0,18.619763285830498,2.478902485557853,32.43142753192358,65.08984745898076,0.0,7.0,2.195079470825015,0.0,0.0,0.0,0.0,1.0,5.95
229.0,6.0,8.9,10.7763456241802,106.700678222216,3.0,53.75818181817839,49.46190076307165,7556.1,0,0,0,0,0,1,39.729986027272446,0.6834213416974365,99.3160492846839,0.0,0.0,57.0,0.0599972131730531,0.0,1.0,0.0,1.0,0.0,380.0
44.0,5.0,5.0,10.7937355108651,106.662884481358,3.0,19.38917355371901,15.13100312673361,1351.4,1,1,0,0,0,0,18.099052454874375,92.24581915051056,5.845789551576143,0.0,1.906911351191357,9.0,4.616716369199973,0.0,0.0,0.0,0.0,1.0,11.3
48.0,4.0,3.0,10.8057320785875,106.682342159146,3.0,18.63592086332186,15.149860937399001,996.1,1,0,0,0,0,0,12.77062601913981,8.027306495331793,91.96867784359,0.0,0.0,10.0,3.889469820813809,0.0,0.0,1.0,0.0,0.0,8.4
29.0,4.0,4.0,10.7721217867551,106.679512246845,2.0,54.46617152529408,15.13100312673361,1468.4,1,1,1,1,1,1,23.200342816816367,87.45096703895396,0.8989376191773358,0.0,11.628302914737128,6.0,2.397239952161339,0.0,0.0,0.0,0.0,0.0,8.5
56.0,4.0,2.0,10.7646130819987,106.652753696944,3.0,13.32081849341783,16.235786892588425,50.6,1,1,0,0,0,0,20.25050569105691,23.142292490118574,0.0,0.0,76.81818181818181,9.0,5.430825847854118,0.0,0.0,0.0,0.0,1.0,10.0
90.0,6.0,30.0,10.7562177001388,106.70109161291,0.0,12.968707708226514,15.13100312673361,12173.9,0,0,0,0,0,0,20.25050569105691,80.39946114227979,1.0704868612359226,0.0,18.530298425319742,10.0,2.199691572725607,0.0,0.0,0.0,1.0,0.0,28.0
100.0,4.0,8.0,10.7724341480773,106.684136818821,2.0,54.46617152529408,15.149860937399001,87.2,1,0,0,0,0,0,35.13373860631083,0.0,100.0,0.0,0.0,11.0,1.8949163204122053,0.0,0.0,0.0,0.0,1.0,33.9
96.0,4.0,20.0,10.7985108034615,106.619863162511,3.0,14.87073929990493,9.35870800879073,775.1,0,1,0,0,0,0,19.29975834306553,51.25532189394916,0.0,0.0,48.74338794994194,11.0,9.219784608451928,0.0,0.0,1.0,0.0,0.0,15.9
84.0,3.0,10.0,10.7847667446568,106.63643309578,0.0,14.87073929990493,12.804496961724974,3891.9,0,0,0,0,0,0,29.940845325225013,93.77733240833524,0.4560754387317249,0.0,5.7678768724787375,5.0,7.130673460806777,0.0,0.0,0.0,1.0,0.0,9.0
30.0,2.0,12.0,10.7459564848326,106.708052215045,3.0,17.789285714285825,14.8877491993957,10037.7,0,1,0,0,0,0,20.25050569105691,33.97840142662164,0.0,0.0,66.02169819779431,4.0,3.4259247604993335,0.0,0.0,0.0,1.0,0.0,7.2
59.0,2.0,3.0,10.692053460301,106.736480948767,0.0,8.131668552257471,7.431275025157785,2106.8,0,0,0,0,0,0,8.354727166160457,0.0,99.99952534649704,0.0,0.0,7.0,10.103090869652188,1.0,0.0,0.0,0.0,0.0,5.19
64.0,5.0,7.0,10.787210250776,106.601603444468,3.0,10.737500000006847,11.523850027712317,1393.9,1,1,0,0,0,0,20.25050569105691,2.3918502044623,97.48762465026186,0.0,0.1198077336968218,10.0,10.939462963607737,0.0,0.0,0.0,0.0,1.0,8.9
74.0,5.0,8.0,10.8160931262041,106.694296529727,2.0,18.827244701348747,16.924787565129154,515.7,0,1,1,1,0,0,19.567814035091047,0.0,0.0,0.0,99.9903044405662,15.0,4.519662649428255,0.0,0.0,0.0,1.0,0.0,10.9
66.0,3.0,3.0,10.7147500671381,106.736877573588,3.0,17.789285714285825,18.28632481919144,2186.5,0,0,0,0,0,0,8.354727166160457,3.6999771324033848,0.0,0.0,96.30093757146123,12.0,7.8525136131254,0.0,0.0,0.0,0.0,1.0,3.99
78.0,4.0,6.0,10.7667802807706,106.60020224549,2.0,10.737500000006847,11.79885823719474,1498.2,1,0,0,0,0,0,13.629868366546333,10.206247496996395,0.0,0.0,89.79508743825923,10.0,11.069218274781155,0.0,0.0,0.0,1.0,0.0,7.97
56.0,3.0,8.0,10.8506544656261,106.695128854227,0.0,8.826587030733174,13.645852307543556,701.7,0,0,0,0,0,0,20.25050569105691,6.945988314094342,0.0,0.0,93.05116146501356,9.0,8.32677687357478,0.0,0.0,0.0,0.0,1.0,7.35
75.0,4.0,12.0,10.8504347522968,106.695149619901,3.0,8.826587030733174,13.645852307543556,13438.3,0,0,0,0,0,0,17.412339551755686,8.11769345824993,0.0,0.0,91.881934470878,12.0,8.30224330395287,0.0,0.0,0.0,0.0,1.0,9.95
50.0,4.0,4.0,10.781598235369,106.664589666445,3.0,24.737282299672927,15.923197269929185,104.0,1,1,1,1,1,0,20.25050569105691,0.903846153846154,0.0,0.0,98.7403846153846,9.0,4.036424802848401,0.0,0.0,0.0,0.0,0.0,12.3
32.0,2.0,10.0,10.7225276459662,106.612155875511,0.0,10.737500000006847,13.181777405603473,1736.2,1,0,0,0,0,0,20.776405006591933,94.20919248934456,5.2868333141343165,0.0,0.5051261375417578,2.0,11.391458247787597,0.0,1.0,0.0,1.0,0.0,3.49
77.0,3.0,20.0,10.7857251515412,106.775059446135,3.0,38.647438220481845,23.328827418358713,,1,1,1,0,0,0,20.25050569105691,,,,,8.0,8.15081484588078,0.0,0.0,0.0,1.0,0.0,10.8
40.0,5.0,6.0,10.8050981796346,106.681946375619,2.0,18.63592086332186,15.149860937399001,247.3,1,0,0,0,0,0,12.77062601913981,0.0,0.0,0.0,99.99595632834613,5.0,3.853038984229731,0.0,0.0,0.0,1.0,0.0,10.0
95.0,2.0,8.0,10.8203349421179,106.703945064519,2.0,18.827244701348747,16.235786892588425,664.0,1,1,1,1,0,0,13.930220361551154,88.32228915662651,3.052710843373494,0.0,8.618975903614459,6.0,4.939605270540157,0.0,0.0,1.0,0.0,0.0,12.5
97.0,2.0,3.0,10.7885759179895,106.780762069695,3.0,38.647438220481845,23.346267146280812,,0,0,0,0,0,1,20.25050569105691,,,,,4.0,8.813276363593513,0.0,0.0,0.0,1.0,0.0,9.7
117.0,1.0,8.0,10.8572438879154,106.802814691571,3.0,19.053737403258268,30.38692272100736,,0,0,0,0,0,0,20.25050569105691,,,,,4.0,14.318728415646966,0.0,0.0,0.0,1.0,0.0,8.5
48.0,2.0,5.700000000000001,10.8378763031867,106.636641917965,0.0,11.098013468022373,20.454141465138118,728.5,1,1,1,0,0,1,10.818659325601992,7.6019217570350035,0.0,0.0,92.39533287577214,4.0,9.844018235938654,0.0,0.0,0.0,1.0,0.0,3.8
90.0,4.0,20.0,10.7360953534353,106.737740663724,3.0,17.789285714285825,30.38692272100736,970.9,0,1,1,1,0,0,20.25050569105691,0.0,0.0,0.0,100.0,10.0,5.9757921708161845,0.0,0.0,0.0,0.0,1.0,17.0
83.0,4.0,12.0,10.6845567834267,106.750009770425,3.0,8.131668552257471,11.712567766934,5845.8,0,0,0,0,0,0,11.761918800261277,34.20866262958021,0.0,0.0,0.0,9.0,11.486550084608098,0.0,0.0,0.0,0.0,1.0,9.8
66.0,3.0,3.0,10.7142241418517,106.736587993099,3.0,17.789285714285825,8.648767860862735,670.2,0,1,0,0,0,0,20.119968764420605,98.03789913458668,0.0,0.0,1.9695613249776185,11.0,7.887693116806616,0.0,0.0,0.0,0.0,1.0,8.2
60.0,3.0,10.0,10.7790425574892,106.678694915913,1.0,24.737282299672927,20.454141465138118,150180.0,0,0,0,0,0,0,14.535280883434632,6.146384338793447,93.29151018777468,0.0,0.5619989346117992,6.0,2.470659447990606,0.0,0.0,0.0,0.0,1.0,19.5
55.0,5.0,5.0,10.8055999973561,106.604982142827,2.0,10.737500000006847,10.067829993435623,1812.7,1,0,0,0,0,0,19.567814035091047,3.242676670160534,0.0,0.0,96.75952998289844,9.0,11.00265956563595,0.0,0.0,1.0,0.0,0.0,7.6
181.0,2.0,4.0,10.777592272555,106.759057612281,2.0,15.48107692307722,23.346267146280812,,1,0,0,0,0,0,17.21642624996233,,,,,4.0,6.333404793012598,0.0,0.0,0.0,1.0,0.0,12.9
33.0,5.0,3.0,10.7988134248123,106.686455381373,2.0,18.63592086332186,18.83383064658232,,1,0,0,0,0,0,17.184474827935027,,,,,9.0,2.9989754268643605,0.0,0.0,1.0,0.0,0.0,7.6
38.0,2.0,2.0,10.8065660541183,106.681405468071,3.0,18.63592086332186,18.093318479606467,2558.5,0,0,0,0,0,1,12.77062601913981,11.523158100449482,88.47566933750245,0.0,0.0,5.0,4.022369461715938,0.0,0.0,0.0,1.0,0.0,13.5
100.0,3.0,16.0,10.748991050375,106.618471579596,3.0,10.737500000006847,19.36213730687916,1830.2,0,1,1,1,1,0,18.852521452227894,52.047863621462135,0.0,0.0,23.269588023166865,9.0,9.512761740113012,0.0,0.0,1.0,0.0,0.0,13.8
68.0,5.0,10.2,10.7925240576796,106.712087475313,0.0,18.827244701348747,20.460368357652627,1625.3,0,1,0,1,1,1,18.619763285830498,97.41032424783116,1.7147603519350276,0.0,0.8724543161262536,17.0,2.1946353134429613,0.0,0.0,0.0,0.0,1.0,22.0
124.0,1.0,5.0,10.7035456595396,106.703756976063,2.0,8.131668552257471,13.173106254134565,4800.1,1,0,0,0,0,0,8.502652923904137,18.2681610799775,0.0,1.6522572446407364,0.0,2.0,8.061782350705423,0.0,0.0,0.0,1.0,0.0,5.35
50.0,5.0,4.0,10.7859374127071,106.759819742292,0.0,38.647438220481845,23.346267146280812,,0,1,1,0,0,0,17.400949483778184,,,,,10.0,6.5085762772322795,0.0,0.0,0.0,1.0,0.0,8.0
80.0,1.0,10.0,10.8413630436596,106.725435274347,0.0,15.48107692307722,14.40074884671146,,0,0,0,0,0,0,19.567814035091047,,,,,8.0,7.738804672912603,1.0,0.0,0.0,1.0,0.0,10.6
51.0,2.0,7.666666666666667,10.8592582479376,106.756752058107,2.0,15.48107692307722,16.151929588086617,,1,1,1,0,0,1,19.567814035091047,,,,,4.0,11.074919417827688,0.0,0.0,0.0,1.0,0.0,4.69
27.0,3.0,6.0,10.815989375472,106.695168093027,2.0,18.827244701348747,16.924787565129154,837.9,1,0,0,0,0,0,14.324407498016885,84.9874686716792,0.0,0.0,15.01372478816088,6.0,4.493572690797541,0.0,0.0,0.0,0.0,1.0,6.95
143.0,6.0,6.0,10.8389487968058,106.665010684822,3.0,11.098013468022373,16.924787565129154,957.5,0,1,0,0,0,0,18.21396773749808,11.32219321148825,0.0,0.0,88.67362924281984,41.0,8.033166691447889,0.0,0.0,0.0,0.0,1.0,17.9
100.0,4.0,12.0,10.7021173866165,106.621208123793,3.0,9.364834955468142,15.288713651298618,,0,1,1,0,1,0,19.567814035091047,,,,,8.0,11.9862435146647,0.0,0.0,1.0,0.0,0.0,7.9
252.0,3.0,15.3,10.835891,106.842865,0.0,19.053737403258268,25.613782122221185,,0,0,1,0,0,1,22.156780321650697,,,,,8.0,16.855414225976173,0.0,0.0,0.0,1.0,0.0,40.0
50.0,4.0,8.0,10.8855898795784,106.627980731018,0.0,8.826587030733174,11.964993989558423,,0,0,0,0,0,0,20.25050569105691,,,,,9.0,14.569330149068431,0.0,0.0,0.0,1.0,0.0,6.29
40.0,2.0,10.0,10.798154501399,106.69893257283,0.0,18.827244701348747,20.918551142754602,73.7,1,1,0,0,0,0,20.25050569105691,77.02849389416554,0.0,0.0,22.903663500678423,5.0,2.4748181892166836,0.0,0.0,0.0,0.0,1.0,8.55
104.0,4.0,6.0,10.7896833888872,106.693463607359,0.0,53.75818181817839,34.07029975082686,364.7,0,0,0,0,1,1,29.34260834230355,23.556347683027145,76.44913627639156,0.0,0.0,11.0,1.7351701028476665,0.0,0.0,0.0,1.0,0.0,24.5
192.0,10.0,18.6,10.7875949441361,106.685989123891,3.0,54.46617152529408,106.67729565230768,3286.7,0,0,0,0,0,1,75.75321427483613,93.46304804210912,0.0,0.0,6.53634344479265,26.0,2.0944550162864197,0.0,1.0,0.0,1.0,0.0,89.0
50.0,4.0,7.666666666666667,10.7967960232532,106.68334257544,2.0,18.63592086332186,18.83383064658232,54.7,0,0,0,0,0,1,25.885724961203408,0.0,0.0,0.0,100.0,9.0,3.0181928644224576,0.0,0.0,0.0,1.0,0.0,7.65
51.0,2.0,4.0,10.8494668828868,106.650951745678,0.0,11.098013468022373,24.56391683041859,112.8,1,1,0,0,0,0,11.178588935354508,40.780141843971634,0.0,0.0,59.24645390070922,4.0,9.835392935692855,0.0,0.0,0.0,0.0,1.0,6.45
111.0,1.0,10.9,10.7585829137108,106.653643231831,2.0,13.32081849341783,20.339947871608835,1491.7,1,0,0,0,0,1,20.25050569105691,90.96534155661328,0.0,0.0,9.033988067305758,13.0,5.533995738548133,0.0,0.0,0.0,1.0,0.0,33.0
65.0,4.0,6.833333333333334,10.8007257108847,106.591401656495,0.0,10.737500000006847,13.71334205498395,3599.7,0,0,0,0,0,1,18.06394396884742,48.87407283940328,0.0,0.0,43.50501430674779,8.0,12.293684649101788,0.0,0.0,0.0,0.0,1.0,6.85
89.0,3.0,1.0,10.8159770069302,106.771276295185,3.0,19.053737403258268,19.386377745006975,,0,0,0,0,0,0,19.567814035091047,,,,,7.0,8.860836785572383,0.0,0.0,0.0,0.0,1.0,11.0
252.0,2.0,12.0,10.7873827574362,106.685958474094,0.0,54.46617152529408,106.67729565230768,3286.7,0,0,0,0,0,0,75.75321427483613,93.46304804210912,0.0,0.0,6.53634344479265,8.0,2.082672352414764,0.0,0.0,0.0,1.0,0.0,68.0
91.0,4.0,12.0,10.8225919536422,106.618119582448,0.0,8.826587030733174,15.780638971822933,1188.9,0,0,0,0,0,1,20.25050569105691,66.85844057532172,0.0,0.0,33.13903608377491,8.0,10.439788279042116,0.0,1.0,0.0,1.0,0.0,12.7
84.0,5.0,20.0,10.7498431366779,106.722747093185,0.0,17.789285714285825,15.717993526044307,3907.9,1,0,0,0,0,0,22.10413068261712,91.22265155198444,0.0,0.0,0.0,12.0,3.748500107162088,0.0,0.0,1.0,0.0,0.0,13.3
100.0,3.0,14.0,10.7547858437414,106.680418564974,0.0,29.82381843840417,20.918551142754602,94.1,0,1,1,1,1,1,37.54099080615944,0.0,0.0,0.0,99.96811902231669,8.0,3.266253394635027,0.0,0.0,0.0,0.0,1.0,14.8
78.0,4.0,7.0,10.8085718352673,106.688051653466,0.0,18.827244701348747,20.339947871608835,57.5,0,0,0,0,0,1,24.873898992866078,6.695652173913044,0.0,0.0,93.23478260869564,9.0,3.892162556390857,0.0,0.0,0.0,1.0,0.0,9.7
82.0,5.0,4.0,10.8028265308519,106.684492156856,2.0,18.63592086332186,15.13100312673361,519.9,1,0,0,0,0,0,12.77062601913981,7.788036160800155,0.0,92.21388728601654,0.0,9.0,3.491268228396128,0.0,0.0,0.0,1.0,0.0,15.5
42.0,3.0,5.75,10.8049111275169,106.681855825945,3.0,18.63592086332186,18.093318479606467,8758.9,0,0,0,0,0,1,18.245021803289422,2.645994360022377,97.35377730080262,0.0,0.0,6.0,3.840993710480701,0.0,0.0,0.0,0.0,1.0,8.0
43.0,3.0,5.8,10.8016406110974,106.699010622618,3.0,18.827244701348747,18.83383064658232,1839.3,0,0,0,0,0,1,20.25050569105691,74.32447126624258,0.0,4.283694883923232,21.39346490512695,9.0,2.860225467936828,0.0,0.0,0.0,0.0,1.0,6.9
94.0,5.0,11.6,10.7745275228809,106.664451876701,0.0,24.737282299672927,15.61262632367065,424.0,1,0,0,0,0,1,19.759740783443462,27.11556603773585,0.0,0.0,72.91509433962264,22.0,4.006580621002985,0.0,0.0,0.0,1.0,0.0,24.5
77.0,6.0,8.0,10.7605004671397,106.688901480122,2.0,53.75818181817839,59.25648860397285,1978.5,1,0,0,0,0,0,37.54099080615944,99.9979782663634,0.0,0.0,0.0,17.0,2.1785267105723327,0.0,0.0,0.0,1.0,0.0,31.0
50.0,5.0,5.0,10.7146354279344,106.736724261976,0.0,17.789285714285825,18.28632481919144,228.9,0,1,1,1,0,0,8.354727166160457,9.213630406290957,0.0,0.0,90.8082131935343,9.0,7.855261296284506,0.0,0.0,0.0,0.0,1.0,8.85
37.0,2.0,5.0,10.8207935780769,106.635610663884,3.0,19.38917355371901,15.923197269929185,1194.5,1,1,1,1,1,0,18.891140957318,18.351611552951024,0.0,0.0,81.64838844704897,5.0,8.716414575196497,0.0,0.0,1.0,0.0,0.0,4.85
84.0,3.0,14.0,10.7559088343646,106.610574550153,3.0,10.737500000006847,19.36213730687916,,0,1,1,1,0,0,20.25050569105691,,,,,10.0,10.138005519700968,0.0,0.0,1.0,0.0,0.0,10.8
120.0,4.0,20.0,10.8305956866616,106.705149885401,3.0,18.827244701348747,16.235786892588425,6964.9,0,0,0,0,0,1,19.425983461480996,23.7088831138997,0.0,0.0,76.29068615486224,12.0,6.086857753343109,0.0,0.0,0.0,1.0,0.0,19.2
25.0,2.0,3.5,10.8388982005269,106.656369110979,1.0,11.098013468022373,23.820911987062647,445.0,0,0,0,0,1,1,17.667251633927393,54.352808988764046,0.0,0.0,45.64494382022472,4.0,8.53140247239893,0.0,0.0,0.0,0.0,1.0,4.27
90.0,1.0,30.0,10.8619542070599,106.61147243271,3.0,8.826587030733174,14.285467555474675,182.9,0,0,0,0,0,0,21.19814232501748,15.199562602515035,0.0,0.0,84.81683980317113,2.0,13.681128568125516,0.0,0.0,0.0,0.0,1.0,14.5
66.0,4.0,6.0,10.8061154427169,106.615638572306,3.0,14.87073929990493,17.8318693459886,1913.4,1,1,0,0,0,0,19.567814035091047,1.247517508100763,98.75039197240514,0.0,0.0,11.0,9.917297514661376,0.0,0.0,0.0,0.0,1.0,11.5
13.0,2.0,4.0,10.85270592410832,106.7551868967712,0.0,15.48107692307722,17.056969241416212,,0,0,0,0,0,0,18.441394421707372,,,,,2.0,10.375270300288326,0.0,0.0,0.0,0.0,1.0,2.0
123.0,2.0,5.0,10.7964797009218,106.608925654539,2.0,10.737500000006847,10.067829993435623,4078.3,1,1,0,0,0,0,14.230094570897254,11.765931883382782,88.23406811661721,0.0,0.0,6.0,10.32255825946254,0.0,0.0,0.0,1.0,0.0,7.4
380.0,7.0,15.0,10.7735888153191,106.677765096749,0.0,24.737282299672927,20.454141465138118,16.0,0,0,0,0,0,1,23.200342816816367,0.0,0.0,0.0,99.125,16.0,2.563038552644187,0.0,0.0,0.0,1.0,0.0,63.0
200.0,3.0,7.6,10.836193146819996,106.84216655722793,0.0,19.053737403258268,25.613782122221185,,0,0,0,0,1,1,20.25050569105691,,,,,8.0,16.798712769484695,0.0,0.0,0.0,1.0,0.0,27.0
108.0,8.0,20.0,10.7565382410988,106.669255693651,0.0,29.82381843840417,23.820911987062647,2723.4,0,0,0,0,0,0,16.67274773320998,97.85966071821989,0.0,0.0,2.1407064698538587,12.0,4.096795824137183,0.0,0.0,0.0,1.0,0.0,41.5
109.0,1.0,3.9,10.7963664104924,106.675545717434,2.0,18.63592086332186,23.820911987062647,1445.5,1,0,0,0,0,1,20.25050569105691,19.792459356624008,80.20961604980977,0.0,0.0,6.0,3.594437249035514,0.0,0.0,0.0,1.0,0.0,15.5
62.0,2.0,9.0,10.788205012816585,106.66221061077178,2.0,19.38917355371901,15.149860937399001,720.0,1,1,1,1,0,1,14.535280883434632,97.725,0.0,0.0,2.2777777777777777,5.0,4.459482503961902,0.0,0.0,0.0,0.0,1.0,8.3
147.0,3.0,10.0,10.8081442488766,106.688258228943,0.0,19.38917355371901,16.235786892588425,686.5,0,0,0,0,0,1,24.873898992866078,2.7662053896576837,0.0,0.0,97.2323379461034,21.0,3.839659023815078,0.0,1.0,0.0,1.0,0.0,20.5
60.0,4.0,8.0,10.7597062772235,106.686749322455,2.0,53.75818181817839,59.25648860397285,35702.3,1,0,0,0,0,0,19.575220884013127,0.4421843970836612,99.55787162171625,0.0,0.0,11.0,2.3958283967941245,0.0,0.0,0.0,1.0,0.0,16.8
196.0,3.0,6.0,10.7399602260226,106.617058160932,2.0,10.737500000006847,13.181777405603473,9490.5,1,1,1,1,0,0,20.089660861147053,91.92055213107844,1.0865602444549811,0.0,6.992466150360888,62.0,10.01730133061352,0.0,0.0,1.0,0.0,0.0,20.0
80.0,3.0,8.0,10.6930773421311,106.740994267829,3.0,8.131668552257471,7.431275025157785,124.8,1,1,1,0,0,0,8.354727166160457,13.653846153846152,0.0,0.0,86.34615384615385,9.0,10.19876614608789,0.0,0.0,0.0,0.0,1.0,11.9
70.0,2.0,8.0,10.80388987194,106.62929061703,1.0,14.87073929990493,17.8318693459886,392.7,0,1,1,0,0,0,20.25050569105691,0.0,0.0,0.0,100.0,3.0,8.434491374089147,0.0,0.0,1.0,0.0,0.0,5.8
75.0,2.0,5.0,10.8442367369303,106.762182580232,3.0,15.48107692307722,15.706358342303552,,1,0,0,0,0,0,20.25050569105691,,,,,4.0,10.103505307163283,0.0,0.0,0.0,1.0,0.0,6.9
72.0,3.0,6.166666666666666,10.7898118844645,106.641907385441,3.0,19.38917355371901,15.61262632367065,783.7,1,1,0,1,0,1,20.25050569105691,97.9213984943218,0.0,0.0,2.0773255072093915,9.0,6.645601699443268,0.0,1.0,0.0,1.0,0.0,17.6
80.0,2.0,6.0,10.8007411853963,106.698134570971,3.0,18.827244701348747,18.83383064658232,707.4,0,0,0,0,0,0,18.394702660946763,78.21034775233248,0.0,0.0,21.782584110828388,4.0,2.770097323486998,0.0,0.0,1.0,0.0,0.0,14.08
61.0,5.0,3.0,10.8420570469151,106.650911438845,0.0,11.098013468022373,23.820911987062647,9636.3,0,0,0,0,0,0,10.107421869117639,15.746915309818084,84.25329223872234,0.0,0.0,10.0,9.165211678919944,0.0,0.0,0.0,0.0,1.0,8.0
70.0,2.0,20.0,10.7828262119694,106.687234086984,3.0,54.46617152529408,106.67729565230768,873.2,1,0,0,0,0,0,47.644452285713,18.135593220338983,81.86097114063215,0.0,0.0,2.0,1.6941648595098306,0.0,0.0,1.0,0.0,0.0,27.9
52.0,2.0,5.0,10.7730119669319,106.627387002692,2.0,14.87073929990493,15.971912456276133,1384.6,0,1,1,0,0,0,16.438356940373765,97.06341181568683,0.0,0.0,2.934421493572151,5.0,8.058863222074653,0.0,0.0,0.0,0.0,1.0,6.18
68.0,4.0,4.0,10.864885206941,106.613883197915,0.0,8.826587030733174,14.285467555474675,,0,1,1,0,0,0,20.25050569105691,,,,,8.0,13.726725150150193,0.0,0.0,0.0,1.0,0.0,5.5
153.0,5.0,18.0,10.703248,106.71261,0.0,8.131668552257471,13.173106254134565,5607.0,0,0,0,0,0,1,19.32281039637293,23.15195291599786,4.985732120563582,0.0,15.96861066523988,14.0,8.1867964040424,0.0,0.0,0.0,1.0,0.0,37.0
160.0,5.0,21.0,10.730612,106.70964,0.0,17.789285714285825,34.311080856230646,707353.2,0,0,0,0,0,1,19.567814035091047,34.28193581367837,19.24510131572177,0.0,46.47296145687897,15.0,5.132417687728848,0.0,0.0,0.0,1.0,0.0,14.5
169.0,2.0,25.0,10.813503730413313,106.7845008348083,0.0,19.053737403258268,20.177656837434043,,0,0,0,0,1,0,23.716488155468518,,,,,6.0,10.01880259203903,0.0,0.0,0.0,0.0,1.0,23.5
80.0,3.0,7.0,10.7954031461239,106.677540284751,0.0,18.63592086332186,15.923197269929185,442.1,0,0,0,0,0,1,18.88858355251217,19.416421624066952,0.0,0.0,80.57453064917439,9.0,3.3582047478366546,0.0,0.0,0.0,0.0,1.0,11.9
18.0,3.0,3.0,10.7585593026886,106.630513992087,1.0,12.006306645336863,15.61262632367065,75.6,1,1,1,0,0,0,16.67966297460757,46.679894179894184,0.0,0.0,53.333333333333336,4.0,7.950762297940982,0.0,0.0,0.0,1.0,0.0,2.9
200.0,2.0,5.0,10.8543533529562,106.76390404697,0.0,15.48107692307722,17.056969241416212,,1,1,0,0,0,0,19.375154550884368,,,,,28.0,11.088714508331275,0.0,0.0,1.0,0.0,0.0,14.85
52.0,2.0,7.6,10.7910061297522,106.649489388107,3.0,19.38917355371901,16.924787565129154,114.3,1,0,0,0,0,1,20.25050569105691,4.251968503937008,0.0,95.70428696412948,0.0,9.0,5.879253041748308,0.0,1.0,0.0,1.0,0.0,6.5
90.0,3.0,6.0,10.8414304495881,106.676676515447,2.0,11.098013468022373,15.081788755498186,54.3,1,1,1,0,0,0,15.50660834230355,0.0,0.0,0.0,100.0,8.0,7.749155572070685,0.0,0.0,0.0,0.0,1.0,11.99
160.0,3.0,12.7,10.7539346530695,106.611004691242,0.0,10.737500000006847,19.36213730687916,,0,1,1,0,1,1,20.25050569105691,,,,,12.0,10.14306220994607,0.0,0.0,0.0,1.0,0.0,21.0
56.0,3.0,8.0,10.8011293118266,106.800946694881,0.0,19.053737403258268,23.42179327737413,,0,0,0,0,0,0,20.25050569105691,,,,,7.0,11.25847111283779,1.0,0.0,0.0,0.0,0.0,6.4
60.0,5.0,8.0,10.7798737097747,106.772971586994,0.0,38.647438220481845,16.791900388268562,,1,1,0,1,0,1,20.25050569105691,,,,,11.0,7.862583347157097,0.0,0.0,0.0,1.0,0.0,8.5
114.0,3.0,4.0,10.7426777317198,106.729670293034,3.0,17.789285714285825,14.672222873812292,3286.7,0,0,0,0,0,0,8.354727166160457,91.70657498402652,2.1675236559466944,0.0,6.127118386223264,10.0,4.844562310708433,0.0,0.0,0.0,1.0,0.0,14.0
73.0,3.0,6.3,10.7976639404631,106.658036063039,0.0,19.38917355371901,18.093318479606467,2755.2,1,1,1,0,0,1,20.342567872241002,98.81133855981416,0.0,0.0,1.188298490127759,8.0,5.284825837946069,0.0,0.0,0.0,0.0,1.0,9.45
350.0,4.0,15.0,10.779125293477,106.688772622381,0.0,54.46617152529408,106.67729565230768,1107.5,0,0,0,0,0,1,20.25050569105691,0.6130925507900677,0.0,99.38961625282168,0.0,30.0,1.3906829552891684,0.0,0.0,0.0,1.0,0.0,138.0
78.0,2.0,8.0,10.7646691833268,106.625404389152,2.0,14.87073929990493,18.35882491952716,67.3,1,0,0,0,0,0,20.25050569105691,18.038632986627047,0.0,0.0,81.90193164933135,10.0,8.36413478233973,1.0,0.0,0.0,1.0,0.0,7.2
49.0,4.0,8.0,10.77628561695,106.643655173441,3.0,14.87073929990493,21.72974125281273,187.2,0,0,0,0,0,0,20.25050569105691,7.686965811965813,0.0,0.0,92.32371794871796,12.0,6.2750099867485645,0.0,0.0,0.0,1.0,0.0,7.6
18.0,2.0,3.75,10.7784344592153,106.672433329328,3.0,24.737282299672927,16.235786892588425,3428.0,1,1,1,1,0,1,20.25050569105691,99.19924154025672,0.0,0.0,0.7867561260210034,4.0,3.1430435518117616,0.0,0.0,0.0,1.0,0.0,3.8
50.0,4.0,10.2,10.7616203985571,106.666700993993,0.0,24.737282299672927,23.820911987062647,42.0,0,0,1,0,0,1,20.25050569105691,83.45238095238095,0.0,0.0,15.61904761904762,15.0,4.083676478181969,0.0,0.0,0.0,1.0,0.0,7.6
108.0,4.0,25.0,10.8304945961001,106.705371204582,3.0,18.827244701348747,16.235786892588425,6964.9,0,0,0,0,0,0,19.425983461480996,23.7088831138997,0.0,0.0,76.29068615486224,14.0,6.077454575119508,0.0,0.0,0.0,0.0,1.0,21.5
51.0,3.0,6.0,10.8948331773801,106.668473193324,0.0,8.826587030733174,9.397256429506324,,0,0,0,0,0,0,20.25050569105691,,,,,7.0,13.685657626153132,0.0,0.0,1.0,0.0,0.0,4.98
74.0,4.0,12.0,10.7918571099957,106.650724056911,3.0,19.38917355371901,16.924787565129154,591.6,0,0,0,0,0,1,20.25050569105691,9.259634888438134,0.0,90.74543610547668,0.0,10.0,5.7782227854798425,0.0,0.0,0.0,1.0,0.0,15.5
33.0,5.0,4.7,10.7580682761403,106.680328441829,0.0,29.82381843840417,20.918551142754602,2757.8,0,0,0,0,0,1,72.86150756189254,83.4969903546305,0.0,0.0,16.503372253245338,6.0,3.0206288829700347,1.0,0.0,0.0,1.0,0.0,16.5
29.0,2.0,5.0,10.7921516205217,106.677722084051,3.0,18.63592086332186,20.454141465138118,1471.1,1,1,1,1,1,0,13.842079023496492,98.72544354564612,0.0,0.0,1.2738766909115626,4.0,3.1219213849611194,0.0,0.0,1.0,0.0,0.0,6.4
43.0,3.0,5.8,10.801404565948,106.698724216602,0.0,18.827244701348747,18.83383064658232,6584.5,0,1,1,0,0,1,20.25050569105691,79.96096894221277,0.0,0.3786164477181258,19.661022097349836,9.0,2.8367535378982307,0.0,0.0,0.0,0.0,1.0,6.95
57.0,4.0,12.0,10.8324684267266,106.660859604691,3.0,11.098013468022373,16.924787565129154,95.4,0,0,0,1,0,0,17.750769632832952,5.188679245283018,24.0251572327044,0.0,70.78616352201259,10.0,7.664446442883213,1.0,0.0,0.0,1.0,0.0,9.8
47.0,3.0,6.0,10.7669276297791,106.613301506429,2.0,10.737500000006847,8.135783941420566,913.8,1,0,0,0,0,0,20.25050569105691,27.27073757933902,0.0,0.0,72.72597942657038,7.0,9.643641312860606,0.0,0.0,0.0,0.0,1.0,4.98
140.0,1.0,6.0,10.8098679317984,106.69299483196,3.0,18.827244701348747,15.288713651298618,32.2,1,0,0,0,0,0,17.40171754184511,7.670807453416149,0.0,0.0,92.20496894409938,10.0,3.868603832950938,0.0,0.0,0.0,1.0,0.0,13.4
144.0,4.0,7.3,10.797204828163,106.681436757287,3.0,18.63592086332186,15.923197269929185,111.9,0,0,0,0,0,1,21.485572441587628,20.68811438784629,0.0,0.0,79.34763181411975,24.0,3.189463976673808,0.0,1.0,0.0,1.0,0.0,40.0
57.0,2.0,3.0,10.8484800036412,106.667197707135,2.0,11.098013468022373,9.674953215540254,939.5,1,0,0,0,0,0,15.50660834230355,90.34060670569453,0.0,0.0,9.659393294305485,4.0,8.869333901878667,0.0,0.0,0.0,1.0,0.0,5.2
200.0,4.0,15.433333333333334,10.7655394860881,106.663140778157,3.0,24.737282299672927,15.61262632367065,5292.0,1,0,0,0,0,1,32.67330086593139,76.54195011337869,0.0,0.0,23.46693121693122,14.0,4.306564590100305,0.0,0.0,0.0,1.0,0.0,38.0
85.0,3.0,20.0,10.805953758511242,106.7901108151099,0.0,19.053737403258268,23.42179327737413,,0,0,0,0,0,0,20.87381731865282,,,,,8.0,10.277217138715708,0.0,0.0,0.0,0.0,1.0,15.5
52.0,4.0,5.0,10.7843673717223,106.778986187145,2.0,15.48107692307722,23.328827418358713,,1,0,0,0,0,0,19.567814035091047,,,,,9.0,8.558431384194563,0.0,0.0,1.0,0.0,0.0,7.5
233.0,3.0,17.0,10.8055691607963,106.66833502871,0.0,19.38917355371901,20.918551142754602,29027.8,1,0,1,1,1,1,23.161245700728948,3.505742770723238,5.350388248506603,91.12116660580548,0.0,9.0,4.859928327455901,1.0,0.0,0.0,1.0,0.0,55.0
65.0,3.0,5.0,10.7921222896533,106.668101832843,2.0,18.63592086332186,15.61262632367065,48.6,1,1,1,0,0,1,19.193619091459624,18.641975308641975,0.0,0.0,81.41975308641976,13.0,4.025634489202364,0.0,0.0,0.0,1.0,0.0,14.5
80.0,2.0,7.0,10.8615470088289,106.571502182112,0.0,9.79203162611253,18.44334202682383,64913.4,0,1,0,0,0,0,20.25050569105691,18.671322099905417,6.5314403497582925,39.37852585136505,35.418634673272386,3.0,17.053884065383397,0.0,0.0,1.0,0.0,0.0,4.5
48.0,2.0,8.0,10.8010124054298,106.59199789349,3.0,10.737500000006847,11.523850027712317,5540.9,0,1,1,0,0,0,20.25050569105691,0.4961287877420635,0.0,0.0,0.0,4.0,12.237416499293843,0.0,0.0,0.0,1.0,0.0,5.0
25.0,2.0,3.5,10.7593632570059,106.687816746859,0.0,53.75818181817839,26.429608342303553,2104.4,0,0,0,0,0,1,37.54099080615944,99.80326934042958,0.0,0.0,0.1967306595704238,4.0,2.3511018276118936,0.0,0.0,0.0,1.0,0.0,8.5
60.0,2.0,4.0,10.7962125544952,106.706627503614,2.0,18.827244701348747,15.081788755498186,489.4,0,0,0,0,0,0,19.911470140858842,95.15529219452392,2.161830813240703,0.0,2.6828769922353906,5.0,2.3272187023793003,0.0,0.0,1.0,0.0,0.0,7.3
30.0,5.0,8.0,10.779665215107,106.638561066435,3.0,14.87073929990493,28.253427846446222,67.2,0,1,1,0,1,0,20.25050569105691,31.175595238095237,0.0,0.0,68.82440476190476,6.0,6.843487459019529,0.0,0.0,0.0,0.0,1.0,5.3
448.0,4.0,18.0,10.7785235877283,106.747545129807,3.0,38.647438220481845,23.346267146280812,,0,0,1,0,1,0,38.40280152808539,,,,,12.0,5.08112401504408,0.0,1.0,0.0,0.0,1.0,188.0
245.0,3.0,4.0,10.7978388365231,106.704927912633,3.0,18.827244701348747,15.923197269929185,3425.9,1,0,0,0,0,1,19.911470140858842,64.69774365860066,33.41837181470563,0.0,1.883300738492075,37.0,2.4641017450382168,0.0,1.0,0.0,1.0,0.0,92.0
51.0,4.0,8.0,10.7262334727437,106.733858754155,0.0,17.789285714285825,8.648767860862735,1320.1,0,0,0,0,0,0,8.354727166160457,81.95666994924629,0.0,0.0,18.04181501401409,9.0,6.59011699215074,0.0,0.0,0.0,0.0,1.0,7.89
119.0,5.0,12.0,10.7720229742995,106.787667042191,0.0,38.647438220481845,16.791900388268562,,0,0,1,0,0,0,21.788667863727383,,,,,24.0,9.466468257787897,0.0,0.0,0.0,0.0,1.0,13.8
151.0,3.0,4.0,10.8465949145011,106.668964378867,3.0,11.098013468022373,9.674953215540254,159.3,1,1,1,0,0,1,15.50660834230355,0.0,0.0,0.0,100.0,7.0,8.59875847314513,0.0,0.0,0.0,1.0,0.0,12.8
43.0,2.0,3.0,10.8032623339515,106.716381330007,2.0,18.827244701348747,23.596282954466844,984.7,1,1,1,0,0,0,21.692084895986877,73.03239565349851,0.0,0.0,26.963542195592566,5.0,3.4605929583948525,0.0,0.0,0.0,1.0,0.0,5.2
49.0,4.0,7.8,10.7974788613634,106.689103882389,0.0,18.63592086332186,20.918551142754602,,1,0,0,0,0,1,21.40910965668906,,,,,7.0,2.7241798306651477,0.0,0.0,0.0,1.0,0.0,15.9
64.0,2.0,3.0,10.7928447235659,106.623378982835,3.0,14.87073929990493,9.35870800879073,124.0,0,1,1,0,0,0,17.7630098784105,10.411290322580644,0.0,0.0,89.56451612903226,5.0,8.693715981196847,0.0,0.0,1.0,0.0,0.0,5.29
82.0,5.0,9.0,10.7930049515336,106.687517000227,3.0,53.75818181817839,34.07029975082686,1146.8,0,0,0,0,0,1,19.211286203635318,87.05092431112661,0.0,0.0,12.949947680502266,9.0,2.4034740859003048,0.0,0.0,0.0,0.0,1.0,28.5
95.0,2.0,6.0,10.8555791967509,106.656916787668,2.0,11.098013468022373,16.235786892588425,12550.5,1,1,1,0,0,0,15.50660834230355,12.381658101270869,87.61834189872914,0.0,0.0,6.0,10.07910871728082,0.0,0.0,0.0,1.0,0.0,9.5
48.0,3.0,5.666666666666666,10.8357753481506,106.661242399109,3.0,11.098013468022373,16.924787565129154,1045.9,0,1,1,1,0,1,10.107421869117639,98.80485706090448,0.0,1.1903623673391337,0.0,7.0,7.945483101723087,0.0,0.0,0.0,1.0,0.0,6.5
83.0,5.0,6.0,10.799734621041,106.673417770631,2.0,18.63592086332186,23.820911987062647,11753.9,1,0,0,0,0,0,20.342567872241002,97.46960583295755,2.5260551816843773,0.0,0.0,13.0,4.013492125294031,0.0,0.0,0.0,0.0,1.0,16.5
69.0,2.0,20.0,10.7833816403638,106.647463888263,0.0,19.38917355371901,14.561953480312356,14332.1,1,0,0,0,0,1,17.444977006572753,25.615227356772557,17.19371201708054,0.0,57.19106062614691,2.0,5.916035648316716,1.0,0.0,0.0,1.0,0.0,8.2
156.0,4.0,30.0,10.818891,106.78099,3.0,19.053737403258268,20.177656837434043,,0,0,0,0,0,0,20.25050569105691,,,,,11.0,9.944368541199015,0.0,0.0,0.0,1.0,0.0,20.5
110.0,4.0,20.0,10.7083728810032,106.732789718599,0.0,17.789285714285825,18.28632481919144,4543.7,0,0,0,0,0,0,20.25050569105691,14.337434249620356,37.186213878557126,0.0,48.47525144705857,9.0,8.278443147179036,0.0,0.0,0.0,1.0,0.0,13.0
48.0,2.0,5.0,10.8729802778316,106.690779439774,0.0,8.826587030733174,13.645852307543556,5557.2,1,0,0,0,0,0,20.25050569105691,14.77488663355647,0.0,0.0,85.2252933131793,4.0,10.842464178699624,0.0,0.0,0.0,1.0,0.0,4.58
182.0,7.0,21.8,10.8303475963816,106.633026599806,0.0,19.38917355371901,15.923197269929185,3821.9,0,0,0,0,0,1,10.818659325601992,99.59653575446768,0.4047724953557131,0.0,0.0,104.0,9.581394414995072,0.0,0.0,0.0,1.0,0.0,33.9
70.0,4.0,8.0,10.7975657858347,106.67942115494,3.0,18.63592086332186,15.923197269929185,257.3,0,0,0,0,0,1,19.806236435736306,14.185775359502523,0.0,0.0,85.82977069568597,12.0,3.370130514919663,0.0,0.0,0.0,0.0,1.0,20.5
140.0,1.0,20.0,10.7897425814385,106.734800857103,3.0,38.647438220481845,25.425738377885217,,0,0,0,0,0,0,18.455878219881225,,,,,12.0,3.9857652064648112,0.0,0.0,0.0,0.0,1.0,28.0
59.0,3.0,5.55,10.742364421691,106.716668525219,3.0,17.789285714285825,14.672222873812292,110.1,0,0,0,0,0,1,20.25050569105691,5.449591280653951,0.0,0.0,94.50499545867392,8.0,4.108624999187288,0.0,1.0,0.0,1.0,0.0,10.0
77.0,6.0,8.0,10.7795628456432,106.667427129377,3.0,24.737282299672927,15.923197269929185,42832.0,0,1,0,0,0,0,16.95010834230355,8.418588905491221,91.34313130369816,0.0,0.2376260739633918,18.0,3.699476923279004,0.0,0.0,0.0,1.0,0.0,27.0
89.0,2.0,6.0,10.7548513041562,106.680465524768,3.0,29.82381843840417,20.918551142754602,521.8,0,0,0,0,0,0,37.54099080615944,0.0,0.0,0.0,99.99808355691836,6.0,3.2574484934885466,0.0,0.0,0.0,0.0,1.0,22.0
180.0,3.0,6.0,10.8110180924503,106.707655177854,3.0,18.827244701348747,20.47473566303819,4037.2,0,0,0,0,0,1,17.16203807849431,58.65872386802735,0.0,0.0,41.342019221242445,14.0,3.9591174677081744,0.0,1.0,0.0,1.0,0.0,23.0
285.0,9.0,31.0,10.8123502619277,106.685321480875,0.0,18.827244701348747,15.149860937399001,826.7,0,1,0,0,0,1,20.46129821819246,43.35792911576146,0.0,0.0,56.634813112374495,19.0,4.39405860272763,0.0,0.0,0.0,1.0,0.0,115.0
62.0,2.0,12.0,10.7860924632299,106.77248842136,3.0,38.647438220481845,23.328827418358713,,0,1,1,1,0,0,20.25050569105691,,,,,5.0,7.87825612876727,0.0,0.0,0.0,0.0,1.0,6.98
75.0,2.0,2.0,10.8307849753741,106.524109580274,3.0,13.123347608580726,19.18090922668988,,1,0,0,0,0,0,20.25050569105691,,,,,3.0,20.26873943827972,0.0,0.0,1.0,0.0,0.0,1.68
78.0,3.0,6.0,10.7662485898002,106.600245312282,2.0,10.737500000006847,11.79885823719474,523.8,1,0,0,0,0,0,13.629868366546333,52.042764413898446,47.96487208858343,0.0,0.0,8.0,11.070178160121364,0.0,0.0,0.0,0.0,1.0,7.88
65.0,4.0,6.0,10.7701238839993,106.694214883991,3.0,19.38917355371901,20.454141465138118,17729.2,1,1,1,1,0,0,20.25050569105691,85.48620355120366,14.513740044672064,0.0,0.0,12.0,0.9962797983720524,0.0,0.0,0.0,1.0,0.0,11.9
53.0,3.0,10.0,10.8454385998056,106.717858724667,3.0,15.48107692307722,17.78611714762465,,0,1,1,0,0,0,15.155664323925304,,,,,6.0,7.9352156494089,0.0,0.0,0.0,1.0,0.0,7.5
45.0,2.0,4.0,10.7785582046046,106.672746566275,0.0,24.737282299672927,16.235786892588425,3428.0,0,1,0,1,1,1,20.25050569105691,99.19924154025672,0.0,0.0,0.7867561260210034,4.0,3.1101837338471054,0.0,0.0,0.0,0.0,1.0,8.4
114.0,4.0,8.0,10.8413223776329,106.711204076965,0.0,15.48107692307722,17.78611714762465,,0,0,0,0,0,0,20.25050569105691,,,,,7.0,7.346876131949814,0.0,0.0,0.0,1.0,0.0,8.2
97.0,7.0,11.7,10.7678712744894,106.67153585608,3.0,24.737282299672927,24.56391683041859,2439.0,0,0,0,0,0,1,21.742372820427185,91.2279622796228,0.0,0.0,8.763837638376385,22.0,3.3535607453844354,0.0,0.0,0.0,0.0,1.0,47.0
64.0,5.0,4.0,10.8103411775911,106.713541094383,0.0,18.827244701348747,20.47473566303819,65.5,0,0,0,0,0,0,20.263535304628697,0.0,0.0,0.0,100.0,9.0,4.053157217885888,0.0,0.0,0.0,0.0,1.0,8.4
60.0,4.0,7.25,10.7385381719028,106.658956604602,0.0,9.364834955468142,15.149860937399001,1187.7,0,1,1,1,0,1,20.25050569105691,91.37661025511493,0.0,0.0,8.622547781426286,8.0,6.208601535797407,0.0,1.0,0.0,1.0,0.0,9.5
152.0,4.0,8.0,10.7428815553156,106.729292482289,3.0,17.789285714285825,14.672222873812292,4905.2,0,0,0,0,0,0,8.354727166160457,2.091046236646824,97.90854603278154,0.0,0.0,7.0,4.800668594334512,0.0,0.0,0.0,1.0,0.0,12.95
154.0,1.0,2.0,10.7856080801995,106.762437355902,0.0,38.647438220481845,23.346267146280812,,0,0,0,0,0,0,20.25050569105691,,,,,3.0,6.784667662860218,0.0,0.0,1.0,0.0,0.0,7.0
37.0,2.0,3.0,10.7506036825083,106.719788089151,0.0,17.789285714285825,15.717993526044307,3908.5,1,1,1,0,0,0,17.939958488612948,0.4999360368427785,0.0,0.0,0.0,4.0,3.484568042072603,0.0,0.0,1.0,0.0,0.0,3.68
41.0,4.0,6.0,10.76008016697,106.694935147537,3.0,53.75818181817839,32.631365062301924,319.8,0,0,0,0,0,1,20.776405006591933,54.72482801751094,45.272045028142585,0.0,0.0,8.0,1.8939725995711365,0.0,0.0,0.0,0.0,1.0,8.1
74.0,3.0,4.0,10.7743101998105,106.696947175163,2.0,53.75818181817839,80.81249751703449,93.5,1,0,0,0,0,1,20.25050569105691,0.1711229946524064,0.0,99.85026737967917,0.0,19.0,0.4910057856228836,0.0,0.0,1.0,0.0,0.0,19.9
222.0,3.0,7.0,10.7786097475107,106.686157452717,3.0,54.46617152529408,106.67729565230768,854.3,0,0,0,0,1,0,25.237156359791214,8.989816223808965,0.0,91.012524874166,0.0,13.0,1.6578238149671631,0.0,0.0,0.0,1.0,0.0,205.0
52.0,4.0,7.0,10.8796236104576,106.660833990075,0.0,8.826587030733174,13.805666803246416,1406.2,0,0,1,0,0,0,17.09291764913859,28.610439482292705,0.0,71.38884938131133,0.0,9.0,12.333109057661035,0.0,0.0,0.0,1.0,0.0,6.3
97.0,4.0,6.0,10.7880721211651,106.62963048909,2.0,14.87073929990493,12.804496961724974,73.2,1,0,0,0,0,0,18.58320168788192,10.027322404371583,0.0,0.0,89.98633879781421,8.0,7.921317031215012,0.0,0.0,0.0,1.0,0.0,9.7
74.0,4.0,10.0,10.8116634164719,106.708795474055,1.0,18.827244701348747,20.47473566303819,81.3,0,0,1,1,1,0,18.78482813097723,3.234932349323493,0.0,0.0,96.74046740467406,8.0,4.053695822754193,0.0,0.0,0.0,0.0,1.0,12.9
28.0,2.0,4.200000000000001,10.7660286111774,106.642453381891,0.0,13.32081849341783,15.13100312673361,55.3,0,1,1,0,0,1,9.90181956943871,0.0,0.0,0.0,100.0,4.0,6.501556827624503,0.0,0.0,1.0,0.0,0.0,3.95
48.0,2.0,6.3,10.738778316904,106.711238114783,0.0,17.789285714285825,8.648767860862735,2969.0,1,1,0,1,0,1,22.174529617989272,93.47490737622095,0.0,0.0,5.8410239137756825,7.0,4.284475310988367,0.0,0.0,0.0,0.0,1.0,6.5
50.0,4.0,8.0,10.8456724742463,106.71813575081,2.0,15.48107692307722,17.78611714762465,,1,0,0,0,0,0,15.155664323925304,,,,,9.0,7.967533714471659,1.0,0.0,0.0,1.0,0.0,7.5
50.0,2.0,5.5,10.793466636067,106.691521609256,3.0,18.63592086332186,15.923197269929185,83.6,0,0,0,0,0,1,26.14981200653238,0.0,0.0,0.0,99.95215311004786,4.0,2.2060820928608593,0.0,0.0,0.0,1.0,0.0,9.5
55.0,4.0,8.0,10.8654417211459,106.614464290022,2.0,8.826587030733174,11.964993989558423,,1,0,0,0,0,0,21.19814232501748,,,,,9.0,13.727519644001998,0.0,0.0,0.0,0.0,1.0,6.28
36.0,2.0,4.0,10.7689266546858,106.678861587694,3.0,54.46617152529408,18.83383064658232,2067.2,0,1,1,1,1,1,21.321721723241613,33.23916408668731,0.0,0.0,66.7622871517028,4.0,2.553375886695369,0.0,0.0,0.0,1.0,0.0,7.0
160.0,5.0,6.0,10.8153704960895,106.707747331751,3.0,18.827244701348747,20.47473566303819,5160.8,1,0,0,0,0,0,13.930220361551154,75.39218725778949,0.0,3.268291737715083,21.339133467679428,52.0,4.4376009254255,0.0,0.0,0.0,0.0,1.0,22.49
95.0,3.0,20.0,10.7848226374656,106.790691498311,0.0,19.053737403258268,23.42179327737413,,0,0,0,0,0,0,20.25050569105691,,,,,8.0,9.835350259747973,0.0,0.0,0.0,1.0,0.0,8.3
155.0,1.0,3.0,10.6783182586725,106.753730843415,3.0,8.131668552257471,11.712567766934,8606.4,0,1,1,0,0,1,8.354727166160457,89.89531046662948,0.0,0.0,0.0,7.0,12.289811397425312,0.0,0.0,0.0,0.0,1.0,6.4
125.0,3.0,5.0,10.7916397259071,106.760126111364,3.0,19.053737403258268,12.780266996675284,,1,1,1,0,1,0,18.237438852350834,,,,,12.0,6.677912684808027,0.0,1.0,0.0,1.0,0.0,10.4
77.0,5.0,13.6,10.7607367703367,106.688528170045,0.0,53.75818181817839,59.25648860397285,11818.0,0,0,0,0,0,1,37.54099080615944,0.3276358097816889,99.37205957014724,0.0,0.3002200033846674,12.0,2.1832175069240063,0.0,0.0,0.0,1.0,0.0,31.0
50.0,4.0,15.0,10.879043,106.55251,0.0,9.79203162611253,14.844224781192123,34049.8,0,0,1,1,1,0,19.567814035091047,0.0,10.637712996845796,89.36234574065045,0.0,12.0,19.865558003385125,0.0,1.0,0.0,1.0,0.0,3.5
309.0,7.0,23.0,10.7990886142651,106.64118459195,0.0,19.38917355371901,16.235786892588425,1245.2,0,0,0,0,0,1,17.16889699849127,99.9967876646322,0.0,0.0,0.0,130.0,7.03010622961582,0.0,0.0,0.0,1.0,0.0,35.0
80.0,4.0,5.0,10.7666346565285,106.65902701718,0.0,24.737282299672927,15.61262632367065,290968.2,0,1,1,1,1,0,23.072180951086057,12.013381531040162,71.60756742489384,16.34051762357536,0.0385437308956786,7.0,4.712381106166296,0.0,0.0,0.0,0.0,1.0,14.2
62.0,5.0,12.0,10.8816566089825,106.637669464305,0.0,8.826587030733174,11.964993989558423,33762.1,0,0,0,0,0,0,17.937494731808936,0.2522651138406674,18.8968103287414,80.85089493840727,0.0,9.0,13.638833863120553,0.0,0.0,0.0,1.0,0.0,6.79
63.0,2.0,4.0,10.7985614387593,106.60587707016,3.0,10.737500000006847,10.067829993435623,572.2,1,1,1,0,0,0,20.25050569105691,36.40510311080042,63.591401607829425,0.0,0.0,7.0,10.699467233055726,0.0,0.0,0.0,0.0,1.0,6.38
101.0,5.0,7.0,10.7981774535958,106.686281729149,0.0,18.63592086332186,20.918551142754602,,0,0,0,0,0,0,20.25050569105691,,,,,8.0,2.9497667261695812,0.0,0.0,0.0,0.0,1.0,18.9
65.0,4.0,8.0,10.835413711381523,106.66425548493862,2.0,11.098013468022373,16.924787565129154,4310.8,1,1,0,1,1,0,10.107421869117639,2.378908787232068,0.0,97.62085923726454,0.0,11.0,7.735677381429339,0.0,1.0,0.0,1.0,0.0,8.5
104.0,1.0,16.0,10.7147784427939,106.733948549711,3.0,17.789285714285825,18.28632481919144,35905.4,0,0,0,0,0,0,18.06394396884742,19.31706651367204,15.51440730363678,0.0,65.16858188461903,3.0,7.695458028773966,0.0,0.0,0.0,1.0,0.0,13.6
100.0,7.0,5.0,10.7474829659476,106.685817137284,3.0,9.364834955468142,20.918551142754602,49.7,0,0,0,0,0,0,17.700526196299407,0.0,0.0,0.0,100.0,9.0,3.583589305684065,0.0,0.0,0.0,1.0,0.0,7.9
87.0,2.0,8.0,10.7226454528441,106.612365737681,0.0,10.737500000006847,13.181777405603473,2174.6,0,0,0,0,0,0,20.776405006591933,65.07817529660628,9.022348937735677,0.0,25.899475765658053,8.0,11.365063928929484,0.0,0.0,0.0,0.0,1.0,5.85
42.0,2.0,4.0,10.8455447623088,106.664210124239,2.0,11.098013468022373,9.674953215540254,1260.3,1,0,0,0,0,0,18.071304865753525,11.179084344997223,0.0,0.0,88.82091565500278,4.0,8.71973868406007,1.0,0.0,0.0,1.0,0.0,5.8
300.0,3.0,18.5,10.7621563606044,106.768137570542,3.0,15.48107692307722,32.180605395627865,,0,0,0,0,0,1,19.567814035091047,,,,,12.0,7.482997483363992,0.0,0.0,0.0,1.0,0.0,113.0
100.0,2.0,10.0,10.8304468412879,106.724305728464,0.0,15.48107692307722,14.40074884671146,,0,0,0,0,0,0,20.25050569105691,,,,,8.0,6.5633696991663255,0.0,0.0,0.0,1.0,0.0,11.68
15.0,2.0,4.0,10.8326375126606,106.661007279471,3.0,11.098013468022373,16.924787565129154,190.5,1,1,0,1,0,0,17.750769632832952,5.469816272965879,0.0,2.8241469816272966,91.69553805774278,4.0,7.67063657536508,0.0,0.0,1.0,0.0,0.0,2.98
27.0,3.0,3.0,10.8147979932786,106.672280291467,3.0,18.827244701348747,15.923197269929185,577.0,0,0,0,0,0,0,18.58425689749212,98.30329289428076,0.0,0.0,1.7001733102253034,6.0,5.34050772459205,0.0,0.0,0.0,0.0,1.0,5.9
76.0,2.0,8.8,10.7532418122255,106.629108806071,0.0,12.006306645336863,16.235786892588425,86.7,0,1,1,1,0,1,20.25050569105691,5.628604382929643,0.0,0.0,94.32525951557092,2.0,8.261317934492364,1.0,0.0,0.0,1.0,0.0,8.0
112.0,2.0,7.0,10.8267051339729,106.63557659426,0.0,19.38917355371901,16.924787565129154,866.8,0,1,1,0,0,0,20.25050569105691,58.10106137517306,41.89547761882787,0.0,0.0,3.0,9.110891729729587,0.0,0.0,0.0,1.0,0.0,8.3
96.0,4.0,6.0,10.7013431350211,106.741203782755,2.0,8.131668552257471,7.431275025157785,257.3,1,0,0,0,0,0,17.25767208576909,14.994170229304313,0.0,0.0,85.00582977069568,8.0,9.38667102783283,0.0,0.0,0.0,0.0,0.0,7.7
75.0,3.0,11.25,10.69898,106.6419,0.0,13.123347608580726,17.577819031868692,2857.1,0,0,0,0,1,1,17.67945501854178,37.63361450421757,4.150012250183752,0.0,0.0,6.0,10.7319346839922,0.0,0.0,1.0,0.0,0.0,10.5
315.0,3.0,17.0,10.7207435070207,106.731781526348,3.0,17.789285714285825,30.38692272100736,1034216.8,0,0,0,0,0,0,20.25050569105691,16.500876798752444,17.54197475809714,0.1461792150349907,65.81097212886118,8.0,6.99900730428108,0.0,0.0,0.0,0.0,1.0,165.0
89.0,8.0,19.4,10.7741477267626,106.677702177191,3.0,24.737282299672927,20.454141465138118,232.0,0,0,0,0,0,1,23.200342816816367,2.4827586206896552,0.0,0.0,97.64655172413794,13.0,2.564132805291576,0.0,0.0,0.0,1.0,0.0,45.0
21.0,3.0,2.0,10.7884087277981,106.629449655308,3.0,14.87073929990493,12.804496961724974,174.8,0,0,0,0,0,1,18.58320168788192,6.9336384439359255,0.0,0.0,93.07780320366132,4.0,7.947193389166752,1.0,0.0,0.0,1.0,0.0,6.3
37.0,2.0,3.0,10.8317933104223,106.670550290622,0.0,11.098013468022373,14.561953480312356,70991.2,0,1,1,1,0,0,10.107421869117639,5.3839208239894525,94.48747168663158,0.0,0.1286356618848533,4.0,7.044341666811281,0.0,0.0,0.0,1.0,0.0,3.94
66.0,5.0,6.0,10.8756702523102,106.685234737394,2.0,8.826587030733174,8.427513172672999,4938.5,1,0,0,0,0,0,17.507940897797152,16.894401133947557,8.361850764402146,0.0,74.74293813911106,9.0,11.217460815749783,0.0,0.0,0.0,0.0,1.0,8.3
52.0,2.0,5.0,10.8867504896105,106.724195451376,3.0,15.48107692307722,17.332544455579256,,0,1,1,1,1,0,17.208721774105186,,,,,4.0,12.57055294815558,0.0,0.0,0.0,1.0,0.0,4.5
81.0,4.0,8.0,10.6844849026911,106.749857700367,3.0,8.131668552257471,11.712567766934,,0,0,0,0,0,0,11.761918800261277,,,,,9.0,11.485911905784585,0.0,0.0,0.0,0.0,1.0,9.6
90.0,4.0,12.0,10.7447149385764,106.616378715717,0.0,10.737500000006847,18.09235831062452,5602.7,1,0,1,1,0,0,19.567814035091047,24.730576329269816,0.0,0.0,32.76884359326753,9.0,9.887132685566296,0.0,0.0,0.0,0.0,1.0,9.0
62.0,4.0,5.0,10.7931424386903,106.624386501998,0.0,14.87073929990493,9.35870800879073,161.3,1,1,1,0,0,0,20.25050569105691,84.5815251084935,0.0,0.0,15.41227526348419,8.0,8.593559152229128,0.0,0.0,0.0,1.0,0.0,7.9
700.0,1.0,30.0,10.788988862536,106.77874820523,3.0,15.48107692307722,23.328827418358713,,0,0,0,0,0,0,30.56532612762346,,,,,2.0,8.603738995298473,0.0,0.0,0.0,1.0,0.0,49.0
200.0,5.0,10.466666666666663,10.79483694749626,106.7751531941731,3.0,38.647438220481845,44.55718221916659,,0,0,0,0,0,1,20.586367962736855,,,,,12.0,8.355668761077363,0.0,1.0,0.0,1.0,0.0,58.0
161.0,2.0,6.0,10.8128089273414,106.668697030085,0.0,19.38917355371901,20.918551142754602,133.9,1,1,0,1,0,0,21.344748464934785,2.890216579536968,0.0,0.0,97.09484690067212,8.0,5.411003361044953,0.0,0.0,0.0,1.0,0.0,21.0
48.0,4.0,5.0,10.7232933555925,106.61987815742,2.0,9.364834955468142,9.674953215540254,399.5,1,0,0,0,0,0,16.67274773320998,98.61576971214018,0.0,0.0,1.3817271589486857,8.0,10.63379078492312,0.0,0.0,1.0,0.0,0.0,6.5
56.0,2.0,4.0,10.6928607738248,106.740881596835,0.0,8.131668552257471,7.431275025157785,3078.9,0,1,0,0,0,0,8.354727166160457,90.07047971678196,0.0,0.0,9.929195491896458,5.0,10.215300567373578,0.0,0.0,0.0,1.0,0.0,2.75
58.0,4.0,6.0,10.7931886149261,106.648179491743,3.0,19.38917355371901,20.454141465138118,53.8,0,0,1,0,0,0,20.25050569105691,27.881040892193308,0.0,0.0,72.0446096654275,8.0,6.088338437513373,0.0,0.0,0.0,0.0,1.0,10.3
283.0,1.0,8.1,10.7980039792129,106.710740227886,3.0,18.827244701348747,15.923197269929185,6884.3,1,0,1,0,0,1,20.263535304628697,9.150240402074283,90.85048588818036,0.0,0.0,21.0,2.663701737232907,0.0,0.0,1.0,0.0,0.0,40.0
16.0,4.0,4.133333333333334,10.7628913850143,106.686336992179,0.0,53.75818181817839,59.25648860397285,23100.9,0,0,0,0,0,1,72.86150756189254,0.0879619408767623,99.91186490569632,0.0,0.0,4.0,2.17377530588923,0.0,0.0,1.0,0.0,0.0,3.5
120.0,1.0,30.0,10.8404877146424,106.7413615555,3.0,15.48107692307722,18.370149256274082,,0,0,0,0,0,0,18.441394421707372,,,,,2.0,8.411700492882018,0.0,1.0,0.0,1.0,0.0,16.8
65.0,3.0,4.0,10.6919218250543,106.736195146778,3.0,8.131668552257471,7.431275025157785,2106.8,1,1,0,0,0,0,8.354727166160457,0.0,99.99952534649704,0.0,0.0,10.0,10.104727591020325,0.0,0.0,0.0,0.0,1.0,6.49
200.0,3.0,16.0,10.8206307463987,106.777056929254,0.0,19.053737403258268,20.177656837434043,,0,0,0,0,0,0,19.567814035091047,,,,,9.0,9.66746688758672,0.0,0.0,0.0,0.0,1.0,20.0
108.0,5.0,6.7,10.7911852946015,106.699774117127,0.0,53.75818181817839,48.487230363696476,91.3,1,1,1,1,1,1,19.567814035091047,0.0,0.0,99.97809419496168,0.0,34.0,1.6947274088127011,0.0,1.0,0.0,1.0,0.0,68.0
56.0,4.0,8.514285714285714,10.8798216796273,106.665310936732,0.0,8.826587030733174,9.397256429506324,803.9,1,1,1,0,0,1,17.09291764913859,14.769249906704816,85.23696977235974,0.0,0.0,10.0,12.188198971762272,0.0,0.0,0.0,0.0,1.0,6.25
108.0,4.0,10.0,10.7913270032492,106.645130229191,3.0,19.38917355371901,16.924787565129154,169.1,0,0,0,0,0,0,21.404741776747944,0.0,0.0,0.0,99.98817267888823,12.0,6.346755875722974,0.0,0.0,0.0,0.0,1.0,16.0
66.0,3.0,12.0,10.8181792383854,106.722229537805,0.0,18.827244701348747,18.717620186781165,4530.1,0,0,0,0,1,1,20.25050569105691,92.31915410255844,0.0,0.0,7.68040440608375,4.0,5.227199987909629,0.0,0.0,0.0,0.0,1.0,5.86
130.0,2.0,10.0,10.7979476884217,106.704641396004,3.0,18.827244701348747,15.923197269929185,11203.2,0,0,0,0,0,1,19.911470140858842,85.561000428449,12.784740074264494,1.6542594972864897,0.0,11.0,2.47093844270102,0.0,0.0,1.0,0.0,0.0,15.5
70.0,2.0,3.0,10.8440735766407,106.762034833894,0.0,15.48107692307722,15.706358342303552,,0,0,0,0,0,0,20.25050569105691,,,,,9.0,10.079226047310833,0.0,0.0,0.0,1.0,0.0,6.5
88.0,2.0,8.0,10.8110053147172,106.701974807475,2.0,18.827244701348747,20.454141465138118,,1,0,0,0,0,0,17.16203807849431,,,,,6.0,3.893586073537366,0.0,0.0,0.0,0.0,0.0,12.0
50.0,5.0,7.2,10.8515784263872,106.658899413743,0.0,11.098013468022373,9.674953215540254,106.4,0,0,0,0,0,1,11.178588935354508,33.16729323308271,0.0,0.0,66.82330827067669,8.0,9.58491218726355,0.0,0.0,0.0,0.0,1.0,8.5
90.0,3.0,8.0,10.8666188307488,106.641949018344,3.0,8.826587030733174,14.549898133423875,705.9,1,1,1,1,1,0,20.25050569105691,36.06601501629126,0.0,0.0,63.9283184587052,9.0,11.969492370228258,0.0,0.0,1.0,0.0,0.0,7.5
24.0,2.0,3.0,10.8111975950183,106.693422085156,1.0,18.827244701348747,16.924787565129154,94.7,0,0,1,1,0,0,20.25050569105691,0.0,0.0,0.0,100.0,5.0,4.002636872158129,0.0,0.0,0.0,1.0,0.0,4.5
55.0,5.0,5.0,10.7926161491986,106.623535219606,2.0,14.87073929990493,9.35870800879073,84.0,1,1,0,0,0,0,19.375154550884368,20.035714285714285,0.0,0.0,79.90476190476191,8.0,8.671603884004654,0.0,0.0,0.0,0.0,1.0,7.6
45.0,2.0,8.0,10.7970120667957,106.618195735452,2.0,14.87073929990493,9.35870800879073,98.0,0,1,1,0,0,0,20.25050569105691,0.0,0.0,0.0,99.95918367346938,8.0,9.35220874952075,0.0,0.0,0.0,1.0,0.0,5.69
300.0,7.0,26.0,10.8253066901308,106.684414270015,0.0,11.098013468022373,15.288713651298618,82.1,0,1,1,0,0,1,20.25050569105691,7.563946406820951,0.0,0.0,92.43605359317904,40.0,5.77762943026123,0.0,0.0,0.0,1.0,0.0,37.5
84.0,5.0,4.0,10.83554285270771,106.84372023571056,0.0,19.053737403258268,25.613782122221185,,0,0,1,1,1,1,22.156780321650697,,,,,11.0,16.92609391662178,0.0,0.0,0.0,1.0,0.0,14.5
258.0,1.0,6.0,10.8403759391264,106.741061742503,0.0,15.48107692307722,16.151929588086617,,0,0,0,0,0,0,18.441394421707372,,,,,5.0,8.384013983241905,0.0,0.0,0.0,1.0,0.0,13.0
60.0,5.0,8.0,10.7766526013749,106.781908763594,0.0,38.647438220481845,16.791900388268562,,1,1,0,1,0,1,19.567814035091047,,,,,11.0,8.827359375640121,0.0,0.0,0.0,1.0,0.0,8.7
99.0,3.0,8.0,10.8785963338377,106.67810676143,0.0,8.826587030733174,13.645852307543556,121.5,0,0,0,0,0,0,17.507940897797152,52.22222222222223,0.0,0.0,47.80246913580247,7.0,11.681311800353134,0.0,0.0,0.0,0.0,1.0,6.25
150.0,3.0,6.0,10.7268522623291,106.733636448033,3.0,17.789285714285825,8.648767860862735,3129.8,1,1,0,0,0,0,8.354727166160457,4.752060834558118,0.0,0.0,95.24857818390952,8.0,6.5191719709521445,0.0,0.0,1.0,0.0,0.0,14.9
250.0,3.0,12.0,10.704439,106.71278,0.0,8.131668552257471,13.173106254134565,43635.6,0,0,0,0,0,0,19.32281039637293,0.0522738314587171,5.2599482990952335,0.0,1.368034357267919,10.0,8.058879700330607,0.0,1.0,0.0,1.0,0.0,33.0
50.0,3.0,6.0,10.8032610303009,106.630035844338,2.0,14.87073929990493,14.237298722437757,309.5,1,0,0,0,0,0,18.057974719109087,14.18416801292407,0.0,0.0,85.79967689822294,8.0,8.333164573295445,0.0,1.0,0.0,1.0,0.0,6.2
47.0,4.0,15.0,10.7444508426577,106.732984648917,3.0,17.789285714285825,14.672222873812292,2088.7,1,1,1,0,0,0,17.400949483778184,37.69761095418203,0.0,0.0,62.301431512424,9.0,4.943541595200193,0.0,0.0,0.0,0.0,1.0,11.0
43.0,2.0,5.0,10.7916461403185,106.670102308871,3.0,18.63592086332186,15.61262632367065,1701.6,1,0,0,0,0,0,13.842079023496492,59.40291490362012,0.0,0.0,40.5964974141984,4.0,3.806735178920992,1.0,0.0,0.0,1.0,0.0,8.5
72.0,6.0,7.0,10.7724745712543,106.669311421822,3.0,24.737282299672927,20.454141465138118,1141.0,0,1,0,0,0,0,26.807768326301748,94.78264680105173,0.0,0.0,5.194566170026293,20.0,3.494473749965345,0.0,0.0,1.0,0.0,0.0,18.6
17.0,1.0,5.0,10.7645904575846,106.6951263156,3.0,53.75818181817839,22.30565215020024,622.6,0,1,0,0,0,0,19.69171696496433,95.74204946996468,0.0,0.0,4.256344362351429,4.0,1.4266634316020137,0.0,0.0,0.0,1.0,0.0,3.98
957.0,2.0,12.0,10.7398149767313,106.617115400511,3.0,10.737500000006847,13.181777405603473,13183.6,0,0,0,0,0,0,20.089660861147053,4.478594617555145,95.52132953062896,0.0,0.0,37.0,10.018048804677305,0.0,0.0,0.0,0.0,1.0,28.0
118.0,1.0,5.0,10.779631576563,106.759292017668,2.0,38.647438220481845,32.180605395627865,,1,0,0,0,0,0,19.567814035091047,,,,,3.0,6.369326659498842,0.0,0.0,1.0,0.0,0.0,10.9
64.0,2.0,8.0,10.7416508466396,106.620710532002,0.0,10.737500000006847,13.181777405603473,694.5,1,1,0,0,1,0,20.25050569105691,76.28509719222461,0.0,0.0,23.71346292296616,5.0,9.57641322484161,0.0,0.0,0.0,1.0,0.0,6.3
111.0,4.0,10.1,10.7883923385894,106.658873968723,0.0,19.38917355371901,15.288713651298618,70.0,0,0,0,0,0,1,20.25050569105691,23.142857142857142,0.0,0.0,76.84285714285714,6.0,4.813861952929875,0.0,0.0,1.0,0.0,0.0,32.0
666.0,4.0,24.5,10.7556777007752,106.605715873366,3.0,10.737500000006847,19.36213730687916,456.5,0,0,0,0,0,1,21.171574122196656,7.596933187294633,0.0,0.0,92.39649507119388,5.0,10.661772794134176,0.0,1.0,0.0,1.0,0.0,83.0
71.0,3.0,5.7,10.7986301783234,106.612604229587,2.0,10.737500000006847,10.067829993435623,1373.2,1,1,1,0,0,1,20.25050569105691,57.57937663850859,0.0,0.0,42.424264491698224,8.0,9.98855202074182,0.0,1.0,0.0,0.0,1.0,7.89
50.0,3.0,4.1,10.7932980450909,106.687098902595,3.0,53.75818181817839,34.07029975082686,3031.6,0,0,0,0,0,1,19.211286203635318,76.19210977701545,14.090579232088668,0.0,9.717970708536749,10.0,2.4573561272682687,0.0,0.0,0.0,0.0,1.0,7.95
100.0,4.0,20.0,10.809048243656,106.820796282228,0.0,19.053737403258268,18.03421329876938,,0,0,0,0,0,0,30.56532612762346,,,,,8.0,13.580820743578826,0.0,0.0,0.0,1.0,0.0,7.9
42.0,3.0,3.8,10.7938566106549,106.663006940331,0.0,19.38917355371901,15.13100312673361,2587.9,1,0,0,0,0,1,18.099052454874375,1.0564550407666446,0.0,0.0,98.94431778662236,8.0,4.610407887159873,0.0,0.0,0.0,0.0,1.0,7.58
200.0,6.0,17.633333333333333,10.8029746144983,106.716101033604,0.0,18.827244701348747,23.596282954466844,84.7,0,0,0,0,0,1,21.692084895986877,0.0,0.0,0.0,100.0,12.0,3.4178194810174984,0.0,0.0,0.0,1.0,0.0,52.0
50.0,2.0,6.0,10.88292215091,106.770521553288,3.0,15.48107692307722,14.196219758981544,,0,0,0,1,0,1,20.25050569105691,,,,,8.0,14.100975642020424,0.0,1.0,0.0,1.0,0.0,3.65
66.0,3.0,12.0,10.7818799954481,106.760318633169,3.0,38.647438220481845,32.180605395627865,,1,0,0,0,0,0,19.567814035091047,,,,,4.0,6.501588732444879,0.0,0.0,1.0,0.0,0.0,7.4
31.0,3.0,4.0,10.7888880044592,106.669446203082,2.0,18.63592086332186,16.235786892588425,2217.2,1,0,0,0,0,0,21.04502912786141,64.34602200974201,18.86298033555836,0.0,16.78919357748512,5.0,3.742821507278231,0.0,0.0,0.0,0.0,1.0,6.55
37.0,3.0,3.6,10.777081321552,106.664119276044,3.0,24.737282299672927,20.918551142754602,25522.0,0,0,0,0,0,1,23.47480801259286,10.756014418932686,0.0,89.24202648695243,0.0,9.0,4.041337029871847,0.0,0.0,0.0,1.0,0.0,7.8
51.0,2.0,4.0,10.8055444561688,106.604974982788,0.0,10.737500000006847,10.067829993435623,1812.7,0,1,0,0,0,0,20.480480660290983,3.242676670160534,0.0,0.0,96.75952998289844,4.0,11.001560989553,0.0,0.0,0.0,0.0,1.0,4.75
85.0,5.0,13.0,10.8455916369224,106.717976140987,0.0,15.48107692307722,17.78611714762465,,0,0,0,0,0,0,23.367189811728526,,,,,11.0,7.954736372824065,0.0,0.0,0.0,0.0,0.0,17.3
60.0,3.0,6.0,10.8297220907127,106.670996506685,0.0,11.098013468022373,14.561953480312356,67.9,0,0,0,0,0,0,10.107421869117639,81.39911634756996,0.0,0.0,18.615611192930785,5.0,6.818749633046571,0.0,0.0,0.0,1.0,0.0,7.6
60.0,3.0,3.0,10.845435535577488,106.63275863975286,0.0,8.826587030733174,15.500554052311237,5602.7,0,0,0,0,0,0,16.846557206889077,59.05438449319078,4.757706105984615,0.0,36.18790940082461,8.0,10.739105503703891,0.0,0.0,0.0,0.0,1.0,6.1
60.0,2.0,8.0,10.7914284771677,106.685498488925,0.0,54.46617152529408,106.67729565230768,46.7,1,0,0,0,0,0,20.45706272875709,67.83725910064238,0.0,32.269807280513916,0.0,5.0,2.418135727337336,0.0,0.0,0.0,1.0,0.0,13.3
97.0,5.0,20.0,10.7985745887986,106.619459893808,0.0,14.87073929990493,9.35870800879073,213.2,0,0,0,0,0,0,19.29975834306553,14.577861163227016,0.0,0.0,85.43621013133209,37.0,9.26410529635512,0.0,0.0,0.0,0.0,1.0,19.5
95.0,2.0,6.0,10.8453635361162,106.758601005005,3.0,15.48107692307722,15.706358342303552,,1,1,0,0,0,1,14.230094570897254,,,,,5.0,9.946413194094852,0.0,0.0,1.0,0.0,0.0,9.9
42.0,4.0,8.0,10.7519161925297,106.645630156605,2.0,12.006306645336863,20.339947871608835,244.5,1,0,1,0,0,0,20.25050569105691,43.16155419222904,56.85480572597137,0.0,0.0,11.0,6.62483765276761,0.0,0.0,0.0,0.0,1.0,7.88
113.0,2.0,6.0,10.8061972940294,106.69072097647,2.0,18.827244701348747,15.288713651298618,76.9,1,0,0,1,0,0,24.873898992866078,6.762028608582575,0.1820546163849155,0.0,92.99089726918076,8.0,3.544004849302032,1.0,0.0,0.0,1.0,0.0,20.0
109.0,3.0,10.8,10.7720796003482,106.669579835782,3.0,24.737282299672927,20.454141465138118,1535.0,1,1,1,1,0,1,26.807768326301748,99.357003257329,0.0,0.0,0.6332247557003258,15.0,3.4705850644157477,0.0,0.0,0.0,1.0,0.0,27.0
100.0,3.0,17.333333333333336,10.8089864959765,106.821456157455,0.0,19.053737403258268,18.03421329876938,,0,0,0,0,0,1,19.567814035091047,,,,,9.0,13.648377268945014,0.0,0.0,0.0,0.0,1.0,8.5
67.0,3.0,5.0,10.8162326211817,106.6951568315,2.0,18.827244701348747,16.924787565129154,837.9,1,0,0,0,0,0,14.324407498016885,84.9874686716792,0.0,0.0,15.01372478816088,8.0,4.5205158556097045,0.0,0.0,0.0,0.0,1.0,6.18
120.0,4.0,16.0,10.7727427956221,106.676620988948,3.0,24.737282299672927,20.454141465138118,63.0,1,0,0,0,0,1,32.67330086593139,0.0,0.0,0.0,99.76190476190476,11.0,2.6983739169503,0.0,0.0,0.0,1.0,0.0,39.0
59.0,5.0,4.0,10.8158082419029,106.69384299115,3.0,18.827244701348747,16.924787565129154,167.1,0,0,0,0,0,0,19.567814035091047,0.0,0.0,0.0,99.97606223818072,14.0,4.49688636795926,0.0,0.0,0.0,0.0,1.0,8.5
140.0,1.0,6.0,10.8503436037868,106.765893354257,0.0,15.48107692307722,23.47132346757169,,1,1,0,0,0,0,20.25050569105691,,,,,4.0,10.881995136313062,0.0,0.0,1.0,0.0,0.0,9.2
52.0,4.0,11.400000000000002,10.7931536530769,106.676831615197,0.0,18.63592086332186,16.924787565129154,638.9,1,0,0,0,0,1,20.107903413527687,12.252308655501643,0.0,0.0,87.74299577398654,9.0,3.2657656623118174,1.0,0.0,0.0,1.0,0.0,11.7
86.0,2.0,5.0,10.8180829577048,106.692794426958,3.0,18.827244701348747,16.924787565129154,92.4,1,0,0,0,0,1,28.579744739094878,19.87012987012987,0.0,0.0,80.15151515151516,6.0,4.766537660145045,0.0,0.0,0.0,1.0,0.0,9.9
277.0,4.0,17.6,10.7918935062259,106.691267291493,3.0,53.75818181817839,34.07029975082686,1075.4,1,1,0,0,0,1,25.9063569677296,77.80546773293658,0.0,0.0,22.194532267063416,29.0,2.068049212510131,0.0,0.0,0.0,1.0,0.0,100.0
128.0,4.0,18.6,10.7893558596981,106.778951627364,3.0,15.48107692307722,23.328827418358713,,0,0,0,0,0,1,30.56532612762346,,,,,8.0,8.632566287426338,0.0,0.0,0.0,1.0,0.0,32.0
390.0,4.0,9.0,10.7856924367509,106.764719537261,0.0,38.647438220481845,23.346267146280812,,0,1,1,0,1,0,20.25050569105691,,,,,43.0,7.032385599929486,0.0,0.0,0.0,0.0,1.0,42.0
58.0,4.0,6.0,10.75192251939,106.701743491798,0.0,17.789285714285825,17.287883938053668,83205.49,1,0,0,0,0,0,13.55522012715968,0.0,0.0,100.0,0.0,9.0,2.678216338521052,0.0,0.0,0.0,0.0,1.0,13.45
118.0,3.0,20.0,10.7439711237818,106.68401859329,0.0,9.364834955468142,15.13100312673361,783.3,1,1,1,1,1,0,16.644438696094667,93.19417847567982,0.0,0.0,6.8007149240393225,5.0,4.020666976855699,0.0,0.0,1.0,0.0,0.0,20.0
45.0,4.0,12.0,10.7317059434891,106.745071403414,0.0,17.789285714285825,8.648767860862735,9782.4,1,1,1,0,0,0,19.567814035091047,12.071270853778216,31.6465284592738,56.282200686947995,0.0,8.0,6.879841123960088,0.0,0.0,0.0,0.0,1.0,5.5
114.0,4.0,6.0,10.678188370211,106.753510809564,3.0,8.131668552257471,11.712567766934,3212.3,1,0,0,0,0,0,8.354727166160457,82.04775394577094,0.7654951281013603,0.0,17.185505712417893,9.0,12.291361391128088,0.0,0.0,0.0,0.0,1.0,8.5
144.0,3.0,12.0,10.796023512995935,106.79177512244075,0.0,19.053737403258268,23.42179327737413,,0,0,0,0,0,0,22.138800464465486,,,,,8.0,10.15165783214726,0.0,0.0,0.0,0.0,1.0,15.9
136.0,3.0,13.7,10.7815621711029,106.674395039335,0.0,24.737282299672927,16.235786892588425,110.0,0,0,0,0,0,1,14.535280883434632,41.872727272727275,0.0,0.0,58.41818181818182,7.0,2.9819106022508364,0.0,0.0,0.0,1.0,0.0,18.0
36.0,2.0,8.0,10.8157467339778,106.695489289043,3.0,18.827244701348747,16.924787565129154,87.7,0,1,1,1,0,0,14.324407498016885,25.746864310148233,0.0,0.0,74.28734321550742,6.0,4.461922039596029,0.0,0.0,0.0,0.0,1.0,6.39
161.0,1.0,6.0,10.8307236223064,106.613010643657,0.0,8.826587030733174,15.500554052311237,713.9,0,0,0,0,0,0,17.676519361145083,25.460148480179296,0.0,0.0,74.54265303263762,2.0,11.384201160810871,0.0,0.0,1.0,0.0,0.0,11.5
64.0,3.0,6.0,10.7994001239626,106.693785840598,0.0,18.827244701348747,15.13100312673361,35.9,0,1,1,1,1,0,18.133914647361333,0.0,0.0,0.0,100.0,6.0,2.721865979518394,0.0,0.0,0.0,0.0,1.0,7.65
126.0,3.0,8.0,10.7248125,106.66439,0.0,13.123347608580726,20.341033665775136,9534.8,0,0,0,0,0,1,22.10413068261712,83.6531442715107,0.0,0.0,16.346645970549986,10.0,6.962698481148092,0.0,0.0,1.0,0.0,0.0,19.0
53.0,3.0,5.0,10.7829181733985,106.608726576553,2.0,10.737500000006847,11.523850027712317,7116.1,1,0,0,0,0,0,20.25050569105691,23.991090625483057,32.05028035019182,43.44275656609659,0.5165750902882196,6.0,10.119491110084224,0.0,0.0,0.0,0.0,1.0,5.55
34.0,5.0,7.0,10.7750286607129,106.671873607181,2.0,24.737282299672927,20.454141465138118,3008.0,0,0,0,0,0,0,14.535280883434632,68.96043882978724,28.473404255319153,0.0,2.551196808510638,8.0,3.1943497064727375,0.0,0.0,0.0,0.0,0.0,12.0
52.0,2.0,4.0,10.8596648559628,106.705484149147,0.0,8.826587030733174,13.645852307543556,4434.9,1,1,1,0,0,0,17.849840279852607,42.71528106608943,0.0,0.0,57.28494441813796,5.0,9.31542212751196,0.0,0.0,0.0,0.0,1.0,4.38
44.0,4.0,8.0,10.7751423367778,106.65250422433,3.0,19.38917355371901,24.56391683041859,1123.3,0,0,0,0,0,0,20.25050569105691,97.71654945250602,2.280779845099261,0.0,0.0,8.0,5.3091788590131355,0.0,0.0,0.0,0.0,1.0,8.68
49.0,2.0,5.0,10.8379965797248,106.636668253295,2.0,11.098013468022373,15.61262632367065,1849.6,1,1,1,1,0,1,10.818659325601992,97.26589532871974,0.0,0.0,2.734645328719723,4.0,9.851314514402072,0.0,0.0,0.0,1.0,0.0,5.9
126.0,3.0,7.0,10.712943465339396,106.66070256382228,0.0,13.123347608580726,20.341033665775136,,0,0,0,0,0,1,22.10413068261712,,,,,11.0,8.284849840810345,0.0,1.0,0.0,1.0,0.0,20.0
77.0,2.0,8.1,10.7975781629897,106.705187672054,0.0,18.827244701348747,15.081788755498186,3425.9,0,0,0,0,0,1,19.911470140858842,64.69774365860066,33.41837181470563,0.0,1.883300738492075,10.0,2.4405726415612303,0.0,0.0,0.0,0.0,0.0,12.5
94.0,5.0,8.0,10.7745988509829,106.664562901058,0.0,24.737282299672927,15.61262632367065,424.0,0,0,0,0,0,0,19.759740783443462,27.11556603773585,0.0,0.0,72.91509433962264,14.0,3.994145396147665,0.0,0.0,0.0,1.0,0.0,25.0
76.0,2.0,5.0,10.829799395211,106.637876993071,2.0,19.38917355371901,15.923197269929185,738.8,1,1,1,0,0,1,16.195980401453983,28.044125609095833,0.0,0.0,71.96264212236059,6.0,9.136341018774086,0.0,0.0,0.0,1.0,0.0,6.4
135.0,5.0,8.0,10.834827770338,106.687731601526,0.0,15.48107692307722,14.40074884671146,5971.0,0,1,0,0,1,1,20.25050569105691,4.662703064813265,0.0,0.0,95.33763188745604,34.0,6.702333066626985,0.0,0.0,0.0,1.0,0.0,19.0
92.0,3.0,8.0,10.7580610049039,106.680323647459,2.0,29.82381843840417,20.918551142754602,2757.8,1,0,0,0,1,0,72.86150756189254,83.4969903546305,0.0,0.0,16.503372253245338,11.0,3.021556031837382,0.0,0.0,0.0,1.0,0.0,20.5
153.0,5.0,18.0,10.7757984596173,106.697022772446,3.0,53.75818181817839,80.81249751703449,7214.3,0,1,0,0,0,1,20.25050569105691,98.8363389379427,0.0,1.1637996756442064,0.0,14.0,0.4459358013545235,0.0,0.0,0.0,1.0,0.0,75.0
45.0,4.0,2.0,10.8143456781934,106.623928422241,3.0,14.87073929990493,13.051852005459661,719.9,0,0,1,1,0,0,17.16889699849127,2.999027642728157,0.0,0.0,97.00236143908876,5.0,9.44628320517028,0.0,0.0,0.0,0.0,1.0,5.25
83.0,3.0,9.5,10.807087066818,106.799857799221,3.0,19.053737403258268,23.42179327737413,,0,1,1,1,0,1,19.587917242844295,,,,,9.0,11.327477675740536,0.0,0.0,1.0,0.0,0.0,10.99
34.0,3.0,4.0,10.7935415085438,106.689504201488,3.0,53.75818181817839,34.07029975082686,643.4,0,0,0,0,0,1,20.25050569105691,61.81535592166616,0.0,0.0,38.18775256450109,5.0,2.3256997625870346,0.0,0.0,0.0,1.0,0.0,6.45
40.0,4.0,20.0,10.7890995565951,106.698913564303,3.0,53.75818181817839,48.487230363696476,4469.5,0,0,0,0,0,1,21.249348064673793,85.4773464593355,0.0,14.523324756684191,0.0,5.0,1.4760537765965922,1.0,0.0,0.0,1.0,0.0,18.9
96.0,4.0,6.0,10.8173065702487,106.58804559692,3.0,10.737500000006847,13.71334205498395,1110.2,0,0,0,0,1,0,20.25050569105691,12.783282291479011,0.0,0.0,87.21401549270401,9.0,13.175088453011943,0.0,0.0,0.0,0.0,1.0,8.1
42.0,2.0,7.0,10.7810666651558,106.649754873201,3.0,19.38917355371901,14.561953480312356,91.9,1,0,0,0,0,0,9.90181956943871,27.943416757344934,0.0,0.0,72.06746463547334,5.0,5.636815659383083,0.0,0.0,0.0,0.0,1.0,4.95
64.0,4.0,6.0,10.7644623311687,106.619173942995,2.0,10.737500000006847,8.135783941420566,52.9,1,1,0,0,0,0,16.67966297460757,19.319470699432895,0.0,0.0,80.62381852551985,9.0,9.040778545666855,0.0,0.0,1.0,0.0,0.0,5.87
72.0,4.0,12.0,10.8295898289272,106.702775859031,2.0,18.827244701348747,16.235786892588425,1905.3,1,1,1,0,0,0,19.23866524947719,84.7178921954548,0.4099092006508161,0.0,14.871148900435626,9.0,5.961727793638822,0.0,0.0,0.0,0.0,1.0,12.4
64.0,2.0,14.975,10.7893611434761,106.675138512536,3.0,54.46617152529408,20.454141465138118,1217.9,1,0,0,0,0,1,24.641850909075103,82.83602923064291,0.0,0.0,17.163970769357086,7.0,3.2014265767363477,0.0,0.0,0.0,1.0,0.0,7.3
17.0,3.0,8.5,10.7404229743635,106.735462426922,0.0,17.789285714285825,8.648767860862735,9940.3,0,0,0,0,0,1,13.834634373598146,40.937195054475225,2.137058237678944,0.0,56.92554550667485,4.0,5.453494393298641,0.0,0.0,0.0,1.0,0.0,2.35
88.0,3.0,6.0,10.810849678258,106.701558657145,2.0,18.827244701348747,20.454141465138118,78.2,1,0,0,0,0,0,17.16203807849431,76.52173913043478,0.0,0.0,23.542199488491047,7.0,3.8754312424992743,0.0,0.0,0.0,1.0,0.0,11.5
41.0,5.0,30.0,10.7664764909687,106.697367133276,3.0,53.75818181817839,22.30565215020024,1102.3,0,0,0,0,0,0,20.25050569105691,1.022407693005534,98.9812210831897,0.0,0.0,8.0,1.1347595210587471,0.0,0.0,0.0,1.0,0.0,33.0
76.0,3.0,7.65,10.7969212594837,106.653110970858,3.0,19.38917355371901,20.454141465138118,437.5,1,0,0,0,0,1,21.374905914231878,3.293714285714286,0.0,0.0,96.71314285714286,7.0,5.7348837975389495,0.0,0.0,0.0,1.0,0.0,22.0
115.0,4.0,12.0,10.8330392137065,106.727318143472,0.0,15.48107692307722,14.40074884671146,,0,1,0,0,0,0,20.25050569105691,,,,,9.0,6.958979188780945,0.0,0.0,0.0,1.0,0.0,17.5
70.0,3.0,6.0,10.7033247905795,106.703751905369,3.0,8.131668552257471,13.173106254134565,4800.1,1,0,0,0,0,0,8.502652923904137,18.2681610799775,0.0,1.6522572446407364,0.0,11.0,8.086306120226483,0.0,0.0,1.0,0.0,0.0,5.5
63.0,4.0,8.0,10.7650971211566,106.616524736616,0.0,10.737500000006847,8.135783941420566,1005.1,1,0,0,0,0,0,18.529132150179485,95.48104666202369,0.0,4.515968560342254,0.0,8.0,9.31787352435842,0.0,0.0,0.0,0.0,1.0,7.5
71.0,2.0,8.0,10.8069885714219,106.695058027475,0.0,18.827244701348747,15.288713651298618,1088.6,1,0,0,0,0,1,13.941385937429175,88.45857064119052,0.0,0.0,11.542347969869558,6.0,3.5084020793531363,0.0,0.0,0.0,1.0,0.0,8.95
73.0,5.0,6.0,10.7971476343038,106.705688125891,0.0,18.827244701348747,15.081788755498186,66.5,1,0,0,0,0,0,19.911470140858842,20.887218045112785,0.0,0.0,79.15789473684211,9.0,2.4043213268350994,0.0,0.0,0.0,1.0,0.0,22.5
23.0,3.0,3.0,10.7923468924968,106.681475453954,2.0,18.63592086332186,15.081788755498186,74.9,1,0,0,0,0,0,43.77795732213526,7.757009345794391,0.0,0.0,92.25634178905206,4.0,2.8105284723352657,0.0,0.0,1.0,0.0,0.0,4.65
76.0,1.0,10.0,10.8441295200651,106.681914685538,3.0,11.098013468022373,20.339947871608835,753.4,0,1,0,0,0,0,20.25050569105691,8.770905229625697,0.0,91.22776745420758,0.0,8.0,7.860120851871572,0.0,0.0,0.0,1.0,0.0,9.2
66.0,4.0,8.0,10.7584550488217,106.646369912688,3.0,13.32081849341783,18.83383064658232,39.2,0,0,0,0,0,0,20.25050569105691,0.0,0.0,0.0,99.94897959183672,8.0,6.288822123219321,0.0,0.0,0.0,1.0,0.0,15.9
78.0,4.0,6.0,10.787987865593,106.656738923808,0.0,19.38917355371901,15.288713651298618,43.5,0,0,0,0,0,0,20.25050569105691,0.6896551724137931,0.0,0.0,99.24137931034484,11.0,5.025647651737895,0.0,0.0,0.0,0.0,1.0,9.76
15.0,2.0,3.5,10.784935272794,106.648229162358,3.0,19.38917355371901,14.561953480312356,38.6,0,0,0,0,0,1,20.25050569105691,31.76165803108808,0.0,0.0,68.23834196891193,4.0,5.8600530958415105,0.0,0.0,0.0,1.0,0.0,2.8
90.0,4.0,18.0,10.7514457311869,106.701587023633,0.0,17.789285714285825,17.287883938053668,119958.53,0,0,0,0,0,0,13.55522012715968,0.0,0.0,0.0,100.0,10.0,2.730828404388631,0.0,0.0,1.0,0.0,0.0,12.8
62.0,3.0,6.0,10.7932342900834,106.641324290648,3.0,19.38917355371901,15.61262632367065,116.0,0,1,0,0,0,0,22.259407193155763,0.0,0.0,0.0,99.99137931034484,6.0,6.804775195081319,0.0,0.0,0.0,0.0,1.0,9.5
69.0,3.0,5.0,10.8746101907828,106.627181078236,2.0,8.826587030733174,9.23912502081522,,1,1,1,0,0,0,20.25050569105691,,,,,8.0,13.616378367369606,0.0,0.0,1.0,0.0,0.0,5.7
56.0,4.0,6.0,10.7825634204382,106.609325318818,2.0,10.737500000006847,11.523850027712317,2837.9,1,0,0,0,0,0,20.25050569105691,16.59607456217626,13.265090383734451,62.52440184643575,7.615842700588463,8.0,10.051344005337691,0.0,0.0,0.0,0.0,1.0,6.99
58.0,4.0,4.0,10.7952987456192,106.677324251504,0.0,18.63592086332186,15.923197269929185,265.1,0,0,0,0,0,1,18.88858355251217,21.116559788758956,78.89098453413806,0.0,0.0,9.0,3.368915779240673,0.0,0.0,0.0,1.0,0.0,9.8
18.0,2.0,2.0,10.7553165213841,106.629546680048,2.0,12.006306645336863,16.235786892588425,71.1,0,1,1,1,0,0,20.25050569105691,11.617440225035162,0.0,0.0,88.34036568213784,2.0,8.147670341566206,0.0,0.0,0.0,1.0,0.0,2.35
80.0,2.0,6.0,10.8945642556987,106.628034016116,0.0,9.79203162611253,17.311826932268982,,1,0,0,0,0,1,20.25050569105691,,,,,6.0,15.41061300642752,0.0,0.0,1.0,0.0,0.0,4.85
66.0,4.0,30.0,10.8460896314653,106.723814286143,2.0,15.48107692307722,17.78611714762465,,1,1,1,0,0,1,18.903841583700096,,,,,8.0,8.178946602551788,0.0,0.0,0.0,0.0,1.0,10.2
60.0,4.0,5.0,10.7969780779566,106.712959285184,2.0,18.827244701348747,18.54716240721297,2946.5,1,0,0,0,0,0,20.263535304628697,23.771593415917188,72.34922789750551,0.0,3.880875615136602,13.0,2.668206521273958,0.0,0.0,0.0,0.0,1.0,8.49
81.0,4.0,2.0,10.7918924241112,106.675306514567,0.0,18.63592086332186,16.924787565129154,196.4,0,0,0,0,0,0,13.842079023496492,5.4837067209775965,0.0,0.0,94.52138492871688,12.0,3.3257910261234547,0.0,0.0,0.0,1.0,0.0,11.5
110.0,3.0,14.966666666666669,10.8099800895296,106.67136286682,3.0,19.38917355371901,20.918551142754602,3206.0,0,0,0,0,0,1,20.25050569105691,98.17155333749218,0.0,1.8287585776668744,0.0,12.0,4.982642226927434,0.0,0.0,0.0,1.0,0.0,25.0
108.0,2.0,6.0,10.7574338109402,106.677963686473,2.0,29.82381843840417,15.13100312673361,116.6,1,1,1,1,0,0,72.86150756189254,0.5317324185248714,0.0,0.0,99.47684391080618,4.0,3.2633612731499086,0.0,0.0,0.0,0.0,1.0,29.8
212.0,2.0,6.0,10.7715903171319,106.645982519781,2.0,13.32081849341783,15.149860937399001,60.2,1,1,1,0,1,0,9.90181956943871,1.6943521594684383,0.0,0.0,98.30564784053156,10.0,6.040684750852773,0.0,0.0,0.0,1.0,0.0,14.5
64.0,3.0,5.0,10.8632751158267,106.639298089163,3.0,8.826587030733174,14.549898133423875,7072.6,1,1,1,1,1,1,18.002367373254614,58.79931001329073,0.0,0.0,41.200831377428386,5.0,11.821140118793965,0.0,0.0,0.0,1.0,0.0,6.59
264.0,4.0,10.0,10.7594278527424,106.598990534178,0.0,10.737500000006847,13.482984203694478,201.7,0,0,0,0,0,0,18.189881456227656,33.609320773425885,0.0,0.0,66.4055528011899,12.0,11.305331747085416,0.0,1.0,0.0,1.0,0.0,14.0
138.0,4.0,9.6,10.8061128747815,106.668191241734,3.0,19.38917355371901,20.918551142754602,164.7,0,0,0,0,0,1,23.161245700728948,8.72495446265938,0.0,0.0,91.28111718275652,12.0,4.912511095566594,0.0,0.0,0.0,1.0,0.0,39.0
100.0,4.0,13.25,10.8305972232269,106.705534262465,2.0,18.827244701348747,16.235786892588425,4489.4,1,1,1,0,1,1,19.425983461480996,77.58319597273578,0.0,0.0,22.416358533434313,9.0,6.090223034336952,0.0,0.0,0.0,1.0,0.0,13.9
48.0,5.0,5.0,10.8194726018314,106.702619133073,2.0,18.827244701348747,16.235786892588425,1911.6,0,0,0,0,0,0,13.941385937429175,95.7951454279138,0.0,0.0,4.203285206110065,18.0,4.836779766308341,0.0,0.0,1.0,0.0,0.0,11.7
60.0,3.0,6.0,10.7266108346312,106.733309393462,3.0,17.789285714285825,8.648767860862735,795.2,1,1,0,0,0,0,8.354727166160457,52.992957746478865,0.0,0.0,47.0020120724346,8.0,6.522349747918174,0.0,0.0,0.0,0.0,1.0,7.45
47.0,4.0,8.333333333333332,10.7925503215616,106.668067402961,3.0,18.63592086332186,15.61262632367065,1171.8,0,0,0,0,0,1,19.193619091459624,95.54190134835297,0.0,0.0,4.456391875746714,9.0,4.050401676622683,0.0,0.0,0.0,1.0,0.0,12.8
38.0,2.0,5.0,10.7836275864778,106.771511368323,0.0,38.647438220481845,23.328827418358713,,1,1,1,1,0,0,20.25050569105691,,,,,4.0,7.737846800056717,0.0,0.0,0.0,0.0,1.0,5.39
71.0,3.0,7.0,10.8362093815791,106.726482569353,0.0,15.48107692307722,14.40074884671146,,0,0,0,0,0,0,18.310647152987464,,,,,8.0,7.246290637696987,0.0,0.0,0.0,0.0,1.0,8.7
266.0,5.0,15.0,10.7611785925252,106.690034316696,0.0,53.75818181817839,59.25648860397285,34.3,0,0,0,0,0,1,31.338914411207632,0.0,0.0,0.0,100.0,5.0,2.043836351215145,0.0,0.0,0.0,1.0,0.0,62.0
33.0,3.0,4.0,10.743813708844,106.683799535381,0.0,9.364834955468142,15.13100312673361,20.5,0,0,0,0,0,0,16.644438696094667,0.0,0.0,0.0,100.0,6.0,4.0472986078263595,0.0,0.0,0.0,0.0,1.0,5.68
64.0,4.0,8.909090909090908,10.8017087302432,106.618942174431,0.0,14.87073929990493,17.8318693459886,6153.6,0,1,0,0,0,1,18.4257909704719,42.19611284451378,57.804049661986475,0.0,0.0,9.0,9.418367126320144,0.0,0.0,0.0,1.0,0.0,8.99
167.0,5.0,6.0,10.8511472045542,106.764769523024,3.0,15.48107692307722,17.056969241416212,,1,0,0,0,0,0,20.25050569105691,,,,,54.0,10.871099718412928,0.0,0.0,0.0,0.0,1.0,19.0
61.0,2.0,3.0,10.8435886548119,106.636970480082,2.0,11.098013468022373,15.61262632367065,13505.7,1,0,1,0,0,0,20.25050569105691,16.79387221691582,81.02682571062589,0.0,2.1792280296467417,5.0,10.273449473457738,0.0,0.0,0.0,1.0,0.0,5.9
74.0,5.0,6.0,10.7993149317963,106.650479494146,0.0,19.38917355371901,20.454141465138118,102.5,1,1,0,0,1,0,20.25050569105691,0.7707317073170733,0.0,0.0,99.21951219512196,13.0,6.106872636594041,0.0,0.0,0.0,1.0,0.0,14.0
90.0,2.0,4.0,10.8144324801558,106.775318522697,0.0,15.48107692307722,20.177656837434043,,0,0,1,0,0,1,23.716488155468518,,,,,6.0,9.164111137405955,0.0,0.0,0.0,1.0,0.0,5.99
48.0,2.0,5.4,10.7712452179945,106.614365894347,0.0,10.737500000006847,11.79885823719474,59.9,0,1,1,0,0,1,20.25050569105691,0.0,0.0,0.0,100.0,6.0,9.489135237890263,0.0,0.0,0.0,0.0,1.0,4.13
180.0,5.0,12.0,10.7920855639694,106.643243804904,3.0,19.38917355371901,15.61262632367065,2218.0,1,1,0,0,0,0,21.404741776747944,92.79440937781784,4.876014427412083,0.0,2.3318304779080252,60.0,6.567937683004642,0.0,0.0,0.0,0.0,1.0,36.0
250.0,1.0,10.8,10.8059831186622,106.696895968517,3.0,18.827244701348747,15.61262632367065,349.8,0,0,0,0,0,1,17.40171754184511,0.0,0.0,0.0,99.98570611778158,12.0,3.365445838932048,0.0,1.0,0.0,1.0,0.0,40.0
98.0,4.0,5.0,10.8287096336828,106.689005708297,2.0,11.098013468022373,15.149860937399001,35587.4,1,0,0,0,0,0,16.60869960096871,9.209664094595276,0.0,90.73871651202391,0.0516193933808033,9.0,6.008066025857569,0.0,0.0,0.0,1.0,0.0,9.9
407.0,3.0,6.0,10.8093193516806,106.684895863751,3.0,18.63592086332186,15.149860937399001,276.2,1,1,1,0,0,0,24.873898992866078,64.12744388124548,0.0,0.0,35.88341781317886,14.0,4.106008987079497,0.0,0.0,0.0,1.0,0.0,61.0
96.0,5.0,12.0,10.835173191880347,106.84300452456652,0.0,19.053737403258268,25.613782122221185,,0,1,1,1,1,0,22.156780321650697,,,,,4.0,16.83808210663884,0.0,0.0,1.0,0.0,0.0,16.5
32.0,3.0,2.5,10.7903302547539,106.710225310048,0.0,18.827244701348747,20.460368357652627,63.5,1,0,1,1,0,1,18.619763285830498,43.732283464566926,0.0,0.0,56.31496062992125,7.0,1.8795320371403923,0.0,0.0,0.0,1.0,0.0,5.9
35.0,2.0,5.666666666666666,10.7364867088823,106.653037073909,3.0,9.364834955468142,20.339947871608835,363.8,1,1,1,0,0,1,20.25050569105691,0.0,0.0,0.0,100.0,4.0,6.846288326477406,0.0,0.0,0.0,0.0,1.0,5.39
86.0,3.0,12.0,10.795885,106.792244,0.0,19.053737403258268,23.42179327737413,,0,0,0,0,1,0,18.57448268224521,,,,,7.0,10.198284541730429,0.0,0.0,0.0,0.0,1.0,12.0
98.0,3.0,30.0,10.7728352028459,106.686805256846,3.0,54.46617152529408,15.149860937399001,9233.9,0,0,0,0,0,1,33.51253090281875,47.584119386174855,0.9980614908110332,19.565297436619417,31.852305093189223,11.0,1.6006448714068615,1.0,0.0,0.0,1.0,0.0,47.0
62.0,6.0,5.0,10.812880773716,106.709334067507,2.0,18.827244701348747,20.47473566303819,2797.9,1,0,0,0,1,0,15.155664323925304,93.91043282461848,0.0,0.0,6.088852353550878,20.0,4.19841943893097,0.0,0.0,0.0,1.0,0.0,12.6
50.0,3.0,5.0,10.756659884463,106.585732133111,3.0,10.737500000006847,13.482984203694478,3414.8,0,1,0,1,1,1,13.472608342303552,2.6467143024481663,5.772812463394635,0.0,91.58047323415718,7.0,12.784675551370224,0.0,0.0,0.0,0.0,1.0,5.6
300.0,3.0,14.5,10.7675642949975,106.686389338945,3.0,53.75818181817839,59.25648860397285,4203.5,0,0,0,0,0,1,20.25050569105691,90.3394790055906,0.0,9.661472582371832,0.0,40.0,1.8606654234591584,0.0,0.0,0.0,1.0,0.0,90.0
64.0,3.0,5.0,10.7867320457905,106.701641310066,0.0,53.75818181817839,48.487230363696476,2553.9,1,1,1,1,0,1,29.620808306885813,74.29186734014644,0.0,25.708524217862877,0.0,7.0,1.194813004424755,0.0,0.0,0.0,0.0,1.0,30.5
110.0,3.0,9.7,10.8252405433097,106.614877153902,2.0,8.826587030733174,15.780638971822933,9564.6,1,0,0,0,0,1,19.567814035091047,31.891767559542476,68.10865064926918,0.0,0.0,6.0,10.89366771539946,0.0,0.0,0.0,1.0,0.0,7.1
32.0,5.0,4.0,10.7825973653339,106.608993948363,2.0,10.737500000006847,11.523850027712317,452.0,1,1,0,0,0,0,20.25050569105691,27.488938053097343,56.82079646017699,15.393805309734512,0.3030973451327434,6.0,10.087718575443525,0.0,0.0,0.0,0.0,1.0,4.95
64.0,3.0,11.333333333333332,10.7922933916761,106.689077623483,0.0,53.75818181817839,34.07029975082686,530.9,0,0,0,0,0,1,26.16162258317498,6.434356752684121,93.56375965341871,0.0,0.0,9.0,2.23762182639749,0.0,0.0,0.0,1.0,0.0,19.3
69.0,5.0,8.0,10.7696478089326,106.688437394872,2.0,53.75818181817839,80.81249751703449,315.7,1,0,0,0,0,0,39.810934272632835,1.1846689895470384,1.286031042128603,97.522964840038,0.0,11.0,1.5531108883043092,1.0,0.0,0.0,1.0,0.0,24.8
480.0,3.0,25.2,10.7562139461317,106.606007007382,0.0,10.737500000006847,19.36213730687916,337.7,0,0,0,0,0,1,21.171574122196656,37.408942848682265,0.0,0.0,62.59994077583655,9.0,10.618170546527349,0.0,0.0,0.0,0.0,1.0,20.0
76.0,3.0,4.5,10.7548054916977,106.617750396403,3.0,10.737500000006847,19.36213730687916,13211.2,1,1,1,1,1,1,20.25050569105691,10.600626740947074,0.0,0.0,1.8477503936054256,8.0,9.404999751114731,0.0,0.0,0.0,1.0,0.0,10.5
40.0,1.0,10.0,10.7335978163695,106.627925208075,3.0,12.006306645336863,14.561953480312356,80.0,0,1,1,0,0,0,20.25050569105691,14.35,0.0,0.0,85.67500000000001,4.0,9.280640166804586,0.0,0.0,1.0,0.0,0.0,6.2
71.0,1.0,4.6,10.8665228820793,106.642708983254,2.0,8.826587030733174,14.549898133423875,608.4,1,1,1,0,0,1,20.25050569105691,76.5680473372781,0.0,0.0,23.430309007232083,4.0,11.915885202152316,0.0,0.0,0.0,1.0,0.0,5.8
131.0,3.0,7.0,10.7573085423198,106.678093703598,0.0,29.82381843840417,15.13100312673361,1874.7,1,0,0,0,0,0,72.86150756189254,91.11271136715206,0.0,0.0,8.888888888888888,11.0,3.261234030232807,0.0,0.0,1.0,0.0,0.0,24.5
