Diện tích,Số tầng,Đường vào,Pháp lý,Nội thất,Latitude,Longitude,Loại đường vào,Quan_Huyen,Phuong_Xa,Dien_Tich_Lo,duong_vao_null_flag,Đường_Từ_Địa_Chỉ,Ty_Le_Giao_Thong,Ty_Le_Cong_Cong_CX,Ty_Le_Khac,Ty_Le_Dat_O,Tổng số phòng,Khoảng giá
82.0,3.0,4.0,Sổ hồng,Cơ bản,10.8198627626357,106.702744157471,Mặt tiền,Quận Bình Thạnh,Phường 13,48.2,0,Đường Nơ Trang Long,0.0,0.0,0.0,99.93775933609959,9.0,9.5
59.0,4.0,4.0,Sổ hồng,Trống / Nhà thô,10.7914516544104,106.675114022052,Chưa xác định,Quận Phú Nhuận,Phường 11,55.3,0,Đường Huỳnh Văn Bánh,0.0,0.0,0.0,100.0,11.0,8.3
96.0,3.0,10.533333333333333,Sổ hồng,Đầy đủ,10.7648822612813,106.694973154272,Mặt tiền,Quận 1,Phường Cầu Ông Lãnh,622.6,1,Đường Đề Thám,95.74204946996467,0.0,0.0,4.256344362351429,8.0,22.0
66.0,2.0,4.0,Sổ hồng,Trống / Nhà thô,10.7906584336231,106.573007777838,Chưa xác định,Huyện Bình Chánh,Xã Vĩnh Lộc B,,0,Đường Liên khu 4-5,,,,,4.0,4.2
75.0,3.0,10.0,Sổ hồng,Trống / Nhà thô,21.02894860978742,105.85244722590336,Chưa xác định,Quận 9,Phường Phú Hữu,,1,Đường Bưng Ông Thoàn,,,,,6.0,10.4
56.0,2.0,5.475,Sổ hồng,Trống / Nhà thô,10.852717664059,106.72001770515,Chưa xác định,Thành phố Thủ Đức,Phường Hiệp Bình Phước,,1,Đường Số 4,,,,,6.0,4.5
75.0,6.0,8.0,Sổ hồng,Trống / Nhà thô,10.8304852697842,106.632837205986,Mặt tiền,Quận Tân Bình,Phường 15,15644.2,0,Đường Phan Huy Ích,25.026974853300267,0.0,74.97283338233977,0.0,12.0,11.5
86.0,4.0,11.3,Sổ hồng,Cao cấp,10.8056171170478,106.604676223204,Chưa xác định,Quận Bình Tân,Phường Bình Hưng Hòa,499.3,1,Đường 2,0.0,0.0,0.0,100.0,8.0,6.8
64.0,4.0,6.0,Sổ hồng,Đầy đủ,10.749210449716,106.710085550474,Mặt tiền,Quận 7,Phường Tân Kiểng,23439.5,0,Đường Lâm Văn Bền,13.199513641502591,33.15002453124,0.0,53.65037650120523,10.0,17.9
60.0,5.0,10.8,Sổ hồng,Trống / Nhà thô,10.7760854482495,106.610181773413,Mặt tiền,Quận Bình Tân,Phường Bình Hưng Hòa B,3458.7,1,Đường Lê Văn Quới,8.181397634949548,0.0,0.0,91.81831323907826,13.0,8.3
75.0,3.0,12.0,Sổ hồng,Cơ bản,10.785036005499263,106.7901994998357,Mặt tiền,Quận 9,Phường Phú Hữu,,0,Đường Vành Đai 2,,,,,7.0,8.15
144.0,5.0,8.0,Sổ hồng,Đầy đủ,10.7344114717191,106.657580311257,Chưa xác định,Quận 8,Phường 5,9370.4,0,Phố Tạ Quang Bửu,42.10716725006404,19.59041236233245,0.0,38.301993511482976,43.0,27.5
49.0,4.0,8.0,Sổ hồng,Trống / Nhà thô,10.8157203014238,106.695291058618,Hẻm ô tô,Quận Bình Thạnh,Phường 11,736.3,0,Đường Phan Văn Trị,93.2106478337634,0.0,0.0,6.787994024174929,14.0,10.7
90.0,4.0,8.0,Sổ hồng,Đầy đủ,10.8588749366556,106.777894988391,Chưa xác định,Thành phố Thủ Đức,Phường Linh Trung,,0,Đường Lê Văn Chí,,,,,9.0,11.0
123.0,2.0,7.0,Sổ hồng,Trống / Nhà thô,10.7460756626888,106.705656722188,Mặt tiền,Quận 7,Phường Tân Hưng,1338.7,0,Đường Số 2,99.75797415403002,0.0,0.0,0.24277283932173005,21.0,15.5
100.0,4.0,12.0,Sổ hồng,Trống / Nhà thô,10.751328770973,106.60867625357,Chưa xác định,Quận Bình Tân,Phường Bình Trị Đông B,902660.3,0,Đường 32,0.48759871238382807,0.0,0.0,0.0,11.0,19.5
300.0,2.0,9.4,Sổ hồng,Trống / Nhà thô,10.7591359971385,106.687555768279,Mặt tiền,Quận 1,Phường Cầu Kho,5525.2,1,Đường Trần Hưng Đạo,92.2766596684283,0.10189676391804822,0.0,7.62053862303627,40.0,160.0
46.0,4.0,4.666666666666666,Sổ hồng,Trống / Nhà thô,10.7879833771044,106.678243361849,Hẻm ô tô,Quận 3,Phường 13,908.1,1,Đường Lê Văn Sỹ,97.96608303050324,0.0,0.0,2.0328157691884154,9.0,12.8
62.0,4.0,6.5,Sổ hồng,Đầy đủ,10.8198293808424,106.702951132345,Chưa xác định,Quận Bình Thạnh,Phường 13,140.5,1,Đường Nơ Trang Long,24.106761565836297,0.0,0.0,75.90747330960855,8.0,10.8
61.0,4.0,15.0,Sổ đỏ,Trống / Nhà thô,10.7266131439549,106.733946717697,Hẻm ô tô,Quận 7,Phường Phú Thuận,493.7,0,Đường Huỳnh Tấn Phát,9.586793599351832,0.0,0.0,90.40307879278915,8.0,9.1
80.0,3.0,10.125,Sổ hồng,Đầy đủ,10.7954031461239,106.677540284751,Chưa xác định,Quận Phú Nhuận,Phường 15,442.1,1,Đường Nguyễn Đình Chính,19.416421624066952,0.0,0.0,80.57453064917439,9.0,11.9
56.0,4.0,5.0,Sổ hồng,Trống / Nhà thô,10.8354324270323,106.754046866907,Chưa xác định,Thành phố Thủ Đức,Phường Trường Thọ,,0,Đường Số 2,,,,,9.0,7.35
103.0,5.0,5.0,Sổ hồng,Đầy đủ,10.8590406866448,106.756435906335,Chưa xác định,Thành phố Thủ Đức,Phường Linh Tây,,1,Đường Số 8,,,,,14.0,14.0
60.0,5.0,6.0,Sổ hồng,Trống / Nhà thô,10.8146063699949,106.689729273479,Hẻm ô tô,Quận Gò Vấp,Phường 3,111.1,0,Đường Lê Quang Định,6.336633663366337,0.0,0.0,93.61836183618362,10.0,8.5
61.0,3.0,6.0,Sổ hồng,Trống / Nhà thô,10.7848588402824,106.641943424893,Mặt tiền,Quận Tân Bình,Phường 14,13875.5,0,Đường Âu Cơ,24.15812042809268,75.84202371085728,0.0,0.0,6.0,9.5
88.0,4.0,14.2,Sổ hồng,Trống / Nhà thô,10.7668274566362,106.677968092183,Mặt tiền,Quận 10,Phường 1,121.8,1,Đường Lý Thái Tổ,19.228243021346472,0.0,0.0,80.7799671592775,16.0,21.0
224.0,4.0,6.8,không có,Trống / Nhà thô,10.386200554383231,106.9196651525138,Mặt tiền,Huyện Cần Giờ,Xã Long Hòa,,0,Unknown,,,,,8.0,22.4
54.0,5.0,5.0,Sổ hồng,Cơ bản,10.781350920849,106.653430020694,Hẻm ô tô,Quận Tân Bình,Phường 8,71.3,0,Đường Thành Mỹ,1.3744740532959328,0.0,0.0,98.62552594670406,8.0,9.9
42.0,2.0,3.8333333333333335,Sổ hồng,Đầy đủ,10.7630102648361,106.687051313809,Hẻm ô tô,Quận 1,Phường Nguyễn Cư Trinh,566.7,1,Đường Nguyễn Trãi,24.79089465325569,75.07852479265925,0.0,0.12352214575613196,4.0,10.0
100.0,3.0,12.666666666666668,Sổ hồng,Đầy đủ,10.7547858437414,106.680418564974,Chưa xác định,Quận 5,Phường 2,94.1,1,Đường Trần Hưng Đạo,0.0,0.0,0.0,99.96811902231669,8.0,14.8
28.0,2.0,4.0,Sổ hồng,Cơ bản,10.7660286111774,106.642453381891,Chưa xác định,Quận 11,Phường 3,55.3,1,Đường Lạc Long Quân,0.0,0.0,0.0,100.0,4.0,3.95
61.0,4.0,3.0,Sổ hồng,Đầy đủ,10.7056205342032,106.741172985071,Hẻm xe máy,Quận 7,Phường Phú Mỹ,16804.5,0,Đường Chuyên Dùng 9,18.505876402154186,2.9978279627480733,0.0,78.49605760361807,9.0,7.45
139.0,2.0,14.0,Sổ hồng,Đầy đủ,10.8739263042032,106.767648162645,Mặt tiền,Thành phố Thủ Đức,Phường Linh Xuân,,0,Đường Số 4,,,,,9.0,8.4
100.0,3.0,8.7,Sổ hồng,Trống / Nhà thô,10.7913067757418,106.661918961629,Mặt tiền,Quận Tân Bình,Phường 5,750.6,1,Đường Phạm Văn Hai,99.77351452171595,0.0,0.0,0.2278177458033573,13.0,17.0
160.0,1.0,30.0,không có,Trống / Nhà thô,10.8442699101949,106.783506530268,Mặt tiền,Quận 9,Phường Hiệp Phú,,0,Đường Lê Văn Việt,,,,,2.0,27.5
160.0,4.0,8.0,Sổ hồng,Đầy đủ,10.7922600141732,106.643267598668,Hẻm ô tô,Quận Tân Bình,Phường 14,71.7,0,Đường Bàu Cát,2.426778242677824,0.0,0.0,97.58716875871687,12.0,19.5
119.0,5.0,12.0,Sổ hồng,Đầy đủ,10.772299,106.78784,Mặt tiền,Quận 2,Phường Cát Lái,,0,Đường Nguyễn Thị Định,,,,,16.0,12.5
80.0,4.0,7.0,Sổ hồng,Đầy đủ,10.7938582942555,106.680636979479,Hẻm ô tô,Quận Phú Nhuận,Phường 17,687.3,0,Đường Huỳnh Văn Bánh,92.73243125272808,0.0,0.0,7.261748872399243,11.0,13.9
60.0,4.0,5.8545454545454545,Sổ hồng,Cơ bản,10.7932242888024,106.687243834243,Mặt tiền,Quận 1,Phường Tân Định,76.6,1,Đường Nguyễn Văn Nguyễn,37.15404699738904,0.0,0.0,62.87206266318538,9.0,18.0
80.0,2.0,6.0,không có,Trống / Nhà thô,10.825781922376,106.689800793755,Chưa xác định,Quận Gò Vấp,Phường 5,83.8,1,Đường Phan Văn Trị,47.62529832935561,0.0,0.0,52.39856801909307,9.0,16.2
103.0,1.0,10.0,Sổ hồng,Trống / Nhà thô,10.6511725450656,106.730036501086,Chưa xác định,Huyện Nhà Bè,Xã Long Thới,3900.8,0,Đường Nguyễn Văn Tạo,,,,,11.0,3.97
210.0,3.0,12.0,Sổ hồng,Đầy đủ,10.7888102483748,106.661435911076,Chưa xác định,Quận Tân Bình,Phường 12,72.9,0,Đường K300,39.39643347050754,0.0,0.0,60.576131687242786,69.0,33.5
260.0,1.0,30.0,Sổ đỏ,Trống / Nhà thô,10.804416066651,106.815755976623,Chưa xác định,Quận 9,Phường Long Trường,,0,Đường Nguyễn Duy Trinh,,,,,17.0,19.5
87.0,5.0,15.0,không có,Trống / Nhà thô,10.7544667198062,106.665318861829,Mặt tiền,Quận 5,Phường 11,2191.6,0,Phố Đặng Thái Thân,57.77377258623837,0.0,0.0,42.226227413761634,7.0,33.0
37.0,2.0,3.0,Sổ hồng,Cơ bản,10.7380637762464,106.662623983109,Hẻm xe máy,Quận 8,Phường 5,600.1,0,Đường Bông Sao,77.61539743376103,0.6215630728211965,0.0,21.756373937677054,4.0,4.28
89.0,5.0,8.5,Sổ hồng,Đầy đủ,10.7955208927378,106.680124163984,Chưa xác định,Quận Phú Nhuận,Phường 15,75.7,1,Đường Duy Tân,6.90885072655218,0.0,0.0,93.11756935270805,24.0,16.7
37.0,3.0,3.0,Sổ hồng,Đầy đủ,10.7271991620513,106.6339493859,Chưa xác định,Quận 8,Phường 15,133.4,0,Đường Mễ Cốc,36.58920539730135,63.38080959520239,0.0,0.0,7.0,4.85
32.0,4.0,3.0,Sổ hồng,Cơ bản,10.8016222564963,106.687612201687,Mặt tiền,Quận Phú Nhuận,Phường 7,68.1,0,Đường Phan Tây Hồ,18.737151248164466,0.0,0.0,81.30690161527167,7.0,7.3
186.0,4.0,17.0,Sổ hồng,Trống / Nhà thô,10.806697928651,106.675821902793,Chưa xác định,Quận Phú Nhuận,Phường 9,116.7,0,Đường Đào Duy Anh,17.266495287060838,0.0,0.0,82.7420736932305,8.0,54.0
266.0,2.0,10.0,Sổ hồng,Cơ bản,10.7815421740068,106.527196166558,Mặt tiền,Huyện Bình Chánh,Xã Lê Minh Xuân,2984.0,0,Đường Lô 2,0.0,0.6930294906166219,0.0,0.0,6.0,5.85
215.0,3.0,15.6,Sổ hồng,Trống / Nhà thô,10.7707588683748,106.776179421785,Chưa xác định,Quận 2,Phường Cát Lái,,1,Đường Nguyễn Thị Định,,,,,48.0,28.0
175.0,1.0,4.0,Sổ hồng,Đầy đủ,10.6846573804845,106.572993270918,Chưa xác định,Huyện Bình Chánh,Thị trấn Tân Túc,1894.4,0,Đường Tân Túc,0.0,99.99841638513513,0.0,0.0,4.0,7.0
64.0,4.0,12.0,Sổ hồng,Đầy đủ,10.6927206131217,106.741057034401,Mặt tiền,Huyện Nhà Bè,Thị trấn Nhà Bè,184.1,0,Đường Huỳnh Tấn Phát,15.241716458446497,0.0,0.0,84.7637153720804,9.0,9.69
104.0,3.0,25.4,Sổ hồng,Trống / Nhà thô,10.8228070474652,106.684999468157,Chưa xác định,Quận Gò Vấp,Phường 4,1587.0,1,Đường Nguyễn Thái Sơn,1.2514177693761814,72.2665406427221,0.0,26.48015122873346,5.0,7.8
21.0,5.0,4.0,Sổ hồng,Đầy đủ,10.7582193601247,106.684737845135,Hẻm ô tô,Quận 5,Phường 2,57.9,0,Đường Nguyễn Văn Cừ,0.0,0.0,0.0,99.93091537132987,9.0,7.25
65.0,4.0,7.4,Sổ hồng,Đầy đủ,10.7699606642181,106.694129882286,Mặt tiền,Quận Tân Bình,Phường 12,16853.0,1,Đường Lê Lai,95.07618821574793,4.922862398386044,0.0,0.0,8.0,11.8
44.0,4.0,4.0,Sổ hồng,Đầy đủ,10.6929407150495,106.740414114661,Mặt tiền,Huyện Nhà Bè,Thị trấn Nhà Bè,191.9,0,Đường Huỳnh Tấn Phát,0.0,0.0,0.0,99.99478895257946,9.0,6.35
55.0,4.0,8.75,Sổ hồng,Đầy đủ,10.8075851706239,106.703234276064,Mặt tiền,Quận Bình Thạnh,Phường 12,128.1,1,Đường Bùi Đình Túy,0.9133489461358314,0.0,0.0,99.11007025761124,8.0,8.0
54.0,1.0,6.0,Sổ hồng,Trống / Nhà thô,10.758230644374,106.612634442182,Mặt tiền,Quận Bình Tân,Phường Bình Trị Đông B,2345.5,0,Đường Tỉnh Lộ 10,52.493285013856315,0.0,0.0,47.50500959283735,4.0,4.2
210.0,7.0,20.9,Sổ hồng,Trống / Nhà thô,10.8048925489774,106.662305410014,Chưa xác định,Quận Tân Bình,Phường 4,155.4,1,Đường Nguyễn Cảnh Dị,25.849420849420852,0.0,0.0,74.14414414414414,57.0,45.0
70.0,2.0,9.6,Sổ hồng,Trống / Nhà thô,10.77446,106.6357,Chưa xác định,Quận Tân Phú,Phường Hòa Thạnh,9172.2,1,Đường Trịnh Đình Thảo,18.09107956651621,0.0,0.0,81.9093565338741,4.0,5.9
99.0,3.0,7.6,Sổ hồng,Trống / Nhà thô,10.896380084091,106.57979875803,Chưa xác định,Huyện Hóc Môn,Xã Tân Thới Nhì,85472.7,1,Unknown,0.20854612057417166,99.79140708085738,0.0,0.0,6.0,4.15
100.0,2.0,7.0,Sổ hồng,Đầy đủ,10.766565793578,106.626952233498,Hẻm ô tô,Quận Tân Phú,Phường Tân Thới Hòa,4527.4,0,Đường Tô Hiệu,79.52445111984804,0.0,10.93121880107788,9.54477183372355,9.0,8.25
40.0,5.0,6.0,Sổ hồng,Trống / Nhà thô,10.8050981796346,106.681946375619,Hẻm ô tô,Quận Phú Nhuận,Phường 5,247.3,0,Đường Thích Quảng Đức,0.0,0.0,0.0,99.99595632834613,5.0,10.0
66.0,1.0,3.0,Sổ hồng,Cơ bản,10.7033675228425,106.703876423949,Mặt tiền,Huyện Nhà Bè,Xã Phước Kiển,509.0,0,Đường Lê Văn Lương,46.37524557956778,0.0,0.0,53.61493123772102,8.0,3.33
68.0,2.0,7.0,Sổ hồng,Đầy đủ,10.8712828261615,106.631176806986,Mặt tiền,Quận 12,Phường Tân Chánh Hiệp,,0,Đường Lâm Thị Hố,,,,,4.0,4.3
135.0,1.0,7.0,Sổ hồng,Trống / Nhà thô,10.8305222868941,106.70553312458,Chưa xác định,Quận Bình Thạnh,Phường 13,4489.4,1,Đường Bình Lợi,77.58319597273578,0.0,0.0,22.416358533434313,8.0,14.0
78.0,4.0,7.0,Sổ hồng,Trống / Nhà thô,10.8259991933273,106.765222291276,Chưa xác định,Quận 9,Phường Phước Long A,,0,Đường Tây Hòa,,,,,10.0,8.73
52.0,3.0,7.5,Sổ hồng,Trống / Nhà thô,10.7974748607388,106.696075508584,Chưa xác định,Quận Bình Thạnh,Phường 3,45.0,1,Đường Lê Văn Duyệt,41.46666666666667,0.0,0.0,58.48888888888889,8.0,10.0
30.0,4.0,10.0,Sổ hồng,Đầy đủ,10.8306404848188,106.63331754247,Hẻm ô tô,Quận Tân Bình,Phường 15,22965.3,0,Đường Phan Huy Ích,4.6712213644063,0.057782828876609495,94.9964947115866,0.274370463264142,7.0,5.4
84.0,2.0,8.0,Sổ hồng,Trống / Nhà thô,10.7788088304321,106.640643394914,Chưa xác định,Quận Tân Phú,Phường Phú Trung,344.1,0,Đường Cao Văn Ngọc,28.1110142400465,0.0,0.0,71.89479802383028,4.0,9.0
319.0,4.0,20.4,không có,Trống / Nhà thô,10.806187,106.76898,Mặt tiền,Quận 2,Phường An Phú,,1,Unknown,,,,,10.0,60.0
60.0,4.0,7.0,Sổ hồng,Đầy đủ,10.8806308161916,106.650872550185,Chưa xác định,Quận 12,Phường Thới An,1548.4,1,Đường Trần Thị Cờ,71.44988375096874,0.0,0.0,28.549470421079825,9.0,6.78
45.0,4.0,4.0,Sổ hồng,Đầy đủ,10.815968586381,106.693942957095,Hẻm ô tô,Quận Bình Thạnh,Phường 11,484.1,0,Đường Lê Quang Định,0.0,0.0,0.0,99.99380293327825,6.0,5.8
58.0,5.0,8.0,Sổ hồng,Đầy đủ,10.8800251214573,106.665589162296,Mặt tiền,Quận 12,Phường Thạnh Xuân,2208.3,0,Đường Thạnh Xuân 25,19.443916134583162,0.0,0.0,80.55789521351265,10.0,6.45
36.0,5.0,10.0,Sổ hồng,Đầy đủ,10.8426589303833,106.683406827941,Chưa xác định,Quận Gò Vấp,Phường 6,5577.9,0,Đường Dương Quảng Hàm,64.27042435325123,35.729396367808675,0.0,0.0,7.0,7.45
63.0,4.0,8.0,Sổ hồng,Đầy đủ,10.7650971211566,106.616524736616,Chưa xác định,Quận Bình Tân,Phường Bình Trị Đông,1005.1,0,Đường Lê Văn Quới,95.48104666202367,0.0,4.515968560342254,0.0,8.0,7.5
96.0,3.0,18.0,Sổ hồng,Trống / Nhà thô,10.69125,106.7212,Chưa xác định,Huyện Nhà Bè,Xã Phước Kiển,124636.3,0,Đường Nguyễn Hữu Thọ,6.473475223510326,13.61510250224052,0.0,12.825870151793659,9.0,12.4
64.0,5.0,5.0,Sổ hồng,Đầy đủ,10.8257668191059,106.631456427276,Hẻm ô tô,Quận Tân Bình,Phường 15,9864.7,0,Đường Cống Lở,33.016817541334255,0.0,0.0,66.9832838302229,8.0,7.0
210.0,7.0,22.6,không có,Trống / Nhà thô,10.8082603281337,106.732811438541,Chưa xác định,Quận 2,Phường Thảo Điền,,1,Đường Nguyễn Văn Hưởng,,,,,43.0,39.0
25.0,3.0,5.0,Sổ đỏ,Đầy đủ,10.7668538869145,106.692635673208,Chưa xác định,Quận 1,Phường Phạm Ngũ Lão,1470.8,1,Đường Bùi Viện,98.70750611911885,0.0,1.2931737829752517,0.0,4.0,8.45
46.0,4.0,30.0,Sổ hồng,Đầy đủ,10.8032325738475,106.684676947813,Mặt tiền,Quận Phú Nhuận,Phường 3,39.5,0,Phố Phan Đăng Lưu,20.759493670886073,0.0,0.0,79.16455696202532,9.0,17.0
72.0,2.0,8.0,Sổ hồng,Trống / Nhà thô,10.7932234395629,106.624742566555,Mặt tiền,Quận Tân Phú,Phường Tân Quý,609.4,1,Đường Tân Quý,9.42894650475878,0.0,0.0,90.56448966196258,4.0,12.3
30.0,4.0,3.2,Sổ hồng,Đầy đủ,10.8108545843353,106.70180765453,Chưa xác định,Quận Bình Thạnh,Phường 12,1412.5,1,Đường Chu Văn An,17.998584070796458,0.0,0.0,80.61309734513274,7.0,6.3
300.0,3.0,5.0,Sổ hồng,Cơ bản,10.8194688760218,106.702355452813,Hẻm ô tô,Quận Bình Thạnh,Phường 13,3209.8,0,Đường Nơ Trang Long,43.96255218393669,1.102249361330924,0.0,54.934263817060256,26.0,22.99
100.0,1.0,9.1,không có,Trống / Nhà thô,10.7984769605765,106.751656194587,Chưa xác định,Quận 2,Phường An Phú,,1,Đường Mai Chí Thọ,,,,,5.0,8.5
58.0,2.0,5.0,Sổ hồng,Trống / Nhà thô,10.8715567146331,106.677831149338,Mặt tiền,Quận 12,Phường Thạnh Lộc,199.9,0,Đường Thạnh Lộc 22,0.0,0.0,0.0,100.0,5.0,4.65
50.0,3.0,6.0,Sổ hồng,Trống / Nhà thô,10.692861559266,106.740851652956,Hẻm ô tô,Huyện Nhà Bè,Thị trấn Nhà Bè,3078.9,0,Đường Huỳnh Tấn Phát,90.07047971678196,0.0,0.0,9.929195491896458,7.0,6.1
45.0,3.0,3.0,Sổ hồng,Trống / Nhà thô,10.802434179919,106.678235380284,Chưa xác định,Quận Phú Nhuận,Phường 9,58.9,0,Đường Đỗ Tấn Phong,0.0,0.0,0.0,100.0,8.0,7.39
51.0,2.0,6.0,Sổ hồng,Trống / Nhà thô,10.7827971198536,106.60892640713,Mặt tiền,Quận Bình Tân,Phường Bình Hưng Hòa A,7116.1,0,Unknown,23.991090625483057,32.05028035019182,43.44275656609659,0.5165750902882196,6.0,5.35
64.0,2.0,30.0,Sổ hồng,Trống / Nhà thô,10.8011502943852,106.618871835963,Mặt tiền,Quận Tân Phú,Phường Sơn Kỳ,4709.7,0,Đường Bờ Bao Tân Thắng,44.674183068985286,31.7746353270909,0.0,23.530585812259805,5.0,15.9
69.0,2.0,11.0,Sổ đỏ,Trống / Nhà thô,10.7809348594499,106.676347035284,Chưa xác định,Quận 3,Phường 10,253.0,1,Đường Cách Mạng Tháng Tám,13.988142292490119,0.0,0.0,85.99604743083003,6.0,12.0
78.0,2.0,4.0,Sổ hồng,Cơ bản,10.8094597722238,106.693154839469,Mặt tiền,Quận Bình Thạnh,Phường 7,765.2,0,Đường Lê Quang Định,96.49503397804496,0.0,0.0,3.5023523261892313,5.0,8.7
72.0,3.0,6.0,Sổ hồng,Trống / Nhà thô,10.7965167618534,106.675649605645,Mặt tiền,Quận Phú Nhuận,Phường 8,75.7,1,Đường Nguyễn Thị Huỳnh,34.01585204755614,0.0,0.0,65.94451783355349,5.0,18.5
68.0,4.0,6.5,Sổ hồng,Đầy đủ,10.8799870707166,106.66554650153,Chưa xác định,Quận 12,Phường Thạnh Xuân,4815.2,1,Đường Thạnh Xuân 25,86.31562551918924,5.631957135736833,0.0,8.049509885363017,9.0,6.69
93.0,4.0,12.0,Sổ hồng,Cơ bản,10.6751728753686,106.698024655517,Mặt tiền,Huyện Nhà Bè,Xã Nhơn Đức,1162.0,0,Đường Lê Văn Lương,4.419104991394148,0.0,0.0,95.5774526678141,9.0,8.1
89.0,2.0,6.0,Sổ hồng,Đầy đủ,10.7548513041562,106.680465524768,Mặt tiền,Quận 5,Phường 2,521.8,0,Đường Trần Hưng Đạo,0.0,0.0,0.0,99.99808355691836,6.0,22.0
61.0,5.0,6.0,Sổ hồng,Trống / Nhà thô,10.7741552994805,106.677701382177,Mặt tiền,Quận 10,Phường 11,232.0,0,Đường 3/2,2.4827586206896552,0.0,0.0,97.64655172413794,16.0,14.9
83.0,2.0,6.2,Sổ hồng,Cơ bản,10.6668783989554,106.72414150089,Chưa xác định,Huyện Nhà Bè,Xã Long Thới,,1,Đường Nguyễn Văn Tạo,,,,,10.0,5.3
32.0,2.0,3.0,Sổ hồng,Đầy đủ,10.7402904424503,106.735842361381,Mặt tiền,Quận 7,Phường Phú Thuận,142.1,0,Đường Nguyễn Văn Quỳ,63.082336382829,0.0,0.0,36.88951442646024,4.0,4.68
37.0,4.0,4.0,Sổ hồng,Cơ bản,10.8038645991799,106.681095385502,Hẻm ô tô,Quận Phú Nhuận,Phường 4,983.5,0,Đường Nguyễn Đình Chiểu,75.84951703101169,0.0,0.0,24.150482968988307,10.0,7.5
45.0,2.0,6.0,không có,Trống / Nhà thô,10.808087581157,106.70308188021,Hẻm ô tô,Quận Bình Thạnh,Phường 12,160.5,1,Đường Bùi Đình Túy,5.1152647975077885,0.0,0.0,94.87227414330218,8.0,6.98
51.0,1.0,6.0,Sổ hồng,Trống / Nhà thô,10.8200799015657,106.704002182638,Hẻm ô tô,Quận Bình Thạnh,Phường 13,1017.2,0,Phố Nguyễn Xí,76.16397955171058,23.835037357451828,0.0,0.0,2.0,7.35
47.0,4.0,4.5,không có,Trống / Nhà thô,10.793858046038,106.668502749181,Mặt tiền,Quận Tân Bình,Phường 1,73.8,1,Đường Lê Văn Sỹ,0.0,0.0,0.0,100.0,9.0,9.6
55.0,4.0,8.75,Sổ hồng,Đầy đủ,10.7432718196136,106.722533665431,Hẻm ô tô,Quận 7,Phường Bình Thuận,49331.1,1,Đường Nguyễn Thị Thập,58.96132460050557,41.03871594187034,0.0,0.0,8.0,11.95
45.0,1.0,7.8,không có,Đầy đủ,10.7206355183424,106.655892514171,Chưa xác định,Huyện Bình Chánh,Xã Bình Hưng,114.0,1,Đường Quốc Lộ 50,100.0,0.0,0.0,0.0,3.0,3.1
172.0,4.0,9.4,Sổ hồng,Trống / Nhà thô,10.8032073250253,106.716393904025,Chưa xác định,Quận Bình Thạnh,Phường 25,984.7,1,Đường Nguyễn Gia Trí,73.03239565349851,0.0,0.0,26.963542195592566,31.0,69.0
76.0,3.0,7.433333333333333,Sổ hồng,Trống / Nhà thô,10.7315444965521,106.731641711556,Chưa xác định,Quận 7,Phường Tân Phú,1569.8,1,Đường Huỳnh Tấn Phát,98.89794878328449,0.0,0.0,1.101414192890814,7.0,7.6
280.0,8.0,21.7,Sổ hồng,Trống / Nhà thô,10.7481881717709,106.71587604964,Mặt tiền,Quận 7,Phường Tân Thuận Tây,1405.6,1,Đường Lâm Văn Bền,87.20332953898692,0.0,0.0,12.79667046101309,11.0,100.0
35.0,2.0,2.5,Sổ hồng,Trống / Nhà thô,10.762208651142,106.662008560844,Mặt tiền,Quận 10,Phường 7,15189.0,1,Đường Nguyễn Kim,75.56745012838238,4.395220225162947,0.0,20.036342089670153,4.0,5.67
130.0,5.0,16.0,Sổ hồng,Trống / Nhà thô,10.7878893306492,106.678152884545,Chưa xác định,Quận 3,Phường 14,1160.6,1,Đường Trần Quang Diệu,30.350680682405656,69.64673444769947,0.0,0.0,12.0,15.0
68.0,4.0,6.5,Sổ hồng,Trống / Nhà thô,10.7819248306033,106.651459136112,Chưa xác định,Quận Tân Bình,Phường 8,,1,Unknown,,,,,9.0,8.9
78.0,4.0,10.093333333333334,Sổ hồng,Trống / Nhà thô,10.8418426677613,106.676348858432,Hẻm ô tô,Quận Gò Vấp,Phường 17,156.3,1,Đường Nguyễn Oanh,53.09021113243762,0.0,0.0,46.88419705694177,8.0,9.85
131.0,3.0,7.0,Sổ hồng,Cơ bản,10.7573085423198,106.678093703598,Chưa xác định,Quận 5,Phường 3,1874.7,0,Đường Nguyễn Trãi,91.11271136715206,0.0,0.0,8.888888888888888,11.0,24.5
100.0,4.0,12.0,Sổ hồng,Đầy đủ,10.7245321842492,106.680354676349,Mặt tiền,Huyện Bình Chánh,Xã Bình Hưng,1477.1,0,Đường Số 6,58.10574774896757,21.693859589736647,0.0,20.20106966352989,8.0,12.5
44.0,4.0,8.0,Sổ hồng,Đầy đủ,10.7968372968183,106.683207117876,Hẻm ô tô,Quận Phú Nhuận,Phường 1,50.6,1,Đường Cô Bắc,0.0,0.0,0.0,100.0,8.0,7.35
62.0,4.0,8.0,Sổ hồng,Cơ bản,10.7711359586364,106.690667482126,Hẻm ô tô,Quận 1,Phường Bến Thành,3041.8,0,Đường Lê Thị Riêng,95.93628772437373,0.36984680123611013,3.6935367216779538,0.0,9.0,23.0
1.0,2.0,13.1,Sổ hồng,Cơ bản,10.8219412576951,106.765586314147,Mặt tiền,Quận 9,Phường Phước Long A,,1,Unknown,,,,,14.0,68.0
53.0,4.0,5.0,Sổ hồng,Trống / Nhà thô,10.7869287667243,106.651615695109,Mặt tiền,Quận Tân Bình,Phường 11,,0,Đường Lạc Long Quân,,,,,9.0,9.3
30.0,4.0,4.0,Sổ hồng,Cơ bản,10.7888121399662,106.669590286601,Mặt tiền,Quận Phú Nhuận,Phường 13,70.8,0,Đường Trường Sa,0.5225988700564972,0.0,0.0,99.43502824858759,5.0,6.65
100.0,5.0,12.0,Sổ hồng,Trống / Nhà thô,10.83442675094254,106.66828975550034,Mặt tiền,Quận Gò Vấp,Phường 10,352544.1,0,Đường Phan Văn Trị,14.872723724492909,25.385124868066157,59.73758460289081,0.0045582949764299,10.0,23.0
150.0,2.0,8.9,Sổ hồng,Trống / Nhà thô,10.6962140963242,106.744606159168,Mặt tiền,Huyện Nhà Bè,Thị trấn Nhà Bè,548867.9,1,Đường Đặng Nhữ Lâm,0.4184886745972938,0.0,0.0,0.0,7.0,8.5
58.0,4.0,3.0,Sổ hồng,Đầy đủ,10.8061666782929,106.697691408037,Hẻm xe máy,Quận Bình Thạnh,Phường 14,30.5,0,Đường Hồ Xuân Hương,0.0,0.0,0.0,100.0,9.0,9.5
46.0,4.0,12.0,Sổ hồng,Đầy đủ,10.8158770400667,106.694355335155,Mặt tiền,Quận Bình Thạnh,Phường 11,180.2,1,Đường Mai Xuân Thưởng,0.0,0.0,0.0,99.98335183129856,10.0,7.9
97.0,4.0,12.0,Sổ hồng,Trống / Nhà thô,10.7720818654959,106.669665352257,Chưa xác định,Quận 10,Phường 12,83.0,1,Đường Sư Vạn Hạnh,0.18072289156626503,0.0,0.0,99.67469879518073,12.0,33.5
344.0,3.0,12.0,Sổ hồng,Trống / Nhà thô,10.783029226215,106.686796228061,Chưa xác định,Quận 3,Phường Võ Thị Sáu,695.8,1,Đường Trần Quốc Thảo,40.584938200632365,0.0,0.0,59.413624604771485,9.0,160.0
85.0,5.0,6.0,Sổ hồng,Đầy đủ,10.8109847884414,106.713227170704,Chưa xác định,Quận Bình Thạnh,Phường 26,1630.4,0,Đường Xô Viết Nghệ Tĩnh,0.0,0.0,0.0,99.99815996074581,17.0,10.49
80.0,4.0,14.0,Sổ hồng,Đầy đủ,10.7424066599051,106.71048392374,Mặt tiền,Quận 7,Phường Tân Quy,80.1,0,Đường Số 10,58.91385767790263,0.0,0.0,41.07365792759051,11.0,23.5
49.0,4.0,5.0,Sổ hồng,Cơ bản,10.7489333166922,106.682229196723,Hẻm ô tô,Quận 8,Phường 3,79.3,0,Đường Phạm Thế Hiển,0.0,100.0,0.0,0.0,8.0,8.98
50.0,4.0,6.0,Sổ hồng,Trống / Nhà thô,10.8417105451728,106.643543877141,Mặt tiền,Quận Gò Vấp,Phường 12,1567.6,1,Đường Quang Trung,84.73653993365654,0.0,0.0,15.263460066343457,8.0,5.9
76.0,5.0,9.7,Sổ hồng,Trống / Nhà thô,10.7671922563439,106.7004746403,Mặt tiền,Quận 1,Phường Nguyễn Thái Bình,45.7,1,Đường Calmette,0.0,0.0,99.9781181619256,0.0,9.0,28.0
582.0,5.0,14.6,Sổ hồng,Trống / Nhà thô,10.7964374545885,106.729857100342,Mặt tiền,Quận 2,Phường Bình An,,1,Đường Số 20,,,,,11.0,160.0
52.0,4.0,7.0,Sổ hồng,Đầy đủ,10.8824762737538,106.681541953636,Hẻm ô tô,Quận 12,Phường Thạnh Lộc,810.8,0,Đường Thạnh Lộc 37,0.0,6.248149975333004,0.0,93.748149975333,9.0,6.35
126.0,5.0,9.0,Sổ hồng,Cơ bản,10.8358438490215,106.842885633907,Chưa xác định,Quận 9,Phường Long Bình,,0,Đường Nguyễn Xiển,,,,,7.0,19.5
56.0,4.0,16.0,Sổ hồng,Đầy đủ,10.8140912449418,106.62388012169,Mặt tiền,Quận Tân Phú,Phường Tây Thạnh,152.8,0,Đường Lê Trọng Tấn,2.539267015706806,0.0,0.0,97.44764397905759,8.0,8.0
29.0,2.0,3.0,Sổ hồng,Đầy đủ,10.7543838071531,106.651879400819,Mặt tiền,Quận 5,Phường 15,3708.5,0,Đường Võ Trường Toản,79.89483618713766,0.0,0.0,20.105433463664554,4.0,5.35
80.0,4.0,8.1875,Sổ hồng,Trống / Nhà thô,10.87627363089,106.773076486965,Chưa xác định,Thành phố Thủ Đức,Phường Linh Xuân,,1,Đường Số 10,,,,,9.0,4.029999999999999
27.0,3.0,3.0,Sổ hồng,Đầy đủ,10.8147979932786,106.672280291467,Mặt tiền,Quận Bình Thạnh,Phường 15,577.0,0,Đường Bạch Đằng,98.30329289428077,0.0,0.0,1.7001733102253034,6.0,5.9
52.0,2.0,4.0,Sổ hồng,Đầy đủ,10.8420550374502,106.651005681604,Hẻm ô tô,Quận Gò Vấp,Phường 8,9636.3,0,Unknown,15.746915309818085,84.25329223872234,0.0,0.0,4.0,3.8
177.0,1.0,4.0,Sổ hồng,Trống / Nhà thô,10.9065672475182,106.646737980349,Mặt tiền,Huyện Hóc Môn,Xã Đông Thạnh,,0,Đường Đông Thạnh 6,,,,,3.0,5.2
55.0,4.0,6.0,Sổ hồng,Trống / Nhà thô,10.8870634355757,106.724181442973,Mặt tiền,Thành phố Thủ Đức,Phường Bình Chiểu,,0,Đường Ngô Chí Quốc,,,,,8.0,4.5
72.0,3.0,10.0,Sổ hồng,Trống / Nhà thô,10.79085389855,106.672519374167,Mặt tiền,Quận Phú Nhuận,Phường 13,103.4,1,Đường Lê Văn Sỹ,22.176015473887816,0.0,0.0,77.77562862669245,10.0,9.0
92.0,4.0,11.6,Sổ hồng,Đầy đủ,10.8359286719766,106.661283318946,Chưa xác định,Quận Gò Vấp,Phường 11,166.5,1,Đường Quang Trung,70.38438438438438,0.0,29.585585585585584,0.0,10.0,8.5
89.0,7.0,11.0,không có,Trống / Nhà thô,10.767814019108,106.691144388189,Mặt tiền,Quận 1,Phường Phạm Ngũ Lão,16853.0,1,Đường Tôn Thất Tùng,95.07618821574793,4.922862398386044,0.0,0.0,13.0,72.0
68.0,3.0,12.0,Sổ hồng,Trống / Nhà thô,10.7766293918556,106.619531968951,Mặt tiền,Quận Bình Tân,Phường Bình Hưng Hòa A,1212.8,0,Đường Số 4,69.8771437994723,0.0,0.0,30.1195580474934,7.0,8.45
39.0,2.0,3.0,Sổ hồng,Trống / Nhà thô,10.7243123759992,106.726420869635,Chưa xác định,Quận 7,Phường Tân Phú,78137.5,1,Đường Huỳnh Tấn Phát,14.041606143017118,82.0049528075508,3.208651415773476,0.0,4.0,5.5
300.0,4.0,16.0,Sổ hồng,Đầy đủ,10.816407425207023,106.77805487465209,Mặt tiền,Quận 9,Phường Phước Long B,,0,Đường Đỗ Xuân Hợp,,,,,9.0,34.0
40.0,2.0,3.0,Sổ hồng,Trống / Nhà thô,10.7953170371081,106.677352548513,Hẻm xe máy,Quận Phú Nhuận,Phường 15,618.1,0,Đường Nguyễn Đình Chính,43.811680957773824,0.0,0.0,56.180229736288624,4.0,5.2
200.0,4.0,10.8,Sổ hồng,Trống / Nhà thô,10.7655394860881,106.663140778157,Mặt tiền,Quận 10,Phường 14,5292.0,1,Đường 3/2,76.54195011337869,0.0,0.0,23.46693121693122,14.0,38.0
221.0,5.0,8.94,không có,Trống / Nhà thô,10.7674683889313,106.69738112558,Mặt tiền,Quận 1,Phường Nguyễn Thái Bình,1693.8,1,Đường Yersin,92.6738694060692,0.0,7.32554020545519,0.0,8.0,120.0
42.0,2.0,3.8333333333333335,Sổ hồng,Đầy đủ,10.7933678945323,106.717905691907,Chưa xác định,Quận Bình Thạnh,Phường 22,3109.3,1,Đường Nguyễn Hữu Cảnh,94.25240407808832,0.0,0.0,5.745987842922844,4.0,6.78
252.0,2.0,12.0,Sổ hồng,Đầy đủ,10.7142211144008,106.737025395632,Chưa xác định,Quận 7,Phường Phú Thuận,4617.7,0,Đường Hoàng Quốc Việt,98.58999068800486,1.4093596379149793,0.0,0.0,10.0,43.0
50.0,3.0,7.0,Sổ hồng,Đầy đủ,10.8724195591831,106.686727672955,Chưa xác định,Quận 12,Phường Thạnh Lộc,1530.5,0,Đường Thạnh Lộc 47,0.0,0.0,0.0,100.0,7.0,4.59
80.0,1.0,5.0,Sổ hồng,Trống / Nhà thô,10.8257432919112,106.640109745884,Hẻm ô tô,Quận Tân Bình,Phường 15,249.0,0,Đường Phạm Văn Bạch,12.008032128514055,0.0,0.0,87.99196787148594,4.0,7.95
140.0,4.0,16.0,Sổ hồng,Đầy đủ,10.71134,106.6936,Mặt tiền,Huyện Nhà Bè,Xã Phước Kiển,4487.0,0,Đường Đào Sư Tích,80.53710719857365,11.93559170938266,0.0,7.484733675061288,10.0,15.5
53.0,4.0,5.0,Sổ hồng,Trống / Nhà thô,10.8086381221266,106.687984248305,Mặt tiền,Quận Bình Thạnh,Phường 6,249.0,1,Đường Hoàng Hoa Thám,5.208835341365462,0.0,0.0,94.80722891566265,7.0,9.2
128.0,5.0,15.0,Sổ hồng,Trống / Nhà thô,10.8007571564893,106.622819552839,Chưa xác định,Quận Tân Phú,Phường Sơn Kỳ,2027.5,0,Đường Tân Kỳ Tân Quý,61.101849568434034,0.0,0.0,38.898150431565966,12.0,14.0
78.0,5.0,12.0,Sổ hồng,Cơ bản,10.7558811561164,106.621738331051,Hẻm ô tô,Quận Bình Tân,Phường An Lạc A,31.4,0,Đường Tỉnh Lộ 10,88.34394904458598,0.0,0.0,11.719745222929937,12.0,8.63
27.0,2.0,4.0,Sổ hồng,Trống / Nhà thô,10.7589916745629,106.68792809817,Hẻm ô tô,Quận 1,Phường Cầu Kho,86.1,0,Đường Trần Hưng Đạo,3.902439024390244,0.0,0.0,96.06271777003485,6.0,5.5
74.0,1.0,8.0,Sổ hồng,Trống / Nhà thô,10.7929190313921,106.623240587172,Chưa xác định,Quận Tân Phú,Phường Tân Quý,58.7,0,Đường Nguyễn Quang Diêu,0.0,0.0,0.0,100.0,2.0,6.65
367.0,4.0,38.5,không có,Cơ bản,10.8039712905884,106.61735534668,Mặt tiền,Quận Tân Phú,Phường Sơn Kỳ,2574.2,1,Đường N1,22.133866832413954,77.86496775697304,0.0,0.0,14.0,23.0
36.0,4.0,3.0,Sổ hồng,Đầy đủ,10.8155618623374,106.694927074129,Mặt tiền,Quận Bình Thạnh,Phường 11,80.7,0,Đường Phan Văn Trị,32.16852540272615,0.0,0.0,67.88104089219331,8.0,6.8
53.0,4.0,6.0,Sổ hồng,Cơ bản,10.7728855407808,106.627499121645,Mặt tiền,Quận Tân Phú,Phường Hiệp Tân,329.8,0,Đường Tô Hiệu,2.0982413583990294,0.0,0.0,97.88963007883564,7.0,8.8
43.0,3.0,2.0,Sổ đỏ,Cao cấp,10.8418734357344,106.630457077961,Hẻm ô tô,Quận 12,Phường Đông Hưng Thuận,434.8,1,Đường Nguyễn Văn Quá,49.926402943882245,0.0,0.0,50.07129714811408,6.0,4.95
61.0,3.0,4.0,Sổ hồng,Đầy đủ,10.7870203022379,106.758318596416,Hẻm ô tô,Quận 2,Phường Bình Trưng Tây,,0,Đường Số 5,,,,,4.0,6.99
52.0,4.0,9.0,Sổ hồng,Đầy đủ,10.793277798114,106.822020179274,Chưa xác định,Thành phố Thủ Đức,Phường Long Trường,,0,Unknown,,,,,9.0,5.99
126.0,4.0,11.0,không có,Trống / Nhà thô,21.02894860978742,105.85244722590336,Chưa xác định,Huyện Bình Chánh,Xã Bình Hưng,,0,Đường Nguyễn Văn Linh,,,,,9.0,18.6
84.0,6.0,12.0,Sổ hồng,Trống / Nhà thô,10.8359222966861,106.842860391205,Chưa xác định,Quận 9,Phường Long Bình,,0,Đường Nguyễn Xiển,,,,,10.0,14.5
57.0,5.0,16.0,Sổ hồng,Trống / Nhà thô,10.772634613087,106.684148020687,Mặt tiền,Quận 3,Phường 5,30.1,0,Đường Nguyễn Đình Chiểu,0.0,0.0,99.93355481727573,0.0,11.0,27.8
33.0,3.0,12.0,Sổ hồng,Trống / Nhà thô,10.7664024154093,106.642535408317,Mặt tiền,Quận 11,Phường 3,916.5,0,Đường Lạc Long Quân,0.0,98.4342607746863,0.0,1.562465902891435,6.0,4.95
126.0,2.0,12.0,Sổ hồng,Trống / Nhà thô,10.7349546360919,106.70785885535,Chưa xác định,Quận 7,Phường Tân Phong,707353.2,0,Unknown,34.28193581367837,19.24510131572177,0.0,46.47296145687897,7.0,33.8
60.0,5.0,8.0,Sổ hồng,Cơ bản,10.8456851648368,106.718263933479,Mặt tiền,Thành phố Thủ Đức,Phường Hiệp Bình Phước,,0,Đường Quốc Lộ 13,,,,,10.0,10.0
84.0,5.0,4.0,Sổ hồng,Đầy đủ,10.7999182062934,106.6737475314,Mặt tiền,Quận Phú Nhuận,Phường 8,579606.9,0,Đường Hoàng Văn Thụ,13.500874471991276,85.7039676373763,0.0,0.14084200860962837,12.0,16.79
71.0,2.0,6.0,Sổ hồng,Cơ bản,10.7836436555464,106.777912135832,Mặt tiền,Quận 2,Phường Bình Trưng Đông,,0,Đường Số 18,,,,,5.0,9.4
62.0,4.0,4.0,Sổ hồng,Đầy đủ,10.7054135836954,106.740452323653,Chưa xác định,Quận 7,Phường Phú Mỹ,1102.2,0,Đường Chuyên Dùng 9,53.56196697514063,8.746144075485393,0.0,37.69007439666122,9.0,7.99
36.0,4.0,6.0,Sổ hồng,Đầy đủ,10.8201285277001,106.704050496353,Chưa xác định,Quận Bình Thạnh,Phường 13,1306.4,0,Phố Nguyễn Xí,69.48714023270054,2.1785058175137784,0.0,28.33435394978567,7.0,7.95
97.0,6.0,6.0,Sổ hồng,Trống / Nhà thô,10.7894755025649,106.693426064115,Hẻm ô tô,Quận 1,Phường Đa Kao,1485.6,0,Đường Võ Thị Sáu,78.474690360797,0.0,4.577948303715671,16.94870759289176,25.0,26.0
64.0,5.0,4.666666666666666,Sổ hồng,Đầy đủ,10.8180698581665,106.693168506616,Chưa xác định,Quận Bình Thạnh,Phường 11,1052.4,1,Đường Nguyên Hồng,10.288863549980995,0.0,0.0,89.71303686811098,9.0,13.9
91.0,1.0,8.5,Sổ hồng,Trống / Nhà thô,10.7957704451514,106.621994370734,Hẻm ô tô,Quận Tân Phú,Phường Tân Quý,2259.6,1,Đường Gò Dầu,78.15144273322713,4.605239865462915,0.0,17.24243228890069,7.0,6.79
48.0,5.0,5.5,không có,Trống / Nhà thô,10.7746851595558,106.66434619738,Chưa xác định,Quận 10,Phường 14,5455.0,1,Đường Thành Thái,35.629514207149406,0.0,0.0,64.36498625114574,8.0,10.0
40.0,2.0,4.0,Sổ hồng,Đầy đủ,10.7403926492488,106.735921281116,Hẻm ô tô,Quận 7,Phường Phú Thuận,125.5,0,Đường Nguyễn Văn Quỳ,65.07569721115539,0.0,0.0,34.948207171314735,6.0,6.49
67.0,5.0,6.0,Sổ hồng,Trống / Nhà thô,10.7900867568752,106.690327527664,Mặt tiền,Quận 1,Phường Tân Định,2457.5,0,Phố Hai Bà Trưng,67.98942014242115,30.69257375381485,0.0,1.3167853509664293,12.0,19.2
90.0,3.0,12.0,Sổ hồng,Trống / Nhà thô,10.8461167648953,106.723665788975,Chưa xác định,Thành phố Thủ Đức,Phường Hiệp Bình Phước,,1,Đường Hiệp Bình,,,,,10.0,15.0
115.0,4.0,20.0,Sổ hồng,Cơ bản,10.830793759576,106.728864607411,Mặt tiền,Thành phố Thủ Đức,Phường Hiệp Bình Chánh,,0,Đường Số 8,,,,,9.0,17.55
60.0,3.0,6.033333333333333,Sổ hồng,Cơ bản,10.7506026427378,106.736206814777,Hẻm ô tô,Quận 7,Phường Tân Thuận Đông,3299.4,1,Đường Bùi Văn Ba,64.26198702794449,0.0,0.0,0.0,9.0,7.0
66.0,4.0,8.0,Sổ hồng,Trống / Nhà thô,10.7584550488217,106.646369912688,Mặt tiền,Quận 11,Phường 1,39.2,0,Đường Hàn Hải Nguyên,0.0,0.0,0.0,99.94897959183673,8.0,15.9
52.0,2.0,7.0,Sổ đỏ,Trống / Nhà thô,10.7843752584089,106.75951999019,Hẻm ô tô,Quận 2,Phường Bình Trưng Tây,,0,Đường 13,,,,,7.0,7.5
45.0,2.0,3.0,Sổ hồng,Đầy đủ,10.7427805642912,106.729592154482,Hẻm xe máy,Quận 7,Phường Bình Thuận,3286.7,0,Đường Huỳnh Tấn Phát,91.70657498402653,2.1675236559466944,0.0,6.127118386223264,5.0,5.35
91.0,4.0,12.0,Sổ hồng,Đầy đủ,10.8002716547444,106.649952274475,Mặt tiền,Quận Tân Bình,Phường 12,103.3,0,Đường Nguyễn Minh Hoàng,4.249757986447241,0.0,0.0,95.77928363988384,8.0,23.0
368.0,3.0,21.2,Sổ hồng,Trống / Nhà thô,10.830520291593,106.731758559275,Mặt tiền,Thành phố Thủ Đức,Phường Hiệp Bình Chánh,,1,Unknown,,,,,14.0,27.0
250.0,3.0,30.0,Sổ hồng,Đầy đủ,10.8548959681391,106.767782738074,Mặt tiền,Thành phố Thủ Đức,Phường Linh Chiểu,,0,Đường Hoàng Diệu 2,,,,,7.0,38.0
127.0,7.0,12.2,Sổ hồng,Trống / Nhà thô,10.7697416324461,106.688361032705,Chưa xác định,Quận 1,Phường Phạm Ngũ Lão,1860.6,1,Đường Bùi Thị Xuân,90.0021498441363,0.0,9.9957003117274,0.0,9.0,80.0
71.0,2.0,4.0,Sổ hồng,Cơ bản,21.0289486097874,105.852447225903,Hẻm ô tô,Thành phố Thủ Đức,Phường Trường Thọ,,0,Đường Đặng Văn Bi,,,,,5.0,5.95
98.0,4.0,5.0,Sổ hồng,Đầy đủ,10.6511093728527,106.730144412541,Chưa xác định,Huyện Nhà Bè,Xã Long Thới,,1,Đường Nguyễn Văn Tạo,,,,,10.0,8.9
50.0,4.0,5.0,Sổ hồng,Trống / Nhà thô,10.7863108226601,106.758275249009,Chưa xác định,Quận 2,Phường Bình Trưng Tây,,0,Đường Số 5,,,,,10.0,7.99
75.0,1.0,5.95,Sổ hồng,Trống / Nhà thô,10.7640929935802,106.624092791017,Mặt tiền,Quận Tân Phú,Phường Tân Thới Hòa,138.6,1,Đường Phan Anh,11.515151515151516,0.0,0.0,88.46320346320347,7.0,9.5
82.0,5.0,6.0,Sổ hồng,Trống / Nhà thô,10.8423789578159,106.643054526474,Mặt tiền,Quận Gò Vấp,Phường 14,2978.0,0,Đường Quang Trung,90.42411014103425,0.0,0.0,9.575218267293485,20.0,10.6
127.0,1.0,20.0,Sổ hồng,Cơ bản,10.7402987025343,106.623707256249,Mặt tiền,Quận 6,Phường 10,5599.7,0,Đường An Dương Vương,92.88890476275515,0.0,0.0,7.11002375127239,5.0,17.75
87.0,3.0,8.0,Sổ hồng,Trống / Nhà thô,10.7875953753101,106.677821713564,Mặt tiền,Quận 3,Phường 13,83.4,0,Đường Lê Văn Sỹ,25.371702637889687,0.0,0.0,74.568345323741,7.0,22.8
25.0,2.0,3.5,Sổ hồng,Trống / Nhà thô,10.7502657802172,106.631856427016,Chưa xác định,Quận 6,Phường 12,82.5,1,Đường Cư Xá Phú Lâm A,0.0,0.0,0.0,100.0,4.0,3.9
320.0,3.0,12.0,Sổ đỏ,Trống / Nhà thô,10.80915,106.8212,Chưa xác định,Quận 9,Phường Trường Thạnh,,0,Đường A5,,,,,10.0,22.0
30.0,2.0,3.0,Sổ hồng,Trống / Nhà thô,10.7516798214031,106.701374639129,Chưa xác định,Quận 7,Phường Tân Hưng,498563.61,1,Phố Trần Xuân Soạn,95.4990898754123,0.0,0.11544564995427567,4.385462468871324,4.0,3.7
46.0,3.0,4.0,Sổ hồng,Đầy đủ,10.7920375371992,106.715997153951,Chưa xác định,Quận Bình Thạnh,Phường 22,63.7,0,Đường Võ Duy Ninh,29.215070643642072,0.0,0.0,70.78492935635794,8.0,7.55
166.0,2.0,21.8,Sổ hồng,Cơ bản,10.8653346655914,106.726734726318,Chưa xác định,Thành phố Thủ Đức,Phường Hiệp Bình Phước,,1,Đường Gò Dưa,,,,,2.0,3.98
118.0,5.0,8.0,Sổ đỏ,Trống / Nhà thô,10.7711818701706,106.690886912489,Hẻm ô tô,Quận 1,Phường Bến Thành,3041.8,0,Đường Lê Thị Riêng,95.93628772437373,0.36984680123611013,3.6935367216779538,0.0,23.0,35.0
35.0,3.0,4.0,Sổ hồng,Trống / Nhà thô,10.7723291306035,106.680805085515,Mặt tiền,Quận 3,Phường 4,690.8,1,Đường Nguyễn Hiền,96.03647944412276,0.0,0.0,3.9693109438332375,5.0,10.0
138.0,4.0,6.0,Sổ hồng,Đầy đủ,10.7886246639476,106.673932704533,Hẻm ô tô,Quận 3,Phường 12,81.4,0,Đường Lê Văn Sỹ,0.0,0.0,0.0,99.93857493857492,26.0,20.5
120.0,5.0,10.0,Sổ hồng,Cao cấp,10.8011609823262,106.688859135397,Mặt tiền,Quận Phú Nhuận,Phường 7,2444.0,0,Đường Nhiêu Tứ,8.85351882160393,91.01882160392799,0.0,0.12929623567921442,12.0,27.9
72.0,2.0,6.0,Sổ hồng,Trống / Nhà thô,10.7872567152836,106.651453144701,Hẻm ô tô,Quận Tân Bình,Phường 11,1349.1,0,Đường Lạc Long Quân,85.93729152768513,0.0,14.059743532725522,0.0,4.0,7.8
42.0,2.0,3.8333333333333335,Sổ hồng,Trống / Nhà thô,10.7629549545492,106.686632015588,Hẻm ô tô,Quận 1,Phường Nguyễn Cư Trinh,36.8,1,Đường Nguyễn Trãi,0.9782608695652175,0.0,0.0,98.96739130434784,4.0,10.0
78.0,3.0,12.0,Sổ hồng,Đầy đủ,10.7791338923346,106.761721294958,Hẻm ô tô,Quận 2,Phường Thạnh Mỹ Lợi,,0,Đường Thạnh Mỹ Lợi,,,,,9.0,8.0
297.0,1.0,5.0,Sổ hồng,Trống / Nhà thô,10.8654916813416,106.670803146114,Chưa xác định,Quận 12,Phường Thạnh Xuân,623.1,0,Đường Thạnh Xuân 21,0.0,0.0,0.0,99.99839512116834,32.0,11.5
126.0,3.0,10.8,không có,Trống / Nhà thô,10.7482857220434,106.619340100525,Chưa xác định,Quận Bình Tân,Phường Bình Trị Đông B,123.9,1,Đường Số 1,0.0,0.0,0.0,99.99192897497981,9.0,24.0
42.0,3.0,4.0,Sổ hồng,Đầy đủ,10.8049111275169,106.681855825945,Mặt tiền,Quận Phú Nhuận,Phường 4,8758.9,1,Đường Phùng Văn Cung,2.645994360022377,97.35377730080262,0.0,0.0,6.0,8.0
49.0,2.0,5.25,Sổ hồng,Cơ bản,10.7943087758825,106.604421939701,Hẻm ô tô,Quận Bình Tân,Phường Bình Hưng Hòa,56.8,1,Đường Tân Kỳ Tân Quý,23.961267605633804,0.0,0.0,76.00352112676056,4.0,5.1
346.0,6.0,12.8,không có,Trống / Nhà thô,10.8481503700492,106.667855177113,Mặt tiền,Quận Gò Vấp,Phường 8,939.5,1,Đường Lê Đức Thọ,90.34060670569451,0.0,0.0,9.659393294305483,9.0,30.0
28.0,2.0,2.0,Sổ hồng,Trống / Nhà thô,10.8807856909013,106.726430256834,Chưa xác định,Thành phố Thủ Đức,Phường Bình Chiểu,,0,Đường Lê Thị Hoa,,,,,4.0,2.2
70.0,3.0,6.9,Sổ đỏ,Trống / Nhà thô,10.8364612252338,106.72619743735,Hẻm ô tô,Thành phố Thủ Đức,Phường Hiệp Bình Chánh,,1,Đường Số 48,,,,,8.0,8.69
51.0,4.0,9.2,Sổ hồng,Đầy đủ,10.7561095084085,106.722930515873,Hẻm ô tô,Quận 7,Phường Tân Thuận Đông,295.5,1,Đường Trần Văn Khánh,88.3248730964467,0.0,0.0,11.221658206429778,15.0,6.3
72.0,4.0,16.0,Sổ hồng,Trống / Nhà thô,10.7615196394195,106.690121296497,Mặt tiền,Quận 1,Phường Nguyễn Cư Trinh,182.6,0,Đường Trần Đình Xu,12.294633077765608,0.0,0.0,87.68346111719607,13.0,24.8
32.0,3.0,4.4,Sổ hồng,Đầy đủ,10.800263223944,106.690415332418,Mặt tiền,Quận Phú Nhuận,Phường 7,232.2,1,Đường Nguyễn Công Hoan,91.60637381567615,0.0,0.0,8.406546080964686,5.0,5.79
71.0,5.0,6.0,Sổ hồng,Trống / Nhà thô,10.7898197377859,106.674766733255,Mặt tiền,Quận 3,Phường 12,93.3,1,Đường Lê Văn Sỹ,19.163987138263668,0.0,0.0,80.82529474812434,18.0,16.9
100.0,5.0,40.0,Sổ hồng,Đầy đủ,10.74134,106.6986,Mặt tiền,Quận 7,Phường Tân Hưng,498563.61,0,Đường Hoàng Trọng Mậu,95.4990898754123,0.0,0.11544564995427567,4.385462468871324,12.0,32.8
80.0,3.0,20.0,Sổ hồng,Cơ bản,10.69386434643685,106.6471966356039,Chưa xác định,Huyện Bình Chánh,Xã Phong Phú,,0,Đường Trịnh Quang Nghị,,,,,6.0,7.95
130.0,2.0,7.5,Sổ hồng,Cơ bản,10.7979476884217,106.704641396004,Mặt tiền,Quận Bình Thạnh,Phường 15,11203.2,1,Đường Điện Biên Phủ,85.561000428449,12.784740074264494,1.6542594972864897,0.0,11.0,15.5
64.0,4.0,8.0,Sổ hồng,Trống / Nhà thô,10.7857612810986,106.632543416995,Mặt tiền,Quận Tân Phú,Phường Phú Thọ Hòa,1108.9,0,Phố Lê Văn Phan,55.6515465776896,0.0,0.0,44.3457480385968,8.0,7.3
61.0,1.0,6.0,Sổ hồng,Đầy đủ,10.7975883246558,106.696058720532,Chưa xác định,Quận Bình Thạnh,Phường 1,970.6,1,Đường Lê Văn Duyệt,0.0,0.5347207912631362,0.0,99.46218833711106,3.0,11.8
55.0,4.0,8.1,Sổ hồng,Cơ bản,10.7489093647944,106.639426135034,Mặt tiền,Quận 6,Phường 11,3383.4,1,Đường Hậu Giang,64.6651297511379,23.45362652952651,0.0,11.880948158656974,7.0,6.5
100.0,1.0,16.0,Sổ hồng,Trống / Nhà thô,10.8638482662683,106.625039114727,Mặt tiền,Quận 12,Phường Tân Chánh Hiệp,2094.4,0,Đường Huỳnh Thị Hai,0.0,99.99904507257449,0.0,0.0,3.0,9.5
69.0,2.0,4.9,Sổ hồng,Trống / Nhà thô,10.8770416790451,106.64173522824,Mặt tiền,Quận 12,Phường Hiệp Thành,2211.4,1,Đường Liên Khu 2-5,87.7887311205571,0.0,0.12073799403093063,12.088722076512614,4.0,4.2
84.0,5.0,8.8,Sổ hồng,Trống / Nhà thô,10.8356881835267,106.842559958072,Chưa xác định,Quận 9,Phường Long Bình,,1,Đường T13,,,,,10.0,15.0
100.0,3.0,18.0,Sổ hồng,Đầy đủ,10.8089864959765,106.821456157455,Chưa xác định,Quận 9,Phường Trường Thạnh,,1,Unknown,,,,,9.0,8.5
80.0,4.0,10.799999999999999,Sổ hồng,Đầy đủ,10.807742997141,106.70303194695,Chưa xác định,Quận Bình Thạnh,Phường 12,1193.6,1,Đường Bùi Đình Túy,85.56216487935657,0.43649463806970507,0.0,14.003853887399465,8.0,14.2
62.0,4.0,12.0,Sổ hồng,Đầy đủ,10.6919146667698,106.736218337204,Mặt tiền,Huyện Nhà Bè,Thị trấn Nhà Bè,2106.8,0,Unknown,0.0,99.99952534649704,0.0,0.0,9.0,9.7
94.0,3.0,20.0,Sổ hồng,Trống / Nhà thô,10.7917426494981,106.674884853485,Mặt tiền,Quận Phú Nhuận,Phường 11,2830.0,0,Đường Huỳnh Văn Bánh,43.8660777385159,0.0,0.0,56.1356890459364,8.0,40.0
130.0,2.0,5.0,Sổ hồng,Trống / Nhà thô,10.7492925722145,106.639320170388,Chưa xác định,Quận 6,Phường 11,16.9,0,Đường Hậu Giang,66.74556213017752,33.49112426035503,0.0,0.0,6.0,13.0
40.0,2.0,3.0,Sổ hồng,Đầy đủ,10.7401407019243,106.735628238759,Hẻm xe máy,Quận 7,Phường Phú Thuận,870.5,0,Đường Nguyễn Văn Quỳ,60.23779437105112,0.0,0.0,39.76220562894888,6.0,6.5
100.0,4.0,9.86,không có,Trống / Nhà thô,10.7956656789355,106.775858358096,Chưa xác định,Quận 2,Phường An Phú,,1,Unknown,,,,,10.0,20.5
62.0,3.0,4.0,Sổ hồng,Cơ bản,10.7772103783161,106.766259726137,Hẻm ô tô,Quận 2,Phường Cát Lái,,0,Unknown,,,,,5.0,7.3
40.0,2.0,3.0,Sổ hồng,Đầy đủ,10.731909678911,106.731655441563,Mặt tiền,Quận 7,Phường Tân Phú,955.6,0,Đường Huỳnh Tấn Phát,82.13059857681039,0.0,0.0,17.868354960234406,4.0,4.89
30.0,5.0,6.0,Sổ đỏ,Trống / Nhà thô,10.7870631326408,106.651588713034,Hẻm ô tô,Quận Tân Bình,Phường 11,,0,Đường Lạc Long Quân,,,,,8.0,6.35
80.0,1.0,7.2,Sổ hồng,Trống / Nhà thô,10.8435753355724,106.64918703357,Hẻm ô tô,Quận Gò Vấp,Phường 9,1453.1,1,Đường Nguyễn Văn Khối,73.9233363154635,0.0,0.0,26.078728236184713,9.0,6.9
296.0,1.0,9.5,Sổ hồng,Trống / Nhà thô,10.8137751996357,106.689782062311,Mặt tiền,Quận Bình Thạnh,Phường 5,916.7,1,Đường Lê Quang Định,96.53867132104287,0.0,0.0,3.462419548380059,37.0,49.0
85.0,2.0,5.0,Sổ hồng,Đầy đủ,10.8180485841567,106.693071122087,Hẻm ô tô,Quận Bình Thạnh,Phường 11,685.9,0,Đường Nguyên Hồng,65.98921125528503,0.0,0.0,34.00787286776498,9.0,10.0
77.0,6.0,6.0,Sổ hồng,Đầy đủ,10.7604133642437,106.688651011072,Hẻm ô tô,Quận 1,Phường Nguyễn Cư Trinh,4746.0,0,Đường Trần Hưng Đạo,89.63737884534346,1.7951959544879899,0.0,8.568057311420144,9.0,31.0
52.0,5.0,5.0,Sổ hồng,Đầy đủ,10.7997329087674,106.641443999945,Hẻm ô tô,Quận Tân Bình,Phường 14,584.6,0,Đường Trường Chinh,21.151214505644887,0.1539514197742046,0.0,78.69141293191926,11.0,9.9
72.0,4.0,5.0,Sổ hồng,Đầy đủ,10.7317845749598,106.744830010203,Chưa xác định,Quận 7,Phường Phú Thuận,9782.4,0,Đường Huỳnh Tấn Phát,12.071270853778215,31.6465284592738,56.282200686947995,0.0,7.0,8.8
56.0,4.0,12.0,Sổ hồng,Đầy đủ,10.7959319430043,106.671237813923,Mặt tiền,Quận Phú Nhuận,Phường 10,1138.5,0,Đường Hoàng Diệu,38.827404479578384,0.1282389108476065,0.0,61.04699165568731,14.0,15.0
132.0,3.0,20.0,Sổ hồng,Trống / Nhà thô,10.76650882555,106.659356809474,Mặt tiền,Quận 10,Phường 14,1785.0,0,Phố Lý Thường Kiệt,86.6201680672269,0.0,0.0,13.36190476190476,16.0,52.0
560.0,3.0,13.4,Sổ hồng,Đầy đủ,10.840980961062067,106.85147396028168,Mặt tiền,Quận 9,Phường Long Bình,,1,Unknown,,,,,12.0,190.0
46.0,3.0,5.0,Sổ hồng,Cơ bản,10.8663923656783,106.68466928587,Hẻm ô tô,Quận 12,Phường Thạnh Lộc,1594.7,0,Đường Thạnh Lộc 16,8.198407223929266,0.0,0.0,91.80159277607073,6.0,5.15
47.0,3.0,6.0,Sổ hồng,Cơ bản,10.8078236311954,106.666484260904,Chưa xác định,Quận Tân Bình,Phường 2,174.8,0,Đường Phạm Cự Lượng,10.589244851258583,0.0,0.0,89.39931350114416,4.0,12.3
74.0,2.0,4.0,Sổ hồng,Trống / Nhà thô,10.7403592564135,106.735649594308,Mặt tiền,Quận 7,Phường Tân Thuận Đông,1085.1,0,Đường Nguyễn Văn Quỳ,68.58814855773662,0.0,0.0,31.41553773845729,8.0,5.3
310.0,6.0,15.0,Sổ hồng,Đầy đủ,10.7423625402593,106.710563088951,Chưa xác định,Quận 7,Phường Tân Quy,191.9,0,Unknown,11.307972902553413,0.0,0.0,88.69723814486711,93.0,49.0
179.0,3.0,12.8,Sổ hồng,Trống / Nhà thô,21.0289486097874,105.852447225903,Mặt tiền,Quận Bình Tân,Phường An Lạc,,1,Đường 1A,,,,,7.0,26.0
16.0,3.0,6.0,Sổ hồng,Trống / Nhà thô,10.78488140456,106.672952553777,Mặt tiền,Quận 3,Phường 11,133.3,0,Đường Trần Văn Đang,12.033008252063015,0.0,87.95948987246811,0.0,4.0,3.8
47.0,3.0,3.0,Sổ hồng,Trống / Nhà thô,10.7695531345517,106.678176037312,Mặt tiền,Quận 3,Phường 3,37.3,0,Phố Nguyễn Thiện Thuật,12.49329758713137,0.0,0.0,87.47989276139411,8.0,7.0
177.0,3.0,15.0,Sổ hồng,Trống / Nhà thô,10.8138403876853,106.774865510943,Chưa xác định,Thành phố Thủ Đức,Phường Phước Long B,,1,Đường Đỗ Xuân Hợp,,,,,7.0,19.0
236.0,3.0,16.0,Sổ hồng,Trống / Nhà thô,10.7858077567268,106.621873730322,Mặt tiền,Quận Tân Phú,Phường Phú Thọ Hòa,3303.5,0,Đường Lê Thiệt,97.22112910549416,0.0,0.0,2.7797790222491296,6.0,28.0
114.0,4.0,9.2,không có,Trống / Nhà thô,10.8013408098724,106.776860688575,Mặt tiền,Quận 2,Phường An Phú,,1,Unknown,,,,,13.0,47.0
114.0,4.0,9.2,không có,Trống / Nhà thô,10.8056623682049,106.790246863431,Chưa xác định,Quận 9,Phường Phú Hữu,,1,Đường Liên Phường,,,,,13.0,16.5
68.0,3.0,7.925,Sổ đỏ,Trống / Nhà thô,10.8298404981657,106.730843525525,Chưa xác định,Thành phố Thủ Đức,Phường Hiệp Bình Chánh,,1,Đường 18,,,,,9.0,11.9
80.0,3.0,12.5,Sổ hồng,Đầy đủ,10.6986918356106,106.642020027349,Mặt tiền,Huyện Bình Chánh,Xã Phong Phú,,1,Đường Thiên Lý,,,,,6.0,8.5
50.0,3.0,5.1,Sổ hồng,Đầy đủ,10.7933056240088,106.687240005631,Mặt tiền,Quận 1,Phường Tân Định,210.6,1,Đường Nguyễn Văn Nguyễn,78.72269705603038,0.0,0.0,21.258309591642927,10.0,7.95
52.0,2.0,4.5,Sổ hồng,Cơ bản,10.801838232126,106.687578582416,Hẻm ô tô,Quận Phú Nhuận,Phường 7,660.0,1,Đường Phan Tây Hồ,29.990909090909092,0.0,0.0,70.0060606060606,5.0,7.2
66.0,3.0,6.0,Sổ hồng,Trống / Nhà thô,10.7650580519486,106.695114679103,Mặt tiền,Quận 1,Phường Cầu Ông Lãnh,71.5,1,Đường Cô Bắc,3.1048951048951055,0.0,0.0,96.82517482517483,8.0,23.0
169.0,3.0,18.5,Sổ hồng,Đầy đủ,10.8073961014443,106.787181388759,Chưa xác định,Thành phố Thủ Đức,Phường Phước Long B,,1,Đường Liên Phường,,,,,8.0,25.0
148.0,3.0,8.0,Sổ hồng,Đầy đủ,10.846568165101294,106.79762832820415,Chưa xác định,Thành phố Thủ Đức,Phường Tăng Nhơn Phú A,,0,Đường Lê Văn Việt,,,,,12.0,13.8
198.0,4.0,10.0,Sổ hồng,Trống / Nhà thô,10.8411092910772,106.725230781151,Chưa xác định,Thành phố Thủ Đức,Phường Hiệp Bình Chánh,,1,Unknown,,,,,9.0,23.5
30.0,3.0,3.2666666666666666,không có,Trống / Nhà thô,10.7919292269559,106.696682250328,Chưa xác định,Quận 1,Phường Đa Kao,544.0,1,Đường Trương Hán Siêu,11.5,0.0,88.5,0.0,7.0,9.5
64.0,3.0,4.0,Sổ hồng,Đầy đủ,10.7870962432011,106.72962800685,Hẻm ô tô,Quận 2,Phường An Khánh,,0,Đường Trần Não,,,,,14.0,14.5
75.0,2.0,12.0,Sổ hồng,Cơ bản,10.7143234399855,106.736873950314,Chưa xác định,Quận 7,Phường Phú Mỹ,575.5,1,Đường Huỳnh Tấn Phát,34.68983492615117,0.0,0.0,65.31190269331016,5.0,4.39
100.0,2.0,2.0,Sổ hồng,Trống / Nhà thô,10.7410074160969,106.646536009988,Chưa xác định,Quận 8,Phường 14,9583.9,0,Đường Bình Đông,1.2447959598910672,80.04486691221737,0.0,0.0,6.0,5.6
113.0,2.0,6.0,Sổ đỏ,Trống / Nhà thô,10.8061972940294,106.69072097647,Hẻm ô tô,Quận Bình Thạnh,Phường 7,76.9,0,Đường Hoàng Hoa Thám,6.762028608582575,0.1820546163849155,0.0,92.99089726918075,8.0,20.0
70.0,4.0,6.0,Sổ hồng,Đầy đủ,10.8469851163765,106.757590855999,Chưa xác định,Thành phố Thủ Đức,Phường Trường Thọ,,0,Đường 9,,,,,8.0,7.5
31.0,4.0,5.5,Sổ hồng,Đầy đủ,10.7992329290772,106.683375611901,Chưa xác định,Quận Phú Nhuận,Phường 1,703.4,1,Đường Đoàn Thị Điểm,80.88569803810066,0.0,0.0,19.11003696332101,10.0,8.58
84.0,3.0,12.0,Sổ hồng,Cơ bản,10.7887737,106.6614004,Mặt tiền,Quận Tân Bình,Phường 12,72.9,0,Đường K300,39.39643347050754,0.0,0.0,60.576131687242786,8.0,13.9
81.0,5.0,10.0,Sổ hồng,Đầy đủ,10.8736148973659,106.767667652881,Mặt tiền,Thành phố Thủ Đức,Phường Linh Chiểu,,0,Đường 4,,,,,9.0,13.9
61.0,3.0,20.0,Sổ hồng,Đầy đủ,10.7055295204486,106.740579826678,Chưa xác định,Quận 7,Phường Phú Mỹ,1102.2,1,Đường Chuyên Dùng 9,53.56196697514063,8.746144075485393,0.0,37.69007439666122,9.0,7.45
222.0,5.0,10.5,Sổ hồng,Trống / Nhà thô,10.8241143779752,106.761988003975,Chưa xác định,Quận 9,Phường Tăng Nhơn Phú A,,1,Đường Số 26,,,,,12.0,18.0
72.0,1.0,6.0,Sổ hồng,Trống / Nhà thô,10.7968556806462,106.807949603531,Chưa xác định,Quận 9,Phường Phú Hữu,,0,Đường Nguyễn Duy Trinh,,,,,4.0,6.7
26.0,3.0,2.0,Sổ hồng,Cơ bản,10.8026328319038,106.676969546645,Chưa xác định,Quận Phú Nhuận,Phường 9,2748.2,1,Đường Hồ Văn Huê,10.580743759551705,89.41852849137618,0.0,0.0,5.0,10.0
21.0,4.0,8.0,Sổ hồng,Cơ bản,10.7717425031749,106.645864029425,Hẻm ô tô,Quận 11,Phường 5,1794.0,0,Đường Lạc Long Quân,99.01783723522854,0.0,0.0,0.9849498327759199,5.0,4.5
427.0,4.0,39.0,Sổ hồng,Trống / Nhà thô,10.835965105565789,106.84268119309388,Chưa xác định,Quận 9,Phường Long Thạnh Mỹ,,1,Đường Nguyễn Xiển,,,,,14.0,62.9
44.0,2.0,8.0,Sổ hồng,Trống / Nhà thô,10.7977427683717,106.623196338555,Mặt tiền,Quận Tân Phú,Phường Tân Quý,386.7,0,Phố Phùng Chí Kiên,10.149987070080165,0.0,0.0,89.84484096198604,3.0,6.85
57.0,4.0,12.0,Sổ hồng,Đầy đủ,10.8415698225496,106.660386489635,Mặt tiền,Quận Gò Vấp,Phường 11,604.0,0,Đường 17,0.0,0.0,0.0,99.99337748344371,9.0,9.8
154.0,3.0,30.0,Sổ đỏ,Trống / Nhà thô,10.8322257024211,106.618404133199,Mặt tiền,Quận 12,Phường Tân Thới Nhất,320.9,1,Đường Tân Thới Nhất 13,13.290744780305392,0.0,0.0,86.71860392645684,8.0,8.38
126.0,2.0,16.0,Sổ hồng,Trống / Nhà thô,10.7513282540626,106.615183397346,Chưa xác định,Quận Bình Tân,Phường Bình Trị Đông B,,1,Đường Số 7,,,,,4.0,27.5
67.0,3.0,5.0,Sổ hồng,Trống / Nhà thô,10.8022234066914,106.641517401049,Mặt tiền,Quận Tân Bình,Phường 13,8379.7,1,Đường Cộng Hòa,82.14912228361398,14.234638471544326,1.317827607193575,2.2981729656192944,8.0,13.5
29.0,4.0,4.0,Sổ hồng,Cao cấp,10.7720122163975,106.679709174845,Hẻm ô tô,Quận 3,Phường 3,1220.5,0,Đường Cao Thắng,96.83408439164276,0.8299877099549366,0.0,2.332650553052028,6.0,8.4
270.0,5.0,14.3,Sổ hồng,Trống / Nhà thô,10.7935794606527,106.717864141966,Mặt tiền,Quận Bình Thạnh,Phường 22,5636.5,1,Đường Nguyễn Hữu Cảnh,0.0,0.0,0.0,99.99946775481239,16.0,45.0
125.0,1.0,20.0,Sổ hồng,Đầy đủ,10.854708202138,106.768297640467,Mặt tiền,Thành phố Thủ Đức,Phường Linh Trung,,0,Đường Hoàng Diệu 2,,,,,3.0,25.0
48.0,4.0,10.0,Sổ hồng,Đầy đủ,10.7434101233389,106.722771151207,Chưa xác định,Quận 7,Phường Bình Thuận,49331.1,0,Unknown,58.96132460050557,41.03871594187034,0.0,0.0,9.0,11.0
46.0,3.0,5.8,Sổ hồng,Đầy đủ,10.7860218191773,106.671587186393,Chưa xác định,Quận 3,Phường 11,22.3,1,Đường Cách Mạng Tháng Tám,40.76233183856502,0.0,0.0,59.05829596412556,11.0,9.5
220.0,3.0,8.0,Sổ hồng,Cao cấp,10.7145519016218,106.73511625133,Chưa xác định,Quận 7,Phường Phú Mỹ,4701.3,1,Đường Hoàng Quốc Việt,24.836747282666497,0.0,0.0,75.16304001020994,8.0,32.0
65.0,3.0,8.0,Sổ hồng,Trống / Nhà thô,10.7762273257571,106.763921740807,Mặt tiền,Quận 2,Phường Thạnh Mỹ Lợi,,0,Đường Số 16,,,,,4.0,7.3
16.0,2.0,3.8,Sổ hồng,Trống / Nhà thô,10.7920868125539,106.677572903962,Mặt tiền,Quận Phú Nhuận,Phường 12,1471.1,1,Đường Huỳnh Văn Bánh,98.72544354564612,0.0,0.0,1.2738766909115626,4.0,3.1
105.0,4.0,10.0,Sổ hồng,Trống / Nhà thô,10.7904462146746,106.687663237701,Mặt tiền,Quận 3,Phường Võ Thị Sáu,93.4,0,Đường Nguyễn Văn Mai,0.0,0.0,0.0,100.0,13.0,33.0
104.0,4.0,5.0,Sổ hồng,Trống / Nhà thô,10.7320574699921,106.731702755195,Chưa xác định,Quận 7,Phường Tân Phú,108.8,0,Đường Huỳnh Tấn Phát,17.022058823529413,0.0,0.0,82.99632352941177,14.0,8.5
57.0,5.0,6.0,Sổ hồng,Trống / Nhà thô,10.7645742134298,106.66579212176,Mặt tiền,Quận 10,Phường 8,962.0,0,Đường Nguyễn Tiểu La,4.470893970893971,0.0,0.0,95.48232848232848,17.0,8.9
50.0,2.0,10.7,Sổ hồng,Đầy đủ,10.7932848387471,106.687324772504,Chưa xác định,Quận 1,Phường Tân Định,922.7,1,Đường Nguyễn Văn Nguyễn,99.7724070662187,0.0,0.0,0.22434160615584695,8.0,15.8
76.0,4.0,4.0,Sổ hồng,Trống / Nhà thô,10.7930377935136,106.615529278342,Mặt tiền,Quận Tân Phú,Phường Tân Quý,2907.3,0,Đường Bình Long,95.58559488184913,0.0,0.0,4.413029271145049,8.0,6.75
70.0,2.0,5.0,Sổ hồng,Trống / Nhà thô,10.7842560923208,106.759526448062,Chưa xác định,Quận 2,Phường Bình Trưng Tây,,1,Đường Nguyễn Duy Trinh,,,,,5.0,5.0
158.0,5.0,12.0,Sổ hồng,Đầy đủ,10.7884797174652,106.703361289575,Chưa xác định,Quận Gò Vấp,Phường 1,2445.1,0,Đường Nguyễn Bỉnh Khiêm,47.87125270950063,0.0,52.12956525295489,0.0,9.0,25.0
50.0,5.0,7.333333333333333,Sổ hồng,Trống / Nhà thô,10.8008153362509,106.688348715173,Mặt tiền,Quận Phú Nhuận,Phường 7,34.9,1,Unknown,0.0,0.0,0.0,100.0,9.0,10.6
63.0,2.0,6.0,Sổ hồng,Đầy đủ,10.8143110152196,106.623698808418,Hẻm ô tô,Quận Tân Phú,Phường Tây Thạnh,1632.4,0,Đường Hồ Đắc Di,84.4535653026219,0.0,0.0,15.548885077186963,7.0,6.9
18.0,5.0,8.0,Sổ hồng,Trống / Nhà thô,10.7399381232469,106.725387905941,Mặt tiền,Quận 7,Phường Bình Thuận,2586.8,0,Đường 4,18.2793412710685,80.61002010205658,0.0,1.1121849389206742,7.0,4.55
56.0,4.0,8.0,Sổ hồng,Cơ bản,10.8042584739703,106.820062994957,Chưa xác định,Quận 9,Phường Long Trường,,0,Đường Nguyễn Duy Trinh,,,,,8.0,6.9
100.0,3.0,12.666666666666668,Sổ hồng,Đầy đủ,10.7547858437414,106.680418564974,Chưa xác định,Quận 5,Phường 2,94.1,1,Đường Trần Hưng Đạo,0.0,0.0,0.0,99.96811902231669,8.0,14.8
204.0,4.0,14.55,Sổ hồng,Trống / Nhà thô,10.8044869693421,106.728806977526,Mặt tiền,Quận 2,Phường Thảo Điền,,1,Đường Nguyễn Bá Huân,,,,,12.0,34.0
60.0,4.0,4.0,Sổ hồng,Đầy đủ,10.7946190551013,106.70885985985,Chưa xác định,Quận Bình Thạnh,Phường 19,835.3,0,Đường Xô Viết Nghệ Tĩnh,3.9207470369926973,0.0,0.0,96.08045013767509,13.0,8.24
95.0,4.0,12.0,Sổ hồng,Cơ bản,10.8041362085332,106.617776065086,Mặt tiền,Quận Tân Phú,Phường Sơn Kỳ,885.0,1,Đường N1,0.711864406779661,99.28474576271185,0.0,0.0,9.0,22.24
64.0,3.0,7.0,Sổ hồng,Trống / Nhà thô,10.7844151290383,106.642187749648,Chưa xác định,Quận Tân Bình,Phường 9,662.7,0,Đường Âu Cơ,94.3654745737136,5.629998491021579,0.0,0.0,9.0,12.0
108.0,8.0,12.0,Sổ hồng,Đầy đủ,10.7711132914757,106.686566388322,Mặt tiền,Quận 3,Phường 5,916.6,0,Đường Nguyễn Thị Minh Khai,15.214924721797948,0.0,84.78834824350862,0.0,14.0,40.0
86.0,4.0,16.0,Sổ hồng,Cơ bản,10.8290714618754,106.641172394156,Mặt tiền,Quận Gò Vấp,Phường 12,1504.1,1,Đường Huỳnh Văn Nghệ,96.03284356093346,0.0,0.0,3.9664915896549435,9.0,7.8
106.0,2.0,6.0,Sổ hồng,Đầy đủ,10.795538452695,106.642995003366,Mặt tiền,Quận Tân Bình,Phường 14,818.5,0,Đường Nguyễn Hồng Đào,72.14783139890042,0.0,0.0,27.858277336591325,6.0,12.8
52.0,3.0,3.0,Sổ hồng,Cơ bản,10.7493864972042,106.639562408156,Hẻm ô tô,Quận 6,Phường 12,2750.8,0,Đường Hậu Giang,68.67347680674712,17.839174058455722,0.0,13.487712665406427,5.0,6.4
229.0,6.0,8.0,không có,Trống / Nhà thô,10.7763456241802,106.700678222216,Mặt tiền,Quận 1,Phường Bến Nghé,7556.1,1,Đường Lê Thánh Tôn,0.6834213416974365,99.3160492846839,0.0,0.0,120.0,380.0
55.0,1.0,6.0,Sổ hồng,Trống / Nhà thô,10.7894247474934,106.800098009711,Chưa xác định,Quận 9,Phường Phú Hữu,,0,Đường 970,,,,,2.0,4.5
300.0,7.0,23.7,Sổ hồng,Trống / Nhà thô,10.8253066901308,106.684414270015,Chưa xác định,Quận Gò Vấp,Phường 7,82.1,1,Đường Nguyễn Văn Nghi,7.563946406820951,0.0,0.0,92.43605359317905,40.0,37.5
100.0,4.0,16.599999999999998,Sổ hồng,Trống / Nhà thô,10.7454957204171,106.690379197362,Chưa xác định,Quận 8,Phường 1,53.4,1,Đường Dương Bá Trạc,70.78651685393258,12.54681647940075,0.0,16.666666666666668,9.0,7.9
198.0,2.0,8.0,Sổ hồng,Trống / Nhà thô,10.6997967039442,106.639659015888,Chưa xác định,Huyện Bình Chánh,Xã Phong Phú,1067.5,1,Đường Trịnh Quang Nghị,66.17611241217799,33.82857142857143,0.0,0.0,5.0,6.2
80.0,4.0,7.0,Sổ hồng,Đầy đủ,10.7826562381209,106.769541649314,Mặt tiền,Thành phố Thủ Đức,Phường Bình Trưng Tây,,0,Đường Lê Văn Thịnh,,,,,9.0,8.7
56.0,4.0,16.0,Sổ hồng,Đầy đủ,10.8109017884722,106.608963537676,Mặt tiền,Quận Tân Phú,Phường Tây Thạnh,1398.9,0,Đường DC7,21.29959253699335,0.0,0.0,78.70040746300666,8.0,8.8
77.0,2.0,4.0,Sổ hồng,Trống / Nhà thô,10.846839478854,106.746874510215,Hẻm ô tô,Thành phố Thủ Đức,Phường Linh Đông,,0,Unknown,,,,,6.0,7.3
62.0,6.0,8.7,Sổ hồng,Trống / Nhà thô,10.7749871023168,106.658781632906,Mặt tiền,Quận 10,Phường 15,47081.0,1,Đường Tam Đảo,1.0807756844586986,0.5534716764724623,0.0,0.0,9.0,16.0
70.0,1.0,5.6,Sổ hồng,Trống / Nhà thô,10.7794378859194,106.667733232697,Chưa xác định,Quận 10,Phường 15,393.0,1,Đường Tô Hiến Thành,21.885496183206108,0.0,0.0,78.19083969465649,9.0,8.1
62.0,3.0,5.0,Sổ hồng,Trống / Nhà thô,10.8079069131916,106.688574250872,Chưa xác định,Quận Tân Bình,Phường 13,810.5,0,Đường Hoàng Hoa Thám,9.839605181986428,0.0,0.0,90.15545959284393,5.0,8.9
14.0,2.0,2.0,Sổ hồng,Đầy đủ,10.7649459614468,106.619040006068,Mặt tiền,Quận Bình Tân,Phường Bình Trị Đông,52.9,0,Đường Tân Hòa Đông,19.319470699432895,0.0,0.0,80.62381852551985,5.0,2.1
27.0,3.0,6.0,Sổ hồng,Đầy đủ,10.815989375472,106.695168093027,Hẻm ô tô,Quận Bình Thạnh,Phường 11,837.9,0,Đường Phan Văn Trị,84.9874686716792,0.0,0.0,15.013724788160879,6.0,6.95
143.0,6.0,6.0,Sổ hồng,Đầy đủ,10.8389487968058,106.665010684822,Mặt tiền,Quận Gò Vấp,Phường 11,957.5,0,Đường Thống Nhất,11.32219321148825,0.0,0.0,88.67362924281984,41.0,17.9
40.0,2.0,3.0,Sổ hồng,Đầy đủ,10.7401407019243,106.735628238759,Hẻm xe máy,Quận 7,Phường Phú Thuận,870.5,0,Đường Nguyễn Văn Quỳ,60.23779437105112,0.0,0.0,39.76220562894888,6.0,6.5
121.0,2.0,4.0,Sổ hồng,Cơ bản,10.8279563241969,106.621074602008,Mặt tiền,Quận 12,Phường Tân Thới Nhất,596.1,0,Đường Phan Văn Hớn,24.00939439691327,0.0,0.0,75.9922831739641,8.0,7.5
87.0,4.0,8.075,Sổ hồng,Trống / Nhà thô,10.7665995298787,106.677651107157,Mặt tiền,Quận 10,Phường 1,1938.0,1,Đường Lý Thái Tổ,99.63364293085655,0.0,0.0,0.3446852425180598,10.0,21.0
350.0,3.0,13.4,Sổ hồng,Trống / Nhà thô,10.779125293477,106.688772622381,Chưa xác định,Quận 3,Phường Võ Thị Sáu,1107.5,1,Đường Ngô Thời Nhiệm,0.6130925507900677,0.0,99.38961625282167,0.0,30.0,138.0
45.0,4.0,25.0,Sổ hồng,Cơ bản,10.758793788839,106.701438999799,Mặt tiền,Quận 4,Phường 6,129.4,0,Đường Số 41,0.0,0.0,0.0,99.97681607418856,8.0,32.0
46.0,2.0,6.0,Sổ hồng,Trống / Nhà thô,10.8024984683175,106.695857223674,Mặt tiền,Quận Bình Thạnh,Phường 3,455.4,0,Phố Phan Đăng Lưu,0.0,0.0,94.0316205533597,5.963987703118138,5.0,9.9
52.0,3.0,5.0,Sổ hồng,Đầy đủ,10.7869510672708,106.76362445578,Hẻm ô tô,Quận 2,Phường Bình Trưng Tây,,0,Unknown,,,,,7.0,7.6
90.0,5.0,3.0,Sổ hồng,Trống / Nhà thô,10.7667055072752,106.683653709313,Hẻm ô tô,Quận 1,Phường Cầu Ông Lãnh,1877.5,0,Đường Phạm Viết Chánh,96.83302263648469,0.0,0.0,3.1675099866844207,17.0,29.5
83.0,7.0,8.0,Sổ hồng,Đầy đủ,10.7689479960925,106.678748454031,Hẻm ô tô,Quận 3,Phường 1,1555.3,0,Phố Nguyễn Thiện Thuật,45.659358323153086,0.0,3.8532758953256607,50.48607985597634,12.0,26.0
45.0,4.0,13.333333333333332,Sổ hồng,Đầy đủ,10.7967616758426,106.683094480511,Chưa xác định,Quận Phú Nhuận,Phường 1,128.4,1,Đường Cô Bắc,0.0,0.0,0.0,100.0,8.0,7.65
30.0,4.0,4.0,Sổ hồng,Đầy đủ,10.799541030425,106.686722117797,Mặt tiền,Quận Phú Nhuận,Phường 7,3201.4,0,Đường Phùng Văn Cung,9.34372462047854,0.17929655775598174,0.0,0.0,8.0,7.6
90.0,2.0,8.0,Sổ hồng,Đầy đủ,10.798454476125,106.63056499783,Mặt tiền,Quận Tân Phú,Phường Tân Sơn Nhì,80.9,0,Đường Nguyễn Quý Anh,0.0,0.0,0.0,99.9752781211372,4.0,14.5
57.0,4.0,6.0,Sổ hồng,Đầy đủ,10.8011714074988,106.695013381541,Mặt tiền,Quận Bình Thạnh,Phường 3,227.3,0,Phố Phan Đăng Lưu,0.0,0.0,0.0,100.0,9.0,10.98
217.0,9.0,14.0,Sổ hồng,Đầy đủ,10.7640010749926,106.693477015179,Mặt tiền,Quận 1,Phường Cô Giang,58.8,1,Đường Cô Bắc,9.67687074829932,0.0,0.0,90.39115646258503,52.0,108.0
50.0,4.0,12.0,Sổ hồng,Đầy đủ,10.8572696686304,106.699309163073,Chưa xác định,Quận 12,Phường An Phú Đông,1736.2,0,Đường Võ Thị Liễu,36.958299735053565,37.08731712936298,0.6554544407326345,25.30065660638175,14.0,5.9
32.0,5.0,4.0,Sổ hồng,Trống / Nhà thô,10.7911061783092,106.699196496409,Mặt tiền,Quận 1,Phường Đa Kao,14194.5,0,Đường Mai Thị Lựu,72.44073408714642,8.731621402655957,18.827714960019726,0.0,9.0,8.65
130.0,5.0,20.0,Sổ hồng,Trống / Nhà thô,10.7546146850792,106.638285845147,Mặt tiền,Quận 11,Phường 1,2625.4,0,Đường Hồng Bàng,98.5651710215586,0.41593661918183894,0.0,1.0185114649196312,12.0,11.5
35.0,2.0,7.0,Sổ hồng,Cơ bản,10.7453602808786,106.63461261811,Mặt tiền,Quận 6,Phường 11,1854.7,0,Đường Nguyễn Văn Luông,0.23022591254650346,0.0,0.0,99.77193077047501,3.0,5.8
41.0,3.0,12.0,Sổ hồng,Trống / Nhà thô,10.739342422173,106.657221569221,Mặt tiền,Quận 8,Phường 5,1521.0,0,Đường Hoàng Minh Đạo,0.2695595003287311,99.72781065088758,0.0,0.0,6.0,9.9
84.0,5.0,8.8,Sổ hồng,Trống / Nhà thô,21.0289486097874,105.852447225903,Chưa xác định,Quận 9,Phường Long Thạnh Mỹ,,1,Unknown,,,,,10.0,17.0
49.0,2.0,6.0,Sổ hồng,Cơ bản,10.7831540004212,106.602280101172,Mặt tiền,Quận Bình Tân,Phường Bình Hưng Hòa A,861.1,0,Đường Liên Khu 2-10,34.728835210776914,65.27000348391591,0.0,0.0,4.0,5.15
51.0,4.0,6.0,Sổ hồng,Đầy đủ,10.8002036077275,106.716304100615,Mặt tiền,Quận Bình Thạnh,Phường 25,5677.6,0,Đường Điện Biên Phủ,90.0975764407496,8.736261800760884,0.0,1.1668662815274058,6.0,13.0
50.0,5.0,6.0,Sổ hồng,Đầy đủ,10.8194763826016,106.70290746191,Chưa xác định,Quận Bình Thạnh,Phường 13,227.2,0,Đường Nơ Trang Long,35.47975352112676,0.0,0.0,64.50264084507043,18.0,11.5
186.0,6.0,16.8,Sổ hồng,Trống / Nhà thô,10.8041562609188,106.659148010137,Mặt tiền,Quận Tân Bình,Phường 4,126.0,1,Đường Nguyễn Văn Vĩnh,12.253968253968253,0.0,0.0,87.75396825396825,8.0,41.0
180.0,3.0,6.0,không có,Trống / Nhà thô,10.8110180924503,106.707655177854,Mặt tiền,Quận Bình Thạnh,Phường 26,4037.2,1,Đường Chu Văn An,58.65872386802735,0.0,0.0,41.342019221242445,11.0,23.0
217.0,5.0,9.8,không có,Trống / Nhà thô,10.7963236939692,106.648242794679,Mặt tiền,Quận Tân Bình,Phường 12,84.3,1,Đường Thép Mới,0.0,0.0,0.0,100.0,30.0,34.0
257.0,5.0,12.3,Sổ hồng,Trống / Nhà thô,10.8062681490508,106.729942406734,Chưa xác định,Quận 2,Phường Thảo Điền,,1,Đường Số 43,,,,,33.0,46.0
100.0,4.0,8.0,Sổ hồng,Đầy đủ,10.8412591900436,106.72577718037,Mặt tiền,Thành phố Thủ Đức,Phường Hiệp Bình Chánh,,0,Đường B,,,,,10.0,14.5
54.0,2.0,7.0,Sổ hồng,Cơ bản,10.7821070395998,106.758816341142,Mặt tiền,Quận 2,Phường Thạnh Mỹ Lợi,,0,Đường Số 2,,,,,6.0,9.9
64.0,3.0,11.666666666666668,Sổ hồng,Trống / Nhà thô,10.7518334819763,106.598286370104,Mặt tiền,Quận Bình Tân,Phường Tân Tạo,91301.6,1,Đường 48,0.0,0.10008586925092222,0.0,0.3107174463536236,9.0,8.5
75.0,2.0,12.0,Sổ hồng,Cơ bản,10.7742131982208,106.679461671147,Chưa xác định,Quận 10,Phường 11,58.0,1,Đường Điện Biên Phủ,8.810344827586206,0.0,0.0,91.43103448275862,5.0,9.4
300.0,2.0,8.0,Sổ hồng,Cơ bản,10.8302588673135,106.627425931631,Mặt tiền,Quận 12,Phường Tân Hưng Thuận,447.5,0,Đường Nguyễn Văn Quá,60.70614525139665,0.0,0.0,39.291620111731845,28.0,23.8
53.0,4.0,5.9,Sổ hồng,Trống / Nhà thô,10.8867513252931,106.723884846958,Mặt tiền,Thành phố Thủ Đức,Phường Bình Chiểu,,1,Đường Ngô Chí Quốc,,,,,5.0,4.47
74.0,5.0,3.9,Sổ hồng,Cơ bản,10.7895403388956,106.691428614322,Hẻm ô tô,Quận 1,Phường Tân Định,376.8,1,Đường Đinh Công Tráng,63.93577494692144,0.0,0.0,36.05891719745223,20.0,19.8
21.0,3.0,3.0,Sổ đỏ,Trống / Nhà thô,10.7884087277981,106.629449655308,Mặt tiền,Quận Tân Phú,Phường Phú Thọ Hòa,174.8,1,Đường Vườn Lài,6.9336384439359255,0.0,0.0,93.07780320366132,4.0,6.3
116.0,2.0,5.8,Sổ hồng,Trống / Nhà thô,10.8069437678138,106.694969117475,Hẻm ô tô,Quận Bình Thạnh,Phường 7,994.4,1,Đường Nơ Trang Long,86.88053097345133,0.0,0.0,13.12248592115849,4.0,9.5
25.0,3.0,4.0,Sổ hồng,Đầy đủ,10.7550153150762,106.724142171443,Mặt tiền,Quận 7,Phường Tân Thuận Tây,,0,Đường Huỳnh Tấn Phát,,,,,5.0,3.55
51.0,2.0,6.0,Sổ hồng,Trống / Nhà thô,10.7315367121125,106.745007026292,Chưa xác định,Quận 7,Phường Phú Thuận,9782.4,1,Đường Huỳnh Tấn Phát,12.071270853778215,31.6465284592738,56.282200686947995,0.0,6.0,6.5
98.0,2.0,10.0,Sổ hồng,Cơ bản,10.651106550057,106.729875083998,Chưa xác định,Huyện Nhà Bè,Xã Long Thới,,0,Đường Nguyễn Văn Tạo,,,,,4.0,4.9
50.0,4.0,8.0,Sổ hồng,Đầy đủ,10.6888881588229,106.745419081379,Mặt tiền,Huyện Nhà Bè,Thị trấn Nhà Bè,1947.8,0,Đường Nguyễn Thị Hương,54.280726974021974,0.0,0.0,0.0,9.0,7.5
60.0,4.0,7.545454545454545,không có,Trống / Nhà thô,10.8302802415141,106.637784749195,Chưa xác định,Quận Tân Bình,Phường 15,380.6,1,Đường Huỳnh Văn Nghệ,35.35470310036784,0.0,0.0,64.65843405149764,8.0,6.1
57.0,6.0,13.1,Sổ đỏ,Trống / Nhà thô,10.7639550829101,106.690803694119,Mặt tiền,Quận 1,Phường Phạm Ngũ Lão,65.4,1,Đường Nguyễn Cư Trinh,0.0,0.0,0.0,100.0,9.0,48.0
60.0,4.0,50.0,Sổ hồng,Trống / Nhà thô,10.7942123320755,106.708738664419,Mặt tiền,Quận Bình Thạnh,Phường 19,921.9,0,Đường Xô Viết Nghệ Tĩnh,93.60017355461548,0.0,0.0,6.404165310771233,14.0,8.5
108.0,1.0,4.7,Sổ hồng,Trống / Nhà thô,10.8092783157593,106.60890534772,Chưa xác định,Quận Tân Phú,Phường Sơn Kỳ,80.0,1,Đường CC5,9.2,0.0,0.0,90.7875,6.0,6.2
59.0,2.0,3.9714285714285706,Sổ hồng,Trống / Nhà thô,10.7915171113043,106.685239894814,Mặt tiền,Quận 3,Phường Võ Thị Sáu,116.6,1,Đường Lý Chính Thắng,39.073756432247,0.0,60.960548885077195,0.0,5.0,13.2
110.0,4.0,8.0,Sổ hồng,Đầy đủ,10.8100205807659,106.734039477673,Mặt tiền,Quận 2,Phường Thảo Điền,,1,Đường Số 2,,,,,9.0,30.2
62.0,2.0,18.0,Sổ hồng,Cơ bản,10.8206539014263,106.635884348996,Mặt tiền,Quận Tân Bình,Phường 15,95.6,0,Đường Nguyễn Sỹ Sách,14.34100418410042,0.0,0.0,85.61715481171548,4.0,10.0
70.0,4.0,10.0,Sổ hồng,Đầy đủ,10.7989818388037,106.682279967242,Mặt tiền,Quận Phú Nhuận,Phường 2,72.1,1,Đường Đoàn Thị Điểm,5.187239944521499,0.0,0.0,94.75728155339806,9.0,16.2
80.0,4.0,6.0,Sổ hồng,Đầy đủ,10.8377977556155,106.636445726068,Hẻm ô tô,Quận Gò Vấp,Phường 12,3293.3,0,Đường Phan Huy Ích,97.92852154374032,0.0,1.259223271490602,0.8116478911729875,8.0,10.5
61.0,3.0,5.0,Sổ hồng,Cơ bản,10.8574805636241,106.626742121255,Hẻm ô tô,Quận 12,Phường Trung Mỹ Tây,2779.8,0,Đường Đông Bắc,55.104683790200724,0.0,0.0,43.359234477300525,7.0,4.75
54.0,4.0,7.1,Sổ đỏ,Trống / Nhà thô,10.7626014746377,106.670939812217,Hẻm ô tô,Quận 10,Phường 3,1923.0,1,Đường Nguyễn Duy Dương,94.99167966718669,0.0,0.0,5.000520020800832,9.0,13.1
100.0,2.0,6.0,Sổ hồng,Đầy đủ,10.6845178602726,106.749871635457,Mặt tiền,Huyện Nhà Bè,Xã Phú Xuân,,0,Đường Đào Tông Nguyên,,,,,4.0,6.5
367.0,6.0,25.2,Sổ hồng,Trống / Nhà thô,10.8035722707419,106.616791224973,Chưa xác định,Quận Tân Phú,Phường Sơn Kỳ,947.3,1,Đường N1,19.915549456349627,0.0,0.0,80.08022801646786,13.0,22.8
80.0,6.0,20.0,không có,Trống / Nhà thô,10.7317818355557,106.621285919522,Mặt tiền,Quận Bình Tân,Phường An Lạc,1630.3,0,Đường An Dương Vương,84.50346561982458,0.0,0.0,15.49837453229467,10.0,14.4
94.0,4.0,12.0,Sổ hồng,Đầy đủ,10.7477475742442,106.685058700184,Chưa xác định,Quận 8,Phường 2,86.0,0,Đường Nguyễn Thị Tần,0.0,0.0,0.0,100.0,12.0,10.0
85.0,2.0,6.0,Sổ hồng,Trống / Nhà thô,10.8185142658581,106.678690848455,Hẻm ô tô,Quận Gò Vấp,Phường 3,1174.9,0,Đường Nguyễn Kiệm,58.743722870031476,0.0,0.0,41.255425993701586,8.0,9.4
40.0,3.0,4.0,Sổ hồng,Đầy đủ,10.7319268005554,106.745346109219,Chưa xác định,Quận 7,Phường Phú Thuận,9782.4,1,Đường Huỳnh Tấn Phát,12.071270853778215,31.6465284592738,56.282200686947995,0.0,7.0,6.8
108.0,5.0,8.0,Sổ hồng,Trống / Nhà thô,10.7630997222793,106.687170689963,Chưa xác định,Quận 1,Phường Nguyễn Cư Trinh,566.7,0,Đường Nguyễn Trãi,24.79089465325569,75.07852479265925,0.0,0.12352214575613196,29.0,36.0
30.0,3.0,5.0,Sổ hồng,Đầy đủ,10.7995515816374,106.686099752082,Hẻm ô tô,Quận Phú Nhuận,Phường 7,215.9,0,Đường Phùng Văn Cung,1.3385826771653544,0.0,68.20750347383047,30.47244094488189,7.0,7.88
43.0,4.0,2.0,Sổ hồng,Cơ bản,10.7155348360801,106.631845233598,Mặt tiền,Quận 8,Phường 7,367.8,0,Đường Phạm Thế Hiển,15.486677542142468,0.0,0.0,84.5241979336596,7.0,5.2
70.0,2.0,6.0,Sổ hồng,Trống / Nhà thô,10.819237205755,106.702965706467,Mặt tiền,Quận Bình Thạnh,Phường 13,442.1,0,Đường Nơ Trang Long,0.0,0.0,0.0,99.99547613662067,5.0,8.9
51.0,2.0,8.400000000000002,Sổ hồng,Cơ bản,10.8592493045587,106.75693061396,Hẻm ô tô,Thành phố Thủ Đức,Phường Linh Tây,,1,Unknown,,,,,4.0,4.79
101.0,3.0,6.0,Sổ hồng,Cơ bản,10.8057748355091,106.605093295656,Hẻm ô tô,Quận Bình Tân,Phường Bình Hưng Hòa,1603.5,0,Đường Số 5,30.215777985656377,0.0,0.0,69.78609292173373,7.0,10.5
62.0,2.0,13.1,Sổ hồng,Cơ bản,10.8054553622509,106.681697428795,Chưa xác định,Quận Phú Nhuận,Phường 5,52.9,1,Đường Thích Quảng Đức,17.03213610586011,0.0,0.0,83.00567107750472,8.0,8.6
51.0,3.0,3.0,Sổ hồng,Cơ bản,10.7503912707601,106.679054315228,Chưa xác định,Quận 8,Phường 8,64.2,0,Đường Hưng Phú,0.0,0.0,0.0,100.0,7.0,4.68
31.0,4.0,5.8,Sổ hồng,Trống / Nhà thô,10.7585880144626,106.687912841307,Mặt tiền,Quận 1,Phường Cầu Kho,2345.2,1,Đường Nguyễn Cảnh Chân,2.694866109500256,91.86039570185912,0.0,5.444311785775201,6.0,13.9
104.0,3.0,11.2,Sổ hồng,Trống / Nhà thô,10.8589520810071,106.756438018946,Mặt tiền,Thành phố Thủ Đức,Phường Linh Tây,,1,Unknown,,,,,8.0,8.8
80.0,4.0,8.1875,Sổ hồng,Trống / Nhà thô,10.7400156598633,106.678312857754,Mặt tiền,Quận 8,Phường 4,656.3,1,Đường Cao Lỗ,0.0,99.99542891970135,0.0,0.0,9.0,13.5
371.0,7.0,30.5,Sổ hồng,Trống / Nhà thô,10.8120230323208,106.692373101133,Chưa xác định,Quận Bình Thạnh,Phường 11,50.9,1,Đường Nguyễn Văn Đậu,33.182711198428294,0.0,0.0,66.75834970530451,14.0,98.0
43.0,4.0,4.5,Sổ hồng,Đầy đủ,10.7617092170445,106.67817331341,Mặt tiền,Quận 5,Phường 4,1351.5,1,Đường Trần Phú,75.77210506844246,0.0,0.4639289678135405,23.761746207917128,15.0,9.29
90.0,4.0,13.136363636363637,Sổ hồng,Trống / Nhà thô,10.7908495092333,106.692414369092,Mặt tiền,Quận 1,Phường Tân Định,69.9,1,Đường Thạch Thị Thanh,0.0,0.0,0.0,99.98569384835479,10.0,25.7
181.0,2.0,6.0,Sổ hồng,Cơ bản,10.851566741004,106.768860950108,Hẻm ô tô,Thành phố Thủ Đức,Phường Tam Bình,,0,Đường 6,,,,,16.0,9.9
30.0,4.0,3.2,Sổ hồng,Trống / Nhà thô,10.7926706795051,106.696734639198,Mặt tiền,Quận 1,Phường Tân Định,3420.1,1,Đường Trương Hán Siêu,77.93105464752493,16.147773456916465,5.920002339112892,0.0,7.0,9.0
36.0,2.0,4.0,Sổ hồng,Trống / Nhà thô,10.7689266546858,106.678861587694,Mặt tiền,Quận 3,Phường 1,2067.2,1,Phố Nguyễn Thiện Thuật,33.23916408668731,0.0,0.0,66.7622871517028,4.0,7.0
222.0,3.0,7.0,Sổ hồng,Trống / Nhà thô,10.7786097475107,106.686157452717,Mặt tiền,Quận 3,Phường Võ Thị Sáu,854.3,0,Phố Bà Huyện Thanh Quan,8.989816223808965,0.0,91.01252487416599,0.0,13.0,205.0
103.0,6.0,5.0,Sổ hồng,Đầy đủ,10.7965093968835,106.677739549895,Mặt tiền,Quận Phú Nhuận,Phường 8,783.7,0,Đường Trần Huy Liệu,79.14252902896516,0.0,0.0,20.86129896644124,20.0,27.99
120.0,3.0,12.0,Sổ hồng,Đầy đủ,10.70276,106.6216,Mặt tiền,Quận 8,Phường 7,,0,Đường Phạm Thế Hiển,,,,,9.0,9.3
49.0,4.0,4.0,Sổ hồng,Cơ bản,10.7437372923449,106.683792100142,Hẻm ô tô,Quận 8,Phường 3,538.9,0,Đường Âu Dương Lân,70.05938021896456,0.0,0.0,29.935052885507513,6.0,7.1
66.0,3.0,12.0,Sổ hồng,Cơ bản,10.7643288218748,106.705540712609,Mặt tiền,Quận 4,Phường 12,2609.7,1,Đường Hoàng Diệu,96.65517109246274,0.0,0.0,3.3432961643100745,4.0,13.7
55.0,2.0,7.0,Sổ hồng,Đầy đủ,10.8054664155777,106.682100678044,Chưa xác định,Quận Phú Nhuận,Phường 5,947.1,0,Đường Thích Quảng Đức,79.44884383908774,0.0,0.0,20.554323725055433,6.0,9.5
73.0,4.0,12.0,Sổ hồng,Đầy đủ,10.8123631279318,106.709638258204,Mặt tiền,Quận Bình Thạnh,Phường 26,1235.8,0,Unknown,8.223013432594271,0.0,0.0,91.77536818255382,10.0,14.5
37.0,3.0,2.0,Sổ hồng,Đầy đủ,10.8417338508775,106.676947013395,Chưa xác định,Quận Gò Vấp,Phường 17,941.5,0,Đường Lê Đức Thọ,72.37812002124271,0.0,0.0,27.625066383430692,7.0,6.49
75.0,6.0,20.0,Sổ hồng,Đầy đủ,10.7949974776719,106.652836061721,Mặt tiền,Quận Tân Bình,Phường 12,74.0,0,Đường Xuân Hồng,0.0,0.0,0.0,100.0,20.0,21.5
66.0,5.0,8.0,Sổ hồng,Đầy đủ,10.7933653220656,106.642337933323,Mặt tiền,Quận Tân Bình,Phường 14,64.3,1,Đường Nguyễn Hồng Đào,0.0,0.0,0.0,100.0,12.0,23.5
50.0,4.0,6.0,Sổ hồng,Đầy đủ,10.7793607100443,106.64031593129,Mặt tiền,Quận Tân Phú,Phường Hòa Thạnh,118.9,1,Đường Kênh Tân Hóa,75.16400336417158,0.0,0.0,24.869638351555928,8.0,8.25
157.0,4.0,20.0,Sổ hồng,Trống / Nhà thô,10.80599,106.79,Chưa xác định,Quận 9,Phường Phú Hữu,,0,Đường Số 8,,,,,10.0,27.0
357.0,3.0,19.6,Sổ hồng,Trống / Nhà thô,10.7912032537364,106.71812213973,Chưa xác định,Quận Bình Thạnh,Phường 22,3434.3,1,Đường Nguyễn Hữu Cảnh,99.74900270797541,0.0,0.0,0.2507061118714148,8.0,300.0
72.0,4.0,14.0,Sổ hồng,Trống / Nhà thô,10.7920358207835,106.674827491171,Mặt tiền,Quận Phú Nhuận,Phường 11,49.0,1,Đường Nguyễn Văn Trỗi,0.0,0.0,0.0,99.93877551020408,9.0,16.8
52.0,2.0,4.5,Sổ hồng,Cơ bản,10.801838232126,106.687578582416,Hẻm ô tô,Quận Phú Nhuận,Phường 7,660.0,1,Đường Phan Tây Hồ,29.990909090909092,0.0,0.0,70.0060606060606,5.0,7.2
44.0,2.0,2.0,Sổ hồng,Cơ bản,10.7834876673972,106.612625859249,Chưa xác định,Quận Bình Tân,Phường Bình Hưng Hòa A,51.9,0,Đường Số 13A,0.0,0.0,0.0,99.98073217726397,4.0,3.5
112.0,4.0,8.5,Sổ hồng,Đầy đủ,10.7902444881553,106.693840851733,Chưa xác định,Quận 1,Phường Tân Định,7080.8,1,Đường Võ Thị Sáu,5.801039430572817,0.0,93.8679245283019,0.3316009490453056,11.0,28.5
50.0,4.0,3.0,Sổ hồng,Đầy đủ,10.7991620482278,106.703058037688,Mặt tiền,Quận Bình Thạnh,Phường 15,4982.3,0,Đường Điện Biên Phủ,12.555847700861047,57.45860345623507,1.4214318688156071,28.5635148425426,9.0,7.6
22.0,4.0,3.0,Sổ hồng,Cơ bản,10.7579662963107,106.706329538079,Mặt tiền,Quận 4,Phường 4,101.5,1,Đường Tôn Đản,31.64532019704433,0.0,0.0,68.35467980295566,6.0,4.25
75.0,3.0,15.0,Sổ hồng,Trống / Nhà thô,10.8075301376432,106.787360137825,Mặt tiền,Thành phố Thủ Đức,Phường Phước Long B,,0,Đường Liên Phường,,,,,7.0,11.5
42.0,6.0,11.8,Sổ hồng,Đầy đủ,10.8519039139643,106.65876176697,Chưa xác định,Quận Gò Vấp,Phường 16,2847.3,1,Đường Phạm Văn Chiêu,16.356548308924243,83.50928950233555,0.0,0.13416218874021,8.0,9.9
57.0,5.0,8.0,Sổ hồng,Đầy đủ,10.7516456164437,106.70168348128,Chưa xác định,Quận 7,Phường Tân Hưng,498563.61,0,Phố Trần Xuân Soạn,95.4990898754123,0.0,0.11544564995427567,4.385462468871324,8.0,12.99
52.0,4.0,5.0,Sổ hồng,Trống / Nhà thô,10.7929447226808,106.647504255328,Chưa xác định,Quận Tân Bình,Phường 10,251.6,0,Đường Trần Mai Ninh,16.915739268680447,0.0,0.0,83.08028616852147,12.0,9.29
60.0,2.0,7.875,Sổ hồng,Trống / Nhà thô,10.7346794379706,106.620296993556,Mặt tiền,Quận Bình Tân,Phường An Lạc,2743.6,1,Đường An Dương Vương,2.554308208193614,0.0,0.0,97.44678524566265,4.0,6.5
53.0,3.0,6.0,Sổ hồng,Đầy đủ,10.845542374217,106.664542954144,Hẻm ô tô,Quận Gò Vấp,Phường 16,921.7,1,Đường Thống Nhất,16.597591407182378,83.40674839969621,0.0,0.0,7.0,5.98
83.0,3.0,7.0,Sổ hồng,Trống / Nhà thô,10.7880919533425,106.629297678231,Mặt tiền,Quận Tân Phú,Phường Phú Thọ Hòa,2642.8,0,Đường Vườn Lài,59.83426668684728,0.0,0.0,40.16421976691388,8.0,9.89
50.0,4.0,7.2857142857142865,Sổ hồng,Trống / Nhà thô,10.7967960232532,106.68334257544,Hẻm ô tô,Quận Phú Nhuận,Phường 1,54.7,1,Đường Cô Bắc,0.0,0.0,0.0,100.0,9.0,7.65
86.0,4.0,5.0,Sổ hồng,Đầy đủ,10.8295054892714,106.640203110874,Mặt tiền,Quận Gò Vấp,Phường 12,1886.0,0,Đường Huỳnh Văn Nghệ,59.63573700954401,0.0,0.0,40.362672322375396,9.0,7.8
220.0,4.0,7.159999999999999,Sổ hồng,Đầy đủ,10.7377,106.726,Chưa xác định,Quận 7,Phường Tân Phú,125168.9,1,Đường Nguyễn Thị Thập,10.093202065369274,64.55223302273967,9.352746568836189,16.00155469929032,8.0,40.0
65.0,2.0,6.0,Sổ hồng,Đầy đủ,10.7970540624226,106.69256470218,Mặt tiền,Quận Bình Thạnh,Phường 3,16341.1,1,Đường Phan Xích Long,67.5368855217825,12.386253067418963,0.0,15.01991909969341,6.0,7.65
59.0,3.0,5.0,Sổ hồng,Trống / Nhà thô,10.740067541465,106.736262511899,Mặt tiền,Quận 7,Phường Phú Thuận,134.6,0,Đường Nguyễn Văn Quỳ,0.0,27.778603268945023,0.0,72.20653789004457,6.0,7.3
46.0,2.0,4.0,Sổ hồng,Đầy đủ,10.7544077003943,106.600911361988,Chưa xác định,Quận Bình Tân,Phường Tân Tạo,855.3,0,Đường Tỉnh Lộ 10,11.222962703145095,0.0,0.0,88.7828831988776,4.0,3.9
97.0,6.0,8.0,Sổ hồng,Đầy đủ,10.7898371773342,106.693804484995,Hẻm ô tô,Quận 1,Phường Tân Định,1485.6,0,Đường Võ Thị Sáu,78.474690360797,0.0,4.577948303715671,16.94870759289176,23.0,28.0
134.0,3.0,20.0,Sổ hồng,Trống / Nhà thô,10.7842390086039,106.696743534488,Mặt tiền,Quận 1,Phường Đa Kao,2898.4,0,Phố Hai Bà Trưng,0.7128070659674304,0.0,99.2865028981507,0.0,9.0,39.9
72.0,2.0,4.0,Sổ hồng,Trống / Nhà thô,10.8674858147955,106.628354765552,Mặt tiền,Quận 12,Phường Tân Chánh Hiệp,,0,Đường Huỳnh Thị Hai,,,,,5.0,4.93
28.0,3.0,11.0,Sổ hồng,Đầy đủ,10.7935446584349,106.687266964296,Chưa xác định,Quận 1,Phường Tân Định,49.0,1,Đường Nguyễn Văn Nguyễn,0.0,0.0,0.0,99.9795918367347,6.0,8.5
52.0,4.0,10.666666666666668,Sổ hồng,Đầy đủ,10.8374796835266,106.611586186401,Chưa xác định,Quận 12,Phường Tân Thới Nhất,521.4,1,Đường Tân Thới Nhất 2,0.0,0.0,0.0,99.99808208668969,9.0,7.3
64.0,3.0,5.5,Sổ hồng,Đầy đủ,10.7867320457905,106.701641310066,Chưa xác định,Quận 1,Phường Đa Kao,2553.9,1,Đường Nguyễn Thị Minh Khai,74.29186734014644,0.0,25.708524217862877,0.0,7.0,30.5
49.0,5.0,3.0,Sổ hồng,Cơ bản,10.8077240770136,106.703900524078,Mặt tiền,Quận Bình Thạnh,Phường 24,650.4,0,Đường Bùi Đình Túy,11.093173431734318,0.0,0.0,88.90836408364083,18.0,12.3
60.0,4.0,12.0,Sổ hồng,Đầy đủ,10.7790498109419,106.679193403058,Mặt tiền,Quận 10,Phường 12,1127.0,0,Đường Cách Mạng Tháng Tám,99.81721384205858,0.0,0.0,0.1792369121561668,8.0,18.7
174.0,6.0,10.0,Sổ hồng,Đầy đủ,10.8083101680578,106.687979480697,Chưa xác định,Quận Tân Bình,Phường 13,990.7,0,Đường Hoàng Hoa Thám,60.74089027960028,0.0,0.0,39.261128495003526,11.0,34.0
68.0,4.0,5.0,Sổ hồng,Đầy đủ,10.806884675556,106.68552339077,Hẻm ô tô,Quận Bình Thạnh,Phường 6,68.8,0,Đường Nguyễn Văn Đậu,0.0,0.0,0.0,99.95639534883722,9.0,12.0
81.0,4.0,8.0,Sổ hồng,Đầy đủ,10.6916966403593,106.736623378915,Chưa xác định,Huyện Nhà Bè,Thị trấn Nhà Bè,2106.8,0,Đường Đào Tông Nguyên,0.0,99.99952534649704,0.0,0.0,9.0,7.85
51.0,2.0,5.0,Sổ hồng,Cơ bản,10.852342057041,106.784976408516,Mặt tiền,Quận 9,Phường Hiệp Phú,,0,Đường Tân Hòa 2,,,,,7.0,5.85
64.0,4.0,40.0,Sổ hồng,Đầy đủ,10.83552113798,106.660959435348,Mặt tiền,Quận Gò Vấp,Phường 11,15858.6,0,Đường Quang Trung,6.112519390110098,88.15261120149319,0.0,5.734995522933929,8.0,9.9
32.0,4.0,4.0,Sổ hồng,Đầy đủ,10.801772872258,106.687562951009,Mặt tiền,Quận Phú Nhuận,Phường 7,33.3,0,Đường Phan Tây Hồ,50.48048048048048,0.0,0.0,49.579579579579594,8.0,7.3
104.0,2.0,4.0,Sổ hồng,Cơ bản,10.7843701652447,106.759576066709,Hẻm ô tô,Quận 2,Phường Bình Trưng Tây,,0,Unknown,,,,,5.0,10.7
151.0,3.0,19.999999999999996,Sổ hồng,Trống / Nhà thô,10.8465949145011,106.668964378867,Mặt tiền,Quận Gò Vấp,Phường 16,159.3,1,Đường Lê Đức Thọ,0.0,0.0,0.0,100.0,8.0,12.8
46.0,2.0,3.0,Sổ hồng,Trống / Nhà thô,10.8106715623739,106.713628158009,Mặt tiền,Quận Bình Thạnh,Phường 26,640.1,0,Đường Xô Viết Nghệ Tĩnh,0.0,99.99531323230745,0.0,0.0,5.0,6.79
33.0,1.0,4.0,Sổ hồng,Trống / Nhà thô,10.7682635084868,106.603012738804,Hẻm ô tô,Quận Bình Tân,Phường Bình Trị Đông A,9748.9,0,Đường Mã Lò,52.01325277723641,19.12400373375458,0.0,28.863153791709838,4.0,3.7
68.0,3.0,7.925,Sổ hồng,Trống / Nhà thô,10.8481564559758,106.64238587069,Hẻm ô tô,Quận Gò Vấp,Phường 14,149.1,1,Đường Phạm Văn Chiêu,48.920187793427225,0.0,51.079812206572775,0.0,9.0,7.19
62.0,2.0,4.0,Sổ hồng,Cơ bản,10.7927429040222,106.623575169233,Hẻm ô tô,Quận Tân Phú,Phường Tân Quý,84.0,0,Đường Nguyễn Quang Diêu,20.035714285714285,0.0,0.0,79.90476190476191,4.0,6.5
35.0,4.0,3.0,Sổ hồng,Trống / Nhà thô,10.755577998662,106.707538117376,Mặt tiền,Quận 4,Phường 15,479.4,1,Đường Tôn Thất Thuyết,22.342511472674175,42.392574050896954,35.26282853566959,0.0,9.0,6.2
47.0,2.0,5.0,Sổ hồng,Cơ bản,10.7854538610463,106.698485887654,Chưa xác định,Quận 1,Phường Đa Kao,1846.3,0,Đường Mạc Đĩnh Chi,97.01727779884092,0.0,2.982722201159075,0.0,4.0,12.5
54.0,3.0,5.4,không có,Trống / Nhà thô,10.781512381339,106.65351529287,Hẻm ô tô,Quận Tân Bình,Phường 8,782.1,1,Đường Thành Mỹ,98.12939521800281,0.0,0.0,1.8693261731236415,10.0,13.5
56.0,3.0,7.166666666666667,Sổ hồng,Trống / Nhà thô,10.6929811896161,106.740466786766,Hẻm ô tô,Huyện Nhà Bè,Thị trấn Nhà Bè,337.2,1,Đường Huỳnh Tấn Phát,12.844009489916964,0.0,0.0,87.15302491103203,8.0,5.88
160.0,5.0,8.0,Sổ hồng,Đầy đủ,10.838877848321,106.648830636088,Mặt tiền,Quận Gò Vấp,Phường 8,2080.4,0,Đường Quang Trung,97.5336473755047,0.0,0.0,2.464910594116516,12.0,25.0
56.0,3.0,6.0,Sổ hồng,Đầy đủ,10.7940578057527,106.595726708089,Hẻm ô tô,Quận Bình Tân,Phường Bình Hưng Hòa,4557.6,0,Đường Số 6,30.594611198876603,69.4045111462173,0.0,0.0,8.0,6.15
139.0,5.0,8.4,không có,Đầy đủ,10.84488,106.7182,Mặt tiền,Thành phố Thủ Đức,Phường Hiệp Bình Phước,,1,Đường Quốc Lộ 13,,,,,22.0,35.0
48.0,4.0,4.0,Sổ hồng,Đầy đủ,10.7401607107992,106.735843528788,Hẻm ô tô,Quận 7,Phường Phú Thuận,259.1,0,Đường Nguyễn Văn Quỳ,46.37591663450405,0.0,0.0,53.6318023928985,9.0,4.5
75.0,2.0,5.5,Sổ hồng,Đầy đủ,10.8360734883633,106.661205867235,Hẻm ô tô,Quận Gò Vấp,Phường 11,82.7,1,Đường Quang Trung,30.556227327690443,0.0,69.4316807738815,0.0,7.0,6.39
25.0,2.0,3.0,Sổ hồng,Cơ bản,10.7585753100872,106.630798978728,Hẻm ô tô,Quận 6,Phường 14,55.4,0,Đường Tân Hòa Đông,0.0,0.0,0.0,100.0,4.0,3.75
28.0,1.0,8.5,Sổ hồng,Trống / Nhà thô,10.8025821048449,106.685759632004,Chưa xác định,Quận Phú Nhuận,Phường 7,58.6,1,Đường Cầm Bá Thước,0.0,0.0,0.0,100.0,3.0,3.75
121.0,5.0,18.9,Sổ hồng,Cơ bản,10.8386041739181,106.831554390262,Chưa xác định,Quận 9,Phường Long Thạnh Mỹ,,1,Đường Nguyễn Xiển,,,,,13.0,19.0
98.0,3.0,30.0,Sổ hồng,Đầy đủ,10.7654724037317,106.663321051459,Mặt tiền,Quận 10,Phường 14,5292.0,1,Đường 3/2,76.54195011337869,0.0,0.0,23.46693121693122,10.0,36.0
142.0,5.0,11.5,Sổ hồng,Cơ bản,10.7992624810978,106.648081705713,Mặt tiền,Quận Tân Bình,Phường 12,2244.5,1,Đường Nguyễn Bá Tuyển,49.61194029850746,0.0,0.0,50.38627756738695,24.0,19.9
241.0,2.0,7.2,Sổ hồng,Trống / Nhà thô,10.7747791891567,106.681655290159,Mặt tiền,Quận 3,Phường 4,96.8,1,Đường Điện Biên Phủ,19.989669421487605,0.0,0.0,79.9690082644628,12.0,99.0
300.0,3.0,7.3,Sổ hồng,Trống / Nhà thô,10.7675642949975,106.686389338945,Mặt tiền,Quận 1,Phường Nguyễn Cư Trinh,4203.5,1,Đường Cống Quỳnh,90.33947900559059,0.0,9.661472582371832,0.0,40.0,90.0
569.0,3.0,8.0,Sổ hồng,Trống / Nhà thô,10.6688922410986,106.560181803387,Mặt tiền,Huyện Bình Chánh,Xã Bình Chánh,3519.5,0,Đường Hoàng Phan Thái,13.945446796419947,0.0,0.0,86.05341667850547,6.0,6.2
54.0,4.0,8.0,Sổ hồng,Trống / Nhà thô,10.8591373683607,106.760286205396,Hẻm ô tô,Thành phố Thủ Đức,Phường Linh Trung,,0,Đường 16,,,,,7.0,7.4
142.0,4.0,8.0,Sổ hồng,Trống / Nhà thô,10.7916783501769,106.685309984503,Mặt tiền,Quận 3,Phường Võ Thị Sáu,616.8,0,Đường Lý Chính Thắng,48.6284046692607,0.0,51.36835278858625,0.0,13.0,35.0
140.0,5.0,30.0,Sổ hồng,Trống / Nhà thô,10.84709,106.7096,Mặt tiền,Thành phố Thủ Đức,Phường Hiệp Bình Phước,,0,Phố thương mại Royal - Vạn Phúc City,,,,,9.0,38.28
130.0,1.0,30.0,Sổ hồng,Trống / Nhà thô,10.7128924707691,106.58124698326,Chưa xác định,Huyện Bình Chánh,Xã Tân Kiên,2996.6,0,Đường Nguyễn Cửu Phú,94.84816124941602,0.0,0.0,5.151171327504506,2.0,11.5
225.0,3.0,26.0,Sổ hồng,Trống / Nhà thô,10.7746071890432,106.690508519576,Mặt tiền,Quận 1,Phường Bến Thành,16370.8,1,Đường Nguyễn Thị Minh Khai,98.404231925135,1.595462653016346,0.0,0.0,14.0,200.0
30.0,5.0,6.0,Sổ hồng,Đầy đủ,10.8054869087713,106.682525540201,Mặt tiền,Quận Phú Nhuận,Phường 5,74.6,0,Đường Thích Quảng Đức,0.0,0.0,0.0,100.0,9.0,8.6
100.0,3.0,14.0,Sổ hồng,Cơ bản,10.7496640062444,106.608889941427,Mặt tiền,Quận Bình Tân,Phường Bình Trị Đông B,902660.3,0,Đường Số 5B,0.48759871238382807,0.0,0.0,0.0,9.0,14.4
94.0,3.0,8.916666666666668,Sổ hồng,Trống / Nhà thô,10.8113792696114,106.728770185497,Mặt tiền,Quận 2,Phường Thảo Điền,,1,Đường Số 62,,,,,8.0,17.5
44.0,3.0,4.0,Sổ hồng,Trống / Nhà thô,10.8708530794803,106.62838937788,Chưa xác định,Quận 12,Phường Trung Mỹ Tây,,0,Đường Lâm Thị Hố,,,,,6.0,4.75
60.0,4.0,6.0,Sổ hồng,Đầy đủ,10.8821334410621,106.681401315115,Chưa xác định,Quận 12,Phường Thạnh Lộc,1129.6,0,Đường Thạnh Lộc 37,0.0,10.054001416430596,0.0,89.94776912181304,10.0,7.7
72.0,3.0,6.0,Sổ hồng,Cơ bản,10.7764568168977,106.643334299971,Chưa xác định,Quận Tân Phú,Phường Phú Trung,1432.0,0,Đường Hoàng Xuân Nhị,14.557960893854748,0.0,0.0,85.44483240223462,5.0,7.79
112.0,4.0,10.0,Sổ hồng,Đầy đủ,10.845426250139,106.758618063965,Mặt tiền,Thành phố Thủ Đức,Phường Trường Thọ,,0,Đường 8,,,,,16.0,13.5
58.0,2.0,4.0,Sổ đỏ,Trống / Nhà thô,10.7375792263193,106.628265873616,Hẻm ô tô,Quận 6,Phường 10,1606.2,0,Đường An Dương Vương,6.254513759183164,0.0,0.0,93.74735400323745,5.0,4.6
92.0,2.0,5.0,Sổ hồng,Cơ bản,10.8229481610068,106.780289489548,Hẻm ô tô,Quận 9,Phường Phước Long B,,0,Đường Dương Đình Hội,,,,,7.0,8.0
55.0,5.0,5.0,Sổ hồng,Đầy đủ,10.7910953190993,106.608536350213,Hẻm ô tô,Quận Bình Tân,Phường Bình Hưng Hòa,163.7,0,Đường Số 19,32.11362248014662,0.0,0.0,67.91081246182041,9.0,7.6
17.0,3.0,4.1,Sổ hồng,Cơ bản,10.7926179467488,106.623547347895,Chưa xác định,Quận Tân Phú,Phường Tân Quý,84.0,1,Đường Nguyễn Quang Diêu,20.035714285714285,0.0,0.0,79.90476190476191,5.0,3.15
72.0,5.0,6.0,Sổ hồng,Cao cấp,10.7921550148019,106.649941630238,Mặt tiền,Quận Tân Bình,Phường 11,589.3,0,Đường Nguyễn Bá Tòng,89.58764636008826,0.0,10.41235363991176,0.0,11.0,12.2
85.0,2.0,10.0,Sổ hồng,Trống / Nhà thô,10.7689674205624,106.683797499994,Mặt tiền,Quận 3,Phường 4,3958.7,1,Đường Cao Thắng,0.0,0.0,0.0,100.0,4.0,28.0
90.0,3.0,11.5,Sổ hồng,Đầy đủ,10.725689308750717,106.69490452833386,Chưa xác định,Quận 7,Phường Tân Phong,56677.1,1,Đường Nguyễn Văn Linh,2.99302540179367,88.63636283437225,0.0,0.0,9.0,15.0
66.0,1.0,5.0,Sổ hồng,Trống / Nhà thô,10.808259569687,106.688076896935,Mặt tiền,Quận Bình Thạnh,Phường 6,845.8,0,Đường Hoàng Hoa Thám,75.59115630172619,0.0,0.0,24.410026010877278,5.0,10.0
92.0,9.0,24.2,Sổ đỏ,Trống / Nhà thô,10.7762906450539,106.70095843254,Mặt tiền,Quận 1,Phường Bến Nghé,16738.8,1,Đường Lê Thánh Tôn,84.17168494754702,15.346261380744139,0.4822926374650513,0.0,11.0,107.0
204.0,5.0,12.0,Sổ hồng,Trống / Nhà thô,10.8577228458258,106.741088695733,Mặt tiền,Thành phố Thủ Đức,Phường Bình Trưng Đông,,0,Đường 42,,,,,43.0,31.0
64.0,5.0,6.0,Sổ hồng,Đầy đủ,10.8476077784879,106.790829776061,Chưa xác định,Thành phố Thủ Đức,Phường Tăng Nhơn Phú A,,1,Đường Số 385,,,,,8.0,9.2
110.0,3.0,8.1,Sổ hồng,Trống / Nhà thô,10.8252405433097,106.614877153902,Hẻm ô tô,Quận 12,Phường Tân Thới Nhất,9564.6,1,Unknown,31.891767559542476,68.10865064926918,0.0,0.0,6.0,7.1
165.0,7.0,18.0,Sổ hồng,Đầy đủ,10.8062700602427,106.681566244589,Mặt tiền,Quận Phú Nhuận,Phường 4,947.1,1,Đường Thích Quảng Đức,79.44884383908774,0.0,0.0,20.554323725055433,30.0,39.5
80.0,4.0,8.1875,Sổ hồng,Đầy đủ,10.7437358850954,106.722381406888,Chưa xác định,Quận 7,Phường Bình Thuận,49331.1,1,Unknown,58.96132460050557,41.03871594187034,0.0,0.0,9.0,8.7
69.0,4.0,8.799999999999999,Sổ hồng,Trống / Nhà thô,10.8045518931274,106.625467314942,Mặt tiền,Quận Tân Phú,Phường Sơn Kỳ,713.0,1,Phố Đỗ Nhuận,0.0,0.0,0.0,100.0,8.0,9.5
100.0,1.0,8.0,Sổ hồng,Trống / Nhà thô,10.7982902580811,106.59196202618,Chưa xác định,Quận Bình Tân,Phường Bình Hưng Hòa B,2245.1,0,Đường Liên khu 4-5,44.166852256024235,55.834038572892084,0.0,0.0,10.0,3.88
100.0,3.0,16.0,Sổ hồng,Cơ bản,10.748991050375,106.618471579596,Mặt tiền,Quận Bình Tân,Phường Bình Trị Đông B,1830.2,0,Đường Số 3,52.047863621462135,0.0,0.0,23.269588023166865,9.0,13.8
82.0,4.0,13.0,Sổ hồng,Đầy đủ,21.02894860978742,105.85244722590336,Chưa xác định,Quận 9,Phường Long Thạnh Mỹ,,1,Unknown,,,,,9.0,19.0
64.0,4.0,4.0,Sổ hồng,Trống / Nhà thô,10.8033840452797,106.684882202068,Mặt tiền,Quận Phú Nhuận,Phường 3,409.9,0,Đường Thích Quảng Đức,80.86606489387657,0.0,0.0,19.121737009026592,12.0,10.8
52.0,3.0,20.0,Sổ hồng,Đầy đủ,10.8354350390628,106.683770342281,Mặt tiền,Quận Gò Vấp,Phường 6,132.5,0,Đường Dương Quảng Hàm,80.3698113207547,0.0,0.0,19.660377358490567,7.0,13.3
121.0,2.0,6.0,Sổ hồng,Đầy đủ,10.6928610664823,106.740471095627,Chưa xác định,Huyện Nhà Bè,Thị trấn Nhà Bè,28.9,0,Đường Huỳnh Tấn Phát,0.0,0.0,0.0,100.0,8.0,7.27
53.0,3.0,6.3,Sổ hồng,Trống / Nhà thô,10.8244870471438,106.680815435607,Mặt tiền,Quận Gò Vấp,Phường 7,3046.0,1,Đường Phạm Ngũ Lão,5.1050558108995405,0.0,94.89560078791858,0.0,10.0,13.9
119.0,4.0,40.0,Sổ hồng,Trống / Nhà thô,10.8009382255178,106.656188056741,Mặt tiền,Quận Tân Bình,Phường 4,126.8,0,Đường Cộng Hòa,14.4006309148265,0.0,0.0,85.58359621451103,14.0,29.8
59.0,2.0,4.0,Sổ hồng,Cơ bản,10.8360683405809,106.661403462669,Mặt tiền,Quận Gò Vấp,Phường 11,72.1,0,Đường Quang Trung,22.399445214979195,0.0,77.55894590846047,0.0,8.0,6.7
440.0,5.0,20.0,không có,Trống / Nhà thô,10.80397,106.6174,Mặt tiền,Quận Tân Phú,Phường Sơn Kỳ,2574.2,0,Đường N1,22.133866832413954,77.86496775697304,0.0,0.0,13.0,18.5
52.0,4.0,6.0,Sổ hồng,Đầy đủ,10.6846850748236,106.750129064134,Chưa xác định,Huyện Nhà Bè,Thị trấn Nhà Bè,,0,Đường Đào Tông Nguyên,,,,,9.0,6.7
100.0,5.0,15.3,Sổ hồng,Đầy đủ,10.8006897706791,106.642988836649,Mặt tiền,Quận Tân Bình,Phường 13,71.3,1,Đường Núi Thành,4.123422159887799,0.0,0.0,95.84852734922862,16.0,25.5
36.0,2.0,4.0,Sổ hồng,Trống / Nhà thô,10.879441215576,106.648657771723,Chưa xác định,Quận 12,Phường Hiệp Thành,3602.7,0,Đường Lê Văn Khương,100.0,0.0,0.0,0.0,5.0,3.59
160.0,3.0,16.0,Sổ hồng,Trống / Nhà thô,10.8185680528374,106.781284559642,Chưa xác định,Quận 9,Phường Phước Long B,,0,Đường Dương Đình Hội,,,,,9.0,19.0
100.0,2.0,7.0,Sổ hồng,Cơ bản,10.8196924609834,106.704134871261,Hẻm ô tô,Quận Bình Thạnh,Phường 13,1688.7,0,Phố Nguyễn Xí,80.76686208325931,12.387635459228992,0.0,6.847278971990288,4.0,13.9
90.0,2.0,6.0,không có,Trống / Nhà thô,10.7957838121857,106.621893561892,Chưa xác định,Quận Tân Phú,Phường Phú Thọ Hòa,2259.6,1,Đường Gò Dầu,78.15144273322713,4.605239865462915,0.0,17.24243228890069,10.0,8.5
716.0,3.0,21.8,Sổ hồng,Trống / Nhà thô,10.8464500129607,106.764147804689,Chưa xác định,Thành phố Thủ Đức,Phường Bình Thọ,,1,Unknown,,,,,13.0,72.0
217.0,10.0,20.0,Sổ hồng,Đầy đủ,10.7649597654336,106.695232404231,Chưa xác định,Quận 1,Phường Cầu Ông Lãnh,68.6,0,Đường Cô Bắc,2.740524781341108,0.0,0.0,97.28862973760933,60.0,115.0
109.0,4.0,8.0,Sổ hồng,Trống / Nhà thô,10.7718332149909,106.669493681393,Mặt tiền,Quận 10,Phường 12,2660.0,0,Đường Sư Vạn Hạnh,58.180075187969926,0.0,0.0,41.81203007518797,11.0,24.8
51.0,4.0,10.5,Sổ hồng,Trống / Nhà thô,10.8106587881895,106.713364756232,Chưa xác định,Quận Bình Thạnh,Phường 26,1844.6,1,Đường Xô Viết Nghệ Tĩnh,68.26520654884528,0.0,0.0,31.736961942968666,14.0,8.5
72.0,3.0,12.0,Sổ hồng,Đầy đủ,10.8139079953995,106.775305188536,Mặt tiền,Thành phố Thủ Đức,Phường Phước Long B,,0,Đường Đỗ Xuân Hợp,,,,,7.0,10.0
80.0,2.0,6.0,Sổ hồng,Trống / Nhà thô,10.7597770817222,106.599026122819,Mặt tiền,Quận Bình Tân,Phường Tân Tạo,2028.5,0,Đường Lê Đình Cẩn,5.172294799112645,0.0,0.0,94.82967710130637,4.0,4.7
58.0,4.0,7.8,Sổ hồng,Trống / Nhà thô,10.8068288633344,106.676241997651,Hẻm ô tô,Quận Phú Nhuận,Phường 9,62.8,1,Đường Đào Duy Anh,13.009554140127388,0.0,0.0,87.00636942675159,7.0,13.6
63.0,3.0,4.0,Sổ hồng,Đầy đủ,10.8300595660842,106.691582607584,Hẻm ô tô,Quận Gò Vấp,Phường 5,1288.1,0,Đường Dương Quảng Hàm,22.319695675801572,39.798928654607565,37.882152006831774,0.0,6.0,8.2
38.0,5.0,4.5,Sổ hồng,Đầy đủ,10.7685145559313,106.697163280199,Mặt tiền,Quận 1,Phường Cầu Ông Lãnh,1693.8,1,Đường Lê Thị Hồng Gấm,92.6738694060692,0.0,7.32554020545519,0.0,12.0,32.0
47.0,2.0,10.0,Sổ hồng,Cơ bản,10.7828203512244,106.626556690738,Mặt tiền,Quận Tân Phú,Phường Phú Thạnh,4397.1,1,Đường Nguyễn Sơn,98.95885924814081,0.0,0.0,1.0400036387619112,9.0,7.3
163.0,4.0,8.0,Sổ hồng,Đầy đủ,10.8505668528113,106.695380870075,Chưa xác định,Quận 12,Phường An Phú Đông,13438.3,0,Đường Vườn Lài,8.11769345824993,0.0,0.0,91.88193447087801,44.0,21.0
27.0,3.0,4.0,Sổ hồng,Đầy đủ,10.7920635541699,106.671627965478,Hẻm ô tô,Quận Phú Nhuận,Phường 13,81.0,0,Đường Huỳnh Văn Bánh,19.08641975308642,0.0,0.0,80.96296296296296,6.0,6.3
146.0,2.0,10.4,Sổ hồng,Trống / Nhà thô,10.6786351108618,106.703520193673,Mặt tiền,Huyện Nhà Bè,Xã Nhơn Đức,792.1,1,Đường Nguyễn Bình,7.949753818962252,92.05403358161848,0.0,0.0,6.0,9.99
95.0,4.0,6.0,Sổ hồng,Trống / Nhà thô,10.8159449208433,106.68842678257,Mặt tiền,Quận Gò Vấp,Phường 1,65.9,0,Unknown,30.500758725341427,69.55993930197269,0.0,0.0,9.0,9.2
277.0,3.0,9.2,Sổ hồng,Trống / Nhà thô,10.7918935062259,106.691267291493,Mặt tiền,Quận 1,Phường Tân Định,1075.4,1,Đường Trần Quang Khải,77.80546773293658,0.0,0.0,22.194532267063416,28.0,100.0
14.0,2.0,2.2,Sổ hồng,Đầy đủ,10.7866477948045,106.701577872348,Chưa xác định,Quận 1,Phường Đa Kao,5320.1,1,Đường Nguyễn Thị Minh Khai,80.74096351572338,0.0,19.259224450668217,0.0,2.0,3.2
32.0,3.0,5.0,Sổ hồng,Trống / Nhà thô,10.7942280703629,106.669235036644,Mặt tiền,Quận Phú Nhuận,Phường 13,31.5,1,Đường Đặng Văn Ngữ,54.19047619047619,0.0,0.0,45.682539682539684,6.0,6.5
75.0,1.0,6.0,Sổ hồng,Trống / Nhà thô,10.8773203624547,106.681253370959,Mặt tiền,Quận 12,Phường Thạnh Lộc,36712.0,0,Đường Nguyễn Thị Sáu,3.1283776421878406,96.87170407496187,0.0,0.0,6.0,4.55
90.0,4.0,7.0,Sổ hồng,Đầy đủ,10.7016177051688,106.728524298504,Chưa xác định,Quận 7,Phường Phú Mỹ,5581.4,0,Đường D5B,47.60221449815459,1.2125989895008424,0.0,51.18572401189666,10.0,16.9
98.0,3.0,13.266666666666666,Sổ hồng,Đầy đủ,10.770980779046,106.690535674825,Mặt tiền,Quận 1,Phường Bến Thành,84.8,1,Đường Lê Thị Riêng,10.99056603773585,0.0,88.97405660377359,0.0,8.0,26.0
33.0,3.0,12.0,Sổ hồng,Trống / Nhà thô,10.7811754479325,106.641157250661,Chưa xác định,Quận Tân Phú,Phường Phú Trung,1297.3,1,Đường Huỳnh Văn Chính,0.0,0.0,0.0,99.99845833654514,6.0,4.8
526.0,3.0,6.0,Sổ hồng,Trống / Nhà thô,10.7974539294882,106.672981717945,Chưa xác định,Quận Phú Nhuận,Phường 8,457.4,0,Đường Nguyễn Văn Trỗi,13.710100568430258,0.0,0.0,86.27896808045475,13.0,70.0
76.0,2.0,10.0,Sổ hồng,Trống / Nhà thô,10.770840647383,106.686747168286,Hẻm xe máy,Quận 3,Phường 5,9013.1,0,Đường Nguyễn Thị Minh Khai,70.85453395613051,0.0,13.367875647668392,15.777479446583307,9.0,26.5
101.0,4.0,12.0,không có,Trống / Nhà thô,10.795401168616,106.77582869581,Chưa xác định,Quận 2,Phường An Phú,,0,Đường Song Hành,,,,,9.0,21.0
93.0,4.0,8.0,Sổ hồng,Trống / Nhà thô,10.8078945047594,106.703897766325,Mặt tiền,Quận Bình Thạnh,Phường 24,51.7,0,Đường Bùi Đình Túy,31.953578336557058,0.0,0.0,68.1237911025145,10.0,17.5
52.0,5.0,8.0,Sổ hồng,Đầy đủ,10.7396070241325,106.617161261605,Chưa xác định,Quận Bình Tân,Phường An Lạc,13183.6,0,Đường Kinh Dương Vương,4.478594617555145,95.52132953062896,0.0,0.0,10.0,7.6
86.0,7.0,8.0,Sổ hồng,Trống / Nhà thô,10.8019524382512,106.632452928819,Chưa xác định,Quận Tân Phú,Phường Tân Sơn Nhì,85.8,0,Đường Tân Kỳ Tân Quý,4.755244755244756,0.0,0.0,95.22144522144524,9.0,13.8
90.0,3.0,12.0,Sổ hồng,Trống / Nhà thô,10.727949736475916,106.73541272133755,Chưa xác định,Quận 7,Phường Phú Thuận,16168.8,0,Unknown,19.041116223838504,18.235366879422095,0.0,62.723393201721834,8.0,9.9
50.0,2.0,10.7,Sổ hồng,Đầy đủ,10.8024292516822,106.689834815069,Mặt tiền,Quận Phú Nhuận,Phường 7,70.1,1,Đường Trần Kế Xương,35.306704707560634,0.0,0.0,64.67902995720401,8.0,10.0
152.0,4.0,20.0,không có,Trống / Nhà thô,10.806187,106.76898,Chưa xác định,Quận 2,Phường An Phú,,1,Unknown,,,,,10.0,66.9
48.0,2.0,8.0,Sổ hồng,Đầy đủ,10.7477470964608,106.715999242248,Chưa xác định,Quận 7,Phường Tân Kiểng,58.3,0,Đường Lâm Văn Bền,29.00514579759863,0.0,0.0,71.08061749571183,4.0,5.0
275.0,1.0,5.0,Sổ hồng,Trống / Nhà thô,10.9013390784702,106.642250920669,Chưa xác định,Huyện Hóc Môn,Xã Đông Thạnh,,0,Đường Trịnh Thị Dối,,,,,4.0,6.6
80.0,4.0,5.0,Sổ hồng,Đầy đủ,10.7666346565285,106.65902701718,Chưa xác định,Quận 10,Phường 14,290968.2,0,Phố Lý Thường Kiệt,12.013381531040162,71.60756742489384,16.34051762357536,0.038543730895678634,7.0,14.2
51.0,2.0,5.0,Sổ hồng,Trống / Nhà thô,10.8105942414806,106.713444016992,Hẻm ô tô,Quận Bình Thạnh,Phường 26,1212.2,0,Đường Xô Viết Nghệ Tĩnh,98.21316614420063,0.22851014684045537,0.0,1.559148655337403,4.0,7.7
86.0,4.0,12.0,Sổ hồng,Trống / Nhà thô,10.7714966138803,106.67097111139,Mặt tiền,Quận 10,Phường 12,4450.0,0,Đường Trần Thiện Chánh,56.812359550561794,43.18067415730337,0.0,0.0,13.0,31.0
23.0,3.0,3.0,Sổ hồng,Trống / Nhà thô,10.7617609182092,106.678590950222,Hẻm xe máy,Quận 5,Phường 4,88.2,1,Đường Trần Phú,2.3015873015873014,93.95691609977325,0.0,3.7301587301587302,4.0,4.98
70.0,2.0,6.0,Sổ hồng,Cơ bản,10.8194846161339,106.702877770799,Mặt tiền,Quận Bình Thạnh,Phường 13,227.2,0,Đường Nơ Trang Long,35.47975352112676,0.0,0.0,64.50264084507043,5.0,8.95
120.0,4.0,30.0,Sổ hồng,Đầy đủ,10.8300993360987,106.702939276204,Mặt tiền,Quận Bình Thạnh,Phường 13,5022.2,0,Đường Đặng Thùy Trâm,30.362191868105608,17.282864083469395,0.0,52.35394846879854,13.0,23.0
263.0,5.0,8.0,Sổ hồng,Trống / Nhà thô,10.793652987911,106.69181891548,Hẻm ô tô,Quận 1,Phường Tân Định,162.0,0,Đường Trần Khắc Chân,0.0,0.0,0.0,100.0,18.0,85.0
250.0,3.0,12.0,không có,Trống / Nhà thô,10.704439,106.71278,Chưa xác định,Huyện Nhà Bè,Xã Phước Kiển,43635.6,0,Đường Nguyễn Hữu Thọ,0.052273831458717196,5.2599482990952335,0.0,1.368034357267919,10.0,33.0
184.0,1.0,8.0,Sổ hồng,Trống / Nhà thô,10.8560199194482,106.596870654405,Mặt tiền,Huyện Hóc Môn,Xã Tân Hiệp,1997.4,0,Đường Liên Xã,79.2870731951537,0.0,0.0,20.711424852308,4.0,7.2
60.0,3.0,3.0,Sổ hồng,Đầy đủ,10.7265018804854,106.733968339772,Mặt tiền,Quận 7,Phường Phú Thuận,433.5,0,Đường Huỳnh Tấn Phát,1.9700115340253745,0.0,0.0,98.02076124567475,7.0,6.95
35.0,3.0,4.0,Sổ hồng,Trống / Nhà thô,10.7723291306035,106.680805085515,Mặt tiền,Quận 3,Phường 4,690.8,1,Đường Nguyễn Hiền,96.03647944412276,0.0,0.0,3.9693109438332375,5.0,10.0
54.0,1.0,5.0,Sổ hồng,Đầy đủ,10.7556838477047,106.606336766626,Chưa xác định,Quận Bình Tân,Phường Bình Trị Đông,1313.5,0,Đường Tên Lửa,6.8313665778454515,0.0,0.0,93.16558812333462,2.0,4.2
70.0,2.0,5.5,không có,Trống / Nhà thô,10.8210587444088,106.777273714874,Hẻm ô tô,Quận 9,Phường Phước Long B,,1,Đường 109,,,,,6.0,6.5
160.0,7.0,14.6,Sổ hồng,Trống / Nhà thô,10.8088312098888,106.664612928009,Mặt tiền,Quận Tân Bình,Phường 2,,1,Đường Trường Sơn,,,,,12.0,34.9
128.0,4.0,30.0,Sổ hồng,Cơ bản,10.8022011990814,106.641563537337,Mặt tiền,Quận Tân Bình,Phường 13,36921.1,0,Đường Cộng Hòa,0.0,98.14325683687647,1.3425385484181132,0.5143129538394035,7.0,26.0
45.0,2.0,4.0,Sổ hồng,Đầy đủ,10.7243241950328,106.726467791429,Chưa xác định,Quận 7,Phường Tân Phú,138430.9,0,Đường Huỳnh Tấn Phát,3.447604544939028,92.1244606514875,0.5928228451884658,0.5762008337733844,4.0,4.2
61.0,5.0,3.0,Sổ hồng,Đầy đủ,10.8420570469151,106.650911438845,Chưa xác định,Quận Gò Vấp,Phường 8,9636.3,0,Đường Quang Trung,15.746915309818085,84.25329223872234,0.0,0.0,10.0,8.0
90.0,2.0,6.0,Sổ hồng,Trống / Nhà thô,10.7032937092102,106.703886991253,Chưa xác định,Huyện Nhà Bè,Xã Phước Kiển,476.1,0,Đường Lê Văn Lương,100.0,0.0,0.0,0.0,16.0,7.8
58.0,2.0,3.0,Sổ hồng,Trống / Nhà thô,10.7516592638375,106.701645646158,Chưa xác định,Quận 7,Phường Tân Hưng,498563.61,0,Phố Trần Xuân Soạn,95.4990898754123,0.0,0.11544564995427567,4.385462468871324,6.0,6.7
26.0,2.0,4.0,Sổ hồng,Trống / Nhà thô,10.7821461133585,106.673176308747,Chưa xác định,Quận Bình Thạnh,Phường 5,1173.0,1,Đường Cách Mạng Tháng Tám,94.81585677749361,0.0,0.0,5.197783461210571,5.0,4.89
18.0,2.0,4.0,Sổ hồng,Trống / Nhà thô,10.8060004941636,106.605386279032,Mặt tiền,Quận Bình Tân,Phường Bình Hưng Hòa,1707.6,0,Đường 26/3,88.66245022253456,0.0,0.0,11.336378542984308,3.0,2.35
97.0,4.0,20.0,Sổ hồng,Trống / Nhà thô,10.7665769226386,106.659577872069,Chưa xác định,Quận 10,Phường 14,168.0,0,Phố Lý Thường Kiệt,2.702380952380952,0.0,0.0,97.54166666666667,11.0,33.8
30.0,2.0,3.0,không có,Trống / Nhà thô,10.8559318865713,106.750000946127,Chưa xác định,Thành phố Thủ Đức,Phường Linh Đông,,1,Đường Tô Ngọc Vân,,,,,4.0,2.65
124.0,2.0,6.0,Sổ hồng,Trống / Nhà thô,10.766677642407,106.659374551014,Mặt tiền,Quận 10,Phường 14,211.0,1,Phố Lý Thường Kiệt,3.8104265402843596,0.0,0.0,96.25592417061611,10.0,56.0
89.0,5.0,11.6,không có,Trống / Nhà thô,10.8356509203537,106.69730130583,Mặt tiền,Quận 12,Phường An Phú Đông,1712.9,1,Đường Vườn Lài,0.0,0.0,0.0,99.99883238951486,38.0,18.0
48.0,2.0,5.0,Sổ hồng,Đầy đủ,10.8023901725496,106.590310631074,Mặt tiền,Quận Bình Tân,Phường Bình Hưng Hòa B,,0,Đường Số 4,,,,,4.0,2.9
161.0,5.0,15.0,Sổ hồng,Đầy đủ,10.8506331684996,106.719200087529,Chưa xác định,Thành phố Thủ Đức,Phường Hiệp Bình Phước,,0,Unknown,,,,,9.0,39.0
108.0,8.0,20.0,Sổ hồng,Trống / Nhà thô,10.7565382410988,106.669255693651,Chưa xác định,Quận 5,Phường 8,2723.4,0,Đường An Dương Vương,97.85966071821987,0.0,0.0,2.1407064698538587,14.0,41.5
65.0,3.0,8.0,Sổ hồng,Trống / Nhà thô,10.7762273257571,106.763921740807,Mặt tiền,Quận 2,Phường Thạnh Mỹ Lợi,,0,Đường Số 16,,,,,4.0,7.3
643.0,3.0,15.0,không có,Trống / Nhà thô,10.7128372008949,106.664132507935,Mặt tiền,Huyện Bình Chánh,Xã Bình Hưng,,1,Đường Nguyễn Văn Linh,,,,,8.0,74.0
262.0,2.0,5.0,Sổ hồng,Cơ bản,10.7499153691233,106.644394713834,Mặt tiền,Quận Tân Bình,Phường 4,65.2,1,Đường Hậu Giang,0.7055214723926381,0.0,0.0,99.29447852760735,6.0,59.0
282.0,1.0,8.0,Sổ hồng,Trống / Nhà thô,10.8571754102494,106.803262371704,Chưa xác định,Quận 9,Phường Tân Phú,,0,Đường 215,,,,,22.0,12.5
48.0,2.0,5.533333333333333,Sổ hồng,Đầy đủ,10.7963369302653,106.707067132611,Chưa xác định,Quận Bình Thạnh,Phường 17,944.4,1,Unknown,0.44472681067344344,0.0,0.0,99.55209656925031,8.0,5.6
86.0,3.0,12.2,không có,Trống / Nhà thô,10.7409015638911,106.646725025507,Mặt tiền,Quận 8,Phường 14,3320.0,1,Đường Bến Bình Đông,16.129518072289155,24.798795180722895,0.0,59.07289156626506,6.0,8.7
109.0,4.0,9.8,Sổ hồng,Đầy đủ,10.7912188792243,106.645304364064,Chưa xác định,Quận Tân Bình,Phường 11,1310.5,1,Đường Bàu Cát,93.84662342617322,0.0,0.0,6.153376573826784,14.0,13.5
100.0,5.0,11.0,không có,Trống / Nhà thô,21.0289486097874,105.852447225903,Mặt tiền,Quận 2,Phường An Phú,,1,Đường Song Hành,,,,,9.0,26.99
72.0,1.0,20.0,Sổ hồng,Cơ bản,10.7938630143229,106.620661513549,Mặt tiền,Quận Tân Phú,Phường Tân Quý,219.4,0,Đường Tân Quý,14.690063810391976,0.0,0.0,85.29626253418414,3.0,12.3
108.0,3.0,13.0,Sổ hồng,Đầy đủ,10.7950277541281,106.792066545744,Chưa xác định,Quận 9,Phường Phú Hữu,,1,Đường Vành Đai Trong,,,,,8.0,12.9
60.0,4.0,16.0,Sổ hồng,Đầy đủ,10.7975767486355,106.689460964561,Mặt tiền,Quận Phú Nhuận,Phường 2,,0,Đường Hoa Lan,,,,,7.0,29.0
67.0,5.0,9.0,Sổ hồng,Đầy đủ,10.7802166484573,106.624679790529,Mặt tiền,Quận Tân Phú,Phường Phú Thạnh,58.7,1,Đường Lê Niệm,0.0,0.0,0.0,100.0,11.0,11.3
21.0,2.0,4.0,Sổ đỏ,Cơ bản,10.8805163608587,106.630713570794,Chưa xác định,Quận 12,Phường Hiệp Thành,107.9,0,Đường Trần Thị Hè,0.0,0.0,0.0,100.0,4.0,1.03
40.0,4.0,4.0,Sổ hồng,Đầy đủ,10.7890470983003,106.714429687274,Chưa xác định,Quận Bình Thạnh,Phường 15,3754.3,0,Đường Điện Biên Phủ,90.63074341421836,9.368457502064299,0.0,0.0,8.0,7.6
300.0,3.0,20.9,Sổ hồng,Trống / Nhà thô,10.7765338685001,106.758995282041,Chưa xác định,Quận 2,Phường Thạnh Mỹ Lợi,,1,Unknown,,,,,9.0,65.0
51.0,1.0,6.0,Sổ hồng,Trống / Nhà thô,10.8200799015657,106.704002182638,Hẻm ô tô,Quận Bình Thạnh,Phường 13,1017.2,0,Phố Nguyễn Xí,76.16397955171058,23.835037357451828,0.0,0.0,2.0,7.35
76.0,1.0,5.0,Sổ hồng,Trống / Nhà thô,10.7790910784417,106.681511898501,Hẻm ô tô,Quận 3,Phường 9,1361.8,0,Đường Lý Chính Thắng,0.0,100.0,0.0,0.0,2.0,22.0
76.0,4.0,15.0,Sổ hồng,Cơ bản,10.7309832346589,106.73246469909,Mặt tiền,Quận 7,Phường Phú Thuận,1452.5,0,Đường Phú Thuận,95.6344234079174,0.0,0.0,4.364888123924268,9.0,16.2
97.0,3.0,6.0,Sổ hồng,Đầy đủ,10.8061580270926,106.605088901728,Chưa xác định,Quận Bình Tân,Phường Bình Hưng Hòa,100.0,0,Đường Tân Kỳ Tân Quý,10.39,0.0,0.0,89.58,8.0,9.3
80.0,5.0,10.0,Sổ hồng,Đầy đủ,10.8615762969391,106.611331487335,Mặt tiền,Quận 12,Phường Trung Mỹ Tây,4478.5,0,Đường Nguyễn Ảnh Thủ,76.3101484872167,0.0,0.0,23.690298090878642,10.0,8.25
789.0,10.0,31.0,Sổ hồng,Trống / Nhà thô,10.8355684070939,106.661379105246,Mặt tiền,Quận Gò Vấp,Phường 11,3632.4,1,Đường Quang Trung,99.44196674375068,0.5583085563263958,0.0,0.0,50.0,72.0
112.0,1.0,3.0,Sổ hồng,Trống / Nhà thô,10.8324932593742,106.723018424633,Mặt tiền,Thành phố Thủ Đức,Phường Hiệp Bình Chánh,,0,Đường Số 47,,,,,6.0,6.9
96.0,3.0,12.0,Sổ hồng,Trống / Nhà thô,10.69125,106.7212,Chưa xác định,Huyện Nhà Bè,Xã Phước Kiển,124636.3,0,Đường Nguyễn Hữu Thọ,6.473475223510326,13.61510250224052,0.0,12.825870151793659,10.0,12.0
1.233,5.0,21.6,Sổ hồng,Trống / Nhà thô,10.8655377076318,106.670214652689,Chưa xác định,Quận 12,Phường Thạnh Xuân,3567.7,1,Đường Đông Bắc,44.75908848838187,28.11531238613112,0.0,27.12531883286151,8.0,88.0
36.0,2.0,6.0,Sổ hồng,Cơ bản,10.7918050675216,106.627607799703,Hẻm ô tô,Quận Tân Phú,Phường Tân Quý,3106.0,0,Đường Đô Đốc Long,49.12137797810689,0.0,0.0,50.878943979394734,4.0,4.65
82.0,5.0,12.0,Sổ hồng,Đầy đủ,10.7847851405637,106.668516430205,Mặt tiền,Quận 3,Phường 11,1215.0,0,Đường Cách Mạng Tháng Tám,65.45925925925926,0.0,0.0,34.553086419753086,9.0,19.5
45.0,4.0,15.516666666666666,Sổ hồng,Trống / Nhà thô,10.8292114253359,106.689166277534,Hẻm ô tô,Quận Gò Vấp,Phường 5,2798.6,1,Đường Dương Quảng Hàm,35.168298434931756,0.0,0.0,64.83170156506826,9.0,8.8
308.0,2.0,9.0,Sổ hồng,Trống / Nhà thô,10.8130385064992,106.7298845986,Chưa xác định,Quận 2,Phường Thảo Điền,,1,Đường Số 64,,,,,82.0,54.0
150.0,7.0,14.0,Sổ hồng,Trống / Nhà thô,10.7989123757517,106.630126665664,Mặt tiền,Quận Tân Phú,Phường Tân Sơn Nhì,68.4,0,Unknown,0.0,0.0,0.0,99.94152046783626,47.0,34.0
24.0,2.0,6.0,Sổ hồng,Cơ bản,10.8247904284326,106.687685843571,Mặt tiền,Quận Gò Vấp,Phường 5,198.0,0,Đường Nguyễn Thái Sơn,24.32323232323232,2.6717171717171717,0.0,73.02525252525253,4.0,4.5
104.0,2.0,12.0,Sổ hồng,Cơ bản,10.8296753358196,106.702488961944,Mặt tiền,Quận Bình Thạnh,Phường 13,1992.8,0,Đường Đặng Thùy Trâm,2.480931352870333,0.0,0.0,97.51957045363308,6.0,13.6
54.0,2.0,8.0,Sổ hồng,Trống / Nhà thô,10.8500844419687,106.695352788304,Chưa xác định,Quận 12,Phường An Phú Đông,13438.3,1,Đường Hà Huy Giáp,8.11769345824993,0.0,0.0,91.88193447087801,5.0,5.4
43.0,4.0,4.5,Sổ hồng,Đầy đủ,10.7617290631428,106.678005541584,Mặt tiền,Quận 5,Phường 4,10.4,1,Đường Trần Phú,7.019230769230769,0.0,0.0,93.17307692307692,15.0,9.29
101.0,2.0,8.0,Sổ hồng,Trống / Nhà thô,10.8160554199295,106.693594743926,Chưa xác định,Quận Bình Thạnh,Phường 11,46.1,0,Đường Phan Văn Trị,4.750542299349241,0.0,0.0,95.33622559652929,4.0,11.48
46.0,1.0,6.0,Sổ hồng,Trống / Nhà thô,10.823968438281,106.775203557751,Chưa xác định,Quận 9,Phường Phước Long B,,0,Đường 339,,,,,3.0,5.35
52.0,2.0,6.0,Sổ hồng,Trống / Nhà thô,10.7302848319065,106.738917004218,Hẻm ô tô,Quận 7,Phường Phú Thuận,1149.2,0,Đường Gò Ô Môi,85.78315349808562,0.0,0.0,14.215976331360947,8.0,5.8
104.0,4.0,5.0,Sổ hồng,Đầy đủ,10.7317814290493,106.731528344111,Mặt tiền,Quận 7,Phường Tân Phú,550.9,1,Đường Huỳnh Tấn Phát,6.434924668723907,0.0,0.0,93.57052096569251,14.0,8.49
32.0,2.0,3.0,Sổ hồng,Đầy đủ,10.8462554058182,106.642956792867,Chưa xác định,Quận Gò Vấp,Phường 14,80.9,0,Đường Số 51,19.320148331273177,0.0,0.0,80.64276885043262,5.0,3.85
190.0,4.0,12.0,Sổ hồng,Trống / Nhà thô,10.7521410315136,106.617163383976,Mặt tiền,Quận Bình Tân,Phường Bình Trị Đông B,,0,Đường Số 19A,,,,,10.0,20.7
68.0,4.0,6.4,Sổ hồng,Đầy đủ,10.8003135409885,106.690567058464,Mặt tiền,Quận Bình Thạnh,Phường 3,220.8,1,Đường Nguyễn Công Hoan,0.0,0.0,0.0,99.98641304347827,20.0,14.8
104.0,4.0,16.0,Sổ hồng,Trống / Nhà thô,10.7698722885721,106.671057499649,Mặt tiền,Quận 10,Phường 10,3395.0,1,Đường 3/2,76.79293078055964,0.0,0.0,23.194698085419734,8.0,35.0
150.0,5.0,9.0,không có,Trống / Nhà thô,10.7840180417872,106.694975048539,Chưa xác định,Quận 3,Phường Võ Thị Sáu,520.5,1,Đường Phạm Ngọc Thạch,0.41306436119116235,0.0,99.57732949087415,0.0,12.0,60.0
60.0,3.0,6.0,không có,Trống / Nhà thô,10.8072105313383,106.623494844906,Chưa xác định,Quận Tân Phú,Phường Tây Thạnh,1109.4,1,Đường Lê Trọng Tấn,22.70957274202271,0.0,0.0,77.29042725797729,9.0,5.7
61.0,5.0,6.0,Sổ hồng,Trống / Nhà thô,10.7973996308131,106.695724453211,Chưa xác định,Quận Bình Thạnh,Phường 3,34.5,0,Đường Lê Văn Duyệt,0.0,0.0,0.0,100.0,9.0,15.0
80.0,2.0,9.0,Sổ hồng,Trống / Nhà thô,10.7580225169831,106.604569057223,Chưa xác định,Quận Bình Tân,Phường Tân Tạo,445.3,1,Đường Lê Đình Cẩn,10.449135414327419,0.0,0.0,89.5576016168875,5.0,8.1
87.0,3.0,8.0,Sổ hồng,Đầy đủ,10.7672593923299,106.653541435512,Hẻm ô tô,Quận 11,Phường 11,23538.7,0,Đường Lê Đại Hành,14.471869729424307,71.72927986677259,13.576238279938993,0.22282454001282992,9.0,12.6
60.0,3.0,8.0,không có,Trống / Nhà thô,10.7984454930985,106.630819100485,Hẻm ô tô,Quận Tân Phú,Phường Tân Sơn Nhì,56.8,0,Đường Tân Sơn Nhì,0.0,0.0,0.0,99.9823943661972,8.0,9.6
104.0,3.0,11.2,không có,Cơ bản,10.79214326218,106.691459095839,Chưa xác định,Quận 1,Phường Tân Định,104.8,1,Đường Trần Quang Khải,0.0,0.0,0.0,99.97137404580153,8.0,82.5
170.0,5.0,13.4,Sổ hồng,Trống / Nhà thô,10.8445585343688,106.769158406793,Mặt tiền,Thành phố Thủ Đức,Phường Bình Thọ,,1,Đường Thống Nhất,,,,,16.0,40.0
87.0,4.0,14.95,Sổ hồng,Trống / Nhà thô,10.766999236415,106.677612192765,Mặt tiền,Quận 10,Phường 1,107.2,1,Đường Lý Thái Tổ,16.61380597014925,0.0,0.0,83.42350746268657,7.0,21.0
31.0,3.0,8.0,không có,Đầy đủ,10.7833663940565,106.647389873156,Chưa xác định,Quận Tân Bình,Phường 10,14332.1,1,Đường Ni Sư Huỳnh Liên,25.615227356772557,17.19371201708054,0.0,57.19106062614691,6.0,4.35
70.0,1.0,12.0,Sổ hồng,Cơ bản,10.9901358890723,106.451410426442,Mặt tiền,Huyện Củ Chi,Xã Phước Hiệp,6280.7,0,Đường Phan Văn Khải,18.645214705367234,11.047653923925678,0.0,70.30665371694238,3.0,1.05
262.0,3.0,24.0,Sổ hồng,Cao cấp,10.8136384014399,106.775252284111,Chưa xác định,Quận 9,Phường Phú Hữu,,0,Đường Đỗ Xuân Hợp,,,,,7.0,58.0
118.0,4.0,6.0,Sổ hồng,Cơ bản,10.8123878451955,106.668783032353,Chưa xác định,Quận Tân Bình,Phường 2,631.2,0,Đường Yên Thế,0.0,0.0,0.0,99.99366286438529,13.0,25.9
76.0,4.0,4.0,Sổ hồng,Đầy đủ,10.7712364229155,106.690819015907,Mặt tiền,Quận 1,Phường Bến Thành,71.6,0,Đường Lê Thị Riêng,23.5195530726257,0.0,76.45251396648045,0.0,15.0,20.99
75.0,3.0,6.0,Sổ hồng,Đầy đủ,10.7017345004417,106.740926790991,Chưa xác định,Huyện Nhà Bè,Thị trấn Nhà Bè,1146.5,0,Đường Dương Cát Lợi,71.1312690798081,0.0,0.0,28.868730920191886,8.0,6.78
105.0,6.0,6.0,Sổ hồng,Đầy đủ,10.7898469736005,106.69344626406,Mặt tiền,Quận 1,Phường Tân Định,79.0,0,Đường Võ Thị Sáu,10.89873417721519,0.0,0.0,89.12658227848101,30.0,25.5
150.0,9.0,24.4,Sổ hồng,Trống / Nhà thô,10.7686201203729,106.693477390879,Chưa xác định,Quận 1,Phường Phạm Ngũ Lão,359.1,1,Đường Phạm Ngũ Lão,0.2506265664160401,0.0,99.75494291283765,0.0,12.0,148.0
128.0,5.0,8.0,Sổ hồng,Trống / Nhà thô,10.7985160449014,106.630355840812,Chưa xác định,Quận Tân Phú,Phường Tân Sơn Nhì,80.0,0,Unknown,0.0,0.0,0.0,100.0,12.0,25.0
240.0,1.0,14.0,Sổ hồng,Trống / Nhà thô,10.8306177317765,106.705301896777,Chưa xác định,Quận Bình Thạnh,Phường 13,6964.9,0,Đường Bình Lợi,23.7088831138997,0.0,0.0,76.29068615486224,12.0,30.0
64.0,3.0,11.666666666666668,Sổ hồng,Trống / Nhà thô,10.7592002009711,106.687575011888,Hẻm ô tô,Quận 1,Phường Cầu Kho,5525.2,1,Đường Trần Hưng Đạo,92.2766596684283,0.10189676391804822,0.0,7.62053862303627,9.0,12.6
490.0,3.0,14.1,Sổ đỏ,Trống / Nhà thô,10.8287480245784,106.768474894248,Chưa xác định,Quận 9,Phường Phước Long A,,1,Đường Đỗ Xuân Hợp,,,,,15.0,68.6
55.0,4.0,6.0,Sổ hồng,Đầy đủ,10.7662124354692,106.683310264423,Mặt tiền,Quận Bình Thạnh,Phường 19,7166.5,1,Đường Phạm Viết Chánh,9.723993581246075,90.27600641875392,0.0,0.0,10.0,26.0
48.0,3.0,8.0,Sổ hồng,Cơ bản,10.7410752440542,106.706438233615,Chưa xác định,Quận 7,Phường Tân Quy,1425.0,0,Đường Số 77,90.63087719298247,0.0,0.0,9.36701754385965,7.0,6.5
32.0,2.0,3.0,Sổ hồng,Đầy đủ,10.740195719639,106.735866931612,Mặt tiền,Quận 7,Phường Phú Thuận,142.1,0,Đường Nguyễn Văn Quỳ,63.082336382829,0.0,0.0,36.88951442646024,4.0,4.38
305.0,2.0,9.4,Sổ hồng,Trống / Nhà thô,10.7705574369517,106.689092550594,Chưa xác định,Quận 1,Phường Bến Thành,4875.5,1,Đường Bùi Thị Xuân,98.63931904420059,0.0,1.3610911701363964,0.0,40.0,350.0
90.0,4.0,8.45,không có,Trống / Nhà thô,10.7545111653255,106.619268188866,Chưa xác định,Quận Bình Tân,Phường Bình Trị Đông B,467.1,1,Đường Số 6,43.9820166987797,0.0,0.0,53.770070648683365,13.0,15.5
29.0,4.0,4.0,Sổ hồng,Cao cấp,10.7721217867551,106.679512246845,Hẻm ô tô,Quận 3,Phường 3,1468.4,1,Đường Cao Thắng,87.45096703895396,0.8989376191773358,0.0,11.628302914737128,6.0,8.5
77.0,6.0,40.0,Sổ hồng,Đầy đủ,10.8091557926265,106.677142185899,Mặt tiền,Quận Phú Nhuận,Phường 9,176334.2,0,Đường Bùi Văn Thêm,10.861840754657916,88.46450093061925,0.025258855060447713,0.007865745839434436,20.0,25.0
69.0,4.0,12.0,Sổ hồng,Đầy đủ,10.794035184262,106.675043242655,Chưa xác định,Quận Phú Nhuận,Phường 11,50.7,0,Đường Trần Hữu Trang,0.0,0.0,0.0,99.92110453648914,8.0,16.6
130.0,5.0,14.3,Sổ hồng,Đầy đủ,10.806036161543,106.668389394586,Chưa xác định,Quận Tân Bình,Phường 2,3007.7,1,Đường Phổ Quang,38.27276656581441,4.479170129999668,0.0,57.2467333843136,16.0,23.9
36.0,1.0,4.7,Sổ hồng,Trống / Nhà thô,10.7530694638578,106.588467584253,Chưa xác định,Quận Bình Tân,Phường Tân Tạo A,4693.5,1,Đường Trần Thanh Mại,78.70011718333866,0.0,0.0,21.29945669542985,2.0,2.65
104.0,2.0,10.0,Sổ hồng,Trống / Nhà thô,10.8003043455269,106.609742899747,Mặt tiền,Quận Bình Tân,Phường Bình Hưng Hòa,238.2,0,Đường Số 13,15.885810243492864,0.0,0.0,84.1183879093199,8.0,9.3
1.165,2.0,5.0,Sổ hồng,Trống / Nhà thô,10.840774987141,106.741299559395,Mặt tiền,Thành phố Thủ Đức,Phường Linh Chiểu,,0,Đường Kha Vạn Cân,,,,,6.0,32.0
126.0,2.0,8.0,không có,Trống / Nhà thô,10.7127575706191,106.660483963788,Chưa xác định,Huyện Bình Chánh,Xã Bình Hưng,,0,Đường Nguyễn Văn Linh,,,,,9.0,21.6
55.0,2.0,7.0,Sổ hồng,Đầy đủ,10.8067366305876,106.68445950698,Chưa xác định,Quận Phú Nhuận,Phường 5,12593.6,0,Đường Thích Quảng Đức,7.821750730529792,0.0,0.0,92.1782492694702,6.0,9.5
343.0,4.0,24.9,Sổ đỏ,Trống / Nhà thô,10.8041820692662,106.641727003959,Mặt tiền,Quận Tân Bình,Phường 13,827.9,1,Đường Ngô Bệ,92.02923058340379,0.10750090590651046,0.0,7.8608527599951685,10.0,65.0
73.0,2.0,4.0,Sổ hồng,Cơ bản,10.8103225866822,106.713307802268,Chưa xác định,Quận Bình Thạnh,Phường 26,465.0,0,Đường Xô Viết Nghệ Tĩnh,44.26021505376344,0.0,0.0,55.733333333333334,5.0,9.0
47.0,3.0,3.0,Sổ hồng,Trống / Nhà thô,10.7671453867423,106.700395992461,Chưa xác định,Quận 1,Phường Nguyễn Thái Bình,45.7,1,Đường Calmette,0.0,0.0,99.9781181619256,0.0,8.0,9.8
12.0,3.0,3.0,Sổ hồng,Trống / Nhà thô,10.8084075653761,106.687810652099,Chưa xác định,Quận Bình Thạnh,Phường 6,990.7,1,Đường Nguyễn Văn Đậu,60.74089027960028,0.0,0.0,39.261128495003526,4.0,3.45
212.0,2.0,8.3,không có,Trống / Nhà thô,10.7867929382976,106.729753481904,Mặt tiền,Quận 2,Phường An Khánh,,1,Đường Trần Não,,,,,10.0,60.0
222.0,4.0,7.0,Sổ hồng,Trống / Nhà thô,10.7769991878537,106.638679834894,Chưa xác định,Quận Tân Phú,Phường Phú Trung,56.9,1,Đường Kênh Tân Hóa,0.0,0.0,0.0,100.0,13.0,32.5
55.0,3.0,6.42,Sổ hồng,Trống / Nhà thô,10.7867272529903,106.69046253797,Mặt tiền,Quận 3,Phường Võ Thị Sáu,3038.7,1,Đường Võ Thị Sáu,69.86902293744035,0.0,0.0,30.131306150656535,7.0,12.9
88.0,1.0,6.0,Sổ hồng,Trống / Nhà thô,10.7505478094123,106.735960815453,Chưa xác định,Quận 7,Phường Tân Thuận Đông,3299.4,0,Đường Bùi Văn Ba,64.26198702794449,0.0,0.0,0.0,10.0,8.7
73.0,1.0,7.0,Sổ hồng,Trống / Nhà thô,10.8289809629327,106.689196608997,Chưa xác định,Quận Gò Vấp,Phường 5,35587.4,0,Đường Dương Quảng Hàm,9.209664094595277,0.0,90.73871651202391,0.05161939338080331,3.0,9.2
150.0,5.0,9.0,không có,Trống / Nhà thô,10.7952839026856,106.648476772429,Chưa xác định,Quận Tân Bình,Phường 12,65.8,1,Đường Trường Chinh,96.56534954407296,0.0,0.0,3.434650455927051,12.0,22.5
48.0,4.0,7.25,Sổ hồng,Trống / Nhà thô,10.7692700939212,106.697511939828,Mặt tiền,Quận 1,Phường Nguyễn Thái Bình,71.4,1,Đường Đặng Thị Nhu,0.0,0.0,100.0,0.0,8.0,37.0
72.0,3.0,5.0,Sổ hồng,Trống / Nhà thô,10.8294827676762,106.640220545232,Mặt tiền,Quận Gò Vấp,Phường 12,1886.0,0,Đường Huỳnh Văn Nghệ,59.63573700954401,0.0,0.0,40.362672322375396,9.0,7.65
91.0,2.0,4.0,Sổ hồng,Trống / Nhà thô,10.8597792459955,106.754247556679,Chưa xác định,Thành phố Thủ Đức,Phường Linh Tây,,0,Đường Số 6,,,,,4.0,5.2
40.0,5.0,4.0,Sổ hồng,Đầy đủ,10.7840913096905,106.658228139618,Hẻm ô tô,Quận Tân Bình,Phường 6,433.8,0,Unknown,78.52466574458276,0.0,0.0,21.484555094513603,11.0,8.6
33.0,2.0,5.25,Sổ hồng,Trống / Nhà thô,10.7688986730781,106.638050083947,Hẻm ô tô,Quận 11,Phường 3,1068.2,1,Đường Hòa Bình,82.19996255382887,0.0,0.0,17.80378206328403,4.0,2.99
80.0,4.0,10.0,Sổ hồng,Đầy đủ,10.6845163062838,106.750153223359,Mặt tiền,Huyện Nhà Bè,Xã Phú Xuân,,0,Đường Đào Tông Nguyên,,,,,9.0,9.8
70.0,3.0,6.0,Sổ hồng,Cơ bản,10.8057941092351,106.668373884667,Mặt tiền,Quận Tân Bình,Phường 2,29027.8,0,Đường Phổ Quang,3.505742770723238,5.350388248506603,91.12116660580547,0.0,6.0,13.7
90.0,4.0,20.0,Sổ hồng,Trống / Nhà thô,10.846718320959,106.722816489637,Mặt tiền,Thành phố Thủ Đức,Phường Hiệp Bình Chánh,,0,Đường Hiệp Bình,,,,,10.0,21.0
62.0,2.0,8.0,Sổ hồng,Trống / Nhà thô,10.7735749672915,106.643537335567,Hẻm ô tô,Quận 11,Phường 5,5877.2,0,Đường Cư xá Phú Thọ Hòa,4.331824678418295,95.66851561968285,0.0,0.0,6.0,10.6
60.0,4.0,14.0,Sổ hồng,Trống / Nhà thô,10.87904,106.5525,Mặt tiền,Huyện Hóc Môn,Xã Xuân Thới Sơn,34049.8,0,Unknown,0.0,10.637712996845796,89.36234574065045,0.0,9.0,6.0
24.0,5.0,10.0,Sổ hồng,Trống / Nhà thô,10.7760342939758,106.662985884237,Mặt tiền,Quận 10,Phường 14,23690.0,0,Đường Tô Hiến Thành,43.63520472773321,0.5983115238497256,55.768214436471084,0.0,9.0,11.0
65.0,2.0,5.0,Sổ đỏ,Trống / Nhà thô,10.7881562665226,106.631198534655,Mặt tiền,Quận Tân Phú,Phường Tân Thành,137.1,1,Đường Vườn Lài,4.223194748358862,0.0,0.0,95.80598103574034,8.0,13.5
56.0,4.0,12.0,Sổ hồng,Đầy đủ,10.8456358621869,106.796258906739,Mặt tiền,Quận 9,Phường Tăng Nhơn Phú A,,0,Đường Lê Văn Việt,,,,,13.0,10.5
96.0,4.0,30.0,Sổ hồng,Đầy đủ,10.798260102138,106.737929270074,Mặt tiền,Quận 2,Phường An Phú,,0,Đường Số 7,,,,,10.0,35.0
51.0,4.0,6.05,Sổ hồng,Đầy đủ,10.8352083543428,106.684069798688,Mặt tiền,Quận Gò Vấp,Phường 6,1267.9,1,Đường Dương Quảng Hàm,70.74296080132503,9.755501222493887,19.500749270447194,0.0,6.0,13.0
63.0,5.0,7.0,Sổ hồng,Đầy đủ,10.7942935496102,106.668516860902,Mặt tiền,Quận Tân Bình,Phường 1,76.4,0,Đường Lê Văn Sỹ,50.366492146596855,0.0,0.0,49.65968586387434,8.0,14.5
279.0,1.0,20.0,Sổ hồng,Trống / Nhà thô,10.8429524482172,106.820171608213,Mặt tiền,Quận 9,Phường Long Thạnh Mỹ,,0,Đường Nguyễn Văn Tăng,,,,,15.0,39.0
53.0,3.0,6.0,Sổ hồng,Đầy đủ,10.7991513889674,106.717912793405,Chưa xác định,Quận Bình Thạnh,Phường 22,5640.4,1,Đường Điện Biên Phủ,99.06070491454507,0.0,0.0,0.9392950854549322,7.0,7.35
216.0,1.0,10.0,không có,Trống / Nhà thô,10.8353802654578,106.624284798552,Mặt tiền,Quận 12,Phường Đông Hưng Thuận,1573.3,1,Đường Đông Hưng Thuận 6,36.09991737113074,0.0,0.0,63.89881141549609,4.0,10.9
103.0,2.0,10.0,Sổ hồng,Cơ bản,10.8593213190873,106.756839732788,Chưa xác định,Thành phố Thủ Đức,Phường Linh Tây,,0,Unknown,,,,,6.0,8.8
70.0,2.0,9.6,Sổ hồng,Trống / Nhà thô,10.77446,106.6357,Chưa xác định,Quận Tân Phú,Phường Hòa Thạnh,9172.2,1,Đường Trịnh Đình Thảo,18.09107956651621,0.0,0.0,81.9093565338741,4.0,5.9
60.0,3.0,6.0,Sổ đỏ,Trống / Nhà thô,10.7968343811247,106.683101833517,Hẻm ô tô,Quận Phú Nhuận,Phường 1,46.4,0,Đường Cô Bắc,0.0,0.0,0.0,99.97844827586208,5.0,11.8
70.0,4.0,20.0,Sổ hồng,Trống / Nhà thô,10.7971977490211,106.679214599809,Mặt tiền,Quận Phú Nhuận,Phường 15,83.3,0,Đường Nguyễn Trọng Tuyển,24.753901560624254,0.0,0.0,75.29411764705883,12.0,19.5
38.0,5.0,6.6,Sổ hồng,Trống / Nhà thô,10.8016419890692,106.687328575793,Mặt tiền,Quận Phú Nhuận,Phường 7,40.3,1,Đường Phan Tây Hồ,0.0,0.0,0.0,99.97518610421837,9.0,8.66
130.0,5.0,12.0,Sổ hồng,Đầy đủ,10.7919833689608,106.643012460372,Mặt tiền,Quận Tân Bình,Phường 14,72.5,0,Đường Bàu Cát,0.0,0.0,0.0,99.98620689655172,12.0,30.0
90.0,3.0,6.0,Sổ hồng,Trống / Nhà thô,10.8096414032424,106.670822935189,Hẻm ô tô,Quận Tân Bình,Phường 2,993.6,0,Đường Hồng Hà,0.0,0.0,99.15157004830917,0.0,12.0,16.5
407.0,3.0,6.0,Sổ hồng,Trống / Nhà thô,10.8093193516806,106.684895863751,Mặt tiền,Quận Phú Nhuận,Phường 5,276.2,0,Đường Hoàng Hoa Thám,64.12744388124548,0.0,0.0,35.88341781317886,14.0,61.0
130.0,7.0,19.7,không có,Trống / Nhà thô,10.7657820357712,106.673171927885,Mặt tiền,Quận 10,Phường 9,902.0,1,Đường Ngô Gia Tự,88.26940133037695,0.0,0.0,11.728381374722838,12.0,48.0
14.0,2.0,4.0,Sổ hồng,Cơ bản,10.7570213677335,106.638716045429,Hẻm ô tô,Quận 11,Phường 1,783.1,0,Đường 702,13.82965138551909,86.1677946622398,0.0,0.0,4.0,2.88
100.0,7.0,5.0,Sổ hồng,Trống / Nhà thô,10.7474829659476,106.685817137284,Mặt tiền,Quận 8,Phường 2,49.7,0,Đường Nguyễn Thị Tần,0.0,0.0,0.0,100.0,9.0,7.9
46.0,5.0,6.0,Sổ hồng,Đầy đủ,10.7986903429098,106.655671006765,Hẻm ô tô,Quận Tân Bình,Phường 4,51227.4,0,Đường Nguyễn Thái Bình,0.6260712040821904,99.37398735832777,0.0,0.0,9.0,10.2
40.0,4.0,4.3,Sổ hồng,Đầy đủ,10.7890396740683,106.698909482339,Mặt tiền,Quận 1,Phường Đa Kao,1817.9,1,Đường Đinh Tiên Hoàng,93.39402607404146,0.0,6.6065240112217385,0.0,16.0,18.5
84.0,5.0,8.8,Sổ hồng,Trống / Nhà thô,10.83554285270771,106.84372023571056,Chưa xác định,Quận 9,Phường Long Bình,,1,Đường Nguyễn Xiển,,,,,10.0,14.5
74.0,4.0,12.0,Sổ hồng,Cơ bản,10.7780271186361,106.76899658516,Mặt tiền,Quận 2,Phường Cát Lái,,0,Unknown,,,,,7.0,10.4
100.0,4.0,16.599999999999998,Sổ hồng,Trống / Nhà thô,10.7383604418736,106.578061187304,Mặt tiền,Quận Bình Tân,Phường Tân Tạo A,2161.8,1,Đường Số 10,38.45637894347303,61.541308169118324,0.0,0.0,9.0,5.65
110.0,2.0,6.0,Sổ hồng,Trống / Nhà thô,10.6780355937382,106.703386403707,Chưa xác định,Huyện Nhà Bè,Xã Nhơn Đức,373.1,0,Đường Nguyễn Bình,35.11659072634682,0.0,0.0,64.87000804073975,17.0,4.2
266.0,2.0,6.0,Sổ hồng,Cơ bản,10.7524929274356,106.543448608222,Mặt tiền,Huyện Bình Chánh,Xã Lê Minh Xuân,,0,Đường Lô 2,,,,,6.0,5.95
130.0,4.0,12.0,Sổ hồng,Trống / Nhà thô,10.8465656583232,106.76444398484,Hẻm ô tô,Thành phố Thủ Đức,Phường Bình Thọ,,1,Đường Đặng Văn Bi,,,,,8.0,13.0
100.0,4.0,20.0,Sổ hồng,Trống / Nhà thô,10.8813300158916,106.637659696471,Mặt tiền,Quận 12,Phường Hiệp Thành,33762.1,0,Đường Bùi Văn Ngữ,0.25226511384066747,18.896810328741402,80.85089493840727,0.0,9.0,12.8
171.0,7.0,25.0,Sổ hồng,Đầy đủ,10.8018811801942,106.649773839274,Mặt tiền,Quận Tân Bình,Phường 12,252802.3,0,Đường Cộng Hòa,2.1049808486710764,0.0,19.24298157097463,0.24180950885336092,70.0,75.0
96.0,4.0,6.0,Sổ hồng,Cao cấp,10.7013431350211,106.741203782755,Hẻm ô tô,Huyện Nhà Bè,Thị trấn Nhà Bè,257.3,0,Đường Dương Cát Lợi,14.994170229304313,0.0,0.0,85.00582977069568,8.0,7.7
144.0,3.0,12.0,Sổ hồng,Đầy đủ,10.7807912908168,106.79210719153,Mặt tiền,Quận 9,Phường Phú Hữu,,0,Đường 1B,,,,,8.0,16.5
26.0,2.0,3.0,Sổ hồng,Đầy đủ,10.8447774241188,106.660645263811,Chưa xác định,Quận Gò Vấp,Phường 11,598.6,0,Đường Số 8,50.815235549615764,0.0,0.0,49.18643501503508,4.0,4.25
133.0,3.0,8.4,không có,Trống / Nhà thô,10.7897484678347,106.675081618134,Mặt tiền,Quận 3,Phường 12,44.2,1,Đường Lê Văn Sỹ,0.0,0.0,0.0,100.0,22.0,29.5
88.0,8.0,20.0,Sổ hồng,Trống / Nhà thô,10.7702153463585,106.671039264752,Mặt tiền,Quận 10,Phường 10,108.0,0,Đường 3/2,0.0,0.0,0.0,99.80555555555556,10.0,35.0
73.0,4.0,8.0,Sổ hồng,Cơ bản,10.815017219489,106.708044582536,Chưa xác định,Quận Bình Thạnh,Phường 26,1206.8,0,Phố Nguyễn Xí,76.717765992708,0.0,0.0,23.278919456413657,9.0,8.79
50.0,4.0,4.0,Sổ hồng,Đầy đủ,10.8515946946845,106.658543826287,Hẻm ô tô,Quận Gò Vấp,Phường 16,144.5,1,Đường Phạm Văn Chiêu,28.92733564013841,0.0,0.0,71.09342560553632,7.0,6.95
64.0,4.0,10.0,Sổ hồng,Đầy đủ,10.8504188221545,106.615632251397,Hẻm ô tô,Quận 12,Phường Trung Mỹ Tây,,0,Đường Trung Mỹ Tây 2A,,,,,9.0,8.89
77.0,2.0,8.8,Sổ hồng,Trống / Nhà thô,10.7956416531491,106.622228575698,Hẻm ô tô,Quận Tân Phú,Phường Tân Quý,157.9,1,Đường Gò Dầu,0.0,0.0,0.0,99.99366687777072,4.0,6.29
34.0,4.0,8.0,Sổ hồng,Trống / Nhà thô,10.7636960178576,106.648907966983,Mặt tiền,Quận 11,Phường 8,6317.6,0,Đường Lãnh Binh Thăng,1.4974040774977837,98.50212105862985,0.0,0.0,8.0,8.99
50.0,3.0,5.0,Sổ hồng,Trống / Nhà thô,10.7954652756294,106.690736067772,Chưa xác định,Quận 1,Phường Tân Định,2751.2,1,Đường Hoàng Sa,66.36994765920326,11.927159057865659,0.0,21.702529805175928,8.0,15.5
60.0,3.0,3.0,Sổ hồng,Đầy đủ,10.845435535577488,106.63275863975286,Chưa xác định,Quận 12,Phường Đông Hưng Thuận,5602.7,0,Đường Nguyễn Văn Quá,59.05438449319078,4.757706105984615,0.0,36.18790940082461,8.0,6.1
77.0,2.0,10.5,Sổ hồng,Trống / Nhà thô,10.7984589835078,106.698135108209,Hẻm ô tô,Quận Bình Thạnh,Phường 1,20.3,1,Unknown,0.0,0.0,0.0,100.0,9.0,11.99
217.0,9.0,16.8,Sổ hồng,Trống / Nhà thô,10.7641890647208,106.69410971356,Mặt tiền,Quận 1,Phường Cô Giang,52.1,1,Đường Cô Bắc,15.431861804222645,0.0,0.0,84.62571976967371,40.0,120.0
84.0,2.0,8.0,Sổ hồng,Trống / Nhà thô,10.7480641822605,106.615798655459,Mặt tiền,Quận Bình Tân,Phường Bình Trị Đông B,,1,Đường Số 1A,,,,,4.0,9.8
57.0,5.0,6.0,Sổ hồng,Đầy đủ,10.805684503851,106.605347487786,Hẻm ô tô,Quận Bình Tân,Phường Bình Hưng Hòa,1603.5,0,Đường 26/3,30.215777985656377,0.0,0.0,69.78609292173373,11.0,8.25
29.0,5.0,6.0,Sổ hồng,Cơ bản,10.7939807703869,106.680712368654,Chưa xác định,Quận Phú Nhuận,Phường 17,113.6,0,Đường Huỳnh Văn Bánh,4.234154929577465,0.0,0.0,95.74823943661971,9.0,6.35
56.0,4.0,6.0,Sổ hồng,Đầy đủ,10.7764403819647,106.610525973746,Hẻm ô tô,Quận Bình Tân,Phường Bình Hưng Hòa A,98.1,0,Đường Lê Văn Quới,39.98980632008155,0.0,0.0,60.040774719673806,10.0,6.79
272.0,3.0,16.4,Sổ hồng,Trống / Nhà thô,10.8079449512287,106.735406928805,Chưa xác định,Quận 2,Phường Thảo Điền,,1,Unknown,,,,,12.0,80.0
17.0,3.0,4.0,Sổ đỏ,Trống / Nhà thô,10.8378748657483,106.636381966285,Hẻm ô tô,Quận Gò Vấp,Phường 12,297.8,0,Đường Phan Huy Ích,48.465413028878444,0.0,0.0,51.534586971121556,4.0,2.9
38.0,2.0,5.0,Sổ hồng,Đầy đủ,10.7836275864778,106.771511368323,Chưa xác định,Quận 2,Phường Bình Trưng Đông,,0,Đường Số 42,,,,,4.0,5.39
80.0,4.0,14.0,Sổ hồng,Trống / Nhà thô,10.7432121233543,106.71014581369,Mặt tiền,Quận 7,Phường Tân Quy,29.5,0,Đường Số 10,74.67796610169492,0.0,0.0,25.35593220338983,11.0,23.5
125.0,6.0,8.0,Sổ hồng,Đầy đủ,10.7494262616914,106.730312928557,Chưa xác định,Quận 7,Phường Tân Thuận Đông,266.7,0,Đường Bùi Văn Ba,7.375328083989502,0.0,0.0,92.60967379077616,66.0,25.0
54.0,5.0,5.0,Sổ hồng,Trống / Nhà thô,10.7932583037954,106.640202947743,Mặt tiền,Quận Tân Bình,Phường 14,2132.8,1,Đường Bàu Cát 2,81.01134658664665,2.0602025506376593,0.0,16.930326331582894,10.0,14.5
65.0,3.0,8.0,Sổ hồng,Đầy đủ,10.7977304825655,106.658407593251,Chưa xác định,Quận Tân Bình,Phường 4,2668.6,0,Đường Út Tịch,97.74675860001499,1.515401334032826,0.0,0.736715880986285,9.0,11.2
52.0,2.0,6.0,không có,Trống / Nhà thô,10.7910061297522,106.649489388107,Mặt tiền,Quận Tân Bình,Phường 11,114.3,1,Đường Năm Châu,4.251968503937008,0.0,95.70428696412948,0.0,8.0,6.5
27.0,3.0,4.0,Sổ hồng,Trống / Nhà thô,10.8815422721661,106.637366402099,Hẻm ô tô,Quận 12,Phường Hiệp Thành,33762.1,0,Đường Nguyễn Thị Búp,0.25226511384066747,18.896810328741402,80.85089493840727,0.0,6.0,2.25
310.0,3.0,6.0,Sổ hồng,Đầy đủ,10.7874700480939,106.767553053796,Chưa xác định,Quận 2,Phường Bình Trưng Tây,,1,Unknown,,,,,8.0,26.0
26.0,2.0,4.0,Sổ hồng,Đầy đủ,10.8433914418244,106.634273035642,Chưa xác định,Quận 12,Phường Đông Hưng Thuận,4426.6,0,Đường Đông Hưng Thuận 6,32.20417476166809,67.73234536664707,0.0,0.0,4.0,2.85
383.0,2.0,5.0,Sổ hồng,Đầy đủ,10.6637190249719,106.597550622983,Mặt tiền,Huyện Bình Chánh,Xã Tân Quý Tây,,0,Đường Đoàn Nguyễn Tuấn,,,,,8.0,8.6
54.0,1.0,8.0,Sổ hồng,Cơ bản,10.8184184886235,106.722414321982,Mặt tiền,Quận Bình Thạnh,Phường 27,350.0,0,Đường Bình Quới,11.905714285714286,0.0,0.0,88.10571428571428,3.0,2.63
67.0,4.0,13.6,Sổ hồng,Trống / Nhà thô,10.8065035436317,106.684472353021,Hẻm ô tô,Quận Phú Nhuận,Phường 5,111.8,1,Unknown,22.73703041144902,0.0,0.0,77.27191413237925,13.0,8.5
52.0,2.0,3.65,Sổ hồng,Cơ bản,10.7897806213568,106.687085852904,Mặt tiền,Quận 3,Phường Võ Thị Sáu,82.4,1,Đường Huỳnh Tịnh Của,22.19660194174757,0.0,0.0,77.80339805825243,2.0,14.0
60.0,2.0,4.0,Sổ hồng,Đầy đủ,10.794005764064,106.705537633568,Chưa xác định,Quận Bình Thạnh,Phường 17,98.0,1,Đường Phan Văn Hân,93.39795918367348,0.0,0.0,6.642857142857142,7.0,6.55
46.0,1.0,6.0,Sổ hồng,Cơ bản,10.8237734094329,106.77520698211,Chưa xác định,Quận 9,Phường Phước Long B,,0,Đường 339,,,,,3.0,5.6
126.0,4.0,12.0,không có,Trống / Nhà thô,10.711925973750049,106.66104514562193,Mặt tiền,Huyện Bình Chánh,Xã Bình Hưng,,0,Đường Nguyễn Văn Linh,,,,,7.0,17.8
71.0,2.0,4.5,Sổ hồng,Trống / Nhà thô,10.8024949039344,106.719275204227,Mặt tiền,Quận Bình Thạnh,Phường 25,79.8,0,Đường Nguyễn Văn Thương,19.511278195488725,0.0,0.0,80.42606516290728,8.0,15.0
74.0,5.0,6.0,Sổ hồng,Trống / Nhà thô,10.7993149317963,106.650479494146,Chưa xác định,Quận Tân Bình,Phường 12,102.5,0,Đường C18,0.7707317073170733,0.0,0.0,99.21951219512195,13.0,14.0
47.0,3.0,5.0,Sổ hồng,Cơ bản,10.7710554857348,106.643704722429,Hẻm ô tô,Quận 11,Phường 5,2060.0,0,Đường Lạc Long Quân,1.013106796116505,98.98834951456311,0.0,0.0,7.0,6.85
81.0,4.0,10.0,Sổ hồng,Trống / Nhà thô,10.7967269562337,106.652747427794,Chưa xác định,Quận Tân Bình,Phường 12,102015.0,0,Đường Nguyễn Thái Bình,5.104670881733078,14.210851345390385,0.0,0.6428074302798608,11.0,18.6
81.0,4.0,5.0,Sổ hồng,Đầy đủ,10.8196561312508,106.703022088861,Mặt tiền,Quận Bình Thạnh,Phường 13,1282.0,0,Đường Nơ Trang Long,51.07098283931357,0.0,0.0,48.93135725429017,10.0,9.5
81.0,4.0,2.0,Sổ hồng,Trống / Nhà thô,10.7918924241112,106.675306514567,Chưa xác định,Quận Phú Nhuận,Phường 11,196.4,0,Đường Huỳnh Văn Bánh,5.4837067209775965,0.0,0.0,94.52138492871688,12.0,11.5
86.0,3.0,32.0,Sổ hồng,Đầy đủ,10.7454942353778,106.689905503169,Mặt tiền,Quận 8,Phường 1,676.5,0,Đường Dương Bá Trạc,84.2350332594235,0.0,0.0,15.769401330376942,7.0,16.9
142.0,2.0,8.0,Sổ hồng,Cơ bản,10.7852620425471,106.61582518369,Mặt tiền,Quận Bình Tân,Phường Bình Hưng Hòa A,1337.9,0,Đường Số 8,88.58285372598849,0.0,0.0,11.41714627401151,7.0,11.5
72.0,6.0,7.0,Sổ hồng,Cơ bản,10.7724745712543,106.669311421822,Mặt tiền,Quận 10,Phường 12,1141.0,0,Đường Sư Vạn Hạnh,94.78264680105171,0.0,0.0,5.194566170026293,20.0,18.6
74.0,4.0,12.0,Sổ hồng,Trống / Nhà thô,10.7918571099957,106.650724056911,Mặt tiền,Quận Tân Bình,Phường 11,591.6,1,Đường Võ Thành Trang,9.259634888438134,0.0,90.74543610547667,0.0,10.0,15.5
30.0,5.0,8.0,Sổ hồng,Đầy đủ,10.779665215107,106.638561066435,Mặt tiền,Quận Tân Phú,Phường Hòa Thạnh,67.2,0,Đường Huỳnh Thiện Lộc,31.175595238095237,0.0,0.0,68.82440476190476,6.0,5.3
57.0,5.0,6.0,Sổ hồng,Đầy đủ,10.7827445377228,106.609139648536,Hẻm ô tô,Quận Bình Tân,Phường Bình Hưng Hòa A,7116.1,0,Đường Mã Lò,23.991090625483057,32.05028035019182,43.44275656609659,0.5165750902882196,10.0,6.5
25.0,3.0,5.0,Sổ hồng,Cơ bản,10.7940064408578,106.680821814869,Mặt tiền,Quận Phú Nhuận,Phường 17,687.3,0,Đường Huỳnh Văn Bánh,92.73243125272808,0.0,0.0,7.261748872399243,4.0,4.2
130.0,3.0,4.0,Sổ hồng,Cơ bản,10.8519980471124,106.768697565445,Hẻm ô tô,Thành phố Thủ Đức,Phường Linh Trung,,0,Đường Số 6,,,,,18.0,10.0
80.0,4.0,7.0,Sổ hồng,Trống / Nhà thô,10.8408136759408,106.642190565685,Hẻm ô tô,Quận Gò Vấp,Phường 12,102.3,0,Đường Nguyễn Duy Cung,11.104594330400781,0.0,0.0,88.87585532746823,8.0,9.4
94.0,2.0,4.9,Sổ hồng,Trống / Nhà thô,10.8487844765164,106.631085969411,Mặt tiền,Quận 12,Phường Đông Hưng Thuận,296.3,1,Đường Đông Hưng Thuận 27,39.19338508268647,0.0,0.0,60.8032399595005,6.0,6.8
96.0,3.0,10.533333333333333,Sổ hồng,Đầy đủ,10.690741293775,106.720649459706,Chưa xác định,Huyện Nhà Bè,Xã Phước Kiển,7136.0,1,Đường Nguyễn Hữu Thọ,22.82511210762332,44.66928251121076,0.0,32.50616591928251,8.0,11.5
77.0,2.0,8.0,Sổ hồng,Đầy đủ,10.8386517052955,106.676559085976,Hẻm ô tô,Quận Gò Vấp,Phường 17,491.0,0,Đường Nguyễn Văn Lượng,13.022403258655805,0.0,0.0,86.98574338085541,5.0,7.3
73.0,1.0,5.333333333333334,Sổ hồng,Trống / Nhà thô,10.7354871451976,106.605568356052,Hẻm ô tô,Quận Bình Tân,Phường Bình Trị Đông B,34300.8,1,Đường Sinco,2.4845776191808935,0.0,97.51542238081909,0.0,5.0,5.9
82.0,5.0,10.666666666666668,Sổ hồng,Đầy đủ,10.7930049515336,106.687517000227,Mặt tiền,Quận 1,Phường Tân Định,1146.8,1,Đường Nguyễn Văn Nguyễn,87.05092431112661,0.0,0.0,12.949947680502266,9.0,28.5
106.0,2.0,6.0,Sổ hồng,Cơ bản,10.7933140802267,106.64248907703,Hẻm ô tô,Quận Tân Bình,Phường 14,112.8,0,Đường Nguyễn Hồng Đào,0.7890070921985817,0.0,0.0,99.18439716312056,6.0,12.8
41.0,4.0,6.0,Sổ hồng,Đầy đủ,10.7470311071977,106.728668104538,Mặt tiền,Quận 7,Phường Tân Thuận Đông,1506.7,0,Đường Huỳnh Tấn Phát,79.0382956129289,0.0,0.0,20.96303179133205,9.0,9.45
47.0,5.0,6.0,Sổ hồng,Đầy đủ,10.7391824294427,106.706828719375,Mặt tiền,Quận 7,Phường Tân Phong,,0,Đường Nguyễn Thị Thập,,,,,9.0,9.6
80.0,5.0,10.0,Sổ hồng,Đầy đủ,10.731052018508,106.732384137993,Chưa xác định,Quận 7,Phường Phú Thuận,343.8,0,Đường Phú Thuận,13.062827225130889,0.0,0.0,86.9371727748691,9.0,19.5
80.0,2.0,6.0,Sổ hồng,Cơ bản,10.8016352806291,106.699905507021,Chưa xác định,Quận Bình Thạnh,Phường 2,75.5,0,Đường Vũ Tùng,0.0,0.0,0.0,100.0,5.0,9.5
54.0,2.0,8.0,Sổ hồng,Đầy đủ,10.7728773287423,106.65518620237,Mặt tiền,Quận 11,Phường 15,77.9,0,Đường Số 3 Cư xá Lữ Gia,40.62901155327342,0.0,0.0,59.422336328626436,4.0,13.9
50.0,2.0,14.0,Sổ hồng,Trống / Nhà thô,10.747700418118,106.704564698089,Hẻm ô tô,Quận 7,Phường Tân Kiểng,498563.61,0,Đường Lê Văn Lương,95.4990898754123,0.0,0.11544564995427567,4.385462468871324,5.0,6.9
42.0,2.0,3.8333333333333335,Sổ hồng,Cơ bản,10.7665032296315,106.627340184513,Mặt tiền,Quận Tân Phú,Phường Hiệp Tân,1648.3,1,Đường Lý Thánh Tông,0.0,0.0,0.0,99.99939331432385,4.0,4.6
178.0,5.0,17.9,không có,Trống / Nhà thô,10.7738908241205,106.628185740838,Chưa xác định,Quận Tân Phú,Phường Hiệp Tân,1008.3,1,Đường Nguyễn Thiệu Lâu,57.3103243082416,0.0,0.0,42.693642765050086,6.0,23.0
320.0,10.0,28.3,Sổ hồng,Trống / Nhà thô,10.7561152637228,106.689462087754,Mặt tiền,Quận 1,Phường Cầu Kho,112.5,1,Đường Võ Văn Kiệt,62.33777777777777,37.68888888888889,0.0,0.0,10.0,85.0
80.0,2.0,12.0,Sổ hồng,Trống / Nhà thô,10.8425124250108,106.650973991655,Mặt tiền,Quận Gò Vấp,Phường 8,9636.3,0,Đường Nguyễn Văn Khối,15.746915309818085,84.25329223872234,0.0,0.0,4.0,8.0
85.0,5.0,20.0,Sổ hồng,Đầy đủ,10.7939421459031,106.66277018215,Mặt tiền,Quận Tân Bình,Phường 3,5218.0,0,Đường Phạm Văn Hai,7.705634342660023,92.29455730164815,0.0,0.0,20.0,23.0
71.0,3.0,7.0,không có,Đầy đủ,10.7986301783234,106.612604229587,Hẻm ô tô,Quận Bình Tân,Phường Bình Hưng Hòa,1373.2,1,Đường Hương Lộ 3,57.57937663850859,0.0,0.0,42.424264491698224,8.0,7.89
56.0,3.0,7.0,Sổ hồng,Đầy đủ,10.8789995883228,106.668898400299,Mặt tiền,Quận 12,Phường Thạnh Xuân,10130.3,0,Đường Thạnh Xuân 40,37.71813273052131,40.66562688173105,0.0,21.61594424646852,6.0,5.2
55.0,1.0,4.0,Sổ hồng,Trống / Nhà thô,10.8783815083627,106.637959528538,Hẻm ô tô,Quận 12,Phường Hiệp Thành,1955.2,0,Đường Hiệp Thành 13,92.37520458265138,0.0,7.622749590834696,0.0,5.0,3.98
148.0,4.0,20.0,Sổ hồng,Đầy đủ,10.8060106682998,106.790248918548,Chưa xác định,Quận 9,Phường Phú Hữu,,0,Đường Số 5,,,,,9.0,22.98
56.0,4.0,3.0,Sổ hồng,Đầy đủ,10.7499827892807,106.723068827563,Hẻm xe máy,Quận 7,Phường Tân Thuận Tây,1890.6,0,Đường Nguyễn Văn Linh,99.99788426954406,0.0,0.0,0.0,9.0,7.3
56.0,4.0,10.5,Sổ hồng,Đầy đủ,10.7448485612524,106.695922697638,Mặt tiền,Quận 7,Phường Tân Hưng,498563.61,1,Đường Hoàng Trọng Mậu,95.4990898754123,0.0,0.11544564995427567,4.385462468871324,7.0,12.4
90.0,5.0,18.0,Sổ hồng,Đầy đủ,10.7876149929008,106.764441727158,Mặt tiền,Quận 2,Phường Bình Trưng Tây,,1,Đường Nguyễn Duy Trinh,,,,,9.0,9.4
39.0,2.0,3.0,Sổ hồng,Đầy đủ,10.8457665014048,106.642819721275,Mặt tiền,Quận Gò Vấp,Phường 14,1326.6,0,Đường Số 51,7.620985979194934,0.0,0.0,92.37976782752902,4.0,5.37
36.0,2.0,3.0,Sổ hồng,Trống / Nhà thô,10.8314197322681,106.670563331608,Chưa xác định,Quận Gò Vấp,Phường 10,70991.2,0,Đường Quang Trung,5.3839208239894525,94.48747168663158,0.0,0.12863566188485334,4.0,4.18
112.0,1.0,9.1,Sổ hồng,Trống / Nhà thô,10.7513219432165,106.72867556842,Chưa xác định,Quận 7,Phường Tân Thuận Tây,979.3,1,Đường Huỳnh Tấn Phát,97.0295108751149,0.0,0.0,2.970489124885122,14.0,6.5
72.0,1.0,4.0,Sổ hồng,Trống / Nhà thô,10.8540482739512,106.677479734851,Mặt tiền,Quận 12,Phường Thạnh Lộc,1361.1,0,Đường Thạnh Lộc 8,26.3279700242451,0.0,0.0,73.67276467563,4.0,4.7
216.0,4.0,3.0,Sổ hồng,Đầy đủ,10.8128899525103,106.696942975506,Mặt tiền,Quận Bình Thạnh,Phường 12,1303.6,0,Đường Nơ Trang Long,99.86115372813748,0.0,0.0,0.13884627186253454,16.0,31.0
69.0,4.0,8.0,Sổ hồng,Cơ bản,10.7978016708688,106.695980002727,Mặt tiền,Quận Bình Thạnh,Phường 3,5516.4,0,Đường Lê Văn Duyệt,0.0,99.99981872235517,0.0,0.0,12.0,10.0
100.0,4.0,10.0,Sổ hồng,Cơ bản,10.7038670736913,106.631059661778,Mặt tiền,Quận 8,Phường 7,65892.2,0,Đường Trịnh Quang Nghị,99.91235684952089,0.0,0.08764315047911589,0.0,9.0,8.2
27.0,2.0,3.0,Sổ hồng,Trống / Nhà thô,10.7558105866648,106.689168385375,Chưa xác định,Quận 1,Phường Cầu Kho,18.7,1,Đường Võ Văn Kiệt,0.0,99.94652406417114,0.0,0.0,5.0,6.68
251.0,3.0,19.0,Sổ hồng,Đầy đủ,10.7210162643813,106.731965156038,Chưa xác định,Quận 7,Phường Tân Phú,1034216.8,0,Đường 20,16.500876798752444,17.54197475809714,0.1461792150349907,65.81097212886118,9.0,115.0
180.0,5.0,6.9,Sổ hồng,Đầy đủ,10.7992500479175,106.650900231866,Chưa xác định,Quận Tân Bình,Phường 12,8786.7,1,Đường C18,16.8972424232078,0.0,0.0,82.93284168117722,30.0,25.0
1.0,3.0,7.0,Sổ hồng,Trống / Nhà thô,10.7971183629033,106.823440391337,Mặt tiền,Quận 9,Phường Long Trường,,0,Đường Trường Lưu,,,,,9.0,21.0
64.0,3.0,6.0,Sổ hồng,Cơ bản,10.7826340987026,106.608908544969,Mặt tiền,Quận Bình Tân,Phường Bình Hưng Hòa A,7116.1,0,Đường 5B,23.991090625483057,32.05028035019182,43.44275656609659,0.5165750902882196,5.0,6.3
170.0,3.0,6.0,Sổ hồng,Cơ bản,10.84436550111814,106.7813971079886,Chưa xác định,Quận 9,Phường Hiệp Phú,,0,Đường Lê Văn Việt,,,,,40.0,19.8
50.0,3.0,4.0,Sổ hồng,Đầy đủ,10.8677419024088,106.676918603457,Hẻm ô tô,Quận 12,Phường Thạnh Xuân,5732.8,0,Đường Thạnh Xuân 18,47.75066285235835,21.221915992185316,0.0,31.027770025118617,9.0,5.35
44.0,4.0,4.0,Sổ hồng,Trống / Nhà thô,10.8416341758951,106.65714157498,Chưa xác định,Quận Gò Vấp,Phường 11,4508.5,1,Đường Lê Văn Thọ,87.35566152822446,12.644560275036042,0.0,0.0,9.0,6.9
88.0,6.0,12.0,Sổ hồng,Đầy đủ,10.8698649052303,106.655616956805,Mặt tiền,Quận 12,Phường Thới An,47488.4,0,Đường Nguyễn Thị Xinh,15.49637385129842,24.514112920207882,0.0,59.98961851736424,14.0,10.49
50.0,2.0,10.7,Sổ hồng,Đầy đủ,10.7826524129203,106.647731896905,Mặt tiền,Quận Tân Bình,Phường 10,53.0,1,Đường Trần Văn Quang,0.0,0.0,0.0,99.94339622641509,8.0,8.6
144.0,3.0,20.0,không có,Trống / Nhà thô,10.795985740062354,106.7927588032174,Mặt tiền,Quận 9,Phường Phú Hữu,,0,Đường Võ Chí Công,,,,,8.0,13.0
56.0,3.0,6.0,Sổ hồng,Trống / Nhà thô,10.7220604534774,106.59946186468,Chưa xác định,Huyện Bình Chánh,Xã Tân Kiên,411.7,0,Phố Trần Đại Nghĩa,0.0,0.0,0.0,100.0,4.0,5.19
54.0,5.0,16.0,Sổ hồng,Trống / Nhà thô,10.760201396191,106.666578562579,Mặt tiền,Quận 10,Phường 5,66.0,0,Đường Đào Duy Từ,0.0,0.0,0.0,100.0,17.0,23.0
78.0,3.0,5.0,Sổ hồng,Đầy đủ,10.7882357271985,106.62994972047,Hẻm ô tô,Quận Tân Phú,Phường Phú Thọ Hòa,85.3,0,Đường Vườn Lài,2.5556858147713952,0.0,0.0,97.47948417350528,6.0,6.5
58.0,4.0,4.0,Sổ hồng,Cơ bản,10.7831871313356,106.757095232792,Chưa xác định,Quận 2,Phường Thạnh Mỹ Lợi,,0,Đường Số 32,,,,,7.0,8.99
61.0,4.0,4.0,Sổ hồng,Cơ bản,10.8415317066009,106.657188288478,Hẻm ô tô,Quận Gò Vấp,Phường 8,965.9,0,Đường Lê Văn Thọ,84.98188218242055,0.0,0.0,15.012941298271043,9.0,7.4
62.0,2.0,18.0,Sổ hồng,Cơ bản,10.8206539014263,106.635884348996,Mặt tiền,Quận Tân Bình,Phường 15,95.6,0,Đường Nguyễn Sỹ Sách,14.34100418410042,0.0,0.0,85.61715481171548,4.0,10.0
127.0,4.0,8.0,Sổ hồng,Cơ bản,10.7819666924514,106.758807878941,Mặt tiền,Quận 2,Phường Thạnh Mỹ Lợi,,0,Unknown,,,,,9.0,23.8
163.0,5.0,5.0,Sổ hồng,Đầy đủ,10.8146283972982,106.63233664624,Chưa xác định,Quận Tân Bình,Phường 15,1958.1,0,Đường Trường Chinh,79.64455339359584,20.3559573055513,0.0,0.0,72.0,26.8
63.0,2.0,10.0,Sổ hồng,Trống / Nhà thô,10.8386907920757,106.660007032094,Mặt tiền,Quận Gò Vấp,Phường 11,63.0,0,Đường Số 17,0.0,0.0,0.0,99.92063492063492,8.0,9.9
562.0,3.0,22.4,Sổ hồng,Trống / Nhà thô,10.7585928377759,106.665709315787,Mặt tiền,Quận 5,Phường 9,1483.5,1,Đường Ngô Quyền,85.47286821705427,0.0,0.0,14.528479946073475,10.0,135.0
88.0,4.0,9.825,Sổ hồng,Đầy đủ,10.7838095439946,106.69461716278,Chưa xác định,Quận 3,Phường Võ Thị Sáu,6522.7,1,Đường Phạm Ngọc Thạch,94.31861039140233,0.0,5.681542919343217,0.0,11.0,25.6
278.0,2.0,8.6,Sổ hồng,Đầy đủ,21.0289486097874,105.852447225903,Chưa xác định,Quận 9,Phường Phú Hữu,,1,Đường Đỗ Xuân Hợp,,,,,6.0,31.0
55.0,2.0,7.9,Sổ hồng,Đầy đủ,10.7588721251256,106.677588592348,Mặt tiền,Quận 5,Phường 3,2654.4,1,Đường An Dương Vương,95.85443037974683,0.0,0.0,4.143685955394815,9.0,12.8
58.0,4.0,8.0,Sổ hồng,Cao cấp,10.7988932190235,106.630118115521,Chưa xác định,Quận Tân Phú,Phường Tân Sơn Nhì,79.1,0,Đường Cầu Xéo,0.0,0.0,0.0,99.96207332490519,8.0,10.0
70.0,4.0,14.0,Sổ hồng,Cơ bản,10.7375931545908,106.627207967987,Mặt tiền,Quận 6,Phường 10,3380.0,0,Đường Trần Văn Kiểu,96.63461538461539,0.5757396449704143,0.0,2.7884615384615388,7.0,13.8
83.0,3.0,7.0,Sổ hồng,Đầy đủ,10.844130053163,106.595012872479,Chưa xác định,Huyện Hóc Môn,Xã Bà Điểm,1531.9,0,Unknown,25.969710816632936,0.0,0.0,74.03159475161563,9.0,6.79
95.0,2.0,6.0,Sổ hồng,Trống / Nhà thô,10.8199641248378,106.703845598261,Hẻm ô tô,Quận Bình Thạnh,Phường 13,1688.7,0,Phố Nguyễn Xí,80.76686208325931,12.387635459228992,0.0,6.847278971990288,5.0,12.5
38.0,2.0,2.0,Sổ hồng,Trống / Nhà thô,10.7992144714162,106.686488458173,Mặt tiền,Quận Phú Nhuận,Phường 2,3201.4,1,Đường Phùng Văn Cung,9.34372462047854,0.17929655775598174,0.0,0.0,5.0,9.55
90.0,6.0,8.0,Sổ hồng,Trống / Nhà thô,10.8155981736514,106.698733204516,Chưa xác định,Quận Bình Thạnh,Phường 12,54.4,0,Đường Nơ Trang Long,0.0,0.0,0.0,100.0,28.0,17.3
95.0,3.0,20.0,Sổ hồng,Cơ bản,10.8123878451955,106.668783032353,Mặt tiền,Quận Tân Bình,Phường 2,631.2,0,Đường Yên Thế,0.0,0.0,0.0,99.99366286438529,14.0,23.5
9.0,2.0,6.6,Sổ hồng,Đầy đủ,10.8055460991027,106.682015506672,Chưa xác định,Quận Phú Nhuận,Phường 5,947.1,1,Đường Thích Quảng Đức,79.44884383908774,0.0,0.0,20.554323725055433,2.0,2.3
95.0,2.0,6.0,Sổ hồng,Đầy đủ,10.8078878334204,106.703359785111,Hẻm ô tô,Quận Bình Thạnh,Phường 22,46.8,0,Đường Nguyễn Hữu Cảnh,15.14957264957265,0.0,0.0,84.7863247863248,4.0,9.6
32.0,2.0,3.0,Sổ hồng,Trống / Nhà thô,10.7475858603767,106.685434396223,Chưa xác định,Quận 8,Phường 2,1309.7,0,Đường Nguyễn Thị Tần,82.73421394212414,0.0,0.0,17.268076658776817,4.0,4.2
36.0,6.0,10.0,Sổ hồng,Trống / Nhà thô,10.768884116215196,106.68143875634782,Mặt tiền,Quận 3,Phường 2,1881.6,0,Đường Bàn Cờ,53.68303571428572,0.0,0.0,46.31590136054422,9.0,14.0
77.0,2.0,5.0,Sổ hồng,Đầy đủ,10.7264898233497,106.73377788694,Hẻm ô tô,Quận 7,Phường Phú Thuận,493.7,1,Đường Huỳnh Tấn Phát,9.586793599351832,0.0,0.0,90.40307879278915,7.0,6.9
50.0,3.0,5.0,Sổ hồng,Đầy đủ,10.756659884463,106.585732133111,Mặt tiền,Quận Bình Tân,Phường Tân Tạo,3414.8,1,Đường Tỉnh Lộ 10,2.6467143024481663,5.772812463394635,0.0,91.58047323415718,7.0,5.6
39.0,2.0,3.0,Sổ hồng,Trống / Nhà thô,10.7146218666764,106.737055315561,Chưa xác định,Quận 7,Phường Phú Thuận,2763.6,0,Đường Hoàng Quốc Việt,22.80865537704444,0.0,0.0,77.19098277608916,5.0,5.4
224.0,4.0,10.0,Sổ hồng,Trống / Nhà thô,10.8305036686409,106.705633924961,Mặt tiền,Quận Bình Thạnh,Phường 13,3479.0,0,Đường Bình Lợi,76.25553319919517,11.829836159816038,0.0,11.914918079908018,7.0,25.5
118.0,4.0,8.6,Sổ hồng,Đầy đủ,10.8299746119677,106.702616180705,Chưa xác định,Quận Bình Thạnh,Phường 13,3768.9,1,Đường Đặng Thùy Trâm,99.69487118257317,0.0,0.0,0.3051288174268354,28.0,18.9
430.0,2.0,10.0,Sổ hồng,Trống / Nhà thô,10.85036,106.6937,Chưa xác định,Quận 12,Phường An Phú Đông,1791.3,0,Đường Vườn Lài,10.131747892591973,0.0,0.0,89.86992686875453,12.0,44.5
296.0,2.0,20.0,Sổ hồng,Trống / Nhà thô,10.8062602349875,106.789903651599,Chưa xác định,Quận 9,Phường Phú Hữu,,0,Unknown,,,,,37.0,38.0
56.0,4.0,7.4,Sổ hồng,Trống / Nhà thô,10.7620215919937,106.667186392024,Chưa xác định,Quận 10,Phường 5,69.0,1,Đường Hòa Hảo,0.0,0.0,0.0,99.36231884057972,14.0,9.7
80.0,6.0,9.16,Sổ hồng,Trống / Nhà thô,10.7752326235545,106.630301283836,Mặt tiền,Quận Tân Phú,Phường Hiệp Tân,75.4,1,Đường Huỳnh Văn Một,2.161803713527851,0.0,0.0,97.85145888594164,9.0,13.0
99.0,3.0,9.133333333333333,Sổ hồng,Đầy đủ,10.6914795113554,106.736064197897,Chưa xác định,Huyện Nhà Bè,Thị trấn Nhà Bè,1239.5,1,Unknown,37.38362242839855,62.61315046389673,0.0,0.0,8.0,7.5
60.0,6.0,16.0,Sổ hồng,Đầy đủ,10.8121471221409,106.692115296992,Mặt tiền,Quận Bình Thạnh,Phường 11,654.3,0,Đường Nguyễn Văn Đậu,10.751948647409446,0.0,0.0,89.2465230016812,13.0,12.8
50.0,3.0,5.1,Sổ hồng,Đầy đủ,10.7932980450909,106.687098902595,Mặt tiền,Quận 1,Phường Tân Định,3031.6,1,Đường Nguyễn Văn Nguyễn,76.19210977701545,14.090579232088668,0.0,9.717970708536747,10.0,7.95
64.0,2.0,3.0,Sổ hồng,Cơ bản,10.7928447235659,106.623378982835,Mặt tiền,Quận Tân Phú,Phường Tân Quý,124.0,0,Đường Nguyễn Quang Diêu,10.411290322580644,0.0,0.0,89.56451612903226,5.0,5.29
60.0,1.0,8.0,Sổ hồng,Cơ bản,10.8077752250044,106.703521092561,Chưa xác định,Quận Bình Thạnh,Phường 24,49.0,0,Đường Bùi Đình Túy,39.93877551020408,0.0,0.0,60.08163265306122,2.0,9.5
185.0,3.0,12.0,Sổ hồng,Trống / Nhà thô,10.7626287809534,106.686792464318,Hẻm ô tô,Quận 1,Phường Nguyễn Cư Trinh,2619.3,0,Đường Nguyễn Trãi,99.6766311609972,0.3214599320429122,0.0,0.0,10.0,62.0
112.0,3.0,6.0,Sổ đỏ,Trống / Nhà thô,10.693796219712,106.653719887645,Chưa xác định,Huyện Bình Chánh,Xã Phong Phú,,1,Unknown,,,,,8.0,11.97
72.0,1.0,5.0,không có,Trống / Nhà thô,10.7744177371647,106.636066656696,Mặt tiền,Quận Tân Phú,Phường Hòa Thạnh,180.8,1,Đường Trịnh Đình Thảo,17.787610619469024,0.0,0.0,82.18473451327434,4.0,7.2
105.0,2.0,20.0,Sổ hồng,Cơ bản,10.68678227191234,106.5852450409788,Chưa xác định,Huyện Bình Chánh,Thị trấn Tân Túc,3024.1,0,Đường Tân Túc,85.03554776627757,14.964452233722428,0.0,0.0,7.0,7.0
91.0,3.0,7.0,Sổ hồng,Đầy đủ,10.7918213926122,106.597889252007,Mặt tiền,Quận Bình Tân,Phường Bình Hưng Hòa,3565.0,0,Đường Lê Đức Anh,2.17194950911641,65.13127629733522,0.0,32.697615708274895,7.0,8.3
91.0,4.0,16.0,Sổ hồng,Trống / Nhà thô,10.8122554958413,106.695588498954,Mặt tiền,Quận Bình Thạnh,Phường 12,313.4,1,Đường Phan Văn Trị,0.0,0.0,0.0,100.0,16.0,12.7
77.0,5.0,6.0,Sổ hồng,Trống / Nhà thô,10.8135691458309,106.689844398532,Mặt tiền,Quận Bình Thạnh,Phường 11,1011.6,0,Đường Lê Quang Định,76.50454725187821,0.0,0.0,23.49248714907078,17.0,9.3
412.0,3.0,8.4,Sổ hồng,Trống / Nhà thô,10.7824937573199,106.686608984572,Mặt tiền,Quận 3,Phường Võ Thị Sáu,7909.6,1,Đường Trần Quốc Thảo,99.8820420754526,0.11808435319105896,0.0,0.0,14.0,300.0
50.0,4.0,6.0,Sổ hồng,Trống / Nhà thô,10.7676628297188,106.686273631763,Chưa xác định,Quận 1,Phường Nguyễn Cư Trinh,1999.0,1,Đường Cống Quỳnh,84.95947973986993,0.0,15.039019509754878,0.0,8.0,34.0
43.0,2.0,5.0,Sổ đỏ,Trống / Nhà thô,10.7916461403185,106.670102308871,Mặt tiền,Quận Phú Nhuận,Phường 14,1701.6,0,Đường Huỳnh Văn Bánh,59.40291490362012,0.0,0.0,40.5964974141984,4.0,8.5
68.0,4.0,10.666666666666668,Sổ đỏ,Trống / Nhà thô,10.7951061770475,106.629108823836,Mặt tiền,Quận Tân Phú,Phường Tân Sơn Nhì,3410.3,1,Đường Gò Dầu,88.64557370319326,0.0,0.0,11.355012755476057,9.0,12.5
70.0,6.0,5.0,Sổ hồng,Đầy đủ,10.8227936607879,106.704451603384,Mặt tiền,Quận Bình Thạnh,Phường 13,780.1,0,Đường Phạm Văn Đồng,2.247147801563902,0.0,0.0,97.75157031149851,17.0,13.0
140.0,4.0,6.0,Sổ hồng,Trống / Nhà thô,10.7444518156887,106.683705500482,Mặt tiền,Quận 8,Phường 2,124.6,0,Đường Âu Dương Lân,0.8908507223113966,0.0,0.0,99.1091492776886,12.0,9.5
18.0,2.0,2.0,Sổ hồng,Trống / Nhà thô,10.7553165213841,106.629546680048,Hẻm ô tô,Quận 6,Phường 13,71.1,0,Đường Bà Hom,11.617440225035162,0.0,0.0,88.34036568213784,2.0,2.35
66.0,5.0,20.0,Sổ hồng,Trống / Nhà thô,10.7626067450978,106.690020342219,Chưa xác định,Quận 1,Phường Nguyễn Cư Trinh,77.2,0,Đường Cao Bá Nhạ,2.733160621761658,0.2202072538860104,0.0,97.05958549222798,8.0,32.0
48.0,4.0,2.0,Sổ hồng,Đầy đủ,10.8759582236028,106.74735194876,Chưa xác định,Thành phố Thủ Đức,Phường Bình Chiểu,,0,Đường Lê Thị Hoa,,,,,8.0,5.5
100.0,2.0,12.0,Sổ hồng,Cơ bản,10.8499207083396,106.838326826692,Chưa xác định,Thành phố Thủ Đức,Phường Long Bình,,0,Unknown,,,,,5.0,11.0
33.0,2.0,4.325,Sổ hồng,Đầy đủ,10.8196927703066,106.674713427539,Mặt tiền,Quận Gò Vấp,Phường 3,1252.8,1,Đường Nguyễn Văn Công,95.35201149425288,0.0,0.9929757343550447,3.6286717752234994,6.0,5.68
203.0,3.0,6.0,Sổ hồng,Trống / Nhà thô,10.8491756032791,106.747135061178,Chưa xác định,Thành phố Thủ Đức,Phường Linh Đông,,0,Đường Linh Đông,,,,,9.0,12.5
42.0,2.0,2.6666666666666665,Sổ hồng,Trống / Nhà thô,10.7627757598868,106.686838667875,Chưa xác định,Quận 1,Phường Nguyễn Cư Trinh,48.0,1,Đường Nguyễn Trãi,51.29166666666667,0.0,0.0,48.70833333333333,5.0,9.8
204.0,7.0,15.0,Sổ hồng,Trống / Nhà thô,10.7393547259529,106.709509261393,Mặt tiền,Quận 7,Phường Tân Quy,714.4,0,Đường Nguyễn Thị Thập,2.08986562150056,0.0,0.0,97.90453527435609,22.0,55.0
64.0,4.0,9.599999999999998,Sổ hồng,Trống / Nhà thô,10.8288538774422,106.689167927867,Chưa xác định,Quận Gò Vấp,Phường 5,35587.4,1,Đường Dương Quảng Hàm,9.209664094595277,0.0,90.73871651202391,0.05161939338080331,9.0,10.9
209.0,3.0,40.0,Sổ hồng,Trống / Nhà thô,10.7141086590414,106.737175090012,Chưa xác định,Quận 7,Phường Phú Thuận,1740.4,0,Đường Hoàng Quốc Việt,0.0,100.0,0.0,0.0,41.0,23.5
60.0,5.0,10.0,Sổ hồng,Cơ bản,10.7722156627837,106.669595484885,Chưa xác định,Quận 10,Phường 12,1535.0,0,Đường Sư Vạn Hạnh,99.357003257329,0.0,0.0,0.6332247557003258,24.0,18.9
84.0,4.0,11.325,Sổ hồng,Trống / Nhà thô,10.8357780632664,106.842815161407,Chưa xác định,Quận 9,Phường Long Thạnh Mỹ,,1,Đường T2,,,,,10.0,14.5
61.0,3.0,8.0,Sổ hồng,Đầy đủ,10.7265707794696,106.733483078702,Hẻm ô tô,Quận 7,Phường Phú Thuận,795.2,0,Đường Huỳnh Tấn Phát,52.992957746478865,0.0,0.0,47.0020120724346,8.0,8.9
146.0,4.0,8.0,Sổ hồng,Cơ bản,10.7580733688594,106.617184965332,Chưa xác định,Quận Bình Tân,Phường Bình Trị Đông,2655.2,0,Đường Tỉnh Lộ 10,32.40396203675806,0.0,0.0,67.59679120216933,12.0,14.5
102.0,1.0,10.0,Sổ hồng,Trống / Nhà thô,10.8839703701422,106.673079693132,Mặt tiền,Quận 12,Phường Thới An,2668.5,1,Đường Thạnh Xuân 31,63.3468240584598,21.5578040097433,0.0,15.093872962338391,3.0,4.3
92.0,4.0,15.0,Sổ hồng,Đầy đủ,10.6783687756031,106.753491444688,Mặt tiền,Huyện Nhà Bè,Xã Phú Xuân,8606.4,0,Đường Huỳnh Tấn Phát,89.89531046662948,0.0,0.0,0.0,9.0,11.8
276.0,2.0,6.0,Sổ hồng,Trống / Nhà thô,10.7426946625182,106.729843797137,Mặt tiền,Quận 7,Phường Bình Thuận,259.9,0,Đường Huỳnh Tấn Phát,12.912658714890343,0.0,0.0,87.09503655252021,40.0,18.0
75.0,5.0,9.7,Sổ hồng,Trống / Nhà thô,10.7984336824801,106.667705197542,Chưa xác định,Quận Tân Bình,Phường 1,444.9,1,Đường Nguyễn Trọng Tuyển,0.6765565295572038,0.0,0.0,99.31445268599687,9.0,25.9
25.0,4.0,4.2,Sổ hồng,Đầy đủ,10.803390067495,106.711658725605,Mặt tiền,Quận Bình Thạnh,Phường 14,151.4,1,Đường Xô Viết Nghệ Tĩnh,18.20343461030383,0.0,0.0,81.78996036988111,5.0,5.38
60.0,2.0,5.0,Sổ hồng,Đầy đủ,10.8717575013348,106.67786128058,Hẻm ô tô,Quận 12,Phường Thạnh Lộc,1525.9,1,Đường Thạnh Lộc 22,0.0,8.395700897830789,0.0,91.60692050593092,5.0,4.73
119.0,5.0,12.0,Sổ hồng,Trống / Nhà thô,10.8010652406407,106.656418550514,Mặt tiền,Quận Tân Bình,Phường 4,2838.1,1,Đường Cộng Hòa,97.20023959691343,0.0,0.0,2.801169796694972,16.0,29.0
42.0,3.0,13.05,Sổ hồng,Đầy đủ,10.7938566106549,106.663006940331,Chưa xác định,Quận Tân Bình,Phường 3,2587.9,1,Đường Phạm Văn Hai,1.0564550407666446,0.0,0.0,98.94431778662235,8.0,7.58
64.0,3.0,8.0,Sổ hồng,Đầy đủ,10.8194428002268,106.702691310982,Chưa xác định,Quận Bình Thạnh,Phường 13,1911.6,1,Đường Nơ Trang Long,95.7951454279138,0.0,0.0,4.203285206110065,8.0,7.45
192.0,4.0,10.633333333333333,Sổ hồng,Trống / Nhà thô,10.7432492542514,106.732982920464,Chưa xác định,Quận 7,Phường Tân Thuận Đông,4768.0,1,Đường Trần Trọng Cung,24.41442953020134,0.0,0.0,75.58515100671141,16.0,27.0
90.0,4.0,20.0,Sổ hồng,Đầy đủ,10.7360953534353,106.737740663724,Mặt tiền,Quận 7,Phường Tân Phú,970.9,0,Đường D4,0.0,0.0,0.0,100.0,10.0,17.0
180.0,3.0,6.0,Sổ hồng,Đầy đủ,10.8077137748647,106.787620514436,Chưa xác định,Thành phố Thủ Đức,Phường Phước Long B,,1,Đường Liên Phường,,,,,11.0,22.5
22.0,2.0,3.0,Sổ hồng,Đầy đủ,10.7469499306309,106.729208593705,Chưa xác định,Quận 7,Phường Tân Thuận Đông,1694.3,0,Đường Lưu Trọng Lư,2.0551260107418994,85.7510476302898,0.0,12.19559700171162,4.0,3.99
72.0,3.0,5.0,Sổ hồng,Đầy đủ,10.7990495739804,106.694027203598,Mặt tiền,Quận Bình Thạnh,Phường 1,71.4,0,Phố Vạn Kiếp,0.0,0.0,0.0,99.9439775910364,9.0,9.5
66.0,2.0,4.0,Sổ hồng,Trống / Nhà thô,10.7937365944551,106.642324779593,Chưa xác định,Quận Tân Bình,Phường 14,1398.8,0,Đường Nguyễn Hồng Đào,98.50586216757222,0.0,0.0,1.4912782384901344,6.0,8.9
77.0,1.0,4.0,Sổ hồng,Cơ bản,10.8368442836009,106.841070244036,Hẻm ô tô,Thành phố Thủ Đức,Phường Long Thạnh Mỹ,,0,Đường Nguyễn Xiển,,,,,3.0,3.8
113.0,2.0,6.0,Sổ hồng,Đầy đủ,10.8485548515305,106.601813294876,Mặt tiền,Huyện Hóc Môn,Xã Bà Điểm,100.5,0,Đường Nguyễn Ảnh Thủ,0.0,0.0,0.0,100.0,6.0,5.6
98.0,1.0,6.0,Sổ hồng,Trống / Nhà thô,10.7873250455211,106.76416465437,Mặt tiền,Quận 2,Phường Bình Trưng Tây,,0,Đường Nguyễn Duy Trinh,,,,,2.0,8.3
144.0,3.0,12.0,Sổ hồng,Đầy đủ,10.796023512995935,106.79177512244075,Chưa xác định,Quận 9,Phường Phú Hữu,,0,Đường Võ Chí Công,,,,,8.0,15.9
34.0,4.0,6.0,Sổ hồng,Đầy đủ,10.8389825357571,106.648719929254,Chưa xác định,Quận Gò Vấp,Phường 8,2080.4,0,Đường Quang Trung,97.5336473755047,0.0,0.0,2.464910594116516,7.0,6.6
85.0,2.0,10.0,không có,Trống / Nhà thô,10.7795836266037,106.624072881247,Mặt tiền,Quận Tân Phú,Phường Phú Thạnh,1487.5,1,Đường Đỗ Bí,79.66722689075631,0.0,0.0,20.33344537815126,4.0,7.8
60.0,4.0,8.0,Sổ hồng,Cơ bản,10.738838229437,106.709804184363,Mặt tiền,Quận 7,Phường Tân Quy,,0,Đường Nguyễn Thị Thập,,,,,8.0,7.66
78.0,3.0,4.0,Sổ hồng,Trống / Nhà thô,10.8116240809639,106.72816710299,Mặt tiền,Quận 2,Phường Thảo Điền,,0,Đường Số 61,,,,,10.0,16.9
45.0,5.0,13.0,Sổ hồng,Trống / Nhà thô,10.7510958854186,106.636147921726,Mặt tiền,Quận 6,Phường 12,794.7,0,Đường Hồng Bàng,0.0,7.702277589027305,0.0,92.29394740153516,9.0,8.4
43.0,3.0,9.4,Sổ hồng,Trống / Nhà thô,10.7636867969499,106.652670636562,Hẻm ô tô,Quận 11,Phường 13,76.4,1,Đường Lê Thị Bạch Cát,22.46073298429319,0.0,0.0,77.5261780104712,8.0,5.4
80.0,4.0,6.0,Sổ hồng,Đầy đủ,21.02894860978742,105.85244722590336,Hẻm ô tô,Quận Bình Tân,Phường Bình Trị Đông,,0,Đường Hương lộ 2,,,,,10.0,7.85
59.0,2.0,3.0,Sổ đỏ,Cao cấp,10.692053460301,106.736480948767,Chưa xác định,Huyện Nhà Bè,Thị trấn Nhà Bè,2106.8,0,Đường Huỳnh Tấn Phát,0.0,99.99952534649704,0.0,0.0,7.0,5.19
68.0,3.0,10.0,Sổ hồng,Trống / Nhà thô,10.72302236599068,106.61718120798469,Chưa xác định,Quận Bình Tân,Phường An Lạc,5353.1,0,Đường An Dương Vương,51.60374362518914,0.0,0.0,48.396629990099186,6.0,7.29
73.0,3.0,9.2,Sổ hồng,Trống / Nhà thô,10.798206053211,106.704889957015,Mặt tiền,Quận Bình Thạnh,Phường 17,11203.2,1,Đường Điện Biên Phủ,85.561000428449,12.784740074264494,1.6542594972864897,0.0,8.0,8.9
41.0,4.0,4.0,Sổ hồng,Cơ bản,10.8083208666934,106.688183418818,Mặt tiền,Quận Bình Thạnh,Phường 6,1199.9,0,Đường Nguyễn Văn Đậu,95.86632219351611,0.0,0.0,4.134511209267439,7.0,8.6
120.0,4.0,10.0,Sổ hồng,Trống / Nhà thô,10.8767458624451,106.746771181933,Chưa xác định,Thành phố Thủ Đức,Phường Bình Chiểu,,1,Đường Số 1A,,,,,10.0,13.8
119.0,5.0,15.5,Sổ hồng,Trống / Nhà thô,10.7715803110695,106.670687119773,Mặt tiền,Quận 10,Phường 12,4450.0,1,Đường Trần Thiện Chánh,56.812359550561794,43.18067415730337,0.0,0.0,14.0,35.9
39.0,3.0,2.0,Sổ hồng,Đầy đủ,10.8067061889747,106.678878700933,Mặt tiền,Quận Phú Nhuận,Phường 9,72.0,0,Đường Nguyễn Kiệm,0.0,0.0,0.0,100.0,6.0,5.0
144.0,5.0,13.0,Sổ hồng,Cơ bản,10.8359547395213,106.843016346979,Chưa xác định,Quận 9,Phường Long Bình,,1,Đường Nguyễn Xiển,,,,,16.0,23.9
35.0,4.0,6.0,Sổ hồng,Trống / Nhà thô,10.8325172906654,106.638811373716,Hẻm ô tô,Quận Gò Vấp,Phường 12,3879.9,0,Đường Nguyễn Tư Giản,58.17598391711126,0.138405629011057,5.49266733678703,36.19268537848914,7.0,5.9
52.0,3.0,8.0,Sổ hồng,Đầy đủ,10.8479853370775,106.759729821467,Chưa xác định,Thành phố Thủ Đức,Phường Trường Thọ,,0,Unknown,,,,,6.0,7.7
34.0,2.0,6.5,không có,Trống / Nhà thô,10.7644525057022,106.651302540979,Mặt tiền,Quận 11,Phường 11,94.2,1,Đường Lê Thị Bạch Cát,9.203821656050955,0.0,0.0,90.81740976645435,4.0,7.0
120.0,2.0,12.0,Sổ hồng,Trống / Nhà thô,10.6815231227178,106.613611194525,Mặt tiền,Huyện Bình Chánh,Xã An Phú Tây,82319.1,0,Đường An Phú Tây,13.943568382064427,0.0,0.0,86.0564437657846,6.0,6.4
330.0,9.0,30.0,Sổ hồng,Đầy đủ,10.8254250768947,106.684547220814,Chưa xác định,Quận Gò Vấp,Phường 7,1336.9,0,Đường Nguyễn Văn Nghi,80.86618296058043,0.0,0.0,19.130077043907544,40.0,50.0
81.0,2.0,7.8,Sổ hồng,Trống / Nhà thô,10.7876833342593,106.678179021946,Chưa xác định,Quận 3,Phường 13,972.2,1,Đường Lê Văn Sỹ,87.66097510800248,0.0,0.0,12.336967702118905,5.0,11.5
90.0,4.0,11.166666666666668,Sổ hồng,Trống / Nhà thô,10.8471658753807,106.723593144957,Chưa xác định,Thành phố Thủ Đức,Phường Hiệp Bình Phước,,1,Unknown,,,,,9.0,14.7
69.0,4.0,6.0,Sổ hồng,Đầy đủ,10.7891939126751,106.69831855413,Chưa xác định,Quận 1,Phường Đa Kao,2101.8,0,Đường Nguyễn Văn Thủ,43.91236083357122,6.842230469121705,49.244932914644586,0.0,18.0,30.0
67.0,4.0,4.0,không có,Trống / Nhà thô,10.797400879663606,106.64478797546484,Hẻm ô tô,Quận Tân Bình,Phường 14,1109.2,0,Đường Trường Chinh,99.08492607284528,0.0,0.0,0.9159754778218535,8.0,9.5
38.0,3.0,6.0,Sổ hồng,Trống / Nhà thô,10.7901370729579,106.688079986145,Hẻm ô tô,Quận Tân Bình,Phường 4,106.0,0,Đường Nguyễn Văn Mại,11.641509433962264,0.0,0.0,88.39622641509435,5.0,8.0
73.0,5.0,6.0,Sổ hồng,Đầy đủ,10.8161127298748,106.695303113222,Mặt tiền,Quận Bình Thạnh,Phường 11,113.0,0,Đường Phan Văn Trị,25.097345132743364,0.0,0.0,74.8938053097345,12.0,12.5
59.0,4.0,5.888636363636364,Sổ hồng,Cơ bản,10.829000169439,106.689228602162,Mặt tiền,Quận Gò Vấp,Phường 5,2798.6,1,Đường Dương Quảng Hàm,35.168298434931756,0.0,0.0,64.83170156506826,8.0,7.2
337.0,7.0,20.0,Sổ hồng,Cao cấp,10.798195516683,106.710910191028,Chưa xác định,Quận Bình Thạnh,Phường 21,3299.9,1,Đường Xô Viết Nghệ Tĩnh,99.48059032091882,0.30637292039152697,0.0,0.21394587714779234,110.0,45.0
48.0,2.0,7.5,Sổ hồng,Đầy đủ,10.7440570857108,106.69696642212,Chưa xác định,Quận 7,Phường Tân Hưng,498563.61,1,Unknown,95.4990898754123,0.0,0.11544564995427567,4.385462468871324,5.0,5.1
103.0,2.0,7.0,Sổ hồng,Trống / Nhà thô,10.7809148647696,106.635321401262,Mặt tiền,Quận Tân Phú,Phường Phú Thọ Hòa,1807.0,1,Đường Thoại Ngọc Hầu,79.24958494742668,0.0,0.0,20.75262866629773,4.0,11.9
36.0,6.0,14.0,Sổ hồng,Cơ bản,10.7954822772031,106.69040136696,Chưa xác định,Quận 1,Phường Tân Định,2751.2,1,Đường Hoàng Sa,66.36994765920326,11.927159057865659,0.0,21.702529805175928,9.0,14.8
81.0,4.0,8.0,Sổ hồng,Đầy đủ,10.6844849026911,106.749857700367,Mặt tiền,Huyện Nhà Bè,Xã Phú Xuân,,0,Đường Đào Tông Nguyên,,,,,9.0,9.6
30.0,2.0,5.0,Sổ hồng,Trống / Nhà thô,10.7647976493766,106.695315188081,Mặt tiền,Quận 1,Phường Cầu Ông Lãnh,64.6,1,Đường Cô Bắc,0.0,0.0,0.0,99.93808049535605,2.0,5.2
63.0,3.0,12.0,Sổ hồng,Đầy đủ,10.8391692219721,106.778145763778,Mặt tiền,Quận 9,Phường Tăng Nhơn Phú B,,0,Đường Số 5,,,,,6.0,8.3
48.0,4.0,5.0,Sổ hồng,Cơ bản,10.7232933555925,106.61987815742,Hẻm ô tô,Quận 8,Phường 16,399.5,0,Đường An Dương Vương,98.61576971214018,0.0,0.0,1.3817271589486857,8.0,6.5
97.0,4.0,8.0,Sổ hồng,Trống / Nhà thô,10.6894753116056,106.647341351484,Mặt tiền,Huyện Bình Chánh,Xã Phong Phú,,0,Đường Bờ Bao,,,,,7.0,10.4
84.0,4.0,12.0,Sổ hồng,Đầy đủ,10.6783964683558,106.753125292508,Mặt tiền,Huyện Nhà Bè,Xã Phú Xuân,172.9,0,Đường Huỳnh Tấn Phát,94.02544823597454,0.0,0.0,5.997686524002313,9.0,9.39
82.0,4.0,7.0,Sổ hồng,Đầy đủ,10.6783300894734,106.754432927299,Chưa xác định,Huyện Nhà Bè,Xã Phú Xuân,6115.3,0,Đường Huỳnh Tấn Phát,2.19531339427338,0.0,0.0,0.0,10.0,8.5
260.0,3.0,12.4,Sổ hồng,Trống / Nhà thô,10.727806,106.7149,Chưa xác định,Quận 7,Phường Tân Phong,921306.6,1,Unknown,18.16232837146722,22.868941783332502,0.0,58.968724418125305,29.0,65.0
88.0,5.0,10.2,Sổ đỏ,Trống / Nhà thô,10.792302602072,106.689189879485,Mặt tiền,Quận 1,Phường Tân Định,74.7,1,Phố Đặng Dung,11.47255689424364,0.0,0.0,88.54082998661312,11.0,23.0
51.0,3.0,4.0,Sổ hồng,Đầy đủ,10.8400929964343,106.741396480211,Hẻm ô tô,Thành phố Thủ Đức,Phường Linh Trung,,1,Đường Kha Vạn Cân,,,,,7.0,8.0
183.0,3.0,15.8,không có,Trống / Nhà thô,10.8061768719999,106.668187633344,Chưa xác định,Quận Tân Bình,Phường 2,150.4,1,Đường Phổ Quang,9.055851063829786,0.0,0.0,90.97739361702128,6.0,29.9
138.0,4.0,15.0,Sổ hồng,Đầy đủ,10.6928357691972,106.740820682453,Mặt tiền,Huyện Nhà Bè,Thị trấn Nhà Bè,1136.2,0,Đường Huỳnh Tấn Phát,89.45696180249956,0.0,0.0,10.54215807076219,17.0,17.5
252.0,3.0,24.0,Sổ hồng,Trống / Nhà thô,10.774361,106.726776,Chưa xác định,Quận 2,Phường An Lợi Đông,,0,Phố Hoàng Thế Thiện,,,,,7.0,57.0
40.0,3.0,6.0,Sổ đỏ,Trống / Nhà thô,10.7887887112421,106.69859737995,Mặt tiền,Quận 1,Phường Đa Kao,89.6,1,Đường Đinh Tiên Hoàng,0.0,0.0,100.0,0.0,5.0,18.9
198.0,3.0,8.0,Sổ hồng,Cao cấp,10.725101,106.72641,Chưa xác định,Quận 7,Phường Tân Phú,1117149.9,0,Unknown,24.929655366750694,31.312650164494492,0.0,42.81218124801337,8.0,52.0
126.0,9.0,30.0,Sổ hồng,Trống / Nhà thô,10.769262188504,106.690636890369,Chưa xác định,Quận 1,Phường Bến Thành,792.5,0,Đường Nguyễn Trãi,0.0,99.20883280757099,0.7924290220820189,0.0,66.0,110.0
155.0,3.0,30.0,Sổ hồng,Trống / Nhà thô,10.8098528092774,106.821275819764,Mặt tiền,Quận 9,Phường Trường Thạnh,,0,Đường N11,,,,,8.0,13.5
131.0,4.0,15.633333333333331,Sổ hồng,Trống / Nhà thô,10.7724961888645,106.684389134044,Mặt tiền,Quận 3,Phường 5,1159.6,1,Đường Nguyễn Đình Chiểu,97.38099344601588,0.0,2.614694722318041,0.0,14.0,35.0
57.0,4.0,12.0,Sổ hồng,Trống / Nhà thô,10.7882130955474,106.677255361786,Mặt tiền,Quận 3,Phường 13,1673.6,0,Đường Cư xá Trần Quang Diệu,65.02449808795411,0.0,0.0,34.97490439770555,8.0,15.5
85.0,4.0,8.0,Sổ hồng,Đầy đủ,10.7035593312649,106.703978222391,Chưa xác định,Huyện Nhà Bè,Xã Phước Kiển,1378.7,0,Đường Lê Văn Lương,29.897004424457823,9.67360557046493,0.0,60.43084064698628,9.0,6.45
91.0,2.0,6.6,Sổ hồng,Đầy đủ,10.7643127484888,106.655788276884,Mặt tiền,Quận 11,Phường 13,35.1,1,Đường Lê Đại Hành,18.148148148148145,0.0,0.0,81.93732193732194,10.0,25.0
30.0,3.0,3.2666666666666666,Sổ đỏ,Trống / Nhà thô,10.7919292269559,106.696682250328,Chưa xác định,Quận 1,Phường Đa Kao,544.0,1,Đường Trương Hán Siêu,11.5,0.0,88.5,0.0,7.0,9.5
127.0,9.0,30.0,Sổ hồng,Trống / Nhà thô,10.7693697020845,106.688246730473,Mặt tiền,Quận 1,Phường Phạm Ngũ Lão,5736.4,0,Đường Bùi Thị Xuân,13.82452409176487,86.04473188759502,0.13126699672268322,0.0,17.0,73.0
990.0,3.0,28.8,Sổ hồng,Trống / Nhà thô,10.8062295220215,106.743832418038,Chưa xác định,Quận 2,Phường Thảo Điền,,1,Phố Nguyễn Ư Dĩ,,,,,20.0,228.0
331.0,4.0,25.6,Sổ hồng,Trống / Nhà thô,10.8374879237565,106.754880502714,Mặt tiền,Thành phố Thủ Đức,Phường Trường Thọ,,1,Đường 12,,,,,12.0,21.5
57.0,1.0,8.0,Sổ hồng,Trống / Nhà thô,10.786197528775055,106.60683840876295,Hẻm ô tô,Quận Bình Tân,Phường Bình Hưng Hòa A,70.6,0,Đường Số 4,72.45042492917847,0.0,0.0,27.521246458923514,2.0,3.95
86.0,4.0,20.0,Sổ hồng,Đầy đủ,10.8847371062856,106.609876653991,Mặt tiền,Huyện Hóc Môn,Xã Thới Tam Thôn,2421.8,0,Đường Phạm Thị Giây,89.80469072590635,8.788091502188456,0.0,1.4055661078536623,9.0,7.5
64.0,1.0,8.0,Sổ hồng,Trống / Nhà thô,10.7567493595893,106.586015503173,Mặt tiền,Quận Bình Tân,Phường Tân Tạo,2068.1,0,Đường Tỉnh Lộ 10,0.0,55.96247763647793,0.0,44.03752236352207,4.0,6.8
63.0,2.0,4.0,Sổ hồng,Đầy đủ,10.7985614387593,106.60587707016,Mặt tiền,Quận Bình Tân,Phường Bình Hưng Hòa,572.2,0,Đường Kênh 26/3,36.40510311080042,63.591401607829425,0.0,0.0,7.0,6.38
400.0,2.0,20.0,Sổ hồng,Trống / Nhà thô,10.8655728073769,106.614557268192,Mặt tiền,Quận 12,Phường Hiệp Thành,,0,Đường Nguyễn Ảnh Thủ,,,,,4.0,35.0
47.0,6.0,4.0,Sổ hồng,Trống / Nhà thô,10.7683935275571,106.647946779762,Hẻm ô tô,Quận 11,Phường 14,66.3,0,Đường 100 Bình Thới,0.0,0.0,0.0,100.0,6.0,6.3
111.0,4.0,16.6,Sổ hồng,Trống / Nhà thô,10.7598751295916,106.67908108076,Chưa xác định,Quận 5,Phường 4,990.2,1,Đường An Dương Vương,0.0,0.0,0.0,100.0,14.0,25.0
95.0,5.0,14.8,Sổ hồng,Trống / Nhà thô,10.7658057390432,106.663718865342,Mặt tiền,Quận 10,Phường 14,3178.0,1,Đường 3/2,72.28288231592197,0.0,0.0,27.72089364380113,8.0,34.0
127.0,7.0,12.2,Sổ đỏ,Trống / Nhà thô,10.7697695872993,106.688262173808,Chưa xác định,Quận 1,Phường Phạm Ngũ Lão,1860.6,1,Đường Bùi Thị Xuân,90.0021498441363,0.0,9.9957003117274,0.0,9.0,80.0
107.0,5.0,7.1,Sổ hồng,Đầy đủ,10.8088644282294,106.696717832121,Chưa xác định,Quận Bình Thạnh,Phường 14,936.7,1,Đường Phan Văn Trị,72.24511583217678,0.0,0.0,27.74954627949183,24.0,16.5
65.0,2.0,6.0,Sổ hồng,Cơ bản,10.8121989931633,106.695168800538,Hẻm ô tô,Quận Bình Thạnh,Phường 12,1670.8,0,Đường Phan Văn Trị,10.645798419918602,89.11958343308595,0.0,0.23342111563322956,4.0,9.49
14.0,2.0,3.0,Sổ hồng,Đầy đủ,10.8021603875691,106.687804568849,Mặt tiền,Quận Phú Nhuận,Phường 7,40.4,0,Đường Phan Tây Hồ,0.0,0.0,0.0,99.97524752475248,3.0,2.3
64.0,2.0,6.0,Sổ hồng,Trống / Nhà thô,10.7637861712406,106.687077076384,Mặt tiền,Quận 1,Phường Nguyễn Cư Trinh,132.9,0,Đường Nguyễn Cư Trinh,6.290443942814146,0.0,0.0,93.70955605718585,9.0,23.5
75.0,2.0,3.0,Sổ hồng,Cơ bản,10.7079495241814,106.73460231969,Chưa xác định,Quận 7,Phường Phú Mỹ,1589.2,0,Đường Huỳnh Tấn Phát,0.0,0.0,0.0,100.0,4.0,4.39
53.0,3.0,6.0,Sổ hồng,Đầy đủ,10.7078773396779,106.734809388384,Hẻm ô tô,Quận 7,Phường Phú Mỹ,4661.4,0,Đường Huỳnh Tấn Phát,49.420560346676965,33.51182048311666,0.0,17.06719011455786,9.0,7.6
64.0,1.0,6.0,Sổ hồng,Trống / Nhà thô,10.787024124117,106.618610102505,Mặt tiền,Quận Bình Tân,Phường Bình Hưng Hòa A,1594.5,0,Đường 4,0.0,0.0,0.0,99.99749137660709,5.0,3.5
238.0,3.0,4.0,Sổ hồng,Đầy đủ,10.8037050846142,106.69277261913,Mặt tiền,Quận Phú Nhuận,Phường 7,11544.4,0,Phố Phan Đăng Lưu,1.2874640518346558,97.4853608676068,0.0,1.227175080558539,41.0,41.6
40.0,2.0,5.0,Sổ hồng,Trống / Nhà thô,10.7863351201636,106.62788367015,Chưa xác định,Quận Tân Phú,Phường Phú Thọ Hòa,277.3,0,Unknown,5.340786152181753,0.0,0.0,94.65200144248107,4.0,5.49
490.0,4.0,16.0,Sổ hồng,Trống / Nhà thô,10.8055937102491,106.749479469214,Mặt tiền,Quận 2,Phường An Phú,,0,Đường Giang Văn Minh,,,,,11.0,150.0
68.0,4.0,8.0,Sổ hồng,Đầy đủ,10.8759957646498,106.654827162082,Hẻm ô tô,Quận 12,Phường Thới An,388.5,0,Đường Lê Thị Riêng,61.14028314028314,0.0,0.0,38.857142857142854,10.0,7.78
186.0,4.0,17.0,Sổ hồng,Trống / Nhà thô,10.7581933447568,106.680082733594,Mặt tiền,Quận 5,Phường 2,104.9,1,Đường Nguyễn Trãi,0.0,0.0,0.0,100.0,8.0,59.0
29.0,2.0,5.0,Sổ hồng,Cơ bản,10.7921516205217,106.677722084051,Mặt tiền,Quận Phú Nhuận,Phường 12,1471.1,0,Đường Huỳnh Văn Bánh,98.72544354564612,0.0,0.0,1.2738766909115626,4.0,6.4
86.0,4.0,8.0,Sổ hồng,Đầy đủ,10.8024182512359,106.641451175075,Mặt tiền,Quận Tân Bình,Phường 13,8379.7,0,Đường Cộng Hòa,82.14912228361398,14.234638471544326,1.317827607193575,2.2981729656192944,11.0,13.8
200.0,3.0,10.9,Sổ hồng,Trống / Nhà thô,10.80268361757885,106.80034624123036,Chưa xác định,Quận 9,Phường Phú Hữu,,1,Đường Bưng Ông Thoàn,,,,,14.0,24.6
89.0,3.0,6.4,Sổ hồng,Trống / Nhà thô,10.8108543690188,106.666629354455,Mặt tiền,Quận Tân Bình,Phường 2,124.1,1,Đường Cửu Long,8.525382755842063,0.0,0.0,91.43432715551974,12.0,27.9
190.0,1.0,4.0,Sổ hồng,Trống / Nhà thô,10.7393429375499,106.706831545983,Mặt tiền,Quận 7,Phường Tân Phong,,0,Đường Nguyễn Thị Thập,,,,,12.0,14.9
76.0,2.0,8.0,Sổ hồng,Cơ bản,10.7317826978895,106.744604141123,Hẻm ô tô,Quận 7,Phường Phú Thuận,3478.6,0,Đường Huỳnh Tấn Phát,42.50071867992871,0.0,57.49928132007129,0.0,4.0,8.25
80.0,4.0,7.0,Sổ hồng,Đầy đủ,10.67860055127,106.75362525533,Chưa xác định,Huyện Nhà Bè,Xã Phú Xuân,353.0,0,Đường Huỳnh Tấn Phát,14.974504249291783,0.0,0.0,0.0,9.0,7.5
104.0,3.0,6.0,Sổ hồng,Trống / Nhà thô,10.8018590207954,106.8127242528,Mặt tiền,Quận 9,Phường Long Trường,,0,Đường Số 4,,,,,9.0,7.1
53.0,5.0,5.0,Sổ hồng,Đầy đủ,10.7995669350669,106.641188274475,Mặt tiền,Quận Tân Bình,Phường 14,829.6,0,Đường Trường Chinh,81.11017357762776,0.0,0.0,18.886210221793636,10.0,9.9
86.0,1.0,6.0,Sổ hồng,Trống / Nhà thô,10.8877794192261,106.681242543726,Mặt tiền,Quận 12,Phường Thạnh Xuân,4113.6,0,Đường Thạnh Xuân 40,18.375632049786073,31.1714799688837,0.0,50.45264488525865,10.0,4.5
62.0,3.0,5.55,Sổ đỏ,Trống / Nhà thô,10.7701160473399,106.675180178892,Mặt tiền,Quận 10,Phường 11,559.0,1,Đường Trần Minh Quyền,90.01431127012522,0.0,0.0,9.923076923076923,10.0,19.9
81.0,3.0,5.0,Sổ hồng,Trống / Nhà thô,10.7985619128206,106.669153159261,Chưa xác định,Quận Phú Nhuận,Phường 10,4266.5,1,Đường Nguyễn Trọng Tuyển,2.298371030118364,0.0,0.0,94.51236376420954,6.0,16.9
51.0,2.0,8.0,Sổ hồng,Trống / Nhà thô,10.7694023644931,106.622560142367,Chưa xác định,Quận Tân Phú,Phường Hiệp Tân,1527.3,0,Đường Phan Anh,66.17887775813527,33.208930792902514,0.0,0.6148104498133963,4.0,6.15
34.0,2.0,8.0,Sổ hồng,Trống / Nhà thô,10.8539429030127,106.762460098594,Mặt tiền,Thành phố Thủ Đức,Phường Linh Chiểu,,0,Đường Số 19,,,,,4.0,3.7
270.0,3.0,19.9,Sổ hồng,Đầy đủ,10.7777280712134,106.759474934071,Chưa xác định,Quận 2,Phường Thạnh Mỹ Lợi,,1,Đường Số 65A,,,,,9.0,65.0
37.0,4.0,7.5,không có,Đầy đủ,10.7760208179009,106.663290444782,Chưa xác định,Quận 10,Phường 14,1902.0,1,Đường Tô Hiến Thành,99.9758149316509,0.0,0.0,0.0,9.0,10.0
66.0,5.0,12.0,Sổ hồng,Trống / Nhà thô,10.754997382997,106.629307213319,Chưa xác định,Quận 6,Phường 13,2065.5,0,Đường Bà Hom,75.21036068748487,0.0,0.0,24.792060033890102,11.0,9.5
68.0,3.0,8.0,Sổ hồng,Đầy đủ,10.8042276978865,106.819896195084,Chưa xác định,Quận 9,Phường Long Trường,,0,Đường Nguyễn Duy Trinh,,,,,7.0,7.0
28.0,3.0,12.3,Sổ hồng,Đầy đủ,10.7818498594335,106.674574844464,Chưa xác định,Quận 10,Phường 13,28.1,1,Đường Cách Mạng Tháng Tám,0.0,0.0,0.0,100.0,4.0,3.9
115.0,4.0,13.0,Sổ hồng,Trống / Nhà thô,10.84488,106.7182,Chưa xác định,Thành phố Thủ Đức,Phường Hiệp Bình Phước,,1,Đường Quốc Lộ 13,,,,,12.0,22.5
52.0,3.0,5.0,Sổ hồng,Đầy đủ,10.8676817318612,106.635014752056,Chưa xác định,Quận 12,Phường Tân Chánh Hiệp,,0,Đường Tân Chánh Hiệp 8,,,,,7.0,5.3
60.0,5.0,6.0,Sổ hồng,Đầy đủ,10.7762120363718,106.612186640629,Chưa xác định,Quận Bình Tân,Phường Bình Trị Đông,250.5,1,Đường Lê Văn Quới,28.259481037924157,0.0,0.0,71.74850299401197,10.0,8.9
400.0,2.0,30.6,không có,Trống / Nhà thô,10.7641250229818,106.632288462514,Chưa xác định,Quận Tân Phú,Phường Tân Thới Hòa,11314.3,1,Đường Lũy Bán Bích,29.437967881353682,3.1169405089134994,0.0,67.44473807482566,14.0,45.0
90.0,4.0,10.0,Sổ hồng,Trống / Nhà thô,10.8077960471417,106.703158094734,Mặt tiền,Quận Bình Thạnh,Phường 12,1193.6,0,Đường Bùi Đình Túy,85.56216487935657,0.43649463806970507,0.0,14.003853887399465,8.0,17.5
61.0,3.0,3.0,Sổ hồng,Đầy đủ,10.835409056715,106.639865656417,Chưa xác định,Quận Gò Vấp,Phường 12,834.4,0,Đường Bùi Quang Là,0.0,0.0,0.0,100.0,8.0,6.5
63.0,3.0,12.0,Sổ hồng,Đầy đủ,10.8391580845101,106.778227227216,Chưa xác định,Quận 9,Phường Tăng Nhơn Phú B,,0,Đường 5,,,,,6.0,8.3
23.0,3.0,2.0,Sổ hồng,Cơ bản,10.8778780086341,106.637635573354,Chưa xác định,Quận 12,Phường Hiệp Thành,1955.2,0,Đường Hiệp Thành 6,92.37520458265138,0.0,7.622749590834696,0.0,5.0,3.15
27.0,2.0,4.0,Sổ hồng,Trống / Nhà thô,10.7574982128605,106.689340962897,Hẻm ô tô,Quận 1,Phường Cầu Kho,35.9,0,Đường Trần Hưng Đạo,19.38718662952646,0.0,0.0,80.55710306406687,4.0,5.5
70.0,6.0,6.0,Sổ hồng,Trống / Nhà thô,10.8232880161174,106.704085289619,Hẻm ô tô,Quận Bình Thạnh,Phường 13,963.4,0,Đường Phạm Văn Đồng,49.86194727008512,0.0,0.0,50.139090720365374,10.0,13.5
85.0,3.0,12.0,không có,Trống / Nhà thô,10.7363452911377,106.739738464355,Chưa xác định,Quận 7,Phường Phú Thuận,7988.5,0,Đường Đào Trí,37.74738686862364,58.66858609250798,0.0,3.5841522188145456,9.0,12.9
235.0,4.0,15.2,Sổ hồng,Trống / Nhà thô,10.7910436724383,106.68553691325,Mặt tiền,Quận 3,Phường Võ Thị Sáu,616.8,1,Đường Lý Chính Thắng,48.6284046692607,0.0,51.36835278858625,0.0,6.0,62.0
51.0,2.0,4.0,Sổ hồng,Đầy đủ,10.8494668828868,106.650951745678,Chưa xác định,Quận Gò Vấp,Phường 9,112.8,0,Đường Phạm Văn Chiêu,40.780141843971634,0.0,0.0,59.24645390070922,4.0,6.45
63.0,3.0,6.0,Sổ hồng,Cơ bản,10.7408887706052,106.629501819227,Mặt tiền,Quận 6,Phường 10,1701.8,0,Đường Bình Phú,65.47420378422846,4.320131625337877,0.0,30.206252203549184,9.0,9.1
152.0,3.0,25.0,Sổ hồng,Đầy đủ,10.7942521037229,106.689419411487,Mặt tiền,Quận 1,Phường Tân Định,2997.5,0,Đường Trần Khánh Dư,83.82985821517931,16.169140950792325,0.0,0.0,13.0,61.0
184.0,6.0,8.0,Sổ hồng,Trống / Nhà thô,10.7692496455059,106.700594547117,Hẻm ô tô,Quận 1,Phường Nguyễn Thái Bình,2261.6,0,Đường Nguyễn Thái Bình,0.0,0.0,100.0,0.0,31.0,59.0
126.0,3.0,10.8,Sổ hồng,Đầy đủ,10.7276526650707,106.714141661059,Chưa xác định,Quận 7,Phường Tân Phong,921306.6,1,Unknown,18.16232837146722,22.868941783332502,0.0,58.968724418125305,9.0,35.0
115.0,3.0,22.3,Sổ hồng,Trống / Nhà thô,10.79589,106.7922,Chưa xác định,Quận 9,Phường Phú Hữu,,1,Đường Vành Đai Trong,,,,,12.0,10.5
59.0,2.0,6.0,Sổ hồng,Đầy đủ,10.8310137959551,106.525089824767,Hẻm ô tô,Huyện Bình Chánh,Xã Phạm Văn Hai,,0,Đường Thanh Niên,,,,,4.0,2.89
38.0,5.0,4.0,Sổ hồng,Cơ bản,10.8553142827302,106.655479306699,Chưa xác định,Quận Gò Vấp,Phường 13,5096.6,0,Đường Lê Đức Thọ,61.23945375348271,1.2675116744496329,0.0,37.492642153592584,7.0,5.95
33.0,3.0,12.0,Sổ hồng,Đầy đủ,10.7796642766682,106.629025448887,Chưa xác định,Quận Tân Phú,Phường Phú Thạnh,157.8,1,Đường Lũy Bán Bích,11.571609632446135,0.0,0.0,88.44106463878326,6.0,5.95
74.0,5.0,10.0,Sổ hồng,Trống / Nhà thô,10.7529650348671,106.67148414808,Hẻm ô tô,Quận 5,Phường 7,3101.2,1,Đường Trần Hưng Đạo,69.92357796981815,0.0,0.0,30.07545466271121,10.0,18.5
34.0,3.0,9.0,Sổ hồng,Trống / Nhà thô,10.7612450264896,106.692369335341,Mặt tiền,Quận 1,Phường Cô Giang,365.3,1,Đường Hồ Hảo Hớn,84.83164522310429,1.9107582808650425,0.0,13.26307144812483,6.0,18.2
173.0,3.0,4.0,Sổ hồng,Cơ bản,10.7794437650285,106.758671421558,Hẻm ô tô,Quận 2,Phường Thạnh Mỹ Lợi,,0,Unknown,,,,,9.0,12.29
176.0,4.0,12.2,Sổ hồng,Trống / Nhà thô,10.7762318052996,106.640964637159,Mặt tiền,Quận Tân Phú,Phường Phú Trung,436.8,1,Đường Trịnh Đình Trọng,74.0819597069597,0.0,0.0,25.920329670329668,12.0,26.5
222.0,4.0,7.0,Sổ hồng,Trống / Nhà thô,10.6755060253716,106.698158728389,Chưa xác định,Huyện Nhà Bè,Xã Nhơn Đức,3518.6,0,Đường Lê Văn Lương,12.068152105951231,0.0,0.0,87.93184789404876,13.0,6.39
101.0,6.0,5.0,Sổ hồng,Đầy đủ,10.7854460512709,106.699053851403,Chưa xác định,Quận 1,Phường Đa Kao,2827.7,0,Đường Mạc Đĩnh Chi,5.360894012801924,0.0,94.63769140997984,0.0,11.0,34.0
189.0,2.0,13.8,Sổ hồng,Trống / Nhà thô,10.8410426054517,106.725515001124,Chưa xác định,Thành phố Thủ Đức,Phường Hiệp Bình Chánh,,1,Unknown,,,,,8.0,15.5
72.0,3.0,6.0,Sổ hồng,Trống / Nhà thô,10.7838920343243,106.694828713893,Chưa xác định,Quận 3,Phường Võ Thị Sáu,520.5,0,Đường Phạm Ngọc Thạch,0.41306436119116235,0.0,99.57732949087415,0.0,7.0,22.0
80.0,3.0,8.0,Sổ hồng,Đầy đủ,10.7846758166927,106.800751006624,Chưa xác định,Quận 9,Phường Phú Hữu,,0,Đường Gò Cát,,,,,7.0,6.7
1.932,1.0,4.0,Sổ hồng,Trống / Nhà thô,10.6834895278508,106.596666301202,Mặt tiền,Huyện Bình Chánh,Xã Tân Quý Tây,1028.3,0,Đường Bờ Huệ,85.72401050277156,0.0,12.953418263152777,1.3254886706214142,4.0,19.7
131.0,7.0,15.6,Sổ hồng,Trống / Nhà thô,10.8040118014214,106.644956400416,Chưa xác định,Quận Tân Bình,Phường 13,269.4,1,Đường C1,1.7780252412769117,0.0,0.0,98.2256867112101,20.0,29.5
34.0,3.0,12.0,Sổ hồng,Đầy đủ,10.7612650981019,106.691983359131,Mặt tiền,Quận 1,Phường Cô Giang,55.9,1,Đường Hồ Hảo Hớn,0.0,0.0,0.0,99.98211091234347,4.0,18.5
53.0,5.0,5.5,Sổ hồng,Trống / Nhà thô,10.8020482089618,106.688003431815,Mặt tiền,Quận Phú Nhuận,Phường 7,276.4,1,Đường Phan Tây Hồ,0.0,0.0,0.0,100.0,10.0,13.49
53.0,2.0,5.0,Sổ hồng,Cơ bản,10.8776851452117,106.628052973584,Hẻm ô tô,Quận 12,Phường Tân Thới Hiệp,2692.7,0,Đường Hiệp Thành 42,0.0,0.0,0.0,99.99925725108628,5.0,4.85
28.0,4.0,4.1,Sổ hồng,Cơ bản,10.7810134156355,106.664494910956,Mặt tiền,Quận 10,Phường 15,446.0,1,Đường Tô Hiến Thành,98.95291479820627,0.0,0.0,1.0,10.0,5.7
80.0,4.0,8.0,Sổ hồng,Đầy đủ,10.6847516010766,106.750234502174,Mặt tiền,Huyện Nhà Bè,Xã Phú Xuân,5845.8,0,Đường Đào Tông Nguyên,34.20866262958021,0.0,0.0,0.0,9.0,9.9
49.0,4.0,6.0,Sổ hồng,Trống / Nhà thô,10.8055816783786,106.638382931291,Hẻm ô tô,Quận Tân Bình,Phường 13,93.5,0,Đường Phan Văn Sửu,6.909090909090909,0.0,0.0,93.10160427807487,8.0,9.9
228.0,10.0,22.0,Sổ hồng,Đầy đủ,10.7777759,106.628972,Chưa xác định,Quận Tân Phú,Phường Phú Thạnh,635.3,1,Đường Thoại Ngọc Hầu,96.90225090508422,0.0,0.0,3.1024712734141353,154.0,75.0
48.0,2.0,5.0,Sổ hồng,Trống / Nhà thô,10.76148452841,106.690238369822,Hẻm ô tô,Quận 1,Phường Nguyễn Cư Trinh,119.4,0,Đường Trần Đình Xu,24.09547738693467,0.0,0.0,75.87939698492463,6.0,12.8
52.0,2.0,6.0,Sổ hồng,Đầy đủ,10.7718192791385,106.627071518451,Chưa xác định,Quận Tân Phú,Phường Hiệp Tân,1388.4,0,Đường Tô Hiệu,68.47018150388936,0.0,0.0,31.532699510227598,5.0,6.18
164.0,8.0,25.0,Sổ hồng,Đầy đủ,10.8077383852892,106.703046806728,Mặt tiền,Quận Bình Thạnh,Phường 12,1193.6,0,Đường Bùi Đình Túy,85.56216487935657,0.43649463806970507,0.0,14.003853887399465,14.0,47.0
47.0,1.0,5.3,Sổ hồng,Cơ bản,10.8414689835059,106.725470387356,Chưa xác định,Thành phố Thủ Đức,Phường Hiệp Bình Chánh,,1,Đường Phạm Văn Đồng,,,,,3.0,4.45
144.0,6.0,24.0,Sổ hồng,Trống / Nhà thô,10.836765078285843,106.84301407351784,Chưa xác định,Quận 9,Phường Long Bình,,0,Đường Nguyễn Xiển,,,,,10.0,24.0
23.0,3.0,3.0,Sổ hồng,Trống / Nhà thô,10.7529870360364,106.672033042193,Chưa xác định,Quận 5,Phường 7,3101.2,0,Đường Trần Hưng Đạo,69.92357796981815,0.0,0.0,30.07545466271121,6.0,4.9
34.0,3.0,8.0,Sổ hồng,Đầy đủ,10.7795208776626,106.647453768886,Mặt tiền,Quận Tân Bình,Phường 10,11.9,0,Đường Trần Văn Quang,30.084033613445378,0.0,0.0,69.66386554621847,6.0,5.4
34.0,3.0,4.0,Sổ hồng,Trống / Nhà thô,10.7935415085438,106.689504201488,Mặt tiền,Quận 1,Phường Tân Định,643.4,1,Đường Trần Nhật Duật,61.81535592166616,0.0,0.0,38.18775256450109,5.0,6.45
234.0,3.0,14.4,không có,Đầy đủ,10.8131272141816,106.696634933409,Mặt tiền,Quận Bình Thạnh,Phường 12,89.5,1,Đường Nơ Trang Long,20.256983240223462,0.0,0.0,79.74301675977654,9.0,32.0
101.0,4.0,5.0,Sổ hồng,Trống / Nhà thô,10.8717277211673,106.620015405617,Chưa xác định,Quận 12,Phường Tân Chánh Hiệp,121.9,0,Đường Nguyễn Ảnh Thủ,7.022149302707136,0.0,0.0,0.0,11.0,6.65
74.0,4.0,12.0,Sổ hồng,Trống / Nhà thô,10.7917026167998,106.691718515633,Mặt tiền,Quận 1,Phường Tân Định,1183.0,1,Đường Trần Quang Khải,96.87912087912088,0.0,0.0,3.12341504649197,10.0,28.0
75.0,4.0,6.0,Sổ hồng,Đầy đủ,10.80682383119,106.623760298838,Chưa xác định,Quận Tân Phú,Phường Tây Thạnh,3781.0,0,Đường Lê Trọng Tấn,2.90796085691616,0.0,0.0,97.09151018249142,12.0,6.0
72.0,3.0,10.0,Sổ hồng,Đầy đủ,10.7997840252429,106.631048878301,Mặt tiền,Quận Tân Phú,Phường Tân Sơn Nhì,408.5,0,Đường Tân Sơn Nhì,0.0,0.0,0.0,99.99755201958385,10.0,9.7
290.0,3.0,4.0,Sổ hồng,Trống / Nhà thô,10.7384040752559,106.634259196514,Mặt tiền,Quận 6,Phường 7,1045.7,0,Đường Lò Gốm,99.13359472123938,0.8644926843262886,0.0,0.0,17.0,19.0
150.0,5.0,6.0,Sổ đỏ,Trống / Nhà thô,10.8472014306231,106.612577161017,Mặt tiền,Quận 12,Phường Trung Mỹ Tây,,0,Đường Trung Mỹ Tây 03,,,,,12.0,8.45
65.0,4.0,8.0,Sổ hồng,Cơ bản,10.7881878725017,106.604271735996,Hẻm ô tô,Quận Bình Tân,Phường Bình Hưng Hòa A,50.1,0,Đường Gò Xoài,0.0,0.0,0.0,99.94011976047904,7.0,7.3
41.0,3.0,5.0,Sổ hồng,Trống / Nhà thô,10.7610759744758,106.661020820188,Mặt tiền,Quận Tân Bình,Phường 7,15189.0,0,Phố Lý Thường Kiệt,75.56745012838238,4.395220225162947,0.0,20.036342089670153,7.0,8.2
189.0,3.0,14.0,Sổ hồng,Trống / Nhà thô,10.8408896343807,106.725547812812,Chưa xác định,Thành phố Thủ Đức,Phường Hiệp Bình Chánh,,1,Unknown,,,,,7.0,16.0
75.0,3.0,14.066666666666668,Sổ hồng,Cơ bản,10.8404645520508,106.751084290445,Hẻm ô tô,Thành phố Thủ Đức,Phường Trường Thọ,,1,Đường Số 11,,,,,6.0,5.45
55.0,2.0,6.0,Sổ hồng,Đầy đủ,10.8054867304414,106.682145580379,Hẻm ô tô,Quận Phú Nhuận,Phường 5,947.1,0,Đường Thích Quảng Đức,79.44884383908774,0.0,0.0,20.554323725055433,5.0,9.5
48.0,4.0,7.25,không có,Đầy đủ,10.8213928093979,106.631289702376,Chưa xác định,Quận Tân Bình,Phường 15,147.7,1,Đường Tống Văn Hên,0.0,0.0,0.0,99.98645903859176,8.0,7.99
95.0,3.0,8.0,Sổ hồng,Đầy đủ,10.6846221205136,106.750155154798,Hẻm ô tô,Huyện Nhà Bè,Thị trấn Nhà Bè,,0,Đường Đào Tông Nguyên,,,,,9.0,8.6
188.0,3.0,10.4,không có,Trống / Nhà thô,10.8078874100385,106.68821702634,Mặt tiền,Quận Tân Bình,Phường 12,686.5,1,Đường Hoàng Hoa Thám,2.7662053896576837,0.0,0.0,97.23233794610341,9.0,44.8
57.0,3.0,7.0,Sổ hồng,Đầy đủ,10.8503684448819,106.695458868092,Hẻm ô tô,Quận 12,Phường An Phú Đông,13438.3,0,Đường Thạnh Lộc 31,8.11769345824993,0.0,0.0,91.88193447087801,9.0,6.55
128.0,1.0,6.0,Sổ hồng,Đầy đủ,10.7909926404247,106.758596836593,Hẻm ô tô,Quận 2,Phường Bình Trưng Tây,,0,Đường 38,,,,,2.0,9.5
80.0,3.0,5.0,Sổ hồng,Đầy đủ,10.8291906232874,106.614295748965,Mặt tiền,Quận 12,Phường Tân Thới Nhất,2488.8,0,Đường Tân Thới Nhất 05,18.60173577627772,0.0,0.0,81.40027322404372,6.0,6.2
100.0,4.0,6.0,Sổ hồng,Trống / Nhà thô,10.79850062581,106.591726575181,Mặt tiền,Quận Bình Tân,Phường Bình Hưng Hòa B,2245.1,0,Đường Liên khu 4-5,44.166852256024235,55.834038572892084,0.0,0.0,9.0,6.2
70.0,3.0,5.0,Sổ hồng,Trống / Nhà thô,10.8413461317364,106.725494011501,Chưa xác định,Thành phố Thủ Đức,Phường Hiệp Bình Chánh,,0,Đường Hiệp Bình,,,,,10.0,8.7
56.0,3.0,6.0,Sổ hồng,Đầy đủ,10.689560788446,106.745578664563,Hẻm ô tô,Huyện Nhà Bè,Thị trấn Nhà Bè,25675.9,0,Đường Nguyễn Thị Hương,14.250600757909165,6.876097819355893,0.0,78.85600894223766,10.0,8.5
159.0,5.0,19.2,Sổ hồng,Trống / Nhà thô,10.7736552434629,106.767024295277,Mặt tiền,Quận 2,Phường Cát Lái,,1,Đường 43 CL,,,,,9.0,19.5
483.0,6.0,4.0,Sổ hồng,Trống / Nhà thô,10.8004187621028,106.690309464323,Mặt tiền,Quận Phú Nhuận,Phường 7,141.2,0,Đường Nguyễn Công Hoan,31.54390934844193,0.0,0.0,68.4702549575071,20.0,58.056
56.0,4.0,4.0,Sổ hồng,Đầy đủ,10.8456701497732,106.653034198959,Chưa xác định,Quận Gò Vấp,Phường 9,121.2,0,Đường Số 9,52.29372937293729,0.0,0.0,47.722772277227726,9.0,8.88
95.0,4.0,10.0,Sổ hồng,Cơ bản,10.7842888780504,106.759294890954,Mặt tiền,Quận 2,Phường Bình Trưng Tây,,0,Unknown,,,,,9.0,12.9
114.0,4.0,16.0,Sổ hồng,Đầy đủ,10.7389600569167,106.709744348169,Mặt tiền,Quận 7,Phường Tân Quy,,0,Đường Nguyễn Thị Thập,,,,,21.0,21.5
170.0,3.0,16.0,Sổ hồng,Đầy đủ,10.8040685098624,106.800233474347,Chưa xác định,Quận 9,Phường Phú Hữu,,0,Đường Bưng Ông Thoàn,,,,,9.0,20.0
36.0,4.0,3.0,Sổ hồng,Đầy đủ,10.8157537294806,106.695361587706,Chưa xác định,Quận Bình Thạnh,Phường 11,76.2,1,Đường Phan Văn Trị,69.23884514435696,0.0,0.0,30.761154855643046,8.0,6.85
168.0,3.0,16.0,Sổ hồng,Đầy đủ,10.788597071525718,106.80042908787392,Chưa xác định,Quận 9,Phường Phú Hữu,,1,Đường Liên Phường,,,,,9.0,18.7
96.0,4.0,8.9,Sổ hồng,Trống / Nhà thô,10.8035682854439,106.704896006583,Mặt tiền,Quận Bình Thạnh,Phường 24,442.4,1,Đường Bạch Đằng,19.51401446654611,80.4226943942134,0.0,0.0,30.0,15.6
67.0,5.0,7.0,Sổ hồng,Trống / Nhà thô,10.7524463361194,106.674768882277,Chưa xác định,Quận 5,Phường 5,343.0,1,Đường Bùi Hữu Nghĩa,0.0,0.0,0.0,99.99708454810497,8.0,18.5
50.0,4.0,6.0,Sổ hồng,Đầy đủ,10.7514681334048,106.701395911814,Mặt tiền,Quận 7,Phường Tân Hưng,119958.53,0,Phố Trần Xuân Soạn,0.0,0.0,0.0,100.0,6.0,5.0
26.0,2.0,4.0,Sổ hồng,Cơ bản,10.8287666262424,106.63903845732,Mặt tiền,Quận Tân Bình,Phường 15,652.9,0,Đường Trần Thánh Tông,41.848675141675606,0.0,0.0,58.14826160208302,4.0,4.45
80.0,4.0,7.0,Sổ hồng,Trống / Nhà thô,10.6782272607218,106.703488084028,Chưa xác định,Huyện Nhà Bè,Xã Nhơn Đức,7167.9,0,Đường Nguyễn Bình,96.87983928347215,3.103977455042621,0.0,0.0,9.0,5.85
112.0,4.0,10.6,Sổ hồng,Trống / Nhà thô,10.8084732684978,106.68757115942,Chưa xác định,Quận Bình Thạnh,Phường 6,520.7,1,Đường Hoàng Hoa Thám,16.694833877472632,0.0,0.0,83.29940464758978,26.0,16.6
90.0,6.0,8.0,Sổ hồng,Đầy đủ,10.8033642630018,106.645110827273,Mặt tiền,Quận Tân Bình,Phường 13,183.7,1,Đường C1,0.0,0.0,0.0,100.0,28.0,19.0
62.0,3.0,6.0,Sổ hồng,Đầy đủ,10.7934519901362,106.641333564452,Mặt tiền,Quận Tân Bình,Phường 14,1464.9,0,Đường Âu Cơ,91.049218376681,5.186019523516963,0.0,3.766810021161854,6.0,9.5
97.0,1.0,4.0,Sổ hồng,Trống / Nhà thô,10.7778790860189,106.650245225783,Chưa xác định,Quận Tân Bình,Phường 9,1640.6,1,Đường Lạc Long Quân,95.15116420821651,0.0,4.847007192490552,0.0,2.0,8.245
40.0,4.0,20.0,Sổ hồng,Đầy đủ,10.8026081995326,106.695744194785,Hẻm ô tô,Quận Bình Thạnh,Phường 3,6996.2,1,Phố Phan Đăng Lưu,92.80480832451902,2.826534404390955,4.239873073954432,0.12849832766358882,5.0,10.0
41.0,2.0,4.0,Sổ hồng,Đầy đủ,10.8453425207284,106.665067124268,Hẻm ô tô,Quận Gò Vấp,Phường 16,162.2,0,Đường Thống Nhất,14.833538840937116,0.0,0.0,85.14796547472258,4.0,4.9
70.0,2.0,30.0,Sổ hồng,Đầy đủ,10.7381479400275,106.63725088183,Mặt tiền,Quận 6,Phường 7,105843.5,0,Đường Phạm Văn Chí,16.008248026567525,83.99173307760988,0.0,0.0,5.0,9.5
74.0,3.0,7.0,Sổ hồng,Trống / Nhà thô,10.7754271225861,106.630654170799,Mặt tiền,Quận Tân Phú,Phường Hiệp Tân,234.3,1,Đường Dương Khuê,0.0,0.0,0.0,100.0,8.0,11.5
273.0,3.0,12.0,Sổ hồng,Cơ bản,10.7430769859138,106.729825108927,Chưa xác định,Quận 7,Phường Bình Thuận,662.4,0,Đường Huỳnh Tấn Phát,8.543176328502417,0.0,0.0,91.45833333333334,10.0,29.0
68.0,6.0,4.0,Sổ hồng,Đầy đủ,10.7935899318363,106.679054544265,Chưa xác định,Quận Phú Nhuận,Phường 15,1660.1,0,Đường Nguyễn Văn Trỗi,79.13258237455577,0.0,0.0,20.86741762544425,24.0,13.5
80.0,4.0,6.0,Sổ hồng,Đầy đủ,10.8348056267141,106.664222777813,Chưa xác định,Quận Gò Vấp,Phường 10,49.4,0,Đường Thống Nhất,50.24291497975709,0.0,49.736842105263165,0.0,9.0,9.7
54.0,5.0,4.0,Sổ hồng,Đầy đủ,10.781308085322346,106.65361097512212,Hẻm ô tô,Quận Tân Bình,Phường 8,782.1,0,Đường Thành Mỹ,98.12939521800281,0.0,0.0,1.8693261731236415,10.0,9.9
100.0,1.0,4.0,Sổ hồng,Đầy đủ,10.6963303486261,106.744400070696,Chưa xác định,Huyện Nhà Bè,Thị trấn Nhà Bè,548867.9,0,Đường Đặng Nhữ Lâm,0.4184886745972938,0.0,0.0,0.0,12.0,5.1
247.0,2.0,6.0,Sổ hồng,Trống / Nhà thô,10.8054816400508,106.641292194939,Mặt tiền,Quận Tân Bình,Phường 13,80.3,0,Đường Trường Chinh,2.8891656288916563,0.0,0.0,97.12328767123287,4.0,22.0
68.0,4.0,4.0,Sổ hồng,Trống / Nhà thô,10.864885206941,106.613883197915,Chưa xác định,Quận 12,Phường Trung Mỹ Tây,,0,Đường Trung Mỹ Tây 19,,,,,8.0,5.5
239.0,1.0,5.0,Sổ hồng,Đầy đủ,10.7934814998922,106.691317164744,Mặt tiền,Quận 1,Phường Tân Định,2014.6,1,Đường Trần Khắc Chân,40.262086766603794,0.0,0.0,59.738409609848105,8.0,67.0
65.0,5.0,6.0,Sổ hồng,Đầy đủ,10.8379279759456,106.636602423273,Hẻm ô tô,Quận Gò Vấp,Phường 12,1849.6,0,Đường Phan Huy Ích,97.26589532871974,0.0,0.0,2.734645328719723,10.0,8.0
69.0,2.0,5.0,Sổ hồng,Trống / Nhà thô,10.8761665430278,106.773426504647,Chưa xác định,Thành phố Thủ Đức,Phường Linh Xuân,,0,Đường Số 10,,,,,8.0,4.8
60.0,4.0,6.0,Sổ hồng,Đầy đủ,10.8058726491749,106.605254693667,Chưa xác định,Quận Bình Tân,Phường Bình Hưng Hòa,106.2,0,Đường 26/3,90.06591337099812,0.0,0.0,9.887005649717514,8.0,8.6
48.0,3.0,7.333333333333333,Sổ hồng,Đầy đủ,10.6929620025651,106.740788377389,Chưa xác định,Huyện Nhà Bè,Thị trấn Nhà Bè,3078.9,1,Đường Huỳnh Tấn Phát,90.07047971678196,0.0,0.0,9.929195491896458,7.0,4.95
50.0,2.0,4.0,Sổ hồng,Cơ bản,10.8378041252318,106.636741383214,Hẻm ô tô,Quận Gò Vấp,Phường 12,191.4,0,Đường Phan Huy Ích,2.7324973876698015,0.0,0.0,97.26227795193311,4.0,5.95
153.0,3.0,13.5,không có,Trống / Nhà thô,10.8433222706662,106.709313572448,Chưa xác định,Thành phố Thủ Đức,Phường Hiệp Bình Chánh,,1,Đường 8,,,,,21.0,13.5
36.0,6.0,15.0,Sổ hồng,Trống / Nhà thô,10.7957931861667,106.690642007661,Chưa xác định,Quận 1,Phường Tân Định,2070.4,0,Đường Hoàng Sa,12.417407264296752,86.71561051004636,0.0,0.0,8.0,14.99
60.0,4.0,7.545454545454545,không có,Trống / Nhà thô,10.878525109276696,106.55288550022988,Chưa xác định,Huyện Hóc Môn,Xã Xuân Thới Sơn,34049.8,1,Unknown,0.0,10.637712996845796,89.36234574065045,0.0,8.0,6.0
50.0,5.0,5.55,Sổ hồng,Đầy đủ,10.7793655778813,106.679056113085,Chưa xác định,Quận 3,Phường 12,122.2,1,Đường Cách Mạng Tháng Tám,45.62193126022913,0.0,0.0,54.38625204582651,14.0,8.99
40.0,2.0,4.0,Sổ hồng,Trống / Nhà thô,10.7985184680121,106.606346341556,Hẻm ô tô,Quận Tân Phú,Phường Tây Thạnh,252.2,0,Đường Kênh 19/5,10.975416336241079,0.0,0.0,89.02458366375893,4.0,4.2
80.0,4.0,10.0,Sổ hồng,Đầy đủ,10.881638523495,106.637886682912,Mặt tiền,Quận 12,Phường Hiệp Thành,33762.1,0,Đường Nguyễn Thị Búp,0.25226511384066747,18.896810328741402,80.85089493840727,0.0,10.0,8.59
44.0,4.0,12.35,Sổ hồng,Cơ bản,10.7886490880428,106.683474740303,Mặt tiền,Quận 3,Phường Võ Thị Sáu,4867.0,1,Đường Hoàng Sa,62.41093075816725,30.770084240805424,6.819395931785493,0.0,9.0,18.0
59.0,1.0,5.2,Sổ hồng,Trống / Nhà thô,10.779788591798,106.667771563574,Mặt tiền,Quận 10,Phường 13,42832.0,1,Đường Tô Hiến Thành,8.418588905491221,91.34313130369817,0.0,0.23762607396339186,8.0,10.0
52.0,4.0,8.0,Sổ hồng,Đầy đủ,10.8013799777979,106.800700500145,Chưa xác định,Quận 9,Phường Phú Hữu,,0,Unknown,,,,,6.0,5.65
65.0,6.0,14.0,Sổ hồng,Trống / Nhà thô,10.7934316273842,106.687240714622,Chưa xác định,Quận 1,Phường Tân Định,72.3,1,Đường Nguyễn Văn Nguyễn,18.81051175656985,0.0,0.0,81.18948824343016,8.0,27.0
70.0,4.0,20.0,Sổ hồng,Trống / Nhà thô,10.7971977490211,106.679214599809,Mặt tiền,Quận Phú Nhuận,Phường 15,83.3,0,Đường Nguyễn Trọng Tuyển,24.753901560624254,0.0,0.0,75.29411764705883,12.0,19.5
75.0,4.0,8.0,Sổ hồng,Trống / Nhà thô,10.7722233361155,106.66938075836,Hẻm ô tô,Quận 10,Phường 12,2660.0,0,Đường Sư Vạn Hạnh,58.180075187969926,0.0,0.0,41.81203007518797,13.0,18.6
160.0,1.0,4.0,Sổ hồng,Trống / Nhà thô,10.7930748843488,106.730227433145,Chưa xác định,Quận 2,Phường Bình An,,0,Đường Số 26,,,,,4.0,14.6
75.0,3.0,12.0,Sổ hồng,Đầy đủ,10.80709,106.7999,Chưa xác định,Quận 9,Phường Phú Hữu,,1,Đường Bưng Ông Thoàn,,,,,7.0,9.9
41.0,4.0,4.0,Sổ hồng,Cơ bản,10.8083208666934,106.688183418818,Mặt tiền,Quận Bình Thạnh,Phường 6,1199.9,0,Đường Nguyễn Văn Đậu,95.86632219351611,0.0,0.0,4.134511209267439,7.0,8.6
234.0,1.0,20.0,Sổ hồng,Trống / Nhà thô,10.8649383090981,106.63420951161,Mặt tiền,Quận 12,Phường Tân Chánh Hiệp,4169.2,0,Đường Dương Thị Mười,50.40391442003263,0.0,0.0,45.83996929866641,3.0,24.5
88.0,4.0,10.8,Sổ đỏ,Trống / Nhà thô,10.7744290476374,106.697690562964,Hẻm ô tô,Quận 1,Phường Bến Thành,3438.2,1,Đường Lý Tự Trọng,82.24943284276657,0.0,17.750276307370136,0.0,13.0,30.0
48.0,4.0,7.0,Sổ hồng,Đầy đủ,10.8164768046307,106.706174706743,Hẻm ô tô,Quận Bình Thạnh,Phường 11,28121.5,1,Phố Nguyễn Xí,15.314190210337287,6.719520651458849,11.440997101861566,66.5252209163807,7.0,9.1
99.0,4.0,6.0,Sổ hồng,Đầy đủ,10.7978494689869,106.658393639708,Chưa xác định,Quận Tân Bình,Phường 4,2668.6,0,Đường Hoàng Văn Thụ,97.74675860001499,1.515401334032826,0.0,0.736715880986285,10.0,17.9
45.0,2.0,8.0,Sổ hồng,Đầy đủ,10.7562622525369,106.722634425495,Chưa xác định,Quận 7,Phường Tân Thuận Đông,38.7,0,Đường Trần Văn Khánh,0.0,0.0,0.0,99.92248062015504,6.0,6.5
96.0,5.0,12.0,Sổ hồng,Cơ bản,10.8119804415208,106.692368845155,Mặt tiền,Quận Bình Thạnh,Phường 11,136.8,1,Đường Nguyễn Văn Đậu,14.020467836257309,0.0,0.0,85.97222222222221,10.0,16.5
56.0,3.0,7.166666666666667,Sổ hồng,Trống / Nhà thô,10.799515163864,106.619315342165,Chưa xác định,Quận Tân Phú,Phường Tân Quý,796.3,1,Đường Tân Kỳ Tân Quý,49.07949265352254,50.92301896270251,0.0,0.0,8.0,9.9
68.0,3.0,8.0,Sổ hồng,Cơ bản,10.8147839837264,106.632541955312,Hẻm ô tô,Quận Tân Bình,Phường 15,1044.9,0,Đường Trường Chinh,33.269212364819595,0.0,0.0,66.72983060579959,8.0,6.0
111.0,4.0,10.8,Sổ hồng,Cơ bản,10.7883923385894,106.658873968723,Chưa xác định,Quận Tân Bình,Phường 7,70.0,1,Đường Bành Văn Trân,23.142857142857142,0.0,0.0,76.84285714285714,6.0,32.0
60.0,2.0,20.0,Sổ hồng,Trống / Nhà thô,10.7317278634584,106.74479821006,Mặt tiền,Quận 7,Phường Phú Thuận,3478.6,0,Unknown,42.50071867992871,0.0,57.49928132007129,0.0,4.0,4.7
28.0,4.0,10.0,Sổ hồng,Cao cấp,10.7974958848083,106.676601548694,Mặt tiền,Quận Phú Nhuận,Phường 8,1060.5,1,Đường Nguyễn Trọng Tuyển,62.57048561999057,0.0,0.0,37.43422913719944,9.0,6.75
65.0,3.0,8.0,Sổ hồng,Cơ bản,10.684862843080452,106.74674978293052,Chưa xác định,Huyện Nhà Bè,Thị trấn Nhà Bè,,0,Đường Đào Tông Nguyên,,,,,8.0,6.28
140.0,2.0,11.9,Sổ hồng,Trống / Nhà thô,10.839048378918772,106.83121795879453,Chưa xác định,Quận 9,Phường Long Thạnh Mỹ,,1,Đường Nguyễn Xiển,,,,,12.0,17.6
55.0,3.0,12.0,Sổ hồng,Đầy đủ,10.8299703824549,106.702491945719,Hẻm ô tô,Quận Bình Thạnh,Phường 13,1992.8,1,Đường Đặng Thùy Trâm,2.480931352870333,0.0,0.0,97.51957045363308,9.0,9.5
83.0,4.0,12.0,Sổ hồng,Trống / Nhà thô,10.7514080436114,106.665478182716,Mặt tiền,Quận 5,Phường 10,59.9,1,Đường Phan Phú Tiên,5.609348914858097,0.0,0.0,94.40734557595994,9.0,19.5
200.0,8.0,16.0,Sổ hồng,Trống / Nhà thô,10.7955615674736,106.706987751003,Mặt tiền,Quận Bình Thạnh,Phường 17,108.6,0,Đường Nguyễn Cửu Vân,27.651933701657462,0.0,0.0,72.3204419889503,30.0,70.0
43.0,2.0,4.0,Sổ hồng,Trống / Nhà thô,10.7973411962209,106.681197959535,Mặt tiền,Quận Phú Nhuận,Phường 1,1229.4,0,Đường Phan Đình Phùng,96.2819261428339,0.0,0.0,3.7164470473401656,4.0,7.5
67.0,3.0,3.0,Sổ hồng,Trống / Nhà thô,10.8091832619574,106.685172498872,Chưa xác định,Quận Phú Nhuận,Phường 5,2072.6,0,Đường Hoàng Hoa Thám,2.7670558718517806,0.0,0.0,97.2334266139149,7.0,8.7
51.0,3.0,3.0,Sổ hồng,Cơ bản,10.7627852637527,106.672521070245,Mặt tiền,Quận 10,Phường 2,3941.0,0,Đường Sư Vạn Hạnh,66.71377822887592,27.69474752600863,0.0,5.584876934788124,8.0,8.3
46.0,2.0,4.200000000000001,Sổ hồng,Trống / Nhà thô,10.7055863034622,106.740569270909,Chưa xác định,Quận 7,Phường Phú Thuận,342.8,1,Đường Chuyên Dùng 9,30.37339556592765,0.0,0.0,69.62952158693115,4.0,3.4
64.0,6.0,13.0,Sổ hồng,Trống / Nhà thô,10.732454,106.620895,Mặt tiền,Quận Bình Tân,Phường An Lạc,868.7,0,Đường An Dương Vương,89.41867157822033,0.0,0.0,10.579026131000346,12.0,1.36
88.0,6.0,8.0,Sổ hồng,Trống / Nhà thô,10.7790685617552,106.679093861149,Chưa xác định,Quận 10,Phường 12,1704.0,0,Đường Cách Mạng Tháng Tám,91.78286384976526,8.21537558685446,0.0,0.0,21.0,27.0
29.0,2.0,3.0,Sổ hồng,Đầy đủ,10.7517086510092,106.701602718934,Hẻm xe máy,Quận 7,Phường Tân Hưng,498563.61,0,Phố Trần Xuân Soạn,95.4990898754123,0.0,0.11544564995427567,4.385462468871324,4.0,3.7
57.0,2.0,3.0,Sổ hồng,Trống / Nhà thô,10.8503082353135,106.764502724353,Chưa xác định,Thành phố Thủ Đức,Phường Linh Chiểu,,1,Đường Võ Văn Ngân,,,,,4.0,4.59
100.0,3.0,18.0,không có,Trống / Nhà thô,10.774186788198,106.697468883276,Mặt tiền,Quận 1,Phường Bến Thành,2539.8,1,Đường Lý Tự Trọng,97.7895897314749,0.0,2.210016536735176,0.0,9.0,120.0
52.0,5.0,4.0,Sổ hồng,Cơ bản,10.8266553743306,106.635429263759,Hẻm ô tô,Quận Tân Bình,Phường 15,1770.9,0,Đường Cống Lở,10.124795301823932,0.0,0.0,89.8729459596815,8.0,6.99
64.0,3.0,11.666666666666668,Sổ hồng,Đầy đủ,10.8066511284907,106.662514217538,Mặt tiền,Quận Tân Bình,Phường 4,431.8,1,Đường Nguyễn Trọng Lội,94.43955534969894,0.0,0.0,5.555812876331634,9.0,15.0
57.0,3.0,20.0,Sổ hồng,Cơ bản,10.7702620641077,106.679158505421,Mặt tiền,Quận 3,Phường 3,44.4,0,Đường Võ Thị Sáu,0.0,0.0,0.0,100.0,8.0,12.9
126.0,5.0,16.2,không có,Trống / Nhà thô,10.8053268828039,106.698885168493,Mặt tiền,Quận Bình Thạnh,Phường 14,584.0,1,Phố Nguyễn Thiện Thuật,9.191780821917808,0.0,0.0,90.80308219178082,9.0,25.0
21.0,2.0,4.5,Sổ hồng,Trống / Nhà thô,10.7996059706975,106.700756734672,Chưa xác định,Quận Bình Thạnh,Phường 2,850.7,1,Đường Vũ Tùng,77.21876102033619,0.0,0.0,22.78711649230046,4.0,4.39
52.0,4.0,6.0,Sổ hồng,Đầy đủ,10.7667184864657,106.600480739887,Chưa xác định,Quận Bình Tân,Phường Bình Trị Đông A,1227.0,0,Đường Hương lộ 2,0.0,0.0,0.0,99.99837000814996,7.0,6.55
123.0,1.0,10.6,Sổ hồng,Trống / Nhà thô,21.0289486097874,105.852447225903,Mặt tiền,Quận 12,Phường Tân Thới Nhất,,1,Đường Trường Chinh,,,,,7.0,3.8
55.0,5.0,5.0,Sổ hồng,Cao cấp,10.8004204681863,106.643868949415,Hẻm ô tô,Quận Tân Bình,Phường 6,128.0,0,Đường Số 19,0.0,0.0,0.0,100.0,9.0,7.6
63.0,1.0,3.0,Sổ hồng,Cơ bản,10.6928554186937,106.740847817761,Chưa xác định,Huyện Nhà Bè,Thị trấn Nhà Bè,3078.9,0,Đường Huỳnh Tấn Phát,90.07047971678196,0.0,0.0,9.929195491896458,3.0,4.5
66.0,5.0,8.0,Sổ hồng,Đầy đủ,10.7662979720848,106.659433764065,Hẻm ô tô,Quận 10,Phường 14,1785.0,0,Phố Lý Thường Kiệt,86.6201680672269,0.0,0.0,13.36190476190476,12.0,19.4
60.0,2.0,6.0,Sổ hồng,Đầy đủ,10.7866681215783,106.627584014242,Chưa xác định,Quận Tân Phú,Phường Phú Thọ Hòa,48.0,0,Đường Nguyễn Sơn,31.145833333333332,0.0,0.0,68.9375,6.0,5.95
64.0,3.0,5.5,Sổ hồng,Trống / Nhà thô,10.8046057388232,106.815555532038,Mặt tiền,Quận 9,Phường Long Trường,,1,Đường Nguyễn Duy Trinh,,,,,7.0,5.7
100.0,4.0,8.0,Sổ hồng,Đầy đủ,10.8074505124735,106.703960003951,Mặt tiền,Quận Bình Thạnh,Phường 24,59.4,0,Đường Bùi Đình Túy,0.0,0.0,0.0,100.0,14.0,17.5
55.0,5.0,5.0,Sổ hồng,Đầy đủ,10.7617894507432,106.613644830334,Chưa xác định,Quận Bình Tân,Phường Bình Trị Đông,621.2,1,Đường Chiến Lược,45.24307791371539,0.0,0.0,54.76175144880876,9.0,7.8
36.0,3.0,4.0,Sổ hồng,Đầy đủ,10.8203086496271,106.703651707435,Mặt tiền,Quận Bình Thạnh,Phường 13,127.6,0,Phố Nguyễn Xí,97.59404388714734,0.0,0.0,2.4216300940438873,9.0,8.0
160.0,4.0,16.0,Sổ hồng,Trống / Nhà thô,10.8154756617058,106.59113681764,Mặt tiền,Quận Bình Tân,Phường Bình Hưng Hòa B,,0,Đường Nguyễn Thị Tú,,,,,12.0,13.5
131.0,4.0,5.0,Sổ hồng,Trống / Nhà thô,10.7657175409324,106.66344784341,Chưa xác định,Quận 10,Phường 14,3138.0,0,Đường 3/2,84.95251752708731,0.0,0.0,15.037284894837477,16.0,26.0
44.0,5.0,8.45,Sổ hồng,Trống / Nhà thô,10.7739751335495,106.677834722263,Hẻm ô tô,Quận 10,Phường 12,2646.0,1,Đường Cao Thắng,97.3941798941799,0.1436130007558579,1.199546485260771,1.255479969765684,10.0,11.9
54.0,6.0,30.0,Sổ hồng,Đầy đủ,10.753993284189,106.65886162063,Mặt tiền,Quận 5,Phường 11,75.2,0,Đường Châu Văn Liêm,0.41223404255319146,0.0,0.0,99.57446808510637,13.0,21.5
77.0,6.0,8.0,Sổ hồng,Trống / Nhà thô,10.7795628456432,106.667427129377,Mặt tiền,Quận 10,Phường 15,42832.0,0,Đường Tô Hiến Thành,8.418588905491221,91.34313130369817,0.0,0.23762607396339186,18.0,27.0
136.0,5.0,20.0,không có,Trống / Nhà thô,10.7639107718776,106.649231091568,Mặt tiền,Quận 11,Phường 8,3001.5,0,Đường Lãnh Binh Thăng,99.25870398134266,0.7396301849075462,0.0,0.0,15.0,58.0
45.0,4.0,15.516666666666666,Sổ hồng,Đầy đủ,10.8065276114248,106.71140950003,Chưa xác định,Quận Bình Thạnh,Phường 25,203.7,1,Đường Xô Viết Nghệ Tĩnh,21.575846833578797,0.0,0.0,78.40451644575357,9.0,8.25
43.0,4.0,3.0,Sổ hồng,Cơ bản,10.7472190146274,106.71967883936,Mặt tiền,Quận 7,Phường Tân Thuận Đông,953.5,0,Đường Tân Mỹ,57.78080755112743,0.0,0.0,0.0,7.0,5.9
90.0,4.0,10.0,Sổ hồng,Đầy đủ,10.707884082285,106.735095857189,Chưa xác định,Quận 7,Phường Phú Mỹ,290.6,0,Unknown,25.815554026152782,0.0,0.0,74.19821059876118,9.0,16.9
40.0,3.0,3.0,Sổ hồng,Đầy đủ,10.792826501585,106.668093703031,Mặt tiền,Quận Phú Nhuận,Phường 14,49.9,0,Đường Đặng Văn Ngữ,15.230460921843687,0.0,0.0,84.84969939879761,6.0,6.5
52.0,3.0,6.0,không có,Đầy đủ,10.8411861437035,106.774910996763,Chưa xác định,Quận 9,Phường Hiệp Phú,,0,Đường Chu Văn An,,,,,6.0,6.4
27.0,4.0,12.0,Sổ hồng,Cơ bản,10.7441647835323,106.684190951546,Mặt tiền,Quận 8,Phường 3,152.4,0,Đường Âu Dương Lân,6.758530183727034,0.0,0.0,93.20866141732283,7.0,7.35
54.0,4.0,6.0,Sổ hồng,Trống / Nhà thô,10.7874692822186,106.651271953711,Mặt tiền,Quận Tân Bình,Phường 11,136.6,0,Đường Lạc Long Quân,15.871156661786237,0.0,84.15080527086384,0.0,8.0,9.2
140.0,8.0,18.3,không có,Trống / Nhà thô,10.786551880628,106.701590411379,Mặt tiền,Quận 1,Phường Đa Kao,5320.1,1,Đường Nguyễn Thị Minh Khai,80.74096351572338,0.0,19.259224450668217,0.0,12.0,80.0
95.0,2.0,8.0,Sổ hồng,Cơ bản,10.8203349421179,106.703945064519,Hẻm ô tô,Quận Bình Thạnh,Phường 13,664.0,0,Phố Nguyễn Xí,88.32228915662651,3.052710843373494,0.0,8.618975903614459,6.0,12.5
47.0,5.0,6.0,Sổ hồng,Trống / Nhà thô,10.8233642185054,106.701833738118,Chưa xác định,Quận Bình Thạnh,Phường 13,45.4,0,Phố Nguyễn Xí,0.0,0.0,0.0,99.91189427312776,11.0,9.0
341.0,1.0,16.0,Sổ hồng,Trống / Nhà thô,10.7746590446889,106.664410330036,Mặt tiền,Quận 10,Phường 14,5455.0,0,Đường Thành Thái,35.629514207149406,0.0,0.0,64.36498625114574,2.0,106.0
76.0,2.0,3.4,Sổ đỏ,Trống / Nhà thô,10.7532418122255,106.629108806071,Chưa xác định,Quận 6,Phường 13,86.7,1,Đường Cư Xá Phú Lâm B,5.628604382929643,0.0,0.0,94.32525951557093,2.0,8.0
75.0,4.0,7.0,Sổ hồng,Đầy đủ,10.6972044761898,106.740397074378,Chưa xác định,Huyện Nhà Bè,Thị trấn Nhà Bè,4236.8,0,Đường Huỳnh Thị Đồng,16.80395581570997,39.1939671450151,0.0,44.001368957703924,8.0,8.2
54.0,3.0,6.0,Sổ hồng,Trống / Nhà thô,10.7998272534687,106.630513022428,Mặt tiền,Quận Tân Phú,Phường Tân Sơn Nhì,665.5,0,Đường Tân Sơn Nhì,9.908339594290007,0.0,0.0,90.09166040570999,9.0,7.5
117.0,2.0,4.0,Sổ hồng,Cơ bản,10.8069923085861,106.695134954481,Chưa xác định,Quận Bình Thạnh,Phường 7,1088.6,0,Đường Nơ Trang Long,88.45857064119052,0.0,0.0,11.542347969869558,6.0,9.5
72.0,2.0,8.0,Sổ hồng,Trống / Nhà thô,10.8153499442062,106.707843701799,Chưa xác định,Quận Bình Thạnh,Phường 26,1206.8,0,Phố Nguyễn Xí,76.717765992708,0.0,0.0,23.278919456413657,4.0,8.8
200.0,3.0,16.0,Sổ hồng,Đầy đủ,10.8206307463987,106.777056929254,Chưa xác định,Quận 9,Phường Phước Long B,,0,Unknown,,,,,9.0,20.0
129.0,3.0,6.0,Sổ hồng,Trống / Nhà thô,10.6748473561654,106.698688826558,Chưa xác định,Huyện Nhà Bè,Xã Nhơn Đức,473.6,1,Đường Lê Văn Lương,49.668496621621614,0.0,0.0,50.33361486486486,8.0,6.1
31.0,4.0,6.0,Sổ hồng,Trống / Nhà thô,10.8060640095381,106.711533032075,Mặt tiền,Quận Bình Thạnh,Phường 25,1691.1,0,Đường Xô Viết Nghệ Tĩnh,71.9029034356336,0.6995446750635681,0.0,27.39518656495772,15.0,7.4
124.0,3.0,6.0,Sổ hồng,Trống / Nhà thô,10.7865000850496,106.690834143804,Chưa xác định,Quận 3,Phường Võ Thị Sáu,122.3,0,Đường Võ Thị Sáu,21.986917416189698,0.0,78.0130825838103,0.0,7.0,29.5
68.0,2.0,7.0,Sổ hồng,Trống / Nhà thô,10.7927633129186,106.622517833778,Mặt tiền,Quận Tân Phú,Phường Tân Sơn Nhì,3673.1,0,Đường Nguyễn Súy,94.50545860444856,0.0,0.0,5.494813645149873,5.0,6.3
90.0,6.0,30.0,Sổ hồng,Trống / Nhà thô,10.8485970032471,106.586765223102,Chưa xác định,Quận 12,Phường Tân Thới Nhất,64.5,1,Đường Phan Văn Hớn,0.0,0.0,0.0,99.95348837209302,10.0,6.0
50.0,5.0,5.0,Sổ hồng,Đầy đủ,10.8451570915588,106.678267040608,Mặt tiền,Quận Gò Vấp,Phường 6,62.1,0,Đường Số 30,4.814814814814815,0.0,0.0,95.24959742351045,9.0,8.4
60.0,4.0,5.0,Sổ hồng,Cơ bản,10.8389670189029,106.648733028988,Hẻm ô tô,Quận Gò Vấp,Phường 8,2080.4,0,Đường Quang Trung,97.5336473755047,0.0,0.0,2.464910594116516,10.0,7.4
202.0,2.0,12.3,Sổ hồng,Cơ bản,10.8542599044534,106.756521709048,Chưa xác định,Thành phố Thủ Đức,Phường Linh Chiểu,,1,Đường Số 14,,,,,8.0,11.9
128.0,5.0,6.0,Sổ hồng,Trống / Nhà thô,10.7505524718127,106.735963820893,Mặt tiền,Quận 7,Phường Tân Thuận Tây,3299.4,0,Đường Bùi Văn Ba,64.26198702794449,0.0,0.0,0.0,38.0,17.8
32.0,4.0,3.6666666666666665,Sổ hồng,Đầy đủ,10.7724591815358,106.684427190628,Hẻm ô tô,Quận 3,Phường 4,9245.1,1,Đường Nguyễn Đình Chiểu,53.352803106510486,0.0,12.096570074958626,34.55019415690474,7.0,8.68
88.0,4.0,8.75,Sổ hồng,Đầy đủ,10.7646565630601,106.61913045652,Mặt tiền,Quận Bình Tân,Phường Bình Trị Đông,52.9,1,Đường Tân Hòa Đông,19.319470699432895,0.0,0.0,80.62381852551985,10.0,9.9
50.0,2.0,3.0,Sổ hồng,Trống / Nhà thô,10.6847544690029,106.75017370631,Mặt tiền,Huyện Nhà Bè,Thị trấn Nhà Bè,,1,Đường Huỳnh Tấn Phát,,,,,5.0,4.95
105.0,3.0,15.4,Sổ hồng,Trống / Nhà thô,10.769905,106.553215,Mặt tiền,Huyện Bình Chánh,Xã Vĩnh Lộc B,4848.6,1,Đường Trần Văn Giàu,97.78513385307099,0.5562430392278183,1.5880872829270303,0.0,7.0,10.7
120.0,4.0,18.0,Sổ hồng,Cơ bản,10.6512765500091,106.729983105974,Chưa xác định,Huyện Nhà Bè,Xã Long Thới,3900.8,0,Đường Nguyễn Văn Tạo,,,,,11.0,7.0
45.0,1.0,7.8,Sổ hồng,Cơ bản,10.823136177216,106.68209484291,Mặt tiền,Quận Gò Vấp,Phường 1,75.2,1,Đường Phạm Ngũ Lão,25.997340425531917,0.0,0.0,73.98936170212765,3.0,6.95
80.0,4.0,8.1875,không có,Trống / Nhà thô,10.8360014626884,106.848046240343,Mặt tiền,Quận 9,Phường Long Bình,,1,Đường Nguyễn Xiển,,,,,9.0,11.5
98.0,4.0,6.0,Sổ hồng,Trống / Nhà thô,10.7931514494894,106.669842252883,Mặt tiền,Quận Phú Nhuận,Phường 10,1668.3,1,Đường Lê Văn Sỹ,99.32086555175927,0.4453635437271474,0.0,0.23496972966492838,10.0,28.7
110.0,2.0,5.9,Sổ hồng,Đầy đủ,10.7393427288876,106.709507353017,Mặt tiền,Quận 7,Phường Tân Quy,714.4,1,Đường Nguyễn Thị Thập,2.08986562150056,0.0,0.0,97.90453527435609,6.0,33.5
82.0,2.0,7.0,Sổ hồng,Cơ bản,10.8458199146789,106.718175529127,Mặt tiền,Thành phố Thủ Đức,Phường Hiệp Bình Phước,,0,Đường Quốc Lộ 13,,,,,5.0,9.5
60.0,3.0,10.0,Sổ hồng,Đầy đủ,10.8946333482022,106.668339500488,Chưa xác định,Quận 12,Phường Thạnh Xuân,,0,Đường Thạnh Xuân 52,,,,,7.0,4.98
95.0,7.0,11.3,Sổ hồng,Trống / Nhà thô,10.7637712980099,106.686251971999,Mặt tiền,Quận 1,Phường Nguyễn Cư Trinh,46.5,1,Đường Nguyễn Cư Trinh,0.0,0.0,0.0,100.0,9.0,41.0
107.0,5.0,6.0,Sổ hồng,Trống / Nhà thô,10.7894781034461,106.698580206941,Mặt tiền,Quận 1,Phường Đa Kao,4469.5,1,Đường Nguyễn Văn Thủ,85.4773464593355,0.0,14.523324756684191,0.0,14.0,25.5
81.0,4.0,6.0,Sổ hồng,Trống / Nhà thô,10.8231227399032,106.636296421346,Chưa xác định,Quận Tân Bình,Phường 15,821.9,0,Đường Nguyễn Phúc Chu,91.87249057062904,0.0,0.0,8.123859350285922,9.0,9.0
120.0,5.0,8.0,Sổ hồng,Trống / Nhà thô,10.8008239243165,106.688133598659,Mặt tiền,Quận Phú Nhuận,Phường 7,210.3,0,Unknown,0.0,0.0,0.0,99.99048977650973,12.0,27.8
80.0,5.0,8.0,Sổ hồng,Trống / Nhà thô,10.8649072095218,106.634097801312,Chưa xác định,Quận 12,Phường Tân Chánh Hiệp,,0,Đường Dương Thị Mười,,,,,10.0,5.4
60.0,3.0,6.0,Sổ hồng,Đầy đủ,10.8483904577749,106.642325761843,Hẻm ô tô,Quận Gò Vấp,Phường 14,47.3,0,Unknown,0.0,0.0,0.0,99.97885835095138,8.0,7.3
200.0,4.0,10.0,Sổ hồng,Cơ bản,10.8302981828474,106.702921684944,Mặt tiền,Quận Bình Thạnh,Phường 13,5022.2,0,Đường Đặng Thùy Trâm,30.362191868105608,17.282864083469395,0.0,52.35394846879854,9.0,30.0
40.0,2.0,7.181818181818182,Sổ hồng,Đầy đủ,10.8057641813493,106.605103302744,Chưa xác định,Quận Bình Tân,Phường Bình Hưng Hòa,1603.5,1,Đường Số 12,30.215777985656377,0.0,0.0,69.78609292173373,4.0,3.98
97.0,1.0,7.4,Sổ hồng,Trống / Nhà thô,10.857148344718,106.61365335256,Hẻm ô tô,Quận 12,Phường Trung Mỹ Tây,,1,Đường Trung Mỹ Tây 9,,,,,10.0,4.75
50.0,2.0,30.0,Sổ hồng,Đầy đủ,10.7938976400364,106.705517428899,Chưa xác định,Quận Bình Thạnh,Phường 17,51.9,0,Đường Phan Văn Hân,91.77263969171484,0.0,0.0,8.150289017341041,7.0,6.5
56.0,4.0,9.633333333333333,Sổ hồng,Đầy đủ,10.8798216796273,106.665310936732,Chưa xác định,Quận 12,Phường Thạnh Xuân,803.9,1,Đường Thạnh Xuân 25,14.769249906704815,85.23696977235974,0.0,0.0,10.0,6.25
115.0,4.0,12.799999999999999,Sổ hồng,Trống / Nhà thô,10.8329822700863,106.727177107907,Chưa xác định,Thành phố Thủ Đức,Phường Hiệp Bình Chánh,,1,Đường 25,,,,,9.0,17.5
31.0,2.0,3.15,Sổ hồng,Trống / Nhà thô,10.8405445859805,106.740776454413,Mặt tiền,Thành phố Thủ Đức,Phường Hiệp Bình Chánh,,1,Đường Kha Vạn Cân,,,,,6.0,6.8
100.0,5.0,11.0,Sổ hồng,Trống / Nhà thô,10.7491057387446,106.655029047987,Mặt tiền,Quận 5,Phường 13,3213.2,1,Đường Gò Công,78.88304493962406,4.030561434084402,0.0,17.087638491223704,9.0,41.0
40.0,2.0,30.0,Sổ hồng,Trống / Nhà thô,10.7710969001053,106.690434650876,Chưa xác định,Quận 1,Phường Bến Thành,64.4,0,Đường Lê Thị Riêng,11.5527950310559,0.0,88.4782608695652,0.0,5.0,37.0
70.0,4.0,8.0,Sổ hồng,Đầy đủ,10.811717125424,106.709381198976,Hẻm ô tô,Quận Bình Thạnh,Phường 26,228.7,0,Đường Đinh Bộ Lĩnh,6.204634892872759,0.0,93.77787494534326,0.0,12.0,12.9
34.0,2.0,6.0,Sổ hồng,Cơ bản,10.7870872094234,106.760315790275,Chưa xác định,Quận 2,Phường Bình Trưng Tây,,0,Đường Số 22,,,,,5.0,3.5
76.0,4.0,11.540000000000001,Sổ hồng,Cao cấp,10.7574517371516,106.702372457494,Mặt tiền,Quận 7,Phường Tân Phong,2878.4,1,Đường Số 44,41.63458866036687,0.0,0.0,58.36714841578654,10.0,21.0
104.0,4.0,4.0,Sổ hồng,Đầy đủ,10.7804865836723,106.768888575879,Hẻm ô tô,Thành phố Thủ Đức,Phường Cát Lái,,0,Đường Lê Văn Thịnh,,,,,9.0,11.5
150.0,7.0,15.0,không có,Trống / Nhà thô,10.7792026016844,106.679315123273,Mặt tiền,Quận 10,Phường 12,68.9,1,Đường Cách Mạng Tháng Tám,44.049346879535555,0.0,0.0,55.99419448476052,12.0,69.0
25.0,3.0,5.0,Sổ đỏ,Đầy đủ,10.7668538869145,106.692635673208,Chưa xác định,Quận 1,Phường Phạm Ngũ Lão,1470.8,1,Đường Bùi Viện,98.70750611911885,0.0,1.2931737829752517,0.0,4.0,8.45
125.0,3.0,5.0,không có,Trống / Nhà thô,10.7916397259071,106.760126111364,Mặt tiền,Quận 9,Phường Long Trường,,0,Đường Trường Lưu,,,,,12.0,10.4
68.0,5.0,8.0,Sổ hồng,Đầy đủ,10.8407957242002,106.641967567342,Hẻm ô tô,Quận Gò Vấp,Phường 12,73.4,0,Đường Nguyễn Duy Cung,10.803814713896456,0.0,0.0,89.23705722070844,11.0,7.8
140.0,1.0,6.0,Sổ hồng,Trống / Nhà thô,10.8098679317984,106.69299483196,Mặt tiền,Quận Bình Thạnh,Phường 7,32.2,0,Đường Lê Quang Định,7.670807453416149,0.0,0.0,92.20496894409938,10.0,13.4
200.0,8.0,15.333333333333334,không có,Trống / Nhà thô,10.7797170767124,106.686579303672,Mặt tiền,Quận 3,Phường Võ Thị Sáu,132.2,1,Đường Điện Biên Phủ,0.0,0.0,99.97730711043873,0.0,14.0,115.0
97.0,2.0,6.15,Sổ hồng,Trống / Nhà thô,10.8405234807343,106.751205325127,Hẻm ô tô,Thành phố Thủ Đức,Phường Trường Thọ,,1,Đường Số 11,,,,,5.0,5.85
24.0,2.0,7.0,Sổ hồng,Trống / Nhà thô,10.7899025545015,106.696237679805,Hẻm ô tô,Quận 1,Phường Đa Kao,97.3,0,Đường Phan Tôn,9.36279547790339,0.0,90.63720452209661,0.0,4.0,5.5
53.0,5.0,6.0,Sổ hồng,Đầy đủ,10.8788835556872,106.669460083198,Chưa xác định,Quận 12,Phường Thạnh Xuân,1093.7,0,Đường Tô Ngọc Vân,0.0,0.0,0.0,100.0,9.0,6.18
83.0,4.0,11.2,Sổ hồng,Đầy đủ,10.7613277078276,106.690051545918,Mặt tiền,Quận 1,Phường Nguyễn Cư Trinh,52.4,1,Đường Trần Đình Xu,96.7557251908397,3.16793893129771,0.0,0.0,16.0,22.8
84.0,4.0,16.0,Sổ hồng,Đầy đủ,10.7109620576186,106.693797870446,Chưa xác định,Huyện Nhà Bè,Xã Phước Kiển,3879.6,0,Đường Đào Sư Tích,30.484586039797918,0.0,0.0,69.51438292607486,9.0,9.29
50.0,4.0,6.0,Sổ hồng,Đầy đủ,10.842344978211,106.642709895538,Hẻm ô tô,Quận Gò Vấp,Phường 14,721.4,0,Đường Quang Trung,13.791239257000276,0.0,0.0,86.21153313002495,9.0,8.6
37.0,3.0,3.0,Sổ hồng,Cơ bản,10.7951063562089,106.687764321062,Chưa xác định,Quận Phú Nhuận,Phường 2,,0,Đường Trường Sa,,,,,4.0,6.4
64.0,5.0,8.0,Sổ hồng,Đầy đủ,10.8754931548077,106.685496094606,Mặt tiền,Quận 12,Phường Thạnh Lộc,4938.5,0,Đường Thạnh Lộc 37,16.894401133947557,8.361850764402146,0.0,74.74293813911106,10.0,7.8
70.0,2.0,6.0,Sổ hồng,Đầy đủ,10.7284491246902,106.612391511263,Hẻm ô tô,Quận Bình Tân,Phường An Lạc,332.5,0,Đường Lê Cơ,30.451127819548873,0.0,0.0,69.54586466165414,6.0,5.79
34.0,3.0,4.0,Sổ hồng,Cơ bản,10.7610677410809,106.692407027713,Mặt tiền,Quận 1,Phường Cô Giang,1350.4,1,Đường Hồ Hảo Hớn,26.692831753554497,73.30790876777252,0.0,0.0,5.0,17.9
74.0,1.0,5.0,Sổ hồng,Trống / Nhà thô,10.9025251845016,106.55260907606,Mặt tiền,Huyện Hóc Môn,Xã Tân Thới Nhì,20526.7,0,Unknown,4.337716242747251,95.6620888891054,0.0,0.0,3.0,3.7
139.0,5.0,15.9,Sổ hồng,Đầy đủ,10.8444892923174,106.7174798014,Mặt tiền,Thành phố Thủ Đức,Phường Hiệp Bình Phước,,1,Đường 5,,,,,13.0,35.0
100.0,2.0,8.0,không có,Trống / Nhà thô,10.843328957417247,106.62833232432604,Mặt tiền,Quận 12,Phường Tân Hưng Thuận,43.1,1,Unknown,0.0,0.0,0.0,100.0,9.0,8.5
62.0,3.0,6.0,Sổ hồng,Trống / Nhà thô,10.81854829568487,106.633166000247,Mặt tiền,Quận Tân Bình,Phường 15,935.4,0,Đường Trần Thái Tông,64.554201411161,7.0215950395552715,0.0,28.427410733376103,9.0,7.9
99.0,2.0,6.5,Sổ hồng,Đầy đủ,10.8141446673568,106.623718375878,Chưa xác định,Quận Tân Phú,Phường Tây Thạnh,804.8,1,Unknown,1.0039761431411531,2.3583499005964215,0.0,96.64264413518887,5.0,7.7
56.0,3.0,6.0,Sổ hồng,Trống / Nhà thô,10.7893109616076,106.675164208888,Chưa xác định,Quận 3,Phường 12,1217.9,0,Đường Lê Văn Sỹ,82.83602923064291,0.0,0.0,17.163970769357086,10.0,7.5
50.0,7.0,20.0,Sổ hồng,Đầy đủ,10.7966548014208,106.687966267071,Mặt tiền,Quận Phú Nhuận,Phường 2,,1,Đường Cù Lao,,,,,16.0,15.5
50.0,4.0,12.0,Sổ hồng,Đầy đủ,10.857079382425,106.699133852371,Chưa xác định,Quận 12,Phường An Phú Đông,1514.6,0,Đường Võ Thị Liễu,8.363924468506537,0.0,0.0,91.6380562524759,14.0,5.9
80.0,5.0,10.0,Sổ hồng,Đầy đủ,10.731052018508,106.732384137993,Chưa xác định,Quận 7,Phường Phú Thuận,343.8,0,Đường Phú Thuận,13.062827225130889,0.0,0.0,86.9371727748691,9.0,19.5
48.0,4.0,3.0,Sổ hồng,Đầy đủ,10.7971804305777,106.681240362888,Chưa xác định,Quận Phú Nhuận,Phường 1,1046.0,0,Đường Phan Đình Phùng,83.6281070745698,0.0,0.0,16.37189292543021,8.0,7.5
80.0,1.0,12.0,Sổ hồng,Cơ bản,10.7379724639035,106.722872636508,Mặt tiền,Quận 7,Phường Bình Thuận,754.7,0,Đường Nguyễn Thị Thập,23.548429839671392,0.0,0.0,76.45554524976811,4.0,12.8
171.0,5.0,20.0,Sổ hồng,Trống / Nhà thô,10.7282790588534,106.600305313812,Mặt tiền,Quận Bình Tân,Phường Tân Tạo,612.7,0,Đường Tập Đoàn 6B,77.5991512975355,5.354986126978946,0.0,17.044230455361514,38.0,18.9
88.0,4.0,7.0,Sổ hồng,Trống / Nhà thô,10.783844834362,106.694822247086,Chưa xác định,Quận 3,Phường Võ Thị Sáu,232.4,0,Đường Phạm Ngọc Thạch,5.972461273666093,0.0,94.03614457831326,0.0,10.0,23.5
161.0,6.0,11.0,Sổ hồng,Trống / Nhà thô,10.7629182318334,106.68679119191,Mặt tiền,Quận 1,Phường Nguyễn Cư Trinh,2619.3,1,Đường Nguyễn Trãi,99.6766311609972,0.3214599320429122,0.0,0.0,9.0,300.0
57.0,1.0,6.0,Sổ hồng,Trống / Nhà thô,10.8833033560954,106.770221541349,Chưa xác định,Thành phố Thủ Đức,Phường Linh Xuân,,0,Đường 8,,,,,8.0,3.4
126.0,5.0,15.566666666666666,Sổ hồng,Trống / Nhà thô,10.8557519599026,106.607217123307,Mặt tiền,Huyện Hóc Môn,Xã Trung Chánh,123.5,1,Đường Nguyễn Ảnh Thủ,80.8502024291498,0.0,19.1417004048583,0.0,13.0,25.0
100.0,4.0,16.599999999999998,Sổ hồng,Trống / Nhà thô,10.7417524931347,106.715774202812,Mặt tiền,Quận 7,Phường Tân Quy,115.9,1,Đường Lâm Văn Bền,1.6220880069025019,0.0,0.0,98.42105263157893,9.0,26.9
76.0,2.0,3.4,Sổ đỏ,Trống / Nhà thô,10.7532418122255,106.629108806071,Chưa xác định,Quận 6,Phường 13,86.7,1,Đường Cư Xá Phú Lâm B,5.628604382929643,0.0,0.0,94.32525951557093,2.0,8.0
2.5,2.0,26.0,Sổ hồng,Trống / Nhà thô,10.855322121505,106.607488278099,Mặt tiền,Huyện Hóc Môn,Xã Trung Chánh,,0,Đường Nguyễn Ảnh Thủ,,,,,3.0,165.0
144.0,4.0,7.8,không có,Trống / Nhà thô,10.797204828163,106.681436757287,Mặt tiền,Quận Phú Nhuận,Phường 15,111.9,1,Đường Phan Đình Phùng,20.68811438784629,0.0,0.0,79.34763181411975,16.0,40.0
53.0,2.0,2.0,Sổ hồng,Đầy đủ,10.7477549424238,106.715791654817,Hẻm ô tô,Quận 7,Phường Tân Kiểng,4368.0,0,Đường Lâm Văn Bền,94.49793956043956,0.5663919413919414,0.0,4.934752747252748,6.0,5.0
52.0,4.0,7.0,Sổ hồng,Đầy đủ,10.8059439620207,106.681455225238,Hẻm ô tô,Quận Phú Nhuận,Phường 4,984.2,1,Đường Thích Quảng Đức,71.65921560658403,0.0,0.0,28.33976833976834,9.0,9.3
264.0,3.0,12.0,Sổ hồng,Trống / Nhà thô,21.02894860978742,105.85244722590336,Chưa xác định,Quận 2,Phường Cát Lái,,0,Đường Nguyễn Thị Định,,,,,14.0,31.8
178.0,4.0,14.8,không có,Trống / Nhà thô,10.7833929901309,106.697347651936,Chưa xác định,Quận 3,Phường 9,584.2,1,Phố Hai Bà Trưng,0.0,0.0,99.99144128723039,0.0,6.0,120.0
261.0,7.0,27.8,Sổ hồng,Trống / Nhà thô,10.8459040445004,106.795975178462,Mặt tiền,Quận 9,Phường Tăng Nhơn Phú A,,1,Đường Lê Văn Việt,,,,,26.0,50.0
104.0,4.0,6.0,Sổ hồng,Trống / Nhà thô,10.7896833888872,106.693463607359,Chưa xác định,Quận 1,Phường Tân Định,364.7,1,Đường Võ Thị Sáu,23.556347683027145,76.44913627639156,0.0,0.0,11.0,24.5
52.0,1.0,5.0,Sổ hồng,Đầy đủ,10.8290656930809,106.772948889954,Hẻm ô tô,Quận 9,Phường Phước Long B,,0,Đường 61,,,,,4.0,5.3
115.0,3.0,12.0,Sổ hồng,Trống / Nhà thô,10.796189318361,106.792158435848,Chưa xác định,Quận 9,Phường Phú Hữu,,0,Đường Vành Đai,,,,,9.0,10.8
104.0,3.0,11.2,Sổ đỏ,Trống / Nhà thô,10.8737003529816,106.631053665807,Mặt tiền,Quận 12,Phường Tân Chánh Hiệp,,1,Đường Nguyễn Thị Búp,,,,,8.0,8.8
72.0,4.0,30.0,Sổ hồng,Trống / Nhà thô,10.7806874971532,106.636155975424,Mặt tiền,Quận Tân Phú,Phường Hòa Thạnh,5944.8,0,Đường Lũy Bán Bích,6.9496030143991385,93.05123805678912,0.0,0.0,11.0,19.0
167.0,5.0,6.0,Sổ hồng,Đầy đủ,10.8511472045542,106.764769523024,Mặt tiền,Thành phố Thủ Đức,Phường Linh Chiểu,,0,Đường Võ Văn Ngân,,,,,54.0,19.0
30.0,3.0,12.1,Sổ hồng,Cơ bản,10.7629390465607,106.686994883596,Chưa xác định,Quận 1,Phường Nguyễn Cư Trinh,133.1,1,Đường Nguyễn Trãi,18.16679188580015,0.0,0.0,81.79564237415478,9.0,7.9
40.0,3.0,5.0,Sổ hồng,Đầy đủ,10.7503114223177,106.719615645531,Hẻm ô tô,Quận 7,Phường Tân Thuận Tây,802.1,0,Đường Tân Mỹ,87.96409425258696,0.0,0.0,12.03216556539085,7.0,4.3
28.0,4.0,4.0,Sổ hồng,Đầy đủ,10.7553194873269,106.676973512356,Mặt tiền,Quận 5,Phường 2,56.0,1,Đường Phan Văn Trị,24.75,0.0,0.0,75.30357142857143,7.0,12.99
17.0,2.0,3.0,không có,Trống / Nhà thô,10.7203274216223,106.655801435866,Mặt tiền,Huyện Bình Chánh,Xã Bình Hưng,56946.0,0,Đường Quốc Lộ 50,97.69753801847364,0.37015769325325754,0.0,1.9185719804727286,2.0,13.26
55.0,4.0,10.0,Sổ hồng,Đầy đủ,10.8500572478647,106.69531466973,Mặt tiền,Quận 12,Phường An Phú Đông,13438.3,0,Đường Thạnh Lộc 19,8.11769345824993,0.0,0.0,91.88193447087801,10.0,6.7
74.0,2.0,3.0,Sổ hồng,Đầy đủ,10.7828787125432,106.776355680275,Chưa xác định,Quận 2,Phường Bình Trưng Đông,,0,Unknown,,,,,7.0,6.3
62.0,4.0,8.0,Sổ hồng,Đầy đủ,10.7143203137937,106.737152431409,Chưa xác định,Quận 7,Phường Phú Mỹ,2763.6,1,Đường Huỳnh Tấn Phát,22.80865537704444,0.0,0.0,77.19098277608916,9.0,7.75
60.0,5.0,8.0,Sổ hồng,Đầy đủ,10.8802255327052,106.6655351133,Mặt tiền,Quận 12,Phường Thạnh Xuân,2208.3,0,Đường Thạnh Xuân 25,19.443916134583162,0.0,0.0,80.55789521351265,10.0,8.2
63.0,5.0,8.0,Sổ hồng,Đầy đủ,10.7698843001299,106.613217838152,Hẻm ô tô,Quận Bình Tân,Phường Bình Trị Đông,903.0,0,Đường Hương lộ 2,64.6312292358804,0.0,0.0,35.3687707641196,12.0,7.6
70.0,7.0,18.0,Sổ hồng,Đầy đủ,10.7558903811383,106.656066435183,Mặt tiền,Quận 5,Phường 15,2947.7,0,Đường Đỗ Ngọc Thạnh,83.83824676866709,0.0,0.0,16.16243172643078,15.0,22.0
80.0,4.0,12.0,Sổ hồng,Đầy đủ,10.732416826009,106.734347762379,Chưa xác định,Quận 7,Phường Phú Thuận,10222.7,0,Đường Tân Thuận Nam,0.0,0.0,0.0,100.0,8.0,15.9
198.0,7.0,17.733333333333334,Sổ hồng,Trống / Nhà thô,10.7614695360818,106.692380360812,Mặt tiền,Quận 1,Phường Cô Giang,20.3,1,Đường Hồ Hảo Hớn,16.945812807881772,0.0,0.0,83.25123152709358,14.0,115.0
237.0,6.0,8.0,Sổ hồng,Trống / Nhà thô,10.7593623481701,106.687589212551,Chưa xác định,Quận 1,Phường Cầu Kho,5525.2,0,Đường Trần Hưng Đạo,92.2766596684283,0.10189676391804822,0.0,7.62053862303627,13.0,62.0
200.0,2.0,10.2,không có,Trống / Nhà thô,10.7787921846674,106.705214728529,Chưa xác định,Quận 1,Phường Bến Nghé,620.6,1,Đường Thái Văn Lung,99.85175636480824,0.14824363519174993,0.0,0.0,14.0,180.0
69.0,1.0,4.8,Sổ hồng,Đầy đủ,10.8364562595419,106.726641186753,Chưa xác định,Thành phố Thủ Đức,Phường Hiệp Bình Chánh,,1,Đường 48,,,,,4.0,5.7
128.0,8.0,19.2,Sổ đỏ,Trống / Nhà thô,10.8029170288379,106.663597394846,Chưa xác định,Quận Tân Bình,Phường 4,125.1,1,Phố Trần Quốc Hoàn,34.66027178257394,0.0,0.0,65.36370903277377,12.0,55.0
52.0,1.0,5.0,Sổ hồng,Trống / Nhà thô,10.8178547938566,106.588414248266,Hẻm ô tô,Quận Bình Tân,Phường Bình Hưng Hòa B,1122.6,0,Đường Bình Thành,8.401924104756816,91.60252984143952,0.0,0.0,4.0,4.55
62.0,4.0,6.0,Sổ hồng,Đầy đủ,10.8514196214614,106.651930930978,Hẻm ô tô,Quận Gò Vấp,Phường 14,138.2,0,Đường Số 59,23.71201157742403,0.0,0.0,76.28075253256151,14.0,7.95
98.0,5.0,6.0,Sổ hồng,Đầy đủ,10.8321778907289,106.638803087541,Hẻm ô tô,Quận Gò Vấp,Phường 12,277.5,0,Đường Nguyễn Tư Giản,72.27387387387387,0.0,0.0,27.718918918918924,10.0,11.5
51.0,3.0,4.0,Sổ hồng,Đầy đủ,10.8359520773843,106.661071079675,Hẻm ô tô,Quận Gò Vấp,Phường 11,641.9,0,Đường Quang Trung,52.77145972892975,0.0,47.223866645895,0.0,7.0,6.6
49.0,2.0,3.0,Sổ hồng,Cơ bản,10.7577766648086,106.614505816787,Hẻm xe máy,Quận Bình Tân,Phường Bình Trị Đông,4477.4,0,Đường Tỉnh Lộ 10,27.015678742127125,0.0,0.0,56.29405458525037,4.0,4.05
36.0,3.0,4.0,Sổ hồng,Đầy đủ,10.8156544780022,106.695455052577,Mặt tiền,Quận Bình Thạnh,Phường 11,1135.6,0,Đường Phan Văn Trị,58.437830221909124,0.0,0.0,41.565692145121524,7.0,6.85
73.0,3.0,8.0,Sổ hồng,Đầy đủ,10.6931750253894,106.740978757365,Mặt tiền,Huyện Nhà Bè,Thị trấn Nhà Bè,216.8,0,Đường Huỳnh Tấn Phát,6.559040590405904,0.0,0.0,93.44557195571956,9.0,8.6
50.0,2.0,4.6000000000000005,Sổ hồng,Trống / Nhà thô,10.81027351070744,106.8565653450787,Chưa xác định,Quận 9,Phường Long Phước,,1,Đường Long Thuận,,,,,4.0,3.6
537.0,4.0,13.6,Sổ hồng,Trống / Nhà thô,10.7948398558032,106.657652735785,Mặt tiền,Quận Tân Bình,Phường 4,225.2,1,Đường Nguyễn Đình Khơi,2.024866785079929,0.0,0.0,97.97513321492008,30.0,136.0
66.0,3.0,6.0,Sổ hồng,Trống / Nhà thô,10.7507439167346,106.735831535434,Mặt tiền,Quận 7,Phường Tân Thuận Đông,8030.0,1,Đường Bùi Văn Ba,0.9478206724782067,0.0,0.0,0.0,8.0,7.9
480.0,6.0,4.6,Sổ hồng,Trống / Nhà thô,10.7824122009499,106.693796536337,Chưa xác định,Quận 3,Phường Võ Thị Sáu,5018.0,1,Đường Pasteur,96.94021522518932,0.0,3.0601833399760863,0.0,20.0,225.0
28.0,3.0,3.0,Sổ hồng,Đầy đủ,10.7505391595491,106.735941469093,Mặt tiền,Quận 7,Phường Tân Thuận Đông,3299.4,0,Đường Bùi Văn Ba,64.26198702794449,0.0,0.0,0.0,7.0,4.86
63.0,6.0,6.0,Sổ hồng,Đầy đủ,10.8058620739812,106.711679799592,Chưa xác định,Quận Bình Thạnh,Phường 25,294.3,0,Đường Xô Viết Nghệ Tĩnh,8.871899422358137,0.0,0.0,91.12810057764186,20.0,11.9
54.0,2.0,6.666666666666666,Sổ hồng,Trống / Nhà thô,10.7581284368821,106.612728981138,Hẻm ô tô,Quận Bình Tân,Phường Bình Trị Đông B,98.2,1,Đường Tỉnh Lộ 10,61.38492871690428,0.0,0.0,38.65580448065173,4.0,4.2
90.0,3.0,12.0,Sổ hồng,Đầy đủ,10.726220382740312,106.69390357170496,Chưa xác định,Quận 7,Phường Tân Phong,158524.4,0,Đường Nguyễn Văn Linh,11.207366184637822,13.275647155895243,0.0,75.51697404311261,10.0,15.5
160.0,4.0,15.5,không có,Trống / Nhà thô,10.8020801397574,106.649562706864,Mặt tiền,Quận Tân Bình,Phường 12,252802.3,1,Đường Cộng Hòa,2.1049808486710764,0.0,19.24298157097463,0.24180950885336092,12.0,53.0
40.0,4.0,7.0,Sổ hồng,Đầy đủ,10.7571571696365,106.703238029013,Chưa xác định,Quận 4,Phường 4,40.3,0,Unknown,0.19851116625310172,0.0,0.0,99.75186104218363,7.0,8.2
80.0,2.0,6.0,Sổ hồng,Đầy đủ,10.7619159051642,106.613613182467,Chưa xác định,Quận Bình Tân,Phường Bình Trị Đông,107.3,0,Đường Chiến Lược,39.34762348555452,0.0,0.0,60.64305684995339,6.0,6.7
77.0,6.0,13.9,Sổ đỏ,Trống / Nhà thô,10.7601657089246,106.688367307124,Mặt tiền,Quận 1,Phường Nguyễn Cư Trinh,4746.0,1,Đường Trần Hưng Đạo,89.63737884534346,1.7951959544879899,0.0,8.568057311420144,9.0,32.0
37.0,4.0,3.0,Sổ hồng,Đầy đủ,10.8483159715024,106.648018452302,Chưa xác định,Quận Gò Vấp,Phường 14,1127.3,0,Đường Phạm Văn Chiêu,12.536148318992282,0.0,4.610130400070966,82.85017297968598,7.0,5.65
38.0,2.0,3.0,Sổ hồng,Đầy đủ,10.7436637533669,106.684627811567,Chưa xác định,Quận 8,Phường 3,70.2,0,Đường Âu Dương Lân,0.0,0.0,0.0,99.92877492877493,4.0,4.68
108.0,5.0,8.0,Sổ hồng,Đầy đủ,10.8298466789126,106.578771585131,Chưa xác định,Huyện Bình Chánh,Xã Vĩnh Lộc A,,0,Đường Thới Hòa,,,,,13.0,7.5
100.0,4.0,20.0,Sổ hồng,Trống / Nhà thô,10.7921878248166,106.691304424336,Mặt tiền,Quận 1,Phường Tân Định,666.6,0,Đường Trần Quang Khải,98.73837383738375,0.0,0.0,1.2586258625862587,7.0,52.0
90.0,4.0,3.5,không có,Trống / Nhà thô,10.8257522165714,106.68995896195,Hẻm ô tô,Quận Gò Vấp,Phường 5,86.2,0,Đường Phan Văn Trị,26.055684454756378,0.0,0.0,73.9907192575406,10.0,8.8
54.0,4.0,12.0,Sổ hồng,Trống / Nhà thô,10.8232976307181,106.704498982494,Mặt tiền,Quận Bình Thạnh,Phường 13,974.8,0,Đường Phạm Văn Đồng,48.79154698399672,8.389413212966764,0.0,42.814936397209685,8.0,10.5
118.0,6.0,14.0,Sổ hồng,Cơ bản,10.6028078989156,106.858986373991,Mặt tiền,Huyện Cần Giờ,Xã Tam Thôn Hiệp,,0,Đường Tam Thôn Hiệp,,,,,12.0,7.8
72.0,3.0,7.0,Sổ hồng,Cơ bản,10.8695408689041,106.673778872379,Mặt tiền,Quận 12,Phường Thới An,96.1,0,Đường Tô Ngọc Vân,35.733610822060356,64.25598335067639,0.0,0.0,9.0,5.95
48.0,4.0,7.25,Sổ hồng,Trống / Nhà thô,10.7692700939212,106.697511939828,Mặt tiền,Quận 1,Phường Nguyễn Thái Bình,71.4,1,Đường Đặng Thị Nhu,0.0,0.0,100.0,0.0,8.0,37.0
198.0,2.0,12.0,Sổ hồng,Trống / Nhà thô,10.6750061298765,106.698472179435,Chưa xác định,Huyện Nhà Bè,Xã Nhơn Đức,1669.5,0,Đường Lê Văn Lương,77.08655286013777,10.598382749326145,0.0,12.314465408805033,7.0,8.8
50.0,4.0,8.0,Sổ đỏ,Trống / Nhà thô,10.8456724742463,106.71813575081,Hẻm ô tô,Thành phố Thủ Đức,Phường Hiệp Bình Phước,,0,Đường Quốc Lộ 13,,,,,9.0,7.5
61.0,3.0,20.0,Sổ hồng,Đầy đủ,10.7055295204486,106.740579826678,Chưa xác định,Quận 7,Phường Phú Mỹ,1102.2,1,Đường Chuyên Dùng 9,53.56196697514063,8.746144075485393,0.0,37.69007439666122,9.0,7.45
144.0,5.0,13.0,không có,Đầy đủ,21.0289486097874,105.852447225903,Chưa xác định,Quận 9,Phường Long Bình,,1,Đường Nguyễn Xiển,,,,,16.0,22.5
50.0,3.0,5.5,Sổ hồng,Đầy đủ,10.8352275121363,106.753737967108,Chưa xác định,Thành phố Thủ Đức,Phường Trường Thọ,,1,Đường Số 2,,,,,7.0,7.3
56.0,4.0,8.0,Sổ hồng,Trống / Nhà thô,10.799632247981,106.619348400801,Hẻm ô tô,Quận Tân Phú,Phường Tân Quý,796.3,0,Đường Tân Kỳ Tân Quý,49.07949265352254,50.92301896270251,0.0,0.0,13.0,9.3
65.0,3.0,6.0,Sổ hồng,Trống / Nhà thô,10.7613740551978,106.660661278862,Chưa xác định,Quận Tân Bình,Phường 9,2476.6,0,Phố Lý Thường Kiệt,76.57029798917873,23.430913348946135,0.0,0.0,8.0,9.4
107.0,5.0,8.0,Sổ hồng,Trống / Nhà thô,10.77383652357,106.682959026655,Hẻm ô tô,Quận 3,Phường 4,464.4,0,Đường Vườn Chuối,52.79500430663222,0.0,47.20499569336779,0.0,17.0,25.0
60.0,5.0,8.0,Sổ hồng,Trống / Nhà thô,10.7766526013749,106.781908763594,Chưa xác định,Quận 2,Phường Cát Lái,,1,Unknown,,,,,11.0,8.7
60.0,4.0,4.0,Sổ hồng,Trống / Nhà thô,10.8215961641782,106.654778931545,Mặt tiền,Quận Tân Bình,Phường 15,,0,Đường Nguyễn Sỹ Sách,,,,,8.0,5.9
91.0,4.0,12.65,Sổ hồng,Đầy đủ,10.7971308808599,106.679429419041,Chưa xác định,Quận Phú Nhuận,Phường 15,41.5,1,Đường Nguyễn Trọng Tuyển,18.55421686746988,0.0,0.0,81.49397590361446,9.0,11.5
80.0,2.0,6.0,Sổ hồng,Đầy đủ,10.7447846731698,106.715874823047,Chưa xác định,Quận 7,Phường Tân Hưng,2210.0,0,Đường Lâm Văn Bền,97.33257918552037,0.0,0.0,2.6665158371040723,5.0,8.6
46.0,4.0,3.0,Sổ hồng,Đầy đủ,10.822602189521,106.632231250405,Hẻm ô tô,Quận Tân Bình,Phường 15,401.1,0,Đường Tân Trụ,98.36948391922213,0.0,0.0,1.6330092246322612,9.0,6.88
100.0,2.0,6.0,Sổ hồng,Trống / Nhà thô,10.8099992736085,106.689368626944,Mặt tiền,Quận Bình Thạnh,Phường 5,271.5,0,Đường Nguyễn Văn Đậu,9.462246777163905,0.0,0.0,90.5340699815838,5.0,13.5
74.0,5.0,10.0,Sổ hồng,Trống / Nhà thô,10.8298219827463,106.702496544222,Chưa xác định,Quận Bình Thạnh,Phường 13,1992.8,1,Đường Đặng Thùy Trâm,2.480931352870333,0.0,0.0,97.51957045363308,10.0,12.5
90.0,3.0,12.0,Sổ hồng,Trống / Nhà thô,10.804539,106.790825,Mặt tiền,Quận 9,Phường Phước Long B,,1,Đường Liên Phường,,,,,10.0,16.7
49.0,2.0,6.0,Sổ hồng,Trống / Nhà thô,10.7437170940951,106.684631693165,Mặt tiền,Quận 8,Phường 3,23.9,0,Đường Âu Dương Lân,0.0,0.0,0.0,100.0,4.0,6.9
169.0,2.0,25.0,Sổ hồng,Đầy đủ,10.813503730413313,106.7845008348083,Chưa xác định,Quận 9,Phường Phước Long B,,0,Đường Đỗ Xuân Hợp,,,,,6.0,23.5
49.0,4.0,5.1,Sổ hồng,Trống / Nhà thô,10.797809176627,106.689199176688,Chưa xác định,Quận Phú Nhuận,Phường 2,,1,Đường Hoa Lan,,,,,7.0,16.0
162.0,4.0,8.3,không có,Trống / Nhà thô,10.796756526263,106.665483982435,Chưa xác định,Quận Tân Bình,Phường 2,446.8,1,Đường Lê Văn Sỹ,33.94583706356312,0.0,0.0,66.0519247985676,17.0,31.0
33.0,2.0,8.0,Sổ hồng,Trống / Nhà thô,10.7651302850905,106.616026987995,Mặt tiền,Quận Bình Tân,Phường Bình Trị Đông,53.9,0,Đường Hương lộ 2,0.0,0.0,0.0,100.0,4.0,4.2
90.0,4.0,12.0,Sổ hồng,Đầy đủ,10.7079728597894,106.734817659228,Chưa xác định,Quận 7,Phường Phú Mỹ,672.5,0,Unknown,46.466914498141264,0.0,0.0,53.533085501858736,9.0,18.6
175.0,3.0,20.0,Sổ hồng,Trống / Nhà thô,10.8710272997783,106.637234906314,Mặt tiền,Quận 12,Phường Hiệp Thành,1987.2,0,Đường Dương Thị Mười,36.09601449275362,63.90197262479871,0.0,0.0,11.0,16.7
52.0,4.0,7.0,Sổ hồng,Trống / Nhà thô,10.8796236104576,106.660833990075,Chưa xác định,Quận 12,Phường Thới An,1406.2,0,Đường Thạnh Xuân 25,28.610439482292705,0.0,71.38884938131133,0.0,9.0,6.3
490.0,2.0,17.7,không có,Trống / Nhà thô,10.8057082323929,106.74973226419,Chưa xác định,Quận 2,Phường An Phú,,1,Đường Giang Văn Minh,,,,,15.0,150.0
100.0,3.0,30.0,Sổ hồng,Đầy đủ,21.02894860978742,105.85244722590336,Chưa xác định,Quận 9,Phường Trường Thạnh,,0,Đường Nguyễn Duy Trinh,,,,,8.0,8.5
6.0,3.0,3.0,Sổ hồng,Đầy đủ,10.8193625533972,106.702385622116,Mặt tiền,Quận Bình Thạnh,Phường 13,1911.6,0,Đường Nơ Trang Long,95.7951454279138,0.0,0.0,4.203285206110065,3.0,1.98
61.0,4.0,8.0,Sổ hồng,Cơ bản,10.7265759170098,106.733601385881,Chưa xác định,Quận 7,Phường Phú Thuận,1889.4,0,Đường Huỳnh Tấn Phát,70.85000529268551,0.0,0.0,29.14999470731449,9.0,9.2
2.056,7.0,30.0,Sổ hồng,Trống / Nhà thô,10.7760785505203,106.612264081208,Chưa xác định,Quận Bình Tân,Phường Bình Trị Đông,473.9,0,Đường Lê Văn Quới,21.694450305971724,0.0,0.0,78.31399029331084,2.0,280.0
71.0,6.0,20.0,Sổ hồng,Trống / Nhà thô,10.7621601514631,106.670544677061,Mặt tiền,Quận 10,Phường 3,2135.0,0,Đường Ngô Gia Tự,92.84215456674474,0.36721311475409835,0.0,6.781264637002342,17.0,26.5
100.0,3.0,8.0,Sổ hồng,Đầy đủ,10.82310149069184,106.71985085549272,Chưa xác định,Thành phố Thủ Đức,Phường Hiệp Bình Chánh,,0,Đường 18,,,,,8.0,11.0
80.0,4.0,12.0,Sổ hồng,Cơ bản,10.8041527464998,106.717083962428,Mặt tiền,Quận Bình Thạnh,Phường 25,1557.9,0,Đường D3,61.30752936645484,38.691828743821816,0.0,0.0,14.0,20.0
140.0,3.0,12.0,Sổ hồng,Đầy đủ,10.70401,106.7127,Chưa xác định,Huyện Nhà Bè,Xã Phước Kiển,43635.6,0,Đường Nguyễn Hữu Thọ,0.052273831458717196,5.2599482990952335,0.0,1.368034357267919,9.0,17.0
76.0,4.0,24.0,Sổ hồng,Trống / Nhà thô,10.7591580922517,106.687578296492,Mặt tiền,Quận 1,Phường Cầu Kho,5525.2,0,Đường Trần Hưng Đạo,92.2766596684283,0.10189676391804822,0.0,7.62053862303627,11.0,38.0
103.0,2.0,4.0,Sổ hồng,Trống / Nhà thô,10.6490119674495,106.625594479091,Mặt tiền,Huyện Bình Chánh,Xã Hưng Long,,0,Đường Đoàn Nguyễn Tuấn,,,,,5.0,3.5
56.0,5.0,8.0,Sổ hồng,Trống / Nhà thô,10.865471604094,106.68678717587,Chưa xác định,Quận 12,Phường Thạnh Lộc,4440.6,0,Đường Thạnh Lộc 15,10.782326712606404,0.0,0.0,89.21857406656758,10.0,6.7
61.0,3.0,20.0,Sổ đỏ,Trống / Nhà thô,10.7888997110603,106.698814597615,Mặt tiền,Quận 1,Phường Đa Kao,436.0,0,Đường Đinh Tiên Hoàng,16.15137614678899,0.0,83.85550458715598,0.0,9.0,10.9
80.0,3.0,12.0,Sổ hồng,Trống / Nhà thô,10.6945118300093,106.640155925306,Chưa xác định,Huyện Bình Chánh,Xã Phong Phú,,0,Đường Tân Liêm,,,,,9.0,5.5
55.0,4.0,6.75,Sổ hồng,Đầy đủ,10.829090124222596,106.67090333998205,Chưa xác định,Quận Gò Vấp,Phường 10,27.8,1,Đường Quang Trung,0.0,0.0,0.0,99.96402877697841,9.0,6.7
140.0,1.0,6.0,Sổ hồng,Cơ bản,10.8503436037868,106.765893354257,Chưa xác định,Thành phố Thủ Đức,Phường Bình Thọ,,0,Đường Võ Văn Ngân,,,,,4.0,9.2
125.0,4.0,30.0,Sổ hồng,Trống / Nhà thô,10.7035736686886,106.703689781342,Chưa xác định,Huyện Nhà Bè,Xã Phước Kiển,4800.1,1,Đường Lê Văn Lương,18.2681610799775,0.0,1.6522572446407364,0.0,14.0,5.1
40.0,5.0,6.0,Sổ hồng,Đầy đủ,10.8108406639983,106.70186243186,Chưa xác định,Quận Bình Thạnh,Phường 12,1412.5,0,Đường Chu Văn An,17.998584070796458,0.0,0.0,80.61309734513274,8.0,8.7
133.0,4.0,5.9,Sổ đỏ,Trống / Nhà thô,10.7787072350501,106.654559216834,Mặt tiền,Quận Tân Bình,Phường 9,538.7,1,Đường Tân Trang,98.82494895117875,0.0,1.1676257657323184,0.0,16.0,23.9
90.0,2.0,12.0,Sổ hồng,Trống / Nhà thô,10.8119322810745,106.692572748081,Mặt tiền,Quận Bình Thạnh,Phường 11,890.6,0,Đường Nguyễn Văn Đậu,30.992589265663597,0.0,0.0,69.00628789580058,4.0,15.4
52.0,2.0,4.333333333333334,Sổ đỏ,Đầy đủ,10.8653364289795,106.686387425047,Hẻm ô tô,Quận 12,Phường Thạnh Lộc,9988.0,1,Đường Thạnh Lộc 15,66.42000400480576,28.586804164997996,0.0,4.99299158990789,6.0,4.38
72.0,4.0,4.0,Sổ hồng,Đầy đủ,10.7991612272244,106.693645401918,Chưa xác định,Quận Bình Thạnh,Phường 1,183.7,0,Phố Vạn Kiếp,21.823625476320093,0.0,0.0,78.16004354926511,8.0,9.0
74.0,4.0,12.0,Sổ hồng,Đầy đủ,10.7797851765505,106.770257808329,Mặt tiền,Quận 2,Phường Cát Lái,,0,Đường Số 28,,,,,7.0,10.6
60.0,2.0,4.0,Sổ hồng,Cơ bản,10.7941687018047,106.70540424859,Chưa xác định,Quận Bình Thạnh,Phường 17,306.4,1,Đường Phan Văn Hân,49.990208877284594,0.0,0.0,50.022845953002616,7.0,6.55
220.0,4.0,16.0,Sổ hồng,Đầy đủ,10.740684372115,106.698618129968,Chưa xác định,Quận 7,Phường Tân Hưng,498563.61,0,Đường Nguyễn Thị Thập,95.4990898754123,0.0,0.11544564995427567,4.385462468871324,12.0,51.99
40.0,4.0,4.3,Sổ hồng,Đầy đủ,10.7890396740683,106.698909482339,Mặt tiền,Quận 1,Phường Đa Kao,1817.9,1,Đường Đinh Tiên Hoàng,93.39402607404146,0.0,6.6065240112217385,0.0,16.0,18.5
90.0,2.0,6.0,Sổ hồng,Cơ bản,10.8067562544074,106.718707477269,Chưa xác định,Quận Bình Thạnh,Phường 25,542.1,0,Đường Ung Văn Khiêm,0.19553587898911642,0.0,0.0,99.81184283342557,6.0,12.89
25.0,3.0,3.0,Sổ hồng,Đầy đủ,10.7624423046765,106.643009748438,Mặt tiền,Quận 11,Phường 10,65.1,0,Unknown,10.798771121351768,0.0,0.0,89.15514592933948,7.0,5.68
40.0,3.0,6.0,Sổ đỏ,Trống / Nhà thô,10.8893232591721,106.683642292646,Chưa xác định,Quận 12,Phường Thạnh Xuân,836.8,1,Đường Thạnh Xuân 43,15.149378585086042,30.08604206500956,0.0,54.76935946462716,5.0,4.69
62.0,3.0,5.0,Sổ hồng,Cơ bản,10.8377781248536,106.636607112014,Mặt tiền,Quận Gò Vấp,Phường 12,60.8,0,Đường Phan Huy Ích,61.809210526315795,0.0,0.0,38.19078947368421,7.0,6.8
87.0,3.0,9.0,Sổ hồng,Trống / Nhà thô,10.8589693581558,106.767886592447,Mặt tiền,Thành phố Thủ Đức,Phường Linh Trung,,0,Đường Số 7,,,,,7.0,8.0
74.0,2.0,7.0,Sổ hồng,Đầy đủ,10.8288775579152,106.689227372923,Hẻm ô tô,Quận Gò Vấp,Phường 5,35587.4,0,Đường Dương Quảng Hàm,9.209664094595277,0.0,90.73871651202391,0.05161939338080331,5.0,9.0
45.0,3.0,4.316666666666667,Sổ hồng,Đầy đủ,10.8423813988474,106.642591890513,Chưa xác định,Quận Gò Vấp,Phường 14,198.9,1,Đường Quang Trung,12.378079436902967,0.0,0.0,87.6068376068376,6.0,5.65
55.0,2.0,4.6000000000000005,Sổ đỏ,Đầy đủ,10.8057857524285,106.682393591102,Hẻm ô tô,Quận Phú Nhuận,Phường 5,996.1,1,Đường Thích Quảng Đức,8.027306495331793,91.96867784359,0.0,0.0,5.0,9.5
305.0,3.0,18.9,Sổ hồng,Trống / Nhà thô,21.02894860978742,105.85244722590336,Mặt tiền,Quận 2,Phường Bình Trưng Đông,,1,Đường Võ Chí Công,,,,,9.0,83.3
98.0,4.0,5.0,Sổ hồng,Trống / Nhà thô,10.8287096336828,106.689005708297,Hẻm ô tô,Quận Gò Vấp,Phường 5,35587.4,0,Đường Dương Quảng Hàm,9.209664094595277,0.0,90.73871651202391,0.05161939338080331,9.0,9.9
390.0,4.0,9.0,Sổ hồng,Đầy đủ,10.7856924367509,106.764719537261,Chưa xác định,Quận 2,Phường Bình Trưng Tây,,0,Đường Nguyễn Tuyển,,,,,43.0,42.0
70.0,4.0,8.0,Sổ hồng,Cơ bản,10.7662856305597,106.683027121958,Chưa xác định,Quận Bình Thạnh,Phường 19,1877.5,0,Đường Phạm Viết Chánh,96.83302263648469,0.0,0.0,3.1675099866844207,12.0,26.68
82.0,4.0,18.0,Sổ hồng,Đầy đủ,10.7475945050343,106.715806710863,Hẻm ô tô,Quận 7,Phường Tân Kiểng,4368.0,0,Đường Lâm Văn Bền,94.49793956043956,0.5663919413919414,0.0,4.934752747252748,9.0,12.3
49.0,4.0,5.0,Sổ hồng,Trống / Nhà thô,10.7520556442012,106.662012944289,Mặt tiền,Quận 5,Phường 11,1296.4,0,Đường Trần Hưng Đạo,84.54257945078679,1.7378895402653503,0.0,13.721845109534092,8.0,10.8
99.0,2.0,8.0,Sổ hồng,Đầy đủ,10.845280361826758,106.71573909076322,Mặt tiền,Thành phố Thủ Đức,Phường Hiệp Bình Chánh,,0,Đường Số 9,,,,,5.0,7.6
80.0,4.0,8.0,Sổ hồng,Đầy đủ,10.8115839793572,106.70906295319,Chưa xác định,Quận Bình Thạnh,Phường 26,2167.8,0,Đường Đinh Bộ Lĩnh,90.01522280653195,0.0,0.0,9.982470707629854,8.0,12.7
24.0,2.0,6.45,Sổ hồng,Trống / Nhà thô,10.7933324402385,106.619883803842,Mặt tiền,Quận Tân Phú,Phường Tân Quý,122.6,1,Đường Đô Đốc Lộc,6.068515497553018,0.0,0.0,93.89070146818923,3.0,3.5
90.0,4.0,8.0,Sổ hồng,Đầy đủ,10.8113865401573,106.610543510236,Hẻm ô tô,Quận Tân Phú,Phường Sơn Kỳ,1105.5,0,Đường Lê Trọng Tấn,43.54590682948892,0.0,0.0,56.44957033016734,9.0,8.0
53.0,4.0,5.757142857142858,Sổ hồng,Trống / Nhà thô,10.772360022471,106.684432692155,Chưa xác định,Quận 3,Phường 5,40.5,1,Đường Nguyễn Đình Chiểu,0.0,0.0,100.0,0.0,8.0,10.0
74.0,2.0,8.666666666666668,Sổ hồng,Trống / Nhà thô,10.7692105519491,106.674926097187,Chưa xác định,Quận 10,Phường 10,52.0,1,Đường Điện Biên Phủ,0.0,0.0,0.0,100.0,5.0,9.4
54.0,5.0,8.0,Sổ hồng,Đầy đủ,10.7875746821404,106.662608909853,Mặt tiền,Quận Tân Bình,Phường 6,104.9,1,Đường Cách Mạng Tháng Tám,0.0,0.0,0.0,99.96186844613918,9.0,7.49
187.0,4.0,40.0,Sổ hồng,Trống / Nhà thô,10.776352426973,106.758594783098,Chưa xác định,Quận 2,Phường Thạnh Mỹ Lợi,,0,Đường Số 65A,,,,,10.0,48.0
31.0,3.0,13.4,Sổ hồng,Cơ bản,10.8304811093143,106.633136442433,Mặt tiền,Quận Tân Bình,Phường 15,3821.9,1,Đường Phan Huy Ích,99.59653575446768,0.40477249535571314,0.0,0.0,9.0,5.4
80.0,4.0,8.1875,Sổ hồng,Đầy đủ,10.8113554327728,106.701957610647,Chưa xác định,Quận Bình Thạnh,Phường 19,,1,Đường Xô Viết Nghệ Tĩnh,,,,,9.0,7.85
160.0,3.0,12.0,Sổ hồng,Trống / Nhà thô,10.7966103605329,106.791903413609,Mặt tiền,Quận 9,Phường Phú Hữu,,0,Đường Võ Chí Công,,,,,12.0,13.5
50.0,4.0,6.0,Sổ đỏ,Trống / Nhà thô,10.8381681439135,106.637034278493,Chưa xác định,Quận Gò Vấp,Phường 14,740.6,1,Đường Phan Huy Ích,15.640021604104778,0.0,0.0,84.36537942209019,8.0,7.75
78.0,4.0,40.0,Sổ hồng,Trống / Nhà thô,10.7364371962384,106.671449808728,Mặt tiền,Quận 8,Phường 5,2509.0,0,Đường Phạm Hùng,72.41689916301316,3.216420884814667,0.0,24.36667995217218,14.0,21.0
49.0,2.0,2.0,Sổ hồng,Đầy đủ,10.7582332283249,106.706613035098,Hẻm xe máy,Quận 4,Phường 8,1399.4,0,Đường Tôn Đản,47.60754609118194,44.998570816064024,0.0,7.394597684722023,5.0,4.8
162.0,4.0,8.3,không có,Trống / Nhà thô,10.7982736077226,106.666068354944,Chưa xác định,Quận Tân Bình,Phường 2,176.1,1,Đường Nguyễn Trọng Tuyển,1.6638273708120388,0.0,0.0,98.31913685406019,17.0,31.0
26.0,3.0,2.0,Sổ hồng,Đầy đủ,10.7582373205293,106.706312837783,Mặt tiền,Quận 4,Phường 8,63.5,0,Đường Tôn Đản,0.0,0.0,0.0,100.0,5.0,3.15
45.0,2.0,7.0,Sổ hồng,Trống / Nhà thô,10.7324391057387,106.616150387862,Mặt tiền,Quận Bình Tân,Phường An Lạc,211.5,0,Đường Bùi Tư Toàn,18.95981087470449,0.0,0.0,81.02127659574468,3.0,4.6
670.0,1.0,30.0,Sổ hồng,Đầy đủ,10.7441672603196,106.630592504246,Mặt tiền,Quận 6,Phường 11,12056.0,0,Đường Bình Phú,62.648639681486394,16.02455209024552,0.0,21.327140013271396,2.0,115.0
25.0,2.0,4.0,Sổ hồng,Cơ bản,10.6929607232934,106.740916767755,Chưa xác định,Huyện Nhà Bè,Thị trấn Nhà Bè,108.7,0,Đường Huỳnh Tấn Phát,15.280588776448942,0.0,0.0,84.68261269549218,4.0,1.5
42.0,3.0,13.05,không có,Trống / Nhà thô,10.771989953317,106.669281929842,Chưa xác định,Quận 10,Phường 12,240.0,1,Đường Sư Vạn Hạnh,24.616666666666667,0.0,0.0,75.4875,8.0,11.5
145.0,7.0,11.8,Sổ hồng,Đầy đủ,10.8086870976286,106.699531850057,Mặt tiền,Quận Bình Thạnh,Phường 14,49.2,1,Đường Ngô Đức Kế,31.341463414634145,0.0,0.0,68.63821138211382,44.0,34.0
60.0,5.0,8.0,Sổ hồng,Cơ bản,10.7473543150005,106.699225784596,Mặt tiền,Quận 7,Phường Tân Hưng,498563.61,0,Đường Kiều Đàm,95.4990898754123,0.0,0.11544564995427567,4.385462468871324,8.0,13.0
92.0,4.0,10.0,Sổ hồng,Trống / Nhà thô,10.7693677627841,106.690553580204,Hẻm ô tô,Quận 1,Phường Bến Thành,2516.2,0,Đường Nguyễn Trãi,94.08870519036643,0.0,5.91010253556951,0.0,11.0,25.5
47.0,4.0,5.4,Sổ hồng,Trống / Nhà thô,10.7854629749077,106.766582356714,Mặt tiền,Quận 2,Phường Bình Trưng Tây,,1,Unknown,,,,,7.0,6.6
110.0,3.0,8.0,Sổ hồng,Cao cấp,10.692855215052,106.740839080049,Mặt tiền,Huyện Nhà Bè,Thị trấn Nhà Bè,3078.9,0,Đường Huỳnh Tấn Phát,90.07047971678196,0.0,0.0,9.929195491896458,9.0,13.8
58.0,4.0,3.0,Sổ hồng,Đầy đủ,10.7313192454088,106.745015382473,Hẻm xe máy,Quận 7,Phường Phú Thuận,24991.8,0,Đường Huỳnh Tấn Phát,8.863067086004211,0.0,91.13689290087149,0.0,9.0,7.7
943.0,1.0,8.0,Sổ hồng,Trống / Nhà thô,10.8741828143208,106.598771363497,Mặt tiền,Huyện Hóc Môn,Xã Tân Xuân,1609.2,0,Unknown,78.99639572458365,13.042505592841163,0.0,7.9610986825751935,7.0,22.0
21.0,2.0,5.0,Sổ hồng,Trống / Nhà thô,10.75435717413,106.651870089897,Chưa xác định,Quận 5,Phường 15,21.2,0,Đường Võ Trường Toản,62.54716981132076,0.0,0.0,37.54716981132076,4.0,3.72
92.0,4.0,8.0,Sổ hồng,Đầy đủ,10.8079060482868,106.702922333341,Hẻm ô tô,Quận Bình Thạnh,Phường 24,103.8,0,Đường Bùi Đình Túy,6.184971098265897,0.0,0.0,93.83429672447015,6.0,19.8
280.0,3.0,12.0,không có,Trống / Nhà thô,10.7771240494986,106.787529422361,Mặt tiền,Quận 2,Phường Bình Trưng Đông,,0,Đường Võ Chí Công,,,,,8.0,75.0
54.0,5.0,8.0,Sổ hồng,Đầy đủ,10.8686424453017,106.643601671895,Hẻm ô tô,Quận 12,Phường Tân Thới Hiệp,13516.5,1,Đường Nguyễn Thị Kiểu,9.877779010838605,88.90075093404359,0.0,1.2216920060666592,9.0,7.75
324.0,3.0,16.0,Sổ hồng,Trống / Nhà thô,10.7045535593773,106.712931038592,Chưa xác định,Huyện Nhà Bè,Xã Phước Kiển,16683.4,0,Đường Nguyễn Hữu Thọ,4.819701020175744,37.995372645863554,0.0,57.18516609324238,9.0,50.0
26.0,2.0,6.0,Sổ hồng,Trống / Nhà thô,10.7929570022209,106.641249108311,Hẻm ô tô,Quận Tân Bình,Phường 14,1508.2,0,Đường Trường Chinh,92.91804800424347,7.081288953719665,0.0,0.0,4.0,5.6
106.0,5.0,8.0,Sổ hồng,Đầy đủ,10.7695936903314,106.675930864993,Chưa xác định,Quận 3,Phường 1,1771.2,0,Đường Điện Biên Phủ,49.28297199638663,0.0,0.6041102077687442,50.1123532068654,38.0,31.9
99.0,3.0,7.6,Sổ hồng,Trống / Nhà thô,10.806083912138,106.690506515333,Chưa xác định,Quận Bình Thạnh,Phường 7,668.9,1,Đường Hoàng Hoa Thám,79.57542233517717,0.0,0.0,20.421587681267752,6.0,9.97
160.0,5.0,16.4,Sổ hồng,Trống / Nhà thô,10.8015438771867,106.649533969514,Chưa xác định,Quận Tân Bình,Phường 12,2629.6,1,Đường Cộng Hòa,75.95261636750837,9.068299361119562,0.0,14.97984484332218,40.0,53.0
114.0,1.0,8.0,Sổ hồng,Trống / Nhà thô,10.8703149514718,106.729341375736,Mặt tiền,Thành phố Thủ Đức,Phường Tam Bình,,0,Đường D,,,,,2.0,16.0
51.0,3.0,6.0,Sổ hồng,Đầy đủ,10.8379963063291,106.63660566091,Hẻm ô tô,Quận Gò Vấp,Phường 12,1849.6,0,Đường Phan Huy Ích,97.26589532871974,0.0,0.0,2.734645328719723,8.0,6.5
96.0,4.0,20.0,Sổ đỏ,Đầy đủ,10.69145270272812,106.7217124852213,Chưa xác định,Huyện Nhà Bè,Xã Phước Kiển,124636.3,0,Đường Nguyễn Hữu Thọ,6.473475223510326,13.61510250224052,0.0,12.825870151793659,9.0,12.0
88.0,3.0,6.0,Sổ hồng,Trống / Nhà thô,10.810849678258,106.701558657145,Hẻm ô tô,Quận Bình Thạnh,Phường 12,78.2,0,Đường Chu Văn An,76.52173913043478,0.0,0.0,23.542199488491047,7.0,11.5
30.0,4.0,4.8,Sổ hồng,Đầy đủ,10.7954394588923,106.679817856192,Mặt tiền,Quận Phú Nhuận,Phường 15,59.2,1,Đường Duy Tân,22.719594594594593,0.0,0.0,77.36486486486486,8.0,6.0
100.0,3.0,8.0,Sổ hồng,Đầy đủ,10.766653990181,106.59997649827,Chưa xác định,Quận Bình Tân,Phường Bình Trị Đông A,1384.4,0,Đường Hương lộ 2,48.6275642877781,0.0,0.0,51.37532505056341,8.0,7.88
50.0,4.0,6.0,không có,Trống / Nhà thô,10.87904,106.5525,Chưa xác định,Huyện Hóc Môn,Xã Xuân Thới Sơn,34049.8,1,Unknown,0.0,10.637712996845796,89.36234574065045,0.0,8.0,5.5
22.0,4.0,5.0,Sổ hồng,Đầy đủ,10.7916155569149,106.694246589725,Mặt tiền,Quận 1,Phường Tân Định,100.8,1,Đường Nguyễn Phi Khanh,0.0,0.0,0.0,99.99007936507938,5.0,10.0
51.0,4.0,6.0,Sổ hồng,Đầy đủ,10.8502566186693,106.695283480353,Hẻm ô tô,Quận 12,Phường An Phú Đông,13438.3,0,Đường Thạnh Lộc 19,8.11769345824993,0.0,0.0,91.88193447087801,8.0,6.09
180.0,2.0,30.0,Sổ hồng,Trống / Nhà thô,10.787559248576,106.764501497576,Chưa xác định,Quận 2,Phường Bình Trưng Tây,,0,Đường Nguyễn Duy Trinh,,,,,2.0,39.6
76.0,4.0,6.0,Sổ hồng,Đầy đủ,10.7696698475663,106.68885928333,Mặt tiền,Quận 1,Phường Phạm Ngũ Lão,2700.3,0,Đường Tôn Thất Tùng,93.12372699329703,2.520460689553013,4.35433100025923,0.0,14.0,25.99
190.0,2.0,12.0,Sổ hồng,Cơ bản,10.7523461767923,106.616949792862,Mặt tiền,Quận Bình Tân,Phường Bình Trị Đông B,,0,Đường Số 19A,,,,,8.0,21.5
80.0,2.0,12.0,Sổ hồng,Đầy đủ,10.7402413867901,106.715796616382,Chưa xác định,Quận 7,Phường Bình Thuận,131.5,0,Đường Số 53,7.384030418250951,0.0,0.0,92.61596958174906,5.0,9.9
52.0,4.0,5.142857142857144,Sổ hồng,Trống / Nhà thô,10.860831035930383,106.78783683253076,Chưa xác định,Thành phố Thủ Đức,Phường Linh Trung,,1,Đường Số 17,,,,,8.0,4.9
97.0,2.0,3.0,Sổ hồng,Đầy đủ,10.8472893782321,106.747067869632,Chưa xác định,Thành phố Thủ Đức,Phường Linh Đông,,1,Đường Số 22,,,,,4.0,6.9
50.0,2.0,10.7,Sổ hồng,Trống / Nhà thô,10.8787804587565,106.775092979451,Chưa xác định,Thành phố Thủ Đức,Phường Linh Xuân,,1,Đường Quốc lộ 1K,,,,,8.0,3.65
52.0,4.0,10.666666666666668,Sổ đỏ,Trống / Nhà thô,10.7931536530769,106.676831615197,Chưa xác định,Quận Phú Nhuận,Phường 11,638.9,1,Đường Hồ Biểu Chánh,12.252308655501643,0.0,0.0,87.74299577398654,9.0,11.7
58.0,4.0,3.0,Sổ hồng,Đầy đủ,10.7261940876045,106.73338564985,Hẻm xe máy,Quận 7,Phường Phú Thuận,134.9,0,Đường Huỳnh Tấn Phát,0.0,0.0,0.0,99.9925871015567,9.0,7.7
42.0,2.0,4.0,Sổ hồng,Trống / Nhà thô,10.7899933418536,106.686513461941,Hẻm ô tô,Quận 3,Phường Võ Thị Sáu,91.5,0,Đường Huỳnh Tịnh Của,32.721311475409834,1.7814207650273222,0.0,65.46448087431695,4.0,5.8
107.0,4.0,9.25,không có,Trống / Nhà thô,10.7737906750866,106.683013416113,Hẻm ô tô,Quận 3,Phường 4,26.0,1,Đường Vườn Chuối,12.000000000000002,0.0,88.15384615384616,0.0,14.0,26.0
50.0,4.0,7.0,Sổ hồng,Đầy đủ,10.7935641305551,106.82207012453,Hẻm ô tô,Thành phố Thủ Đức,Phường Long Trường,,0,Đường Lã Xuân Oai,,,,,8.0,5.79
115.0,2.0,7.0,Sổ hồng,Trống / Nhà thô,10.6849499627066,106.750284840048,Mặt tiền,Huyện Nhà Bè,Thị trấn Nhà Bè,,0,Đường Đào Tông Nguyên,,,,,7.0,6.4
28.0,4.0,4.0,Sổ hồng,Cơ bản,10.7610761473037,106.660213097833,Mặt tiền,Quận Tân Bình,Phường 9,987.6,0,Phố Lý Thường Kiệt,57.856419603078166,42.13953017415958,0.0,0.0,8.0,5.5
60.0,4.0,5.0,Sổ hồng,Đầy đủ,10.8193238179776,106.702486515769,Hẻm ô tô,Quận Bình Thạnh,Phường 13,144.2,0,Đường Nơ Trang Long,20.32593619972261,0.0,0.0,79.65325936199723,8.0,8.5
65.0,4.0,5.24,không có,Cơ bản,10.8357771044964,106.66102958067,Mặt tiền,Quận Gò Vấp,Phường 11,1174.2,1,Đường Quang Trung,93.27456991994549,0.0,6.722875149037642,0.0,7.0,7.5
48.0,2.0,5.533333333333333,Sổ hồng,Trống / Nhà thô,10.7382041649123,106.722538102554,Hẻm ô tô,Quận 7,Phường Bình Thuận,16535.6,1,Đường Nguyễn Thị Thập,77.13248990057815,20.31290065071724,0.0,0.47255618181378367,8.0,4.2
65.0,3.0,7.0,Sổ hồng,Trống / Nhà thô,10.7766629696863,106.652052528165,Chưa xác định,Quận Tân Bình,Phường 9,93.3,1,Unknown,0.43944265809217575,0.0,99.53912111468382,0.0,8.0,9.4
87.0,3.0,8.0,Sổ hồng,Trống / Nhà thô,10.7875953753101,106.677821713564,Mặt tiền,Quận 3,Phường 13,83.4,0,Đường Lê Văn Sỹ,25.371702637889687,0.0,0.0,74.568345323741,7.0,22.8
35.0,3.0,6.0,Sổ hồng,Đầy đủ,10.8161609078915,106.69514493613,Mặt tiền,Quận Bình Thạnh,Phường 11,837.9,0,Đường Phan Văn Trị,84.9874686716792,0.0,0.0,15.013724788160879,6.0,6.85
66.0,5.0,12.0,Sổ hồng,Trống / Nhà thô,10.7913823320993,106.694200519295,Mặt tiền,Quận 1,Phường Tân Định,94.9,0,Đường Lý Văn Phức,0.0,0.0,0.0,99.98946259220232,11.0,24.8
25.0,3.0,2.5,Sổ hồng,Trống / Nhà thô,10.7667812344443,106.692660921765,Chưa xác định,Quận 1,Phường Phạm Ngũ Lão,2417.3,1,Đường Bùi Viện,93.96144458693583,0.0,6.039382782443221,0.0,5.0,8.45
51.0,2.0,8.0,Sổ hồng,Đầy đủ,10.805731077873,106.605136402809,Hẻm ô tô,Quận Bình Tân,Phường Bình Hưng Hòa,1603.5,0,Unknown,30.215777985656377,0.0,0.0,69.78609292173373,4.0,5.55
71.0,4.0,6.0,Sổ hồng,Đầy đủ,10.8079021409583,106.678616050561,Hẻm ô tô,Quận Phú Nhuận,Phường 4,540.9,0,Đường Nguyễn Kiệm,47.01793307450545,0.0,0.0,52.98576446662969,10.0,13.8
92.0,5.0,20.0,Sổ hồng,Đầy đủ,10.6926813812342,106.741137240401,Chưa xác định,Huyện Nhà Bè,Thị trấn Nhà Bè,707.9,0,Đường Huỳnh Tấn Phát,13.446814521825118,0.0,0.0,86.55883599378443,11.0,11.8
69.0,4.0,6.0,Sổ hồng,Đầy đủ,10.7700626054842,106.688699699349,Hẻm ô tô,Quận 1,Phường Bến Thành,2618.3,0,Đường Tôn Thất Tùng,91.38219455371805,0.0,8.619715082305312,0.0,10.0,26.5
41.0,4.0,6.0,Sổ hồng,Đầy đủ,10.8061098825357,106.690706481312,Chưa xác định,Quận Bình Thạnh,Phường 7,109.4,0,Đường Hoàng Hoa Thám,28.95795246800731,0.12797074954296161,0.0,70.89579524680073,8.0,8.8
153.0,6.0,8.0,Sổ hồng,Đầy đủ,10.8215647127996,106.631356215137,Mặt tiền,Quận Tân Bình,Phường 15,809.0,0,Đường Tống Văn Hên,23.61557478368356,0.0,0.0,76.37824474660074,29.0,24.9
23.0,4.0,5.0,Sổ hồng,Đầy đủ,10.7396419649671,106.706527623334,Hẻm ô tô,Quận 7,Phường Tân Phong,366.5,0,Đường Nguyễn Thị Thập,28.120054570259214,0.0,0.0,71.87448840381992,7.0,7.5
62.0,3.0,5.0,Sổ hồng,Cơ bản,10.8713773035108,106.628844326354,Hẻm ô tô,Quận 12,Phường Tân Chánh Hiệp,,0,Đường Lâm Thị Hố,,,,,5.0,5.7
104.0,3.0,30.0,Sổ hồng,Cơ bản,10.78996249585,106.693902641182,Chưa xác định,Quận 1,Phường Tân Định,7080.8,0,Đường Võ Thị Sáu,5.801039430572817,0.0,93.8679245283019,0.3316009490453056,6.0,23.0
39.0,4.0,3.0,không có,Trống / Nhà thô,10.8026732777162,106.681713305759,Hẻm ô tô,Quận Phú Nhuận,Phường 3,1433.3,1,Đường Phan Xích Long,1.7630642573083097,98.13228214609641,0.0,0.1018628340193958,7.0,7.5
66.0,4.0,4.0,Sổ hồng,Đầy đủ,10.8634475159516,106.639009829262,Mặt tiền,Quận 12,Phường Tân Thới Hiệp,105.8,0,Đường Tân Thới Hiệp 21,53.09073724007561,0.0,0.0,46.89035916824197,7.0,6.59
66.0,4.0,17.0,Sổ hồng,Đầy đủ,10.8460896314653,106.723814286143,Hẻm ô tô,Thành phố Thủ Đức,Phường Hiệp Bình Phước,,1,Đường Hiệp Bình,,,,,8.0,10.2
81.0,5.0,6.0,Sổ đỏ,Trống / Nhà thô,10.7690488114077,106.700590894922,Mặt tiền,Quận 1,Phường Nguyễn Thái Bình,65.9,0,Đường Nguyễn Thái Bình,0.0,0.0,100.0,0.0,14.0,24.0
48.0,2.0,7.0,Sổ hồng,Trống / Nhà thô,10.7943780319211,106.669404305655,Chưa xác định,Quận Phú Nhuận,Phường 10,1337.1,0,Đường Đặng Văn Ngữ,98.77346496148381,0.0,0.0,0.33280981228030815,3.0,8.6
86.0,5.0,8.0,Sổ hồng,Đầy đủ,10.7883714816183,106.669809577957,Chưa xác định,Quận Phú Nhuận,Phường 13,3929.9,0,Đường Trường Sa,69.41321662128807,22.245858673248684,0.0,8.340924705463244,11.0,21.5
40.0,2.0,4.0,Sổ hồng,Trống / Nhà thô,10.7515968442749,106.695548817515,Chưa xác định,Quận 7,Phường Tân Hưng,498563.61,0,Phố Trần Xuân Soạn,95.4990898754123,0.0,0.11544564995427567,4.385462468871324,4.0,4.74
111.0,6.0,14.0,Sổ hồng,Trống / Nhà thô,10.7372349998088,106.718081196057,Mặt tiền,Quận 7,Phường Tân Phú,,0,Đường Số 1,,,,,11.0,32.0
288.0,5.0,12.0,Sổ hồng,Trống / Nhà thô,10.7722259701923,106.672391987965,Chưa xác định,Quận 10,Phường 12,16538.0,0,Đường Lê Hồng Phong,87.9510823557867,2.3689684363284558,9.679163139436449,0.0,12.0,154.0
40.0,4.0,4.0,Sổ hồng,Đầy đủ,10.7825296279607,106.608779271217,Hẻm ô tô,Quận Bình Tân,Phường Bình Hưng Hòa A,50.1,0,Đường Số 14,98.64271457085827,0.0,0.0,1.3572854291417167,6.0,5.5
62.0,2.0,3.0,Sổ hồng,Đầy đủ,10.7911378632568,106.624543704616,Chưa xác định,Quận Tân Phú,Phường Tân Quý,1741.8,0,Đường Số 18,15.917441726949132,84.08370651050637,0.0,0.0,4.0,5.79
122.0,3.0,5.0,Sổ hồng,Cơ bản,10.8545074387652,106.76393259711,Chưa xác định,Thành phố Thủ Đức,Phường Linh Chiểu,,0,Đường Số 19,,,,,6.0,13.2
110.0,3.0,8.0,Sổ hồng,Đầy đủ,10.7047146909984,106.734885859117,Chưa xác định,Quận 7,Phường Phú Mỹ,5429.7,1,Đường Phạm Hữu Lầu,15.374145901246846,19.687459712322966,0.0,64.93821021419231,9.0,8.9
54.0,2.0,6.666666666666666,Sổ hồng,Trống / Nhà thô,10.7585585423307,106.612849394181,Chưa xác định,Quận Bình Tân,Phường Bình Trị Đông B,1059.0,1,Đường Tỉnh Lộ 10,16.46742209631728,0.0,0.0,83.53257790368272,4.0,4.19
87.0,3.0,8.1,không có,Trống / Nhà thô,10.8459350935297,106.664388859427,Chưa xác định,Quận Gò Vấp,Phường 16,176.3,1,Đường Thống Nhất,0.0,0.0,0.0,99.99432785025523,10.0,6.64
102.0,1.0,10.0,Sổ hồng,Cơ bản,10.8001374132342,106.63061742492,Chưa xác định,Quận Tân Phú,Phường Tân Sơn Nhì,107.7,0,Đường Tân Sơn Nhì,4.883936861652739,0.0,0.0,95.0974930362117,3.0,15.5
91.0,4.0,8.0,Sổ hồng,Cơ bản,10.8135692739215,106.6897750333,Mặt tiền,Quận Bình Thạnh,Phường 11,916.7,0,Đường Lê Quang Định,96.53867132104287,0.0,0.0,3.462419548380059,9.0,16.99
90.0,4.0,12.0,Sổ hồng,Đầy đủ,10.7338230191083,106.697152947806,Chưa xác định,Quận 7,Phường Phú Mỹ,183786.4,0,Đường D6,18.66234933596828,81.33766154622975,0.0,0.0,9.0,17.9
84.0,3.0,10.0,Sổ hồng,Trống / Nhà thô,10.7847667446568,106.63643309578,Chưa xác định,Quận Tân Phú,Phường Phú Thọ Hòa,3891.9,0,Đường Lũy Bán Bích,93.77733240833525,0.4560754387317249,0.0,5.7678768724787375,5.0,9.0
116.0,3.0,5.0,Sổ hồng,Đầy đủ,10.748221887933,106.716540120542,Chưa xác định,Quận 7,Phường Tân Thuận Tây,743.6,0,Unknown,0.6952662721893491,98.67536309844002,0.0,0.6374394835933298,10.0,11.9
61.0,4.0,6.0,Sổ hồng,Trống / Nhà thô,10.766123776978,106.68345986571,Mặt tiền,Quận 1,Phường Nguyễn Cư Trinh,7166.5,0,Đường Phạm Viết Chánh,9.723993581246075,90.27600641875392,0.0,0.0,11.0,15.5
55.0,4.0,8.1,Sổ hồng,Trống / Nhà thô,10.7498183131518,106.644134961588,Mặt tiền,Quận 6,Phường 10,2616.1,1,Đường Hậu Giang,97.57386950040137,0.14716562822522075,0.0,2.2789648713734185,7.0,6.5
47.0,1.0,3.0,Sổ hồng,Trống / Nhà thô,10.792079783346,106.691889422074,Mặt tiền,Quận 1,Phường Tân Định,1256.6,0,Đường Trần Quang Khải,94.22011777813147,0.0,0.0,5.775903230940633,4.0,6.5
60.0,2.0,8.0,Sổ hồng,Trống / Nhà thô,10.7914284771677,106.685498488925,Chưa xác định,Quận 3,Phường Võ Thị Sáu,46.7,0,Đường Lý Chính Thắng,67.83725910064238,0.0,32.269807280513916,0.0,5.0,13.3
107.0,3.0,12.0,Sổ hồng,Đầy đủ,10.8482712615791,106.667552560721,Mặt tiền,Quận Gò Vấp,Phường 15,809.0,0,Đường Lê Đức Thọ,94.61433868974042,0.0,0.0,5.389369592088999,11.0,18.0
42.0,5.0,12.6,Sổ đỏ,Trống / Nhà thô,10.8047674852971,106.680204893384,Mặt tiền,Quận Phú Nhuận,Phường 4,3519.2,1,Đường Lê Tự Tài,1.4810184132757445,97.46533303023415,0.0,1.0527960900204592,9.0,13.2
105.0,3.0,18.2,Sổ hồng,Trống / Nhà thô,10.69898,106.6419,Mặt tiền,Huyện Bình Chánh,Xã Phong Phú,2857.1,1,Đường Trịnh Quang Nghị,37.63361450421757,4.150012250183752,0.0,0.0,6.0,10.5
780.0,11.0,32.0,không có,Trống / Nhà thô,10.7907921264924,106.637353940447,Mặt tiền,Quận Tân Phú,Phường Tân Thành,677.0,1,Đường Lũy Bán Bích,34.68833087149187,55.190546528803544,0.0,10.118168389955686,50.0,88.0
98.0,4.0,20.0,Sổ hồng,Đầy đủ,10.8049943500241,106.696264904267,Mặt tiền,Quận Bình Thạnh,Phường 14,25.9,0,Đường Nguyễn An Ninh,0.0,0.0,0.0,99.80694980694982,11.0,28.0
54.0,4.0,8.0,Sổ đỏ,Trống / Nhà thô,10.8786148362323,106.66892086639,Chưa xác định,Quận 12,Phường Thạnh Xuân,854.4,1,Unknown,36.61048689138577,0.0,0.0,63.390683520599254,9.0,6.38
64.0,3.0,20.0,Sổ hồng,Đầy đủ,10.7344319933194,106.657651005296,Mặt tiền,Quận 8,Phường 5,9370.4,0,Phố Tạ Quang Bửu,42.10716725006404,19.59041236233245,0.0,38.301993511482976,9.0,11.8
300.0,9.0,30.0,Sổ hồng,Đầy đủ,10.8072193885983,106.623676944883,Mặt tiền,Quận Tân Phú,Phường Tây Thạnh,1109.4,0,Đường Lê Trọng Tấn,22.70957274202271,0.0,0.0,77.29042725797729,40.0,36.0
74.0,4.0,5.0,Sổ hồng,Đầy đủ,10.8255988612542,106.689963225037,Hẻm ô tô,Quận Gò Vấp,Phường 5,146.0,0,Đường Phan Văn Trị,24.876712328767123,0.0,0.0,75.10958904109589,24.0,14.6
367.0,5.0,34.0,Sổ hồng,Cơ bản,10.8041362085332,106.617776065086,Mặt tiền,Quận Tân Phú,Phường Sơn Kỳ,885.0,1,Đường N1,0.711864406779661,99.28474576271185,0.0,0.0,13.0,22.24
560.0,3.0,23.6,không có,Cơ bản,10.84096,106.8515,Mặt tiền,Quận 9,Phường Long Bình,,1,Unknown,,,,,11.0,170.0
100.0,3.0,12.0,Sổ hồng,Trống / Nhà thô,10.717925555997,106.623163856357,Mặt tiền,Quận 8,Phường 16,1831.3,0,Đường Trương Đình Hội,98.46229454485884,0.0,0.0,1.5349751542619998,8.0,7.8
70.0,3.0,6.0,Sổ hồng,Trống / Nhà thô,10.8412954651884,106.725458588085,Hẻm ô tô,Thành phố Thủ Đức,Phường Hiệp Bình Chánh,,1,Unknown,,,,,6.0,8.3
79.0,2.0,6.0,Sổ hồng,Cơ bản,10.803217527652,106.700405645068,Hẻm ô tô,Quận Bình Thạnh,Phường 2,951.2,0,Đường Vũ Tùng,93.242220353238,0.0,0.0,6.753574432296046,4.0,7.6
23.0,4.0,20.0,Sổ hồng,Đầy đủ,10.7921264828662,106.691236309377,Mặt tiền,Quận 1,Phường Tân Định,29.7,0,Đường Trần Quang Khải,10.606060606060606,0.0,0.0,89.29292929292929,5.0,10.5
90.0,3.0,6.0,Sổ hồng,Trống / Nhà thô,10.8096414032424,106.670822935189,Hẻm ô tô,Quận Tân Bình,Phường 2,993.6,0,Đường Hồng Hà,0.0,0.0,99.15157004830917,0.0,12.0,16.8
337.0,11.0,20.0,Sổ hồng,Trống / Nhà thô,10.7877582974191,106.686056081704,Chưa xác định,Quận 3,Phường Võ Thị Sáu,3286.7,0,Đường Nam Kỳ Khởi Nghĩa,93.46304804210911,0.0,0.0,6.53634344479265,113.0,600.0
90.0,5.0,8.0,Sổ hồng,Đầy đủ,10.7035495054954,106.703776599568,Chưa xác định,Huyện Nhà Bè,Xã Phước Kiển,1378.7,0,Đường Lê Văn Lương,29.897004424457823,9.67360557046493,0.0,60.43084064698628,11.0,11.9
89.0,4.0,7.0,Sổ hồng,Cơ bản,10.8428504646876,106.711042182462,Chưa xác định,Thành phố Thủ Đức,Phường Hiệp Bình Chánh,,0,Đường 9,,,,,8.0,10.5
35.0,4.0,5.4,không có,Trống / Nhà thô,10.8159019823596,106.694197316728,Mặt tiền,Quận Bình Thạnh,Phường 11,180.2,1,Đường Phan Văn Trị,0.0,0.0,0.0,99.98335183129856,11.0,11.6
54.0,3.0,8.0,Sổ hồng,Cơ bản,10.8444059211117,106.733193696348,Mặt tiền,Thành phố Thủ Đức,Phường Hiệp Bình Chánh,,1,Đường Số 40,,,,,7.0,7.9
44.0,2.0,3.75,Sổ hồng,Trống / Nhà thô,10.8771476052276,106.641956289558,Chưa xác định,Quận 12,Phường Tân Thới Hiệp,2264.2,1,Đường Hiệp Thành 17,98.45022524511971,0.0,0.0,1.5515413832700296,4.0,4.92
84.0,2.0,9.0,Sổ hồng,Trống / Nhà thô,10.8078257080642,106.702940396773,Hẻm ô tô,Quận Bình Thạnh,Phường 12,103.8,1,Đường Bùi Đình Túy,6.184971098265897,0.0,0.0,93.83429672447015,14.0,9.99
25.0,2.0,3.5,Sổ hồng,Trống / Nhà thô,10.7243450052642,106.726507435188,Mặt tiền,Quận 7,Phường Tân Phú,138430.9,1,Đường Huỳnh Tấn Phát,3.447604544939028,92.1244606514875,0.5928228451884658,0.5762008337733844,4.0,3.79
42.0,5.0,30.0,Sổ hồng,Trống / Nhà thô,10.7639133869527,106.686545909123,Mặt tiền,Quận 1,Phường Nguyễn Cư Trinh,141.9,0,Đường Nguyễn Cư Trinh,0.0,0.0,0.0,100.0,6.0,29.0
63.0,1.0,12.0,Sổ hồng,Đầy đủ,10.7643595429613,106.625050645408,Mặt tiền,Quận Tân Phú,Phường Phú Thạnh,1964.0,0,Đường Nguyễn Văn Yến,0.0,0.0,0.0,100.0,3.0,8.8
81.0,5.0,8.0,Sổ hồng,Cơ bản,10.8032172035616,106.684644397179,Mặt tiền,Quận Phú Nhuận,Phường 3,8.9,0,Đường Thích Quảng Đức,64.71910112359551,0.0,0.0,34.9438202247191,9.0,25.0
36.0,5.0,13.8,Sổ hồng,Cơ bản,10.7939224182527,106.669118462488,Mặt tiền,Quận Phú Nhuận,Phường 10,1337.1,1,Đường Đặng Văn Ngữ,98.77346496148381,0.0,0.0,0.33280981228030815,6.0,10.2
56.0,6.0,10.0,Sổ hồng,Đầy đủ,10.7611604334838,106.699745400862,Chưa xác định,Quận 4,Phường 6,1125.8,0,Unknown,10.34286729436845,0.0,0.0,89.65535619115298,8.0,18.0
140.0,5.0,13.0,Sổ hồng,Cơ bản,21.0289486097874,105.852447225903,Mặt tiền,Thành phố Thủ Đức,Phường Hiệp Bình Phước,,0,Đường Nguyễn Thị Nhung,,,,,12.0,28.0
202.0,5.0,11.3,Sổ hồng,Đầy đủ,10.8356042571605,106.794656313015,Chưa xác định,Thành phố Thủ Đức,Phường Tăng Nhơn Phú A,,1,Đường 182,,,,,27.0,22.5
42.0,2.0,3.0,Sổ hồng,Đầy đủ,10.812228764494,106.728607717956,Chưa xác định,Thành phố Thủ Đức,Phường An Khánh,,0,Đường 61,,,,,4.0,7.9
48.0,3.0,4.0,Sổ hồng,Đầy đủ,10.7797417351622,106.646936819159,Mặt tiền,Quận Tân Bình,Phường 10,71.5,0,Đường Trần Văn Quang,5.4125874125874125,0.0,6.391608391608392,88.12587412587412,8.0,8.6
120.0,4.0,4.0,Sổ hồng,Trống / Nhà thô,10.7992051520477,106.650553810107,Hẻm ô tô,Quận Tân Bình,Phường 12,104.9,0,Unknown,0.9532888465204956,0.0,0.0,99.02764537654909,12.0,8.5
90.0,4.0,12.0,Sổ hồng,Đầy đủ,10.7017529962954,106.728622216981,Chưa xác định,Quận 7,Phường Phú Mỹ,5581.4,0,Đường D5B,47.60221449815459,1.2125989895008424,0.0,51.18572401189666,10.0,18.6
114.0,3.0,4.0,Sổ hồng,Trống / Nhà thô,10.7426777317198,106.729670293034,Mặt tiền,Quận 7,Phường Bình Thuận,3286.7,0,Đường Huỳnh Tấn Phát,91.70657498402653,2.1675236559466944,0.0,6.127118386223264,10.0,14.0
91.0,1.0,6.0,Sổ hồng,Cơ bản,10.8153275731914,106.774868191595,Chưa xác định,Quận 9,Phường Phước Long B,,0,Đường Đỗ Xuân Hợp,,,,,4.0,8.0
75.0,4.0,6.0,Sổ hồng,Đầy đủ,10.779879156882,106.768676461637,Mặt tiền,Quận 2,Phường Cát Lái,,0,Đường Lê Văn Thịnh,,,,,7.0,10.4
97.0,7.0,8.0,Sổ hồng,Trống / Nhà thô,10.7896797426634,106.693368735116,Hẻm ô tô,Quận 1,Phường Đa Kao,364.7,0,Đường Võ Thị Sáu,23.556347683027145,76.44913627639156,0.0,0.0,22.0,28.0
500.0,3.0,20.0,Sổ hồng,Cơ bản,10.7739476811249,106.677852154493,Mặt tiền,Quận 10,Phường 11,2646.0,0,Đường 3/2,97.3941798941799,0.1436130007558579,1.199546485260771,1.255479969765684,6.0,290.0
60.0,3.0,6.0,Sổ hồng,Đầy đủ,10.7957896177058,106.706763879864,Hẻm ô tô,Quận Bình Thạnh,Phường 17,100.7,0,Đường Nguyễn Cửu Vân,12.919563058589869,0.0,0.0,87.04071499503476,10.0,10.19
111.0,3.0,6.0,Sổ hồng,Đầy đủ,10.6847263503291,106.750437934007,Hẻm ô tô,Huyện Nhà Bè,Thị trấn Nhà Bè,,0,Đường Đào Tông Nguyên,,,,,11.0,6.99
72.0,4.0,6.0,Sổ hồng,Cơ bản,10.8580416473375,106.768435051151,Chưa xác định,Thành phố Thủ Đức,Phường Linh Trung,,0,Đường Số 9,,,,,11.0,8.3
140.0,4.0,14.0,Sổ hồng,Trống / Nhà thô,10.6987056044484,106.685858612469,Mặt tiền,Huyện Nhà Bè,Xã Phước Lộc,312.2,0,Đường Đào Sư Tích,27.024343369634853,72.9660474055093,0.0,0.0,12.0,7.5
32.0,3.0,5.0,Sổ hồng,Cơ bản,10.7934533799678,106.624735189489,Mặt tiền,Quận Tân Phú,Phường Tân Quý,381.5,0,Unknown,0.0,0.0,0.0,99.98951507208388,6.0,5.6
65.0,4.0,8.0,không có,Trống / Nhà thô,10.835413711381523,106.66425548493862,Hẻm ô tô,Quận Gò Vấp,Phường 11,4310.8,0,Đường Quang Trung,2.378908787232068,0.0,97.62085923726454,0.0,11.0,8.5
70.0,4.0,10.0,Sổ hồng,Đầy đủ,10.873095046571,106.768128675707,Mặt tiền,Thành phố Thủ Đức,Phường Hiệp Bình Chánh,,1,Đường 17,,,,,9.0,13.5
44.0,4.0,8.0,Sổ hồng,Đầy đủ,10.7751423367778,106.65250422433,Mặt tiền,Quận Tân Bình,Phường 9,1123.3,0,Đường Trần Văn Hoàng,97.71654945250602,2.280779845099261,0.0,0.0,8.0,8.68
200.0,6.0,10.5,Sổ hồng,Trống / Nhà thô,10.824462960523,106.766485732163,Mặt tiền,Quận 9,Phường Phước Long A,,1,Đường 128,,,,,20.0,18.5
25.0,2.0,3.5,Sổ hồng,Trống / Nhà thô,10.7593632570059,106.687816746859,Chưa xác định,Quận 1,Phường Cầu Kho,2104.4,1,Đường Trần Hưng Đạo,99.80326934042958,0.0,0.0,0.19673065957042385,4.0,8.5
193.0,2.0,12.0,Sổ hồng,Trống / Nhà thô,10.7251395875202,106.664158210499,Chưa xác định,Huyện Bình Chánh,Xã Bình Hưng,46712.0,0,Đường Nguyễn Văn Linh,100.0,0.0,0.0,0.0,16.0,18.9
103.0,2.0,5.0,Sổ hồng,Cơ bản,10.8045823286786,106.661375183208,Hẻm ô tô,Quận Tân Bình,Phường 4,224.8,0,Đường Thăng Long,0.0,0.0,0.0,100.0,11.0,19.5
70.0,2.0,3.0,Sổ hồng,Trống / Nhà thô,10.8440735766407,106.762034833894,Chưa xác định,Thành phố Thủ Đức,Phường Trường Thọ,,0,Đường Đặng Văn Bi,,,,,9.0,6.5
72.0,3.0,8.0,Sổ hồng,Trống / Nhà thô,10.7294171272509,106.632221599871,Mặt tiền,Quận 8,Phường 16,1865.3,0,Đường Phú Định,99.58612555621079,0.0,0.0,0.4122661234117837,5.0,5.99
99.0,4.0,23.8,Sổ hồng,Đầy đủ,10.7928914767681,106.619123838252,Hẻm ô tô,Quận Tân Phú,Phường Tân Quý,1186.0,1,Đường Lê Sát,8.12141652613828,82.22849915682968,0.0,9.647554806070827,10.0,10.9
49.0,2.0,3.0,Sổ hồng,Trống / Nhà thô,10.7941757009473,106.668797609092,Chưa xác định,Quận Tân Bình,Phường 1,121.4,1,Đường Lê Văn Sỹ,22.364085667215814,0.0,0.0,77.60296540362437,7.0,6.9
51.0,3.0,4.0,Sổ hồng,Trống / Nhà thô,10.7296729283168,106.632374602739,Chưa xác định,Quận 8,Phường 16,1865.3,1,Đường Phú Định,99.58612555621079,0.0,0.0,0.4122661234117837,7.0,4.4
72.0,4.0,16.0,Sổ hồng,Trống / Nhà thô,10.7615196394195,106.690121296497,Mặt tiền,Quận 1,Phường Nguyễn Cư Trinh,182.6,0,Đường Trần Đình Xu,12.294633077765608,0.0,0.0,87.68346111719607,13.0,24.8
112.0,4.0,16.6,Sổ hồng,Trống / Nhà thô,10.8030321617935,106.731819966886,Chưa xác định,Quận 2,Phường Thảo Điền,,1,Đường Xuân Thủy,,,,,14.0,31.0
64.0,4.0,15.0,Sổ hồng,Đầy đủ,10.7962609299495,106.690530195564,Mặt tiền,Quận Phú Nhuận,Phường 2,,0,Đường Hoa Hồng,,,,,13.0,21.0
68.0,2.0,3.0,Sổ hồng,Đầy đủ,10.7514714555538,106.719285361469,Chưa xác định,Quận 7,Phường Tân Thuận Tây,142.4,0,Đường Tân Mỹ,18.33567415730337,0.0,0.0,81.6432584269663,4.0,8.3
123.0,1.0,25.3,Sổ hồng,Trống / Nhà thô,21.0289486097874,105.852447225903,Chưa xác định,Quận 12,Phường Tân Thới Nhất,,1,Đường Trường Chinh,,,,,9.0,3.79
90.0,4.0,8.0,Sổ hồng,Đầy đủ,10.8197414075094,106.702748559991,Mặt tiền,Quận Bình Thạnh,Phường 13,73.9,0,Đường Nơ Trang Long,28.822733423545333,0.0,0.0,71.13667117726658,10.0,13.5
75.0,4.0,5.0,Sổ hồng,Trống / Nhà thô,10.8283900879552,106.639136201393,Hẻm ô tô,Quận Tân Bình,Phường 15,498.0,0,Đường Trần Thánh Tông,3.2670682730923697,0.0,0.0,96.72690763052209,7.0,8.0
42.0,3.0,4.0,Sổ hồng,Đầy đủ,10.7643711661197,106.651409009117,Chưa xác định,Quận 11,Phường 11,39.8,1,Đường Lê Thị Bạch Cát,10.025125628140705,0.0,0.0,90.07537688442213,7.0,5.2
102.0,3.0,5.0,Sổ hồng,Cơ bản,10.7960091513086,106.707005322403,Chưa xác định,Quận Bình Thạnh,Phường 17,112.8,0,Đường Nguyễn Cửu Vân,0.0,0.0,0.0,100.0,11.0,14.5
180.0,1.0,12.2,Sổ hồng,Trống / Nhà thô,10.6999741957969,106.639078377089,Chưa xác định,Huyện Bình Chánh,Xã Phong Phú,3287.6,1,Đường Trịnh Quang Nghị,89.34876505657621,10.650018250395425,0.0,0.0,5.0,6.6
71.0,2.0,6.0,Sổ hồng,Cơ bản,10.7837393683568,106.777743192644,Mặt tiền,Quận 2,Phường Bình Trưng Đông,,0,Đường Số 18,,,,,5.0,9.4
448.0,4.0,18.0,không có,Đầy đủ,10.7785235877283,106.747545129807,Mặt tiền,Quận 2,Phường Bình Trưng Tây,,0,Đường Bát Nàn,,,,,12.0,188.0
63.0,2.0,7.283333333333334,Sổ hồng,Trống / Nhà thô,10.8288536387484,106.689209246606,Hẻm ô tô,Quận Gò Vấp,Phường 5,35587.4,1,Đường Dương Quảng Hàm,9.209664094595277,0.0,90.73871651202391,0.05161939338080331,6.0,8.25
135.0,1.0,23.6,Sổ hồng,Trống / Nhà thô,10.7545552315845,106.638288442233,Mặt tiền,Quận 11,Phường 1,2625.4,1,Đường Hồng Bàng,98.5651710215586,0.41593661918183894,0.0,1.0185114649196312,2.0,11.5
61.0,2.0,6.2,Sổ hồng,Trống / Nhà thô,10.7883888748536,106.677599007461,Mặt tiền,Quận 3,Phường 14,91.7,1,Đường Lê Văn Sỹ,0.0,0.0,0.0,99.95637949836423,7.0,10.0
98.0,6.0,15.0,Sổ hồng,Đầy đủ,10.7942521037229,106.689419411487,Mặt tiền,Quận 1,Phường Tân Định,2997.5,0,Đường Trần Khánh Dư,83.82985821517931,16.169140950792325,0.0,0.0,26.0,59.0
60.0,4.0,7.545454545454545,Sổ hồng,Trống / Nhà thô,10.790138049973,106.692504128794,Mặt tiền,Quận 1,Phường Tân Định,101.4,1,Đường Thạch Thị Thanh,0.0,0.0,0.0,100.0,8.0,23.0
110.0,2.0,6.4,Sổ hồng,Cơ bản,10.8402596395482,106.837573796511,Chưa xác định,Quận 9,Phường Long Thạnh Mỹ,,1,Đường Nguyễn Xiển,,,,,3.0,14.0
144.0,5.0,13.0,không có,Trống / Nhà thô,10.841423,106.84012,Mặt tiền,Quận 9,Phường Long Thạnh Mỹ,,0,Unknown,,,,,16.0,22.9
45.0,2.0,5.0,Sổ hồng,Cơ bản,10.7657138085234,106.644765430122,Chưa xác định,Quận 11,Phường 14,5714.2,0,Đường Ông Ích Khiêm,22.73861607924119,0.0,0.0,77.2617339260089,4.0,6.5
51.0,1.0,3.0,Sổ hồng,Cơ bản,10.7812017598643,106.759502068162,Chưa xác định,Quận 2,Phường Thạnh Mỹ Lợi,,0,Đường Số 3,,,,,4.0,5.19
140.0,5.0,13.0,Sổ hồng,Trống / Nhà thô,10.846246435197743,106.71219185180664,Chưa xác định,Thành phố Thủ Đức,Phường Hiệp Bình Phước,,1,Đường 39,,,,,12.0,33.0
32.0,2.0,10.0,không có,Trống / Nhà thô,10.7225276459662,106.612155875511,Chưa xác định,Quận Bình Tân,Phường An Lạc,1736.2,0,Đường Võ Văn Kiệt,94.20919248934455,5.2868333141343165,0.0,0.5051261375417578,2.0,3.49
43.0,3.0,2.0,Sổ hồng,Cơ bản,10.747093381339,106.659869015912,Chưa xác định,Quận 8,Phường 13,94.2,0,Đường Đinh Hòa,38.97027600849257,0.0,0.0,61.01910828025478,6.0,4.2
101.0,5.0,7.0,Sổ hồng,Đầy đủ,10.7981774535958,106.686281729149,Chưa xác định,Quận Phú Nhuận,Phường 2,,0,Đường Hoa Đào,,,,,8.0,18.9
71.0,4.0,5.0,Sổ hồng,Cơ bản,10.7989227992042,106.693639570775,Mặt tiền,Quận Bình Thạnh,Phường 1,53.0,0,Phố Vạn Kiếp,42.47169811320755,0.0,0.0,57.54716981132076,8.0,9.2
54.0,5.0,6.0,Sổ hồng,Đầy đủ,10.799309054354,106.641337301444,Hẻm ô tô,Quận Tân Bình,Phường 14,1272.4,0,Đường Trường Chinh,96.27318453316566,0.0,0.0,3.7228858849418414,10.0,9.9
81.0,2.0,5.0,Sổ hồng,Cơ bản,10.7990018602259,106.634502964675,Mặt tiền,Quận Tân Phú,Phường Tân Sơn Nhì,273.5,0,Đường Nguyễn Văn Săng,13.404021937842778,0.0,0.0,86.59597806215722,4.0,5.69
126.0,3.0,8.1,Sổ hồng,Trống / Nhà thô,10.7263497261029,106.693565803492,Chưa xác định,Quận 7,Phường Tân Phong,158524.4,1,Đường Nguyễn Văn Linh,11.207366184637822,13.275647155895243,0.0,75.51697404311261,9.0,21.5
39.0,3.0,12.0,Sổ hồng,Đầy đủ,10.804301125837,106.647792253643,Mặt tiền,Quận Tân Bình,Phường 12,252802.3,0,Đường Hoàng Hoa Thám,2.1049808486710764,0.0,19.24298157097463,0.24180950885336092,5.0,8.89
43.0,4.0,6.0,Sổ hồng,Đầy đủ,10.7839041965372,106.64768807593,Hẻm ô tô,Quận Tân Bình,Phường 10,121.7,0,Đường Ni Sư Huỳnh Liên,7.830731306491372,0.0,0.0,92.19391947411668,10.0,5.5
53.0,3.0,6.0,Sổ hồng,Trống / Nhà thô,10.7688279573313,106.675339197537,Mặt tiền,Quận 10,Phường 10,1289.7,1,Đường Điện Biên Phủ,92.21912072575016,0.0,0.0,7.77855315189579,8.0,17.0
72.0,3.0,5.0,Sổ hồng,Đầy đủ,10.7990495739804,106.694027203598,Mặt tiền,Quận Bình Thạnh,Phường 1,71.4,0,Phố Vạn Kiếp,0.0,0.0,0.0,99.9439775910364,9.0,9.5
344.0,3.0,12.0,Sổ hồng,Đầy đủ,10.7827763959363,106.687135382735,Mặt tiền,Quận 3,Phường Võ Thị Sáu,844.1,1,Đường Trần Quốc Thảo,40.856533586068,59.14820518895865,0.0,0.0,9.0,160.0
344.0,3.0,12.0,Sổ hồng,Trống / Nhà thô,10.783029226215,106.686796228061,Chưa xác định,Quận 3,Phường Võ Thị Sáu,695.8,1,Đường Trần Quốc Thảo,40.584938200632365,0.0,0.0,59.413624604771485,9.0,160.0
198.0,4.0,12.0,Sổ hồng,Đầy đủ,10.8325746683208,106.732305831871,Chưa xác định,Thành phố Thủ Đức,Phường Hiệp Bình Chánh,,0,Đường Số 27,,,,,10.0,23.5
262.0,1.0,5.0,Sổ hồng,Cơ bản,10.7612063463144,106.690205346901,Chưa xác định,Quận 1,Phường Nguyễn Cư Trinh,254.0,0,Đường Trần Đình Xu,24.165354330708663,0.0,0.0,75.83464566929135,6.0,54.0
63.0,1.0,4.0,Sổ hồng,Cơ bản,10.8490419546447,106.692964684192,Chưa xác định,Quận 12,Phường An Phú Đông,3189.9,0,Đường Vườn Lài,76.38013730837957,3.721746763221417,11.791905702373114,8.105269757672655,3.0,4.75
99.0,2.0,10.0,Sổ hồng,Trống / Nhà thô,10.8880406184903,106.620476614,Mặt tiền,Huyện Hóc Môn,Xã Thới Tam Thôn,843.0,0,Đường Nguyễn Thị Thảnh,24.88493475682088,0.0,0.0,75.11625148279953,4.0,4.99
75.0,3.0,15.0,Sổ hồng,Cơ bản,10.877337452842,106.673042461923,Mặt tiền,Quận 12,Phường Thạnh Xuân,203.2,0,Đường Thạnh Xuân 24,72.95275590551182,27.04232283464567,0.0,0.0,7.0,5.75
452.0,3.0,24.0,Sổ hồng,Trống / Nhà thô,10.8065328325266,106.778674666381,Mặt tiền,Quận 9,Phường Phước Long B,,0,Unknown,,,,,13.0,52.0
68.0,2.0,5.0,Sổ hồng,Đầy đủ,10.7646042531818,106.616392020955,Hẻm ô tô,Quận Bình Tân,Phường Bình Trị Đông,1912.0,0,Đường Chiến Lược,68.26464435146443,0.0,1.4843096234309623,30.252092050209207,5.0,4.8
73.0,4.0,10.0,Sổ hồng,Đầy đủ,10.8055353313323,106.605114951119,Mặt tiền,Quận Bình Tân,Phường Bình Hưng Hòa,1603.5,0,Đường Số 12,30.215777985656377,0.0,0.0,69.78609292173373,9.0,9.8
56.0,3.0,4.0,Sổ hồng,Trống / Nhà thô,10.7383982090425,106.57797758214,Mặt tiền,Quận Bình Tân,Phường Tân Tạo A,3194.8,0,Phố Trần Đại Nghĩa,61.71372229873544,33.099724552397646,0.0,5.187179166144985,6.0,3.9
46.0,3.0,3.0,Sổ hồng,Trống / Nhà thô,10.757270065068,106.678046340793,Chưa xác định,Quận 5,Phường 3,36.1,0,Đường Nguyễn Trãi,21.246537396121884,0.0,0.0,78.89196675900277,5.0,11.5
85.0,3.0,6.0,Sổ hồng,Trống / Nhà thô,10.8874457900052,106.770324610887,Hẻm ô tô,Thành phố Thủ Đức,Phường Linh Xuân,,0,Đường Số 9,,,,,6.0,6.25
52.0,3.0,4.0,Sổ hồng,Đầy đủ,10.8491731120123,106.650730138636,Chưa xác định,Quận Gò Vấp,Phường 9,740.5,0,Đường Phạm Văn Chiêu,23.90546927751519,0.0,0.0,76.09858203916274,7.0,6.65
18.0,2.0,3.45,không có,Trống / Nhà thô,10.8641979384949,106.745613770433,Chưa xác định,Thành phố Thủ Đức,Phường Tam Phú,,1,Đường Phú Châu,,,,,5.0,1.35
76.0,4.0,6.0,Sổ hồng,Trống / Nhà thô,10.8392913561712,106.796725262131,Chưa xác định,Quận 9,Phường Tăng Nhơn Phú A,,0,Unknown,,,,,9.0,5.8
95.0,2.0,10.0,Sổ hồng,Trống / Nhà thô,10.8199702260738,106.703773397615,Mặt tiền,Quận Bình Thạnh,Phường 13,1017.2,0,Phố Nguyễn Xí,76.16397955171058,23.835037357451828,0.0,0.0,4.0,12.5
51.0,2.0,8.400000000000002,Sổ hồng,Trống / Nhà thô,10.8558796590616,106.772235099096,Hẻm ô tô,Thành phố Thủ Đức,Phường Linh Trung,,1,Đường Số 8,,,,,4.0,4.6
62.0,3.0,10.0,Sổ hồng,Đầy đủ,10.867711967103,106.626582868703,Mặt tiền,Quận 12,Phường Tân Chánh Hiệp,,0,Đường Trần Thị Năm,,,,,7.0,6.8
74.0,3.0,4.0,Sổ hồng,Trống / Nhà thô,10.7738216283891,106.697024097908,Hẻm ô tô,Quận 1,Phường Bến Thành,3094.9,0,Đường Thủ Khoa Huân,99.19771236550454,0.0,0.8016414100617144,0.0,19.0,19.9
149.0,5.0,20.5,Sổ hồng,Trống / Nhà thô,10.8408127810929,106.741072537689,Mặt tiền,Thành phố Thủ Đức,Phường Linh Đông,,1,Đường Kha Vạn Cân,,,,,23.0,21.5
51.0,4.0,3.0,Sổ hồng,Cơ bản,10.8128262418088,106.685310018759,Mặt tiền,Quận Gò Vấp,Phường 3,638.6,0,Đường Nguyễn Thượng Hiền,40.65925461948011,0.0,0.0,59.332915753210145,10.0,8.16
76.0,3.0,3.0,Sổ hồng,Cơ bản,10.8122883579509,106.687887757075,Mặt tiền,Quận Bình Thạnh,Phường 5,43.0,0,Đường Nguyễn Thượng Hiền,0.0,100.0,0.0,0.0,8.0,8.5
47.0,4.0,3.0,Sổ hồng,Cơ bản,10.7266390242156,106.733727325174,Chưa xác định,Quận 7,Phường Phú Thuận,3129.8,0,Đường Huỳnh Tấn Phát,4.752060834558118,0.0,0.0,95.24857818390952,8.0,6.4
71.0,2.0,10.0,Sổ hồng,Đầy đủ,10.783820535092,106.778147148061,Chưa xác định,Quận 2,Phường Bình Trưng Đông,,0,Đường Số 18,,,,,7.0,9.4
69.0,4.0,2.0,Sổ hồng,Trống / Nhà thô,10.7873400435659,106.575899265355,Mặt tiền,Huyện Bình Chánh,Xã Vĩnh Lộc B,516.4,0,Đường Võ Văn Vân,23.071262587141753,0.0,0.0,76.93454686289698,8.0,3.8
69.0,4.0,20.0,Sổ hồng,Trống / Nhà thô,10.7697282410956,106.688294106531,Mặt tiền,Quận 1,Phường Phạm Ngũ Lão,1860.6,0,Đường Bùi Thị Xuân,90.0021498441363,0.0,9.9957003117274,0.0,11.0,29.0
188.0,2.0,13.0,Sổ hồng,Trống / Nhà thô,10.8079060467587,106.688448791328,Mặt tiền,Quận Tân Bình,Phường 12,810.5,1,Đường Hoàng Hoa Thám,9.839605181986428,0.0,0.0,90.15545959284393,9.0,43.0
238.0,10.0,30.0,Sổ hồng,Trống / Nhà thô,10.7842631425165,106.641961247476,Chưa xác định,Quận Tân Bình,Phường 14,13875.5,0,Đường Âu Cơ,24.15812042809268,75.84202371085728,0.0,0.0,30.0,85.0
40.0,1.0,8.0,Sổ hồng,Trống / Nhà thô,10.8253340378604,106.701708691062,Chưa xác định,Quận Bình Thạnh,Phường 13,3636.4,1,Phố Nguyễn Xí,23.464965350346496,39.61115388846112,0.0,36.92415575844242,5.0,11.5
40.0,2.0,10.0,Sổ hồng,Trống / Nhà thô,10.7568414928991,106.647178640679,Mặt tiền,Quận 11,Phường 16,1911.0,0,Đường 3/2,97.25274725274726,0.0,0.0,2.7456828885400313,4.0,8.5
59.0,2.0,3.0,Sổ đỏ,Cao cấp,10.692053460301,106.736480948767,Chưa xác định,Huyện Nhà Bè,Thị trấn Nhà Bè,2106.8,0,Đường Huỳnh Tấn Phát,0.0,99.99952534649704,0.0,0.0,7.0,5.19
69.0,5.0,8.0,Sổ đỏ,Trống / Nhà thô,10.7696478089326,106.688437394872,Hẻm ô tô,Quận 1,Phường Bến Thành,315.7,0,Đường Tôn Thất Tùng,1.1846689895470384,1.286031042128603,97.52296484003801,0.0,11.0,24.8
50.0,4.0,6.0,Sổ hồng,Đầy đủ,10.7947102243853,106.683235983097,Chưa xác định,Quận Phú Nhuận,Phường 2,968.5,1,Đường Phan Đình Phùng,63.13887454827052,0.0,0.0,36.86422302529685,8.0,7.9
160.0,3.0,12.0,Sổ hồng,Trống / Nhà thô,10.7539346530695,106.611004691242,Chưa xác định,Quận Bình Tân,Phường Bình Trị Đông B,,1,Đường Số 24B,,,,,12.0,21.0
54.0,5.0,8.0,Sổ hồng,Cao cấp,10.8774845511157,106.672899223462,Mặt tiền,Quận 12,Phường Thạnh Xuân,40.2,0,Đường Thạnh Xuân 24,0.0,100.0,0.0,0.0,9.0,6.18
80.0,4.0,6.0,Sổ hồng,Đầy đủ,10.8300881049326,106.627122219941,Chưa xác định,Quận 12,Phường Tân Hưng Thuận,81.6,0,Đường Nguyễn Văn Quá,93.32107843137256,0.0,0.0,6.629901960784314,10.0,7.79
130.0,4.0,12.0,Sổ hồng,Đầy đủ,10.743442355063593,106.73342673605585,Mặt tiền,Quận 7,Phường Tân Thuận Đông,3523.9,0,Unknown,51.26535940293425,0.0,0.0,48.734073044070485,8.0,22.5
75.0,4.0,5.0,không có,Trống / Nhà thô,10.386480948271007,106.91987393433833,Mặt tiền,Huyện Cần Giờ,Xã Long Hòa,,1,Unknown,,,,,7.0,11.0
79.0,4.0,5.0,Sổ hồng,Đầy đủ,10.7931802881832,106.627909892075,Chưa xác định,Quận Tân Phú,Phường Tân Quý,57.3,0,Đường Độc Lập,34.13612565445026,0.0,0.0,65.91623036649216,11.0,9.5
52.0,4.0,9.0,Sổ hồng,Trống / Nhà thô,10.7986182708939,106.813175354186,Chưa xác định,Quận 9,Phường Long Trường,,0,Đường Số 1,,,,,7.0,5.65
90.0,4.0,10.0,Sổ hồng,Trống / Nhà thô,10.7417878383262,106.62493413908,Chưa xác định,Quận 6,Phường 10,10069.0,0,Đường Số 25,84.14629059489522,0.87873671665508,0.0,14.974972688449698,10.0,12.3
67.0,6.0,4.0,Sổ hồng,Cơ bản,10.7934894537693,106.678810328569,Chưa xác định,Quận Phú Nhuận,Phường 15,401.8,1,Đường Nguyễn Văn Trỗi,16.739671478347436,83.25037332005974,0.0,0.0,24.0,13.3
42.0,2.0,5.25,Sổ hồng,Đầy đủ,10.8299213339836,106.671579124937,Hẻm ô tô,Quận Gò Vấp,Phường 10,61.3,1,Đường Quang Trung,0.0,0.0,0.0,100.0,6.0,6.5
51.0,5.0,9.8,Sổ đỏ,Trống / Nhà thô,10.8063933688464,106.697749917385,Chưa xác định,Quận Bình Thạnh,Phường 14,72.8,1,Unknown,0.0,0.0,0.0,100.0,2.0,11.9
79.0,5.0,14.0,Sổ hồng,Trống / Nhà thô,10.72962484018756,106.73554892762074,Mặt tiền,Quận 7,Phường Phú Thuận,4903.8,0,Unknown,97.59390676618132,0.0,0.0,2.4065010807944858,9.0,22.5
34.0,2.0,5.8,Sổ hồng,Trống / Nhà thô,10.7898160508496,106.686735701177,Chưa xác định,Quận 3,Phường Võ Thị Sáu,217.4,1,Đường Huỳnh Tịnh Của,22.267709291628332,0.0,0.0,77.72309107635694,2.0,4.9
593.0,8.0,20.0,Sổ hồng,Trống / Nhà thô,10.7850333841231,106.6404645657,Mặt tiền,Quận Tân Phú,Phường Hòa Thạnh,1948.0,0,Đường Thoại Ngọc Hầu,48.89938398357289,0.0,51.101642710472284,0.0,19.0,135.0
18.0,5.0,8.0,Sổ hồng,Trống / Nhà thô,10.7399381232469,106.725387905941,Mặt tiền,Quận 7,Phường Bình Thuận,2586.8,0,Đường 4,18.2793412710685,80.61002010205658,0.0,1.1121849389206742,7.0,4.55
70.0,3.0,7.0,Sổ hồng,Trống / Nhà thô,10.8304403460239,106.632992226205,Chưa xác định,Quận Tân Bình,Phường 15,3821.9,1,Đường Phan Huy Ích,99.59653575446768,0.40477249535571314,0.0,0.0,9.0,11.5
170.0,3.0,18.5,Sổ hồng,Cơ bản,10.8441611247764,106.762115077418,Chưa xác định,Thành phố Thủ Đức,Phường Bình Thọ,,1,Đường Đặng Văn Bi,,,,,8.0,13.8
55.0,4.0,8.75,Sổ hồng,Đầy đủ,10.8078651097693,106.702905567072,Hẻm ô tô,Quận Bình Thạnh,Phường 12,1193.6,1,Đường Bùi Đình Túy,85.56216487935657,0.43649463806970507,0.0,14.003853887399465,8.0,8.0
122.0,2.0,8.0,Sổ hồng,Cơ bản,10.7909924313091,106.645429225911,Mặt tiền,Quận Tân Bình,Phường 12,1674.6,0,Đường Bàu Cát,95.21199092320555,0.0,4.786814761734146,0.0,5.0,15.0
105.0,2.0,6.0,Sổ hồng,Cơ bản,10.8357784158337,106.618999376057,Mặt tiền,Quận 12,Phường Đông Hưng Thuận,202.9,0,Đường Tân Thới Nhất 5,10.23656973878758,0.0,0.0,89.76835879743716,9.0,7.5
60.0,2.0,15.0,Sổ hồng,Đầy đủ,10.8029104307102,106.70050016015,Mặt tiền,Quận Bình Thạnh,Phường 14,86.9,0,Đường Phan Bội Châu,57.629459148446486,0.0,6.214039125431531,36.14499424626006,8.0,10.8
92.0,4.0,15.0,Sổ hồng,Đầy đủ,10.7884718024745,106.669692126659,Chưa xác định,Quận Phú Nhuận,Phường 13,2217.2,1,Đường Trường Sa,64.34602200974201,18.862980335558362,0.0,16.78919357748512,9.0,12.5
39.0,5.0,6.0,Sổ hồng,Đầy đủ,10.8024664168908,106.695564674734,Hẻm ô tô,Quận Bình Thạnh,Phường 3,982.1,0,Phố Phan Đăng Lưu,0.0,0.0,100.0,0.0,11.0,10.7
120.0,4.0,20.0,Sổ hồng,Đầy đủ,10.7040605090694,106.631383562407,Mặt tiền,Quận 8,Phường 7,2854.7,0,Đường Trịnh Quang Nghị,34.808561319928536,0.0,65.19143868007147,0.0,10.0,9.9
49.0,3.0,16.0,Sổ hồng,Trống / Nhà thô,10.7857492475946,106.671121223438,Mặt tiền,Quận 3,Phường 11,88.8,0,Đường Đỗ Thị Lời,72.07207207207207,27.96171171171171,0.0,0.0,6.0,18.0
252.0,3.0,18.6,Sổ hồng,Trống / Nhà thô,21.0289486097874,105.852447225903,Chưa xác định,Quận 9,Phường Long Bình,,1,Đường Nguyễn Xiển,,,,,8.0,40.0
75.0,5.0,6.0,Sổ hồng,Trống / Nhà thô,10.8070096768834,106.695053518476,Mặt tiền,Quận Bình Thạnh,Phường 7,1088.6,0,Đường Nơ Trang Long,88.45857064119052,0.0,0.0,11.542347969869558,18.0,13.0
380.0,8.0,20.5,Sổ hồng,Trống / Nhà thô,10.7802115664645,106.69184352714,Chưa xác định,Quận 3,Phường Võ Thị Sáu,1701.1,1,Đường Nguyễn Đình Chiểu,97.91664217271179,1.9416847921932867,0.13990947034271942,0.0,16.0,135.0
100.0,7.0,5.0,Sổ hồng,Trống / Nhà thô,10.8419261055187,106.630937393625,Mặt tiền,Quận 12,Phường Đông Hưng Thuận,990.0,1,Đường Nguyễn Văn Quá,14.228282828282829,0.0,0.0,85.77373737373736,9.0,11.89
57.0,3.0,4.0,Sổ hồng,Trống / Nhà thô,10.8712238267797,106.628763496033,Chưa xác định,Quận 12,Phường Tân Chánh Hiệp,,0,Đường Lâm Thị Hố,,,,,7.0,4.79
58.0,3.0,6.0,Sổ hồng,Trống / Nhà thô,10.724754789067,106.62170978263,Mặt tiền,Quận 8,Phường 16,2337.2,0,Đường Phú Định,3.8644531918535,96.13725825774432,0.0,0.0,8.0,6.2
28.0,3.0,7.0,Sổ hồng,Đầy đủ,10.8268325167657,106.687643559675,Mặt tiền,Quận Gò Vấp,Phường 7,61.8,0,Đường Tú Mỡ,24.579288025889966,0.0,0.0,75.45307443365697,6.0,5.98
29.0,2.0,3.2,Sổ hồng,Cơ bản,10.8556431126228,106.761493916623,Mặt tiền,Thành phố Thủ Đức,Phường Linh Chiểu,,1,Đường Số 17,,,,,3.0,2.89
68.0,4.0,8.0,Sổ hồng,Cơ bản,10.7863398702724,106.646157162844,Mặt tiền,Quận Tân Bình,Phường 10,49.7,0,Đường Số 7,0.0,0.0,0.0,99.93963782696177,8.0,10.0
74.0,3.0,8.0,Sổ hồng,Đầy đủ,10.6928494726684,106.740967719247,Hẻm ô tô,Huyện Nhà Bè,Thị trấn Nhà Bè,272.2,0,Đường Huỳnh Tấn Phát,50.13592946362968,0.0,0.0,49.87509184423218,9.0,8.6
62.0,2.0,30.0,Sổ hồng,Trống / Nhà thô,10.7511696615258,106.728626358553,Mặt tiền,Quận 7,Phường Tân Thuận Tây,979.3,0,Đường Huỳnh Tấn Phát,97.0295108751149,0.0,0.0,2.970489124885122,6.0,10.85
40.0,4.0,20.0,Sổ đỏ,Trống / Nhà thô,10.7890995565951,106.698913564303,Mặt tiền,Quận 1,Phường Đa Kao,4469.5,1,Đường Đinh Tiên Hoàng,85.4773464593355,0.0,14.523324756684191,0.0,5.0,18.9
126.0,4.0,8.8,Sổ hồng,Trống / Nhà thô,10.7942331409816,106.708721566707,Chưa xác định,Quận Bình Thạnh,Phường 19,921.9,1,Đường Xô Viết Nghệ Tĩnh,93.60017355461548,0.0,0.0,6.404165310771233,9.0,26.9
75.0,3.0,10.0,Sổ hồng,Trống / Nhà thô,10.8591762384213,106.722245323336,Chưa xác định,Thành phố Thủ Đức,Phường Hiệp Bình Phước,,1,Unknown,,,,,6.0,6.9
75.0,3.0,8.0,Sổ hồng,Trống / Nhà thô,10.7906085414252,106.623438099314,Hẻm ô tô,Quận Tân Phú,Phường Tân Quý,445.9,0,Đường Nguyễn Dữ,0.0,0.0,0.0,99.99551468939224,7.0,6.65
55.0,3.0,12.0,Sổ hồng,Đầy đủ,10.822766534581,106.704365709271,Chưa xác định,Quận Bình Thạnh,Phường 13,2603.4,0,Đường Phạm Văn Đồng,0.0,0.0,0.0,99.99846354766844,9.0,10.49
144.0,5.0,13.0,Sổ hồng,Cơ bản,10.8359547395213,106.843016346979,Chưa xác định,Quận 9,Phường Long Bình,,1,Đường Nguyễn Xiển,,,,,16.0,23.9
115.0,4.0,12.0,Sổ hồng,Trống / Nhà thô,10.8329326871238,106.727180210751,Chưa xác định,Thành phố Thủ Đức,Phường Hiệp Bình Chánh,,0,Đường 25,,,,,9.0,17.5
88.0,1.0,10.0,Sổ hồng,Trống / Nhà thô,21.0289486097874,105.852447225903,Chưa xác định,Thành phố Thủ Đức,Phường Long Phước,,0,Đường Long Phước,,,,,2.0,4.7
414.0,4.0,8.3,Sổ hồng,Trống / Nhà thô,10.8066567737603,106.718910246976,Chưa xác định,Quận Bình Thạnh,Phường 25,201.4,1,Đường Ung Văn Khiêm,5.322740814299901,0.0,0.0,94.67725918570011,60.0,66.0
62.0,4.0,8.0,Sổ hồng,Đầy đủ,10.7796942706241,106.668339176494,Hẻm ô tô,Quận 10,Phường 13,446.0,0,Đường Tô Hiến Thành,20.143497757847534,0.0,0.0,79.76681614349775,8.0,12.6
38.0,5.0,4.0,Sổ hồng,Đầy đủ,10.7875639139339,106.671253109639,Chưa xác định,Quận 3,Phường 11,2365.6,0,Đường Hoàng Sa,61.67357118701386,35.060027054447076,0.0,3.2685153872167736,19.0,9.9
86.0,4.0,12.0,Sổ hồng,Trống / Nhà thô,10.7602059635293,106.669912117894,Mặt tiền,Quận 5,Phường 9,1395.0,1,Đường Nguyễn Chí Thanh,84.12759856630824,0.0,0.0,15.898924731182795,13.0,27.8
61.0,2.0,7.5,Sổ hồng,Trống / Nhà thô,10.7262516703306,106.733568547539,Mặt tiền,Quận 7,Phường Phú Thuận,246.5,1,Đường Huỳnh Tấn Phát,0.0,0.0,0.0,100.0,5.0,6.16
43.0,2.0,4.0,Sổ hồng,Trống / Nhà thô,10.8401210997324,106.741220873898,Mặt tiền,Thành phố Thủ Đức,Phường Linh Tây,,0,Đường Kha Vạn Cân,,,,,8.0,4.5
100.0,4.0,20.0,Sổ hồng,Đầy đủ,10.7558129898221,106.606477744459,Chưa xác định,Quận Bình Tân,Phường Bình Trị Đông B,60.9,0,Đường Tên Lửa,0.0,0.0,0.0,100.0,9.0,15.5
55.0,3.0,12.0,Sổ hồng,Trống / Nhà thô,10.828756841271266,106.62004362791777,Chưa xác định,Quận 12,Phường Tân Thới Nhất,16665.5,1,Đường Phan Văn Hớn,11.868470792955508,0.0,88.13164921544508,0.0,9.0,7.0
39.0,2.0,4.0,Sổ hồng,Trống / Nhà thô,10.8580404493092,106.744663600227,Chưa xác định,Thành phố Thủ Đức,Phường Linh Đông,,0,Đường Số 8,,,,,4.0,4.2
64.0,5.0,6.0,Sổ hồng,Đầy đủ,10.8195263975008,106.702647529712,Chưa xác định,Quận Bình Thạnh,Phường 13,3209.8,0,Đường Nơ Trang Long,43.96255218393669,1.102249361330924,0.0,54.934263817060256,8.0,10.99
82.0,4.0,6.0,Sổ hồng,Đầy đủ,10.761702142187,106.590580121107,Chưa xác định,Quận Bình Tân,Phường Tân Tạo,1530.9,0,Unknown,74.4901691815272,1.271800901430531,0.0,24.23802991704226,8.0,6.8
92.0,9.0,24.2,Sổ hồng,Đầy đủ,10.7762946174789,106.700956199693,Mặt tiền,Quận 1,Phường Bến Nghé,16738.8,1,Đường Lê Thánh Tôn,84.17168494754702,15.346261380744139,0.4822926374650513,0.0,11.0,110.0
121.0,5.0,18.9,Sổ hồng,Cao cấp,10.7937841515297,106.708631159818,Chưa xác định,Quận Bình Thạnh,Phường 19,128.0,1,Đường Xô Viết Nghệ Tĩnh,87.7734375,0.0,0.0,12.2109375,13.0,27.0
457.0,1.0,20.0,Sổ hồng,Cơ bản,10.7599926719877,106.673152516105,Mặt tiền,Quận 5,Phường 9,24736.4,0,Đường Hùng Vương,58.05529503080481,3.194765608576834,29.987063598583465,8.762794909526042,2.0,200.0
57.0,3.0,8.0,Sổ hồng,Đầy đủ,10.8014870118234,106.800793542689,Chưa xác định,Quận 9,Phường Phú Hữu,,0,Đường Bưng Ông Thoàn,,,,,6.0,7.0
75.0,3.0,12.0,Sổ hồng,Cơ bản,10.7348160215692,106.613154329177,Mặt tiền,Quận Bình Tân,Phường Bình Trị Đông B,14190.3,0,Đường Kinh Dương Vương,98.00116981318224,0.0,0.0,1.9990415988386436,6.0,6.8
53.0,2.0,10.0,Sổ hồng,Đầy đủ,10.8652489483524,106.684227291442,Chưa xác định,Quận 12,Phường Thạnh Lộc,199.9,0,Đường Thạnh Lộc 26,0.0,0.0,0.0,100.0,5.0,5.3
46.0,4.0,6.0,Sổ hồng,Cơ bản,10.8010417191414,106.656472737563,Mặt tiền,Quận Tân Bình,Phường 4,2838.1,0,Đường Cộng Hòa,97.20023959691343,0.0,0.0,2.801169796694972,9.0,10.2
64.0,3.0,5.8,Sổ hồng,Trống / Nhà thô,10.7529222973732,106.597308766389,Mặt tiền,Quận Bình Tân,Phường Tân Tạo,91301.6,1,Đường Số 48A,0.0,0.10008586925092222,0.0,0.3107174463536236,9.0,7.6
122.0,4.0,16.0,Sổ hồng,Đầy đủ,10.7578292038537,106.706445288116,Chưa xác định,Quận 4,Phường 6,833.0,1,Đường Tôn Đản,85.65186074429772,0.0,0.0,14.34453781512605,28.0,15.5
222.0,4.0,7.0,Sổ hồng,Đầy đủ,10.729378828058,106.707415289916,Chưa xác định,Quận 7,Phường Tân Phong,707353.2,1,Đường Nguyễn Văn Linh,34.28193581367837,19.24510131572177,0.0,46.47296145687897,13.0,66.0
129.0,4.0,25.0,Sổ hồng,Trống / Nhà thô,21.0289486097874,105.852447225903,Mặt tiền,Quận 9,Phường Phước Long B,,0,Đường D1,,,,,12.0,18.5
48.0,4.0,6.0,Sổ hồng,Đầy đủ,10.7514681230014,106.70179720716,Chưa xác định,Quận 7,Phường Tân Hưng,119958.53,0,Phố Trần Xuân Soạn,0.0,0.0,0.0,100.0,9.0,5.3
72.0,4.0,14.0,Sổ hồng,Trống / Nhà thô,10.8383688295943,106.636509355943,Mặt tiền,Quận Gò Vấp,Phường 14,974.2,1,Đường Phan Huy Ích,32.08786696776843,0.0,0.0,67.91110654896325,9.0,9.6
149.0,3.0,14.7,Sổ hồng,Trống / Nhà thô,10.7602873947292,106.67013477122,Chưa xác định,Quận 5,Phường 9,2906.0,1,Đường Nguyễn Chí Thanh,1.666207845836201,98.32174810736407,0.0,0.0,16.0,32.5
114.0,2.0,30.0,Sổ hồng,Đầy đủ,10.8072205704188,106.678237532205,Chưa xác định,Quận Phú Nhuận,Phường 4,222.2,0,Đường Nguyễn Kiệm,44.851485148514854,0.0,0.0,55.13951395139514,8.0,16.5
60.0,4.0,7.545454545454545,không có,Trống / Nhà thô,21.0289486097874,105.852447225903,Chưa xác định,Huyện Hóc Môn,Xã Xuân Thới Sơn,,1,Unknown,,,,,8.0,5.0
95.0,4.0,7.0,Sổ hồng,Đầy đủ,10.8098351306027,106.671388761492,Mặt tiền,Quận Tân Bình,Phường 2,1736.6,0,Đường Hồng Hà,10.810779684440863,0.0,2.3856961879534726,86.79949326269723,24.0,21.5
15.0,2.0,3.0,Sổ hồng,Đầy đủ,10.7647430030796,106.619200322172,Hẻm xe máy,Quận Bình Tân,Phường Bình Trị Đông,52.9,0,Đường Tân Hòa Đông,19.319470699432895,0.0,0.0,80.62381852551985,4.0,2.15
83.0,4.0,6.0,Sổ hồng,Cơ bản,10.7845609699879,106.772956930403,Chưa xác định,Quận 2,Phường Bình Trưng Đông,,0,Đường 42,,,,,9.0,9.5
49.0,3.0,6.833333333333334,Sổ hồng,Trống / Nhà thô,10.7857300096037,106.670843434595,Mặt tiền,Quận 3,Phường 11,78.0,1,Đường Đỗ Thị Lời,100.0,0.0,0.0,0.0,7.0,16.2
64.0,4.0,12.0,Sổ hồng,Đầy đủ,10.6846855793297,106.750059942034,Mặt tiền,Huyện Nhà Bè,Thị trấn Nhà Bè,,0,Đường Đào Tông Nguyên,,,,,9.0,7.68
54.0,5.0,4.0,Sổ hồng,Đầy đủ,10.7824069405989,106.608981184399,Chưa xác định,Quận Bình Tân,Phường Bình Hưng Hòa A,48.0,0,Đường Số 14,0.0,0.0,0.0,99.97916666666667,11.0,7.5
50.0,4.0,12.0,Sổ đỏ,Đầy đủ,10.8570856958381,106.699208391614,Chưa xác định,Quận 12,Phường An Phú Đông,1514.6,0,Đường Võ Thị Liễu,8.363924468506537,0.0,0.0,91.6380562524759,14.0,6.3
35.0,2.0,3.0,Sổ hồng,Cơ bản,10.7785230463819,106.672454217145,Mặt tiền,Quận 10,Phường 13,80.0,0,Đường Hòa Hưng,14.799999999999999,0.0,0.0,85.51249999999999,4.0,7.1
525.0,5.0,16.5,Sổ hồng,Trống / Nhà thô,10.8708231728285,106.68882127147,Mặt tiền,Quận 12,Phường Thạnh Lộc,116.9,1,Đường Thạnh Lộc 29,98.13515825491874,1.8648417450812662,0.0,0.0,12.0,42.5
18.0,4.0,2.0,Sổ hồng,Đầy đủ,10.784579730731,106.668293625306,Chưa xác định,Quận 3,Phường 11,1109.0,0,Đường Cách Mạng Tháng Tám,12.05590622182146,0.0,0.0,87.93146979260594,5.0,4.86
54.0,2.0,8.0,Sổ hồng,Đầy đủ,10.7728773287423,106.65518620237,Mặt tiền,Quận 11,Phường 15,77.9,0,Đường Số 3 Cư xá Lữ Gia,40.62901155327342,0.0,0.0,59.422336328626436,4.0,13.9
197.0,5.0,8.2,Sổ hồng,Trống / Nhà thô,10.8443802584137,106.769047767366,Mặt tiền,Thành phố Thủ Đức,Phường Bình Thọ,,1,Đường Thống Nhất,,,,,22.0,52.0
60.0,4.0,7.0,Sổ hồng,Đầy đủ,10.8632766179477,106.641130655824,Mặt tiền,Quận 12,Phường Tân Thới Hiệp,351.3,0,Đường Tân Thới Hiệp 6,14.332479362368348,0.0,0.0,85.67321377739823,10.0,7.69
51.0,3.0,6.0,Sổ hồng,Cơ bản,10.7380304305442,106.662572389856,Mặt tiền,Quận 8,Phường 5,132.9,1,Đường Bông Sao,10.902934537246049,0.0,0.0,89.11211437170805,5.0,5.7
113.0,2.0,6.0,Sổ đỏ,Trống / Nhà thô,10.8061972940294,106.69072097647,Hẻm ô tô,Quận Bình Thạnh,Phường 7,76.9,0,Đường Hoàng Hoa Thám,6.762028608582575,0.1820546163849155,0.0,92.99089726918075,8.0,20.0
104.0,5.0,5.0,Sổ hồng,Đầy đủ,10.7979499608298,106.699330551569,Hẻm ô tô,Quận Bình Thạnh,Phường 1,548.1,0,Đường Bùi Hữu Nghĩa,64.54844006568145,0.521802590768108,0.0,34.93158182813355,14.0,14.9
92.0,4.0,11.0,Sổ hồng,Cao cấp,10.7146089269621,106.734114628433,Mặt tiền,Quận 7,Phường Phú Mỹ,50568.7,0,Đường Số 4,23.702942729395854,43.206489389681764,0.0,33.090666756313695,11.0,17.3
99.0,3.0,8.0,Sổ hồng,Trống / Nhà thô,10.8037250923206,106.745677924178,Mặt tiền,Thành phố Thủ Đức,Phường Thảo Điền,,0,Đường Số 9,,,,,9.0,36.8
75.0,2.0,12.0,Sổ hồng,Trống / Nhà thô,10.7076532166745,106.735006504165,Chưa xác định,Quận 7,Phường Phú Mỹ,4661.4,1,Đường Huỳnh Tấn Phát,49.420560346676965,33.51182048311666,0.0,17.06719011455786,5.0,4.39
113.0,6.0,12.0,Sổ hồng,Đầy đủ,10.8738198305834,106.624550072354,Mặt tiền,Quận 12,Phường Tân Chánh Hiệp,,0,Đường Tân Chánh Hiệp 7,,,,,34.0,12.68
34.0,2.0,3.0,Sổ hồng,Cơ bản,10.769022162929,106.646919991508,Hẻm xe máy,Quận 11,Phường 14,25.4,0,Đường Số 100,51.49606299212599,0.0,0.0,48.58267716535433,5.0,6.3
60.0,2.0,20.0,Sổ hồng,Đầy đủ,10.829940602006,106.671291637918,Mặt tiền,Quận Gò Vấp,Phường 10,85.2,0,Đường Quang Trung,50.0,0.0,0.0,50.023474178403745,6.0,6.6
53.0,4.0,5.757142857142858,Sổ hồng,Trống / Nhà thô,10.8121666534358,106.700529364792,Hẻm ô tô,Quận Bình Thạnh,Phường 11,574.9,1,Đường Phan Văn Trị,77.99443381457645,0.0,0.0,18.914593842407378,8.0,7.1
156.0,4.0,7.0,Sổ hồng,Cơ bản,10.8123878451955,106.668783032353,Hẻm ô tô,Quận Tân Bình,Phường 2,631.2,0,Đường Yên Thế,0.0,0.0,0.0,99.99366286438529,13.0,26.0
56.0,4.0,8.0,Sổ hồng,Đầy đủ,10.7732261697139,106.62787378533,Mặt tiền,Quận Tân Phú,Phường Hiệp Tân,42.4,0,Đường Tô Hiệu,0.0,0.0,0.0,99.9056603773585,7.0,8.8
104.0,3.0,11.2,Sổ đỏ,Trống / Nhà thô,10.866139836655,106.614506532916,Mặt tiền,Quận 12,Phường Hiệp Thành,6223.6,1,Đường Nguyễn Ảnh Thủ,84.6150138183688,2.0727553184651972,0.0,12.930618934378815,8.0,10.15
60.0,1.0,7.0,Sổ hồng,Đầy đủ,10.8052985488614,106.66208146899,Mặt tiền,Quận Tân Bình,Phường 4,325.4,1,Đường Nguyễn Cảnh Dị,9.966195451751691,0.0,0.0,90.02458512599878,2.0,11.0
64.0,2.0,4.0,không có,Đầy đủ,10.7289768378416,106.656684872472,Hẻm ô tô,Huyện Bình Chánh,Xã Bình Hưng,240.9,0,Đường Quốc Lộ 50,0.0,0.0,0.0,100.0,5.0,3.7
199.0,7.0,17.9,Sổ hồng,Trống / Nhà thô,10.7953260596445,106.690479133397,Chưa xác định,Quận 1,Phường Tân Định,37.6,1,Đường Hoàng Sa,0.0,0.0,0.0,100.0,10.0,85.0
72.0,4.0,4.0,Sổ hồng,Đầy đủ,10.7590863719543,106.687419006152,Hẻm ô tô,Quận 1,Phường Cầu Kho,5525.2,0,Đường Trần Hưng Đạo,92.2766596684283,0.10189676391804822,0.0,7.62053862303627,10.0,9.99
411.0,5.0,10.0,Sổ hồng,Trống / Nhà thô,10.8398466526631,106.7950740633,Mặt tiền,Thành phố Thủ Đức,Phường Tăng Nhơn Phú A,,0,Đường Lã Xuân Oai,,,,,14.0,57.0
79.0,3.0,12.066666666666666,Sổ hồng,Trống / Nhà thô,10.7951222305704,106.677118176575,Chưa xác định,Quận Phú Nhuận,Phường 15,227.0,1,Đường Nguyễn Đình Chính,0.0,0.0,0.0,99.98237885462555,7.0,11.9
50.0,4.0,5.0,Sổ hồng,Cơ bản,10.7993430054523,106.686968160718,Mặt tiền,Quận Phú Nhuận,Phường 1,,0,Đường Phan Xích Long,,,,,8.0,12.9
54.0,3.0,8.0,Sổ hồng,Đầy đủ,10.850059047538,106.695133919682,Hẻm ô tô,Quận 12,Phường An Phú Đông,13438.3,0,Đường Thạnh Lộc 19,8.11769345824993,0.0,0.0,91.88193447087801,7.0,5.65
68.0,3.0,10.0,Sổ hồng,Cơ bản,10.7231084353003,106.619465002523,Mặt tiền,Quận Bình Tân,Phường An Lạc,169.8,0,Đường An Dương Vương,26.301531213191986,0.0,0.0,73.67491166077738,6.0,6.9
74.0,4.0,12.0,Sổ hồng,Đầy đủ,10.8118516208175,106.708962660079,Mặt tiền,Quận Bình Thạnh,Phường 26,79.9,0,Đường Đinh Bộ Lĩnh,14.618272841051313,0.0,0.0,85.40675844806006,8.0,12.7
95.0,3.0,7.0,Sổ hồng,Trống / Nhà thô,10.7876277836352,106.686342497606,Mặt tiền,Quận 3,Phường Võ Thị Sáu,6272.2,0,Đường Nam Kỳ Khởi Nghĩa,82.48254201077772,0.0,3.688976754567775,13.828800102037563,9.0,24.0
37.0,4.0,10.0,Sổ hồng,Trống / Nhà thô,10.7545482568104,106.637307045409,Mặt tiền,Quận 6,Phường 12,2289.3,0,Đường Hồng Bàng,98.16319398942908,1.2064823308434893,0.0,0.27388284628489057,8.0,6.3
70.0,4.0,7.0,Sổ đỏ,Trống / Nhà thô,10.8402418553276,106.713802538313,Hẻm ô tô,Thành phố Thủ Đức,Phường Hiệp Bình Phước,,0,Đường Số 3,,,,,9.0,9.9
32.0,3.0,5.0,Sổ hồng,Cơ bản,10.809511,106.67444,Chưa xác định,Quận Phú Nhuận,Phường 9,6337.2,1,Đường Hoàng Minh Giám,96.31556523385723,0.0,3.6849081613330807,0.0,6.0,3.6
60.0,4.0,5.0,Sổ hồng,Trống / Nhà thô,10.7516014274156,106.701722631529,Chưa xác định,Quận 7,Phường Tân Hưng,140.34,0,Phố Trần Xuân Soạn,0.0,100.0,0.0,0.0,10.0,10.0
212.0,1.0,10.0,Sổ hồng,Trống / Nhà thô,10.8190745877806,106.603477163389,Chưa xác định,Quận Bình Tân,Phường Bình Hưng Hòa,1751.7,0,Đường Số 1,23.996118056744876,64.790774676029,0.0,11.211394645201803,4.0,14.2
94.0,1.0,7.0,Sổ hồng,Cơ bản,10.8201083612193,106.704439427562,Chưa xác định,Quận Bình Thạnh,Phường 13,11107.4,0,Phố Nguyễn Xí,17.723229558672596,0.0,82.27704053153754,0.0,4.0,12.3
26.0,3.0,3.0,Sổ hồng,Đầy đủ,10.810961109389,106.684619322416,Mặt tiền,Quận 3,Phường 4,57.7,0,Đường Nguyễn Thượng Hiền,78.63084922010398,0.0,0.0,21.351819757365682,8.0,4.85
18.0,3.0,3.0,Sổ đỏ,Đầy đủ,10.7844350165409,106.668995301333,Hẻm ô tô,Quận 3,Phường 11,550.0,1,Đường Cách Mạng Tháng Tám,19.970909090909092,0.0,72.38181818181818,7.674545454545455,5.0,4.85
153.0,4.0,20.0,Sổ hồng,Đầy đủ,10.7819206558214,106.662889631556,Mặt tiền,Quận 10,Phường 15,649.0,0,Đường Thất Sơn,2.081664098613251,0.0,0.0,97.91525423728814,9.0,36.0
170.0,5.0,13.4,Sổ hồng,Đầy đủ,10.7415791159822,106.698957377089,Mặt tiền,Quận 7,Phường Tân Hưng,498563.61,1,Đường Nguyễn Thị Thập,95.4990898754123,0.0,0.11544564995427567,4.385462468871324,16.0,61.0
160.0,1.0,12.0,Sổ hồng,Trống / Nhà thô,10.7444489082807,106.683442215247,Chưa xác định,Quận 8,Phường 2,117.2,0,Đường Âu Dương Lân,1.4675767918088736,0.0,0.0,98.53242320819112,4.0,12.8
56.0,4.0,2.0,Sổ hồng,Đầy đủ,10.7646130819987,106.652753696944,Mặt tiền,Quận 11,Phường 13,50.6,0,Đường Tuệ Tĩnh,23.142292490118578,0.0,0.0,76.81818181818181,9.0,10.0
28.0,2.0,5.0,Sổ hồng,Đầy đủ,10.8939324079833,106.603888785686,Mặt tiền,Huyện Hóc Môn,Xã Thới Tam Thôn,,0,Đường Trần Thị Bốc,,,,,4.0,2.4
80.0,4.0,7.666666666666667,Sổ hồng,Đầy đủ,10.8263254119993,106.765185474836,Mặt tiền,Quận 9,Phường Phước Long A,,1,Đường Tây Hòa,,,,,9.0,12.0
78.0,3.0,6.0,Sổ hồng,Đầy đủ,10.7662485898002,106.600245312282,Hẻm ô tô,Quận Bình Tân,Phường Bình Trị Đông A,523.8,0,Đường Hương lộ 2,52.042764413898446,47.96487208858343,0.0,0.0,8.0,7.88
51.0,2.0,6.0,Sổ hồng,Trống / Nhà thô,10.7315367121125,106.745007026292,Chưa xác định,Quận 7,Phường Phú Thuận,9782.4,1,Đường Huỳnh Tấn Phát,12.071270853778215,31.6465284592738,56.282200686947995,0.0,6.0,6.5
139.0,1.0,7.0,Sổ hồng,Trống / Nhà thô,10.8207522680967,106.63583322373,Chưa xác định,Quận Tân Bình,Phường 15,191.1,0,Đường Nguyễn Sỹ Sách,15.818942961800106,0.0,0.0,84.20198848770278,12.0,7.7
90.0,4.0,13.136363636363637,Sổ đỏ,Trống / Nhà thô,10.8267781452408,106.721137929613,Hẻm ô tô,Thành phố Thủ Đức,Phường Hiệp Bình Chánh,,1,Đường 18,,,,,10.0,10.8
60.0,2.0,6.0,Sổ hồng,Đầy đủ,10.7317272486577,106.616336988622,Hẻm ô tô,Quận Bình Tân,Phường An Lạc,1027.6,0,Đường Bùi Tư Toàn,15.579019073569484,0.0,0.0,84.4258466329311,6.0,5.95
64.0,2.0,3.5,Sổ hồng,Trống / Nhà thô,10.791413766736,106.663531796395,Chưa xác định,Quận Tân Bình,Phường 5,2094.3,1,Đường Hoàng Sa,52.51301150742491,47.349472377405334,0.0,0.13990354772477676,5.0,8.5
66.0,2.0,5.3999999999999995,Sổ hồng,Cơ bản,10.7711670417712,106.691055834037,Mặt tiền,Quận 10,Phường 15,3041.8,1,Đường Lê Thị Riêng,95.93628772437373,0.36984680123611013,3.6935367216779538,0.0,4.0,7.9
65.0,5.0,30.0,Sổ hồng,Trống / Nhà thô,10.7931825251591,106.687208180764,Chưa xác định,Quận 1,Phường Tân Định,73.1,0,Đường Nguyễn Văn Nguyễn,0.0,0.0,0.0,100.0,9.0,26.0
74.0,4.0,10.0,Sổ hồng,Đầy đủ,10.8116634164719,106.708795474055,Hẻm xe máy,Quận Bình Thạnh,Phường 26,81.3,0,Đường Đinh Bộ Lĩnh,3.234932349323493,0.0,0.0,96.74046740467406,8.0,12.9
38.0,2.0,7.5,Sổ hồng,Đầy đủ,10.7875853199583,106.698349069064,Chưa xác định,Quận 1,Phường Đa Kao,3363.2,1,Đường Nguyễn Đình Chiểu,0.7903187440532826,99.20997859181733,0.0,0.0,4.0,7.5
53.0,3.0,5.5,Sổ hồng,Cao cấp,10.8425719920083,106.642599558947,Hẻm ô tô,Quận Gò Vấp,Phường 14,4018.4,1,Đường Quang Trung,82.11253235118456,0.0,0.0,17.887965359347003,9.0,7.6
54.0,4.0,8.0,Sổ hồng,Trống / Nhà thô,10.795895934177,106.678109732769,Mặt tiền,Quận Phú Nhuận,Phường 15,1024.6,1,Đường Trần Huy Liệu,8.808315440171775,91.19266055045873,0.0,0.0,9.0,10.0
53.0,2.0,5.0,Sổ hồng,Trống / Nhà thô,10.7912168825301,106.685654572913,Mặt tiền,Quận 3,Phường Võ Thị Sáu,31.4,1,Đường Lý Chính Thắng,0.0,0.0,100.0,0.0,5.0,7.68
39.0,3.0,12.0,Sổ hồng,Cơ bản,10.7530904604259,106.672005452818,Chưa xác định,Quận 5,Phường 7,3101.2,1,Đường Trần Hưng Đạo,69.92357796981815,0.0,0.0,30.07545466271121,5.0,5.68
32.0,2.0,6.0,Sổ hồng,Trống / Nhà thô,10.6928461538267,106.74058246812,Mặt tiền,Huyện Nhà Bè,Thị trấn Nhà Bè,51.9,0,Đường Huỳnh Tấn Phát,4.720616570327554,0.0,0.0,95.27938342967246,4.0,1.98
56.0,3.0,3.0,Sổ hồng,Đầy đủ,10.8293789013136,106.671230449446,Hẻm ô tô,Quận Gò Vấp,Phường 10,1668.6,0,Đường Quang Trung,25.07371449119022,74.82799952055615,0.0,0.10068320747932398,7.0,6.3
68.0,3.0,6.0,Sổ hồng,Trống / Nhà thô,10.7717804284846,106.646222195856,Hẻm ô tô,Quận 11,Phường 5,55.0,0,Đường Lạc Long Quân,4.090909090909091,0.0,0.0,95.92727272727272,7.0,9.1
162.0,5.0,30.0,không có,Trống / Nhà thô,10.840561739654,106.844748492001,Chưa xác định,Quận 9,Phường Long Thạnh Mỹ,,0,Unknown,,,,,7.0,22.0
117.0,5.0,5.0,Sổ hồng,Đầy đủ,10.8688367305673,106.608127727468,Mặt tiền,Huyện Hóc Môn,Xã Trung Chánh,3588.3,0,Đường Nguyễn Ảnh Thủ,0.0,47.072429841429084,0.0,52.926455424574314,17.0,12.99
97.0,4.0,5.0,Sổ hồng,Đầy đủ,10.757973105934244,106.6798177105606,Mặt tiền,Quận 5,Phường 3,1811.5,0,Đường Nguyễn Trãi,60.28539884073971,0.0,0.0,39.71515318796578,10.0,16.7
47.0,3.0,9.0,Sổ hồng,Đầy đủ,10.8864882276631,106.633323560816,Hẻm ô tô,Quận 12,Phường Hiệp Thành,7590.8,0,Đường Bùi Văn Ngữ,12.789561047583916,0.0,0.0,87.21030721399589,9.0,5.2
124.0,5.0,12.6,Sổ hồng,Trống / Nhà thô,10.7903759534208,106.692444188507,Chưa xác định,Quận 1,Phường Tân Định,59.0,1,Đường Thạch Thị Thanh,10.796610169491526,0.0,0.0,89.25423728813558,7.0,50.0
110.0,5.0,8.0,Sổ hồng,Trống / Nhà thô,10.7828113348833,106.776590273101,Mặt tiền,Quận 2,Phường Bình Trưng Đông,,1,Đường Nguyễn Duy Trinh,,,,,10.0,24.9
180.0,3.0,10.0,Sổ hồng,Đầy đủ,10.7272443410133,106.715047231313,Chưa xác định,Quận 7,Phường Tân Phong,921306.6,0,Unknown,18.16232837146722,22.868941783332502,0.0,58.968724418125305,9.0,55.0
266.0,2.0,10.0,Sổ hồng,Đầy đủ,10.7816340367156,106.527356753801,Mặt tiền,Huyện Bình Chánh,Xã Lê Minh Xuân,54.3,0,Đường Lô 2,39.53959484346225,0.0,60.40515653775322,0.0,5.0,5.75
90.0,3.0,6.7,Sổ hồng,Đầy đủ,10.8083396615452,106.684204967681,Mặt tiền,Quận Bình Thạnh,Phường 6,366.3,1,Đường Nguyễn Thượng Hiền,59.96723996723996,0.0,0.0,40.03276003276003,23.0,16.9
82.0,5.0,8.0,Sổ hồng,Đầy đủ,10.8799285338715,106.66549511298,Hẻm ô tô,Quận 12,Phường Thạnh Lộc,4815.2,0,Đường Thạnh Xuân 25,86.31562551918924,5.631957135736833,0.0,8.049509885363017,10.0,7.29
95.0,5.0,24.8,Sổ hồng,Trống / Nhà thô,10.8142932562028,106.623811500366,Hẻm ô tô,Quận Tân Phú,Phường Tây Thạnh,1632.4,1,Đường Tây Thạnh,84.4535653026219,0.0,0.0,15.548885077186963,11.0,12.1
144.0,5.0,13.0,Sổ hồng,Trống / Nhà thô,10.8546391667629,106.752986038833,Mặt tiền,Thành phố Thủ Đức,Phường Trường Thạnh,,1,Đường Lò Lu,,,,,16.0,16.0
219.0,4.0,20.0,Sổ hồng,Đầy đủ,10.8588727744512,106.777850119392,Mặt tiền,Thành phố Thủ Đức,Phường Linh Trung,,0,Đường Lê Văn Chí,,,,,11.0,35.0
51.0,5.0,7.0,Sổ hồng,Trống / Nhà thô,10.7982439782269,106.592186680068,Chưa xác định,Quận Bình Tân,Phường Bình Hưng Hòa B,9456.2,0,Đường Liên khu 4-5,21.260019881136184,14.685180093483638,0.0,64.05490577610456,9.0,6.3
54.0,2.0,7.0,Sổ hồng,Trống / Nhà thô,10.7985684798303,106.686137169217,Chưa xác định,Quận Phú Nhuận,Phường 2,48.6,0,Unknown,0.0,0.0,0.0,100.0,3.0,7.9
90.0,4.0,6.0,Sổ hồng,Trống / Nhà thô,10.810000850189,106.67131577961,Mặt tiền,Quận Tân Bình,Phường 2,3206.0,0,Đường Hồng Hà,98.17155333749218,0.0,1.8287585776668744,0.0,10.0,16.8
48.0,4.0,16.0,Sổ hồng,Đầy đủ,10.7914016112549,106.663315745015,Mặt tiền,Quận Tân Bình,Phường 5,3047.4,0,Đường Hoàng Sa,57.87753494782437,42.12246505217562,0.0,0.0,8.0,12.3
112.0,3.0,6.0,Sổ đỏ,Cơ bản,10.7897908003313,106.702358881849,Hẻm ô tô,Quận 1,Phường Đa Kao,2007.7,0,Đường Nguyễn Bỉnh Khiêm,97.66897444837377,0.0,2.3335159635403695,0.0,8.0,29.5
52.0,4.0,6.0,Sổ hồng,Đầy đủ,10.8193425339615,106.702604128114,Hẻm ô tô,Quận Bình Thạnh,Phường 13,350.0,0,Đường Nơ Trang Long,47.98571428571428,0.0,0.0,52.017142857142865,18.0,11.7
40.0,5.0,5.0,Sổ hồng,Đầy đủ,10.8349694048916,106.68388667487,Chưa xác định,Quận Gò Vấp,Phường 6,88.5,0,Đường Dương Quảng Hàm,42.259887005649716,0.0,0.0,57.68361581920903,8.0,7.0
420.0,5.0,10.1,Sổ hồng,Trống / Nhà thô,10.8151953613871,106.672991527392,Mặt tiền,Quận Tân Bình,Phường 2,1132.9,1,Đường Bạch Đằng,99.31503221820105,0.0,0.0,0.6840850913584605,15.0,147.0
56.0,3.0,4.0,Sổ hồng,Đầy đủ,10.7933721248558,106.717894932319,Hẻm ô tô,Quận Bình Thạnh,Phường 22,2955.0,0,Đường Ngô Tất Tố,88.64805414551607,0.0,0.0,11.352961082910323,4.0,7.99
84.0,5.0,20.0,Sổ hồng,Cơ bản,10.7498431366779,106.722747093185,Chưa xác định,Quận 7,Phường Tân Thuận Tây,3907.9,0,Đường Nguyễn Văn Linh,91.22265155198444,0.0,0.0,0.0,12.0,13.3
64.0,2.0,6.0,Sổ hồng,Cơ bản,10.795463270714,106.621916123883,Mặt tiền,Quận Tân Phú,Phường Tân Quý,577.6,0,Đường Gò Dầu,0.14196675900277006,99.851108033241,0.0,0.0,4.0,7.86
175.0,3.0,18.4,Sổ hồng,Đầy đủ,10.8033227143406,106.79581397121,Chưa xác định,Quận 9,Phường Phú Hữu,,1,Đường Liên Phường,,,,,13.0,25.5
64.0,4.0,10.0,Sổ hồng,Đầy đủ,10.6843627620128,106.750404595503,Chưa xác định,Huyện Nhà Bè,Thị trấn Nhà Bè,,0,Đường Đào Tông Nguyên,,,,,9.0,7.68
52.0,2.0,4.5,Sổ hồng,Trống / Nhà thô,10.8866705523229,106.724066046204,Hẻm ô tô,Thành phố Thủ Đức,Phường Bình Chiểu,,1,Đường Ngô Chí Quốc,,,,,5.0,4.3
17.0,3.0,8.5,Sổ hồng,Trống / Nhà thô,10.7404229743635,106.735462426922,Chưa xác định,Quận 7,Phường Phú Thuận,9940.3,1,Đường Nguyễn Văn Quỳ,40.937195054475225,2.1370582376789438,0.0,56.925545506674844,4.0,2.35
88.0,5.0,6.4,Sổ hồng,Đầy đủ,10.8094015063632,106.68499035137,Mặt tiền,Quận Phú Nhuận,Phường 5,85.6,1,Đường Hoàng Hoa Thám,40.5373831775701,0.0,0.0,59.40420560747665,18.0,20.5
64.0,3.0,6.0,Sổ hồng,Đầy đủ,10.7824909222675,106.608659990741,Chưa xác định,Quận Bình Tân,Phường Bình Hưng Hòa A,33.5,0,Đường Bình Long,99.85074626865672,0.0,0.0,0.11940298507462686,7.0,6.0
60.0,4.0,7.545454545454545,không có,Trống / Nhà thô,10.7385381719028,106.658956604602,Chưa xác định,Quận 8,Phường 5,1187.7,1,Đường Bùi Minh Trực,91.37661025511493,0.0,0.0,8.622547781426286,8.0,9.5
70.0,3.0,6.0,không có,Đầy đủ,10.8420617393236,106.630447236212,Hẻm ô tô,Quận 12,Phường Đông Hưng Thuận,99.5,0,Đường Nguyễn Văn Quá,36.23115577889447,0.0,0.0,63.75879396984925,9.0,9.68
82.0,4.0,13.0,không có,Trống / Nhà thô,10.7959794331808,106.631907368249,Mặt tiền,Quận Tân Phú,Phường Tân Sơn Nhì,9933.9,1,Đường Nguyễn Thế Truyện,72.22993990275722,1.1543301221071283,0.0,26.61583064053393,9.0,7.7
64.0,5.0,5.9,Sổ hồng,Đầy đủ,10.8435405264402,106.649088470492,Mặt tiền,Quận Gò Vấp,Phường 8,1419.2,1,Đường Nguyễn Văn Khối,2.72195603156708,0.0,0.0,97.27663472378805,13.0,15.5
71.0,4.0,7.0,Sổ hồng,Đầy đủ,10.8415378029097,106.725384742814,Chưa xác định,Thành phố Thủ Đức,Phường Hiệp Bình Chánh,,1,Unknown,,,,,9.0,8.68
57.0,3.0,4.0,Sổ hồng,Đầy đủ,10.6928942795046,106.740500746127,Chưa xác định,Huyện Nhà Bè,Thị trấn Nhà Bè,102.3,0,Đường Huỳnh Tấn Phát,15.503421309872923,0.0,0.0,84.4574780058651,9.0,6.2
61.0,2.0,6.0,Sổ hồng,Đầy đủ,10.7927917785168,106.707331415211,Chưa xác định,Quận Bình Thạnh,Phường 19,1378.8,1,Đường Phan Văn Hân,97.97214969538729,0.0,0.0,2.028575572961996,7.0,6.4
51.0,3.0,8.0,Sổ hồng,Trống / Nhà thô,10.8434589505756,106.650373262479,Mặt tiền,Quận Gò Vấp,Phường 11,2412.4,1,Đường Nguyễn Văn Khối,97.53523462112419,0.0,0.0,2.464350853921406,9.0,8.4
128.0,9.0,29.0,Sổ hồng,Đầy đủ,10.808930567943,106.664597351658,Mặt tiền,Quận Tân Bình,Phường 2,,1,Đường Trường Sơn,,,,,12.0,60.0
364.0,2.0,7.0,Sổ hồng,Trống / Nhà thô,10.8557693018901,106.772623831859,Mặt tiền,Thành phố Thủ Đức,Phường Linh Trung,,0,Đường Số 8,,,,,40.0,21.0
66.0,2.0,3.0,Sổ hồng,Đầy đủ,10.6917157635831,106.735936691597,Chưa xác định,Huyện Nhà Bè,Thị trấn Nhà Bè,1010.5,0,Đường Dương Cát Lợi,0.0,100.0,0.0,0.0,5.0,5.39
76.0,4.0,6.0,Sổ hồng,Đầy đủ,10.8080786581548,106.702751472795,Hẻm ô tô,Quận Bình Thạnh,Phường 12,320.3,0,Đường Bùi Đình Túy,0.0,0.0,0.0,99.98751170777396,26.0,12.9
94.0,3.0,9.15,Sổ hồng,Đầy đủ,10.810649589642,106.666466032686,Mặt tiền,Quận Tân Bình,Phường 2,142.2,1,Đường Cửu Long,99.68354430379748,0.0,0.0,0.3445850914205345,11.0,28.0
46.0,4.0,9.0,Sổ hồng,Trống / Nhà thô,10.7297396227084,106.63256410031,Chưa xác định,Quận 8,Phường 16,1590.0,1,Đường Phú Định,19.531446540880502,0.0,80.47169811320755,0.0,7.0,5.9
73.0,4.0,9.0,Sổ đỏ,Trống / Nhà thô,10.7775404361365,106.649636468043,Chưa xác định,Quận Tân Bình,Phường 9,69.6,1,Đường Lạc Long Quân,29.454022988505752,0.0,0.0,70.50287356321839,8.0,13.8
49.0,3.0,6.0,Sổ hồng,Cao cấp,10.805918558762,106.711701350784,Chưa xác định,Quận Bình Thạnh,Phường 25,366.2,0,Đường Xô Viết Nghệ Tĩnh,13.975969415619879,0.0,0.0,86.02949208083017,6.0,8.7
80.0,1.0,10.0,Sổ đỏ,Trống / Nhà thô,10.8413630436596,106.725435274347,Chưa xác định,Thành phố Thủ Đức,Phường Hiệp Bình Chánh,,0,Unknown,,,,,8.0,10.6
167.0,4.0,30.0,Sổ hồng,Cơ bản,10.8000676944298,106.674005997774,Mặt tiền,Quận Phú Nhuận,Phường 9,579606.9,0,Đường Hoàng Văn Thụ,13.500874471991276,85.7039676373763,0.0,0.14084200860962837,13.0,55.0
106.0,5.0,15.65,Sổ hồng,Trống / Nhà thô,10.8031083961953,106.716090017117,Mặt tiền,Quận Bình Thạnh,Phường 25,86.0,1,Đường Nguyễn Gia Trí,1.1627906976744187,0.0,0.0,98.84883720930233,11.0,25.0
95.0,2.0,6.0,Sổ hồng,Trống / Nhà thô,10.8555791967509,106.656916787668,Hẻm ô tô,Quận Gò Vấp,Phường 13,12550.5,0,Đường Lê Đức Thọ,12.381658101270867,87.61834189872914,0.0,0.0,6.0,9.5
54.0,4.0,6.0,Sổ hồng,Cơ bản,10.8451024630463,106.758528399213,Chưa xác định,Thành phố Thủ Đức,Phường Trường Thọ,,1,Đường Số 8,,,,,10.0,7.6
55.0,4.0,10.0,Sổ hồng,Đầy đủ,10.7935381894536,106.730613248077,Chưa xác định,Quận 2,Phường Bình Trưng Tây,,0,Đường Số 18,,,,,8.0,9.5
54.0,2.0,6.0,Sổ đỏ,Đầy đủ,10.8067392370899,106.684458946381,Hẻm ô tô,Quận Phú Nhuận,Phường 5,12593.6,0,Đường Thích Quảng Đức,7.821750730529792,0.0,0.0,92.1782492694702,6.0,9.5
85.0,3.0,6.0,không có,Trống / Nhà thô,10.83827148474387,106.6758014793507,Chưa xác định,Quận Gò Vấp,Phường 17,1436.1,0,Đường Nguyễn Văn Lượng,11.58624051249913,0.0,0.8390780586310147,87.57259243785252,5.0,8.48
58.0,2.0,50.0,Sổ hồng,Đầy đủ,10.8088781099488,106.686518904477,Mặt tiền,Quận Bình Thạnh,Phường 5,145.5,0,Đường Hoàng Hoa Thám,48.5360824742268,0.0,0.0,51.44329896907216,4.0,6.95
35.0,4.0,4.0,Sổ hồng,Đầy đủ,10.8051249632545,106.68208911799,Hẻm ô tô,Quận Phú Nhuận,Phường 5,14.1,0,Đường Thích Quảng Đức,15.74468085106383,0.0,0.0,84.60992907801419,7.0,8.3
72.0,5.0,10.0,Sổ hồng,Trống / Nhà thô,10.7657579840671,106.663394688203,Mặt tiền,Quận 10,Phường 14,3138.0,0,Đường 3/2,84.95251752708731,0.0,0.0,15.037284894837477,9.0,20.8
50.0,3.0,8.0,Sổ hồng,Cơ bản,10.7765507820415,106.651600281749,Hẻm ô tô,Quận Tân Bình,Phường 9,64.7,1,Unknown,3.2302936630602774,0.0,0.0,96.72333848531684,6.0,6.85
715.0,3.0,24.4,Sổ hồng,Cao cấp,10.8560750246003,106.618742585599,Mặt tiền,Quận 12,Phường Trung Mỹ Tây,,1,Unknown,,,,,11.0,66.0
162.0,5.0,13.0,Sổ hồng,Trống / Nhà thô,10.835891,106.842865,Chưa xác định,Quận 9,Phường Long Bình,,1,Đường Nguyễn Xiển,,,,,17.0,22.0
150.0,1.0,4.0,Sổ hồng,Cơ bản,10.8009701065204,106.688471156643,Mặt tiền,Quận Phú Nhuận,Phường 7,36.9,0,Đường Nhiêu Tứ,0.0,0.0,0.0,99.86449864498645,4.0,12.9
83.0,4.0,20.0,Sổ hồng,Trống / Nhà thô,10.7794280091691,106.638441953642,Mặt tiền,Quận Tân Phú,Phường Hòa Thạnh,45.6,0,Đường Huỳnh Thiện Lộc,0.0,0.0,0.0,100.0,9.0,13.5
51.0,4.0,6.0,Sổ hồng,Trống / Nhà thô,10.7986570133479,106.683024007814,Mặt tiền,Quận Phú Nhuận,Phường 1,120.3,0,Đường Phan Đình Phùng,3.466334164588529,0.0,0.0,96.55029093931837,7.0,8.7
52.0,4.0,10.666666666666668,Sổ đỏ,Trống / Nhà thô,10.7931536530769,106.676831615197,Chưa xác định,Quận Phú Nhuận,Phường 11,638.9,1,Đường Hồ Biểu Chánh,12.252308655501643,0.0,0.0,87.74299577398654,9.0,11.7
205.0,3.0,6.0,Sổ hồng,Đầy đủ,10.7898051124563,106.693823052444,Hẻm ô tô,Quận 1,Phường Tân Định,17485.9,0,Đường Võ Thị Sáu,74.00602771375794,25.993743530501725,0.0,0.0,7.0,42.0
157.0,4.0,20.0,Sổ hồng,Trống / Nhà thô,10.80599,106.79,Chưa xác định,Quận 9,Phường Phú Hữu,,0,Đường Số 8,,,,,10.0,27.0
100.0,4.0,16.599999999999998,Sổ hồng,Trống / Nhà thô,10.8300323054479,106.702756788818,Mặt tiền,Quận Bình Thạnh,Phường 13,5022.2,1,Đường Đặng Thùy Trâm,30.362191868105608,17.282864083469395,0.0,52.35394846879854,9.0,18.5
53.0,3.0,4.0,Sổ hồng,Đầy đủ,10.7992021790946,106.718365805642,Hẻm ô tô,Quận Bình Thạnh,Phường 22,5640.4,0,Đường Điện Biên Phủ,99.06070491454507,0.0,0.0,0.9392950854549322,7.0,6.95
63.0,3.0,6.0,Sổ hồng,Đầy đủ,10.8196027180477,106.702678987257,Hẻm ô tô,Quận Bình Thạnh,Phường 13,1282.0,0,Đường Nơ Trang Long,51.07098283931357,0.0,0.0,48.93135725429017,7.0,10.0
50.0,3.0,5.0,không có,Trống / Nhà thô,10.8436262853659,106.845518912421,Chưa xác định,Quận 9,Phường Long Bình,,1,Unknown,,,,,8.0,5.8
51.0,3.0,8.0,Sổ hồng,Đầy đủ,10.7947930670967,106.657106885139,Mặt tiền,Quận Tân Bình,Phường 4,94.5,1,Đường Nguyễn Đình Khơi,0.0,0.0,0.0,99.95767195767196,9.0,8.8
75.0,3.0,8.0,Sổ hồng,Trống / Nhà thô,10.79408782685,106.668278958688,Hẻm ô tô,Quận Tân Bình,Phường 1,116.9,0,Đường Lê Văn Sỹ,20.966638152266896,0.0,0.0,79.0590248075278,7.0,14.5
170.0,4.0,12.8,Sổ hồng,Đầy đủ,10.8142862356878,106.697770032625,Mặt tiền,Quận Bình Thạnh,Phường 11,1260.6,1,Đường Nơ Trang Long,95.48865619546248,0.0,0.0,4.512137077582104,41.0,32.9
53.0,4.0,6.0,Sổ hồng,Trống / Nhà thô,10.8425429094058,106.642783048063,Chưa xác định,Quận Gò Vấp,Phường 14,4018.4,1,Đường Quang Trung,82.11253235118456,0.0,0.0,17.887965359347003,9.0,7.6
330.0,3.0,10.0,Sổ hồng,Đầy đủ,10.7914676968809,106.605176067913,Mặt tiền,Quận Bình Tân,Phường Bình Hưng Hòa A,151.1,0,Đường Tân Kỳ Tân Quý,29.503639973527466,0.0,0.0,70.52945069490404,10.0,19.6
316.0,7.0,33.9,Sổ hồng,Trống / Nhà thô,10.8300156642644,106.702156634826,Mặt tiền,Quận Bình Thạnh,Phường 13,2379.9,1,Đường Đặng Thùy Trâm,7.752426572545065,0.0,0.0,92.24757342745494,11.0,110.0
68.0,5.0,7.6,Sổ hồng,Trống / Nhà thô,10.7869450304287,106.701648048075,Hẻm ô tô,Quận 1,Phường Đa Kao,22035.2,1,Đường Nguyễn Thị Minh Khai,4.127759221609061,0.0,95.87078855649142,0.0,17.0,22.0
109.0,3.0,6.683333333333333,Sổ hồng,Trống / Nhà thô,10.8094037755999,106.692987638139,Hẻm ô tô,Quận Bình Thạnh,Phường 7,237.2,1,Đường Lê Quang Định,11.374367622259697,0.0,0.0,88.62141652613829,9.0,13.0
40.0,2.0,8.0,Sổ hồng,Đầy đủ,10.764653867162,106.616330924929,Chưa xác định,Quận Bình Tân,Phường Bình Trị Đông,1912.0,0,Đường Ao Đôi,68.26464435146443,0.0,1.4843096234309623,30.252092050209207,5.0,5.44
160.0,4.0,20.0,không có,Cơ bản,10.7274964076932,106.722857656574,Mặt tiền,Quận 7,Phường Tân Phú,1117149.9,0,Đường Số 10,24.929655366750694,31.312650164494492,0.0,42.81218124801337,12.0,35.0
63.0,3.0,6.0,Sổ hồng,Đầy đủ,10.8194563115793,106.70239742241,Hẻm ô tô,Quận Bình Thạnh,Phường 13,3209.8,0,Đường Nơ Trang Long,43.96255218393669,1.102249361330924,0.0,54.934263817060256,6.0,11.0
80.0,4.0,8.1875,Sổ hồng,Trống / Nhà thô,10.7799550689986,106.667702058295,Hẻm ô tô,Quận 10,Phường 13,42832.0,1,Đường Tô Hiến Thành,8.418588905491221,91.34313130369817,0.0,0.23762607396339186,9.0,13.0
31.0,4.0,3.0,Sổ hồng,Trống / Nhà thô,10.7560503710224,106.685806896739,Chưa xác định,Quận 1,Phường Cầu Kho,58.4,0,Đường Nguyễn Văn Cừ,50.49657534246575,0.0,0.0,49.45205479452055,5.0,6.6
111.0,3.0,6.0,Sổ hồng,Đầy đủ,10.6847263503291,106.750437934007,Hẻm ô tô,Huyện Nhà Bè,Thị trấn Nhà Bè,,0,Đường Đào Tông Nguyên,,,,,11.0,6.99
60.0,4.0,7.545454545454545,không có,Trống / Nhà thô,10.7889043194225,106.695839214783,Chưa xác định,Quận 1,Phường Đa Kao,155.9,1,Đường Điện Biên Phủ,41.05195638229634,0.0,58.92238614496472,0.0,8.0,21.8
96.0,5.0,12.0,Sổ hồng,Cơ bản,10.835173191880347,106.84300452456652,Chưa xác định,Quận 9,Phường Long Bình,,0,Đường Nguyễn Xiển,,,,,4.0,16.5
85.0,2.0,5.0,Sổ hồng,Trống / Nhà thô,10.795875187327,106.706867931159,Hẻm ô tô,Quận Bình Thạnh,Phường 17,71.4,1,Đường Nguyễn Cửu Vân,20.994397759103638,0.0,0.0,79.06162464985994,9.0,12.0
196.0,2.0,10.0,Sổ hồng,Cơ bản,10.8474158647529,106.717030834063,Chưa xác định,Thành phố Thủ Đức,Phường Hiệp Bình Phước,,0,Đường Số 9,,,,,25.0,18.5
40.0,5.0,2.0,Sổ hồng,Đầy đủ,10.7556265216306,106.701330165796,Chưa xác định,Quận 4,Phường 4,79.9,0,Đường Khánh Hội,27.23404255319149,0.0,0.0,72.75344180225282,9.0,6.35
57.0,5.0,8.0,Sổ hồng,Trống / Nhà thô,10.7635899272574,106.678441504783,Mặt tiền,Quận 5,Phường 4,2567.0,1,Đường Hùng Vương,75.07206856252435,0.0,0.0,24.92442539929879,9.0,19.0
100.0,4.0,6.0,Sổ hồng,Trống / Nhà thô,10.6928628047504,106.740871732198,Hẻm ô tô,Huyện Nhà Bè,Thị trấn Nhà Bè,3078.9,0,Đường Huỳnh Tấn Phát,90.07047971678196,0.0,0.0,9.929195491896458,12.0,6.9
90.0,4.0,12.0,Sổ hồng,Đầy đủ,10.7338230191083,106.697152947806,Chưa xác định,Quận 7,Phường Phú Mỹ,183786.4,0,Đường D6,18.66234933596828,81.33766154622975,0.0,0.0,9.0,17.9
47.0,4.0,6.0,Sổ hồng,Đầy đủ,10.8071527640791,106.695281386003,Chưa xác định,Quận Bình Thạnh,Phường 7,140.8,0,Đường Nơ Trang Long,1.3849431818181817,0.0,0.0,98.60795454545453,12.0,8.7
68.0,2.0,6.0,Sổ hồng,Đầy đủ,10.791865742659,106.671827306486,Hẻm ô tô,Quận Phú Nhuận,Phường 13,1653.3,0,Đường Huỳnh Văn Bánh,93.96177342285127,0.0,0.0,6.038831428052985,5.0,13.5
125.0,1.0,12.0,Sổ hồng,Trống / Nhà thô,10.8488169758077,106.781668364468,Mặt tiền,Quận 9,Phường Hiệp Phú,,0,Đường Trương Văn Thành,,,,,2.0,11.5
81.0,3.0,7.0,Sổ hồng,Trống / Nhà thô,10.8866054777511,106.767932515472,Chưa xác định,Thành phố Thủ Đức,Phường Linh Xuân,,1,Đường 11,,,,,5.0,5.3
174.0,3.0,20.0,Sổ hồng,Trống / Nhà thô,10.7930908880571,106.670255185453,Mặt tiền,Quận Phú Nhuận,Phường 10,249.9,1,Đường Lê Văn Sỹ,18.311324529811923,0.0,0.0,81.69667867146858,11.0,65.0
144.0,3.0,12.0,Sổ hồng,Trống / Nhà thô,10.7295251647766,106.63237455328,Mặt tiền,Quận 8,Phường 16,1865.3,0,Đường Phú Định,99.58612555621079,0.0,0.0,0.4122661234117837,30.0,12.8
44.0,2.0,7.0,Sổ hồng,Đầy đủ,10.8294979663295,106.670844215129,Mặt tiền,Quận Gò Vấp,Phường 10,1022.2,1,Đường Quang Trung,6.74721189591078,0.0,0.0,93.25376638622579,6.0,6.48
59.0,1.0,2.0,Sổ hồng,Đầy đủ,10.7845983326923,106.759100808423,Chưa xác định,Quận 2,Phường Bình Trưng Tây,,1,Đường 5,,,,,3.0,6.2
183.0,5.0,16.0,Sổ hồng,Trống / Nhà thô,10.8118929570403,106.624022138732,Mặt tiền,Quận Tân Phú,Phường Tây Thạnh,485.6,0,Đường Nguyễn Hữu Tiến,6.282948929159803,0.0,0.0,93.72528830313014,6.0,22.0
200.0,4.0,6.333333333333334,Sổ hồng,Trống / Nhà thô,10.7894576065227,106.675129460193,Mặt tiền,Quận 3,Phường 12,1555.2,1,Đường Lê Văn Sỹ,94.44058641975307,0.0,0.0,5.554912551440329,14.0,75.0
55.0,2.0,4.6000000000000005,Sổ hồng,Đầy đủ,10.747161031725,106.728973001023,Chưa xác định,Quận 7,Phường Tân Thuận Đông,1506.7,1,Đường Huỳnh Tấn Phát,79.0382956129289,0.0,0.0,20.96303179133205,5.0,7.2
67.0,1.0,3.9,Sổ hồng,Trống / Nhà thô,10.7033195850195,106.703738662411,Chưa xác định,Huyện Nhà Bè,Xã Phước Kiển,4800.1,1,Đường Lê Văn Lương,18.2681610799775,0.0,1.6522572446407364,0.0,7.0,5.45
160.0,6.0,16.2,không có,Trống / Nhà thô,10.8018372420631,106.649986981276,Chưa xác định,Quận Tân Bình,Phường 12,5771.6,1,Đường Cộng Hòa,45.31256497331763,0.0,0.0,54.66005960219004,12.0,40.0
84.0,7.0,8.0,Sổ hồng,Đầy đủ,10.7691396320491,106.67848067886,Hẻm ô tô,Quận 3,Phường 1,2931.3,0,Phố Nguyễn Thiện Thuật,20.36366117422304,0.0,48.78176918090949,30.855593081567907,14.0,26.0
73.0,3.0,9.2,Sổ hồng,Đầy đủ,10.7976639404631,106.658036063039,Chưa xác định,Quận Tân Bình,Phường 4,2755.2,1,Đường Hoàng Văn Thụ,98.81133855981416,0.0,0.0,1.1882984901277587,8.0,9.45
60.0,4.0,14.65,Sổ đỏ,Trống / Nhà thô,10.7580202517648,106.688917431552,Hẻm ô tô,Quận 1,Phường Cầu Kho,42.5,1,Đường Bến Chương Dương,6.188235294117646,0.0,0.0,93.78823529411765,15.0,16.8
107.0,5.0,6.0,Sổ hồng,Trống / Nhà thô,10.7606534852277,106.688780316556,Mặt tiền,Quận 1,Phường Nguyễn Cư Trinh,4746.0,0,Đường Trần Hưng Đạo,89.63737884534346,1.7951959544879899,0.0,8.568057311420144,14.0,42.0
56.0,6.0,8.0,Sổ hồng,Cơ bản,10.8350484724194,106.683996561903,Hẻm ô tô,Quận Gò Vấp,Phường 6,110.2,0,Đường Dương Quảng Hàm,55.64428312159709,0.0,0.0,44.33756805807622,10.0,10.9
44.0,2.0,3.0,Sổ hồng,Đầy đủ,10.8159383491271,106.69520963293,Chưa xác định,Quận Bình Thạnh,Phường 11,736.3,1,Đường Phan Văn Trị,93.2106478337634,0.0,0.0,6.787994024174929,5.0,6.79
55.0,4.0,6.75,Sổ hồng,Đầy đủ,10.8632853384209,106.639431562803,Hẻm ô tô,Quận 12,Phường Tân Thới Hiệp,7072.6,1,Đường Tân Thới Hiệp 21,58.79931001329073,0.0,0.0,41.200831377428386,9.0,7.15
47.0,4.0,4.5,Sổ hồng,Trống / Nhà thô,10.7925503215616,106.668067402961,Mặt tiền,Quận Phú Nhuận,Phường 14,1171.8,1,Đường Đặng Văn Ngữ,95.54190134835297,0.0,0.0,4.456391875746714,9.0,12.8
81.0,3.0,5.0,Sổ hồng,Trống / Nhà thô,10.8494320136808,106.650922660828,Hẻm ô tô,Quận Gò Vấp,Phường 9,106.5,1,Đường Phạm Văn Chiêu,44.70422535211267,0.0,0.0,55.31455399061033,8.0,8.4
293.0,8.0,23.2,Sổ hồng,Trống / Nhà thô,10.7911001415258,106.637098912041,Mặt tiền,Quận Tân Phú,Phường Tân Thành,104.1,1,Đường Lũy Bán Bích,61.03746397694525,0.0,0.0,38.972142170989436,12.0,86.0
42.0,3.0,4.0,Sổ hồng,Đầy đủ,10.7908885789972,106.714371822547,Chưa xác định,Quận Bình Thạnh,Phường 22,116.3,1,Đường Ngô Tất Tố,0.0,0.0,0.0,100.0,6.0,5.1
55.0,2.0,5.333333333333334,Sổ hồng,Trống / Nhà thô,10.7828159977853,106.626543634405,Mặt tiền,Quận Tân Phú,Phường Phú Thọ Hòa,4397.1,1,Đường Nguyễn Sơn,98.95885924814081,0.0,0.0,1.0400036387619112,5.0,6.3
75.0,2.0,5.0,Sổ hồng,Trống / Nhà thô,10.8442367369303,106.762182580232,Mặt tiền,Thành phố Thủ Đức,Phường Trường Thọ,,0,Đường Đặng Văn Bi,,,,,4.0,6.9
136.0,10.0,27.5,Sổ hồng,Cơ bản,10.7721418779458,106.669729465062,Mặt tiền,Quận 10,Phường 12,165.0,1,Đường Sư Vạn Hạnh,12.46060606060606,0.0,0.0,87.65454545454546,15.0,133.0
17.0,5.0,2.0,Sổ hồng,Trống / Nhà thô,10.7664128733139,106.694588464907,Chưa xác định,Quận 1,Phường Phạm Ngũ Lão,68.4,0,Đường Đề Thám,65.39473684210525,0.0,0.0,34.5906432748538,8.0,7.0
233.0,2.0,8.0,Sổ hồng,Đầy đủ,10.831878313819,106.729514213945,Mặt tiền,Thành phố Thủ Đức,Phường Hiệp Bình Chánh,,1,Đường Số 1,,,,,6.0,38.0
56.0,4.0,12.0,Sổ hồng,Đầy đủ,10.7342456814125,106.657951333285,Chưa xác định,Quận 8,Phường 5,9370.4,1,Phố Tạ Quang Bửu,42.10716725006404,19.59041236233245,0.0,38.301993511482976,8.0,10.49
140.0,1.0,20.0,Sổ hồng,Đầy đủ,10.7897425814385,106.734800857103,Mặt tiền,Quận 2,Phường An Khánh,,0,Đường Số 14,,,,,12.0,28.0
201.0,2.0,3.0,Sổ hồng,Trống / Nhà thô,10.8062252325995,106.705210380667,Hẻm ô tô,Quận Bình Thạnh,Phường 24,47.2,0,Đường Phan Chu Trinh,0.0,0.0,0.0,100.0,13.0,17.5
54.0,3.0,7.0,Sổ đỏ,Trống / Nhà thô,10.8015803503429,106.822062313458,Chưa xác định,Thành phố Thủ Đức,Phường Long Trường,,0,Đường Trường Lưu,,,,,8.0,5.8
55.0,4.0,9.0,Sổ hồng,Cơ bản,10.8457956306734,106.718264976582,Chưa xác định,Thành phố Thủ Đức,Phường Hiệp Bình Phước,,0,Đường Quốc Lộ 13,,,,,8.0,8.3
136.0,3.0,14.4,Sổ hồng,Trống / Nhà thô,10.7815621711029,106.674395039335,Chưa xác định,Quận 10,Phường 13,110.0,1,Đường Cách Mạng Tháng Tám,41.872727272727275,0.0,0.0,58.41818181818182,7.0,18.0
374.0,4.0,37.0,Sổ hồng,Trống / Nhà thô,10.7584649965115,106.764788454753,Mặt tiền,Quận 2,Phường Thạnh Mỹ Lợi,,1,Đường Nguyễn Văn Kỉnh,,,,,15.0,95.0
131.0,4.0,10.0,Sổ hồng,Đầy đủ,10.791164382014,106.698995491759,Hẻm ô tô,Quận 1,Phường Đa Kao,370.0,0,Đường Mai Thị Lựu,3.2486486486486483,0.0,96.75675675675676,0.0,15.0,38.3
128.0,5.0,14.0,Sổ hồng,Đầy đủ,10.8305753710283,106.705723779432,Chưa xác định,Quận Bình Thạnh,Phường 13,36014.6,0,Đường Bình Lợi,12.228623946954848,87.7714871191128,0.0,0.0,10.0,16.7
60.0,4.0,8.0,Sổ hồng,Đầy đủ,10.8800307404173,106.665595880607,Hẻm ô tô,Quận 12,Phường Thạnh Xuân,2208.3,0,Đường Thạnh Xuân 25,19.443916134583162,0.0,0.0,80.55789521351265,10.0,6.65
70.0,4.0,10.0,Sổ hồng,Đầy đủ,10.8298004954975,106.702668926005,Mặt tiền,Quận Bình Thạnh,Phường 13,3768.9,0,Đường Đặng Thùy Trâm,99.69487118257317,0.0,0.0,0.3051288174268354,9.0,13.5
62.0,4.0,14.0,Sổ hồng,Đầy đủ,10.8784005740153,106.651924989368,Hẻm ô tô,Quận 12,Phường Thới An,1242.5,0,Đường Thới An 16,84.16177062374246,0.0,0.0,15.837424547283701,10.0,6.89
74.0,4.0,12.0,Sổ hồng,Trống / Nhà thô,10.8543076316193,106.762778791029,Mặt tiền,Thành phố Thủ Đức,Phường Linh Chiểu,,1,Unknown,,,,,10.0,8.6
75.0,3.0,14.0,không có,Trống / Nhà thô,10.38586,106.9199,Chưa xác định,Huyện Cần Giờ,Xã Long Hòa,,0,Unknown,,,,,8.0,11.25
46.0,4.0,4.666666666666666,Sổ hồng,Trống / Nhà thô,10.7848990139072,106.668674626888,Hẻm ô tô,Quận 3,Phường 11,81.7,1,Đường Cách Mạng Tháng Tám,74.71236230110159,0.0,0.0,25.250917992656056,9.0,9.5
80.0,5.0,12.0,Sổ hồng,Đầy đủ,10.7310382071678,106.73211068743,Chưa xác định,Quận 7,Phường Phú Thuận,382.9,0,Đường Phú Thuận,17.92112823191434,0.0,0.0,82.08409506398539,9.0,21.8
33.0,4.0,6.7,Sổ hồng,Trống / Nhà thô,10.8464245964094,106.642525832167,Mặt tiền,Quận Gò Vấp,Phường 14,2870.5,1,Đường Số 51,96.91551994426058,0.0,0.0,3.0841316843755444,9.0,8.3
152.0,4.0,8.0,Sổ hồng,Trống / Nhà thô,10.7428815553156,106.729292482289,Mặt tiền,Quận 7,Phường Bình Thuận,4905.2,0,Đường Huỳnh Tấn Phát,2.091046236646824,97.90854603278154,0.0,0.0,7.0,12.95
110.0,3.0,8.1,Sổ hồng,Đầy đủ,10.8099085194908,106.670926140566,Mặt tiền,Quận Tân Bình,Phường 2,3206.0,1,Đường Hồng Hà,98.17155333749218,0.0,1.8287585776668744,0.0,6.0,25.0
80.0,5.0,30.0,Sổ hồng,Trống / Nhà thô,10.826106823489,106.816541045198,Mặt tiền,Thành phố Thủ Đức,Phường Trường Thạnh,,0,Đường Lò Lu,,,,,13.0,15.9
60.0,5.0,24.0,Sổ hồng,Trống / Nhà thô,10.7435182391299,106.733177296484,Mặt tiền,Quận 7,Phường Tân Thuận Đông,4768.0,0,Đường Trần Trọng Cung,24.41442953020134,0.0,0.0,75.58515100671141,12.0,13.5
120.0,1.0,3.0,Sổ hồng,Cơ bản,10.7935855205184,106.718285172199,Chưa xác định,Quận Bình Thạnh,Phường 22,3710.2,0,Đường Nguyễn Hữu Cảnh,92.29071209099241,0.0,7.7092879090076005,0.0,10.0,9.9
43.0,3.0,2.0,Sổ hồng,Trống / Nhà thô,10.731477733384,106.745320880545,Mặt tiền,Quận 7,Phường Phú Thuận,24991.8,1,Unknown,8.863067086004211,0.0,91.13689290087149,0.0,6.0,5.5
188.0,2.0,13.0,Sổ hồng,Trống / Nhà thô,10.8079060467587,106.688448791328,Mặt tiền,Quận Tân Bình,Phường 12,810.5,1,Đường Hoàng Hoa Thám,9.839605181986428,0.0,0.0,90.15545959284393,9.0,43.0
200.0,8.0,12.0,Sổ hồng,Đầy đủ,10.8024020847169,106.641712934696,Mặt tiền,Quận Tân Bình,Phường 13,1401.9,0,Đường Cộng Hòa,99.85804978957128,0.0,0.0,0.1390969398673229,18.0,69.0
57.0,3.0,10.0,Sổ hồng,Đầy đủ,10.7846673984279,106.779076555845,Mặt tiền,Thành phố Thủ Đức,Phường Bình Trưng Đông,,0,Unknown,,,,,6.0,8.2
94.0,5.0,8.0,Sổ hồng,Trống / Nhà thô,10.7745988509829,106.664562901058,Chưa xác định,Quận 10,Phường 14,424.0,0,Đường Thành Thái,27.11556603773585,0.0,0.0,72.91509433962264,14.0,25.0
148.0,3.0,8.0,Sổ hồng,Đầy đủ,10.73905702300181,106.70815654098988,Chưa xác định,Quận 7,Phường Tân Hưng,,0,Đường Nguyễn Thị Thập,,,,,10.0,15.0
32.0,4.0,6.0,Sổ hồng,Đầy đủ,10.7875723059612,106.604493353516,Mặt tiền,Quận Bình Tân,Phường Bình Hưng Hòa A,94.1,0,Đường Gò Xoài,0.0,0.0,0.0,99.98937300743891,7.0,5.15
65.0,4.0,12.0,Sổ hồng,Đầy đủ,10.8453950214658,106.71845179214,Mặt tiền,Thành phố Thủ Đức,Phường Hiệp Bình Phước,,0,Đường Quốc Lộ 13,,,,,10.0,7.85
33.0,4.0,3.0,Sổ hồng,Đầy đủ,10.8317063683241,106.670981441826,Chưa xác định,Quận Gò Vấp,Phường 10,70991.2,0,Đường Quang Trung,5.3839208239894525,94.48747168663158,0.0,0.12863566188485334,7.0,5.3
40.0,5.0,10.0,không có,Đầy đủ,10.7599160424071,106.645976222599,Mặt tiền,Quận 11,Phường 8,57.1,0,Đường Thái Phiên,7.390542907180385,0.0,0.0,92.57443082311734,9.0,8.7
60.0,3.0,8.0,Sổ hồng,Cơ bản,10.7889916708021,106.800139594908,Mặt tiền,Quận 9,Phường Phú Hữu,,0,Đường 970,,,,,7.0,7.6
780.0,10.0,31.0,không có,Trống / Nhà thô,10.7751362820668,106.671743519044,Chưa xác định,Quận 10,Phường 12,3008.0,1,Unknown,68.96043882978724,28.473404255319153,0.0,2.551196808510638,50.0,150.0
69.0,3.0,5.0,Sổ hồng,Cơ bản,10.8746101907828,106.627181078236,Hẻm ô tô,Quận 12,Phường Tân Chánh Hiệp,,0,Đường Tân Chánh Hiệp 3,,,,,8.0,5.7
51.0,3.0,6.2,Sổ hồng,Trống / Nhà thô,10.8109174021435,106.701954311893,Mặt tiền,Quận Bình Thạnh,Phường 12,759.8,1,Đường Chu Văn An,27.9599894709134,0.0,0.0,62.297973150829165,10.0,8.2
90.0,4.0,12.0,Sổ hồng,Đầy đủ,10.7447149385764,106.616378715717,Chưa xác định,Quận Bình Tân,Phường An Lạc A,5602.7,0,Unknown,24.730576329269816,0.0,0.0,32.76884359326753,9.0,9.0
72.0,3.0,6.0,Sổ hồng,Trống / Nhà thô,10.7840363965089,106.694535135773,Hẻm ô tô,Quận 3,Phường Võ Thị Sáu,368.0,0,Đường Phạm Ngọc Thạch,0.0,0.0,99.9836956521739,0.0,11.0,22.0
85.0,2.0,6.0,Sổ hồng,Cơ bản,10.8017389777797,106.700065228079,Chưa xác định,Quận Bình Thạnh,Phường 2,64.6,0,Đường Vũ Tùng,10.975232198142415,0.0,0.0,88.99380804953562,5.0,9.45
204.0,11.0,23.1,Sổ hồng,Trống / Nhà thô,10.7855517246083,106.698657074559,Mặt tiền,Quận 1,Phường Đa Kao,1854.0,1,Đường Mạc Đĩnh Chi,84.9967637540453,0.0,15.001618122977344,0.0,22.0,238.0
662.0,8.0,5.0,Sổ hồng,Trống / Nhà thô,10.862242633183,106.671168490054,Hẻm ô tô,Quận 12,Phường Thạnh Xuân,1135.8,0,Đường Quốc lộ 1A,45.50449022715267,0.0,0.0,54.49198802606092,40.0,21.0
72.0,3.0,5.0,Sổ hồng,Đầy đủ,10.7990495739804,106.694027203598,Mặt tiền,Quận Bình Thạnh,Phường 1,71.4,0,Phố Vạn Kiếp,0.0,0.0,0.0,99.9439775910364,9.0,9.5
61.0,3.0,6.0,Sổ hồng,Trống / Nhà thô,10.787625974324,106.764392930397,Hẻm ô tô,Quận 2,Phường Bình Trưng Tây,,1,Đường Nguyễn Duy Trinh,,,,,6.0,6.8
60.0,4.0,6.0,Sổ hồng,Đầy đủ,10.807095142245,106.718741185482,Mặt tiền,Quận Bình Thạnh,Phường 25,333.5,0,Đường Ung Văn Khiêm,79.2383808095952,8.992503748125937,0.0,11.778110944527736,14.0,11.69
37.0,3.0,6.0,Sổ hồng,Cơ bản,10.792058272143,106.677792139696,Mặt tiền,Quận Phú Nhuận,Phường 12,75.5,0,Đường Huỳnh Văn Bánh,0.0,0.0,0.0,99.96026490066225,6.0,11.5
33.0,2.0,3.0,Sổ hồng,Đầy đủ,10.7890301160058,106.661120577567,Chưa xác định,Quận Tân Bình,Phường 5,1059.7,0,Đường Cách Mạng Tháng Tám,15.374162498820418,84.42578088138151,0.0,0.19911295649712182,4.0,4.7
142.0,2.0,13.3,Sổ hồng,Trống / Nhà thô,10.7035790172709,106.703772394788,Mặt tiền,Huyện Nhà Bè,Xã Phước Kiển,1378.7,1,Đường Lê Văn Lương,29.897004424457823,9.67360557046493,0.0,60.43084064698628,6.0,15.8
64.0,2.0,6.0,Sổ hồng,Trống / Nhà thô,10.7515046216888,106.722039309986,Chưa xác định,Quận 7,Phường Tân Thuận Tây,,1,Đường Huỳnh Tấn Phát,,,,,4.0,5.79
65.0,4.0,7.4,Sổ đỏ,Trống / Nhà thô,10.7931299319634,106.687341103185,Chưa xác định,Quận 1,Phường Tân Định,479.9,1,Đường Nguyễn Văn Nguyễn,4.892685976245051,0.0,0.0,95.10523025630341,8.0,27.0
197.0,4.0,8.0,Sổ hồng,Trống / Nhà thô,10.7906929843669,106.657437715951,Hẻm ô tô,Quận Tân Bình,Phường 7,1179.4,0,Đường Cách Mạng Tháng Tám,98.68746820417161,0.0,0.0,1.3116839070713922,22.0,46.5
102.0,4.0,6.1,Sổ hồng,Trống / Nhà thô,10.8085660016134,106.688563352022,Mặt tiền,Quận Tân Bình,Phường 13,89.3,1,Đường Hoàng Hoa Thám,12.84434490481523,0.0,0.0,87.1444568868981,12.0,28.0
62.0,2.0,8.0,Sổ hồng,Đầy đủ,10.7879183549337,106.662734072021,Hẻm ô tô,Quận Tân Bình,Phường 5,2102.4,1,Đường Cách Mạng Tháng Tám,94.66609589041096,0.0,0.0,5.333904109589041,6.0,8.5
31.0,2.0,2.0,Sổ hồng,Cơ bản,10.7627325110583,106.662901713856,Mặt tiền,Quận 10,Phường 6,122.0,0,Đường Ngô Quyền,30.057377049180328,51.74590163934426,0.0,18.54098360655738,4.0,6.2
99.0,2.0,10.0,Sổ hồng,Đầy đủ,10.7984043148382,106.81325282319,Mặt tiền,Quận 9,Phường Long Trường,,0,Đường 1,,,,,7.0,5.6
99.0,3.0,7.6,Sổ đỏ,Trống / Nhà thô,10.8065946164864,106.678045780321,Mặt tiền,Quận Phú Nhuận,Phường 9,145.6,1,Đường Nguyễn Kiệm,0.0,0.0,0.0,99.9793956043956,6.0,17.5
114.0,4.0,8.0,Sổ hồng,Trống / Nhà thô,10.8413223776329,106.711204076965,Chưa xác định,Thành phố Thủ Đức,Phường Hiệp Bình Phước,,0,Đường 11,,,,,7.0,8.2
120.0,1.0,20.0,Sổ hồng,Trống / Nhà thô,10.7420180968561,106.715650921765,Chưa xác định,Quận 7,Phường Tân Quy,2408.2,0,Đường Lâm Văn Bền,99.70849597209535,0.0,0.0,0.29150402790465907,12.0,27.0
77.0,2.0,24.0,Sổ hồng,Trống / Nhà thô,10.8093,106.6085,Mặt tiền,Quận Tân Phú,Phường Sơn Kỳ,1954.6,0,Đường CC5,0.0,0.0,0.0,100.0,6.0,6.2
62.0,3.0,7.05,Sổ hồng,Trống / Nhà thô,10.8054785461,106.681994055038,Chưa xác định,Quận Phú Nhuận,Phường 5,72.3,1,Đường Thích Quảng Đức,21.53526970954357,0.0,0.0,78.40940525587828,10.0,8.6
101.0,7.0,7.5,Sổ hồng,Trống / Nhà thô,10.8054464296632,106.731410972538,Chưa xác định,Thành phố Thủ Đức,Phường Thảo Điền,,1,Đường Quốc Hương,,,,,8.0,18.0
31.0,3.0,12.4,Sổ hồng,Trống / Nhà thô,10.7847179384228,106.627139003478,Hẻm ô tô,Quận Tân Phú,Phường Phú Thọ Hòa,878.3,1,Đường Phú Thọ Hòa,59.44893544347034,0.0,0.0,40.54764886712968,4.0,3.9
62.0,3.0,6.0,Sổ hồng,Trống / Nhà thô,10.784464285021,106.642470841125,Mặt tiền,Quận Tân Bình,Phường 14,255.8,0,Đường Âu Cơ,23.139171227521498,0.0,0.0,76.87646598905394,6.0,9.5
131.0,2.0,11.6,Sổ hồng,Trống / Nhà thô,10.8151475383831,106.774919389943,Chưa xác định,Quận 9,Phường Phước Long B,,1,Đường Đỗ Xuân Hợp,,,,,7.0,20.5
386.0,10.0,30.0,không có,Trống / Nhà thô,10.762538935515,106.686733086945,Chưa xác định,Quận 1,Phường Nguyễn Cư Trinh,2971.1,0,Đường Nguyễn Trãi,74.29975429975431,0.0,0.0,25.698899397529534,20.0,458.0
196.0,1.0,12.0,Sổ hồng,Trống / Nhà thô,10.8426190181474,106.733987280439,Chưa xác định,Thành phố Thủ Đức,Phường Hiệp Bình Chánh,,0,Đường Số 38,,,,,10.0,19.5
48.0,2.0,8.0,Sổ hồng,Trống / Nhà thô,10.8010124054298,106.59199789349,Mặt tiền,Quận Bình Tân,Phường Bình Hưng Hòa A,5540.9,0,Đường Số 2A,0.49612878774206354,0.0,0.0,0.0,4.0,5.0
126.0,4.0,8.8,không có,Trống / Nhà thô,10.7116031968332,106.661082760143,Chưa xác định,Huyện Bình Chánh,Xã Bình Hưng,,1,Đường Nguyễn Văn Linh,,,,,9.0,19.5
115.0,4.0,6.0,Sổ hồng,Cơ bản,10.7836219612393,106.76867203787,Mặt tiền,Quận 2,Phường Bình Trưng Tây,,0,Unknown,,,,,12.0,14.7
46.0,3.0,4.0,Sổ hồng,Cơ bản,10.7648698957839,106.677070158256,Mặt tiền,Quận 10,Phường 1,1295.0,0,Đường Lê Hồng Phong,59.17220077220077,0.0,0.0,40.7992277992278,7.0,9.2
85.0,4.0,10.666666666666668,không có,Trống / Nhà thô,10.8351927713619,106.683670639215,Chưa xác định,Quận Gò Vấp,Phường 6,78.7,1,Đường Dương Quảng Hàm,2.2490470139771284,0.0,0.0,97.73824650571792,9.0,8.5
53.0,2.0,8.0,Sổ hồng,Cơ bản,10.7517144643179,106.701406412187,Chưa xác định,Quận 7,Phường Tân Hưng,498563.61,0,Phố Trần Xuân Soạn,95.4990898754123,0.0,0.11544564995427567,4.385462468871324,6.0,7.5
285.0,7.0,19.0,Sổ hồng,Trống / Nhà thô,10.8006458627183,106.656561497051,Mặt tiền,Quận Tân Bình,Phường 4,104.0,1,Đường Cộng Hòa,0.0,0.0,0.0,100.0,20.0,70.0
108.0,2.0,6.0,Sổ hồng,Đầy đủ,10.7574338109402,106.677963686473,Hẻm ô tô,Quận 5,Phường 3,116.6,0,Đường Nguyễn Trãi,0.5317324185248714,0.0,0.0,99.47684391080618,4.0,29.8
132.0,2.0,8.6,Sổ hồng,Cơ bản,10.8758686047317,106.746064705993,Mặt tiền,Thành phố Thủ Đức,Phường Bình Chiểu,,1,Đường Số 17,,,,,10.0,7.35
61.0,3.0,4.0,Sổ hồng,Cơ bản,10.7843172870125,106.759116994146,Chưa xác định,Quận 2,Phường Bình Trưng Tây,,0,Unknown,,,,,4.0,7.0
76.0,3.0,5.0,Sổ hồng,Đầy đủ,10.8787481347118,106.669151702219,Chưa xác định,Quận 12,Phường Thạnh Xuân,1093.7,0,Đường Hà Huy Giáp,0.0,0.0,0.0,100.0,7.0,5.19
105.0,4.0,18.5,Sổ hồng,Trống / Nhà thô,10.8016945642427,106.687597591033,Mặt tiền,Quận Phú Nhuận,Phường 7,131.5,1,Đường Phan Tây Hồ,14.030418250950568,0.0,0.0,86.0,6.0,24.0
30.0,4.0,3.2,Sổ hồng,Đầy đủ,10.8010195144913,106.684157721441,Chưa xác định,Quận Phú Nhuận,Phường 3,296.1,1,Đường Phan Xích Long,0.0,0.0,0.0,99.9932455251604,7.0,7.5
41.0,2.0,2.7,Sổ hồng,Đầy đủ,10.810558061141,106.713160439036,Chưa xác định,Quận Bình Thạnh,Phường 26,1000.3,1,Đường Xô Viết Nghệ Tĩnh,82.40627811656502,0.0,0.0,17.590722783165052,6.0,8.75
100.0,5.0,26.4,Sổ hồng,Cơ bản,10.752110463916,106.60872665328,Mặt tiền,Quận Bình Tân,Phường Bình Trị Đông B,,1,Đường Số 7,,,,,11.0,28.8
45.0,5.0,8.0,Sổ hồng,Đầy đủ,10.8553734572057,106.655569248182,Mặt tiền,Quận Gò Vấp,Phường 13,1605.9,0,Đường Lê Đức Thọ,77.64306619341178,1.648296905162214,0.4003985304190796,20.306370259667478,7.0,6.9
140.0,3.0,12.0,Sổ hồng,Đầy đủ,10.7040071487427,106.71265411377,Chưa xác định,Huyện Nhà Bè,Xã Phước Kiển,43635.6,1,Đường Số 11,0.052273831458717196,5.2599482990952335,0.0,1.368034357267919,8.0,17.5
78.0,4.0,10.0,Sổ hồng,Trống / Nhà thô,10.7761898357679,106.612302148292,Chưa xác định,Quận Bình Tân,Phường Bình Trị Đông,4681.0,0,Đường Lê Văn Quới,79.1696218756676,0.0,0.0,20.83059175389874,12.0,11.2
87.0,2.0,8.0,Sổ hồng,Đầy đủ,10.7226454528441,106.612365737681,Chưa xác định,Quận Bình Tân,Phường An Lạc,2174.6,0,Đường Võ Văn Kiệt,65.07817529660628,9.022348937735675,0.0,25.899475765658053,8.0,5.85
86.0,4.0,12.0,Sổ hồng,Trống / Nhà thô,10.6969588629116,106.740769535334,Chưa xác định,Huyện Nhà Bè,Thị trấn Nhà Bè,5037.1,0,Đường Huỳnh Thị Đồng,36.529352206626825,17.310754203807747,0.0,46.158900954914536,9.0,8.8
44.0,2.0,3.75,Sổ hồng,Cơ bản,10.7835552829047,106.647499927481,Hẻm ô tô,Quận Tân Bình,Phường 10,846.9,1,Đường Ni Sư Huỳnh Liên,99.37064588499234,0.0,0.0,0.6328964458613768,4.0,6.4
70.0,3.0,8.0,Sổ hồng,Đầy đủ,10.7454889033379,106.705652279932,Chưa xác định,Quận 7,Phường Tân Kiểng,528.1,0,Đường Số 2,59.93751183487975,0.0,0.0,40.06438174588146,6.0,9.0
80.0,4.0,7.0,Sổ hồng,Đầy đủ,10.7938582942555,106.680636979479,Hẻm ô tô,Quận Phú Nhuận,Phường 17,687.3,0,Đường Huỳnh Văn Bánh,92.73243125272808,0.0,0.0,7.261748872399243,11.0,13.9
98.0,5.0,10.8,Sổ hồng,Đầy đủ,10.7985601646935,106.68751546022,Mặt tiền,Quận Phú Nhuận,Phường 2,,1,Đường Phan Xích Long,,,,,25.0,19.0
79.0,4.0,9.0,Sổ đỏ,Đầy đủ,10.8682220007976,106.687917262316,Chưa xác định,Quận 12,Phường Thạnh Lộc,7117.1,0,Đường Thạnh Lộc 27,24.137499824366667,0.0,0.0,75.86235966896628,10.0,7.15
312.0,5.0,19.1,Sổ hồng,Trống / Nhà thô,10.7792376895766,106.754196342089,Mặt tiền,Quận 2,Phường Thạnh Mỹ Lợi,,1,Đường Nguyễn Thanh Sơn,,,,,12.0,180.0
100.0,1.0,14.0,Sổ hồng,Trống / Nhà thô,10.8100107665673,106.616584534159,Chưa xác định,Quận Tân Phú,Phường Tây Thạnh,99.8,0,Đường T8,46.09218436873748,0.0,0.0,53.8877755511022,12.0,9.6
263.0,6.0,8.8,Sổ hồng,Đầy đủ,10.7933655259352,106.691594200297,Chưa xác định,Quận 1,Phường Tân Định,84.3,1,Đường Trần Khắc Chân,0.0,0.0,0.0,100.0,14.0,95.0
219.0,4.0,30.0,Sổ hồng,Trống / Nhà thô,10.7536422858148,106.646895850547,Mặt tiền,Quận 11,Phường 16,2908.4,0,Đường Hồng Bàng,81.16008802090496,0.38405996424150735,0.0,18.45550818319351,10.0,60.0
62.0,5.0,5.0,Sổ hồng,Đầy đủ,10.7889081564156,106.698209329535,Chưa xác định,Quận 1,Phường Đa Kao,192.4,0,Đường Nguyễn Văn Thủ,1.6008316008316008,0.0,98.37837837837837,0.0,11.0,26.5
85.0,1.0,6.0,Sổ hồng,Trống / Nhà thô,10.6751312886105,106.698475439082,Hẻm ô tô,Huyện Nhà Bè,Xã Nhơn Đức,1669.5,0,Đường Lê Văn Lương,77.08655286013777,10.598382749326145,0.0,12.314465408805033,2.0,4.05
150.0,3.0,8.0,Sổ hồng,Đầy đủ,10.8560412485426,106.61877036967,Mặt tiền,Quận 12,Phường Trung Mỹ Tây,,0,Đường Trung Mỹ Tây,,,,,7.0,9.9
111.0,5.0,20.0,Sổ hồng,Đầy đủ,10.7369583000698,106.71831255728,Mặt tiền,Quận 7,Phường Tân Phú,,0,Đường Số 1,,,,,11.0,31.23
33.0,2.0,3.0,Sổ hồng,Đầy đủ,10.79058210076243,106.6577028438006,Chưa xác định,Quận Tân Bình,Phường 5,1179.4,0,Đường Cách Mạng Tháng Tám,98.68746820417161,0.0,0.0,1.3116839070713922,4.0,4.7
310.0,3.0,6.0,Sổ hồng,Cơ bản,10.7874609779698,106.764411699045,Mặt tiền,Quận 2,Phường Bình Trưng Tây,,0,Đường Nguyễn Duy Trinh,,,,,8.0,23.9
67.0,3.0,5.0,Sổ hồng,Đầy đủ,10.8327387531846,106.672531142458,Mặt tiền,Quận Gò Vấp,Phường 10,103.0,1,Đường Phan Văn Trị,34.94174757281554,0.0,0.0,65.0873786407767,8.0,10.0
76.0,4.0,8.200000000000001,Sổ hồng,Trống / Nhà thô,10.74315740964,106.62771563021,Chưa xác định,Quận 6,Phường 11,37373.5,1,Đường Số 22,64.77402437556023,4.062316882282901,0.0,31.163551714450072,9.0,12.5
61.0,2.0,12.0,Sổ hồng,Đầy đủ,10.7458265832591,106.689829097873,Mặt tiền,Quận 8,Phường 1,48.4,0,Đường Dương Bá Trạc,15.28925619834711,47.231404958677686,0.0,37.45867768595041,5.0,8.3
14.0,2.0,2.2,Sổ hồng,Trống / Nhà thô,10.8345605505609,106.639696941834,Chưa xác định,Quận Gò Vấp,Phường 12,145.6,1,Unknown,15.98901098901099,0.0,0.0,84.00412087912088,2.0,1.88
96.0,3.0,10.0,không có,Đầy đủ,10.69125,106.721214,Mặt tiền,Huyện Nhà Bè,Xã Phước Kiển,124636.3,1,Đường Nguyễn Hữu Thọ,6.473475223510326,13.61510250224052,0.0,12.825870151793659,10.0,11.0
71.0,1.0,9.4,Sổ hồng,Trống / Nhà thô,10.7143755872995,106.736711349713,Chưa xác định,Quận 7,Phường Phú Mỹ,575.5,1,Đường Huỳnh Tấn Phát,34.68983492615117,0.0,0.0,65.31190269331016,3.0,3.6
60.0,2.0,6.0,Sổ hồng,Đầy đủ,10.8106770234224,106.7135944295,Hẻm ô tô,Quận Bình Thạnh,Phường 26,1212.2,0,Đường Xô Viết Nghệ Tĩnh,98.21316614420063,0.22851014684045537,0.0,1.559148655337403,6.0,7.95
72.0,5.0,9.0,Sổ hồng,Đầy đủ,10.7919034157596,106.643535018314,Mặt tiền,Quận Tân Bình,Phường 14,2218.0,1,Đường Bàu Cát,92.79440937781784,4.876014427412083,0.0,2.3318304779080252,9.0,23.8
246.0,4.0,20.0,Sổ hồng,Trống / Nhà thô,10.8457896183705,106.718265432334,Mặt tiền,Thành phố Thủ Đức,Phường Hiệp Bình Phước,,1,Đường Quốc Lộ 13,,,,,32.0,48.0
66.0,2.0,4.733333333333333,Sổ hồng,Trống / Nhà thô,10.7955075698347,106.640822922093,Chưa xác định,Quận Tân Bình,Phường 14,1183.5,1,Đường Nguyễn Hồng Đào,93.17448246725813,0.0,0.0,6.828897338403041,8.0,8.9
71.0,6.0,12.0,Sổ hồng,Trống / Nhà thô,10.7800262172076,106.679929568829,Mặt tiền,Quận 3,Phường 9,1186.9,0,Đường Nguyễn Phúc Nguyên,97.3603504928806,0.0,0.0,2.640492038082399,16.0,25.9
180.0,6.0,35.0,Sổ hồng,Đầy đủ,10.8455795719031,106.718144904718,Chưa xác định,Thành phố Thủ Đức,Phường Hiệp Bình Phước,,0,Đường Nguyễn Thị Nhung,,,,,11.0,48.0
80.0,1.0,20.0,Sổ hồng,Đầy đủ,10.6511012817717,106.730034759751,Mặt tiền,Huyện Nhà Bè,Xã Long Thới,3900.8,1,Đường Nguyễn Văn Tạo,,,,,2.0,5.5
60.0,4.0,6.0,Sổ hồng,Cơ bản,10.8409956733585,106.650975425804,Hẻm ô tô,Quận Gò Vấp,Phường 8,2401.2,0,Đường Số 21,10.364817591204398,0.0,0.0,89.63726470098284,9.0,8.0
74.0,2.0,5.7,Sổ hồng,Đầy đủ,10.8484381049726,106.647701102346,Chưa xác định,Quận Gò Vấp,Phường 14,6457.2,1,Đường Phạm Văn Chiêu,4.486154989778852,0.0,92.17183918726384,3.342005822957319,6.0,6.99
268.0,8.0,21.4,không có,Trống / Nhà thô,10.8021232464237,106.700239449724,Chưa xác định,Quận Bình Thạnh,Phường 2,694.6,1,Đường Võ Trường Toản,7.320760149726461,0.0,0.0,92.67780017276131,46.0,62.0
47.0,3.0,8.0,Sổ hồng,Trống / Nhà thô,10.7693106189676,106.612966883242,Hẻm ô tô,Quận Bình Tân,Phường Bình Trị Đông,1113.0,0,Đường Hương lộ 2,5.217430368373765,0.0,0.0,94.78167115902966,7.0,4.65
62.0,5.0,7.6,Sổ hồng,Trống / Nhà thô,10.7913817014085,106.670147077316,Mặt tiền,Quận Phú Nhuận,Phường 14,1701.6,1,Đường Huỳnh Văn Bánh,59.40291490362012,0.0,0.0,40.5964974141984,13.0,20.9
125.0,6.0,8.0,Sổ hồng,Trống / Nhà thô,10.7978976679507,106.671455386853,Mặt tiền,Quận Tân Bình,Phường 1,240.8,0,Đường Nguyễn Văn Trỗi,34.210963455149496,65.7765780730897,0.0,0.0,26.0,39.0
120.0,6.0,13.0,Sổ hồng,Đầy đủ,10.798843102586,106.693517683266,Hẻm ô tô,Quận Bình Thạnh,Phường 3,67.0,1,Phố Vạn Kiếp,28.52238805970149,0.0,0.0,71.46268656716418,46.0,25.0
260.0,4.0,11.1,Sổ hồng,Trống / Nhà thô,10.7971955801596,106.681227593569,Mặt tiền,Quận Phú Nhuận,Phường 15,1046.0,1,Đường Phan Đình Phùng,83.6281070745698,0.0,0.0,16.37189292543021,29.0,99.0
320.0,3.0,12.0,Sổ hồng,Trống / Nhà thô,10.8099751624433,106.820689150559,Chưa xác định,Quận 9,Phường Trường Thạnh,,0,Đường A5,,,,,8.0,20.8
63.0,4.0,8.0,Sổ hồng,Đầy đủ,10.8081096241733,106.702650869839,Hẻm ô tô,Quận Bình Thạnh,Phường 12,118.2,0,Đường Bùi Đình Túy,0.0,0.0,0.0,100.0,7.0,12.3
98.0,2.0,7.8,không có,Trống / Nhà thô,10.7035021544685,106.703914812913,Chưa xác định,Huyện Nhà Bè,Xã Phước Kiển,1378.7,1,Đường Lê Văn Lương,29.897004424457823,9.67360557046493,0.0,60.43084064698628,10.0,5.8
59.0,1.0,2.0,Sổ hồng,Đầy đủ,10.7956285428752,106.738189158142,Chưa xác định,Quận 2,Phường Bình Trưng Tây,,0,Đường 5,,,,,3.0,6.2
45.0,2.0,4.333333333333334,Sổ hồng,Đầy đủ,10.7785582046046,106.672746566275,Chưa xác định,Quận 10,Phường 13,3428.0,1,Đường Hòa Hưng,99.19924154025671,0.0,0.0,0.7867561260210034,4.0,8.4
90.0,6.0,30.0,Sổ hồng,Trống / Nhà thô,10.7562177001388,106.70109161291,Chưa xác định,Quận 4,Phường 3,12173.9,0,Đường Khánh Hội,80.39946114227979,1.0704868612359226,0.0,18.530298425319742,10.0,28.0
31.0,3.0,6.0,Sổ hồng,Đầy đủ,10.841638256054,106.647368622164,Chưa xác định,Quận Gò Vấp,Phường 8,46.3,0,Đường Số 14,0.0,0.0,0.0,100.0,7.0,5.88
44.0,2.0,5.0,Sổ hồng,Trống / Nhà thô,10.8290367325285,106.689120980128,Hẻm ô tô,Quận Gò Vấp,Phường 5,21577.1,0,Đường Dương Quảng Hàm,29.850350603185788,0.0,70.14946401509008,0.0,4.0,6.5
50.0,4.0,4.0,Sổ hồng,Cao cấp,10.781598235369,106.664589666445,Mặt tiền,Quận 10,Phường 15,104.0,0,Đường Đồng Nai,0.9038461538461539,0.0,0.0,98.74038461538461,9.0,12.3
12.0,2.0,4.0,Sổ hồng,Trống / Nhà thô,10.8659609309227,106.614348714608,Chưa xác định,Quận 12,Phường Hiệp Thành,6223.6,0,Đường Nguyễn Ảnh Thủ,84.6150138183688,2.0727553184651972,0.0,12.930618934378815,4.0,8.4
72.0,5.0,6.0,Sổ hồng,Trống / Nhà thô,10.7994790421344,106.686891136977,Chưa xác định,Quận Phú Nhuận,Phường 7,3201.4,1,Đường Phùng Văn Cung,9.34372462047854,0.17929655775598174,0.0,0.0,16.0,11.95
60.0,4.0,10.0,Sổ hồng,Đầy đủ,10.8300415829467,106.702547174139,Mặt tiền,Quận Bình Thạnh,Phường 13,3768.9,0,Đường Đặng Thùy Trâm,99.69487118257317,0.0,0.0,0.3051288174268354,14.0,10.5
58.0,5.0,4.0,Sổ hồng,Đầy đủ,10.7724115975861,106.601940620789,Mặt tiền,Quận Bình Tân,Phường Bình Trị Đông,4538.0,0,Đường Mã Lò,64.63133539003965,0.0,0.0,35.36954605553107,11.0,7.3
60.0,4.0,8.0,Sổ hồng,Trống / Nhà thô,10.8298100181314,106.702253812716,Chưa xác định,Quận Bình Thạnh,Phường 13,2379.9,0,Đường Đặng Thùy Trâm,7.752426572545065,0.0,0.0,92.24757342745494,8.0,10.0
17.0,2.0,3.2,Sổ đỏ,Cơ bản,10.8655144033803,106.614482632025,Chưa xác định,Quận 12,Phường Hiệp Thành,,1,Đường Nguyễn Ảnh Thủ,,,,,3.0,13.65
100.0,4.0,16.599999999999998,Sổ hồng,Trống / Nhà thô,10.8787213541508,106.776472069323,Hẻm ô tô,Thành phố Thủ Đức,Phường Linh Xuân,,1,Đường Số 8,,,,,9.0,6.0
76.0,4.0,14.0,Sổ hồng,Trống / Nhà thô,10.84360668045008,106.68168882374748,Hẻm ô tô,Quận Gò Vấp,Phường 6,1581.2,1,Đường Số 28,36.47672653680748,0.0,63.52200860106249,0.0,8.0,11.5
126.0,4.0,8.8,không có,Trống / Nhà thô,10.711912452102,106.660367201432,Chưa xác định,Huyện Bình Chánh,Xã Bình Hưng,,1,Đường Nguyễn Văn Linh,,,,,9.0,19.5
85.0,3.0,11.1,Sổ hồng,Trống / Nhà thô,10.7732749073453,106.705238890057,Mặt tiền,Quận 1,Phường Bến Nghé,10020.3,1,Đường Ngô Đức Kế,71.49476562577966,25.018811812021596,3.486721954432502,0.0,8.0,99.0
214.0,3.0,10.433333333333334,Sổ hồng,Trống / Nhà thô,10.8507551138429,106.763083946641,Mặt tiền,Thành phố Thủ Đức,Phường Linh Chiểu,,1,Đường Võ Văn Ngân,,,,,15.0,29.9
32.0,2.0,3.0,Sổ hồng,Cơ bản,10.8567444850654,106.621230537092,Hẻm ô tô,Quận 12,Phường Tân Chánh Hiệp,,0,Đường Tô Ký,,,,,4.0,3.2
60.0,4.0,7.545454545454545,không có,Trống / Nhà thô,21.02894860978742,105.85244722590336,Chưa xác định,Huyện Hóc Môn,Xã Xuân Thới Sơn,,1,Unknown,,,,,8.0,5.0
133.0,3.0,8.4,không có,Trống / Nhà thô,10.7937433777618,106.66290372821,Chưa xác định,Quận Tân Bình,Phường 3,1775.2,1,Đường Phạm Văn Hai,1.713609734114466,93.08528616493916,0.0,5.203357368183867,22.0,19.6
110.0,3.0,16.0,Sổ hồng,Đầy đủ,10.8519334609188,106.794821238947,Chưa xác định,Thành phố Thủ Đức,Phường Tăng Nhơn Phú A,,0,Đường D2,,,,,8.0,12.5
430.0,4.0,20.0,Sổ hồng,Trống / Nhà thô,10.7700910710874,106.688367459774,Mặt tiền,Quận 1,Phường Bến Thành,21.8,0,Đường Tôn Thất Tùng,0.0,0.0,100.0,0.0,13.0,320.0
64.0,4.0,9.599999999999998,không có,Trống / Nhà thô,10.806061245291,106.6682886233,Mặt tiền,Quận Tân Bình,Phường 2,3007.7,1,Đường Phổ Quang,38.27276656581441,4.479170129999668,0.0,57.2467333843136,9.0,15.5
132.0,3.0,20.0,Sổ hồng,Trống / Nhà thô,10.767051165685022,106.77899344561736,Chưa xác định,Quận 2,Phường Cát Lái,,1,Phố Đông Village,,,,,16.0,13.0
17.0,4.0,8.0,Sổ hồng,Cơ bản,10.7991386562527,106.686679862439,Chưa xác định,Quận Phú Nhuận,Phường 7,3201.4,0,Đường Phùng Văn Cung,9.34372462047854,0.17929655775598174,0.0,0.0,4.0,5.6
208.0,7.0,22.4,Sổ hồng,Trống / Nhà thô,10.8006191894654,106.732129930727,Chưa xác định,Quận 2,Phường Thảo Điền,,1,Đường Quốc Hương,,,,,38.0,61.0
153.0,4.0,8.0,Sổ hồng,Trống / Nhà thô,10.742735462932,106.729768973726,Mặt tiền,Quận 7,Phường Bình Thuận,232.4,0,Đường Huỳnh Tấn Phát,12.426850258175559,0.0,0.0,87.5645438898451,7.0,12.95
65.0,6.0,14.0,Sổ hồng,Trống / Nhà thô,10.7932844266854,106.687284794903,Mặt tiền,Quận 1,Phường Tân Định,922.7,1,Đường Nguyễn Văn Nguyễn,99.7724070662187,0.0,0.0,0.22434160615584695,8.0,27.0
92.0,4.0,10.0,Sổ hồng,Trống / Nhà thô,10.7695550651351,106.690451167975,Hẻm ô tô,Quận 1,Phường Bến Thành,93.9,0,Đường Nguyễn Trãi,8.668796592119275,0.0,91.36315228966986,0.0,11.0,25.5
91.0,5.0,11.5,Sổ đỏ,Trống / Nhà thô,10.7613038842314,106.660408992314,Mặt tiền,Quận 10,Phường 7,1788.3,1,Phố Lý Thường Kiệt,2.5286585024883967,97.47190068780405,0.0,0.0,8.0,27.5
96.0,5.0,7.0,Sổ hồng,Đầy đủ,10.7662045567229,106.600421658011,Mặt tiền,Quận Bình Tân,Phường Bình Trị Đông A,264.6,0,Đường Hương lộ 2,56.57596371882085,43.43915343915343,0.0,0.0,13.0,9.2
45.0,2.0,5.0,Sổ hồng,Đầy đủ,10.8051156065463,106.681893841136,Chưa xác định,Quận Phú Nhuận,Phường 5,33.6,0,Đường Thích Quảng Đức,0.0,0.20833333333333334,0.0,99.76190476190476,5.0,7.35
38.0,2.0,2.0,Sổ hồng,Trống / Nhà thô,10.8065660541183,106.681405468071,Mặt tiền,Quận Phú Nhuận,Phường 4,2558.5,1,Đường Thích Quảng Đức,11.523158100449482,88.47566933750245,0.0,0.0,5.0,13.5
400.0,7.0,30.0,không có,Trống / Nhà thô,10.8425549511846,106.82008094315,Mặt tiền,Quận 9,Phường Long Thạnh Mỹ,,0,Đường Nguyễn Văn Tăng,,,,,14.0,39.0
80.0,4.0,5.0,Sổ hồng,Đầy đủ,10.8227939311735,106.685837359103,Hẻm ô tô,Quận Gò Vấp,Phường 1,29.8,0,Đường Lê Lai,0.0,0.0,0.0,99.83221476510067,9.0,8.9
186.0,6.0,16.8,Sổ hồng,Đầy đủ,10.8093587769853,106.664458639802,Mặt tiền,Quận Tân Bình,Phường 4,,1,Đường Trường Sơn,,,,,8.0,42.0
43.0,2.0,3.0,Sổ hồng,Đầy đủ,10.7264200486232,106.733393076439,Chưa xác định,Quận 7,Phường Phú Thuận,413.6,0,Đường Huỳnh Tấn Phát,96.16537717601548,0.0,0.0,3.82495164410058,4.0,4.0
64.0,2.0,7.0,Sổ hồng,Cơ bản,10.7895700891438,106.702488049862,Mặt tiền,Quận 1,Phường Đa Kao,3142.1,1,Đường Nguyễn Bỉnh Khiêm,45.79039495878553,0.0,54.2083320072563,0.0,3.0,18.7
40.0,2.0,6.0,Sổ hồng,Đầy đủ,10.7846258750164,106.642076200564,Mặt tiền,Quận Tân Bình,Phường 10,13875.5,0,Đường Âu Cơ,24.15812042809268,75.84202371085728,0.0,0.0,4.0,5.85
27.0,3.0,5.0,Sổ hồng,Cơ bản,10.7833951928641,106.676818205092,Mặt tiền,Quận 3,Phường 9,156.8,1,Đường Trần Văn Đang,48.54591836734694,0.0,51.42219387755102,0.0,5.0,6.5
367.0,6.0,25.2,Sổ hồng,Trống / Nhà thô,10.8040557384869,106.616887213259,Chưa xác định,Quận Tân Phú,Phường Sơn Kỳ,1239.5,1,Đường N1,18.134731746672045,0.5252117789431222,0.0,81.33521581282776,13.0,22.6
62.0,1.0,15.0,Sổ hồng,Trống / Nhà thô,10.7937664056364,106.689233872668,Mặt tiền,Quận 1,Phường Tân Định,223.9,0,Đường Trần Nhật Duật,0.9066547565877622,0.0,0.0,99.09334524341223,3.0,23.5
72.0,2.0,12.0,Sổ hồng,Trống / Nhà thô,10.7847994735259,106.627287251049,Mặt tiền,Quận Tân Phú,Phường Phú Thọ Hòa,1038.8,0,Đường Đỗ Đức Dục,4.201963804389681,0.0,0.0,95.79996149403158,9.0,8.6
57.0,2.0,4.0,Sổ hồng,Đầy đủ,10.7516040483782,106.701752634996,Chưa xác định,Quận 7,Phường Tân Hưng,140.34,0,Phố Trần Xuân Soạn,0.0,100.0,0.0,0.0,6.0,5.0
109.0,4.0,25.0,Sổ hồng,Đầy đủ,10.8306744695848,106.705461512626,Mặt tiền,Quận Bình Thạnh,Phường 13,6964.9,0,Đường Bình Lợi,23.7088831138997,0.0,0.0,76.29068615486224,10.0,19.9
48.0,4.0,8.0,Sổ hồng,Cơ bản,10.799627086485,106.589191662581,Hẻm ô tô,Quận Bình Tân,Phường Bình Hưng Hòa B,2601.5,0,Đường Liên khu 4-5,4.378243321160869,0.0,0.0,95.62367864693447,7.0,4.95
14.0,3.0,4.0,Sổ hồng,Trống / Nhà thô,10.7641629597523,106.646996742988,Hẻm ô tô,Quận 11,Phường 11,48.9,0,Đường Đội Cung,27.34151329243354,0.0,0.0,72.59713701431492,4.0,3.45
31.0,2.0,8.0,Sổ hồng,Trống / Nhà thô,10.8299703037299,106.638013437604,Mặt tiền,Quận Gò Vấp,Phường 12,738.8,0,Đường Huỳnh Văn Nghệ,28.044125609095833,0.0,0.0,71.96264212236059,4.0,4.4
80.0,4.0,6.0,Sổ hồng,Đầy đủ,10.6928649766471,106.740825703405,Chưa xác định,Huyện Nhà Bè,Thị trấn Nhà Bè,3078.9,0,Đường Huỳnh Tấn Phát,90.07047971678196,0.0,0.0,9.929195491896458,9.0,7.48
554.0,1.0,9.9,không có,Cơ bản,21.0289486097874,105.852447225903,Mặt tiền,Quận Tân Phú,Phường Sơn Kỳ,,1,Đường N1,,,,,10.0,48.0
52.0,6.0,7.0,Sổ hồng,Trống / Nhà thô,10.7792196916598,106.637801193791,Chưa xác định,Quận Tân Phú,Phường Hòa Thạnh,8583.1,0,Đường Huỳnh Thiện Lộc,12.112756463282498,9.77036268947117,0.0,78.11664783120318,11.0,9.99
60.0,4.0,7.545454545454545,không có,Đầy đủ,10.7641464769342,106.630333462259,Chưa xác định,Quận 11,Phường 1,589.8,1,Đường Tân Hóa,4.22346558155307,0.0,0.0,95.77653441844693,8.0,8.8
15.0,2.0,4.0,Sổ hồng,Cơ bản,10.8326375126606,106.661007279471,Mặt tiền,Quận Gò Vấp,Phường 11,190.5,0,Đường Số 17,5.469816272965879,0.0,2.8241469816272966,91.69553805774278,4.0,2.98
24.0,4.0,3.5,Sổ hồng,Cơ bản,10.7666653755619,106.670975605376,Mặt tiền,Quận 10,Phường 9,70.0,1,Đường Ngô Gia Tự,18.385714285714286,0.0,0.0,82.02857142857142,6.0,5.6
157.0,5.0,30.0,Sổ hồng,Đầy đủ,10.8260697600058,106.765423594195,Mặt tiền,Quận 9,Phường Phước Long A,,0,Đường Tây Hòa,,,,,17.0,23.0
79.0,3.0,12.0,Sổ hồng,Trống / Nhà thô,10.7540043536047,106.660125073846,Mặt tiền,Quận 5,Phường 11,901.2,0,Đường Lương Nhữ Học,0.0,0.0,0.0,99.9988903683977,6.0,22.0
69.0,6.0,6.6,Sổ hồng,Đầy đủ,10.7919538304808,106.67159487086,Chưa xác định,Quận Phú Nhuận,Phường 13,99.7,1,Đường Huỳnh Văn Bánh,38.90672016048144,0.0,0.0,61.133400200601805,26.0,19.5
58.0,3.0,6.0,Sổ hồng,Đầy đủ,10.8675882227472,106.635052907532,Hẻm ô tô,Quận 12,Phường Tân Chánh Hiệp,,0,Đường Tân Chánh Hiệp 8,,,,,7.0,5.78
60.0,4.0,7.545454545454545,Sổ hồng,Trống / Nhà thô,10.7629702497816,106.686758684584,Hẻm ô tô,Quận 1,Phường Nguyễn Cư Trinh,26.0,1,Đường Nguyễn Trãi,0.9615384615384616,0.0,0.0,99.1923076923077,8.0,14.0
70.0,6.0,12.0,Sổ hồng,Đầy đủ,10.7936711876379,106.71824621104,Mặt tiền,Quận Bình Thạnh,Phường 22,3710.2,0,Đường Nguyễn Hữu Cảnh,92.29071209099241,0.0,7.7092879090076005,0.0,21.0,20.99
160.0,2.0,20.0,Sổ hồng,Cơ bản,10.8119429321954,106.69211911902,Mặt tiền,Quận Bình Thạnh,Phường 11,654.3,0,Đường Nguyễn Văn Đậu,10.751948647409446,0.0,0.0,89.2465230016812,5.0,21.99
56.0,2.0,3.0,Sổ hồng,Đầy đủ,10.7515719624438,106.72886951647,Chưa xác định,Quận 7,Phường Tân Thuận Tây,1917.9,0,Đường Huỳnh Tấn Phát,67.38776787110903,0.0,0.0,32.61171072527244,5.0,5.8
86.0,7.0,10.0,Sổ hồng,Trống / Nhà thô,10.7871349816685,106.666178614072,Mặt tiền,Quận 3,Phường 11,661.2,0,Đường Cách Mạng Tháng Tám,0.0,0.0,0.0,99.99546279491832,30.0,35.5
40.0,2.0,5.390909090909091,Sổ hồng,Trống / Nhà thô,10.848507009105,106.718213308746,Chưa xác định,Thành phố Thủ Đức,Phường Trường Thọ,,1,Đường Số 9,,,,,3.0,3.26
66.0,2.0,6.0,Sổ hồng,Đầy đủ,10.7516360510882,106.701764704307,Chưa xác định,Quận 7,Phường Tân Hưng,498563.61,0,Phố Trần Xuân Soạn,95.4990898754123,0.0,0.11544564995427567,4.385462468871324,4.0,6.6
263.0,5.0,12.0,Sổ hồng,Trống / Nhà thô,10.7934264555922,106.691339305944,Hẻm ô tô,Quận 1,Phường Tân Định,77.6,0,Đường Trần Khắc Chân,1.8814432989690724,0.0,0.0,98.10567010309279,9.0,85.0
60.0,3.0,5.0,Sổ hồng,Cơ bản,10.8455210172966,106.726183687189,Chưa xác định,Thành phố Thủ Đức,Phường Hiệp Bình Chánh,,0,Đường Hiệp Bình,,,,,6.0,6.2
27.0,3.0,3.0,Sổ hồng,Đầy đủ,10.7724060645513,106.668947390239,Chưa xác định,Quận 10,Phường 10,202.0,0,Đường Sư Vạn Hạnh,0.0,0.0,0.0,99.82178217821782,6.0,4.5
72.0,4.0,14.0,Sổ hồng,Trống / Nhà thô,10.7533843767605,106.605606481774,Mặt tiền,Quận Bình Tân,Phường Bình Trị Đông B,82.7,1,Đường Số 36,0.0,0.0,0.0,99.93954050785973,9.0,10.0
180.0,3.0,8.0,Sổ hồng,Trống / Nhà thô,10.8155159962929,106.707810449876,Mặt tiền,Quận Bình Thạnh,Phường 26,21052.2,0,Phố Nguyễn Xí,12.87281139263355,0.0,87.12699860347138,0.0,9.0,24.7
48.0,3.0,7.333333333333333,Sổ hồng,Trống / Nhà thô,10.8122467094363,106.686432181442,Hẻm ô tô,Quận Bình Thạnh,Phường 5,1334.3,1,Đường Nguyễn Trung Trực,72.44098028929027,0.0,0.0,27.55827025406581,8.0,5.5
160.0,3.0,12.0,Sổ hồng,Trống / Nhà thô,10.78906,106.8001,Chưa xác định,Quận 9,Phường Phú Hữu,,0,Đường Số 3,,,,,12.0,17.9
72.0,5.0,19.0,Sổ hồng,Cơ bản,10.7898603322704,106.621710390283,Hẻm ô tô,Quận Tân Phú,Phường Tân Quý,114.4,1,Đường Tân Hương,11.486013986013987,0.0,0.0,88.50524475524475,13.0,10.3
330.0,2.0,45.0,Sổ hồng,Trống / Nhà thô,10.8024549173438,106.641742920529,Mặt tiền,Quận Tân Bình,Phường 13,1401.9,0,Đường Cộng Hòa,99.85804978957128,0.0,0.0,0.1390969398673229,14.0,83.0
71.0,4.0,5.5,Sổ hồng,Trống / Nhà thô,10.7904485378758,106.631881934159,Mặt tiền,Quận Tân Phú,Phường Tân Thành,32.4,1,Đường Bác Ái,49.660493827160494,0.0,0.0,50.24691358024692,10.0,9.2
65.0,2.0,3.0,Sổ hồng,Đầy đủ,10.6924813391351,106.741020119047,Chưa xác định,Huyện Nhà Bè,Thị trấn Nhà Bè,3078.9,0,Đường Huỳnh Tấn Phát,90.07047971678196,0.0,0.0,9.929195491896458,5.0,4.5
65.0,4.0,7.4,Sổ đỏ,Trống / Nhà thô,10.7931299319634,106.687341103185,Chưa xác định,Quận 1,Phường Tân Định,479.9,1,Đường Nguyễn Văn Nguyễn,4.892685976245051,0.0,0.0,95.10523025630341,8.0,27.0
210.0,6.0,9.4,Sổ hồng,Trống / Nhà thô,10.7884003593871,106.683673774247,Chưa xác định,Quận 3,Phường Võ Thị Sáu,4867.0,1,Đường Hoàng Sa,62.41093075816725,30.770084240805424,6.819395931785493,0.0,43.0,64.0
50.0,4.0,12.0,Sổ hồng,Đầy đủ,10.866496,106.68464,Chưa xác định,Quận 12,Phường Thạnh Lộc,4113.0,0,Đường Thạnh Lộc 16,95.2351081935327,0.0,0.0,4.765134938001459,9.0,7.49
80.0,5.0,10.0,Sổ hồng,Cao cấp,10.7826969790206,106.609064470382,Mặt tiền,Quận Bình Tân,Phường Bình Hưng Hòa A,7116.1,0,Đường Số 16,23.991090625483057,32.05028035019182,43.44275656609659,0.5165750902882196,11.0,9.7
55.0,3.0,3.0,Sổ hồng,Đầy đủ,10.8107506204282,106.66638442458,Chưa xác định,Quận Tân Bình,Phường 2,151.5,0,Đường Cửu Long,5.174917491749175,0.0,0.0,94.81848184818482,12.0,16.0
30.0,3.0,24.0,Sổ hồng,Đầy đủ,10.7639691905444,106.632779594258,Chưa xác định,Quận Tân Phú,Phường Tân Thới Hòa,1273.7,0,Đường Lũy Bán Bích,38.11494072387532,0.0,61.88505927612468,0.0,4.0,5.95
85.0,2.0,5.0,Sổ hồng,Đầy đủ,10.7859749744478,106.768085396118,Hẻm ô tô,Quận 2,Phường Bình Trưng Tây,,0,Đường 14,,,,,10.0,7.0
90.0,2.0,4.0,Sổ hồng,Đầy đủ,10.824958966064,106.680232563808,Mặt tiền,Quận Gò Vấp,Phường 3,85.7,0,Đường Hạnh Thông,3.652275379229871,0.0,0.0,96.31271878646442,6.0,12.5
54.0,6.0,30.0,Sổ hồng,Trống / Nhà thô,10.7836173383842,106.697280825313,Mặt tiền,Quận 3,Phường Võ Thị Sáu,4163.2,0,Phố Hai Bà Trưng,97.1418620292083,0.0,2.859098770176787,0.0,9.0,45.0
48.0,4.0,4.666666666666666,Sổ hồng,Trống / Nhà thô,10.7418649890129,106.638651666497,Hẻm ô tô,Quận 6,Phường 8,38.0,1,Đường Văn Thân,86.02631578947367,0.0,0.0,13.868421052631577,9.0,6.4
125.0,1.0,30.0,Sổ hồng,Đầy đủ,10.854657482507,106.768221821801,Chưa xác định,Thành phố Thủ Đức,Phường Linh Trung,,0,Đường Hoàng Diệu 2,,,,,2.0,25.0
80.0,4.0,8.0,Sổ hồng,Đầy đủ,10.6925167069562,106.740939603671,Mặt tiền,Huyện Nhà Bè,Thị trấn Nhà Bè,3078.9,0,Đường Huỳnh Tấn Phát,90.07047971678196,0.0,0.0,9.929195491896458,9.0,11.9
72.0,2.0,5.0,Sổ hồng,Cơ bản,10.7842614456114,106.759413884314,Mặt tiền,Quận 2,Phường Bình Trưng Tây,,0,Unknown,,,,,4.0,7.9
108.0,4.0,20.0,Sổ hồng,Đầy đủ,10.750249208905451,106.7364948268781,Chưa xác định,Quận 7,Phường Tân Thuận Đông,223.3,0,Đường Bùi Văn Ba,28.858038513210925,0.0,0.0,71.15091804746977,8.0,17.5
45.0,3.0,4.0,Sổ hồng,Trống / Nhà thô,10.8708522868049,106.628422089567,Hẻm ô tô,Quận 12,Phường Trung Mỹ Tây,,0,Đường Lâm Thị Hố,,,,,8.0,4.75
44.0,4.0,12.0,Sổ hồng,Đầy đủ,10.7315738808673,106.744878353215,Chưa xác định,Quận 7,Phường Phú Thuận,3478.6,0,Đường Huỳnh Tấn Phát,42.50071867992871,0.0,57.49928132007129,0.0,7.0,5.5
84.0,5.0,8.8,Sổ hồng,Trống / Nhà thô,10.8356729231004,106.842701196486,Chưa xác định,Quận 9,Phường Long Thạnh Mỹ,,1,Đường T4,,,,,10.0,17.0
71.0,4.0,16.0,Sổ hồng,Đầy đủ,10.7645971584415,106.627036314458,Mặt tiền,Quận Tân Phú,Phường Tân Thới Hòa,1521.1,0,Đường Nguyễn Văn Yến,42.87423575044376,0.0,7.2454145026625465,49.87903490894748,11.0,9.68
189.0,3.0,16.0,Sổ hồng,Đầy đủ,10.8106845968801,106.789022922617,Chưa xác định,Quận 9,Phường Phước Long B,,0,Unknown,,,,,11.0,24.0
80.0,4.0,12.0,Sổ hồng,Trống / Nhà thô,10.73968604092,106.678100548582,Mặt tiền,Quận 8,Phường 4,8587.5,0,Đường Cao Lỗ,22.052634643377,0.0,0.0,77.94748180494905,18.0,15.5
57.0,3.0,8.433333333333334,Sổ hồng,Đầy đủ,10.759778221068,106.70967721647,Chưa xác định,Quận 4,Phường 14,64.6,1,Đường Đoàn Văn Bơ,44.36532507739939,0.0,55.58823529411765,0.0,7.0,9.8
75.0,3.0,13.333333333333332,Sổ hồng,Cơ bản,10.7955406168361,106.792527380043,Chưa xác định,Quận 9,Phường Phú Hữu,,1,Đường Vành Đai Trong,,,,,8.0,8.0
205.0,3.0,20.0,Sổ hồng,Đầy đủ,10.7423564274956,106.716838616201,Chưa xác định,Quận 7,Phường Bình Thuận,69.8,0,Đường Số 45,9.656160458452723,0.0,0.0,90.40114613180516,10.0,34.0
44.0,2.0,10.0,Sổ hồng,Cơ bản,10.7512925748966,106.728562176528,Chưa xác định,Quận 7,Phường Tân Thuận Tây,979.3,0,Đường Huỳnh Tấn Phát,97.0295108751149,0.0,0.0,2.970489124885122,6.0,5.4
102.0,4.0,8.0,Sổ hồng,Đầy đủ,10.7962821653159,106.608722087168,Chưa xác định,Quận Bình Tân,Phường Bình Hưng Hòa,1805.0,0,Đường Số 8,89.3202216066482,0.0,0.0,10.677562326869804,16.0,9.5
65.0,4.0,8.0,Sổ hồng,Trống / Nhà thô,10.7695955617023,106.67573847309,Mặt tiền,Quận 3,Phường 1,867.0,1,Đường Điện Biên Phủ,90.21337946943483,0.0,0.0,9.787773933102653,11.0,22.0
23.0,2.0,3.0,Sổ hồng,Trống / Nhà thô,10.8109915226687,106.693761576322,Chưa xác định,Quận Bình Thạnh,Phường 11,1028.0,1,Đường Tăng Bạt Hổ,42.48346303501946,0.0,0.0,57.51848249027237,4.0,4.7
118.0,4.0,8.0,Sổ hồng,Đầy đủ,10.7958551888778,106.631955834992,Chưa xác định,Quận Tân Phú,Phường Tân Sơn Nhì,7313.4,0,Đường Nguyễn Thế Truyện,28.1447753438893,48.257992178740395,0.0,23.596412065523563,11.0,15.4
75.0,3.0,14.0,không có,Cơ bản,10.879043,106.55251,Chưa xác định,Huyện Hóc Môn,Xã Xuân Thới Sơn,34049.8,0,Đường Thanh Niên,0.0,10.637712996845796,89.36234574065045,0.0,6.0,6.5
90.0,3.0,12.0,Sổ hồng,Trống / Nhà thô,10.7667151756493,106.659369998421,Mặt tiền,Quận 10,Phường 14,104.0,1,Phố Lý Thường Kiệt,13.471153846153847,0.0,0.0,86.57692307692308,10.0,32.5
127.0,3.0,9.3,Sổ hồng,Trống / Nhà thô,10.882215582066,106.77272331011,Mặt tiền,Thành phố Thủ Đức,Phường Linh Xuân,,1,Đường Truông Tre,,,,,9.0,9.8
29.0,4.0,7.9,Sổ hồng,Đầy đủ,10.762932852486,106.703121968538,Hẻm ô tô,Quận 4,Phường 8,1680.2,1,Đường Hoàng Diệu,91.63492441376026,0.0,8.361504582787765,0.0,7.0,5.7
106.0,2.0,6.0,Sổ hồng,Đầy đủ,10.7939639064912,106.642170172643,Mặt tiền,Quận Tân Bình,Phường 14,113.1,0,Đường Nguyễn Hồng Đào,4.022988505747127,0.0,0.0,95.95932802829356,3.0,12.8
200.0,3.0,10.9,Sổ hồng,Trống / Nhà thô,10.88045749331716,106.81803595768945,Mặt tiền,Thành phố Thủ Đức,Phường Long Bình,,1,Đường Hoàng Hữu Nam,,,,,14.0,22.0
161.0,5.0,25.0,Sổ hồng,Trống / Nhà thô,10.8449317475125,106.718189297864,Mặt tiền,Thành phố Thủ Đức,Phường Hiệp Bình Phước,,0,Đường Số 20,,,,,9.0,38.5
78.0,5.0,8.0,Sổ hồng,Đầy đủ,10.8031167839739,106.716472915271,Hẻm ô tô,Quận Bình Thạnh,Phường 25,107.6,0,Đường Nguyễn Gia Trí,0.0,0.0,0.0,100.0,26.0,18.3
40.0,6.0,5.0,Sổ hồng,Đầy đủ,10.8028403005009,106.69561576175,Mặt tiền,Quận Bình Thạnh,Phường 3,9196.2,0,Phố Phan Đăng Lưu,94.39094408560055,1.164285248254714,4.444444444444445,0.0,9.0,10.2
121.0,7.0,19.5,Sổ hồng,Đầy đủ,10.7937355785327,106.689684947752,Mặt tiền,Quận 1,Phường Tân Định,95.6,1,Đường Trần Nhật Duật,8.03347280334728,0.0,0.0,92.01882845188285,13.0,69.0
91.0,2.0,30.0,Sổ hồng,Đầy đủ,10.7640353875986,106.656269852432,Chưa xác định,Quận 11,Phường 13,243.8,0,Đường Lê Đại Hành,0.0,0.0,0.0,100.0,6.0,25.0
58.0,2.0,4.0,Sổ hồng,Đầy đủ,10.7234549783007,106.61980629095,Chưa xác định,Quận 8,Phường 16,3293.2,0,Đường An Dương Vương,54.87732296854124,0.0,0.0,45.12389165553262,5.0,4.6
64.0,4.0,20.0,Sổ hồng,Trống / Nhà thô,10.7643159840979,106.690628284959,Mặt tiền,Quận 1,Phường Phạm Ngũ Lão,1381.8,0,Đường Nguyễn Cư Trinh,89.33782023447677,0.0,0.0,10.663627152988855,11.0,27.8
83.0,2.0,4.0,Sổ hồng,Cơ bản,10.7930286328162,106.623508437277,Chưa xác định,Quận Tân Phú,Phường Phú Thọ Hòa,36.4,0,Đường Nguyễn Quang Diêu,0.0,0.0,0.0,99.97252747252747,2.0,7.49
76.0,2.0,15.0,Sổ hồng,Trống / Nhà thô,10.7969822417324,106.68108431791,Hẻm ô tô,Quận Phú Nhuận,Phường 1,79.8,1,Đường Phan Đình Phùng,27.631578947368425,0.0,0.0,72.34335839598998,9.0,11.5
50.0,3.0,6.0,Sổ hồng,Cao cấp,10.684911659544,106.750353002475,Mặt tiền,Huyện Nhà Bè,Thị trấn Nhà Bè,,0,Đường Đào Tông Nguyên,,,,,7.0,7.35
85.0,5.0,13.0,Sổ hồng,Cao cấp,10.8455916369224,106.717976140987,Chưa xác định,Thành phố Thủ Đức,Phường Hiệp Bình Phước,,0,Đường Nguyễn Thị Nhung,,,,,11.0,17.5
121.0,1.0,9.4,Sổ hồng,Cơ bản,10.7749255821307,106.664684535871,Mặt tiền,Quận 10,Phường 14,5455.0,1,Đường Thành Thái,35.629514207149406,0.0,0.0,64.36498625114574,5.0,18.5
75.0,4.0,8.0,Sổ hồng,Đầy đủ,10.7262758215628,106.73366930962,Chưa xác định,Quận 7,Phường Phú Thuận,1889.4,0,Đường Phú Thuận,70.85000529268551,0.0,0.0,29.14999470731449,9.0,15.8
52.0,4.0,6.0,Sổ hồng,Đầy đủ,10.6930886353489,106.741027931552,Mặt tiền,Huyện Nhà Bè,Thị trấn Nhà Bè,124.8,0,Đường Huỳnh Tấn Phát,13.653846153846153,0.0,0.0,86.34615384615385,8.0,5.99
619.0,8.0,16.0,Sổ hồng,Trống / Nhà thô,10.8070214449431,106.718769562831,Mặt tiền,Quận Bình Thạnh,Phường 25,915.3,1,Đường Ung Văn Khiêm,96.48858297825849,0.0,0.0,3.5114170217415057,15.0,79.0
83.0,2.0,10.0,Sổ hồng,Đầy đủ,10.8582747841995,106.642311936238,Mặt tiền,Quận 12,Phường Tân Thới Hiệp,10825.9,0,Đường Chung Thị Minh,50.95668720383525,37.82299854977415,0.0,11.220037133171378,7.0,8.4
90.0,4.0,12.0,Sổ hồng,Cơ bản,10.7648505716688,106.616301783203,Chưa xác định,Quận Bình Tân,Phường Bình Trị Đông,1912.0,0,Đường Đất Mới,68.26464435146443,0.0,1.4843096234309623,30.252092050209207,11.0,8.35
130.0,6.0,12.1,Sổ đỏ,Trống / Nhà thô,10.8118770788486,106.667014875472,Chưa xác định,Quận Tân Bình,Phường 2,1187.0,1,Đường Lam Sơn,92.66470092670599,0.0,0.0,7.337826453243471,34.0,28.0
37.0,2.0,3.0,Sổ hồng,Trống / Nhà thô,10.8390139843943,106.665176852533,Chưa xác định,Quận Gò Vấp,Phường 11,285.5,1,Đường Thống Nhất,15.824868651488616,0.0,0.0,84.17513134851137,3.0,4.3
110.0,3.0,8.0,Sổ hồng,Trống / Nhà thô,10.8756463218889,106.685561133607,Mặt tiền,Quận 12,Phường Thạnh Lộc,1373.8,0,Unknown,40.89459892269617,5.686417236861261,0.0,53.41971174843499,16.0,7.95
94.0,4.0,10.6,Sổ hồng,Đầy đủ,10.783015404209,106.658444985281,Mặt tiền,Quận Tân Bình,Phường 6,415.0,1,Đường Đất Thánh,67.07951807228916,0.0,0.0,32.92289156626506,15.0,14.99
27.0,2.0,6.0,Sổ hồng,Cơ bản,10.7920426063142,106.671516085911,Chưa xác định,Quận Phú Nhuận,Phường 13,142.9,0,Đường Huỳnh Văn Bánh,18.264520643806858,0.0,0.0,81.76347095871238,3.0,5.7
90.0,3.0,15.0,Sổ hồng,Đầy đủ,10.7078327676071,106.734716341764,Chưa xác định,Quận 7,Phường Phú Mỹ,4661.4,0,Unknown,49.420560346676965,33.51182048311666,0.0,17.06719011455786,9.0,17.5
49.0,2.0,4.8,Sổ hồng,Đầy đủ,10.7806083234068,106.655172351748,Chưa xác định,Quận Tân Bình,Phường 8,,1,Phố Lý Thường Kiệt,,,,,6.0,7.78
293.0,9.0,31.0,không có,Trống / Nhà thô,10.811048007719,106.666175271472,Chưa xác định,Quận Tân Bình,Phường 2,145.1,1,Đường Cửu Long,11.984838042729153,0.0,0.0,88.00827015851138,12.0,145.0
138.0,4.0,6.0,Sổ hồng,Trống / Nhà thô,10.7476226589953,106.685426398336,Mặt tiền,Quận 8,Phường 1,1309.7,0,Đường Nguyễn Thị Tần,82.73421394212414,0.0,0.0,17.268076658776817,17.0,9.5
47.0,2.0,3.0,Sổ hồng,Đầy đủ,10.726538981071,106.733593924958,Chưa xác định,Quận 7,Phường Phú Thuận,1889.4,0,Đường Huỳnh Tấn Phát,70.85000529268551,0.0,0.0,29.14999470731449,4.0,4.79
75.0,2.0,12.0,Sổ hồng,Trống / Nhà thô,10.7347279784393,106.613154513247,Hẻm ô tô,Quận Bình Tân,Phường Bình Trị Đông B,14190.3,1,Đường Kinh Dương Vương,98.00116981318224,0.0,0.0,1.9990415988386436,5.0,5.9
52.0,2.0,3.0,Sổ hồng,Đầy đủ,10.8499427114754,106.695487390052,Hẻm xe máy,Quận 12,Phường An Phú Đông,3728.9,0,Đường Quốc lộ 1A,23.853683391885006,0.0,0.0,76.14658478371638,5.0,4.38
49.0,2.0,5.25,Sổ hồng,Trống / Nhà thô,10.8379965797248,106.636668253295,Hẻm ô tô,Quận Gò Vấp,Phường 14,1849.6,1,Đường Phan Huy Ích,97.26589532871974,0.0,0.0,2.734645328719723,4.0,5.9
61.0,4.0,4.0,Sổ hồng,Đầy đủ,21.0289486097874,105.852447225903,Hẻm ô tô,Quận 7,Phường Phú Mỹ,,0,Đường Chuyên Dùng 9,,,,,10.0,7.99
150.0,6.0,13.2,không có,Trống / Nhà thô,10.8321931787032,106.676942170942,Mặt tiền,Quận Gò Vấp,Phường 10,41775.4,1,Đường Nguyễn Oanh,9.75916448436161,90.24076370304056,0.0,0.0,12.0,30.0
105.0,4.0,20.0,Sổ hồng,Đầy đủ,10.763169223956,106.687118171078,Mặt tiền,Quận 1,Phường Nguyễn Cư Trinh,566.7,1,Đường Nguyễn Trãi,24.79089465325569,75.07852479265925,0.0,0.12352214575613196,8.0,43.0
270.0,2.0,30.0,Sổ hồng,Trống / Nhà thô,10.8111440703938,106.610681422968,Mặt tiền,Quận Tân Phú,Phường Sơn Kỳ,194.3,0,Đường Lê Trọng Tấn,23.93206381883685,0.0,18.55378281008749,57.50386001029336,6.0,36.0
60.0,4.0,7.545454545454545,Sổ đỏ,Trống / Nhà thô,10.8548636581066,106.768080777126,Chưa xác định,Thành phố Thủ Đức,Phường Linh Chiểu,,1,Đường Hoàng Diệu 2,,,,,8.0,9.8
60.0,2.0,4.0,Sổ hồng,Trống / Nhà thô,10.7806829832627,106.649862487041,Chưa xác định,Quận Tân Bình,Phường 10,56.5,0,Đường Lạc Long Quân,48.70796460176991,0.0,0.0,51.292035398230084,4.0,6.9
60.0,2.0,6.0,Sổ hồng,Cơ bản,10.7368209315643,106.704751738775,Chưa xác định,Quận 7,Phường Tân Phong,,0,Đường Số 79,,,,,4.0,11.4
53.0,4.0,5.0,Sổ hồng,Cơ bản,10.8481249767119,106.642570104993,Mặt tiền,Quận Gò Vấp,Phường 14,3444.9,0,Đường Quang Trung,9.195041946065196,0.0,90.80553862231123,0.0,9.0,7.6
29.0,4.0,3.0,Sổ hồng,Đầy đủ,10.7445990029644,106.696936721817,Mặt tiền,Quận 7,Phường Tân Hưng,19302.44,1,Phố Trần Xuân Soạn,0.0,0.0,0.0,100.0,7.0,6.2
37.0,5.0,5.0,Sổ hồng,Đầy đủ,10.8054488300738,106.682169600556,Chưa xác định,Quận Phú Nhuận,Phường 5,947.1,0,Đường Thích Quảng Đức,79.44884383908774,0.0,0.0,20.554323725055433,8.0,8.65
46.0,4.0,3.0,Sổ hồng,Cơ bản,10.8159986455534,106.693770582478,Mặt tiền,Quận Bình Thạnh,Phường 11,45.1,0,Đường Phan Văn Trị,0.0,0.0,0.0,99.93348115299334,9.0,7.89
80.0,4.0,12.0,Sổ hồng,Đầy đủ,10.7050523902962,106.735080930397,Chưa xác định,Quận 7,Phường Phú Mỹ,522.3,0,Đường Phạm Hữu Lầu,18.8799540493969,81.1200459506031,0.0,0.0,9.0,16.99
49.0,4.0,10.0,Sổ hồng,Đầy đủ,10.7975757940965,106.688746655024,Mặt tiền,Quận Phú Nhuận,Phường 2,,0,Đường Hoa Lan,,,,,9.0,16.2
48.0,2.0,7.5,Sổ hồng,Đầy đủ,10.7440570857108,106.69696642212,Chưa xác định,Quận 7,Phường Tân Hưng,498563.61,1,Unknown,95.4990898754123,0.0,0.11544564995427567,4.385462468871324,5.0,5.1
68.0,4.0,10.666666666666668,Sổ hồng,Trống / Nhà thô,10.895373075425049,106.57423820346594,Chưa xác định,Huyện Hóc Môn,Xã Tân Thới Nhì,5611.9,1,Unknown,19.75872699085871,80.24109481637237,0.0,0.0,9.0,2.7
95.0,2.0,8.0,Sổ hồng,Cơ bản,10.7898575380314,106.589661584153,Hẻm ô tô,Quận Bình Tân,Phường Bình Hưng Hòa B,2461.1,0,Đường Liên Khu 5-6,33.0262890577384,0.0,0.0,66.97371094226159,12.0,5.2
90.0,5.0,12.0,Sổ hồng,Đầy đủ,10.7243255502613,106.726262616334,Chưa xác định,Quận 7,Phường Tân Phú,78137.5,0,Đường D5A,14.041606143017118,82.0049528075508,3.208651415773476,0.0,11.0,17.5
29.0,2.0,3.2,Sổ hồng,Cơ bản,10.8556431126228,106.761493916623,Mặt tiền,Thành phố Thủ Đức,Phường Linh Chiểu,,1,Đường Số 17,,,,,3.0,2.89
40.0,5.0,4.0,Sổ hồng,Đầy đủ,10.8024092693849,106.695561628936,Chưa xác định,Quận Bình Thạnh,Phường 3,982.1,0,Phố Phan Đăng Lưu,0.0,0.0,100.0,0.0,11.0,10.6
105.0,2.0,4.0,Sổ hồng,Cơ bản,10.793670773675,106.718037552508,Hẻm ô tô,Quận Bình Thạnh,Phường 22,2955.0,0,Đường Nguyễn Hữu Cảnh,88.64805414551607,0.0,0.0,11.352961082910323,8.0,8.39
40.0,2.0,3.0,Sổ hồng,Trống / Nhà thô,10.7402091560475,106.735851266903,Hẻm xe máy,Quận 7,Phường Phú Thuận,259.1,0,Đường Nguyễn Văn Quỳ,46.37591663450405,0.0,0.0,53.6318023928985,5.0,4.95
72.0,4.0,5.0,Sổ hồng,Trống / Nhà thô,10.7962041140684,106.626451501624,Chưa xác định,Quận Tân Phú,Phường Tân Sơn Nhì,302.1,0,Đường Gò Dầu,0.0,0.0,0.0,100.0,10.0,6.6
56.0,4.0,8.7,Sổ hồng,Trống / Nhà thô,10.7613921619997,106.666949708833,Chưa xác định,Quận 10,Phường 5,36.0,1,Đường Hòa Hảo,15.833333333333332,0.0,0.0,83.5,16.0,9.2
52.0,3.0,7.0,Sổ hồng,Trống / Nhà thô,10.8782426752442,106.770028188637,Hẻm ô tô,Thành phố Thủ Đức,Phường Linh Xuân,,0,Đường Số 6,,,,,6.0,5.7
140.0,4.0,16.0,không có,Cao cấp,10.7957026509482,106.775844596923,Chưa xác định,Quận 2,Phường An Phú,,1,Đường Song Hành,,,,,9.0,25.0
77.0,5.0,6.0,Sổ hồng,Đầy đủ,10.8499776103379,106.651755461044,Chưa xác định,Quận Gò Vấp,Phường 11,143.3,0,Đường Phạm Văn Chiêu,18.709002093510115,0.0,0.0,81.27006280530354,9.0,9.5
130.0,1.0,12.0,Sổ hồng,Cơ bản,10.8434272277201,106.742341531799,Mặt tiền,Thành phố Thủ Đức,Phường Linh Đông,,0,Đường Số 30,,,,,3.0,15.49
331.0,3.0,45.0,Sổ đỏ,Trống / Nhà thô,10.7700415257928,106.721500452353,Mặt tiền,Quận 2,Phường An Lợi Đông,,0,Unknown,,,,,10.0,285.0
29.0,5.0,4.0,Sổ hồng,Đầy đủ,10.8063374037674,106.684464852513,Hẻm ô tô,Quận Phú Nhuận,Phường 5,653.1,0,Đường Thích Quảng Đức,50.708926657479715,0.0,0.0,49.286479865257995,9.0,8.6
75.0,4.0,5.5,không có,Trống / Nhà thô,10.38586,106.9199,Chưa xác định,Huyện Cần Giờ,Xã Long Hòa,,1,Unknown,,,,,8.0,12.0
50.0,5.0,7.366666666666667,Sổ hồng,Đầy đủ,10.851383364223,106.658520871717,Chưa xác định,Quận Gò Vấp,Phường 16,130.1,1,Đường Phạm Văn Chiêu,20.62259800153728,0.0,0.0,79.40046118370483,7.0,8.7
100.0,4.0,8.0,Sổ hồng,Đầy đủ,10.6927937999711,106.7410722292,Chưa xác định,Huyện Nhà Bè,Thị trấn Nhà Bè,153.2,0,Đường Huỳnh Tấn Phát,14.3733681462141,0.0,0.0,85.64621409921672,9.0,7.48
48.0,2.0,6.0,Sổ hồng,Cơ bản,10.8147774168062,106.689121607081,Hẻm ô tô,Quận Gò Vấp,Phường 1,283.6,0,Đường Lê Quang Định,18.97743300423131,0.0,0.0,81.01551480959095,4.0,6.95
48.0,2.0,5.7272727272727275,Sổ hồng,Trống / Nhà thô,10.8378763031867,106.636641917965,Chưa xác định,Quận Gò Vấp,Phường 12,728.5,1,Đường Phan Huy Ích,7.6019217570350035,0.0,0.0,92.39533287577214,4.0,3.8
152.0,1.0,30.0,Sổ hồng,Trống / Nhà thô,10.8459474008574,106.795987809385,Mặt tiền,Quận 9,Phường Tăng Nhơn Phú A,,0,Đường Lê Văn Việt,,,,,10.0,27.5
68.0,1.0,7.1,Sổ hồng,Trống / Nhà thô,10.9023970966215,106.552753037312,Hẻm ô tô,Huyện Hóc Môn,Xã Tân Thới Nhì,7119.4,1,Unknown,4.472989296850859,95.52658931932467,0.0,0.0,3.0,2.7
61.0,2.0,11.25,Sổ đỏ,Trống / Nhà thô,10.8079739499987,106.702956532544,Hẻm ô tô,Quận Bình Thạnh,Phường 12,182.2,1,Đường Bùi Đình Túy,6.201975850713502,0.0,0.0,93.80351262349068,8.0,9.8
76.0,2.0,3.0,Sổ hồng,Đầy đủ,10.8139111548125,106.624155242684,Chưa xác định,Quận Tân Phú,Phường Tây Thạnh,89.3,0,Đường Lê Trọng Tấn,0.0,0.0,0.0,100.0,8.0,5.4
60.0,2.0,3.0,Sổ hồng,Đầy đủ,10.8143797132344,106.632399863435,Hẻm xe máy,Quận Tân Phú,Phường Tây Thạnh,2916.2,0,Đường Trường Chinh,18.405116247170977,81.59625540086415,0.0,0.0,4.0,5.6
72.0,2.0,8.0,Sổ hồng,Đầy đủ,10.8895588328799,106.683619741368,Mặt tiền,Quận 12,Phường Thạnh Xuân,738.2,0,Đường Thạnh Xuân 43,0.0,0.0,0.0,100.0,6.0,4.78
60.0,3.0,6.0,Sổ hồng,Đầy đủ,10.7301012688637,106.738665293908,Hẻm ô tô,Quận 7,Phường Phú Thuận,1366.2,0,Đường Gò Ô Môi,7.738984043331869,0.0,0.0,92.25882008490704,9.0,10.6
64.0,3.0,5.5,Sổ hồng,Trống / Nhà thô,10.8632751158267,106.639298089163,Mặt tiền,Quận 12,Phường Tân Thới Hiệp,7072.6,1,Đường Tân Thới Hiệp 21,58.79931001329073,0.0,0.0,41.200831377428386,5.0,6.59
54.0,2.0,4.0,Sổ hồng,Trống / Nhà thô,10.7960286136698,106.621996420302,Mặt tiền,Quận Tân Phú,Phường Tân Quý,159.9,0,Đường Gò Dầu,68.87429643527204,0.0,0.0,31.150719199499687,4.0,6.7
52.0,5.0,7.0,Sổ hồng,Cao cấp,10.7825822310955,106.608989930644,Chưa xác định,Quận Bình Tân,Phường Bình Hưng Hòa A,452.0,0,Đường Gò Xoài,27.488938053097346,56.82079646017699,15.393805309734512,0.3030973451327434,9.0,8.0
21.0,3.0,4.0,Sổ hồng,Đầy đủ,10.756039717736,106.681448181621,Chưa xác định,Quận 5,Phường 1,9235.4,0,Đường Trần Bình Trọng,15.047751044892479,77.08361305411786,0.0,7.868852459016394,5.0,5.75
85.0,5.0,13.0,Sổ hồng,Cao cấp,10.8455916369224,106.717976140987,Chưa xác định,Thành phố Thủ Đức,Phường Hiệp Bình Phước,,0,Đường Nguyễn Thị Nhung,,,,,11.0,17.3
642.0,3.0,16.8,Sổ hồng,Cơ bản,10.8397025787867,106.779790967703,Mặt tiền,Quận 9,Phường Tăng Nhơn Phú B,,1,Đường Số 5,,,,,9.0,48.6
1.17,2.0,30.0,Sổ hồng,Cơ bản,10.7444521954236,106.696732596193,Mặt tiền,Quận 7,Phường Tân Hưng,19302.44,0,Đường Hoàng Trọng Mậu,0.0,0.0,0.0,100.0,40.0,232.0
83.0,4.0,12.0,Sổ hồng,Đầy đủ,10.6845567834267,106.750009770425,Mặt tiền,Huyện Nhà Bè,Xã Phú Xuân,5845.8,0,Đường Đào Tông Nguyên,34.20866262958021,0.0,0.0,0.0,9.0,9.8
64.0,2.0,6.0,Sổ hồng,Trống / Nhà thô,10.7632499553397,106.686829267876,Hẻm ô tô,Quận 1,Phường Nguyễn Cư Trinh,3281.7,0,Đường Nguyễn Trãi,36.25407563153244,59.301581497394636,0.0,4.442819270500046,5.0,15.5
339.0,7.0,20.0,Sổ hồng,Trống / Nhà thô,10.7919670452287,106.689113111358,Mặt tiền,Quận 1,Phường Tân Định,16.3,0,Phố Đặng Dung,0.0,0.0,0.0,100.0,43.0,185.0
104.0,4.0,10.9,Sổ hồng,Trống / Nhà thô,10.7823726131238,106.769499573273,Mặt tiền,Quận 2,Phường Bình Trưng Tây,,1,Đường Lê Văn Thịnh,,,,,9.0,10.0
49.0,4.0,5.6,Sổ hồng,Trống / Nhà thô,10.7975143319428,106.689171964948,Hẻm ô tô,Quận Phú Nhuận,Phường 2,,1,Đường Hoa Lan,,,,,11.0,16.5
69.0,4.0,9.0,Sổ đỏ,Trống / Nhà thô,10.7985550734247,106.630473443888,Mặt tiền,Quận Tân Phú,Phường Tân Sơn Nhì,239.4,0,Phố Đỗ Nhuận,0.0,0.0,0.0,100.0,8.0,9.85
58.0,4.0,8.0,Sổ hồng,Đầy đủ,10.7891270864866,106.756360363215,Mặt tiền,Quận 2,Phường Bình Trưng Tây,,0,Unknown,,,,,8.0,9.29
50.0,3.0,5.0,Sổ hồng,Cơ bản,10.8378833944635,106.636311071457,Mặt tiền,Quận Gò Vấp,Phường 12,3041.6,0,Đường Phan Huy Ích,8.76808258811152,0.0,0.9333903208837454,90.29984218832193,7.0,6.55
360.0,1.0,16.0,Sổ hồng,Trống / Nhà thô,10.8686009979242,106.64410724624,Mặt tiền,Quận 12,Phường Tân Thới Hiệp,986.8,0,Đường Nguyễn Thị Kiểu,10.45905958654236,0.0,0.0,89.53891366031618,2.0,23.5
64.0,1.0,12.0,Sổ hồng,Trống / Nhà thô,10.8874565293383,106.595655266073,Mặt tiền,Huyện Hóc Môn,Thị trấn Hóc Môn,569.5,0,Unknown,0.0,0.417910447761194,0.0,99.5873573309921,3.0,4.8
29.0,2.0,3.5,Sổ hồng,Trống / Nhà thô,10.8442723300725,106.668197884521,Chưa xác định,Quận Gò Vấp,Phường 16,4862.7,1,Đường Số 9,85.2647706006951,14.219877845641312,0.0,0.5151459065951015,4.0,4.3
20.0,2.0,4.5,Sổ hồng,Trống / Nhà thô,10.841877784493,106.676932875241,Hẻm xe máy,Quận Gò Vấp,Phường 17,69.6,1,Đường Lê Đức Thọ,86.25,0.0,0.0,13.721264367816094,4.0,3.3
106.0,2.0,6.0,Sổ hồng,Trống / Nhà thô,10.7958315932753,106.640472506261,Hẻm ô tô,Quận Tân Bình,Phường 14,73.4,0,Đường Ba Vân,3.7602179836512253,0.0,0.0,96.18528610354223,6.0,12.8
40.0,3.0,4.0,Sổ hồng,Đầy đủ,10.7308809155901,106.732348604755,Chưa xác định,Quận 7,Phường Phú Thuận,541.9,1,Đường Huỳnh Tấn Phát,99.99630928215538,0.0,0.0,0.0,7.0,6.8
45.0,2.0,6.0,Sổ hồng,Trống / Nhà thô,10.7837505428291,106.658430784394,Chưa xác định,Quận Tân Bình,Phường 6,85.4,0,Unknown,0.0,0.0,0.0,99.98829039812645,9.0,7.0
106.0,4.0,20.0,Sổ hồng,Trống / Nhà thô,10.8256671754028,106.816880386323,Chưa xác định,Quận 9,Phường Trường Thạnh,,0,Đường Lò Lu,,,,,11.0,8.1
37.0,3.0,6.0,Sổ hồng,Cơ bản,10.792058272143,106.677792139696,Mặt tiền,Quận Phú Nhuận,Phường 12,75.5,0,Đường Huỳnh Văn Bánh,0.0,0.0,0.0,99.96026490066225,6.0,11.5
46.0,4.0,9.0,Sổ hồng,Trống / Nhà thô,10.8865732590178,106.633210312095,Chưa xác định,Quận 12,Phường Hiệp Thành,262.0,0,Đường Bùi Văn Ngữ,0.0,0.0,0.0,99.98854961832062,7.0,5.2
62.0,3.0,10.0,Sổ hồng,Trống / Nhà thô,10.8068257953787,106.64795374765,Mặt tiền,Quận Tân Bình,Phường 12,2879.7,0,Đường Hoàng Hoa Thám,51.60398652637428,0.0,0.0,48.25919366600688,6.0,8.9
114.0,6.0,14.1,không có,Trống / Nhà thô,10.8267240016789,106.686537449865,Mặt tiền,Quận Gò Vấp,Phường 7,77.8,1,Đường Nguyễn Du,10.732647814910026,0.0,0.0,89.25449871465295,30.0,18.5
81.0,1.0,4.0,Sổ hồng,Trống / Nhà thô,10.8389094697383,106.669351275404,Hẻm ô tô,Quận Gò Vấp,Phường 16,1610.1,0,Đường Nguyễn Văn Lượng,14.454381715421402,85.54313396683436,0.0,0.0,16.0,7.5
285.0,9.0,28.0,Sổ hồng,Trống / Nhà thô,10.8123502619277,106.685321480875,Chưa xác định,Quận Bình Thạnh,Phường 5,826.7,1,Đường Nguyễn Thượng Hiền,43.35792911576146,0.0,0.0,56.634813112374495,20.0,115.0
36.0,2.0,4.0,Sổ hồng,Cơ bản,10.779719231487,106.761329473009,Mặt tiền,Quận 2,Phường Thạnh Mỹ Lợi,,1,Đường 19,,,,,4.0,4.7
74.0,2.0,15.0,Sổ hồng,Trống / Nhà thô,10.7904002978812,106.707839993032,Chưa xác định,Quận Bình Thạnh,Phường 19,674.4,0,Đường Nguyễn Ngọc Phương,72.26571767497035,5.348457888493476,0.0,22.38285883748517,5.0,14.5
48.0,1.0,4.0,không có,Trống / Nhà thô,10.9457803475502,106.636874396779,Chưa xác định,Huyện Củ Chi,Xã Bình Mỹ,,0,Unknown,,,,,4.0,1.02
200.0,1.0,4.0,Sổ hồng,Cơ bản,10.739021364217,106.709810242584,Mặt tiền,Quận 7,Phường Tân Quy,650.9,1,Đường Nguyễn Thị Thập,47.256106928867716,0.0,0.0,52.74235673682593,8.0,40.0
343.0,3.0,34.9,Sổ hồng,Trống / Nhà thô,10.8038389197882,106.641788412873,Mặt tiền,Quận Tân Bình,Phường 13,232.6,1,Đường Ngô Bệ,3.5898538263112636,0.0,0.0,96.41014617368874,10.0,63.0
80.0,4.0,8.0,Sổ hồng,Đầy đủ,10.812001672273,106.624179590872,Chưa xác định,Quận Tân Phú,Phường Tây Thạnh,1154.6,0,Đường Nguyễn Hữu Tiến,6.890698077256194,78.88186384895202,0.0,14.226571972977656,11.0,11.5
77.0,4.0,8.0,Sổ hồng,Trống / Nhà thô,10.8075166052677,106.678461285032,Mặt tiền,Quận Phú Nhuận,Phường 4,953.6,0,Đường Nguyễn Kiệm,80.15834731543625,0.0,0.0,19.84689597315436,10.0,12.9
252.0,2.0,6.0,Sổ hồng,Trống / Nhà thô,10.7873445443245,106.686045857837,Chưa xác định,Quận 3,Phường Võ Thị Sáu,291.1,0,Đường Nam Kỳ Khởi Nghĩa,2.981793198213672,0.0,0.0,97.02164204740639,8.0,66.8
43.0,3.0,3.0,Sổ hồng,Trống / Nhà thô,10.8061389787926,106.697139844745,Mặt tiền,Quận Bình Thạnh,Phường 14,1561.1,0,Đường Lê Quang Định,78.39408109666262,0.0,0.0,21.607840625200183,12.0,7.8
73.0,4.0,7.333333333333333,Sổ đỏ,Trống / Nhà thô,10.7501398541568,106.632039995294,Chưa xác định,Quận 6,Phường 12,50.6,1,Đường Cư Xá Phú Lâm A,24.387351778656125,0.0,0.0,75.69169960474308,9.0,10.5
46.0,1.0,4.0,Sổ hồng,Trống / Nhà thô,10.8196797989061,106.702665228633,Mặt tiền,Quận Bình Thạnh,Phường 13,1282.0,1,Đường Nơ Trang Long,51.07098283931357,0.0,0.0,48.93135725429017,5.0,6.5
57.0,3.0,4.0,Sổ hồng,Đầy đủ,10.7918931228845,106.715752853542,Chưa xác định,Quận Bình Thạnh,Phường 22,808.6,0,Đường Võ Duy Ninh,63.48874598070739,0.0,0.0,36.5075439030423,6.0,5.45
56.0,4.0,12.0,Sổ hồng,Trống / Nhà thô,10.7904786802833,106.692400102067,Mặt tiền,Quận 1,Phường Tân Định,862.8,0,Đường Thạch Thị Thanh,71.65159944367177,0.0,0.0,28.349559573481685,11.0,23.0
40.0,5.0,8.0,Sổ hồng,Cơ bản,10.8289883660567,106.689193914141,Hẻm ô tô,Quận Gò Vấp,Phường 5,35587.4,0,Đường Trần Bá Giao,9.209664094595277,0.0,90.73871651202391,0.05161939338080331,9.0,7.5
62.0,5.0,12.0,Sổ hồng,Trống / Nhà thô,10.8816566089825,106.637669464305,Chưa xác định,Quận 12,Phường Hiệp Thành,33762.1,0,Đường Nguyễn Thị Búp,0.25226511384066747,18.896810328741402,80.85089493840727,0.0,9.0,6.79
65.0,1.0,8.0,Sổ hồng,Trống / Nhà thô,10.7456394536587,106.712825466302,Mặt tiền,Quận 7,Phường Bình Thuận,256.1,0,Đường 33,10.199140960562278,0.0,0.0,89.81257321358844,2.0,6.3
52.0,2.0,3.0,Sổ hồng,Đầy đủ,10.685427,106.73825,Chưa xác định,Quận 7,Phường Phú Thuận,4722.6,0,Đường Huỳnh Tấn Phát,64.8488120950324,19.856223266844534,0.0,15.29538813365519,6.0,4.8
80.0,3.0,10.125,không có,Trống / Nhà thô,10.7960321500411,106.626498678071,Chưa xác định,Quận Tân Phú,Phường Tân Sơn Nhì,80.4,1,Đường Gò Dầu,0.0,0.0,0.0,99.86318407960198,9.0,7.9
47.0,1.0,5.9,không có,Trống / Nhà thô,10.843438516308696,106.84263468592434,Chưa xác định,Quận 9,Phường Long Bình,,1,Đường Phước Thiện,,,,,5.0,6.5
59.0,5.0,5.0,Sổ hồng,Đầy đủ,10.8494927042599,106.65076485735,Hẻm ô tô,Quận Gò Vấp,Phường 9,97.6,0,Đường Phạm Văn Chiêu,29.077868852459016,0.0,6.352459016393443,64.52868852459017,10.0,6.99
352.0,2.0,13.9,Sổ hồng,Trống / Nhà thô,10.7931021479382,106.669967388602,Mặt tiền,Quận Phú Nhuận,Phường 10,1371.1,1,Đường Lê Văn Sỹ,93.05812850995552,0.8788563926774123,0.0,6.06374443877179,30.0,78.0
115.0,5.0,30.0,Sổ hồng,Cơ bản,10.799478,106.6193525,Chưa xác định,Quận Tân Phú,Phường Tân Quý,1530.2,0,Đường Tân Kỳ Tân Quý,100.0,0.0,0.0,0.0,13.0,18.5
153.0,9.0,25.3,Sổ hồng,Cơ bản,10.7670297430485,106.692579068019,Mặt tiền,Quận 1,Phường Phạm Ngũ Lão,19.9,1,Đường Bùi Viện,0.0,0.0,100.0,0.0,13.0,135.6
63.0,2.0,3.0,Sổ hồng,Cơ bản,10.7318524718392,106.731462223863,Mặt tiền,Quận 7,Phường Tân Phú,1683.6,0,Đường Huỳnh Tấn Phát,88.70099786172487,0.0,0.0,11.296032311712997,4.0,5.6
51.0,2.0,3.0,Sổ hồng,Trống / Nhà thô,10.8511159048162,106.637308001518,Hẻm ô tô,Quận 12,Phường Đông Hưng Thuận,3430.5,0,Đường Nguyễn Văn Quá,99.58868969537968,0.0,0.0,0.4116018073167177,4.0,3.39
160.0,4.0,18.0,Sổ hồng,Trống / Nhà thô,10.79744,106.7378,Chưa xác định,Quận 2,Phường An Phú,,0,Đường Cao Đức Lân,,,,,12.0,55.0
85.0,5.0,8.0,Sổ hồng,Trống / Nhà thô,10.828373207756,106.63919670035,Hẻm ô tô,Quận Tân Bình,Phường 15,612.3,0,Đường Trần Thái Tông,83.04425934999185,0.0,0.0,16.95247427731504,10.0,8.0
45.0,3.0,4.5,Sổ hồng,Trống / Nhà thô,10.7430504935905,106.729374082924,Chưa xác định,Quận 7,Phường Bình Thuận,4905.2,1,Đường Huỳnh Tấn Phát,2.091046236646824,97.90854603278154,0.0,0.0,8.0,4.9
28.0,4.0,4.0,Sổ hồng,Trống / Nhà thô,10.8402599753503,106.664034470126,Chưa xác định,Quận Gò Vấp,Phường 16,590.2,1,Đường Nguyễn Văn Lượng,0.7336496103015926,0.0,0.0,99.26126736699423,7.0,5.5
80.0,1.0,7.2,Sổ hồng,Trống / Nhà thô,10.8459018729703,106.664538541827,Mặt tiền,Quận Gò Vấp,Phường 16,190.8,1,Đường Thống Nhất,27.982180293501045,0.0,0.0,71.99685534591195,9.0,6.5
44.0,2.0,2.0,Sổ hồng,Cơ bản,10.7823808229015,106.648224976318,Chưa xác định,Quận Tân Bình,Phường 10,30.5,0,Đường Lạc Long Quân,0.0,0.0,0.0,99.96721311475409,4.0,4.6
52.0,5.0,8.0,Sổ hồng,Đầy đủ,10.7396070241325,106.617161261605,Chưa xác định,Quận Bình Tân,Phường An Lạc,13183.6,0,Đường Kinh Dương Vương,4.478594617555145,95.52132953062896,0.0,0.0,10.0,7.8
50.0,3.0,5.0,Sổ hồng,Đầy đủ,10.785850182069,106.698551943771,Chưa xác định,Quận 1,Phường Đa Kao,1479.6,0,Đường Mạc Đĩnh Chi,1.4199783725331172,0.0,98.58069748580698,0.0,12.0,16.5
680.0,2.0,8.0,Sổ hồng,Trống / Nhà thô,10.8590902448622,106.757037069923,Mặt tiền,Thành phố Thủ Đức,Phường Linh Tây,,0,Đường Kha Vạn Cân,,,,,10.0,37.0
70.0,2.0,3.0,Sổ hồng,Trống / Nhà thô,10.7808260283109,106.650456887364,Mặt tiền,Quận Tân Bình,Phường 10,,1,Đường Lạc Long Quân,,,,,9.0,8.2
61.0,3.0,5.0,Sổ hồng,Trống / Nhà thô,10.849586666481,106.743630773658,Hẻm ô tô,Thành phố Thủ Đức,Phường Linh Đông,,0,Đường Số 22,,,,,6.0,7.5
54.0,4.0,8.0,Sổ hồng,Đầy đủ,10.7375576047633,106.722865397676,Chưa xác định,Quận 7,Phường Bình Thuận,19530.5,0,Đường Nguyễn Thị Thập,1.4632497887918894,4.754000153605899,39.20027649061724,0.0,8.0,12.59
70.0,4.0,10.0,không có,Trống / Nhà thô,21.02894860978742,105.85244722590336,Chưa xác định,Huyện Hóc Môn,Xã Xuân Thới Sơn,,1,Unknown,,,,,9.0,6.0
106.0,4.0,5.0,Sổ hồng,Trống / Nhà thô,10.6926581822356,106.740859029124,Chưa xác định,Huyện Nhà Bè,Thị trấn Nhà Bè,1084.2,0,Đường Huỳnh Tấn Phát,72.12968087068806,0.0,0.0,27.87308614646744,11.0,7.9
64.0,4.0,12.0,Sổ hồng,Trống / Nhà thô,10.7558770637852,106.606037210579,Mặt tiền,Quận Bình Tân,Phường Bình Trị Đông B,8755.4,0,Đường Tên Lửa,78.50743541128904,0.14882244100783518,0.0,21.343742147703132,8.0,9.5
40.0,2.0,5.0,Sổ hồng,Trống / Nhà thô,10.8788412519865,106.668974669716,Chưa xác định,Quận 12,Phường Thạnh Xuân,10130.3,0,Đường Hà Huy Giáp,37.71813273052131,40.66562688173105,0.0,21.61594424646852,5.0,2.85
90.0,1.0,8.0,Sổ hồng,Cơ bản,10.8297433560485,106.730562853322,Hẻm ô tô,Thành phố Thủ Đức,Phường Hiệp Bình Chánh,,0,Đường 18,,,,,3.0,10.8
25.0,2.0,5.0,Sổ hồng,Trống / Nhà thô,10.8060387988898,106.711395599264,Hẻm ô tô,Quận Bình Thạnh,Phường 25,333.3,0,Đường Xô Viết Nghệ Tĩnh,37.45874587458746,62.529252925292525,0.0,0.0,5.0,3.95
107.0,2.0,12.0,Sổ hồng,Cơ bản,10.7346146167712,106.668105876247,Mặt tiền,Quận 8,Phường 5,49189.1,0,Phố Tạ Quang Bửu,19.443779211248017,3.727695769997825,0.0,76.82856567816853,5.0,6.3
29.0,4.0,4.0,Sổ hồng,Đầy đủ,10.7720162270286,106.68011595796,Hẻm ô tô,Quận 3,Phường 3,903.8,1,Đường Cao Thắng,0.10732462934277495,99.88824961274618,0.0,0.0,6.0,8.5
145.0,4.0,8.0,Sổ hồng,Trống / Nhà thô,10.8206141841894,106.777190937754,Mặt tiền,Quận 9,Phường Phước Long B,,0,Unknown,,,,,19.0,27.5
90.0,3.0,12.0,Sổ hồng,Trống / Nhà thô,10.8307278704476,106.705825780617,Hẻm ô tô,Quận Bình Thạnh,Phường 13,36014.6,0,Đường Bình Lợi,12.228623946954848,87.7714871191128,0.0,0.0,11.0,15.0
57.0,5.0,6.0,Sổ hồng,Đầy đủ,10.8480137550746,106.647824824502,Hẻm ô tô,Quận Gò Vấp,Phường 14,965.9,0,Đường Phạm Văn Chiêu,26.635262449528934,0.0,0.0,73.36370224660939,11.0,8.9
92.0,2.0,3.0,Sổ hồng,Trống / Nhà thô,10.7534858351677,106.713392941114,Mặt tiền,Quận 4,Phường 16,136.1,0,Đường Tôn Thất Thuyết,11.146216017634094,0.0,88.81704628949302,0.0,4.0,8.0
48.0,2.0,4.0,Sổ hồng,Cơ bản,10.8077487362856,106.70316242613,Mặt tiền,Quận Bình Thạnh,Phường 12,1193.6,0,Đường Bùi Đình Túy,85.56216487935657,0.43649463806970507,0.0,14.003853887399465,4.0,6.8
160.0,2.0,6.0,Sổ hồng,Trống / Nhà thô,10.7052768599853,106.741099075911,Hẻm ô tô,Quận 7,Phường Phú Mỹ,379.3,0,Đường Chuyên Dùng 9,28.07540205641972,0.0,14.822040601107304,57.09728447139467,8.0,9.7
91.0,2.0,4.0,Sổ hồng,Trống / Nhà thô,10.7477143740776,106.715937047964,Chưa xác định,Quận 7,Phường Tân Kiểng,56.4,0,Đường Lâm Văn Bền,8.191489361702128,0.0,0.0,91.80851063829788,8.0,8.5
87.0,5.0,7.0,Sổ hồng,Đầy đủ,10.7793202412389,106.667467698808,Chưa xác định,Quận 10,Phường 15,2594.0,0,Đường Tô Hiến Thành,71.39976869699308,0.0,0.0,28.582883577486513,10.0,14.0
74.0,4.0,12.0,Sổ hồng,Cơ bản,10.760098341283,106.613290433334,Mặt tiền,Quận Bình Tân,Phường Bình Trị Đông,394.1,0,Đường Liên Khu 16-18,13.514336462826693,0.0,0.0,86.49327581832021,9.0,9.5
72.0,4.0,8.0,Sổ hồng,Trống / Nhà thô,10.766333672084,106.659838605832,Mặt tiền,Quận 10,Phường 14,1025.0,0,Phố Lý Thường Kiệt,0.5463414634146341,0.0,0.0,99.49463414634147,17.0,18.8
34.0,4.0,6.0,Sổ hồng,Đầy đủ,10.8389825357571,106.648719929254,Chưa xác định,Quận Gò Vấp,Phường 8,2080.4,0,Đường Quang Trung,97.5336473755047,0.0,0.0,2.464910594116516,7.0,6.6
49.0,2.0,3.0,Sổ hồng,Đầy đủ,10.7938257417787,106.705514716604,Mặt tiền,Quận Bình Thạnh,Phường 17,73.7,1,Đường Phan Văn Hân,61.7910447761194,0.0,0.0,38.16824966078698,7.0,6.4
80.0,4.0,8.0,Sổ hồng,Đầy đủ,10.6777483321242,106.754082503751,Mặt tiền,Huyện Nhà Bè,Xã Phú Xuân,921.6,0,Đường Huỳnh Tấn Phát,6.9618055555555545,93.04144965277777,0.0,0.0,9.0,9.8
118.0,5.0,9.7,Sổ hồng,Trống / Nhà thô,10.7855903519314,106.698641534078,Mặt tiền,Quận 1,Phường Đa Kao,1854.0,1,Đường Mạc Đĩnh Chi,84.9967637540453,0.0,15.001618122977344,0.0,16.0,27.0
162.0,3.0,13.3,Sổ hồng,Trống / Nhà thô,10.8000022005954,106.64494408393,Hẻm ô tô,Quận Tân Bình,Phường 13,338.4,1,Đường Bình Giã,0.0,0.0,0.0,99.99408983451538,17.0,21.0
100.0,3.0,10.0,Sổ hồng,Đầy đủ,10.7425023432269,106.710459437053,Mặt tiền,Quận 7,Phường Tân Quy,1343.3,0,Unknown,61.399538450085615,0.0,0.0,38.59897267922281,8.0,16.9
84.0,6.0,20.0,Sổ hồng,Trống / Nhà thô,10.7920967541155,106.691541271509,Mặt tiền,Quận 1,Phường Tân Định,89.4,0,Đường Trần Quang Khải,0.0,0.0,0.0,99.95525727069351,25.0,31.0
52.0,4.0,8.0,Sổ hồng,Trống / Nhà thô,10.8279319698601,106.777840961655,Chưa xác định,Quận 9,Phường Long Thạnh Mỹ,,0,Đường 22,,,,,6.0,4.6
77.0,6.0,8.0,Sổ hồng,Trống / Nhà thô,10.7795628456432,106.667427129377,Mặt tiền,Quận 10,Phường 15,42832.0,0,Đường Tô Hiến Thành,8.418588905491221,91.34313130369817,0.0,0.23762607396339186,18.0,27.0
50.0,3.0,8.0,Sổ hồng,Trống / Nhà thô,10.8456275957949,106.718108945627,Chưa xác định,Thành phố Thủ Đức,Phường Hiệp Bình Phước,,1,Đường Quốc Lộ 13,,,,,6.0,7.1
200.0,4.0,30.0,Sổ hồng,Trống / Nhà thô,10.7660698249658,106.659533973101,Mặt tiền,Quận 10,Phường 14,69.0,0,Phố Lý Thường Kiệt,8.304347826086957,0.0,0.0,91.55072463768116,10.0,64.0
90.0,4.0,12.0,Sổ hồng,Đầy đủ,10.702578707068,106.728504871006,Chưa xác định,Quận 7,Phường Phú Mỹ,19542.6,0,Đường D4,1.3277660086170726,0.0,96.86367218282112,1.8085106382978726,9.0,17.5
49.0,3.0,8.0,Sổ hồng,Trống / Nhà thô,10.8050442678532,106.639527550322,Mặt tiền,Quận Tân Bình,Phường 13,501.6,0,Đường Nhất Chi Mai,88.55462519936204,0.0,0.0,11.43939393939394,6.0,9.9
38.0,5.0,6.6,Sổ hồng,Trống / Nhà thô,10.8016419890692,106.687328575793,Mặt tiền,Quận Phú Nhuận,Phường 7,40.3,1,Đường Phan Tây Hồ,0.0,0.0,0.0,99.97518610421837,9.0,8.66
60.0,4.0,6.0,Sổ hồng,Cơ bản,10.7777251290674,106.64863168061,Chưa xác định,Quận Tân Bình,Phường 10,27635.4,1,Đường Gò Cẩm Đệm,5.991083899635974,0.0,93.86587492853369,0.14311354277484672,7.0,9.5
70.0,4.0,6.0,không có,Đầy đủ,10.8422943783293,106.6306287519,Hẻm ô tô,Quận 12,Phường Đông Hưng Thuận,237.3,0,Đường Nguyễn Văn Quá,62.86135693215339,0.0,0.0,37.13442899283607,9.0,10.45
28.0,7.0,17.4,Sổ hồng,Đầy đủ,10.7922431651835,106.691338785773,Mặt tiền,Quận 1,Phường Tân Định,505.2,1,Đường Trần Quang Khải,91.5083135391924,0.0,0.0,8.485748218527316,14.0,12.7
60.0,5.0,6.0,Sổ hồng,Cơ bản,10.7898877300169,106.621802843501,Hẻm ô tô,Quận Tân Phú,Phường Tân Quý,78.0,0,Đường Tân Hương,14.705128205128206,0.0,0.0,85.2948717948718,9.0,7.3
150.0,4.0,12.2,Sổ hồng,Đầy đủ,10.8024618905111,106.641816699832,Mặt tiền,Quận Tân Bình,Phường 13,1401.9,1,Đường Cộng Hòa,99.85804978957128,0.0,0.0,0.1390969398673229,12.0,29.0
285.0,8.0,19.9,Sổ đỏ,Trống / Nhà thô,10.8082982081673,106.684094644723,Mặt tiền,Quận Phú Nhuận,Phường 5,168.3,1,Đường Nguyễn Thượng Hiền,29.631610219845513,0.0,0.0,70.38027332144979,20.0,105.0
42.0,1.0,5.0,Sổ hồng,Trống / Nhà thô,10.7672237620955,106.6095136351,Chưa xác định,Quận Bình Tân,Phường Bình Trị Đông A,112.5,0,Đường Đất Mới,35.404444444444444,0.0,0.0,64.61333333333333,4.0,4.7
34.0,3.0,9.0,Sổ hồng,Trống / Nhà thô,10.8197882614596,106.674801255784,Chưa xác định,Quận Gò Vấp,Phường 3,54.6,1,Đường Nguyễn Văn Công,14.981684981684982,0.0,84.94505494505495,0.0,6.0,5.5
48.0,2.0,4.0,Sổ hồng,Cơ bản,10.7987502157393,106.619251515004,Mặt tiền,Quận Tân Phú,Phường Tân Quý,57.3,0,Đường Tân Quý,0.0,0.0,0.0,99.9476439790576,4.0,6.45
1.2,2.0,7.0,Sổ hồng,Trống / Nhà thô,10.8433670553981,106.63447349491,Chưa xác định,Quận 12,Phường Đông Hưng Thuận,4426.6,0,Đường 8,32.20417476166809,67.73234536664707,0.0,0.0,9.0,65.5
85.0,2.0,8.0,không có,Trống / Nhà thô,10.796727722414,106.653272964666,Mặt tiền,Quận Tân Bình,Phường 12,65.4,0,Đường Nguyễn Thái Bình,0.565749235474006,0.0,0.0,99.4189602446483,6.0,14.0
95.0,5.0,50.0,Sổ hồng,Trống / Nhà thô,10.7997281736711,106.778774410486,Chưa xác định,Quận 2,Phường An Phú,,0,Unknown,,,,,9.0,31.0
39.0,2.0,2.0,Sổ hồng,Đầy đủ,10.8298344365766,106.671374795729,Chưa xác định,Quận Gò Vấp,Phường 10,83.3,0,Đường Quang Trung,51.16446578631453,0.0,0.0,48.82352941176471,4.0,4.97
49.0,4.0,4.0,Sổ hồng,Đầy đủ,10.8413769351952,106.63556530984,Hẻm ô tô,Quận Gò Vấp,Phường 14,686.1,0,Đường 44,17.879317883690423,0.0,0.0,82.11922460282757,9.0,7.89
35.0,2.0,3.0,Sổ hồng,Đầy đủ,10.7427949391148,106.729549929212,Hẻm xe máy,Quận 7,Phường Bình Thuận,3286.7,0,Đường Huỳnh Tấn Phát,91.70657498402653,2.1675236559466944,0.0,6.127118386223264,7.0,7.2
72.0,4.0,14.0,Sổ hồng,Đầy đủ,10.7520366038616,106.7017050372,Chưa xác định,Quận 7,Phường Tân Hưng,83205.49,1,Phố Trần Xuân Soạn,0.0,0.0,100.0,0.0,9.0,13.98
42.0,3.0,4.0,Sổ hồng,Trống / Nhà thô,10.8379551323376,106.636465278716,Hẻm ô tô,Quận Gò Vấp,Phường 12,297.8,1,Đường Phan Huy Ích,48.465413028878444,0.0,0.0,51.534586971121556,6.0,6.8
54.0,3.0,6.0,Sổ hồng,Trống / Nhà thô,10.7998272534687,106.630513022428,Mặt tiền,Quận Tân Phú,Phường Tân Sơn Nhì,665.5,0,Đường Tân Sơn Nhì,9.908339594290007,0.0,0.0,90.09166040570999,9.0,7.5
40.0,2.0,7.181818181818182,Sổ hồng,Đầy đủ,10.7737597435265,106.677540391687,Mặt tiền,Quận 10,Phường 11,2646.0,1,Đường 3/2,97.3941798941799,0.1436130007558579,1.199546485260771,1.255479969765684,4.0,16.8
51.0,2.0,6.0,Sổ hồng,Đầy đủ,10.8560736603331,106.772445966357,Mặt tiền,Thành phố Thủ Đức,Phường Linh Trung,,0,Đường Số 8,,,,,4.0,4.6
90.0,2.0,4.0,Sổ hồng,Trống / Nhà thô,10.8060617403113,106.711920860371,Hẻm ô tô,Quận Bình Thạnh,Phường 25,443.3,0,Đường Xô Viết Nghệ Tĩnh,27.633656665914728,0.0,0.0,72.36408752537785,10.0,9.49
90.0,2.0,6.0,Sổ hồng,Trống / Nhà thô,10.8245468667452,106.718992493744,Mặt tiền,Thành phố Thủ Đức,Phường Hiệp Bình Chánh,,1,Đường Số 18,,,,,10.0,13.0
48.0,3.0,6.0,Sổ hồng,Trống / Nhà thô,10.7720640253178,106.646025060065,Chưa xác định,Quận 11,Phường 5,1148.6,0,Đường Lạc Long Quân,99.82152185269022,0.0,0.0,0.17934877241859656,7.0,6.85
161.0,1.0,6.0,Sổ hồng,Cơ bản,10.8307236223064,106.613010643657,Chưa xác định,Quận 12,Phường Đông Hưng Thuận,713.9,0,Đường Phan Văn Hớn,25.460148480179296,0.0,0.0,74.54265303263762,2.0,11.5
55.0,5.0,5.0,Sổ hồng,Đầy đủ,10.7926161491986,106.623535219606,Hẻm ô tô,Quận Tân Phú,Phường Tân Quý,84.0,0,Đường Số 19,20.035714285714285,0.0,0.0,79.90476190476191,9.0,7.6
88.0,4.0,12.0,Sổ hồng,Đầy đủ,10.8712058145517,106.62871376124,Mặt tiền,Quận 12,Phường Tân Chánh Hiệp,,0,Đường Lâm Thị Hố,,,,,10.0,7.8
160.0,4.0,19.0,Sổ hồng,Trống / Nhà thô,10.7503688891128,106.613695513245,Mặt tiền,Quận Bình Tân,Phường Bình Trị Đông B,,1,Đường Số 5,,,,,9.0,22.0
52.0,3.0,5.0,Sổ hồng,Cơ bản,10.786767891448,106.7743330468,Chưa xác định,Quận 2,Phường Bình Trưng Đông,,0,Đường Số 5,,,,,8.0,7.4
100.0,4.0,6.0,Sổ hồng,Cơ bản,10.8006688008314,106.656630428808,Hẻm ô tô,Quận Tân Bình,Phường 4,120.1,0,Đường Cộng Hòa,0.0,0.0,0.0,100.0,12.0,16.5
57.0,3.0,4.0,Sổ hồng,Trống / Nhà thô,10.7054657330934,106.740795455249,Chưa xác định,Quận 7,Phường Phú Mỹ,7820.4,0,Đường Chuyên Dùng 9,7.1244437624673935,22.343230525292824,2.9591836734693877,67.5731420387704,7.0,6.45
97.0,4.0,12.0,Sổ hồng,Cơ bản,10.7079504426833,106.734773041258,Chưa xác định,Quận 7,Phường Phú Mỹ,1589.2,0,Unknown,0.0,0.0,0.0,100.0,12.0,16.3
9.0,2.0,3.0,Sổ hồng,Đầy đủ,10.80498654012,106.680106296225,Hẻm ô tô,Quận Phú Nhuận,Phường 4,649.6,0,Đường Lê Tự Tài,95.42795566502463,4.202586206896552,0.0,0.375615763546798,3.0,2.4
86.0,5.0,8.0,Sổ hồng,Đầy đủ,10.7885431873066,106.669633365151,Chưa xác định,Quận Phú Nhuận,Phường 13,2217.2,0,Đường Trường Sa,64.34602200974201,18.862980335558362,0.0,16.78919357748512,10.0,21.5
52.0,5.0,4.0,Sổ hồng,Cơ bản,10.7854784079901,106.698660394011,Mặt tiền,Quận 1,Phường Bến Nghé,1846.3,0,Đường Mạc Đĩnh Chi,97.01727779884092,0.0,2.982722201159075,0.0,8.0,14.5
72.0,3.0,3.0,Sổ hồng,Đầy đủ,10.7316751830777,106.745225668891,Chưa xác định,Quận 7,Phường Phú Thuận,1059.1,0,Đường Huỳnh Tấn Phát,96.51307714096876,3.484090265319611,0.0,0.0,6.0,8.79
80.0,1.0,20.0,Sổ hồng,Trống / Nhà thô,10.6512243904278,106.730122400762,Mặt tiền,Huyện Nhà Bè,Xã Long Thới,,0,Đường Nguyễn Văn Tạo,,,,,2.0,5.6
164.0,5.0,16.0,Sổ đỏ,Trống / Nhà thô,10.7366859380014,106.671511045931,Mặt tiền,Quận 8,Phường 5,58.6,0,Đường Phạm Hùng,83.58361774744026,0.0,0.0,16.43344709897611,26.0,31.99
66.0,4.0,10.0,Sổ hồng,Đầy đủ,10.685141444618951,106.74725821075135,Chưa xác định,Huyện Nhà Bè,Thị trấn Nhà Bè,,0,Đường Huỳnh Tấn Phát,,,,,9.0,8.59
47.0,3.0,6.3999999999999995,Sổ hồng,Cơ bản,10.7452083555539,106.690069316397,Chưa xác định,Quận 8,Phường 3,61.1,1,Đường Dương Bá Trạc,0.0,3.1423895253682486,0.0,96.85761047463176,7.0,7.3
43.0,2.0,4.0,Sổ hồng,Trống / Nhà thô,10.7665085537739,106.670269154655,Mặt tiền,Quận 10,Phường 9,13.0,1,Đường Bà Hạt,0.0,0.0,0.0,98.07692307692307,4.0,7.2
78.0,4.0,6.0,Sổ hồng,Đầy đủ,10.8350343995987,106.754086861989,Mặt tiền,Thành phố Thủ Đức,Phường Trường Thọ,,0,Đường Số 2,,,,,9.0,8.2
50.0,4.0,9.0,Sổ hồng,Đầy đủ,10.85520359569,106.655268020637,Hẻm ô tô,Quận Gò Vấp,Phường 13,2105.2,0,Đường Lê Đức Thọ,19.63186395591868,80.36718601558049,0.0,0.0,13.0,6.74
88.0,5.0,20.0,Sổ hồng,Trống / Nhà thô,10.7900947514626,106.696400382127,Mặt tiền,Quận 1,Phường Đa Kao,103.3,0,Đường Huỳnh Khương Ninh,5.634075508228461,0.0,94.38528557599226,0.0,10.0,39.0
33.0,6.0,12.0,Sổ hồng,Trống / Nhà thô,10.7706924831577,106.679774823678,Mặt tiền,Quận 3,Phường 3,31.7,0,Đường Bàn Cờ,0.0,0.0,0.0,100.0,6.0,22.0
294.0,2.0,16.4,Sổ hồng,Trống / Nhà thô,10.7853256719705,106.624785009477,Mặt tiền,Quận Tân Phú,Phường Phú Thọ Hòa,1484.0,1,Đường Phạm Vấn,100.0,0.0,0.0,0.0,15.0,42.0
70.0,5.0,8.0,Sổ hồng,Đầy đủ,10.8731388392055,106.626777459045,Mặt tiền,Quận 12,Phường Tân Chánh Hiệp,,0,Đường Tân Chánh Hiệp 3,,,,,9.0,8.9
402.0,4.0,8.8,Sổ hồng,Cơ bản,10.8454565960496,106.718082487204,Chưa xác định,Thành phố Thủ Đức,Phường Hiệp Bình Phước,,1,Đường Quốc Lộ 13,,,,,68.0,32.0
56.0,4.0,14.0,Sổ hồng,Đầy đủ,10.865710834553,106.614269795573,Chưa xác định,Quận 12,Phường Hiệp Thành,6223.6,0,Đường Nguyễn Ảnh Thủ,84.6150138183688,2.0727553184651972,0.0,12.930618934378815,9.0,7.29
85.0,2.0,4.0,Sổ hồng,Trống / Nhà thô,10.8328262741799,106.621671404424,Mặt tiền,Quận 12,Phường Tân Thới Nhất,4753.8,0,Đường Trường Chinh,81.15234128486685,16.82443518869115,0.0,2.02238209432454,5.0,5.35
126.0,4.0,8.8,Sổ hồng,Trống / Nhà thô,10.7942331409816,106.708721566707,Mặt tiền,Quận Bình Thạnh,Phường 19,921.9,1,Đường Xô Viết Nghệ Tĩnh,93.60017355461548,0.0,0.0,6.404165310771233,9.0,23.5
63.0,5.0,5.0,Sổ hồng,Đầy đủ,10.7557580217245,106.606098608167,Hẻm ô tô,Quận Bình Tân,Phường Bình Trị Đông,580.6,0,Đường Tên Lửa,35.220461591457116,0.0,0.0,64.78126076472614,12.0,7.3
52.0,3.0,13.0,Sổ hồng,Trống / Nhà thô,10.7838836275742,106.759748434748,Hẻm ô tô,Quận 2,Phường Bình Trưng Tây,,1,Unknown,,,,,7.0,7.6
51.0,1.0,15.0,không có,Cơ bản,10.84372960870643,106.84594004338132,Chưa xác định,Quận 9,Phường Long Bình,,0,Unknown,,,,,2.0,6.8
48.0,4.0,6.0,Sổ hồng,Trống / Nhà thô,10.7975212799208,106.676227982292,Mặt tiền,Quận Phú Nhuận,Phường 8,1033.3,0,Đường Nguyễn Trọng Tuyển,79.6486983451079,0.0,0.0,20.348398335430176,10.0,13.3
64.0,4.0,6.0,Sổ hồng,Cơ bản,10.7644623311687,106.619173942995,Hẻm ô tô,Quận Bình Tân,Phường Bình Trị Đông,52.9,0,Đường Tân Hòa Đông,19.319470699432895,0.0,0.0,80.62381852551985,9.0,5.87
56.0,4.0,6.0,Sổ hồng,Đầy đủ,10.7825634204382,106.609325318818,Hẻm ô tô,Quận Bình Tân,Phường Bình Hưng Hòa A,2837.9,0,Đường Miếu Gò Xoài,16.59607456217626,13.265090383734451,62.52440184643575,7.615842700588463,8.0,6.99
16.0,3.0,5.5,Sổ hồng,Đầy đủ,10.7848683316369,106.648590765471,Chưa xác định,Quận Tân Bình,Phường 10,140.6,1,Đường Bùi Thế Mỹ,9.402560455192036,0.0,0.0,90.56187766714082,4.0,2.8
18.0,2.0,4.1,Sổ hồng,Trống / Nhà thô,10.7784344592153,106.672433329328,Mặt tiền,Quận 10,Phường 13,3428.0,1,Đường Hòa Hưng,99.19924154025671,0.0,0.0,0.7867561260210034,4.0,3.8
27.0,2.0,3.0,Sổ hồng,Trống / Nhà thô,10.7752479152519,106.671718662511,Chưa xác định,Quận 10,Phường 12,172.0,0,Đường Tô Hiến Thành,0.0,0.0,0.0,100.0,5.0,4.0
55.0,6.0,8.0,không có,Trống / Nhà thô,10.8290620084939,106.689348870624,Chưa xác định,Quận Gò Vấp,Phường 5,2798.6,0,Đường Dương Quảng Hàm,35.168298434931756,0.0,0.0,64.83170156506826,9.0,8.5
233.0,4.0,8.0,Sổ hồng,Trống / Nhà thô,10.8029629822772,106.630510504554,Mặt tiền,Quận Tân Phú,Phường Tân Sơn Nhì,319.8,0,Đường Tân Kỳ Tân Quý,27.288930581613506,0.0,0.0,72.71419637273296,13.0,25.0
51.0,2.0,30.0,Sổ hồng,Cơ bản,10.8072368981353,106.623390272089,Mặt tiền,Quận Tân Phú,Phường Tây Thạnh,111.4,0,Đường Lê Trọng Tấn,50.143626570915615,0.0,0.0,49.88330341113106,4.0,8.5
140.0,4.0,25.0,Sổ hồng,Trống / Nhà thô,10.8449171664143,106.718240081853,Chưa xác định,Thành phố Thủ Đức,Phường Hiệp Bình Phước,,0,Phố 37,,,,,12.0,29.0
50.0,5.0,5.0,Sổ hồng,Đầy đủ,10.7718386635673,106.586382293258,Chưa xác định,Quận Bình Tân,Phường Bình Trị Đông A,4078.7,0,Đường Tây Lân,15.705494397724767,0.0,0.0,84.29327972147989,10.0,7.8
66.0,5.0,6.0,Sổ hồng,Đầy đủ,10.8658134132343,106.67052914155,Mặt tiền,Quận 12,Phường Thới An,610.0,0,Đường Thạnh Xuân 21,2.8,0.0,0.0,97.19672131147541,9.0,6.55
1.692,4.0,30.0,Sổ hồng,Đầy đủ,10.8058366585891,106.749542170979,Mặt tiền,Quận 2,Phường Thảo Điền,,0,Đường Giang Văn Minh,,,,,11.0,320.0
55.0,4.0,6.0,Sổ hồng,Đầy đủ,10.8676661734866,106.626899144443,Hẻm ô tô,Quận 12,Phường Tân Chánh Hiệp,,0,Đường Tân Chánh Hiệp 10,,,,,9.0,6.99
47.0,3.0,7.140000000000001,Sổ hồng,Đầy đủ,10.8120711982163,106.624400891081,Hẻm ô tô,Quận Tân Phú,Phường Tây Thạnh,1348.6,1,Đường Nguyễn Hữu Tiến,8.571852291265015,64.69079044935488,0.0,26.73661574966632,6.0,6.98
57.0,7.0,30.0,Sổ hồng,Trống / Nhà thô,10.7603941976518,106.688456214148,Mặt tiền,Quận 1,Phường Nguyễn Cư Trinh,11818.0,0,Đường Trần Hưng Đạo,0.32763580978168894,99.37205957014724,0.0,0.3002200033846674,9.0,41.0
183.0,6.0,25.0,Sổ hồng,Trống / Nhà thô,10.8453772689787,106.726230735947,Mặt tiền,Thành phố Thủ Đức,Phường Hiệp Bình Chánh,,0,Đường Hiệp Bình,,,,,2.0,32.0
168.0,4.0,8.3,Sổ hồng,Trống / Nhà thô,10.8069774551926,106.695086407283,Mặt tiền,Quận Bình Thạnh,Phường 7,1088.6,1,Đường Nơ Trang Long,88.45857064119052,0.0,0.0,11.542347969869558,22.0,18.9
51.0,2.0,5.0,Sổ hồng,Cơ bản,10.8718379765399,106.666757261166,Mặt tiền,Quận 12,Phường Thạnh Xuân,2225.8,0,Đường Thạnh Xuân 31,100.0,0.0,0.0,0.0,5.0,4.2
42.0,3.0,4.0,Sổ hồng,Trống / Nhà thô,10.8498567532283,106.650839638439,Mặt tiền,Quận Gò Vấp,Phường 9,4169.7,0,Đường Phạm Văn Chiêu,1.426241696045279,0.0,91.96369043336452,6.610787346811521,6.0,5.5
83.0,4.0,12.0,không có,Trống / Nhà thô,10.823300389354,106.704589069941,Hẻm ô tô,Quận Bình Thạnh,Phường 13,974.8,0,Đường Phạm Văn Đồng,48.79154698399672,8.389413212966764,0.0,42.814936397209685,8.0,12.5
80.0,3.0,8.0,Sổ hồng,Trống / Nhà thô,10.6928876938162,106.741042960169,Mặt tiền,Huyện Nhà Bè,Thị trấn Nhà Bè,3078.9,0,Đường Huỳnh Thị Đồng,90.07047971678196,0.0,0.0,9.929195491896458,9.0,8.2
56.0,4.0,8.0,Sổ hồng,Đầy đủ,10.6847396192732,106.750190746144,Mặt tiền,Huyện Nhà Bè,Thị trấn Nhà Bè,,0,Đường Đào Tông Nguyên,,,,,9.0,6.65
149.0,4.0,12.4,Sổ hồng,Trống / Nhà thô,10.8435812202444,106.649631677143,Mặt tiền,Quận Gò Vấp,Phường 8,2412.4,1,Đường Nguyễn Văn Khối,97.53523462112419,0.0,0.0,2.464350853921406,40.0,25.0
64.0,4.0,9.599999999999998,Sổ hồng,Trống / Nhà thô,10.8017087302432,106.618942174431,Chưa xác định,Quận Tân Phú,Phường Sơn Kỳ,6153.6,1,Đường Bờ Bao Tân Thắng,42.19611284451378,57.804049661986475,0.0,0.0,9.0,8.99
80.0,5.0,9.0,Sổ hồng,Trống / Nhà thô,10.8226197633296,106.830551856424,Chưa xác định,Thành phố Thủ Đức,Phường Trường Thạnh,,0,Đường Nguyễn Xiển,,,,,9.0,7.3
72.0,5.0,6.0,Sổ hồng,Đầy đủ,10.867037763004,106.625823534071,Mặt tiền,Quận 12,Phường Tân Chánh Hiệp,,0,Đường Tân Chánh Hiệp 5,,,,,12.0,8.85
78.0,2.0,8.0,Sổ đỏ,Trống / Nhà thô,10.7646691833268,106.625404389152,Hẻm ô tô,Quận Tân Phú,Phường Tân Thới Hòa,67.3,0,Đường Nguyễn Văn Yến,18.038632986627047,0.0,0.0,81.90193164933135,10.0,7.2
260.0,4.0,3.0,Sổ hồng,Trống / Nhà thô,10.79921199889,106.703172302214,Mặt tiền,Quận Bình Thạnh,Phường 15,4982.3,0,Đường Bạch Đằng,12.555847700861047,57.45860345623507,1.4214318688156071,28.5635148425426,80.0,23.99
100.0,4.0,10.0,Sổ hồng,Đầy đủ,10.795374250666,106.659189826152,Chưa xác định,Quận Tân Bình,Phường 4,1069.3,0,Đường Hoàng Việt,97.62835499859722,2.375385766389227,0.0,0.0,14.0,16.95
140.0,4.0,14.25,không có,Trống / Nhà thô,21.0289486097874,105.852447225903,Chưa xác định,Quận 2,Phường An Phú,,1,Đường Song Hành,,,,,12.0,25.0
30.0,2.0,3.0,Sổ hồng,Trống / Nhà thô,10.7572407651045,106.713988646991,Chưa xác định,Quận 4,Phường 16,10775.9,1,Đường Đoàn Văn Bơ,33.148692916600936,19.451832329550196,0.0,47.39966035319556,4.0,2.65
54.0,3.0,6.0,không có,Trống / Nhà thô,10.8546603728122,106.768448394077,Chưa xác định,Thành phố Thủ Đức,Phường Linh Chiểu,,1,Đường Số 5,,,,,9.0,7.6
56.0,4.0,7.0,Sổ hồng,Đầy đủ,10.8797555246746,106.660604393339,Hẻm ô tô,Quận 12,Phường Thới An,731.9,0,Đường Thạnh Xuân 25,64.2779068178713,16.5391446918978,19.18294849023091,0.0,9.0,6.3
30.0,4.0,4.0,Sổ hồng,Đầy đủ,10.7962331924518,106.703413242727,Mặt tiền,Quận Bình Thạnh,Phường 14,3426.5,1,Đường Lê Quang Định,80.91025828104479,17.96030935356778,0.0,1.1291405223989492,8.0,7.45
52.0,4.0,32.0,Sổ hồng,Đầy đủ,10.783443530526,106.765596929916,Hẻm ô tô,Quận 2,Phường Bình Trưng Tây,,1,Unknown,,,,,7.0,7.59
104.0,5.0,12.7,không có,Trống / Nhà thô,10.7837282834374,106.647123173211,Mặt tiền,Quận Tân Bình,Phường 10,145.0,1,Đường Ni Sư Huỳnh Liên,14.365517241379308,0.0,0.0,85.64137931034483,11.0,19.0
215.0,5.0,6.6,Sổ hồng,Đầy đủ,10.8456755643783,106.656976493451,Chưa xác định,Quận Gò Vấp,Phường 1,1266.8,1,Đường Lê Văn Thọ,96.58983264919482,0.0,0.0,3.4109567413956423,80.0,45.0
93.0,6.0,7.0,Sổ hồng,Cơ bản,10.7847326687479,106.668741815896,Chưa xác định,Quận 3,Phường 11,1215.0,0,Đường Cách Mạng Tháng Tám,65.45925925925926,0.0,0.0,34.553086419753086,24.0,22.5
268.0,2.0,7.0,Sổ đỏ,Trống / Nhà thô,10.7877588603419,106.685827597542,Chưa xác định,Quận 3,Phường Võ Thị Sáu,452.1,0,Đường Nam Kỳ Khởi Nghĩa,18.20614908206149,0.0,0.0,81.78279141782792,25.0,73.0
51.0,4.0,7.0,Sổ đỏ,Cao cấp,10.8757694907269,106.686654612422,Chưa xác định,Quận 12,Phường Thạnh Lộc,1411.6,0,Đường Thạnh Lộc 37,30.641824879569285,27.546047038821197,0.0,41.81000283366394,9.0,6.35
54.0,2.0,8.5,Sổ hồng,Trống / Nhà thô,10.7740386436299,106.697667012456,Mặt tiền,Quận 1,Phường Bến Thành,205.9,1,Đường Lý Tự Trọng,0.0,0.0,99.9951432734337,0.0,9.0,15.5
182.0,2.0,15.0,Sổ hồng,Cơ bản,10.6927113529124,106.741219845115,Mặt tiền,Huyện Nhà Bè,Thị trấn Nhà Bè,707.9,0,Đường Huỳnh Tấn Phát,13.446814521825118,0.0,0.0,86.55883599378443,5.0,19.8
55.0,2.0,7.9,Sổ hồng,Đầy đủ,10.7588806700008,106.677566403592,Chưa xác định,Quận 5,Phường 3,2654.4,1,Đường An Dương Vương,95.85443037974683,0.0,0.0,4.143685955394815,9.0,12.8
72.0,3.0,7.0,Sổ hồng,Đầy đủ,10.8692332459329,106.674146712011,Hẻm ô tô,Quận 12,Phường Thạnh Xuân,1640.8,0,Đường Tô Ngọc Vân,44.04802535348611,55.95258410531447,0.0,0.0,9.0,5.95
60.0,3.0,7.0,Sổ hồng,Đầy đủ,10.8610011677424,106.711531388343,Chưa xác định,Quận 12,Phường An Phú Đông,2572.6,0,Đường An Phú Đông 27,79.00295420974889,9.549483013293946,0.0,11.448340200575293,8.0,6.2
62.0,4.0,7.0,Sổ hồng,Đầy đủ,10.8797072782806,106.665684261327,Chưa xác định,Quận 12,Phường Thạnh Xuân,4433.4,0,Đường Thạnh Xuân 25,24.407452519510986,52.578607840483606,3.922271845536157,19.091893354987143,10.0,6.75
34.0,2.0,3.0,Sổ hồng,Cơ bản,10.7869597397146,106.760170484755,Chưa xác định,Quận 2,Phường Bình Trưng Tây,,0,Đường Số 22,,,,,5.0,3.5
51.0,2.0,8.400000000000002,không có,Trống / Nhà thô,10.8594604201212,106.738366756561,Chưa xác định,Thành phố Thủ Đức,Phường Tam Phú,,1,Đường Cây Keo,,,,,4.0,6.1
642.0,3.0,20.7,Sổ hồng,Trống / Nhà thô,10.7248125,106.66439,Chưa xác định,Huyện Bình Chánh,Xã Bình Hưng,9534.8,1,Đường Nguyễn Văn Linh,83.6531442715107,0.0,0.0,16.346645970549986,10.0,74.3
21.0,3.0,5.0,Sổ đỏ,Trống / Nhà thô,10.7914333640768,106.633547922327,Hẻm ô tô,Quận Tân Phú,Phường Tân Thành,89.2,0,Đường Tân Thành,0.0,0.0,0.0,99.94394618834082,6.0,3.38
35.0,2.0,2.5,Sổ hồng,Trống / Nhà thô,10.8067416606011,106.680657312196,Mặt tiền,Quận Phú Nhuận,Phường 4,515.7,1,Đường Nguyễn Kiệm,23.03471010277293,0.0,0.0,76.95559433779329,4.0,9.5
36.0,5.0,4.0,Sổ hồng,Đầy đủ,10.8316044133625,106.690065390334,Mặt tiền,Quận Gò Vấp,Phường 5,851.6,0,Đường Trần Bá Giao,10.048144668858617,0.0,89.95655237200563,0.0,9.0,7.25
49.0,3.0,8.0,Sổ hồng,Trống / Nhà thô,10.8110084563479,106.693689278197,Mặt tiền,Quận Bình Thạnh,Phường 11,175.3,0,Đường Tăng Bạt Hổ,19.7375926982316,0.0,0.0,80.23958927552766,7.0,9.9
53.0,5.0,12.0,Sổ hồng,Trống / Nhà thô,10.7564654689728,106.681271299344,Mặt tiền,Quận 5,Phường 1,9235.4,0,Đường Trần Bình Trọng,15.047751044892479,77.08361305411786,0.0,7.868852459016394,7.0,25.8
73.0,4.0,12.0,Sổ hồng,Trống / Nhà thô,10.8299861999584,106.702564671429,Chưa xác định,Quận Bình Thạnh,Phường 13,3768.9,0,Đường Đặng Thùy Trâm,99.69487118257317,0.0,0.0,0.3051288174268354,12.0,12.5
120.0,3.0,22.0,Sổ hồng,Trống / Nhà thô,10.767900483332,106.777781991364,Chưa xác định,Quận 2,Phường Cát Lái,,0,Phố Đông Village,,,,,7.0,12.7
61.0,4.0,10.5,Sổ hồng,Đầy đủ,10.7429397203309,106.729572863067,Hẻm ô tô,Quận 7,Phường Bình Thuận,3286.7,1,Đường Huỳnh Tấn Phát,91.70657498402653,2.1675236559466944,0.0,6.127118386223264,8.0,9.2
128.0,3.0,12.0,Sổ hồng,Cơ bản,10.7562428643471,106.651058812227,Mặt tiền,Quận 11,Phường 16,1437.3,0,Đường Nguyễn Thị Nhỏ,81.36018924372087,0.2998678076949836,0.0,18.339942948584152,12.0,30.0
33.0,5.0,3.8,Sổ hồng,Trống / Nhà thô,10.7975397793436,106.684527109075,Mặt tiền,Quận Phú Nhuận,Phường 1,62.3,1,Đường Cô Giang,33.32263242375602,0.0,0.0,66.74157303370787,13.0,9.95
90.0,3.0,6.7,Sổ hồng,Đầy đủ,10.8083396615452,106.684204967681,Mặt tiền,Quận Bình Thạnh,Phường 6,366.3,1,Đường Nguyễn Thượng Hiền,59.96723996723996,0.0,0.0,40.03276003276003,23.0,16.9
435.0,5.0,14.0,Sổ hồng,Trống / Nhà thô,10.715896580903,106.631678325569,Mặt tiền,Quận 8,Phường 7,262.2,0,Đường Phạm Thế Hiển,12.65064836003051,86.25476735316553,1.0831426392067123,0.0,14.0,43.56
53.0,3.0,5.0,Sổ hồng,Đầy đủ,10.7829181733985,106.608726576553,Hẻm ô tô,Quận Bình Tân,Phường Bình Hưng Hòa A,7116.1,0,Đường 1C,23.991090625483057,32.05028035019182,43.44275656609659,0.5165750902882196,6.0,5.55
143.0,4.0,13.883333333333331,Sổ hồng,Trống / Nhà thô,10.830793497682,106.705474069222,Chưa xác định,Quận Bình Thạnh,Phường 13,4489.4,1,Đường Bình Lợi,77.58319597273578,0.0,0.0,22.416358533434313,14.0,20.0
180.0,3.0,6.0,Sổ hồng,Đầy đủ,10.8047197022223,106.792884058789,Chưa xác định,Quận 9,Phường Phước Long B,,1,Đường Liên Phường,,,,,11.0,22.5
31.0,2.0,3.0,Sổ hồng,Cơ bản,10.8484668075213,106.647732299081,Mặt tiền,Quận Gò Vấp,Phường 14,6457.2,0,Đường Phạm Văn Chiêu,4.486154989778852,0.0,92.17183918726384,3.342005822957319,5.0,4.8
115.0,5.0,8.8,Sổ hồng,Cao cấp,10.7986335341482,106.692965876655,Chưa xác định,Quận Bình Thạnh,Phường 3,54.5,1,Đường Nguyễn Lâm,0.0,0.0,0.0,100.0,46.0,23.5
1.8,1.0,26.4,Sổ hồng,Trống / Nhà thô,10.8123165632322,106.72653616377,Chưa xác định,Quận 2,Phường Thảo Điền,,1,Đường Nguyễn Văn Hưởng,,,,,2.0,250.0
80.0,5.0,12.0,Sổ hồng,Đầy đủ,10.7884999340346,106.661621601862,Chưa xác định,Quận Tân Bình,Phường 12,1464.6,0,Đường K300,98.6788201556739,0.0,0.0,1.3232281851700123,11.0,17.8
54.0,2.0,4.0,Sổ hồng,Cơ bản,10.7903166843798,106.708869811721,Chưa xác định,Quận Bình Thạnh,Phường 19,67.5,0,Đường Huỳnh Mẫn Đạt,24.414814814814815,0.0,0.0,75.6148148148148,6.0,6.9
84.0,2.0,6.0,Sổ hồng,Trống / Nhà thô,10.8593883551094,106.644372278167,Hẻm ô tô,Quận 12,Phường Tân Thới Hiệp,4737.2,0,Đường Quốc lộ 1A,47.12783922992485,32.96652030735456,0.0,19.9052182723972,5.0,6.0
75.0,3.0,10.0,Sổ hồng,Cơ bản,10.69898,106.6419,Chưa xác định,Huyện Bình Chánh,Xã Phong Phú,2857.1,1,Đường Trịnh Quang Nghị,37.63361450421757,4.150012250183752,0.0,0.0,6.0,10.5
108.0,5.0,7.4,không có,Trống / Nhà thô,10.7911852946015,106.699774117127,Chưa xác định,Quận 1,Phường Đa Kao,91.3,1,Unknown,0.0,0.0,99.97809419496167,0.0,37.0,68.0
94.0,5.0,6.0,Sổ hồng,Cơ bản,10.7744600497742,106.664306801221,Hẻm ô tô,Quận 10,Phường 14,1543.0,0,Đường Thành Thái,72.7699287103046,0.0,0.0,27.224886584575504,18.0,25.0
77.0,4.0,8.0,Sổ hồng,Trống / Nhà thô,10.8574239777691,106.836159573687,Mặt tiền,Quận 9,Phường Long Bình,,1,Unknown,,,,,9.0,3.7
74.0,4.0,12.0,Sổ hồng,Cơ bản,10.7780271186361,106.76899658516,Mặt tiền,Quận 2,Phường Cát Lái,,0,Unknown,,,,,7.0,10.4
61.0,3.0,20.0,Sổ hồng,Đầy đủ,10.7057443711835,106.740950921442,Chưa xác định,Quận 7,Phường Phú Mỹ,149.0,1,Đường Chuyên Dùng 9,36.013422818791945,0.0,0.0,63.96644295302013,9.0,7.45
203.0,2.0,10.0,Sổ hồng,Trống / Nhà thô,10.839029830396,106.6489584381,Mặt tiền,Quận Gò Vấp,Phường 8,108.6,0,Đường Quang Trung,37.651933701657455,0.0,0.0,62.3572744014733,6.0,21.0
109.0,9.0,12.0,Sổ hồng,Trống / Nhà thô,10.7299597329512,106.632425505774,Mặt tiền,Quận 8,Phường 16,409.0,0,Đường Phú Định,25.772616136919314,0.0,0.0,74.23716381418093,50.0,12.95
76.0,8.0,20.0,Sổ hồng,Trống / Nhà thô,10.7639639471912,106.695954492552,Chưa xác định,Quận 1,Phường Cầu Ông Lãnh,1147.8,0,Đường Cô Giang,43.27147586687576,0.0,0.0,56.731137828890056,9.0,39.0
60.0,1.0,7.0,Sổ hồng,Trống / Nhà thô,10.7556197145463,106.70755658083,Chưa xác định,Quận 4,Phường 15,902.6,1,Đường Xóm Chiếu,41.883447817416354,0.0,58.12098382450698,0.0,3.0,4.99
300.0,3.0,14.3,Sổ hồng,Trống / Nhà thô,10.7621563606044,106.768137570542,Mặt tiền,Thành phố Thủ Đức,Phường Thạnh Mỹ Lợi,,1,Unknown,,,,,12.0,113.0
160.0,2.0,12.0,Sổ hồng,Trống / Nhà thô,10.65088940127,106.730000046635,Chưa xác định,Huyện Nhà Bè,Xã Long Thới,,0,Đường Nguyễn Văn Tạo,,,,,12.0,7.2
77.0,5.0,9.0,Sổ hồng,Trống / Nhà thô,10.807721533041,106.702839663672,Chưa xác định,Quận Bình Thạnh,Phường 12,552.4,1,Đường Bùi Đình Túy,91.29435191889935,0.0,0.0,8.700217233888488,9.0,12.95
58.0,2.0,3.0,Sổ hồng,Trống / Nhà thô,10.8042164957455,106.696481882114,Mặt tiền,Quận Bình Thạnh,Phường 14,898.4,0,Đường Trần Văn Kỷ,77.06812110418522,0.0,22.931878895814783,0.0,4.0,7.5
55.0,3.0,8.458333333333332,Sổ hồng,Trống / Nhà thô,10.7980403425542,106.710492483496,Chưa xác định,Quận Bình Thạnh,Phường 21,3299.9,1,Đường Xô Viết Nghệ Tĩnh,99.48059032091882,0.30637292039152697,0.0,0.21394587714779234,8.0,8.3
392.0,5.0,10.0,Sổ hồng,Trống / Nhà thô,10.8553025155241,106.760887795443,Chưa xác định,Thành phố Thủ Đức,Phường Linh Chiểu,,0,Đường 17,,,,,39.0,55.0
859.0,5.0,20.3,Sổ hồng,Trống / Nhà thô,10.8556410173032,106.6557323386,Chưa xác định,Quận Gò Vấp,Phường 13,1475.1,1,Đường Lê Đức Thọ,0.0,1.0162022913700768,0.0,98.98244186834792,23.0,46.0
100.0,5.0,26.4,Sổ hồng,Trống / Nhà thô,10.8189786602683,106.678698797365,Hẻm ô tô,Quận Gò Vấp,Phường 3,1315.6,1,Đường Nguyễn Kiệm,85.02964426877472,0.0,0.0,14.974156278504106,11.0,12.3
125.0,5.0,10.0,Sổ hồng,Đầy đủ,10.7931344548897,106.730047039242,Hẻm ô tô,Quận 2,Phường Bình An,,0,Đường Số 27,,,,,16.0,19.0
67.0,4.0,5.2,Sổ hồng,Đầy đủ,10.8043082726262,106.700329925098,Hẻm ô tô,Quận Bình Thạnh,Phường 14,82.2,1,Đường Huỳnh Đình Hai,1.119221411192214,0.0,0.0,98.89294403892944,19.0,10.0
80.0,2.0,6.0,Sổ hồng,Trống / Nhà thô,10.8225056649411,106.686918820263,Mặt tiền,Quận Gò Vấp,Phường 4,19694.5,1,Đường Nguyễn Văn Bảo,3.80984538830638,96.19025616288813,0.0,0.0,9.0,15.5
40.0,3.0,6.0,Sổ hồng,Trống / Nhà thô,10.8132636081283,106.709268673547,Mặt tiền,Quận Bình Thạnh,Phường 26,165.3,0,Đường Quốc Lộ 13,87.59225650332726,0.0,0.0,12.437991530550512,5.0,7.5
236.0,2.0,14.0,Sổ hồng,Trống / Nhà thô,10.7859453869646,106.621678145887,Mặt tiền,Quận Tân Phú,Phường Phú Thọ Hòa,38.1,0,Đường Lê Thiệt,34.225721784776894,0.0,0.0,65.8530183727034,4.0,28.5
55.0,2.0,5.0,Sổ hồng,Đầy đủ,10.8055390787919,106.681834209392,Chưa xác định,Quận Phú Nhuận,Phường 5,56.7,0,Đường Thích Quảng Đức,30.01763668430335,0.0,0.0,70.0352733686067,6.0,9.8
85.0,3.0,8.0,Sổ hồng,Đầy đủ,10.6847240178985,106.749750779143,Chưa xác định,Huyện Nhà Bè,Xã Phú Xuân,,0,Đường Đào Tông Nguyên,,,,,9.0,9.8
85.0,1.0,8.0,Sổ hồng,Trống / Nhà thô,10.6748235634058,106.698374320748,Chưa xác định,Huyện Nhà Bè,Xã Nhơn Đức,3252.0,0,Đường Lê Văn Lương,64.78874538745387,2.620848708487085,0.0,32.59040590405904,3.0,3.99
62.0,2.0,12.0,Sổ hồng,Đầy đủ,10.7860924632299,106.77248842136,Mặt tiền,Quận 2,Phường Bình Trưng Đông,,0,Đường Số 41,,,,,5.0,6.98
41.0,2.0,16.0,Sổ hồng,Cơ bản,10.8131952150563,106.625734024515,Mặt tiền,Quận Tân Phú,Phường Tây Thạnh,1123.2,0,Đường Lưu Chí Hiếu,72.21509971509971,0.0,0.0,27.78400997150997,5.0,8.0
100.0,4.0,8.4,Sổ hồng,Đầy đủ,10.834640593032445,106.66831876457584,Chưa xác định,Quận Gò Vấp,Phường 10,352544.1,1,Đường Phan Văn Trị,14.872723724492909,25.385124868066157,59.73758460289081,0.0045582949764299,13.0,20.0
45.0,2.0,3.0,Sổ hồng,Đầy đủ,10.7050296291559,106.734597733772,Chưa xác định,Quận 7,Phường Phú Mỹ,734.5,0,Đường Phạm Hữu Lầu,0.22464261402314498,99.7712729748128,0.0,0.0,5.0,6.4
227.0,3.0,21.2,Sổ đỏ,Trống / Nhà thô,10.7996415500761,106.641069514501,Chưa xác định,Quận Tân Bình,Phường 14,557.4,1,Đường Trường Chinh,12.149264442052386,0.0,14.280588446358092,73.56476498026552,16.0,28.5
200.0,3.0,15.6,Sổ hồng,Đầy đủ,10.7502265343484,106.619291300444,Mặt tiền,Quận Bình Tân,Phường Bình Trị Đông B,186.0,1,Đường Số 6A,0.5752688172043011,0.0,0.0,99.4032258064516,11.0,35.0
50.0,3.0,6.0,Sổ hồng,Cao cấp,10.684911659544,106.750353002475,Mặt tiền,Huyện Nhà Bè,Thị trấn Nhà Bè,,0,Đường Đào Tông Nguyên,,,,,7.0,7.35
181.0,2.0,4.0,Sổ hồng,Trống / Nhà thô,10.777592272555,106.759057612281,Hẻm ô tô,Thành phố Thủ Đức,Phường Bình Trưng Tây,,0,Đường Số 4,,,,,4.0,12.9
35.0,2.0,4.0,Sổ hồng,Đầy đủ,10.8408624772007,106.642114565989,Chưa xác định,Quận Gò Vấp,Phường 12,748.5,0,Đường Nguyễn Duy Cung,3.657982631930527,0.0,0.0,96.34602538410152,6.0,5.56
83.0,4.0,12.0,Sổ hồng,Trống / Nhà thô,10.7886935961157,106.62264693934,Mặt tiền,Quận Tân Phú,Phường Phú Thọ Hòa,28.4,0,Đường Trịnh Lỗi,93.52112676056338,0.0,0.0,6.443661971830987,8.0,9.8
62.0,3.0,10.0,Sổ hồng,Đầy đủ,10.8477493091332,106.642107325676,Chưa xác định,Quận Gò Vấp,Phường 14,2863.2,0,Đường Quang Trung,20.070550433081866,0.0,0.0,79.93049734562729,17.0,9.8
397.0,2.0,5.0,Sổ hồng,Trống / Nhà thô,10.7793091246874,106.662392365665,Mặt tiền,Quận 10,Phường 15,929.0,1,Đường Hồng Lĩnh,97.4930032292788,2.502691065662002,0.0,0.0,8.0,75.0
60.0,5.0,6.0,Sổ hồng,Trống / Nhà thô,10.7614894793202,106.59049370291,Hẻm ô tô,Quận Bình Tân,Phường Tân Tạo,1530.9,0,Unknown,74.4901691815272,1.271800901430531,0.0,24.23802991704226,9.0,7.2
120.0,2.0,30.0,Sổ hồng,Đầy đủ,10.869658312224,106.763431235861,Chưa xác định,Thành phố Thủ Đức,Phường Linh Trung,,0,Đường Phạm Văn Đồng,,,,,6.0,9.5
50.0,3.0,5.0,Sổ hồng,Trống / Nhà thô,10.7379382410689,106.66277739786,Chưa xác định,Quận 8,Phường 5,190.2,1,Đường Bông Sao,14.52155625657203,85.45741324921136,0.0,0.0,8.0,5.7
344.0,3.0,12.0,Sổ hồng,Trống / Nhà thô,10.7827876580166,106.686774655783,Chưa xác định,Quận 3,Phường Võ Thị Sáu,6225.9,1,Đường Trần Quốc Thảo,97.26256444851347,1.0091713647826017,0.0,1.7285854254003439,9.0,160.0
158.0,5.0,12.0,Sổ hồng,Trống / Nhà thô,10.7887625236026,106.703007708456,Mặt tiền,Quận Gò Vấp,Phường 1,3142.1,1,Đường Nguyễn Bỉnh Khiêm,45.79039495878553,0.0,54.2083320072563,0.0,9.0,25.0
151.0,3.0,16.0,Sổ hồng,Cơ bản,10.869856565276,106.624796899862,Mặt tiền,Quận 12,Phường Tân Chánh Hiệp,,0,Đường Trần Thị Năm,,,,,7.0,16.8
50.0,3.0,6.0,Sổ hồng,Trống / Nhà thô,10.7455018305876,106.730782428933,Mặt tiền,Quận 7,Phường Tân Thuận Đông,1428.8,0,Đường Võ Thị Nhờ,0.0,0.0,0.0,99.99720044792834,9.0,9.45
46.0,5.0,6.0,Sổ hồng,Đầy đủ,10.8010510619144,106.656859886339,Hẻm ô tô,Quận Tân Bình,Phường 4,2838.1,0,Đường Cộng Hòa,97.20023959691343,0.0,0.0,2.801169796694972,9.0,10.2
65.0,4.0,16.0,Sổ hồng,Trống / Nhà thô,10.7878198235836,106.629332251832,Mặt tiền,Quận Tân Phú,Phường Phú Thọ Hòa,86.1,0,Đường Vườn Lài,14.204413472706158,0.0,0.0,85.84204413472706,8.0,12.0
82.0,2.0,6.0,Sổ hồng,Cơ bản,10.6749745115819,106.698200939349,Mặt tiền,Huyện Nhà Bè,Xã Nhơn Đức,789.3,0,Đường Lê Văn Lương,42.14873938933232,0.0,0.0,57.848726719878385,5.0,5.25
37.0,4.0,6.0,Sổ hồng,Đầy đủ,10.7650990900712,106.667963659795,Mặt tiền,Quận 10,Phường 8,1013.0,0,Đường Nguyễn Tri Phương,2.654491609081935,0.0,0.0,97.29812438302073,11.0,10.9
84.0,5.0,4.0,Sổ hồng,Cơ bản,10.7758391923197,106.769319456071,Mặt tiền,Quận 2,Phường Cát Lái,,0,Unknown,,,,,11.0,8.48
33.0,5.0,3.0,Sổ hồng,Cơ bản,10.7988134248123,106.686455381373,Hẻm ô tô,Quận Phú Nhuận,Phường 1,,0,Đường Phan Xích Long,,,,,9.0,7.6
18.0,5.0,10.0,Sổ hồng,Trống / Nhà thô,10.7424225497245,106.724846607886,Mặt tiền,Quận 7,Phường Bình Thuận,301.2,0,Đường Số 4,2.2609561752988045,0.0,0.0,97.72908366533866,7.0,4.6
76.0,3.0,8.0,Sổ hồng,Trống / Nhà thô,10.7663332750614,106.659482869316,Chưa xác định,Quận 10,Phường 14,47.0,1,Phố Lý Thường Kiệt,9.957446808510637,0.0,0.0,90.29787234042553,9.0,13.9
26.0,3.0,6.6,Sổ hồng,Trống / Nhà thô,10.7972926594776,106.658476318084,Mặt tiền,Quận Tân Bình,Phường 4,2668.6,1,Đường Út Tịch,97.74675860001499,1.515401334032826,0.0,0.736715880986285,4.0,9.9
70.0,4.0,10.0,không có,Trống / Nhà thô,10.7888990300118,106.698870266564,Mặt tiền,Quận 1,Phường Đa Kao,436.0,1,Đường Đinh Tiên Hoàng,16.15137614678899,0.0,83.85550458715598,0.0,9.0,18.0
76.0,2.0,8.0,Sổ hồng,Trống / Nhà thô,10.7456765968145,106.619132375675,Mặt tiền,Quận Bình Tân,Phường An Lạc A,111.5,1,Đường Vương Văn Huống,0.0,0.0,0.0,99.98206278026906,4.0,8.0
73.0,3.0,7.6,Sổ hồng,Đầy đủ,10.8675474802148,106.735110486405,Chưa xác định,Thành phố Thủ Đức,Phường Tam Bình,,1,Unknown,,,,,7.0,7.2
52.0,2.0,5.0,Sổ hồng,Trống / Nhà thô,10.7749751869261,106.76487352699,Chưa xác định,Thành phố Thủ Đức,Phường Thạnh Mỹ Lợi,,0,Đường 18,,,,,5.0,6.95
255.0,4.0,8.7,Sổ hồng,Trống / Nhà thô,10.8068078834174,106.675864513642,Mặt tiền,Quận Phú Nhuận,Phường 9,954.4,1,Đường Đào Duy Anh,99.28331936295054,0.0,0.0,0.7198239731768651,17.0,60.0
321.0,4.0,24.0,Sổ hồng,Trống / Nhà thô,10.8359052910847,106.842523082535,Chưa xác định,Quận 9,Phường Long Bình,,0,Đường Nguyễn Xiển,,,,,10.0,40.0
226.0,3.0,8.6,Sổ hồng,Trống / Nhà thô,10.82729670451,106.760719069752,Mặt tiền,Thành phố Thủ Đức,Phường Trường Thọ,,1,Đường Nguyễn Văn Bá,,,,,7.0,40.68
510.0,11.0,29.6,không có,Trống / Nhà thô,10.7587056575668,106.680013897454,Mặt tiền,Quận 5,Phường 3,46.3,1,Unknown,0.0,0.0,0.0,100.0,9.0,150.0
86.0,4.0,16.0,Sổ hồng,Trống / Nhà thô,10.828209092846569,106.64123123511672,Chưa xác định,Quận Tân Bình,Phường 15,1420.3,1,Đường Phạm Văn Bạch,88.86362036189539,0.0,0.0,11.137787791311695,9.0,7.8
60.0,3.0,6.0,Sổ hồng,Đầy đủ,10.6929533280383,106.740461014011,Hẻm ô tô,Huyện Nhà Bè,Thị trấn Nhà Bè,337.2,0,Đường Huỳnh Tấn Phát,12.844009489916964,0.0,0.0,87.15302491103203,9.0,6.79
72.0,2.0,20.0,Sổ hồng,Đầy đủ,10.8197631161434,106.675078055988,Chưa xác định,Quận Gò Vấp,Phường 3,70.9,0,Đường Nguyễn Văn Công,0.0,0.0,99.9576868829337,0.0,6.0,6.9
74.0,2.0,4.0,Sổ hồng,Đầy đủ,10.6919641418375,106.736046797625,Mặt tiền,Huyện Nhà Bè,Thị trấn Nhà Bè,438.0,0,Đường Huỳnh Tấn Phát,0.0,99.99771689497717,0.0,0.0,5.0,5.75
52.0,4.0,6.0,Sổ hồng,Đầy đủ,10.7970881029699,106.823389334393,Chưa xác định,Quận 9,Phường Long Trường,,0,Đường Trường Lưu,,,,,5.0,4.9
50.0,3.0,5.0,không có,Trống / Nhà thô,10.7529588518578,106.676031606929,Chưa xác định,Quận 5,Phường 5,45.9,1,Đường Nhiêu Tâm,33.92156862745098,0.0,0.0,66.10021786492375,8.0,30.0
76.0,4.0,8.200000000000001,Sổ hồng,Trống / Nhà thô,10.7601147098409,106.613687854409,Mặt tiền,Quận Bình Tân,Phường Bình Trị Đông,137.4,1,Đường Liên Khu 16-18,15.596797671033476,0.0,0.0,84.41048034934498,9.0,9.5
13.0,2.0,4.0,Sổ hồng,Đầy đủ,10.85270592410832,106.7551868967712,Chưa xác định,Thành phố Thủ Đức,Phường Linh Chiểu,,0,Đường Kha Vạn Cân,,,,,2.0,2.0
75.0,3.0,10.666666666666668,Sổ hồng,Trống / Nhà thô,10.814708,106.779495,Chưa xác định,Quận 9,Phường Phước Long B,,1,Unknown,,,,,7.0,10.6
75.0,3.0,7.0,Sổ hồng,Cơ bản,10.7831095689713,106.764525678009,Mặt tiền,Quận 2,Phường Bình Trưng Tây,,0,Đường 39,,,,,6.0,12.19
59.0,3.0,6.0,Sổ hồng,Đầy đủ,10.6968334434718,106.740503470024,Hẻm ô tô,Huyện Nhà Bè,Thị trấn Nhà Bè,2787.2,0,Đường Huỳnh Thị Đồng,5.42049368541906,86.07240241102183,0.0,8.508180252583237,9.0,6.2
59.0,4.0,4.0,Sổ hồng,Đầy đủ,10.8193368096943,106.702411183011,Chưa xác định,Quận Bình Thạnh,Phường 13,1911.6,0,Đường Nơ Trang Long,95.7951454279138,0.0,0.0,4.203285206110065,9.0,8.9
20.0,4.0,4.666666666666666,Sổ hồng,Trống / Nhà thô,10.8070927644667,106.695407072586,Hẻm ô tô,Quận Bình Thạnh,Phường 7,970.7,1,Đường Nơ Trang Long,4.69867106212012,0.0,0.0,95.30029875347688,7.0,4.65
103.0,3.0,15.2,Sổ đỏ,Trống / Nhà thô,10.8755431027514,106.685301268147,Mặt tiền,Quận 12,Phường Thạnh Lộc,4938.5,1,Unknown,16.894401133947557,8.361850764402146,0.0,74.74293813911106,7.0,6.35
200.0,3.0,10.9,Sổ hồng,Đầy đủ,10.7672777175903,106.778686523438,Chưa xác định,Quận 2,Phường Cát Lái,,1,Phố Đông Village,,,,,14.0,22.9
110.0,2.0,6.0,Sổ hồng,Đầy đủ,10.7036703332575,106.703730879026,Chưa xác định,Huyện Nhà Bè,Xã Phước Kiển,4800.1,0,Đường Lê Văn Lương,18.2681610799775,0.0,1.6522572446407364,0.0,5.0,5.87
90.0,4.0,7.0,Sổ hồng,Trống / Nhà thô,10.7956914114371,106.621794869258,Mặt tiền,Quận Tân Phú,Phường Tân Quý,213.2,0,Đường Gò Dầu,1.7448405253283303,98.25046904315198,0.0,0.0,10.0,11.5
32.0,4.0,6.666666666666666,Sổ hồng,Trống / Nhà thô,10.8194713432344,106.674948497288,Mặt tiền,Quận Gò Vấp,Phường 3,133.9,1,Đường Nguyễn Văn Công,36.23599701269604,0.0,63.78640776699028,0.0,6.0,6.1
72.0,6.0,4.6,Sổ hồng,Trống / Nhà thô,10.7718730355186,106.669634556353,Mặt tiền,Quận 10,Phường 12,1535.0,1,Đường Sư Vạn Hạnh,99.357003257329,0.0,0.0,0.6332247557003258,30.0,29.0
106.0,3.0,16.0,Sổ hồng,Đầy đủ,10.8667285730735,106.649698494507,Chưa xác định,Quận 12,Phường Tân Thới Hiệp,414.2,0,Đường Lê Văn Khương,36.26750362143892,0.0,0.0,63.72766779333655,18.0,7.8
71.0,5.0,6.4,Sổ hồng,Trống / Nhà thô,10.7718484446873,106.679455950406,Mặt tiền,Quận 3,Phường 3,538.4,1,Đường Cao Thắng,0.0,99.85698365527489,0.0,0.13930163447251115,13.0,29.0
78.0,5.0,6.0,Sổ hồng,Cơ bản,10.84566054829,106.664761083155,Mặt tiền,Quận Gò Vấp,Phường 16,119.7,0,Đường Thống Nhất,20.743525480367584,0.0,0.0,79.25647451963242,8.0,9.8
204.0,4.0,18.0,Sổ hồng,Đầy đủ,10.8044241524489,106.728677325377,Mặt tiền,Quận 2,Phường Thảo Điền,,0,Đường Nguyễn Bá Huân,,,,,17.0,34.0
114.0,4.0,6.0,Sổ hồng,Đầy đủ,10.678188370211,106.753510809564,Mặt tiền,Huyện Nhà Bè,Xã Phú Xuân,3212.3,0,Đường Huỳnh Tấn Phát,82.04775394577094,0.7654951281013603,0.0,17.185505712417893,9.0,8.5
56.0,5.0,5.0,Sổ hồng,Đầy đủ,10.8082294333965,106.688379449594,Mặt tiền,Quận Bình Thạnh,Phường 6,88.1,0,Đường Nguyễn Văn Đậu,17.593643586833146,0.0,0.0,82.46311010215666,9.0,11.3
231.0,4.0,6.1000000000000005,Sổ hồng,Đầy đủ,10.8081468052953,106.688684334311,Mặt tiền,Quận Tân Bình,Phường 12,76.0,1,Đường Hoàng Hoa Thám,96.82894736842105,0.0,0.0,3.131578947368421,14.0,34.0
65.0,3.0,4.0,Sổ hồng,Đầy đủ,10.6919218250543,106.736195146778,Mặt tiền,Huyện Nhà Bè,Thị trấn Nhà Bè,2106.8,0,Đường Huỳnh Tấn Phát,0.0,99.99952534649704,0.0,0.0,10.0,6.49
123.0,2.0,5.0,Sổ hồng,Trống / Nhà thô,10.7964797009218,106.608925654539,Hẻm ô tô,Quận Bình Tân,Phường Bình Hưng Hòa,4078.3,0,Đường Số 8,11.765931883382782,88.23406811661721,0.0,0.0,6.0,7.4
52.0,2.0,4.5,Sổ hồng,Trống / Nhà thô,10.8578972342164,106.840403685094,Chưa xác định,Quận 9,Phường Long Bình,,1,Đường Số 6,,,,,4.0,3.86
290.0,2.0,8.0,Sổ hồng,Cơ bản,10.8195736831937,106.702450585592,Mặt tiền,Quận Bình Thạnh,Phường 13,67.7,0,Đường Nơ Trang Long,99.70457902511077,0.0,0.0,0.3249630723781388,12.0,22.3
59.0,4.0,4.0,Sổ hồng,Đầy đủ,10.7955289989817,106.677755424782,Hẻm ô tô,Quận Phú Nhuận,Phường 15,1378.3,0,Đường Nguyễn Đình Chính,76.85337009359355,0.0,0.0,23.145904374954654,9.0,9.9
105.0,4.0,18.8,Sổ đỏ,Trống / Nhà thô,10.8850024343868,106.681154385565,Chưa xác định,Quận 12,Phường Thạnh Xuân,850.1,1,Đường Thạnh Xuân 38,34.86883896012234,0.0,0.0,65.12880837548524,7.0,6.99
51.0,2.0,10.0,Sổ hồng,Trống / Nhà thô,10.7832607879519,106.628765638947,Mặt tiền,Quận Tân Phú,Phường Phú Thọ Hòa,51.6,0,Đường Lê Cảnh Tuân,47.65503875968992,0.0,0.0,52.32558139534883,4.0,5.9
257.0,5.0,12.0,Sổ hồng,Trống / Nhà thô,10.8309129469348,106.705755791401,Mặt tiền,Quận Bình Thạnh,Phường 13,36014.6,0,Đường Bình Lợi,12.228623946954848,87.7714871191128,0.0,0.0,60.0,45.0
51.0,3.0,3.0,Sổ hồng,Đầy đủ,10.7264728663674,106.73354296111,Hẻm ô tô,Quận 7,Phường Phú Thuận,1889.4,1,Đường Huỳnh Tấn Phát,70.85000529268551,0.0,0.0,29.14999470731449,5.0,5.75
114.0,4.0,9.5,Sổ hồng,Đầy đủ,10.8754157422153,106.654938111509,Chưa xác định,Quận 12,Phường Thới An,4479.9,1,Đường Lê Thị Riêng,92.6275140070091,0.0,0.0,7.373378870064064,8.0,9.9
76.0,2.0,6.0,Sổ hồng,Đầy đủ,10.8787900360777,106.668935854968,Mặt tiền,Quận 12,Phường Thạnh Xuân,10130.3,0,Đường Thạnh Xuân 38,37.71813273052131,40.66562688173105,0.0,21.61594424646852,5.0,4.88
52.0,4.0,6.0,Sổ hồng,Trống / Nhà thô,10.8710339688032,106.732681686849,Chưa xác định,Thành phố Thủ Đức,Phường Tam Bình,,0,Đường Tỉnh lộ 43,,,,,10.0,4.5
81.0,4.0,8.0,Sổ hồng,Đầy đủ,10.6844849026911,106.749857700367,Mặt tiền,Huyện Nhà Bè,Xã Phú Xuân,,0,Đường Đào Tông Nguyên,,,,,9.0,9.6
113.0,1.0,4.0,Sổ hồng,Đầy đủ,10.6786513659158,106.753477084806,Mặt tiền,Huyện Nhà Bè,Xã Phú Xuân,251.2,0,Đường Huỳnh Tấn Phát,6.95063694267516,0.0,0.0,0.0,8.0,6.79
30.0,4.0,3.2,Sổ hồng,Trống / Nhà thô,10.7926706795051,106.696734639198,Mặt tiền,Quận 1,Phường Tân Định,3420.1,1,Đường Trương Hán Siêu,77.93105464752493,16.147773456916465,5.920002339112892,0.0,7.0,9.0
93.0,3.0,5.0,Sổ hồng,Đầy đủ,10.769992688451,106.688604873808,Hẻm ô tô,Quận Tân Bình,Phường 3,2700.3,0,Đường Bùi Thị Xuân,93.12372699329703,2.520460689553013,4.35433100025923,0.0,6.0,12.5
70.0,3.0,7.0,Sổ đỏ,Trống / Nhà thô,10.7487435585006,106.683389366938,Mặt tiền,Quận 8,Phường Rạch Ông,1580.3,1,Đường Dạ Nam,99.42858950832121,0.5695121179522876,0.0,0.0,9.0,7.5
60.0,6.0,4.0,Sổ hồng,Cơ bản,10.7872006787663,106.647341404667,Hẻm ô tô,Quận Tân Bình,Phường 11,93.9,0,Đường Hồng Lạc,14.004259850905218,0.0,0.0,85.99574014909479,12.0,8.45
80.0,4.0,3.0,Sổ hồng,Trống / Nhà thô,10.7917449473474,106.6748754902,Mặt tiền,Quận Phú Nhuận,Phường 11,2830.0,0,Đường Huỳnh Văn Bánh,43.8660777385159,0.0,0.0,56.1356890459364,12.0,11.19
90.0,3.0,11.5,Sổ hồng,Trống / Nhà thô,10.809241,106.7806,Chưa xác định,Quận 9,Phường Phước Long B,,1,Đường Đỗ Xuân Hợp,,,,,9.0,10.5
42.0,4.0,5.0,Sổ hồng,Trống / Nhà thô,10.7234941506552,106.620067074327,Mặt tiền,Quận 8,Phường 16,273.8,0,Đường An Dương Vương,33.83856829802776,0.0,0.0,66.16143170197223,7.0,6.6
37.0,3.0,3.0,Sổ hồng,Đầy đủ,10.8061929339425,106.696739928858,Mặt tiền,Quận Bình Thạnh,Phường 14,310.1,0,Đường Lê Quang Định,10.21605933569816,0.0,0.0,89.77104159948402,6.0,7.95
140.0,1.0,20.0,Sổ hồng,Đầy đủ,10.7901521724985,106.734693217729,Chưa xác định,Quận 2,Phường An Khánh,,0,Đường Số 14,,,,,10.0,27.5
50.0,4.0,4.0,Sổ hồng,Trống / Nhà thô,10.7178064721673,106.622686812597,Chưa xác định,Quận 8,Phường 16,1485.6,0,Đường Trương Đình Hội,8.486806677436725,0.0,0.0,91.51386645126549,7.0,5.5
126.0,4.0,12.0,không có,Cơ bản,10.7779444235626,106.747389593819,Mặt tiền,Quận 2,Phường Bình Trưng Tây,,0,Đường Bát Nàn,,,,,8.0,39.5
99.0,2.0,20.0,Sổ hồng,Cơ bản,10.8801981218516,106.65104852768,Chưa xác định,Quận 12,Phường Thới An,3174.2,0,Đường Trần Thị Cờ,36.7957280574633,0.0,0.0,63.20301178249639,2.0,10.0
58.0,3.0,3.0,Sổ hồng,Đầy đủ,10.7314880938941,106.744787061768,Hẻm ô tô,Quận 7,Phường Phú Thuận,3478.6,0,Đường Huỳnh Tấn Phát,42.50071867992871,0.0,57.49928132007129,0.0,6.0,7.1
43.0,4.0,4.5,Sổ hồng,Đầy đủ,10.7615916238493,106.67850579806,Mặt tiền,Quận 5,Phường 4,210.5,1,Đường Trần Phú,1.5534441805225654,0.0,0.0,98.44655581947744,15.0,9.29
40.0,5.0,6.0,Sổ hồng,Đầy đủ,10.8108406639983,106.70186243186,Chưa xác định,Quận Bình Thạnh,Phường 12,1412.5,0,Đường Chu Văn An,17.998584070796458,0.0,0.0,80.61309734513274,8.0,8.7
85.0,4.0,4.0,Sổ hồng,Trống / Nhà thô,10.8572609072409,106.626540089708,Mặt tiền,Quận 12,Phường Trung Mỹ Tây,,0,Đường Đông Bắc,,,,,9.0,3.5
43.0,2.0,3.0,Sổ đỏ,Trống / Nhà thô,10.8197188466803,106.6746578155,Chưa xác định,Quận Gò Vấp,Phường 3,329.6,0,Đường Số 2,25.391383495145632,0.0,0.0,71.11953883495144,5.0,6.4
75.0,5.0,7.0,Sổ hồng,Trống / Nhà thô,10.788223512685,106.629523785247,Chưa xác định,Quận Tân Phú,Phường Phú Thọ Hòa,755.6,0,Đường Vườn Lài,78.62228692429858,0.0,0.0,21.37771307570143,12.0,11.69
66.0,3.0,6.0,Sổ hồng,Trống / Nhà thô,10.8681461541981,106.622599186182,Mặt tiền,Quận 12,Phường Trung Mỹ Tây,,1,Đường Huỳnh Thị Hai,,,,,8.0,5.55
67.0,1.0,8.0,Sổ hồng,Trống / Nhà thô,10.7829686701555,106.776392655928,Mặt tiền,Quận 2,Phường Bình Trưng Đông,,0,Đường Số 42,,,,,2.0,7.3
144.0,7.0,15.9,Sổ hồng,Trống / Nhà thô,10.7603759049588,106.68860149815,Mặt tiền,Quận 1,Phường Nguyễn Cư Trinh,4746.0,1,Đường Trần Hưng Đạo,89.63737884534346,1.7951959544879899,0.0,8.568057311420144,16.0,60.0
35.0,2.0,3.0,Sổ hồng,Trống / Nhà thô,10.8541257076298,106.762293199328,Chưa xác định,Thành phố Thủ Đức,Phường Linh Chiểu,,0,Đường Số 18,,,,,3.0,3.3
74.0,2.0,5.0,Sổ hồng,Cao cấp,10.7883239028849,106.658607235801,Hẻm ô tô,Quận Tân Bình,Phường 7,423.3,0,Đường Bành Văn Trân,91.13394755492557,0.0,0.0,8.861327663595558,7.0,11.5
66.0,2.0,6.0,Sổ hồng,Đầy đủ,10.7516360510882,106.701764704307,Chưa xác định,Quận 7,Phường Tân Hưng,498563.61,0,Phố Trần Xuân Soạn,95.4990898754123,0.0,0.11544564995427567,4.385462468871324,4.0,6.6
75.0,2.0,4.0,Sổ hồng,Trống / Nhà thô,10.8253349113286,106.689675371106,Chưa xác định,Quận Gò Vấp,Phường 5,46.5,0,Đường Phan Văn Trị,0.0,0.0,0.0,100.0,7.0,7.5
45.0,4.0,4.0,Sổ hồng,Đầy đủ,10.7261720815989,106.733774668628,Mặt tiền,Quận 7,Phường Phú Thuận,1889.4,0,Đường Huỳnh Tấn Phát,70.85000529268551,0.0,0.0,29.14999470731449,9.0,5.99
168.0,3.0,12.0,Sổ hồng,Trống / Nhà thô,10.801392916952349,106.79036268103611,Chưa xác định,Quận 9,Phường Phú Hữu,,0,Đường Liên Phường,,,,,13.0,17.5
43.0,2.0,4.0,Sổ đỏ,Trống / Nhà thô,10.7919118,106.6914934,Mặt tiền,Quận 1,Phường Tân Định,1111.1,1,Đường Trần Quang Khải,94.61254612546126,0.0,0.0,5.391953919539196,8.0,8.0
115.0,3.0,10.0,Sổ hồng,Cơ bản,10.8303037027201,106.728571903359,Chưa xác định,Thành phố Thủ Đức,Phường Hiệp Bình Chánh,,0,Đường Số 8,,,,,9.0,17.6
120.0,4.0,13.6,Sổ hồng,Đầy đủ,10.7436357025331,106.732903572098,Chưa xác định,Quận 7,Phường Tân Thuận Đông,3873.1,1,Đường Trần Trọng Cung,34.70708218223129,25.52735534842891,0.0,39.765820660452874,8.0,18.0
58.0,2.0,3.0,Sổ hồng,Trống / Nhà thô,10.7516592638375,106.701645646158,Chưa xác định,Quận 7,Phường Tân Hưng,498563.61,0,Phố Trần Xuân Soạn,95.4990898754123,0.0,0.11544564995427567,4.385462468871324,6.0,6.7
9.0,3.0,2.0,Sổ hồng,Cao cấp,10.7816317194804,106.680117596254,Chưa xác định,Quận 3,Phường 10,3675.9,0,Đường Rạch Bùng Binh,87.15715879104437,0.0,7.154710411055795,5.688946924562692,4.0,1.95
90.0,4.0,8.0,Sổ hồng,Cơ bản,10.8756625387441,106.685356370704,Chưa xác định,Quận 12,Phường Thạnh Lộc,4938.5,0,Đường Thạnh Lộc 37,16.894401133947557,8.361850764402146,0.0,74.74293813911106,9.0,6.25
749.0,2.0,12.0,Sổ hồng,Trống / Nhà thô,10.7868327038361,106.729760638267,Chưa xác định,Quận 2,Phường An Khánh,,1,Đường Trần Não,,,,,50.0,99.0
52.0,2.0,5.0,Sổ hồng,Trống / Nhà thô,10.8867504896105,106.724195451376,Mặt tiền,Thành phố Thủ Đức,Phường Tam Bình,,0,Đường Ngô Chí Quốc,,,,,4.0,4.5
30.0,6.0,8.8,không có,Trống / Nhà thô,10.7640696446919,106.669820324382,Mặt tiền,Quận 10,Phường 4,43.0,1,Đường Vĩnh Viễn,16.139534883720934,0.0,0.0,83.44186046511628,7.0,9.5
75.0,5.0,3.0,không có,Trống / Nhà thô,10.7864570979646,106.690643064605,Mặt tiền,Quận 3,Phường Võ Thị Sáu,3620.0,1,Đường Võ Thị Sáu,94.07375690607735,0.0,5.9265193370165745,0.0,7.0,29.0
66.0,3.0,12.0,Sổ hồng,Đầy đủ,10.8181792383854,106.722229537805,Chưa xác định,Quận Bình Thạnh,Phường 27,4530.1,1,Đường Bình Quới,92.31915410255843,0.0,0.0,7.68040440608375,4.0,5.86
60.0,4.0,8.0,Sổ hồng,Đầy đủ,10.8656445639018,106.670407417799,Hẻm ô tô,Quận 12,Phường Thạnh Xuân,3567.7,0,Đường Thạnh Xuân 33,44.75908848838187,28.11531238613112,0.0,27.12531883286151,9.0,6.49
40.0,4.0,20.0,Sổ hồng,Đầy đủ,10.788833743713,106.699260513765,Chưa xác định,Quận 1,Phường Đa Kao,4469.5,1,Đường Đinh Tiên Hoàng,85.4773464593355,0.0,14.523324756684191,0.0,5.0,18.0
88.0,4.0,12.0,Sổ hồng,Đầy đủ,10.7818141363758,106.765302101846,Mặt tiền,Thành phố Thủ Đức,Phường Bình Trưng Tây,,0,Đường Nguyễn Tư Nghiêm,,,,,12.0,13.25
900.0,9.0,31.5,không có,Trống / Nhà thô,10.7895335911572,106.778854608774,Mặt tiền,Thành phố Thủ Đức,Phường Bình Trưng Đông,,1,Đường Nguyễn Duy Trinh,,,,,23.0,65.0
76.0,2.0,4.0,Sổ hồng,Cơ bản,10.7781488175264,106.635372936506,Chưa xác định,Quận Tân Phú,Phường Hòa Thạnh,177.0,0,Đường Lũy Bán Bích,6.016949152542373,0.0,0.0,93.98870056497177,5.0,7.28
62.0,3.0,5.0,Sổ hồng,Đầy đủ,10.8301251454521,106.637980569729,Hẻm ô tô,Quận Tân Bình,Phường 12,159.5,0,Đường Huỳnh Văn Nghệ,28.38871473354232,0.0,0.0,71.63009404388715,9.0,7.65
80.0,4.0,16.0,Sổ hồng,Đầy đủ,10.7428506498873,106.710578949457,Mặt tiền,Quận 7,Phường Tân Quy,49.9,0,Unknown,8.997995991983968,0.0,0.0,91.06212424849699,11.0,20.2
1.188,8.0,24.8,không có,Trống / Nhà thô,10.7845563127764,106.644233192178,Mặt tiền,Quận Tân Bình,Phường 10,575.7,1,Đường Thái Thị Nhạn,8.292513461872502,0.0,0.0,91.70922355393434,12.0,139.0
15.0,2.0,1.0,Sổ hồng,Trống / Nhà thô,10.7809780091312,106.676015853344,Chưa xác định,Quận 3,Phường 10,1019.9,1,Đường Cách Mạng Tháng Tám,19.44308265516227,0.0,0.0,80.55593685655457,2.0,2.4
112.0,5.0,10.0,Sổ hồng,Trống / Nhà thô,10.8399112751415,106.795109157994,Mặt tiền,Thành phố Thủ Đức,Phường Tăng Nhơn Phú A,,0,Đường Lã Xuân Oai,,,,,23.0,20.0
58.0,2.0,3.0,Sổ hồng,Đầy đủ,10.7426924377662,106.710069825273,Chưa xác định,Quận 7,Phường Tân Quy,3664.7,0,Unknown,27.53076650203291,65.3690615875788,0.0,7.099353289491638,6.0,5.8
20.0,4.0,4.666666666666666,Sổ hồng,Trống / Nhà thô,10.792498314056,106.657070283891,Mặt tiền,Quận Tân Bình,Phường 4,58.0,1,Đường Hiệp Nhất,45.689655172413794,0.0,0.0,54.275862068965516,7.0,3.85
102.0,2.0,4.0,Sổ hồng,Đầy đủ,10.7519331611334,106.701562117478,Chưa xác định,Quận 7,Phường Tân Hưng,83205.49,0,Phố Trần Xuân Soạn,0.0,0.0,100.0,0.0,6.0,11.0
89.0,3.0,8.0,Sổ đỏ,Trống / Nhà thô,10.7248125076294,106.664390563965,Chưa xác định,Huyện Bình Chánh,Xã Bình Hưng,9534.8,0,Đường Nguyễn Văn Linh,83.6531442715107,0.0,0.0,16.346645970549986,8.0,7.3
30.0,4.0,3.2,Sổ hồng,Trống / Nhà thô,10.7920441042708,106.696727184963,Mặt tiền,Quận 1,Phường Đa Kao,53.2,1,Đường Trương Hán Siêu,0.0,0.0,99.90601503759397,0.0,7.0,9.0
35.0,2.0,2.5,Sổ hồng,Đầy đủ,10.7364867088823,106.653037073909,Mặt tiền,Quận 8,Phường 6,363.8,1,Đường Bùi Minh Trực,0.0,0.0,0.0,100.0,4.0,5.39
61.0,6.0,4.0,Sổ hồng,Đầy đủ,10.8011654903933,106.699854614909,Chưa xác định,Quận Bình Thạnh,Phường 2,810.0,0,Đường Vũ Tùng,0.0,99.74197530864197,0.0,0.24320987654320989,11.0,10.7
67.0,5.0,8.0,Sổ hồng,Trống / Nhà thô,10.8565396284347,106.75200715455,Mặt tiền,Thành phố Thủ Đức,Phường Linh Tây,,0,Đường Phạm Văn Đồng,,,,,9.0,9.8
70.0,4.0,15.0,không có,Trống / Nhà thô,10.878870604717036,106.55239210633226,Mặt tiền,Huyện Hóc Môn,Xã Xuân Thới Sơn,34049.8,0,Unknown,0.0,10.637712996845796,89.36234574065045,0.0,9.0,6.5
29.0,2.0,3.5,Sổ hồng,Trống / Nhà thô,10.7685573112704,106.672020758935,Mặt tiền,Quận 10,Phường 10,34.0,1,Đường Lê Hồng Phong,0.0,0.0,0.0,98.6470588235294,4.0,4.8
50.0,3.0,6.0,Sổ hồng,Trống / Nhà thô,10.7455018305876,106.730782428933,Mặt tiền,Quận 7,Phường Tân Thuận Đông,1428.8,0,Đường Võ Thị Nhờ,0.0,0.0,0.0,99.99720044792834,9.0,9.45
52.0,3.0,4.0,Sổ hồng,Đầy đủ,10.8493948503127,106.651267608298,Chưa xác định,Quận Gò Vấp,Phường 9,1236.2,0,Đường Phạm Văn Chiêu,0.0,0.0,0.0,100.0,7.0,6.55
57.0,5.0,6.0,Sổ hồng,Đầy đủ,10.7614837334744,106.666845414847,Mặt tiền,Quận 10,Phường 5,868.0,0,Đường Nguyễn Tiểu La,80.2684331797235,0.0,0.0,19.74884792626728,24.0,8.9
22.0,3.0,3.4,không có,Trống / Nhà thô,10.7873371060843,106.698468200687,Mặt tiền,Quận 1,Phường Đa Kao,2661.7,1,Đường Nguyễn Đình Chiểu,73.26558214674832,0.0,26.73592065221475,0.0,5.0,5.1
100.0,2.0,6.0,Sổ hồng,Trống / Nhà thô,10.8071209348185,106.623907104496,Hẻm ô tô,Quận Tân Phú,Phường Tây Thạnh,305.3,0,Đường Lê Trọng Tấn,21.614805109728135,0.0,0.0,78.38191942351786,9.0,7.4
133.0,4.0,5.9,Sổ đỏ,Trống / Nhà thô,10.7787072350501,106.654559216834,Mặt tiền,Quận Tân Bình,Phường 9,538.7,1,Đường Tân Trang,98.82494895117875,0.0,1.1676257657323184,0.0,16.0,23.9
132.0,4.0,6.0,Sổ hồng,Đầy đủ,10.769214240946,106.682923339278,Hẻm ô tô,Quận 3,Phường 5,92.0,0,Đường Cao Thắng,0.7391304347826088,0.0,0.0,99.23913043478261,9.0,45.0
96.0,4.0,8.0,Sổ đỏ,Trống / Nhà thô,10.8713760623614,106.653657891591,Mặt tiền,Quận 12,Phường Thới An,1588.7,0,Đường Thới An 35,79.53295146975515,0.0,0.0,20.467048530244853,10.0,6.6
143.0,3.0,10.2,Sổ hồng,Trống / Nhà thô,10.8769658530434,106.74018533806,Mặt tiền,Thành phố Thủ Đức,Phường Bình Chiểu,,1,Đường Lê Thị Hoa,,,,,22.0,6.7
58.0,3.0,4.0,Sổ hồng,Trống / Nhà thô,10.7572618429419,106.599628196397,Chưa xác định,Quận Bình Tân,Phường Tân Tạo,1577.2,0,Đường Lê Đình Cẩn,0.3214557443570885,99.67537408064925,0.0,0.0,6.0,4.28
123.0,3.0,30.0,Sổ hồng,Trống / Nhà thô,10.7867804881357,106.690590246535,Chưa xác định,Quận 3,Phường Võ Thị Sáu,105.5,0,Đường Võ Thị Sáu,17.668246445497633,0.0,0.0,82.32227488151658,6.0,29.0
100.0,2.0,5.0,Sổ hồng,Trống / Nhà thô,21.0289486097874,105.852447225903,Chưa xác định,Quận Bình Tân,Phường An Lạc,,0,Đường Hồ Học Lãm,,,,,4.0,6.2
75.0,3.0,3.0,Sổ hồng,Đầy đủ,10.7978633116561,106.70503819197,Mặt tiền,Quận Bình Thạnh,Phường 17,3425.9,0,Đường Điện Biên Phủ,64.69774365860066,33.41837181470563,0.0,1.883300738492075,18.0,8.89
92.0,4.0,10.0,Sổ hồng,Trống / Nhà thô,10.7693677627841,106.690553580204,Hẻm ô tô,Quận 1,Phường Bến Thành,2516.2,0,Đường Nguyễn Trãi,94.08870519036643,0.0,5.91010253556951,0.0,11.0,25.5
225.0,4.0,10.1,Sổ hồng,Trống / Nhà thô,10.8147390540128,106.689363084729,Chưa xác định,Quận Gò Vấp,Phường 1,117.5,1,Đường Lê Quang Định,15.268085106382982,0.0,0.0,84.69787234042553,14.0,69.0
48.0,4.0,3.0,Sổ hồng,Trống / Nhà thô,10.7745867053266,106.697466674094,Chưa xác định,Quận 1,Phường Bến Thành,146.7,0,Đường Lý Tự Trọng,0.7157464212678938,0.0,99.26380368098161,0.0,8.0,15.5
67.0,3.0,5.0,Sổ hồng,Đầy đủ,10.8162326211817,106.6951568315,Hẻm ô tô,Quận Bình Thạnh,Phường 11,837.9,0,Đường Phan Văn Trị,84.9874686716792,0.0,0.0,15.013724788160879,8.0,6.18
76.0,2.0,20.0,Sổ đỏ,Trống / Nhà thô,10.7929697523782,106.624331456361,Chưa xác định,Quận Tân Phú,Phường Tân Quý,641.0,0,Đường Tây Sơn,95.55382215288611,0.0,0.0,4.452418096723869,9.0,11.0
61.0,1.0,6.0,Sổ hồng,Trống / Nhà thô,10.8133870778479,106.577521018424,Mặt tiền,Huyện Bình Chánh,Xã Vĩnh Lộc A,132.2,0,Đường Ấp 6,27.723146747352494,0.0,0.0,72.24659606656581,3.0,3.4
93.0,4.0,12.0,Sổ đỏ,Trống / Nhà thô,10.759847083929,106.686705878038,Hẻm ô tô,Quận 1,Phường Nguyễn Cư Trinh,35702.3,0,Đường Nguyễn Cảnh Chân,0.44218439708366125,99.55787162171623,0.0,0.0,11.0,24.8
56.0,2.0,4.0,Sổ hồng,Cơ bản,10.7661016059295,106.642406128276,Hẻm ô tô,Quận 11,Phường 3,55.6,0,Đường Lạc Long Quân,0.0,0.0,0.0,100.0,4.0,5.2
110.0,5.0,16.4,Sổ hồng,Trống / Nhà thô,10.7517019462368,106.609252014073,Mặt tiền,Quận Bình Tân,Phường Bình Trị Đông,902660.3,1,Đường Tên Lửa 2,0.48759871238382807,0.0,0.0,0.0,9.0,8.0
56.0,4.0,10.0,Sổ hồng,Đầy đủ,10.791817139355,106.674936780298,Mặt tiền,Quận Phú Nhuận,Phường 11,36.7,0,Đường Nguyễn Thị Huỳnh,4.223433242506812,0.0,0.0,95.6675749318801,8.0,16.0
57.0,4.0,3.0,Sổ hồng,Đầy đủ,10.7917935261838,106.674962647414,Mặt tiền,Quận Phú Nhuận,Phường 11,72.7,0,Đường Lê Văn Sỹ,6.1072902338376895,0.0,0.0,93.85144429160935,9.0,9.5
154.0,4.0,8.0,Sổ hồng,Đầy đủ,10.7760603812551,106.611114149507,Hẻm ô tô,Quận Bình Tân,Phường Bình Hưng Hòa A,4041.9,0,Đường Lê Văn Quới,7.637744625052574,0.0,0.0,92.36349241693263,11.0,15.0
126.0,3.0,8.1,Sổ hồng,Trống / Nhà thô,10.7567200633377,106.585862842009,Mặt tiền,Quận Bình Tân,Phường Tân Tạo,3414.8,1,Đường Tỉnh Lộ 10,2.6467143024481663,5.772812463394635,0.0,91.58047323415718,9.0,5.65
64.0,1.0,8.0,Sổ hồng,Trống / Nhà thô,10.8070907450024,106.623928916006,Hẻm ô tô,Quận Tân Phú,Phường Tây Thạnh,1163.7,1,Đường Lê Trọng Tấn,49.502449084815666,0.0,0.0,50.49497293116782,4.0,6.1
270.0,3.0,19.9,Sổ hồng,Đầy đủ,10.7777280712134,106.759474934071,Chưa xác định,Quận 2,Phường Thạnh Mỹ Lợi,,1,Đường Số 65A,,,,,9.0,65.0
30.0,3.0,8.0,Sổ hồng,Cơ bản,10.8359881300025,106.635651062324,Mặt tiền,Quận Gò Vấp,Phường 15,1885.2,0,Đường Phan Huy Ích,66.56482070867813,0.0,0.0,33.4335879482283,7.0,5.4
124.0,3.0,14.0,Sổ hồng,Đầy đủ,10.7447752580652,106.708784450053,Mặt tiền,Quận 7,Phường Tân Quy,1243.7,0,Đường Số 19,99.53927796092306,0.0,0.0,0.46313419634960196,8.0,24.0
250.0,1.0,13.1,không có,Trống / Nhà thô,10.8059831186622,106.696895968517,Mặt tiền,Quận Bình Thạnh,Phường 14,349.8,1,Đường Lê Quang Định,0.0,0.0,0.0,99.98570611778158,12.0,40.0
75.0,6.0,6.0,Sổ hồng,Đầy đủ,10.7978211479385,106.671496961217,Hẻm ô tô,Quận Tân Bình,Phường 1,240.8,0,Đường Nguyễn Văn Trỗi,34.210963455149496,65.7765780730897,0.0,0.0,7.0,28.0
82.0,3.0,6.0,Sổ hồng,Đầy đủ,10.6751026743224,106.698563032754,Hẻm ô tô,Huyện Nhà Bè,Xã Nhơn Đức,1967.1,0,Đường Lê Văn Lương,30.138782980021357,0.0,0.0,69.86121701997865,6.0,5.25
112.0,3.0,16.0,Sổ hồng,Cơ bản,10.8398863869849,106.772284825492,Mặt tiền,Quận 9,Phường Hiệp Phú,,0,Đường Tú Xương,,,,,7.0,15.0
71.0,6.0,20.0,Sổ hồng,Trống / Nhà thô,10.7621601514631,106.670544677061,Mặt tiền,Quận 10,Phường 3,2135.0,0,Đường Ngô Gia Tự,92.84215456674474,0.36721311475409835,0.0,6.781264637002342,17.0,26.5
75.0,5.0,8.5,Sổ hồng,Đầy đủ,10.8674794624733,106.626432994545,Hẻm ô tô,Quận 12,Phường Tân Chánh Hiệp,,1,Đường Trần Thị Năm,,,,,13.0,7.78
27.0,3.0,2.0,Sổ hồng,Đầy đủ,10.8060728559851,106.711877643769,Hẻm ô tô,Quận Bình Thạnh,Phường 25,443.3,0,Đường Xô Viết Nghệ Tĩnh,27.633656665914728,0.0,0.0,72.36408752537785,7.0,5.0
50.0,2.0,14.0,Sổ hồng,Trống / Nhà thô,10.8497607100597,106.743676718913,Chưa xác định,Thành phố Thủ Đức,Phường Linh Đông,,1,Đường Số 22,,,,,5.0,6.49
37.0,5.0,13.9,Sổ hồng,Trống / Nhà thô,10.7807254710515,106.682149926465,Chưa xác định,Quận 3,Phường 9,3333.2,1,Phố Bà Huyện Thanh Quan,0.0,100.0,0.0,0.0,6.0,24.0
57.0,3.0,8.0,Sổ hồng,Đầy đủ,10.7318491572817,106.74502610366,Hẻm ô tô,Quận 7,Phường Phú Thuận,9782.4,0,Đường Gò Ô Môi,12.071270853778215,31.6465284592738,56.282200686947995,0.0,7.0,10.6
63.0,6.0,30.0,Sổ hồng,Trống / Nhà thô,10.7609797869355,106.66092160992,Chưa xác định,Quận 10,Phường 7,15189.0,0,Phố Lý Thường Kiệt,75.56745012838238,4.395220225162947,0.0,20.036342089670153,14.0,32.8
34.0,2.0,5.0,Sổ hồng,Cơ bản,10.7981824618354,106.591863322221,Hẻm ô tô,Quận Bình Tân,Phường Bình Hưng Hòa B,12694.4,0,Đường Liên khu 4-5,4.35191895639022,94.87994706327198,0.0,0.7681339803377868,4.0,3.7
63.0,5.0,8.0,Sổ hồng,Đầy đủ,10.7696190761009,106.613411595643,Chưa xác định,Quận Bình Tân,Phường Bình Trị Đông,3101.9,0,Đường Hương lộ 2,88.851671556143,0.0,0.6579838163706115,10.491311776653019,10.0,7.6
207.0,4.0,16.0,Sổ hồng,Trống / Nhà thô,10.830030698015,106.702697838396,Chưa xác định,Quận Bình Thạnh,Phường 13,1905.3,0,Đường Đặng Thùy Trâm,84.7178921954548,0.40990920065081615,0.0,14.871148900435626,10.0,29.8
72.0,3.0,5.333333333333334,Sổ hồng,Trống / Nhà thô,10.7578759603242,106.657331829097,Mặt tiền,Quận 5,Phường 12,81.2,1,Đường Phó Cơ Điều,11.87192118226601,0.0,0.0,88.07881773399015,9.0,24.0
211.0,2.0,9.6,Sổ hồng,Đầy đủ,10.722883,106.71721,Chưa xác định,Quận 7,Phường Tân Phong,921306.6,1,Đường Nguyễn Đức Cảnh,18.16232837146722,22.868941783332502,0.0,58.968724418125305,8.0,83.5
281.0,3.0,12.2,không có,Trống / Nhà thô,10.8087116883438,106.664565301601,Chưa xác định,Quận Tân Bình,Phường 2,,1,Đường Trường Sơn,,,,,15.0,72.0
62.0,5.0,6.0,Sổ hồng,Đầy đủ,10.7891483070039,106.698237187112,Hẻm ô tô,Quận 1,Phường Đa Kao,7152.4,0,Đường Nguyễn Văn Thủ,72.01946199876964,0.0,27.97997874839215,0.0,10.0,26.5
51.0,4.0,8.0,Sổ hồng,Cơ bản,10.8501897861235,106.694991136275,Chưa xác định,Quận 12,Phường An Phú Đông,2605.7,0,Đường Thạnh Lộc 16,0.0,0.0,0.0,99.9984649038646,8.0,5.85
100.0,4.0,6.0,Sổ hồng,Trống / Nhà thô,10.8499848926488,106.722683121108,Chưa xác định,Thành phố Thủ Đức,Phường Hiệp Bình Phước,,0,Đường Số 7,,,,,9.0,9.9
39.0,4.0,4.5,Sổ hồng,Đầy đủ,10.7615184683789,106.666689114491,Mặt tiền,Quận 10,Phường 8,39.0,1,Đường Hòa Hảo,25.076923076923073,0.0,0.0,74.97435897435896,10.0,10.3
81.0,4.0,6.0,Sổ hồng,Trống / Nhà thô,10.8193620608932,106.702848930544,Mặt tiền,Quận Bình Thạnh,Phường 13,72.2,0,Đường Nơ Trang Long,37.89473684210526,0.0,0.0,62.119113573407205,9.0,9.5
72.0,2.0,10.5,Sổ hồng,Trống / Nhà thô,10.7398202895953,106.678056934103,Chưa xác định,Quận 8,Phường 4,8587.5,1,Đường Cao Lỗ,22.052634643377,0.0,0.0,77.94748180494905,6.0,6.12
84.0,3.0,8.0,Sổ hồng,Đầy đủ,10.6787037988557,106.753471374815,Mặt tiền,Huyện Nhà Bè,Xã Phú Xuân,251.2,0,Đường Huỳnh Tấn Phát,6.95063694267516,0.0,0.0,0.0,9.0,9.4
66.0,5.0,6.0,Sổ hồng,Đầy đủ,10.8756702523102,106.685234737394,Hẻm ô tô,Quận 12,Phường Thạnh Lộc,4938.5,0,Đường Hà Huy Giáp,16.894401133947557,8.361850764402146,0.0,74.74293813911106,9.0,8.3
66.0,4.0,6.0,Sổ hồng,Đầy đủ,10.6846538322238,106.750162866058,Mặt tiền,Huyện Nhà Bè,Thị trấn Nhà Bè,5845.8,0,Đường Đào Tông Nguyên,34.20866262958021,0.0,0.0,0.0,9.0,6.6
42.0,2.0,4.0,Sổ hồng,Cơ bản,10.6845568805857,106.750107102523,Chưa xác định,Huyện Nhà Bè,Thị trấn Nhà Bè,,0,Đường Đào Tông Nguyên,,,,,4.0,1.75
94.0,4.0,12.0,Sổ hồng,Cơ bản,10.67500868168,106.698179471047,Mặt tiền,Huyện Nhà Bè,Xã Nhơn Đức,789.3,0,Đường Lê Văn Lương,42.14873938933232,0.0,0.0,57.848726719878385,8.0,8.9
155.0,6.0,10.0,Sổ hồng,Cơ bản,10.7955413262959,106.694389713586,Mặt tiền,Quận Bình Thạnh,Phường 3,69.1,0,Đường Trường Sa,0.0,0.0,0.0,100.0,9.0,43.0
35.0,4.0,3.0,Sổ hồng,Trống / Nhà thô,10.761650250173,106.689830137647,Chưa xác định,Quận 1,Phường Nguyễn Cư Trinh,1964.8,0,Đường Trần Đình Xu,92.5066164495114,0.16337540716612378,0.0,7.32899022801303,6.0,6.68
60.0,4.0,10.0,Sổ hồng,Đầy đủ,10.8054925194525,106.605137916655,Mặt tiền,Quận Bình Tân,Phường Bình Hưng Hòa,1603.5,0,Đường Số 13,30.215777985656377,0.0,0.0,69.78609292173373,8.0,9.6
349.0,3.0,12.0,không có,Trống / Nhà thô,10.38624859163084,106.91987120548391,Mặt tiền,Huyện Cần Giờ,Xã Long Hòa,,1,Unknown,,,,,9.0,39.437
262.0,2.0,5.0,Sổ hồng,Đầy đủ,10.7611663646824,106.690205671499,Chưa xác định,Quận 1,Phường Nguyễn Cư Trinh,254.0,0,Đường Trần Đình Xu,24.165354330708663,0.0,0.0,75.83464566929135,6.0,59.0
53.0,3.0,7.0,Sổ hồng,Đầy đủ,10.8774995288516,106.673140572977,Chưa xác định,Quận 12,Phường Thạnh Xuân,564.4,0,Đường Thạnh Xuân 24,1.9808646350106307,98.01913536498937,0.0,0.0,7.0,5.85
58.0,4.0,6.9,Sổ hồng,Cơ bản,10.80707989456,106.6756247411,Mặt tiền,Quận Phú Nhuận,Phường 9,1708.4,1,Đường Đào Duy Anh,91.19585577148209,0.0,0.0,8.804144228517911,9.0,9.5
76.0,3.0,8.0,Sổ hồng,Trống / Nhà thô,10.7466619851451,106.688989151802,Chưa xác định,Quận 8,Phường 2,1075.5,1,Đường Dương Bá Trạc,88.66201766620176,0.0,0.0,11.336122733612273,9.0,8.5
123.0,6.0,8.0,Sổ hồng,Đầy đủ,10.7664283438785,106.682714065274,Mặt tiền,Quận Bình Thạnh,Phường 19,5618.1,0,Đường Phạm Viết Chánh,89.01318951246861,10.98681048753137,0.0,0.0,21.0,44.99
170.0,6.0,11.3,Sổ hồng,Trống / Nhà thô,10.7973781320832,106.676658825512,Chưa xác định,Quận Phú Nhuận,Phường 8,73.7,1,Đường Nguyễn Trọng Tuyển,29.4708276797829,0.0,0.0,70.47489823609226,22.0,35.0
20.0,2.0,3.9,Sổ hồng,Trống / Nhà thô,10.7616929131981,106.678461577554,Mặt tiền,Quận 5,Phường 4,210.5,1,Đường Trần Phú,1.5534441805225654,0.0,0.0,98.44655581947744,5.0,8.7
52.0,5.0,5.5,Sổ hồng,Đầy đủ,10.8147877395181,106.689518938285,Hẻm ô tô,Quận Gò Vấp,Phường 1,1167.4,1,Đường Lê Quang Định,99.69933184855235,0.0,0.0,0.2963851293472674,11.0,11.4
30.0,2.0,4.0,Sổ hồng,Cơ bản,10.7876563051631,106.686017334994,Mặt tiền,Quận 3,Phường Võ Thị Sáu,3286.7,0,Đường Nam Kỳ Khởi Nghĩa,93.46304804210911,0.0,0.0,6.53634344479265,4.0,5.7
41.0,4.0,4.0,Sổ hồng,Đầy đủ,10.7576281995386,106.703871411991,Mặt tiền,Quận 4,Phường 4,27.9,1,Đường Số 43,0.0,0.0,0.0,100.0,7.0,8.3
680.0,1.0,7.0,Sổ hồng,Trống / Nhà thô,10.8594920649472,106.756698383712,Mặt tiền,Thành phố Thủ Đức,Phường Linh Tây,,0,Đường Số 9,,,,,9.0,35.0
123.0,2.0,30.0,Sổ hồng,Trống / Nhà thô,10.7744607387756,106.660010621151,Mặt tiền,Quận 10,Phường 14,132485.0,0,Phố Lý Thường Kiệt,0.9920443823829111,0.0,99.00736687172133,0.0,7.0,56.0
52.0,3.0,12.0,Sổ hồng,Đầy đủ,10.878820178654,106.669149645578,Chưa xác định,Quận 12,Phường Thạnh Xuân,1093.7,0,Đường Thạnh Xuân 52,0.0,0.0,0.0,100.0,7.0,4.98
55.0,5.0,6.0,Sổ hồng,Cao cấp,10.864532843853,106.633956628322,Mặt tiền,Quận 12,Phường Tân Chánh Hiệp,4169.2,0,Đường Dương Thị Mười,50.40391442003263,0.0,0.0,45.83996929866641,10.0,8.3
109.0,2.0,6.1,Sổ hồng,Cơ bản,10.73287105961873,106.7074247479736,Chưa xác định,Quận 7,Phường Tân Phong,707353.2,1,Unknown,34.28193581367837,19.24510131572177,0.0,46.47296145687897,4.0,15.0
25.0,2.0,3.5,Sổ hồng,Đầy đủ,10.8388982005269,106.656369110979,Hẻm xe máy,Quận Gò Vấp,Phường 8,445.0,1,Đường Số 18,54.352808988764046,0.0,0.0,45.64494382022472,4.0,4.27
63.0,4.0,4.0,Sổ hồng,Đầy đủ,10.8460587607642,106.652195050676,Mặt tiền,Quận Gò Vấp,Phường 9,62.9,0,Unknown,0.0,0.0,0.0,100.0,9.0,8.5
47.0,2.0,4.833333333333334,Sổ hồng,Cao cấp,10.7476820462881,106.715498663462,Mặt tiền,Quận 7,Phường Tân Kiểng,19893.5,1,Đường Lâm Văn Bền,12.491567597456458,87.50858320556965,0.0,0.0,6.0,5.49
95.0,5.0,9.6,Sổ hồng,Trống / Nhà thô,10.8015632726319,106.776893109728,Chưa xác định,Quận 2,Phường An Phú,,1,Unknown,,,,,13.0,31.5
61.0,2.0,7.0,Sổ hồng,Trống / Nhà thô,10.7913139837707,106.685402907966,Chưa xác định,Quận 3,Phường Võ Thị Sáu,94.6,0,Đường Lý Chính Thắng,34.852008456659625,0.0,65.17970401691332,0.0,6.0,12.9
190.0,3.0,10.2,Sổ hồng,Trống / Nhà thô,10.7519572625591,106.617061362404,Chưa xác định,Quận Bình Tân,Phường Bình Trị Đông B,,1,Đường Số 19A,,,,,9.0,21.0
106.0,4.0,12.0,Sổ hồng,Cơ bản,10.8320764669433,106.729013689617,Mặt tiền,Thành phố Thủ Đức,Phường Hiệp Bình Chánh,,0,Đường Số 1,,,,,7.0,19.5
65.0,2.0,8.0,Sổ hồng,Đầy đủ,10.7732240262789,106.627446964731,Chưa xác định,Quận Tân Phú,Phường Hiệp Tân,988.8,0,Đường Tô Hiệu,97.7002427184466,0.0,0.0,2.302791262135923,5.0,6.5
73.0,2.0,5.0,Sổ hồng,Trống / Nhà thô,10.849208175742,106.692793423195,Hẻm ô tô,Quận 12,Phường An Phú Đông,1487.2,0,Đường Vườn Lài,42.27003765465304,0.0,0.0,57.73265196342119,6.0,5.4
60.0,2.0,9.5,Sổ hồng,Đầy đủ,10.7983428791005,106.688515286117,Chưa xác định,Quận Phú Nhuận,Phường 7,,1,Đường Phan Xích Long,,,,,6.0,7.55
51.0,4.0,4.0,Sổ hồng,Đầy đủ,10.8500272966782,106.655028350651,Hẻm ô tô,Quận Gò Vấp,Phường 9,470.7,0,Đường Phạm Văn Chiêu,43.01678351391545,0.0,0.0,56.98958997238156,7.0,6.68
140.0,5.0,8.0,Sổ hồng,Trống / Nhà thô,10.8094742855928,106.689836831452,Mặt tiền,Quận Bình Thạnh,Phường 5,162.0,0,Đường Nguyễn Văn Đậu,4.648148148148149,0.0,0.0,95.38271604938272,42.0,28.8
40.0,3.0,4.0,Sổ hồng,Trống / Nhà thô,10.7164836549564,106.628386255297,Chưa xác định,Quận 8,Phường 15,911.6,0,Đường Rạch Cát,13.51250548486178,20.511189118034224,0.0,65.976305397104,7.0,4.6
332.0,4.0,25.6,Sổ hồng,Cao cấp,10.8108872472188,106.666426226917,Chưa xác định,Quận Tân Bình,Phường 2,126.6,1,Đường Cửu Long,12.480252764612954,0.0,0.0,87.55134281200633,12.0,60.0
600.0,3.0,20.0,Sổ hồng,Trống / Nhà thô,10.71493,106.725685,Mặt tiền,Quận 7,Phường Tân Phú,1034216.8,0,Đường Hà Huy Tập,16.500876798752444,17.54197475809714,0.1461792150349907,65.81097212886118,13.0,235.0
50.0,2.0,4.6000000000000005,Sổ hồng,Trống / Nhà thô,10.793466636067,106.691521609256,Mặt tiền,Quận Phú Nhuận,Phường 15,83.6,1,Đường Trần Khắc Chân,0.0,0.0,0.0,99.95215311004786,4.0,9.5
72.0,3.0,4.0,Sổ hồng,Đầy đủ,10.8299767168047,106.638112390894,Hẻm ô tô,Quận Gò Vấp,Phường 12,702.9,0,Đường Huỳnh Văn Nghệ,67.7166026461801,0.0,0.0,32.27912932138285,9.0,7.65
100.0,4.0,25.0,không có,Đầy đủ,21.0289486097874,105.852447225903,Chưa xác định,Quận 2,Phường An Phú,,0,Đường Song Hành,,,,,9.0,23.8
77.0,5.0,12.0,Sổ hồng,Cơ bản,10.8078041894961,106.702948764126,Mặt tiền,Quận Bình Thạnh,Phường 12,1193.6,0,Đường Bùi Đình Túy,85.56216487935657,0.43649463806970507,0.0,14.003853887399465,9.0,15.0
66.0,5.0,6.0,Sổ hồng,Cơ bản,10.7666234757461,106.600458604599,Mặt tiền,Quận Bình Tân,Phường Bình Trị Đông A,1384.4,0,Đường Hương lộ 2,48.6275642877781,0.0,0.0,51.37532505056341,9.0,6.8
100.0,2.0,8.0,Sổ hồng,Trống / Nhà thô,10.8300251152966,106.637973974053,Hẻm ô tô,Quận Tân Bình,Phường 15,702.9,0,Đường Huỳnh Văn Nghệ,67.7166026461801,0.0,0.0,32.27912932138285,4.0,7.01
167.0,9.0,8.0,Sổ hồng,Trống / Nhà thô,10.8350828479258,106.684002691481,Mặt tiền,Quận Gò Vấp,Phường 6,110.2,0,Đường Dương Quảng Hàm,55.64428312159709,0.0,0.0,44.33756805807622,30.0,31.5
53.0,1.0,6.0,Sổ đỏ,Trống / Nhà thô,10.846870929537,106.788883808387,Chưa xác định,Quận 9,Phường Tăng Nhơn Phú A,,0,Đường 379,,,,,3.0,3.2
63.0,4.0,8.0,Sổ hồng,Đầy đủ,10.7749726379177,106.659029430616,Mặt tiền,Quận 10,Phường 15,47081.0,1,Đường Tam Đảo,1.0807756844586986,0.5534716764724623,0.0,0.0,8.0,17.0
99.0,3.0,7.6,Sổ hồng,Trống / Nhà thô,10.7473281128874,106.616604670207,Mặt tiền,Quận Bình Tân,Phường Bình Trị Đông B,,1,Đường Số 1B,,,,,6.0,13.0
148.0,2.0,6.0,Sổ hồng,Cơ bản,10.7931492864752,106.676576465477,Chưa xác định,Quận Phú Nhuận,Phường 11,638.9,0,Đường Hồ Biểu Chánh,12.252308655501643,0.0,0.0,87.74299577398654,8.0,27.5
61.0,3.0,20.0,Sổ hồng,Đầy đủ,10.7057443711835,106.740950921442,Chưa xác định,Quận 7,Phường Phú Mỹ,149.0,1,Đường Chuyên Dùng 9,36.013422818791945,0.0,0.0,63.96644295302013,9.0,7.45
55.0,4.0,6.0,Sổ hồng,Trống / Nhà thô,10.8357929618188,106.661186920875,Chưa xác định,Quận Gò Vấp,Phường 11,1174.2,0,Đường Quang Trung,93.27456991994549,0.0,6.722875149037642,0.0,9.0,6.2
55.0,2.0,5.0,Sổ hồng,Đầy đủ,10.7405960787303,106.735888253896,Mặt tiền,Quận 7,Phường Phú Thuận,263.5,0,Đường Nguyễn Văn Quỳ,63.297912713472485,0.0,0.0,36.686907020872866,5.0,5.5
113.0,8.0,21.2,Sổ đỏ,Trống / Nhà thô,10.8072622233077,106.678464026369,Mặt tiền,Quận Phú Nhuận,Phường 4,1292.2,1,Đường Nguyễn Kiệm,96.00061909921065,0.0,0.0,3.9978331527627295,12.0,19.0
66.0,3.0,6.0,Sổ hồng,Trống / Nhà thô,10.7650580519486,106.695114679103,Mặt tiền,Quận 1,Phường Cầu Ông Lãnh,71.5,1,Đường Cô Bắc,3.1048951048951055,0.0,0.0,96.82517482517483,8.0,23.0
100.0,2.0,15.0,Sổ hồng,Trống / Nhà thô,10.8805598331062,106.650853539387,Chưa xác định,Quận 12,Phường Thới An,2178.0,0,Đường Trần Thị Cờ,13.119834710743802,0.0,0.0,86.87924701561064,9.0,9.5
203.0,3.0,6.0,Sổ hồng,Trống / Nhà thô,10.8036883012224,106.796350907523,Mặt tiền,Quận 9,Phường Phú Hữu,,1,Đường Liên Phường,,,,,9.0,30.0
120.0,3.0,30.0,Sổ hồng,Cơ bản,10.786999770755465,106.80602862403514,Chưa xác định,Quận 9,Phường Phú Hữu,,0,Đường Nguyễn Thị Tư,,,,,8.0,8.9
160.0,3.0,6.1,Sổ hồng,Đầy đủ,10.7727141067085,106.704984656484,Mặt tiền,Quận Bình Thạnh,Phường 12,19895.9,1,Đường Ngô Đức Kế,79.74316316427003,16.39242255942179,3.8641127066380503,0.0,9.0,36.0
164.0,5.0,10.0,Sổ hồng,Trống / Nhà thô,10.7863354227876,106.70167300157,Hẻm xe máy,Quận 1,Phường Đa Kao,121.2,0,Đường Nguyễn Thị Minh Khai,19.950495049504948,80.06600660066006,0.0,0.0,26.0,48.0
38.0,3.0,6.0,Sổ hồng,Đầy đủ,10.7936514305878,106.691526213162,Chưa xác định,Quận 1,Phường Tân Định,58.7,0,Đường Trần Khắc Chân,0.0,0.0,0.0,100.0,11.0,9.0
100.0,4.0,16.599999999999998,Sổ hồng,Trống / Nhà thô,10.845292440726686,106.7183188792019,Chưa xác định,Thành phố Thủ Đức,Phường Hiệp Bình Phước,,1,Unknown,,,,,9.0,21.0
90.0,5.0,13.827272727272728,không có,Trống / Nhà thô,10.7702396253444,106.688491955452,Chưa xác định,Quận 1,Phường Bến Thành,4875.5,1,Đường Tôn Thất Tùng,98.63931904420059,0.0,1.3610911701363964,0.0,10.0,42.0
60.0,1.0,3.0,Sổ hồng,Trống / Nhà thô,10.8836195773002,106.670273388452,Chưa xác định,Quận 12,Phường Thạnh Xuân,3298.6,0,Đường Thạnh Xuân,15.465045776996304,84.53374158734009,0.0,0.0,4.0,3.5
77.0,4.0,8.0,Sổ hồng,Đầy đủ,10.7998298544726,106.644390508476,Mặt tiền,Quận Tân Bình,Phường 13,197.7,1,Đường Bình Giã,5.427415275670208,0.0,0.0,94.5725847243298,9.0,16.5
27.0,2.0,5.0,Sổ hồng,Đầy đủ,10.7479184212593,106.716197600085,Chưa xác định,Quận 7,Phường Tân Kiểng,59.7,0,Đường Lâm Văn Bền,20.83752093802345,0.0,0.0,79.09547738693466,4.0,2.8
35.0,3.0,4.0,Sổ hồng,Cơ bản,10.7907414397842,106.673009655042,Mặt tiền,Quận Phú Nhuận,Phường 13,1167.0,0,Đường Lê Văn Sỹ,86.14567266495287,0.0,0.0,13.853470437017995,7.0,6.3
201.0,2.0,8.0,Sổ hồng,Trống / Nhà thô,10.8406446790791,106.647282442842,Mặt tiền,Quận Gò Vấp,Phường 8,39.9,0,Đường Số 14,0.0,0.0,0.0,99.8997493734336,5.0,16.5
253.0,8.0,20.6,Sổ hồng,Trống / Nhà thô,10.8109791914592,106.713683413555,Mặt tiền,Quận Bình Thạnh,Phường 26,1844.6,1,Đường Xô Viết Nghệ Tĩnh,68.26520654884528,0.0,0.0,31.736961942968666,7.0,50.0
24.0,2.0,4.0,Sổ hồng,Trống / Nhà thô,10.8416915331792,106.67665105001,Chưa xác định,Quận Gò Vấp,Phường 17,455.7,0,Đường Lê Đức Thọ,48.823787579547954,0.0,0.0,51.174017994294495,4.0,3.3
22.0,3.0,3.0,Sổ hồng,Đầy đủ,10.8482722418565,106.642342120847,Chưa xác định,Quận Gò Vấp,Phường 14,40.3,0,Đường Số 59,43.64764267990074,0.0,0.0,56.30272952853599,7.0,4.35
43.0,3.0,7.15,Sổ hồng,Trống / Nhà thô,10.8015009122488,106.698850588451,Chưa xác định,Quận Bình Thạnh,Phường 1,3119.1,1,Đường Ngô Nhân Tịnh,18.17447340579013,0.0,81.82456477830144,0.0,9.0,6.95
79.0,5.0,6.0,Sổ hồng,Đầy đủ,10.7978471962319,106.696238343144,Mặt tiền,Quận Bình Thạnh,Phường 3,1791.3,0,Đường Lê Văn Duyệt,80.36509797353877,7.0032936973148,0.0,12.629933567799922,23.0,18.9
60.0,4.0,10.0,Sổ hồng,Trống / Nhà thô,10.8305438202251,106.705219237934,Chưa xác định,Quận Bình Thạnh,Phường 13,6964.9,0,Đường Bình Lợi,23.7088831138997,0.0,0.0,76.29068615486224,8.0,14.8
329.0,3.0,13.5,không có,Trống / Nhà thô,10.8052665980474,106.740492743873,Chưa xác định,Quận 2,Phường Thảo Điền,,1,Đường Trần Ngọc Diện,,,,,16.0,45.0
68.0,4.0,12.0,Sổ hồng,Cơ bản,10.7411698177079,106.674012355506,Mặt tiền,Quận 8,Phường 4,102.6,0,Đường Số 14,0.0,99.97076023391813,0.0,0.0,9.0,8.85
105.0,2.0,4.0,Sổ hồng,Cơ bản,10.8486519480766,106.784386948822,Mặt tiền,Quận 9,Phường Hiệp Phú,,0,Unknown,,,,,6.0,6.5
140.0,4.0,20.0,Sổ hồng,Trống / Nhà thô,10.8250858427745,106.62543719359,Mặt tiền,Quận 12,Phường Đông Hưng Thuận,4953.0,0,Đường Tân Thới Nhất 17,3.29295376539471,0.0,96.70664243892591,0.0,10.0,15.0
98.0,4.0,6.0,Sổ hồng,Trống / Nhà thô,10.8585002227221,106.623088379414,Mặt tiền,Quận 12,Phường Tân Chánh Hiệp,,0,Đường Tân Chánh Hiệp 36,,,,,10.0,6.7
420.0,3.0,30.0,Sổ hồng,Trống / Nhà thô,10.7809271501472,106.761917443202,Mặt tiền,Quận 2,Phường Cát Lái,,0,Đường Nguyễn Thị Định,,,,,12.0,88.0
128.0,5.0,6.0,Sổ hồng,Trống / Nhà thô,10.7727835676092,106.602064424781,Chưa xác định,Quận Bình Tân,Phường Bình Trị Đông,11439.7,0,Đường Mã Lò,14.735526281283601,29.07016792398402,0.0,56.194480624491895,12.0,8.9
60.0,3.0,4.0,Sổ hồng,Đầy đủ,10.8061700323325,106.711151934782,Chưa xác định,Quận Bình Thạnh,Phường 25,466.7,0,Đường Xô Viết Nghệ Tĩnh,7.375187486608099,0.0,0.0,92.63124062566959,13.0,12.5
52.0,4.0,5.0,Sổ hồng,Cơ bản,10.7827109556591,106.626276852991,Hẻm ô tô,Quận Tân Phú,Phường Phú Thọ Hòa,159.5,0,Đường Nguyễn Sơn,4.601880877742947,0.0,0.0,95.3730407523511,8.0,7.2
43.0,3.0,5.45,Sổ hồng,Trống / Nhà thô,10.8111885535003,106.610757628879,Chưa xác định,Quận Tân Phú,Phường Sơn Kỳ,1134.1,1,Đường Lê Trọng Tấn,97.99047703024425,0.0,1.684154836434177,0.3280134026981748,9.0,5.49
146.0,9.0,10.0,Sổ hồng,Đầy đủ,10.7954237262381,106.658805799215,Chưa xác định,Quận Tân Bình,Phường 4,1906.4,0,Đường Hoàng Việt,99.50639949643306,0.0,0.0,0.4946496013428451,53.0,80.0
59.0,2.0,4.95,Sổ hồng,Cao cấp,10.799932762054,106.690270646428,Chưa xác định,Quận Phú Nhuận,Phường 2,80.2,1,Đường Nguyễn Công Hoan,39.17705735660848,0.0,0.0,60.81047381546135,6.0,7.55
65.0,4.0,7.4,Sổ hồng,Trống / Nhà thô,10.7970796171253,106.680810687819,Mặt tiền,Quận Phú Nhuận,Phường 1,69.6,1,Đường Phan Đình Phùng,7.988505747126437,91.69540229885058,0.0,0.2873563218390805,8.0,23.0
100.0,4.0,10.0,Sổ đỏ,Trống / Nhà thô,10.7761566864135,106.672124233915,Chưa xác định,Quận 10,Phường 12,155.0,0,Đường Hoàng Dư Khương,23.283870967741937,0.0,0.0,76.96774193548387,9.0,16.5
46.0,2.0,5.0,Sổ hồng,Đầy đủ,10.7662597486365,106.644747882258,Hẻm ô tô,Quận 11,Phường 14,133.9,0,Đường Ông Ích Khiêm,0.0,0.0,0.0,99.99253174010454,6.0,7.4
153.0,2.0,9.7,Sổ hồng,Đầy đủ,10.8006625916736,106.689155722235,Mặt tiền,Quận Phú Nhuận,Phường 7,296.3,1,Đường Nhiêu Tứ,76.07154910563618,0.0,0.0,23.90482618967263,9.0,18.5
40.0,3.0,6.0,Sổ hồng,Cơ bản,10.7662863358468,106.659326331417,Mặt tiền,Quận 10,Phường 14,1785.0,0,Đường Nguyễn Ngọc Lộc,86.6201680672269,0.0,0.0,13.36190476190476,11.0,6.8
114.0,5.0,14.6,Sổ hồng,Trống / Nhà thô,10.7845701318181,106.672817620158,Chưa xác định,Quận 3,Phường 11,125.9,1,Đường Trần Văn Đang,37.25178713264496,0.0,62.71644162033358,0.0,40.0,20.0
71.0,4.0,6.0,Sổ hồng,Đầy đủ,10.7821870642945,106.608823216599,Chưa xác định,Quận Bình Tân,Phường Bình Hưng Hòa A,30.2,0,Đường Gò Xoài,85.29801324503312,0.0,0.0,14.668874172185431,8.0,8.9
380.0,9.0,25.5,Sổ hồng,Trống / Nhà thô,10.7872235790104,106.698768080643,Mặt tiền,Quận 1,Phường Đa Kao,8711.8,1,Đường Nguyễn Đình Chiểu,0.0,0.0,100.0,0.0,16.0,165.0
46.0,3.0,6.0,Sổ hồng,Trống / Nhà thô,10.8525251638234,106.764606456626,Mặt tiền,Thành phố Thủ Đức,Phường Tam Bình,,0,Đường Tỉnh lộ 43,,,,,7.0,4.05
68.0,3.0,5.0,Sổ hồng,Cơ bản,10.8645603777438,106.730035233843,Chưa xác định,Thành phố Thủ Đức,Phường Hiệp Bình Phước,,0,Đường Số 12,,,,,9.0,6.7
74.0,4.0,12.0,Sổ hồng,Trống / Nhà thô,10.8737495484984,106.640505575604,Mặt tiền,Quận 12,Phường Hiệp Thành,975.1,0,Đường Trần Thị Do,6.263972925853759,0.0,0.0,93.73602707414624,10.0,4.8
60.0,3.0,5.666666666666666,không có,Trống / Nhà thô,10.790871440042,106.637672736781,Chưa xác định,Quận Tân Phú,Phường Tân Thành,245.5,1,Đường Lũy Bán Bích,0.42769857433808556,16.623217922606926,3.209775967413442,79.75967413441956,8.0,8.5
170.0,3.0,17.0,không có,Trống / Nhà thô,10.8118849489016,106.667008838227,Chưa xác định,Quận Tân Bình,Phường 2,1187.0,1,Đường Lam Sơn,92.66470092670599,0.0,0.0,7.337826453243471,7.0,16.9
72.0,6.0,6.7,Sổ hồng,Trống / Nhà thô,10.7694820474362,106.690485306064,Hẻm ô tô,Quận 1,Phường Bến Thành,611.7,1,Đường Nguyễn Trãi,1.9061631518718325,0.0,98.09874121301291,0.0,9.0,23.0
42.0,5.0,30.0,Sổ hồng,Trống / Nhà thô,10.7639133869527,106.686545909123,Mặt tiền,Quận 1,Phường Nguyễn Cư Trinh,141.9,0,Đường Nguyễn Cư Trinh,0.0,0.0,0.0,100.0,6.0,29.0
23.0,3.0,2.0,Sổ hồng,Cơ bản,10.8778780086341,106.637635573354,Chưa xác định,Quận 12,Phường Hiệp Thành,1955.2,0,Đường Hiệp Thành 6,92.37520458265138,0.0,7.622749590834696,0.0,5.0,3.15
102.0,4.0,12.0,Sổ hồng,Trống / Nhà thô,10.777139,106.78751,Chưa xác định,Quận 2,Phường Bình Trưng Đông,,0,Đường Võ Chí Công,,,,,8.0,24.0
1.412,4.0,20.1,không có,Trống / Nhà thô,10.7780523990374,106.635016085845,Chưa xác định,Quận Tân Phú,Phường Hòa Thạnh,1658.6,1,Đường Lũy Bán Bích,53.82250090437719,0.0,0.0,46.17810201374654,6.0,125.0
51.0,3.0,6.0,Sổ đỏ,Trống / Nhà thô,10.794583957651,106.657608314522,Chưa xác định,Quận Tân Bình,Phường 4,44.2,1,Đường Nguyễn Đình Khơi,20.15837104072398,0.0,0.0,79.84162895927601,7.0,8.8
31.0,2.0,2.0,Sổ hồng,Đầy đủ,10.797800088357,106.704975506407,Chưa xác định,Quận Bình Thạnh,Phường 17,3425.9,0,Đường Điện Biên Phủ,64.69774365860066,33.41837181470563,0.0,1.883300738492075,4.0,6.35
69.0,4.0,12.666666666666668,Sổ đỏ,Trống / Nhà thô,10.8043494618624,106.626019523786,Chưa xác định,Quận Tân Phú,Phường Sơn Kỳ,36.2,1,Phố Đỗ Nhuận,0.0,0.0,0.0,99.9171270718232,10.0,9.8
52.0,3.0,10.0,Sổ hồng,Đầy đủ,10.7888581097033,106.799962166633,Chưa xác định,Quận 9,Phường Phú Hữu,,0,Đường 827,,,,,8.0,6.7
109.0,4.0,9.8,Sổ hồng,Trống / Nhà thô,10.7574771108561,106.657182010096,Mặt tiền,Quận 5,Phường 12,944.8,1,Đường Phó Cơ Điều,47.267146486028786,0.0,0.0,52.732853513971214,14.0,24.5
100.0,4.0,12.0,Sổ hồng,Đầy đủ,10.8306003883118,106.705538930793,Chưa xác định,Quận Bình Thạnh,Phường 13,4489.4,0,Đường Bình Lợi,77.58319597273578,0.0,0.0,22.416358533434313,11.0,14.8
68.0,5.0,6.0,Sổ hồng,Đầy đủ,10.7928683698487,106.711554719671,Mặt tiền,Quận Bình Thạnh,Phường 19,11269.1,0,Đường Ngô Tất Tố,2.478902485557853,32.43142753192358,65.08984745898076,0.0,18.0,22.0
368.0,5.0,40.0,Sổ hồng,Trống / Nhà thô,10.7780978233254,106.635033343631,Chưa xác định,Quận Tân Phú,Phường Hòa Thạnh,1658.6,0,Đường Lũy Bán Bích,53.82250090437719,0.0,0.0,46.17810201374654,14.0,78.0
95.0,2.0,7.0,Sổ hồng,Trống / Nhà thô,10.6511753942585,106.729885337584,Mặt tiền,Huyện Nhà Bè,Xã Long Thới,,0,Đường Nguyễn Văn Tạo,,,,,5.0,5.8
182.0,4.0,12.0,Sổ hồng,Trống / Nhà thô,10.7669840177996,106.700105922243,Mặt tiền,Quận 1,Phường Nguyễn Thái Bình,329.4,1,Đường Calmette,15.227686703096538,0.0,84.78445658773526,0.0,7.0,95.0
60.0,4.0,10.0,Sổ hồng,Đầy đủ,10.6849214175639,106.75023778956,Chưa xác định,Huyện Nhà Bè,Thị trấn Nhà Bè,,0,Đường Đào Tông Nguyên,,,,,9.0,7.49
62.0,4.0,4.0,Sổ hồng,Đầy đủ,10.771486897,106.691139961995,Hẻm ô tô,Quận 1,Phường Bến Thành,311.9,0,Đường Lê Thị Riêng,9.243347226675217,0.0,90.74703430586727,0.0,9.0,23.0
160.0,1.0,20.0,Sổ hồng,Đầy đủ,10.8289812780777,106.642580499946,Mặt tiền,Quận Tân Bình,Phường 15,127.1,0,Đường Tân Sơn,5.916601101494886,0.0,0.0,94.0991345397325,2.0,29.0
90.0,4.0,15.0,không có,Trống / Nhà thô,10.879043,106.55251,Chưa xác định,Huyện Hóc Môn,Xã Xuân Thới Sơn,34049.8,0,Unknown,0.0,10.637712996845796,89.36234574065045,0.0,10.0,9.0
186.0,4.0,16.0,Sổ hồng,Trống / Nhà thô,10.804316031921,106.745921914228,Chưa xác định,Thành phố Thủ Đức,Phường Thảo Điền,,0,Đường Số 10,,,,,7.0,80.0
65.0,3.0,7.0,Sổ đỏ,Trống / Nhà thô,10.7878918733711,106.631046863086,Hẻm ô tô,Quận Tân Phú,Phường Tân Thành,97.5,1,Đường Vườn Lài,7.230769230769231,0.0,0.0,92.72820512820512,8.0,8.8
38.0,2.0,2.0,Sổ hồng,Đầy đủ,10.8004672598747,106.692440178276,Hẻm ô tô,Quận Phú Nhuận,Phường 7,281.4,1,Đường Nguyễn Lâm,33.56076759061834,0.0,0.0,39.01918976545842,5.0,6.25
153.0,5.0,14.3,Sổ hồng,Trống / Nhà thô,10.703248,106.71261,Chưa xác định,Huyện Nhà Bè,Xã Phước Kiển,5607.0,1,Đường Nguyễn Hữu Thọ,23.15195291599786,4.985732120563582,0.0,15.96861066523988,13.0,37.0
90.0,3.0,8.0,Sổ hồng,Cơ bản,10.804357873049,106.815780270291,Chưa xác định,Thành phố Thủ Đức,Phường Long Trường,,0,Đường Nguyễn Duy Trinh,,,,,8.0,4.5
72.0,2.0,8.0,Sổ hồng,Trống / Nhà thô,10.7970145818285,106.808103339778,Hẻm ô tô,Quận 9,Phường Phú Hữu,,1,Đường Nguyễn Duy Trinh,,,,,4.0,6.8
39.0,3.0,3.0,Sổ hồng,Đầy đủ,10.7786818251584,106.672607463922,Mặt tiền,Quận 10,Phường 13,106.0,0,Đường Hòa Hưng,3.9622641509433967,0.0,0.0,96.21698113207546,6.0,6.6
108.0,3.0,15.0,Sổ hồng,Đầy đủ,10.7381907615665,106.722770792398,Chưa xác định,Quận 7,Phường Bình Thuận,285.4,0,Đường Nguyễn Thị Thập,22.505255781359498,0.0,0.0,77.49124036440087,10.0,16.79
56.0,5.0,8.75,Sổ đỏ,Trống / Nhà thô,10.7192695609119,106.605629245514,Chưa xác định,Quận Bình Tân,Phường An Lạc,836.4,1,Đường Lê Tấn Bê,83.6477761836442,8.532998565279772,7.818029650884744,0.0,8.0,7.0
52.0,4.0,32.0,không có,Trống / Nhà thô,10.83541294047,106.68387802597,Mặt tiền,Quận Gò Vấp,Phường 6,1267.9,0,Đường Dương Quảng Hàm,70.74296080132503,9.755501222493887,19.500749270447194,0.0,7.0,13.0
54.0,2.0,5.0,Sổ hồng,Đầy đủ,21.02894860978742,105.85244722590336,Mặt tiền,Quận Tân Phú,Phường Tân Sơn Nhì,,0,Đường Gò Dầu,,,,,6.0,5.0
160.0,1.0,8.0,Sổ hồng,Cơ bản,10.7938703022534,106.728825202808,Chưa xác định,Quận 2,Phường Bình An,,1,Đường Số 26,,,,,4.0,15.0
69.0,2.0,6.0,Sổ hồng,Đầy đủ,10.8012185661724,106.698990979839,Chưa xác định,Quận Bình Thạnh,Phường 1,3119.1,0,Đường Diên Hồng,18.17447340579013,0.0,81.82456477830144,0.0,8.0,9.0
74.0,2.0,5.0,Sổ hồng,Đầy đủ,10.8109506401192,106.701878964842,Mặt tiền,Quận Bình Thạnh,Phường 12,759.8,0,Đường Chu Văn An,27.9599894709134,0.0,0.0,62.297973150829165,8.0,9.7
108.0,3.0,20.0,Sổ hồng,Trống / Nhà thô,10.8064777394287,106.790337911741,Chưa xác định,Quận 9,Phường Phú Hữu,,0,Đường Số 1,,,,,8.0,18.0
65.0,4.0,5.0,Sổ hồng,Trống / Nhà thô,10.7958477702876,106.640476554649,Mặt tiền,Quận Tân Bình,Phường 14,73.4,0,Đường Ba Vân,3.7602179836512253,0.0,0.0,96.18528610354223,8.0,11.5
20.0,3.0,3.6,Sổ hồng,Trống / Nhà thô,10.7935202024395,106.691563332565,Mặt tiền,Quận Phú Nhuận,Phường 9,394.6,1,Đường Trần Khắc Chân,3.596046629498226,0.0,0.0,96.39635073492143,5.0,4.2
25.0,4.0,4.0,Sổ hồng,Cơ bản,10.8205580896455,106.685162099022,Chưa xác định,Quận Gò Vấp,Phường 3,128.7,0,Đường Số 2,0.0,0.0,0.0,100.0,7.0,4.7
69.0,3.0,4.9,Sổ hồng,Đầy đủ,10.841083095567154,106.6443214779069,Mặt tiền,Quận Gò Vấp,Phường 12,71.2,1,Đường Quang Trung,0.0,0.0,0.0,99.95786516853933,11.0,7.2
100.0,4.0,25.0,không có,Đầy đủ,21.0289486097874,105.852447225903,Chưa xác định,Quận 2,Phường An Phú,,0,Đường Song Hành,,,,,9.0,23.5
64.0,5.0,4.0,Sổ hồng,Đầy đủ,10.8103411775911,106.713541094383,Chưa xác định,Quận Bình Thạnh,Phường 26,65.5,0,Đường Xô Viết Nghệ Tĩnh,0.0,0.0,0.0,100.0,9.0,8.4
50.0,3.0,5.0,không có,Trống / Nhà thô,10.879043,106.55251,Chưa xác định,Huyện Hóc Môn,Xã Xuân Thới Sơn,34049.8,1,Unknown,0.0,10.637712996845796,89.36234574065045,0.0,8.0,5.0
80.0,7.0,10.4,Sổ hồng,Đầy đủ,10.7612383716737,106.660598061092,Mặt tiền,Quận 10,Phường 7,1788.3,1,Phố Lý Thường Kiệt,2.5286585024883967,97.47190068780405,0.0,0.0,24.0,32.0
360.0,6.0,18.6,Sổ hồng,Trống / Nhà thô,10.8286733001631,106.683718938262,Mặt tiền,Quận Gò Vấp,Phường 7,2485.5,1,Đường Phan Văn Trị,13.576342788171395,0.0,86.42405954536311,0.0,8.0,52.0
46.0,2.0,4.200000000000001,Sổ hồng,Đầy đủ,10.8426434260084,106.642474408574,Chưa xác định,Quận Gò Vấp,Phường 14,4018.4,1,Đường Quang Trung,82.11253235118456,0.0,0.0,17.887965359347003,4.0,4.2
41.0,2.0,3.0,Sổ hồng,Trống / Nhà thô,10.7991252537805,106.68749594823,Chưa xác định,Quận Phú Nhuận,Phường 2,,0,Đường Phan Xích Long,,,,,8.0,7.3
285.0,7.0,19.0,Sổ hồng,Đầy đủ,10.821853319223,106.654606388777,Chưa xác định,Quận Tân Bình,Phường 15,,1,Đường Tân Trụ,,,,,20.0,15.9
47.0,4.0,5.4,Sổ hồng,Trống / Nhà thô,10.7854629749077,106.766582356714,Mặt tiền,Quận 2,Phường Bình Trưng Tây,,1,Unknown,,,,,7.0,6.6
90.0,3.0,6.7,Sổ hồng,Đầy đủ,10.8083396615452,106.684204967681,Mặt tiền,Quận Bình Thạnh,Phường 6,366.3,1,Đường Nguyễn Thượng Hiền,59.96723996723996,0.0,0.0,40.03276003276003,23.0,16.9
80.0,4.0,5.0,Sổ hồng,Đầy đủ,10.6846924092939,106.749962080305,Chưa xác định,Huyện Nhà Bè,Xã Phú Xuân,,1,Đường Đào Tông Nguyên,,,,,7.0,11.8
57.0,5.0,8.0,Sổ hồng,Trống / Nhà thô,10.7635899272574,106.678441504783,Mặt tiền,Quận 5,Phường 4,2567.0,1,Đường Hùng Vương,75.07206856252435,0.0,0.0,24.92442539929879,9.0,19.0
56.0,2.0,3.0,Sổ hồng,Trống / Nhà thô,10.7768708012356,106.639000686189,Mặt tiền,Quận Tân Phú,Phường Phú Trung,1628.8,0,Đường Kênh Tân Hóa,94.46832023575638,0.0,0.0,5.451252455795679,5.0,6.0
27.0,4.0,12.0,Sổ hồng,Đầy đủ,10.7555747153547,106.703320095503,Mặt tiền,Quận 4,Phường 4,21.3,1,Đường Số 6,0.0,0.0,0.0,99.90610328638499,7.0,4.45
62.0,2.0,6.0,Sổ hồng,Cơ bản,10.7670746260092,106.697443288485,Chưa xác định,Quận 1,Phường Nguyễn Thái Bình,1529.8,0,Đường Yersin,94.00444502549352,0.0,5.993593933847562,0.0,4.0,17.5
24.0,2.0,5.25,Sổ hồng,Trống / Nhà thô,10.7925524462398,106.606775032718,Mặt tiền,Quận Bình Tân,Phường Bình Hưng Hòa,2038.6,1,Đường Tân Kỳ Tân Quý,79.9558520553321,0.0,20.044147944667912,0.0,4.0,2.98
148.0,4.0,20.0,Sổ hồng,Đầy đủ,10.8056139441538,106.789840826945,Chưa xác định,Quận 9,Phường Phú Hữu,,0,Đường 5,,,,,10.0,23.0
153.0,1.0,30.0,Sổ hồng,Trống / Nhà thô,10.8792394805313,106.609523021599,Mặt tiền,Huyện Hóc Môn,Xã Thới Tam Thôn,3036.4,0,Đường Tô Ký,96.92234224739823,0.0,0.0,3.0763404031089445,4.0,10.8
64.0,4.0,6.0,Sổ hồng,Đầy đủ,10.7489551983675,106.710033406598,Hẻm ô tô,Quận 7,Phường Tân Kiểng,23439.5,0,Đường Lâm Văn Bền,13.199513641502591,33.15002453124,0.0,53.65037650120523,10.0,17.9
63.0,4.0,4.0,Sổ hồng,Trống / Nhà thô,10.8418203764007,106.650642194712,Mặt tiền,Quận Gò Vấp,Phường 8,9636.3,0,Unknown,15.746915309818085,84.25329223872234,0.0,0.0,9.0,8.5
78.0,2.0,8.0,không có,Đầy đủ,10.7867267204551,106.766104766769,Mặt tiền,Quận 2,Phường Bình Trưng Tây,,1,Đường Số 31,,,,,10.0,9.2
58.0,4.0,3.0,Sổ hồng,Đầy đủ,10.7313192454088,106.745015382473,Hẻm xe máy,Quận 7,Phường Phú Thuận,24991.8,0,Đường Huỳnh Tấn Phát,8.863067086004211,0.0,91.13689290087149,0.0,9.0,7.7
260.0,1.0,12.0,Sổ hồng,Trống / Nhà thô,10.8519761322237,106.615010490452,Mặt tiền,Quận 12,Phường Trung Mỹ Tây,,0,Đường Trương Thị Ngào,,,,,2.0,13.99
56.0,2.0,3.0,Sổ hồng,Trống / Nhà thô,10.7555662046954,106.708897336394,Chưa xác định,Quận 4,Phường 15,111.0,0,Đường Xóm Chiếu,0.0,0.0,100.0,0.0,4.0,6.25
144.0,7.0,15.9,không có,Trống / Nhà thô,10.7694438886114,106.690455631328,Mặt tiền,Quận 1,Phường Bến Thành,2975.7,1,Đường Nguyễn Trãi,98.55697819000572,0.13375004200692273,1.3092717679873644,0.0,16.0,100.0
9.0,2.0,6.6,Sổ hồng,Đầy đủ,10.8055460991027,106.682015506672,Chưa xác định,Quận Phú Nhuận,Phường 5,947.1,1,Đường Thích Quảng Đức,79.44884383908774,0.0,0.0,20.554323725055433,2.0,2.3
157.0,1.0,12.0,Sổ hồng,Trống / Nhà thô,10.8924947365976,106.612653783457,Hẻm ô tô,Huyện Hóc Môn,Xã Thới Tam Thôn,598.9,1,Đường Thới Tứ 1,47.85439973284355,0.0,52.14393053932209,0.0,3.0,3.65
83.0,3.0,12.0,Sổ hồng,Đầy đủ,10.7669393946438,106.786325880752,Chưa xác định,Quận 2,Phường Cát Lái,,0,Đường 35,,,,,9.0,9.5
152.0,4.0,9.8,Sổ hồng,Đầy đủ,10.782027870402,106.662678501939,Mặt tiền,Quận 10,Phường 15,629.0,1,Đường Thất Sơn,3.737678855325914,0.0,0.0,96.21462639109699,2.0,36.8
114.0,1.0,5.0,Sổ hồng,Đầy đủ,10.6786154716551,106.753360867697,Chưa xác định,Huyện Nhà Bè,Xã Phú Xuân,73.4,0,Đường Huỳnh Tấn Phát,34.782016348773844,0.0,0.0,0.0,6.0,6.9
160.0,6.0,16.2,Sổ hồng,Đầy đủ,10.7983349373708,106.739002006146,Mặt tiền,Quận 2,Phường An Phú,,1,Đường Thái Thuận,,,,,12.0,47.0
40.0,3.0,4.0,Sổ hồng,Đầy đủ,10.803230517581,106.704878616548,Mặt tiền,Quận Bình Thạnh,Phường 24,1518.9,0,Đường Bạch Đằng,98.4574363025874,0.0,1.5458555533609848,0.0,6.0,5.65
126.0,2.0,9.0,Sổ hồng,Trống / Nhà thô,10.8042541569054,106.642796025785,Mặt tiền,Quận Tân Bình,Phường 13,155.4,1,Đường Thân Nhân Trung,6.486486486486487,0.0,0.0,93.51994851994853,9.0,23.5
50.0,3.0,3.0,Sổ hồng,Cơ bản,10.7447742879497,106.67580959132,Mặt tiền,Quận 8,Phường 4,143.4,0,Đường Phạm Thế Hiển,55.48117154811716,0.0,0.0,44.51882845188285,7.0,6.78
144.0,5.0,13.0,Sổ hồng,Đầy đủ,10.7918485327403,106.643774062083,Mặt tiền,Quận Tân Bình,Phường 14,2218.0,1,Đường Bàu Cát,92.79440937781784,4.876014427412083,0.0,2.3318304779080252,16.0,36.0
97.0,4.0,20.0,Sổ hồng,Trống / Nhà thô,10.7663358205495,106.659282939377,Chưa xác định,Quận 10,Phường 14,5616.6,0,Phố Lý Thường Kiệt,99.46960794786882,0.5296798775059645,0.0,0.0,11.0,33.8
113.0,2.0,15.0,Sổ hồng,Trống / Nhà thô,10.8080210724872,106.678413282517,Mặt tiền,Quận Phú Nhuận,Phường 4,953.6,0,Đường Nguyễn Kiệm,80.15834731543625,0.0,0.0,19.84689597315436,9.0,16.0
111.0,4.0,12.3,không có,Trống / Nhà thô,10.8378554126807,106.755096367071,Mặt tiền,Thành phố Thủ Đức,Phường Trường Thọ,,1,Đường Số 8,,,,,15.0,13.5
28.0,3.0,3.0,Sổ hồng,Cơ bản,10.7934831729902,106.687554214226,Chưa xác định,Quận 1,Phường Tân Định,65.0,1,Đường Nguyễn Văn Nguyễn,0.0,0.0,0.0,100.0,7.0,8.0
17.0,1.0,5.0,Sổ hồng,Trống / Nhà thô,10.7645904575846,106.6951263156,Mặt tiền,Quận 1,Phường Cầu Ông Lãnh,622.6,0,Đường Đề Thám,95.74204946996467,0.0,0.0,4.256344362351429,4.0,3.98
161.0,5.0,10.0,Sổ hồng,Trống / Nhà thô,10.8300695567568,106.788318716145,Mặt tiền,Thành phố Thủ Đức,Phường Tăng Nhơn Phú B,,0,Đường Số 4,,,,,13.0,12.0
60.0,2.0,5.0,Sổ đỏ,Cơ bản,10.8191627723363,106.702720517583,Chưa xác định,Quận Bình Thạnh,Phường 13,199.2,0,Đường Nơ Trang Long,0.0,0.0,0.0,99.97991967871486,5.0,7.0
72.0,2.0,6.0,Sổ hồng,Trống / Nhà thô,10.8437816092586,106.649140034914,Hẻm ô tô,Quận Gò Vấp,Phường 9,158.5,0,Đường Nguyễn Văn Khối,9.072555205047319,0.0,0.0,90.9589905362776,6.0,8.1
80.0,5.0,8.0,Sổ đỏ,Trống / Nhà thô,10.7317210645905,106.745051898904,Mặt tiền,Quận 7,Phường Phú Thuận,9782.4,0,Unknown,12.071270853778215,31.6465284592738,56.282200686947995,0.0,9.0,15.8
380.0,7.0,14.2,Sổ hồng,Trống / Nhà thô,10.8638208086704,106.779521443964,Chưa xác định,Thành phố Thủ Đức,Phường Linh Trung,,1,Đường Linh Trung,,,,,17.0,22.8
123.0,2.0,5.0,Sổ hồng,Trống / Nhà thô,10.7961242853376,106.6086351797,Hẻm ô tô,Quận Bình Tân,Phường Bình Hưng Hòa,1805.0,0,Đường Số 8,89.3202216066482,0.0,0.0,10.677562326869804,6.0,7.4
61.0,4.0,9.183333333333334,Sổ hồng,Đầy đủ,10.7478479472848,106.71563049959,Hẻm ô tô,Quận 7,Phường Tân Kiểng,19893.5,1,Đường Lâm Văn Bền,12.491567597456458,87.50858320556965,0.0,0.0,15.0,7.5
60.0,4.0,4.0,Sổ hồng,Đầy đủ,10.8063898888943,106.711846244688,Hẻm ô tô,Quận Bình Thạnh,Phường 25,228.7,0,Đường Xô Viết Nghệ Tĩnh,29.85133362483603,0.0,0.0,70.16178399650197,12.0,12.5
93.0,4.0,11.6,Sổ hồng,Cơ bản,10.7693323454737,106.678611846658,Mặt tiền,Quận 3,Phường 3,31.3,1,Phố Nguyễn Thiện Thuật,0.0,0.0,0.0,99.87220447284345,7.0,41.5
48.0,4.0,16.0,Sổ hồng,Trống / Nhà thô,10.7693397413442,106.697419907847,Chưa xác định,Quận 1,Phường Nguyễn Thái Bình,50.0,0,Đường Đặng Thị Nhu,0.14,0.0,99.88,0.0,8.0,40.0
49.0,2.0,2.0,Sổ hồng,Đầy đủ,10.7454169069843,106.690036557187,Mặt tiền,Quận 8,Phường 1,676.5,1,Đường Số 4,84.2350332594235,0.0,0.0,15.769401330376942,5.0,7.79
60.0,4.0,7.545454545454545,Sổ hồng,Trống / Nhà thô,10.8289965550146,106.68953327439,Mặt tiền,Quận Gò Vấp,Phường 5,2798.6,1,Đường Dương Quảng Hàm,35.168298434931756,0.0,0.0,64.83170156506826,8.0,7.2
31.0,3.0,8.0,Sổ hồng,Đầy đủ,10.7453532219343,106.689991751021,Hẻm ô tô,Quận 8,Phường 1,51.8,0,Đường Dương Bá Trạc,68.86100386100387,0.0,0.0,31.138996138996138,6.0,6.58
1.08,3.0,30.0,Sổ hồng,Đầy đủ,10.8757126979143,106.654771890836,Mặt tiền,Quận 12,Phường Thới An,2550.4,0,Đường Lê Thị Riêng,9.29775721455458,0.0,0.0,90.70263488080302,8.0,77.89
46.0,4.0,12.0,Sổ hồng,Đầy đủ,10.7984680843923,106.655486251653,Mặt tiền,Quận Tân Bình,Phường 4,51227.4,0,Đường Nguyễn Thái Bình,0.6260712040821904,99.37398735832777,0.0,0.0,10.0,13.9
60.0,1.0,6.0,Sổ hồng,Trống / Nhà thô,10.8088632794591,106.690248370275,Mặt tiền,Quận Bình Thạnh,Phường 7,30.4,0,Đường Lê Trực,92.20394736842105,0.0,0.0,7.730263157894737,8.0,7.0
398.0,1.0,8.3,Sổ hồng,Đầy đủ,10.7995564060878,106.589327531089,Mặt tiền,Quận Bình Tân,Phường Bình Hưng Hòa B,1055.9,1,Đường Số 1,36.20134482432048,63.79865517567951,0.0,0.0,8.0,20.5
41.0,4.0,3.0,Sổ hồng,Đầy đủ,10.8385769606873,106.651907361081,Chưa xác định,Quận Gò Vấp,Phường 8,116.5,0,Đường Quang Trung,0.0,0.0,0.0,100.0,12.0,6.5
184.0,1.0,30.0,Sổ hồng,Trống / Nhà thô,10.8005983951294,106.62216733734,Chưa xác định,Quận Tân Phú,Phường Sơn Kỳ,1277.4,0,Đường Tân Kỳ Tân Quý,74.92406450602786,0.0,0.0,25.079849694692342,2.0,20.3
44.0,5.0,5.0,Sổ hồng,Đầy đủ,10.7937355108651,106.662884481358,Mặt tiền,Quận Tân Bình,Phường 3,1351.4,0,Đường Phạm Văn Hai,92.24581915051057,5.845789551576143,0.0,1.906911351191357,9.0,11.3
41.0,5.0,4.0,Sổ hồng,Trống / Nhà thô,10.7541655853033,106.671149050323,Mặt tiền,Quận 5,Phường 7,97.0,0,Đường Trần Phú,25.752577319587626,0.0,0.0,74.20618556701032,7.0,8.3
52.0,2.0,4.0,Sổ hồng,Cơ bản,10.7648238585238,106.616205171925,Hẻm xe máy,Quận Bình Tân,Phường Bình Trị Đông,764.5,0,Đường Tỉnh Lộ 10,47.42838456507521,0.0,0.0,52.57684761281883,6.0,5.35
43.0,4.0,3.0,Sổ hồng,Trống / Nhà thô,10.8059057610897,106.697000455033,Chưa xác định,Quận Bình Thạnh,Phường 14,397.7,0,Đường Lê Quang Định,21.11139049534825,0.0,0.0,78.88609504651748,12.0,7.95
60.0,2.0,5.0,Sổ hồng,Cơ bản,10.8715716142138,106.677927793884,Mặt tiền,Quận 12,Phường Thạnh Lộc,1525.9,0,Đường Thạnh Lộc 22,0.0,8.395700897830789,0.0,91.60692050593092,5.0,4.65
151.0,3.0,4.0,Sổ hồng,Đầy đủ,10.8433965451461,106.733423892373,Mặt tiền,Thành phố Thủ Đức,Phường Hiệp Bình Chánh,,0,Đường Số 53,,,,,7.0,12.5
52.0,1.0,4.0,Sổ hồng,Cơ bản,10.8204586685801,106.703922754898,Mặt tiền,Quận Bình Thạnh,Phường 13,664.0,1,Phố Nguyễn Xí,88.32228915662651,3.052710843373494,0.0,8.618975903614459,3.0,7.9
118.0,4.0,6.0,Sổ hồng,Cơ bản,10.8123878451955,106.668783032353,Chưa xác định,Quận Tân Bình,Phường 2,631.2,0,Đường Yên Thế,0.0,0.0,0.0,99.99366286438529,13.0,25.9
345.0,3.0,12.0,Sổ hồng,Đầy đủ,10.8153680289192,106.591312598973,Chưa xác định,Quận Bình Tân,Phường Bình Hưng Hòa B,,0,Đường Nguyễn Thị Tú,,,,,9.0,70.0
84.0,4.0,12.0,Sổ hồng,Trống / Nhà thô,10.7553814112762,106.611017195262,Chưa xác định,Quận Bình Tân,Phường Bình Trị Đông B,,0,Đường Số 25A,,,,,11.0,10.8
47.0,2.0,3.0,Sổ hồng,Cơ bản,10.7976781168681,106.710795158997,Chưa xác định,Quận Bình Thạnh,Phường 21,3299.9,0,Đường Xô Viết Nghệ Tĩnh,99.48059032091882,0.30637292039152697,0.0,0.21394587714779234,4.0,4.9
245.0,1.0,10.7,Sổ hồng,Trống / Nhà thô,10.8138926370969,106.690024798238,Mặt tiền,Quận Bình Thạnh,Phường 11,945.2,1,Đường Lê Quang Định,8.600296233601354,91.39547185780786,0.0,0.0,34.0,42.0
38.0,4.0,4.0,Sổ hồng,Trống / Nhà thô,10.7834951221883,106.647407775349,Chưa xác định,Quận Tân Bình,Phường 10,14332.1,0,Đường Ni Sư Huỳnh Liên,25.615227356772557,17.19371201708054,0.0,57.19106062614691,8.0,5.9
76.0,4.0,24.0,Sổ hồng,Trống / Nhà thô,10.8059921264648,106.790031433105,Chưa xác định,Quận 9,Phường Phú Hữu,,0,Đường Liên Phường,,,,,8.0,14.5
136.0,4.0,8.0,không có,Trống / Nhà thô,10.7523320502662,106.627839367804,Chưa xác định,Quận 6,Phường 13,2856.5,0,Đường Cư Xá Ra Đa,99.1251531594609,0.0,0.0,0.8748468405391212,18.0,21.0
92.0,5.0,5.0,Sổ hồng,Trống / Nhà thô,10.7616007360089,106.690136269538,Mặt tiền,Quận 1,Phường Cầu Ông Lãnh,331.4,0,Đường Trần Đình Xu,1.7079058539529273,94.18225709112855,0.0,4.103802051901026,28.0,21.0
85.0,5.0,6.0,Sổ hồng,Cơ bản,10.8095879083852,106.693040056936,Mặt tiền,Quận Bình Thạnh,Phường 7,69.1,0,Đường Lê Quang Định,24.12445730824892,0.0,0.0,75.91895803183792,14.0,14.99
200.0,2.0,30.0,Sổ hồng,Đầy đủ,10.8441505749706,106.778696308084,Mặt tiền,Quận 9,Phường Hiệp Phú,,0,Đường Hồ Thị Tư,,,,,4.0,31.5
52.0,2.0,5.0,Sổ hồng,Đầy đủ,10.7730119669319,106.627387002692,Hẻm ô tô,Quận Tân Phú,Phường Hiệp Tân,1384.6,0,Đường Tô Hiệu,97.06341181568685,0.0,0.0,2.934421493572151,5.0,6.18
55.0,4.0,6.0,Sổ hồng,Trống / Nhà thô,10.7646996157519,106.618881953938,Hẻm ô tô,Quận Bình Tân,Phường Bình Trị Đông,52.9,0,Đường Tân Hòa Đông,19.319470699432895,0.0,0.0,80.62381852551985,6.0,5.9
87.0,3.0,30.0,Sổ hồng,Trống / Nhà thô,10.7762948237934,106.701013269109,Chưa xác định,Quận 1,Phường Bến Nghé,10444.7,0,Đường Lê Thánh Tôn,72.0473541604833,25.84200599347037,2.1103526190316617,0.0,7.0,85.0
186.0,4.0,17.0,Sổ đỏ,Trống / Nhà thô,10.8937983957002,106.583293224149,Mặt tiền,Huyện Hóc Môn,Xã Tân Thới Nhì,3137.7,1,Đường Tân Thới Nhì 2,19.61118016381426,80.38818242661824,0.0,0.0,8.0,9.5
105.0,5.0,12.8,Sổ hồng,Đầy đủ,10.7919203098568,106.69121957697,Chưa xác định,Quận 1,Phường Tân Định,1075.4,1,Đường Trần Quang Khải,77.80546773293658,0.0,0.0,22.194532267063416,4.0,82.5
150.0,3.0,11.8,không có,Trống / Nhà thô,10.8081240266609,106.688342082018,Mặt tiền,Quận Tân Bình,Phường 12,626.5,1,Đường Hoàng Hoa Thám,80.72466081404629,0.0,0.0,19.280127693535515,12.0,23.0
78.0,2.0,10.0,Sổ hồng,Cơ bản,10.8216859532291,106.631422447417,Mặt tiền,Quận Tân Bình,Phường 15,809.0,0,Đường Tống Văn Hên,23.61557478368356,0.0,0.0,76.37824474660074,4.0,9.7
90.0,4.0,6.0,Sổ hồng,Đầy đủ,10.6930113711449,106.740769148516,Chưa xác định,Huyện Nhà Bè,Thị trấn Nhà Bè,3078.9,0,Đường Huỳnh Tấn Phát,90.07047971678196,0.0,0.0,9.929195491896458,14.0,8.5
60.0,3.0,6.0,Sổ hồng,Đầy đủ,10.8546994983017,106.75299423439,Chưa xác định,Thành phố Thủ Đức,Phường Trường Thạnh,,0,Đường Lò Lu,,,,,8.0,6.7
108.0,3.0,7.0,Sổ hồng,Đầy đủ,10.9017646479785,106.642651435195,Chưa xác định,Huyện Hóc Môn,Xã Đông Thạnh,,0,Đường Huỳnh Thị Na,,,,,6.0,7.0
47.0,2.0,6.0,Sổ hồng,Trống / Nhà thô,10.8707067850047,106.68862897179,Chưa xác định,Quận 12,Phường Thạnh Lộc,1485.9,1,Đường Thạnh Lộc 29,23.938353859613702,0.0,0.0,76.06030015478834,5.0,4.25
32.0,3.0,4.0,Sổ hồng,Trống / Nhà thô,10.7906800712525,106.672925710572,Chưa xác định,Quận Phú Nhuận,Phường 13,72.6,0,Đường Lê Văn Sỹ,43.52617079889808,0.0,0.0,56.528925619834716,7.0,6.3
23.0,2.0,3.0,Sổ hồng,Trống / Nhà thô,10.7238825444529,106.633842427051,Chưa xác định,Quận 8,Phường 15,21757.4,0,Đường Lưu Hữu Phước,5.16844843593444,42.3336887679594,52.49795471885428,0.0,4.0,2.35
74.0,4.0,12.0,Sổ hồng,Đầy đủ,10.7931591059076,106.640182429557,Mặt tiền,Quận Tân Bình,Phường 14,2132.8,1,Đường Bàu Cát 1,81.01134658664665,2.0602025506376593,0.0,16.930326331582894,10.0,14.0
38.0,2.0,10.0,Sổ hồng,Đầy đủ,10.7864463442056,106.62789254164,Mặt tiền,Quận Tân Phú,Phường Phú Thọ Hòa,75.6,0,Unknown,22.857142857142858,0.0,0.0,77.10317460317461,4.0,6.8
46.0,4.0,5.0,Sổ hồng,Đầy đủ,10.8426225601186,106.642683406051,Chưa xác định,Quận Gò Vấp,Phường 14,4018.4,0,Đường Quang Trung,82.11253235118456,0.0,0.0,17.887965359347003,9.0,5.99
85.0,5.0,6.0,Sổ hồng,Đầy đủ,10.7836606303915,106.647457102227,Chưa xác định,Quận Tân Bình,Phường 10,79.7,0,Đường Ni Sư Huỳnh Liên,15.533249686323714,0.0,0.0,84.45420326223338,12.0,10.5
53.0,2.0,3.0,Sổ hồng,Đầy đủ,10.76478102539,106.615972958118,Mặt tiền,Quận Bình Tân,Phường Bình Trị Đông,1912.0,0,Đường Trương Phước Phan,68.26464435146443,0.0,1.4843096234309623,30.252092050209207,6.0,5.1
45.0,5.0,13.0,Sổ hồng,Đầy đủ,10.799603030388,106.686591126374,Chưa xác định,Quận Phú Nhuận,Phường 7,3201.4,1,Đường Phùng Văn Cung,9.34372462047854,0.17929655775598174,0.0,0.0,9.0,11.5
104.0,4.0,6.0,Sổ hồng,Trống / Nhà thô,10.7900101190743,106.693869559756,Chưa xác định,Quận 1,Phường Tân Định,7080.8,0,Đường Võ Thị Sáu,5.801039430572817,0.0,93.8679245283019,0.3316009490453056,11.0,23.5
106.0,3.0,6.0,Sổ hồng,Trống / Nhà thô,10.7955949530669,106.64090905136,Hẻm ô tô,Quận Tân Bình,Phường 14,667.4,0,Đường Trương Công Định,90.86305064429128,0.0,0.0,9.13694935570872,6.0,12.8
77.0,1.0,2.0,Sổ hồng,Cơ bản,10.7195521576749,106.738389059901,Mặt tiền,Quận 7,Phường Phú Thuận,1211.7,0,Đường Huỳnh Tấn Phát,0.0,0.0,0.0,100.0,6.0,5.4
90.0,3.0,20.0,Sổ hồng,Cơ bản,10.7450049369152,106.61953397575,Mặt tiền,Quận Bình Tân,Phường An Lạc A,102.0,0,Đường Nguyễn Thức Tự,0.13725490196078433,0.0,0.0,99.91176470588235,8.0,11.5
51.0,4.0,8.0,Sổ hồng,Đầy đủ,10.7262334727437,106.733858754155,Chưa xác định,Quận 7,Phường Phú Thuận,1320.1,0,Đường Huỳnh Tấn Phát,81.95666994924629,0.0,0.0,18.04181501401409,9.0,7.89
128.0,4.0,16.9,Sổ hồng,Trống / Nhà thô,10.7893558596981,106.778951627364,Mặt tiền,Thành phố Thủ Đức,Phường Bình Trưng Đông,,1,Đường Nguyễn Duy Trinh,,,,,8.0,32.0
42.0,2.0,4.0,Sổ hồng,Cơ bản,10.7939209598023,106.669089016891,Chưa xác định,Quận Phú Nhuận,Phường 10,32.3,0,Đường Đặng Văn Ngữ,62.724458204334375,0.0,0.0,37.27554179566563,4.0,6.6
77.0,1.0,5.0,Sổ hồng,Cơ bản,10.7935143178421,106.642697697284,Hẻm ô tô,Quận Tân Bình,Phường 14,1324.0,0,Đường Nguyễn Hồng Đào,99.37764350453172,0.0,0.0,0.6200906344410877,2.0,11.9
80.0,4.0,7.65,Sổ hồng,Đầy đủ,10.8080852976844,106.702882920777,Mặt tiền,Quận Bình Thạnh,Phường 12,320.3,1,Đường Bùi Đình Túy,0.0,0.0,0.0,99.98751170777396,26.0,12.95
200.0,7.0,17.733333333333334,Sổ hồng,Trống / Nhà thô,10.8153336594215,106.673087994832,Mặt tiền,Quận Tân Bình,Phường 2,1132.9,1,Đường Bạch Đằng,99.31503221820105,0.0,0.0,0.6840850913584605,14.0,33.0
360.0,4.0,25.6,Sổ hồng,Cơ bản,10.8088556935714,106.733079587869,Mặt tiền,Quận 2,Phường Thảo Điền,,1,Đường Nguyễn Văn Hưởng,,,,,12.0,69.0
160.0,5.0,40.0,Sổ hồng,Đầy đủ,10.8016685176263,106.649655194413,Mặt tiền,Quận Tân Bình,Phường 12,1498.2,0,Đường Cộng Hòa,99.83446802830062,0.0,0.1675343745828327,0.0,12.0,52.0
114.0,4.0,20.0,không có,Trống / Nhà thô,10.806187,106.76898,Mặt tiền,Quận 2,Phường An Phú,,0,Unknown,,,,,9.0,48.0
56.0,2.0,3.0,Sổ hồng,Cơ bản,10.7144671220177,106.736827289391,Chưa xác định,Quận 7,Phường Phú Mỹ,134.7,0,Đường Huỳnh Tấn Phát,16.206384558277655,0.0,0.0,83.82331106161841,5.0,3.2
100.0,4.0,12.0,Sổ hồng,Đầy đủ,10.8305125293338,106.705690002389,Chưa xác định,Quận Bình Thạnh,Phường 13,36014.6,0,Đường Bình Lợi,12.228623946954848,87.7714871191128,0.0,0.0,9.0,13.5
47.0,3.0,6.0,Sổ hồng,Đầy đủ,10.7671331052975,106.613259847131,Chưa xác định,Quận Bình Tân,Phường Bình Trị Đông,913.8,0,Đường Trương Phước Phan,27.27073757933902,0.0,0.0,72.72597942657038,7.0,5.1
132.0,5.0,9.9,Sổ hồng,Trống / Nhà thô,10.7788494584226,106.654940876372,Mặt tiền,Quận Tân Bình,Phường 9,213.9,1,Đường Tân Trang,0.0,0.0,100.0,0.0,30.0,24.0
99.0,4.0,14.0,Sổ hồng,Đầy đủ,10.8302470707975,106.702545639252,Chưa xác định,Quận Bình Thạnh,Phường 13,1905.3,0,Đường Đặng Thùy Trâm,84.7178921954548,0.40990920065081615,0.0,14.871148900435626,10.0,15.7
239.0,2.0,8.0,Sổ hồng,Trống / Nhà thô,10.7937684561413,106.69116615309,Chưa xác định,Quận 1,Phường Tân Định,54.5,0,Đường Trần Khắc Chân,0.7889908256880733,0.0,0.0,99.1743119266055,16.0,60.0
67.0,3.0,5.1,Sổ hồng,Trống / Nhà thô,10.8413682166017,106.725083288553,Chưa xác định,Thành phố Thủ Đức,Phường Hiệp Bình Chánh,,1,Unknown,,,,,7.0,8.8
83.0,3.0,6.0,Sổ hồng,Đầy đủ,10.80350133446111,106.60970371216536,Hẻm ô tô,Quận Bình Tân,Phường Bình Hưng Hòa,326.7,0,Đường Hương Lộ 3,98.3287419651056,0.0,0.0,1.6743189470462199,8.0,6.7
73.0,3.0,4.0,Sổ hồng,Cao cấp,10.7963023771725,106.706873276266,Hẻm ô tô,Quận Bình Thạnh,Phường 17,944.4,0,Đường Điện Biên Phủ,0.44472681067344344,0.0,0.0,99.55209656925031,18.0,8.8
66.0,2.0,3.0,Sổ hồng,Trống / Nhà thô,10.7661282858062,106.642158458443,Hẻm ô tô,Quận 11,Phường 3,1364.1,0,Đường Lạc Long Quân,95.90939080712559,4.0920753610439125,0.0,0.0,4.0,5.8
154.0,4.0,14.0,Sổ hồng,Đầy đủ,10.84488,106.7182,Mặt tiền,Thành phố Thủ Đức,Phường Hiệp Bình Phước,,0,Đường Số 36,,,,,11.0,33.0
93.0,1.0,4.0,Sổ hồng,Trống / Nhà thô,10.7927828407964,106.615391457867,Hẻm ô tô,Quận Tân Phú,Phường Tân Quý,20922.4,0,Đường Bình Long,8.368590601460635,91.59312507169349,0.0,0.0,4.0,6.5
29.0,2.0,3.0,Sổ hồng,Cơ bản,10.860455027355,106.642922822172,Mặt tiền,Quận 12,Phường Tân Thới Hiệp,79.6,0,Đường Nguyễn Thị Căn,45.16331658291458,54.773869346733676,0.0,0.0,6.0,3.25
126.0,2.0,14.0,Sổ hồng,Cơ bản,10.843111066935,106.733355376374,Chưa xác định,Thành phố Thủ Đức,Phường Hiệp Bình Chánh,,0,Đường Số 53,,,,,12.0,8.5
70.0,3.0,6.0,Sổ hồng,Trống / Nhà thô,10.7956970090418,106.621864095831,Chưa xác định,Quận Tân Phú,Phường Phú Thọ Hòa,213.2,0,Đường Gò Dầu,1.7448405253283303,98.25046904315198,0.0,0.0,6.0,6.8
57.0,4.0,5.0,Sổ hồng,Trống / Nhà thô,10.8479503297667,106.642380255633,Mặt tiền,Quận Gò Vấp,Phường 14,2863.2,0,Unknown,20.070550433081866,0.0,0.0,79.93049734562729,9.0,5.2
41.0,2.0,3.0,Sổ hồng,Trống / Nhà thô,10.7489253323345,106.639365727825,Chưa xác định,Quận 6,Phường 12,1931.1,0,Đường Hậu Giang,0.0,98.90891201905649,0.0,1.0900523017969035,4.0,4.3
60.0,5.0,6.0,Sổ hồng,Trống / Nhà thô,10.7874514603286,106.686144452204,Hẻm ô tô,Quận 3,Phường Võ Thị Sáu,238.2,0,Đường Nam Kỳ Khởi Nghĩa,29.26532325776658,0.0,0.0,70.73887489504618,8.0,12.9
53.0,2.0,4.5,Sổ hồng,Cơ bản,10.8095895545865,106.689890993844,Chưa xác định,Quận Bình Thạnh,Phường 5,59.1,1,Đường Nguyễn Văn Đậu,23.011844331641285,0.0,0.0,76.93739424703891,4.0,4.7
80.0,2.0,6.0,không có,Trống / Nhà thô,10.8337612807843,106.682850881945,Chưa xác định,Quận Gò Vấp,Phường 7,6381.3,1,Phố Phạm Huy Thông,91.08896306395248,3.394762822622349,0.0,5.517057652829361,9.0,14.5
104.0,3.0,11.2,Sổ hồng,Trống / Nhà thô,10.80599,106.79,Chưa xác định,Quận 9,Phường Phú Hữu,,1,Đường Liên Phường,,,,,8.0,16.5
80.0,4.0,8.0,Sổ hồng,Đầy đủ,10.8801259725602,106.65126196325,Hẻm ô tô,Quận 12,Phường Thới An,3174.2,0,Đường Trần Thị Cờ,36.7957280574633,0.0,0.0,63.20301178249639,10.0,8.2
67.0,4.0,5.0,Sổ hồng,Đầy đủ,10.8389874765896,106.6491916668,Mặt tiền,Quận Gò Vấp,Phường 8,7525.3,0,Đường Quang Trung,10.278128446706445,0.0,88.78861972280174,0.9336504856949226,9.0,7.7
343.0,5.0,10.0,Sổ hồng,Đầy đủ,10.8207651487368,106.635677747207,Mặt tiền,Quận Tân Bình,Phường 15,410.1,0,Đường Nguyễn Sỹ Sách,6.764203852718849,0.0,0.0,93.23579614728115,10.0,46.0
69.0,2.0,4.55,Sổ đỏ,Trống / Nhà thô,10.7833816403638,106.647463888263,Chưa xác định,Quận Tân Bình,Phường 10,14332.1,1,Đường Ni Sư Huỳnh Liên,25.615227356772557,17.19371201708054,0.0,57.19106062614691,2.0,8.2
60.0,4.0,5.0,Sổ hồng,Cơ bản,10.813602470234,106.689720079512,Mặt tiền,Quận Bình Thạnh,Phường 11,56.3,0,Đường Lê Quang Định,32.02486678507993,0.0,0.0,67.93960923623446,8.0,9.99
68.0,2.0,4.0,Sổ hồng,Trống / Nhà thô,10.838902585753,106.648879142395,Mặt tiền,Quận Gò Vấp,Phường 8,2080.4,0,Đường Quang Trung,97.5336473755047,0.0,0.0,2.464910594116516,6.0,6.89
67.0,4.0,4.0,Sổ hồng,Đầy đủ,10.7898396476404,106.689812501366,Mặt tiền,Quận 1,Phường Tân Định,3273.4,0,Phố Hai Bà Trưng,30.517199242377956,69.48432822142115,0.0,0.0,9.0,19.8
67.0,5.0,6.0,Sổ hồng,Trống / Nhà thô,10.7900357390549,106.690157073025,Hẻm ô tô,Quận 1,Phường Tân Định,3273.4,0,Phố Hai Bà Trưng,30.517199242377956,69.48432822142115,0.0,0.0,8.0,19.2
670.0,1.0,30.0,Sổ hồng,Đầy đủ,10.7441672603196,106.630592504246,Mặt tiền,Quận 6,Phường 11,12056.0,0,Đường Bình Phú,62.648639681486394,16.02455209024552,0.0,21.327140013271396,2.0,115.0
51.0,4.0,7.0,Sổ hồng,Trống / Nhà thô,10.7786399643171,106.76270225765,Chưa xác định,Quận 2,Phường Thạnh Mỹ Lợi,,1,Unknown,,,,,11.0,8.4
55.0,2.0,5.0,Sổ hồng,Trống / Nhà thô,10.8589828678967,106.760269032683,Hẻm ô tô,Thành phố Thủ Đức,Phường Linh Trung,,0,Đường 16,,,,,5.0,6.3
177.0,4.0,10.0,Sổ hồng,Trống / Nhà thô,10.7987686809644,106.649296803409,Mặt tiền,Quận Tân Bình,Phường 12,80.3,0,Đường A4,3.9850560398505612,0.0,0.0,96.01494396014944,7.0,75.0
159.0,5.0,14.7,Sổ hồng,Trống / Nhà thô,10.7827637577224,106.647510116144,Hẻm ô tô,Quận Tân Bình,Phường 10,71.7,1,Đường Âu Cơ,12.97071129707113,0.0,0.0,86.97350069735008,45.0,20.9
48.0,2.0,5.533333333333333,Sổ hồng,Trống / Nhà thô,10.7743810512167,106.69774530365,Mặt tiền,Quận 1,Phường Bến Thành,2539.8,1,Đường Lý Tự Trọng,97.7895897314749,0.0,2.210016536735176,0.0,8.0,15.5
33.0,3.0,5.0,Sổ hồng,Trống / Nhà thô,10.7495131777784,106.635334143074,Hẻm ô tô,Quận 6,Phường 12,1789.6,0,Đường Nguyễn Văn Luông,73.15489494859187,0.0,0.0,26.84342869915065,4.0,4.6
75.0,4.0,12.0,Sổ hồng,Đầy đủ,10.8504347522968,106.695149619901,Mặt tiền,Quận 12,Phường An Phú Đông,13438.3,0,Đường Thạnh Lộc 37,8.11769345824993,0.0,0.0,91.88193447087801,12.0,9.95
45.0,2.0,8.0,Sổ hồng,Trống / Nhà thô,10.7970120667957,106.618195735452,Hẻm ô tô,Quận Tân Phú,Phường Tân Quý,98.0,0,Đường Đỗ Công Tường,0.0,0.0,0.0,99.95918367346938,8.0,5.69
40.0,2.0,3.0,Sổ hồng,Đầy đủ,10.86406668512,106.625561610153,Chưa xác định,Quận 12,Phường Tân Chánh Hiệp,786.9,0,Unknown,0.0,100.0,0.0,0.0,4.0,3.6
640.0,1.0,10.0,Sổ hồng,Đầy đủ,10.8541770763763,106.76254128264,Mặt tiền,Thành phố Thủ Đức,Phường Linh Chiểu,,0,Unknown,,,,,8.0,45.0
224.0,3.0,8.7,Sổ hồng,Trống / Nhà thô,10.7849799,106.694879,Mặt tiền,Quận 3,Phường Võ Thị Sáu,3220.8,1,Phố Hai Bà Trưng,0.3483606557377049,99.05365126676602,0.5970566318926974,0.0,7.0,175.0
35.0,2.0,3.0,không có,Trống / Nhà thô,10.7911395198016,106.651451894347,Chưa xác định,Quận Tân Bình,Phường 11,156.8,0,Đường Tái Thiết,45.47831632653061,0.0,54.55357142857142,0.0,2.0,2.3
68.0,2.0,8.0,Sổ hồng,Trống / Nhà thô,10.780408399669,106.616389195437,Chưa xác định,Quận Bình Tân,Phường Bình Hưng Hòa A,1388.7,0,Đường Số 1,3.9540577518542515,0.0,0.0,96.04666234607906,4.0,6.6
40.0,2.0,4.0,Sổ hồng,Cao cấp,10.747463276598,106.717782851743,Mặt tiền,Quận 7,Phường Tân Thuận Tây,608.3,0,Đường 17,62.063126746671045,0.0,0.0,37.94509288180174,5.0,5.3
54.0,4.0,6.0,Sổ hồng,Đầy đủ,10.7430455692677,106.72586041216,Mặt tiền,Quận 7,Phường Phú Thuận,175.5,0,Đường Số 10,16.552706552706553,0.0,0.0,83.42450142450141,10.0,9.9
97.0,4.0,6.0,Sổ hồng,Trống / Nhà thô,10.7880721211651,106.62963048909,Hẻm ô tô,Quận Tân Phú,Phường Phú Thọ Hòa,73.2,0,Đường Vườn Lài,10.027322404371585,0.0,0.0,89.98633879781421,8.0,9.7
52.0,4.0,5.0,Sổ hồng,Đầy đủ,10.8078380778158,106.703494052527,Chưa xác định,Quận Bình Thạnh,Phường 24,1266.2,0,Đường Bùi Đình Túy,4.797820249565629,94.34449534038856,0.0,0.8576844100458062,8.0,8.0
52.0,2.0,6.0,Sổ hồng,Đầy đủ,10.7580839821814,106.612371680278,Chưa xác định,Quận Bình Tân,Phường Bình Trị Đông B,738.2,0,Đường Tỉnh Lộ 10,19.59089677594148,0.0,0.0,80.40639393118396,7.0,4.5
62.0,2.0,9.0,Sổ hồng,Đầy đủ,10.788205012816585,106.66221061077178,Hẻm ô tô,Quận Tân Bình,Phường 5,720.0,1,Đường Cách Mạng Tháng Tám,97.725,0.0,0.0,2.2777777777777777,5.0,8.3
23.0,3.0,3.0,Sổ hồng,Cơ bản,10.7923468924968,106.681475453954,Hẻm ô tô,Quận Phú Nhuận,Phường 17,74.9,0,Đường Nguyễn Văn Trỗi,7.757009345794391,0.0,0.0,92.25634178905206,4.0,4.65
40.0,5.0,3.9,Sổ hồng,Đầy đủ,10.7641212002913,106.693466763159,Mặt tiền,Quận 1,Phường Cô Giang,813.0,1,Đường Cô Bắc,69.14514145141452,4.736777367773678,0.0,26.11808118081181,12.0,16.5
41.0,5.0,6.0,Sổ hồng,Đầy đủ,10.8052890157868,106.682294966385,Hẻm ô tô,Quận Phú Nhuận,Phường 5,72.9,0,Đường Thích Quảng Đức,39.94513031550068,0.0,0.0,60.06858710562414,9.0,9.9
75.0,2.0,15.0,Sổ hồng,Đầy đủ,10.7368572387219,106.718390343233,Mặt tiền,Quận 7,Phường Tân Phú,,0,Đường 1,,,,,12.0,9.9
90.0,6.0,4.0,Sổ hồng,Đầy đủ,10.7979252888989,106.710911780189,Mặt tiền,Quận Bình Thạnh,Phường 21,1159.6,0,Đường Xô Viết Nghệ Tĩnh,98.16057261124527,0.0,0.0,1.8385650224215246,30.0,15.5
120.0,3.0,30.0,Sổ hồng,Trống / Nhà thô,10.7444179045901,106.732906500433,Chưa xác định,Quận 7,Phường Tân Thuận Đông,2088.7,1,Đường Trần Trọng Cung,37.69761095418203,0.0,0.0,62.301431512424,8.0,17.0
36.0,4.0,4.0,Sổ hồng,Trống / Nhà thô,10.8085877419283,106.690112546928,Mặt tiền,Quận Bình Thạnh,Phường 7,74.2,0,Đường Lê Trực,14.932614555256063,0.0,0.0,85.02695417789758,8.0,7.3
73.0,4.0,16.0,Sổ hồng,Đầy đủ,10.7940244123647,106.668599762787,Chưa xác định,Quận Tân Bình,Phường 1,1951.4,0,Đường Lê Văn Sỹ,94.3363738854156,0.0,0.0,5.61853028594855,10.0,11.2
81.0,3.0,8.0,Sổ hồng,Trống / Nhà thô,10.7314859510382,106.632472406458,Mặt tiền,Quận 8,Phường 16,1515.1,1,Đường Lý Đạo Thành,88.48128836380437,2.5153455217477396,0.19734670978813282,8.803379314896707,9.0,6.0
200.0,3.0,7.6,Sổ hồng,Trống / Nhà thô,10.836193146819996,106.84216655722793,Chưa xác định,Quận 9,Phường Long Bình,,1,Đường D2A,,,,,8.0,27.0
71.0,2.0,8.0,Sổ hồng,Trống / Nhà thô,10.8069885714219,106.695058027475,Chưa xác định,Quận Bình Thạnh,Phường 7,1088.6,0,Đường Nơ Trang Long,88.45857064119052,0.0,0.0,11.542347969869558,6.0,8.95
71.0,2.0,8.0,Sổ hồng,Trống / Nhà thô,10.8069885714219,106.695058027475,Chưa xác định,Quận Bình Thạnh,Phường 7,1088.6,1,Đường Nơ Trang Long,88.45857064119052,0.0,0.0,11.542347969869558,6.0,8.95
350.0,5.0,10.0,Sổ hồng,Trống / Nhà thô,10.8106757861373,106.713794879353,Chưa xác định,Quận Bình Thạnh,Phường 26,207.6,0,Đường Xô Viết Nghệ Tĩnh,0.0,0.0,0.0,99.98554913294798,57.0,39.7
75.0,3.0,14.0,Sổ hồng,Đầy đủ,10.699151309913066,106.64209973249396,Chưa xác định,Huyện Bình Chánh,Xã Phong Phú,,0,Đường Trịnh Quang Nghị,,,,,6.0,7.55
64.0,2.0,12.4,Sổ hồng,Trống / Nhà thô,10.7893611434761,106.675138512536,Mặt tiền,Quận 3,Phường 12,1217.9,1,Đường Lê Văn Sỹ,82.83602923064291,0.0,0.0,17.163970769357086,7.0,7.3
57.0,3.0,7.333333333333333,Sổ hồng,Trống / Nhà thô,10.7892306839434,106.778395533121,Hẻm ô tô,Quận 2,Phường Bình Trưng Đông,,1,Đường Nguyễn Duy Trinh,,,,,6.0,8.2
80.0,3.0,10.125,Sổ hồng,Trống / Nhà thô,10.7866942229836,106.643375588394,Mặt tiền,Quận Tân Bình,Phường 10,3668.6,1,Đường Đồng Đen,90.43068200403424,0.0,9.568772828872051,0.0,9.0,22.0
59.0,3.0,8.0,Sổ hồng,Cơ bản,10.8709928924325,106.6287632477,Mặt tiền,Quận 12,Phường Tân Chánh Hiệp,,0,Đường Lâm Thị Hố,,,,,9.0,6.7
35.0,3.0,8.3,Sổ hồng,Trống / Nhà thô,10.8043390583062,106.699952567504,Mặt tiền,Quận Bình Thạnh,Phường 14,32.0,1,Đường Huỳnh Đình Hai,51.9375,0.0,0.0,48.03125,5.0,6.4
68.0,3.0,6.0,Sổ hồng,Đầy đủ,10.8329838238151,106.672482180812,Hẻm ô tô,Quận Gò Vấp,Phường 10,54.9,0,Đường Phan Văn Trị,0.0,0.0,0.0,99.8360655737705,8.0,9.9
70.0,4.0,10.0,không có,Trống / Nhà thô,10.879444984821472,106.55228057312924,Chưa xác định,Huyện Hóc Môn,Xã Xuân Thới Sơn,34049.8,1,Unknown,0.0,10.637712996845796,89.36234574065045,0.0,9.0,6.5
112.0,2.0,7.0,Sổ hồng,Trống / Nhà thô,10.8267051339729,106.63557659426,Chưa xác định,Quận Tân Bình,Phường 11,866.8,0,Đường Trần Thị Trọng,58.10106137517306,41.89547761882787,0.0,0.0,3.0,8.3
58.0,4.0,6.0,Sổ hồng,Đầy đủ,10.7985449147451,106.606239918614,Hẻm ô tô,Quận Bình Tân,Phường Bình Hưng Hòa,112.7,0,Đường Kênh 19/5,31.748003549245784,0.0,0.0,68.23425022182786,7.0,5.0
56.0,2.0,3.0,Sổ hồng,Cơ bản,10.7144246547859,106.736886062321,Mặt tiền,Quận 7,Phường Phú Mỹ,575.5,0,Đường Huỳnh Tấn Phát,34.68983492615117,0.0,0.0,65.31190269331016,5.0,3.2
40.0,4.0,4.0,Sổ hồng,Cơ bản,10.8184191220424,106.678183060144,Hẻm ô tô,Quận Gò Vấp,Phường 3,175.0,1,Đường Nguyễn Thái Sơn,0.0,0.0,0.0,100.0,6.0,6.1
204.0,3.0,10.9,Sổ hồng,Trống / Nhà thô,10.8475198601432,106.746884163733,Mặt tiền,Thành phố Thủ Đức,Phường Linh Đông,,1,Đường Số 30,,,,,14.0,33.0
95.0,3.0,8.65,Sổ hồng,Trống / Nhà thô,10.799951607495084,106.79210902500694,Mặt tiền,Quận 9,Phường Phú Hữu,,1,Đường Võ Chí Công,,,,,9.0,16.5
49.0,4.0,8.0,Sổ hồng,Trống / Nhà thô,10.77628561695,106.643655173441,Mặt tiền,Quận Tân Phú,Phường Phú Trung,187.2,0,Đường Hoàng Xuân Nhị,7.686965811965813,0.0,0.0,92.32371794871797,12.0,7.6
9.0,2.0,6.6,Sổ hồng,Đầy đủ,10.8055460991027,106.682015506672,Chưa xác định,Quận Phú Nhuận,Phường 5,947.1,1,Đường Thích Quảng Đức,79.44884383908774,0.0,0.0,20.554323725055433,2.0,2.3
51.0,3.0,8.0,Sổ hồng,Cơ bản,10.8776468926616,106.677816471144,Chưa xác định,Quận 12,Phường Thạnh Xuân,4427.1,0,Đường Thạnh Xuân 24,83.54159607869711,16.4570486322875,0.0,0.0,9.0,5.8
160.0,4.0,15.5,Sổ hồng,Trống / Nhà thô,21.02894860978742,105.85244722590336,Mặt tiền,Huyện Nhà Bè,Xã Phước Kiển,,1,Đường Nguyễn Hữu Thọ,,,,,12.0,32.5
43.0,3.0,2.0,Sổ hồng,Đầy đủ,10.7562746152956,106.700894026799,Mặt tiền,Quận 4,Phường 3,4891.9,1,Đường Khánh Hội,94.4988654714937,0.0,0.0,5.5013389480569925,6.0,6.9
100.0,4.0,10.0,Sổ hồng,Trống / Nhà thô,10.8328743389849,106.732240726725,Chưa xác định,Thành phố Thủ Đức,Phường Hiệp Bình Chánh,,0,Đường 27,,,,,8.0,11.7
24.0,4.0,9.9,Sổ đỏ,Trống / Nhà thô,10.7667912028474,106.664532103888,Mặt tiền,Quận 10,Phường 8,4009.0,1,Đường 3/2,41.92192566724869,0.0,0.0,58.07358443502121,4.0,12.8
80.0,1.0,20.0,Sổ hồng,Cơ bản,10.6511416043479,106.73005141987,Mặt tiền,Huyện Nhà Bè,Xã Long Thới,3900.8,0,Đường Nguyễn Văn Tạo,,,,,2.0,5.6
65.0,6.0,14.2,Sổ hồng,Đầy đủ,10.7891318722611,106.674892056138,Chưa xác định,Quận 3,Phường 12,251.5,1,Đường Lê Văn Sỹ,11.40755467196819,0.0,0.0,88.60039761431412,12.0,9.5
59.0,4.0,5.888636363636364,Sổ hồng,Đầy đủ,10.7996585372467,106.641003537834,Chưa xác định,Quận Tân Bình,Phường 14,410.7,1,Đường Trường Chinh,14.187971755539325,0.0,67.01485269052837,18.794740686632576,8.0,9.5
100.0,2.0,7.0,Sổ hồng,Cơ bản,10.8196924609834,106.704134871261,Hẻm ô tô,Quận Bình Thạnh,Phường 13,1688.7,0,Phố Nguyễn Xí,80.76686208325931,12.387635459228992,0.0,6.847278971990288,4.0,13.9
174.0,2.0,12.0,Sổ hồng,Cơ bản,10.8083806729131,106.688225054395,Mặt tiền,Quận Tân Bình,Phường 13,1199.9,0,Đường Hoàng Hoa Thám,95.86632219351611,0.0,0.0,4.134511209267439,14.0,24.8
170.0,4.0,15.7,Sổ hồng,Đầy đủ,10.80115,106.7381,Mặt tiền,Quận 2,Phường Thảo Điền,,1,Đường Xa Lộ Hà Nội,,,,,16.0,35.0
67.0,3.0,5.0,Sổ hồng,Trống / Nhà thô,10.7859258933705,106.634187743141,Hẻm ô tô,Quận Tân Phú,Phường Phú Thọ Hòa,125.8,0,Phố Lê Văn Phan,4.276629570747218,0.0,0.0,95.75516693163752,7.0,7.3
28.0,5.0,4.0,Sổ hồng,Đầy đủ,10.7979394054345,106.676294928697,Chưa xác định,Quận Phú Nhuận,Phường 8,46.9,1,Đường Nguyễn Trọng Tuyển,0.0,0.0,0.0,100.0,9.0,6.7
126.0,4.0,8.8,Sổ hồng,Trống / Nhà thô,10.83486001270886,106.84296698680993,Chưa xác định,Quận 9,Phường Long Thạnh Mỹ,,1,Đường Nguyễn Xiển,,,,,9.0,23.5
176.0,4.0,6.0,Sổ hồng,Đầy đủ,10.7938530655201,106.678718915031,Mặt tiền,Quận Phú Nhuận,Phường 15,1660.1,0,Đường Nguyễn Văn Trỗi,79.13258237455577,0.0,0.0,20.86741762544425,11.0,44.0
266.0,6.0,15.3,Sổ hồng,Trống / Nhà thô,10.7611785925252,106.690034316696,Chưa xác định,Quận 1,Phường Nguyễn Cư Trinh,34.3,1,Đường Trần Đình Xu,0.0,0.0,0.0,100.0,8.0,62.0
200.0,2.0,10.2,không có,Trống / Nhà thô,10.8299686940983,106.702632385343,Mặt tiền,Quận Bình Thạnh,Phường 13,3768.9,1,Đường Đặng Thùy Trâm,99.69487118257317,0.0,0.0,0.3051288174268354,14.0,36.0
188.0,3.0,10.4,Sổ hồng,Trống / Nhà thô,10.8079293291623,106.68836427816,Mặt tiền,Quận Tân Bình,Phường 12,112.6,1,Đường Hoàng Hoa Thám,0.0,0.0,0.0,100.0,9.0,45.9
43.0,4.0,3.0,Sổ hồng,Đầy đủ,10.8404837536056,106.64310328362,Chưa xác định,Quận Gò Vấp,Phường 12,367.6,0,Đường Đỗ Thúc Tịnh,17.22796517954298,0.0,0.0,82.77475516866157,8.0,5.75
69.0,2.0,6.0,Sổ hồng,Đầy đủ,10.8012185661724,106.698990979839,Chưa xác định,Quận Bình Thạnh,Phường 1,3119.1,0,Đường Diên Hồng,18.17447340579013,0.0,81.82456477830144,0.0,8.0,9.0
50.0,2.0,10.7,không có,Trống / Nhà thô,10.88292215091,106.770521553288,Mặt tiền,Thành phố Thủ Đức,Phường Linh Xuân,,1,Đường Quốc lộ 1K,,,,,8.0,3.65
300.0,4.0,17.1,Sổ hồng,Trống / Nhà thô,10.8562677756113,106.751848841575,Chưa xác định,Thành phố Thủ Đức,Phường Linh Tây,,1,Đường Phạm Văn Đồng,,,,,18.0,16.5
44.0,2.0,3.0,Sổ hồng,Đầy đủ,10.8159954199367,106.695343960754,Mặt tiền,Quận Bình Thạnh,Phường 11,106.9,0,Đường Phan Văn Trị,35.762394761459305,0.0,0.0,64.26566884939196,5.0,6.6
245.0,3.0,5.6,không có,Trống / Nhà thô,10.7978388365231,106.704927912633,Mặt tiền,Quận Bình Thạnh,Phường 15,3425.9,1,Đường Điện Biên Phủ,64.69774365860066,33.41837181470563,0.0,1.883300738492075,34.0,92.0
41.0,2.0,3.0,Sổ hồng,Trống / Nhà thô,10.7157855594383,106.631885713664,Mặt tiền,Quận 8,Phường 7,150.3,0,Đường Phạm Thế Hiển,24.37125748502994,0.0,0.0,75.62208915502327,8.0,3.6
60.0,3.0,6.0,Sổ hồng,Cơ bản,10.7872158151187,106.651489833699,Hẻm ô tô,Quận Tân Bình,Phường 11,1349.1,0,Đường Lạc Long Quân,85.93729152768513,0.0,14.059743532725522,0.0,8.0,7.45
170.0,8.0,20.0,Sổ hồng,Đầy đủ,10.7609123632341,106.691449055517,Mặt tiền,Quận 1,Phường Cô Giang,61.3,0,Đường Trần Đình Xu,0.0,0.0,0.0,99.95106035889071,20.0,175.0
67.0,5.0,8.0,Sổ hồng,Đầy đủ,10.8594284920405,106.757025349889,Hẻm ô tô,Thành phố Thủ Đức,Phường Linh Tây,,0,Đường Phạm Văn Đồng,,,,,8.0,9.8
51.0,3.0,8.0,Sổ hồng,Cơ bản,10.8776468926616,106.677816471144,Chưa xác định,Quận 12,Phường Thạnh Xuân,4427.1,0,Đường Thạnh Xuân 24,83.54159607869711,16.4570486322875,0.0,0.0,9.0,5.8
84.0,2.0,5.0,Sổ hồng,Trống / Nhà thô,10.7944843038982,106.668487773016,Hẻm ô tô,Quận Tân Bình,Phường 1,41.6,0,Đường Lê Văn Sỹ,0.0,0.0,0.0,100.0,7.0,11.5
40.0,3.0,3.0,Sổ hồng,Đầy đủ,10.792826501585,106.668093703031,Mặt tiền,Quận Phú Nhuận,Phường 14,49.9,0,Đường Đặng Văn Ngữ,15.230460921843687,0.0,0.0,84.84969939879761,6.0,6.5
60.0,4.0,5.0,Sổ đỏ,Trống / Nhà thô,10.8388769516808,106.655964965717,Chưa xác định,Quận Gò Vấp,Phường 8,2431.2,0,Đường Số 18,16.689289239881543,0.1238071734123067,0.0,83.18525830865417,9.0,7.9
177.0,7.0,10.0,Sổ hồng,Trống / Nhà thô,10.7987686809644,106.649296803409,Mặt tiền,Quận Tân Bình,Phường 12,80.3,0,Đường A4,3.9850560398505612,0.0,0.0,96.01494396014944,7.0,75.0
55.0,4.0,9.0,Sổ hồng,Cơ bản,10.8457500916251,106.718141226198,Chưa xác định,Thành phố Thủ Đức,Phường Hiệp Bình Phước,,0,Đường Quốc Lộ 13,,,,,8.0,8.4
135.0,7.0,17.3,Sổ hồng,Trống / Nhà thô,10.8512982575196,106.75299250231,Mặt tiền,Thành phố Thủ Đức,Phường Linh Tây,,1,Đường Tô Ngọc Vân,,,,,8.0,25.0
59.0,4.0,4.0,Sổ hồng,Đầy đủ,10.8193368096943,106.702411183011,Chưa xác định,Quận Bình Thạnh,Phường 13,1911.6,0,Đường Nơ Trang Long,95.7951454279138,0.0,0.0,4.203285206110065,9.0,8.9
74.0,2.0,6.533333333333333,Sổ hồng,Đầy đủ,10.7492164618954,106.710073762952,Hẻm ô tô,Quận 7,Phường Tân Kiểng,23439.5,1,Unknown,13.199513641502591,33.15002453124,0.0,53.65037650120523,6.0,5.6
40.0,5.0,12.0,Sổ hồng,Đầy đủ,10.7685202303223,106.602906827616,Chưa xác định,Quận Bình Tân,Phường Bình Trị Đông A,122.7,0,Đường Mã Lò,5.289323553382233,0.0,0.0,94.71067644661775,7.0,5.4
34.0,5.0,3.0,Sổ hồng,Đầy đủ,10.7987255427798,106.687709705264,Mặt tiền,Quận Phú Nhuận,Phường 2,,1,Đường Phan Xích Long,,,,,9.0,6.8
88.0,2.0,12.0,Sổ hồng,Trống / Nhà thô,10.7469915010063,106.66582294733,Mặt tiền,Quận 8,Phường 10,125.4,0,Đường Ba Đình,11.076555023923445,0.0,0.0,88.90749601275915,6.0,8.1
100.0,1.0,8.0,Sổ hồng,Cơ bản,10.8000161488901,106.589447826711,Mặt tiền,Quận Bình Tân,Phường Bình Hưng Hòa B,1843.6,0,Đường Liên khu 4-5,41.87079626817097,44.54382729442396,0.0,13.584291603384683,10.0,3.88
64.0,5.0,5.9,Sổ hồng,Trống / Nhà thô,10.7622067453972,106.664915739111,Mặt tiền,Quận 10,Phường 6,1162.0,1,Đường Ngô Quyền,81.88640275387263,0.0,0.0,18.128227194492254,13.0,23.8
64.0,4.0,12.0,Sổ hồng,Trống / Nhà thô,10.726338537477,106.612318391323,Hẻm xe máy,Quận Bình Tân,Phường An Lạc,5436.8,0,Đường Nguyễn Quý Yêm,9.596637728075338,0.0,0.0,90.40373013537373,9.0,5.3
80.0,3.0,30.0,không có,Đầy đủ,10.7963215786578,106.792180641144,Mặt tiền,Quận 9,Phường Phú Hữu,,0,Đường Võ Chí Công,,,,,9.0,9.7
34.0,3.0,12.0,Sổ hồng,Cơ bản,10.7622358360209,106.693901408531,Mặt tiền,Quận 1,Phường Cô Giang,1074.7,0,Đường Hồ Hảo Hớn,84.49520796501349,0.0,0.0,15.504792034986506,4.0,17.8
46.0,2.0,4.0,Sổ hồng,Trống / Nhà thô,10.7657683790877,106.645098282561,Mặt tiền,Quận 11,Phường 14,3191.2,0,Đường Ông Ích Khiêm,93.48489596390073,0.0,0.0,6.5135372273752825,6.0,7.4
76.0,3.0,3.0,Sổ hồng,Cơ bản,10.8124883851142,106.685238847707,Mặt tiền,Quận Bình Thạnh,Phường 5,171.6,0,Đường Nguyễn Thượng Hiền,16.013986013986013,0.2331002331002331,0.0,83.74708624708626,8.0,8.5
80.0,3.0,3.0,Sổ hồng,Trống / Nhà thô,10.7952663752576,106.67734074568,Mặt tiền,Quận Phú Nhuận,Phường 15,265.1,0,Đường Nguyễn Đình Chính,21.116559788758956,78.89098453413806,0.0,0.0,9.0,11.9
69.0,4.0,12.666666666666668,Sổ hồng,Trống / Nhà thô,10.7702370135236,106.679657641601,Hẻm ô tô,Quận 3,Phường 3,83.6,1,Đường Bàn Cờ,0.29904306220095694,0.0,0.0,99.76076555023926,10.0,19.5
90.0,4.0,13.136363636363637,Sổ hồng,Trống / Nhà thô,10.7554383513197,106.606132348345,Mặt tiền,Quận Bình Tân,Phường Bình Trị Đông B,8755.4,1,Đường Tên Lửa,78.50743541128904,0.14882244100783518,0.0,21.343742147703132,10.0,19.0
60.0,5.0,10.0,Sổ hồng,Đầy đủ,10.7690750281465,106.690697744254,Chưa xác định,Quận 1,Phường Bến Thành,792.5,0,Đường Nguyễn Trãi,0.0,99.20883280757099,0.7924290220820189,0.0,11.0,36.5
50.0,2.0,4.6000000000000005,Sổ hồng,Trống / Nhà thô,10.8828112022995,106.772935942241,Chưa xác định,Thành phố Thủ Đức,Phường Linh Xuân,,1,Đường Số 1,,,,,4.0,3.9
53.0,1.0,7.0,Sổ hồng,Trống / Nhà thô,10.7970488504366,106.823672083218,Mặt tiền,Quận 9,Phường Long Trường,,0,Đường Trường Lưu,,,,,2.0,3.5
48.0,4.0,3.0,Sổ hồng,Đầy đủ,10.8123204962782,106.688337081544,Hẻm xe máy,Quận Bình Thạnh,Phường 5,907.4,0,Đường Trần Bình Trọng,72.74741018294027,0.0,0.0,27.25699801631034,9.0,8.65
90.0,4.0,12.0,Sổ hồng,Trống / Nhà thô,10.8450845002249,106.59230154007672,Chưa xác định,Huyện Hóc Môn,Xã Bà Điểm,108.8,0,Đường Phan Văn Hớn,12.555147058823529,0.0,0.0,87.40808823529412,10.0,5.2
34.0,2.0,6.0,Sổ hồng,Cơ bản,10.7870872094234,106.760315790275,Chưa xác định,Quận 2,Phường Bình Trưng Tây,,0,Đường Số 22,,,,,5.0,3.5
255.0,4.0,19.2,Sổ hồng,Trống / Nhà thô,10.8066770549518,106.675942891664,Mặt tiền,Quận Phú Nhuận,Phường 9,105.4,1,Đường Đào Duy Anh,12.931688804554078,0.0,0.0,87.09677419354837,10.0,62.68
103.0,5.0,8.1,Sổ hồng,Đầy đủ,10.857968037066,106.755979876219,Chưa xác định,Thành phố Thủ Đức,Phường Linh Tây,,1,Đường 8,,,,,15.0,14.0
85.0,4.0,10.0,Sổ hồng,Trống / Nhà thô,10.7829489177242,106.776777744562,Chưa xác định,Quận 2,Phường Bình Trưng Đông,,0,Unknown,,,,,10.0,9.5
45.0,3.0,4.0,Sổ hồng,Cơ bản,10.7450017573677,106.635033696686,Mặt tiền,Quận 6,Phường 11,42.4,0,Đường Nguyễn Văn Luông,0.0,0.0,0.0,99.92924528301886,8.0,5.28
90.0,1.0,8.0,Sổ hồng,Trống / Nhà thô,10.8478311329706,106.819905664382,Chưa xác định,Thành phố Thủ Đức,Phường Long Thạnh Mỹ,,1,Đường Số 26,,,,,2.0,3.99
90.0,3.0,8.0,Sổ hồng,Cơ bản,10.8666188307488,106.641949018344,Mặt tiền,Quận 12,Phường Tân Thới Hiệp,705.9,0,Đường Tân Thới Hiệp 8,36.06601501629126,0.0,0.0,63.9283184587052,9.0,7.5
40.0,3.0,8.0,Sổ hồng,Trống / Nhà thô,10.8069088991815,106.647992299569,Chưa xác định,Quận Tân Bình,Phường 12,2879.7,0,Đường Hoàng Hoa Thám,51.60398652637428,0.0,0.0,48.25919366600688,6.0,9.5
30.0,4.0,3.2,Sổ hồng,Cơ bản,10.7925290419913,106.696930976127,Mặt tiền,Quận 1,Phường Tân Định,59.7,1,Đường Trương Hán Siêu,3.4673366834170847,0.0,96.54941373534338,0.0,7.0,9.0
600.0,12.0,40.0,Sổ hồng,Cơ bản,10.818434719052,106.692488140797,Mặt tiền,Quận Gò Vấp,Phường 1,182.4,0,Đường Nguyên Hồng,18.68969298245614,0.0,0.0,81.29385964912281,40.0,279.0
63.0,2.0,8.0,Sổ hồng,Trống / Nhà thô,10.7865082353482,106.690136371917,Chưa xác định,Quận 3,Phường Võ Thị Sáu,53.5,0,Đường Võ Thị Sáu,0.0,0.0,0.0,100.0,8.0,17.9
35.0,3.0,6.0,Sổ hồng,Đầy đủ,10.7617224157974,106.678235364738,Chưa xác định,Quận 5,Phường 4,771.8,1,Đường Trần Phú,98.50608966053383,0.0,0.0,1.4965016843741903,6.0,9.0
100.0,4.0,11.571428571428571,Sổ hồng,Đầy đủ,10.7454334450629,106.611715927126,Mặt tiền,Quận Bình Tân,Phường Bình Trị Đông B,902660.3,1,Đường 30,0.48759871238382807,0.0,0.0,0.0,8.0,18.5
59.0,5.0,4.0,Sổ hồng,Đầy đủ,10.8158082419029,106.69384299115,Mặt tiền,Quận Bình Thạnh,Phường 11,167.1,0,Unknown,0.0,0.0,0.0,99.97606223818073,14.0,8.5
105.0,5.0,20.0,Sổ hồng,Trống / Nhà thô,10.8159185616772,106.695212277834,Mặt tiền,Quận Bình Thạnh,Phường 11,736.3,1,Đường Phan Văn Trị,93.2106478337634,0.0,0.0,6.787994024174929,9.0,22.0
80.0,6.0,20.0,không có,Trống / Nhà thô,10.7317818355557,106.621285919522,Mặt tiền,Quận Bình Tân,Phường An Lạc,1630.3,0,Đường An Dương Vương,84.50346561982458,0.0,0.0,15.49837453229467,10.0,14.4
108.0,5.0,6.6,Sổ hồng,Trống / Nhà thô,10.8122477876305,106.695259078048,Chưa xác định,Quận Bình Thạnh,Phường 12,1372.0,1,Đường Phan Văn Trị,80.52988338192421,0.0,0.0,19.4701166180758,32.0,15.7
100.0,4.0,8.0,Sổ hồng,Đầy đủ,10.7724341480773,106.684136818821,Hẻm ô tô,Quận 3,Phường 5,87.2,0,Đường Nguyễn Đình Chiểu,0.0,100.0,0.0,0.0,11.0,33.9
68.0,5.0,4.0,Sổ hồng,Cao cấp,10.8373853282542,106.655238568783,Mặt tiền,Quận Gò Vấp,Phường 8,80.7,0,Đường Quang Trung,42.75092936802974,0.0,0.0,57.28624535315985,10.0,9.99
62.0,4.0,6.6,Sổ hồng,Đầy đủ,10.7961214486931,106.675871422577,Mặt tiền,Quận Phú Nhuận,Phường 8,173.7,1,Đường Nguyễn Thị Huỳnh,11.807714450201498,0.0,0.0,88.21531375935521,10.0,13.5
44.0,2.0,5.0,Sổ hồng,Cơ bản,10.757337206434,106.713326195227,Mặt tiền,Quận 4,Phường 16,99.0,1,Đường Đoàn Văn Bơ,6.848484848484848,0.0,0.0,93.12121212121211,8.0,5.95
282.0,1.0,8.0,Sổ hồng,Trống / Nhà thô,10.8571754102494,106.803262371704,Chưa xác định,Quận 9,Phường Tân Phú,,0,Đường 215,,,,,22.0,12.5
35.0,2.0,3.0,Sổ hồng,Trống / Nhà thô,10.8470790112692,106.62072824868,Chưa xác định,Quận 12,Phường Trung Mỹ Tây,10588.9,0,Đường Quốc lộ 1A,40.97857190076401,0.0,0.16970601290030124,0.0,6.0,2.59
223.0,3.0,8.7,Sổ đỏ,Trống / Nhà thô,10.7730152091755,106.676455614134,Mặt tiền,Quận 10,Phường 12,1516.0,1,Đường 3/2,95.26187335092348,0.0,0.0,4.753298153034301,7.0,109.0
100.0,4.0,6.4,Sổ hồng,Trống / Nhà thô,10.8594801266744,106.75670933419,Hẻm ô tô,Thành phố Thủ Đức,Phường Linh Tây,,1,Unknown,,,,,11.0,9.95
64.0,3.0,8.0,Sổ đỏ,Trống / Nhà thô,10.8480148768793,106.647775407643,Mặt tiền,Quận Gò Vấp,Phường 14,1422.4,0,Đường Phạm Văn Chiêu,96.37443757030371,0.0,0.0,3.624156355455568,9.0,8.2
50.0,3.0,5.0,Sổ hồng,Trống / Nhà thô,10.6927298196466,106.741148180408,Chưa xác định,Huyện Nhà Bè,Thị trấn Nhà Bè,184.1,1,Đường Huỳnh Tấn Phát,15.241716458446497,0.0,0.0,84.7637153720804,8.0,5.5
119.0,3.0,10.0,Sổ hồng,Đầy đủ,10.8328174344636,106.684036234082,Mặt tiền,Quận Gò Vấp,Phường 7,681.4,0,Đường Số 4,1.8608746697974756,0.0,0.0,98.13912533020253,15.0,22.5
232.0,2.0,15.3,Sổ hồng,Trống / Nhà thô,10.6779022201814,106.703472870317,Mặt tiền,Huyện Nhà Bè,Xã Nhơn Đức,823.7,1,Đường Nguyễn Bình,39.71955809153818,0.0,0.0,60.28165594269759,8.0,10.0
77.0,4.0,8.0,Sổ hồng,Trống / Nhà thô,10.7663796233907,106.659257645522,Hẻm ô tô,Quận 10,Phường 14,5616.6,1,Phố Lý Thường Kiệt,99.46960794786882,0.5296798775059645,0.0,0.0,9.0,13.9
71.0,2.0,6.0,Sổ hồng,Trống / Nhà thô,10.819422316952,106.702609980576,Mặt tiền,Quận Bình Thạnh,Phường 13,350.0,0,Đường Nơ Trang Long,47.98571428571428,0.0,0.0,52.017142857142865,5.0,8.95
75.0,4.0,6.0,Sổ hồng,Đầy đủ,10.8069176306893,106.623286696511,Hẻm ô tô,Quận Tân Phú,Phường Tây Thạnh,182.4,0,Đường Lê Trọng Tấn,0.0,0.0,0.0,100.0,12.0,6.1
75.0,4.0,8.0,Sổ hồng,Cơ bản,10.7995869152094,106.650877522402,Mặt tiền,Quận Tân Bình,Phường 12,4537.5,1,Unknown,92.52055096418732,0.0,0.0,7.478567493112948,9.0,7.7
99.0,3.0,8.0,Sổ hồng,Đầy đủ,10.8785963338377,106.67810676143,Chưa xác định,Quận 12,Phường An Phú Đông,121.5,0,Đường Hà Huy Giáp,52.22222222222223,0.0,0.0,47.80246913580247,7.0,6.25
100.0,4.0,12.0,Sổ hồng,Cơ bản,10.8157840587756,106.626075809365,Mặt tiền,Quận Tân Phú,Phường Tây Thạnh,101.5,0,Đường D10,0.6206896551724138,0.0,0.0,99.36945812807882,13.0,11.75
47.0,5.0,6.0,Sổ hồng,Đầy đủ,10.8233642185054,106.701833738118,Chưa xác định,Quận Bình Thạnh,Phường 13,45.4,0,Phố Nguyễn Xí,0.0,0.0,0.0,99.91189427312776,11.0,9.0
72.0,1.0,6.0,Sổ hồng,Cơ bản,10.7961212749912,106.626365392781,Hẻm ô tô,Quận Tân Phú,Phường Tân Sơn Nhì,302.1,0,Đường Gò Dầu,0.0,0.0,0.0,100.0,2.0,7.0
80.0,4.0,12.0,Sổ hồng,Trống / Nhà thô,10.8395021062679,106.796856562385,Mặt tiền,Quận 9,Phường Tăng Nhơn Phú A,,0,Đường 447,,,,,9.0,10.0
90.0,3.0,12.0,Sổ hồng,Trống / Nhà thô,10.8307278704476,106.705825780617,Hẻm ô tô,Quận Bình Thạnh,Phường 13,36014.6,0,Đường Bình Lợi,12.228623946954848,87.7714871191128,0.0,0.0,11.0,15.0
357.0,3.0,19.6,Sổ hồng,Trống / Nhà thô,10.790510736937676,106.71779961567069,Chưa xác định,Quận Bình Thạnh,Phường 22,3434.3,1,Đường Nguyễn Hữu Cảnh,99.74900270797541,0.0,0.0,0.2507061118714148,8.0,300.0
43.0,2.0,5.3,Sổ hồng,Trống / Nhà thô,10.7918148110128,106.67118386444,Chưa xác định,Quận Phú Nhuận,Phường 13,1112.6,1,Đường Huỳnh Văn Bánh,99.75462879741147,0.0,0.0,0.248966385044041,3.0,8.5
42.0,3.0,3.0,Sổ hồng,Trống / Nhà thô,10.7584616257676,106.645953274062,Mặt tiền,Quận 11,Phường 2,134.0,0,Đường Thái Phiên,17.03731343283582,0.0,0.0,83.0,7.0,6.98
140.0,3.0,8.5,Sổ hồng,Cơ bản,10.7031626989418,106.713274847682,Chưa xác định,Huyện Nhà Bè,Xã Phước Kiển,53547.0,1,Đường Nguyễn Hữu Thọ,0.0,2.882327674753021,0.0,0.5192261004351317,9.0,16.5
24.0,2.0,5.25,Sổ hồng,Trống / Nhà thô,10.8291242236537,106.689149779043,Chưa xác định,Quận Gò Vấp,Phường 5,2798.6,1,Đường Dương Quảng Hàm,35.168298434931756,0.0,0.0,64.83170156506826,4.0,3.65
107.0,3.0,9.016666666666667,Sổ đỏ,Đầy đủ,10.7724138468332,106.669262589783,Chưa xác định,Quận 10,Phường 12,2660.0,1,Đường Sư Vạn Hạnh,58.180075187969926,0.0,0.0,41.81203007518797,10.0,24.8
55.0,4.0,7.0,Sổ hồng,Đầy đủ,10.8458730995331,106.718743709494,Mặt tiền,Thành phố Thủ Đức,Phường Hiệp Bình Phước,,0,Đường Quốc Lộ 13,,,,,8.0,8.0
40.0,1.0,10.0,Sổ hồng,Cơ bản,10.7335978163695,106.627925208075,Mặt tiền,Quận 6,Phường 10,80.0,0,Đường Số 66,14.350000000000001,0.0,0.0,85.67500000000001,4.0,6.2
200.0,4.0,2.0,Sổ hồng,Trống / Nhà thô,10.7142552120825,106.736942484651,Chưa xác định,Quận 7,Phường Phú Mỹ,4319.9,0,Đường Huỳnh Tấn Phát,98.7793698928216,0.0,0.0,1.2213245676983264,14.0,12.95
34.0,2.0,3.0,Sổ hồng,Cơ bản,10.7869597397146,106.760170484755,Chưa xác định,Quận 2,Phường Bình Trưng Tây,,0,Đường Số 22,,,,,5.0,3.5
17.0,4.0,5.0,Sổ hồng,Cơ bản,10.7927872287414,106.700229730336,Mặt tiền,Quận 1,Phường Đa Kao,14194.5,1,Đường Hoàng Sa,72.44073408714642,8.731621402655957,18.827714960019726,0.0,6.0,5.2
67.0,4.0,16.0,Sổ hồng,Cơ bản,10.7958617610334,106.62181724422,Mặt tiền,Quận Tân Phú,Phường Tân Quý,232.0,0,Đường Gò Dầu,4.642241379310344,0.0,0.0,95.34913793103449,11.0,12.5
42.0,2.0,3.8333333333333335,Sổ hồng,Trống / Nhà thô,10.797272586994,106.681021247462,Chưa xác định,Quận Phú Nhuận,Phường 1,65.0,1,Đường Phan Đình Phùng,42.676923076923075,0.0,0.0,57.32307692307692,4.0,7.3
60.0,5.0,6.0,Sổ hồng,Trống / Nhà thô,10.8786666233279,106.677870132168,Mặt tiền,Quận 12,Phường Thạnh Lộc,5415.4,0,Đường Hà Huy Giáp,63.384791520478636,11.409314178084722,0.8461055508365034,24.359050116334902,9.0,6.8
88.0,2.0,12.0,Sổ hồng,Trống / Nhà thô,10.7469915010063,106.66582294733,Mặt tiền,Quận 8,Phường 10,125.4,0,Đường Ba Đình,11.076555023923445,0.0,0.0,88.90749601275915,6.0,8.1
180.0,3.0,6.0,không có,Trống / Nhà thô,10.780674098341,106.686006806227,Hẻm ô tô,Quận 3,Phường Võ Thị Sáu,2704.2,0,Đường Tú Xương,3.9216773907255384,96.07832260927447,0.0,0.0,11.0,35.0
83.0,5.0,8.9,Sổ hồng,Đầy đủ,10.7617165509796,106.690427036069,Mặt tiền,Quận 1,Phường Nguyễn Cư Trinh,141.8,1,Đường Trần Đình Xu,0.0,0.0,0.0,99.97179125528912,26.0,20.9
74.0,2.0,3.0,Sổ hồng,Trống / Nhà thô,10.7236524821534,106.735200248659,Hẻm xe máy,Quận 7,Phường Phú Thuận,1190.7,0,Đường Huỳnh Tấn Phát,85.58914923994287,0.0,0.0,14.407491391618377,8.0,5.29
73.0,4.0,30.0,Sổ hồng,Trống / Nhà thô,10.7998198994184,106.650297226082,Mặt tiền,Quận Tân Bình,Phường 12,100.5,1,Đường Nguyễn Minh Hoàng,1.1243781094527363,0.0,0.0,98.82587064676616,11.0,25.0
55.0,2.0,6.25,Sổ hồng,Đầy đủ,10.8061235931389,106.681598802451,Hẻm ô tô,Quận Phú Nhuận,Phường 4,2018.3,1,Đường Thích Quảng Đức,11.804984392805826,88.19551107367587,0.0,0.0,6.0,7.8
94.0,5.0,8.6,Sổ hồng,Trống / Nhà thô,10.7745275228809,106.664451876701,Chưa xác định,Quận 10,Phường 14,424.0,1,Đường Thành Thái,27.11556603773585,0.0,0.0,72.91509433962264,22.0,24.5
227.0,3.0,21.2,Sổ đỏ,Trống / Nhà thô,10.7996415500761,106.641069514501,Chưa xác định,Quận Tân Bình,Phường 14,557.4,1,Đường Trường Chinh,12.149264442052386,0.0,14.280588446358092,73.56476498026552,16.0,28.5
52.0,2.0,4.0,Sổ hồng,Cơ bản,10.8095667591646,106.689295108262,Mặt tiền,Quận Bình Thạnh,Phường 5,81.2,0,Đường Nguyễn Văn Đậu,25.0,0.0,0.0,75.0615763546798,5.0,4.7
92.0,4.0,11.2,Sổ hồng,Đầy đủ,10.7494340115243,106.716461569981,Mặt tiền,Quận 7,Phường Tân Thuận Tây,182.0,1,Đường Số 9M,55.082417582417584,0.0,0.0,44.94505494505494,13.0,22.79
76.0,4.0,10.0,Sổ hồng,Đầy đủ,10.8054667658377,106.604953715298,Mặt tiền,Quận Bình Tân,Phường Bình Hưng Hòa,1812.7,0,Unknown,3.242676670160534,0.0,0.0,96.75952998289844,7.0,8.5
35.0,3.0,6.0,Sổ hồng,Đầy đủ,10.7617224157974,106.678235364738,Chưa xác định,Quận 5,Phường 4,771.8,1,Đường Trần Phú,98.50608966053383,0.0,0.0,1.4965016843741903,6.0,9.0
100.0,4.0,20.0,Sổ hồng,Trống / Nhà thô,10.809048243656,106.820796282228,Chưa xác định,Quận 9,Phường Trường Thạnh,,0,Đường Nguyễn Duy Trinh,,,,,8.0,7.9
48.0,2.0,6.0,Sổ hồng,Cơ bản,10.7987119735243,106.61347376079,Hẻm ô tô,Quận Tân Phú,Phường Sơn Kỳ,40.0,0,Đường Đoàn Giỏi,0.0,0.0,0.0,99.94999999999999,4.0,5.95
95.0,5.0,14.0,Sổ hồng,Trống / Nhà thô,10.802119,106.77699,Mặt tiền,Quận 2,Phường An Phú,,0,Unknown,,,,,9.0,32.0
54.0,4.0,8.0,Sổ hồng,Trống / Nhà thô,10.7974669784712,106.623532181426,Mặt tiền,Quận Tân Phú,Phường Tân Quý,82.0,1,Đường Lê Đình Thám,15.268292682926829,0.0,0.0,84.71951219512195,9.0,9.15
67.0,4.0,5.0,Sổ hồng,Đầy đủ,10.8389874765896,106.6491916668,Mặt tiền,Quận Gò Vấp,Phường 8,7525.3,0,Đường Quang Trung,10.278128446706445,0.0,88.78861972280174,0.9336504856949226,9.0,7.7
157.0,2.0,8.4,Sổ hồng,Trống / Nhà thô,10.808168946711,106.688393141885,Chưa xác định,Quận Tân Bình,Phường 12,1199.9,1,Đường Hoàng Hoa Thám,95.86632219351611,0.0,0.0,4.134511209267439,11.0,25.0
138.0,4.0,13.45,Sổ hồng,Trống / Nhà thô,10.8061128747815,106.668191241734,Mặt tiền,Quận Tân Bình,Phường 2,164.7,1,Đường Phổ Quang,8.72495446265938,0.0,0.0,91.28111718275653,12.0,39.0
52.0,4.0,10.0,Sổ hồng,Đầy đủ,10.8300966027458,106.702460012038,Mặt tiền,Quận Bình Thạnh,Phường 13,3768.9,0,Đường Đặng Thùy Trâm,99.69487118257317,0.0,0.0,0.3051288174268354,8.0,10.3
33.0,4.0,16.0,Sổ hồng,Đầy đủ,10.7937039904534,106.68098289785,Mặt tiền,Quận Phú Nhuận,Phường 17,197.8,0,Đường Huỳnh Văn Bánh,2.345803842264914,0.0,0.0,97.64408493427703,9.0,9.4
29.0,2.0,6.05,Sổ hồng,Trống / Nhà thô,10.8258049428677,106.639951599777,Chưa xác định,Quận Tân Bình,Phường 15,493.7,1,Đường Phạm Văn Bạch,2.013368442373911,0.0,0.0,97.98258051448249,3.0,3.6
505.0,2.0,5.0,Sổ hồng,Đầy đủ,10.8788402941155,106.669139083452,Chưa xác định,Quận 12,Phường Thạnh Xuân,3062.4,0,Đường Thạnh Xuân 25,6.210815047021943,6.0201149425287355,0.0,87.76743730407523,5.0,11.8
65.0,2.0,6.0,Sổ hồng,Đầy đủ,10.7402944858646,106.736068019666,Chưa xác định,Quận 7,Phường Phú Thuận,162.0,0,Đường Nguyễn Văn Quỳ,52.69135802469136,0.0,0.0,47.27777777777778,4.0,6.78
246.0,4.0,20.0,Sổ hồng,Cơ bản,10.7885215705696,106.677052353637,Chưa xác định,Quận 3,Phường 14,59.2,0,Đường Lê Văn Sỹ,22.837837837837835,0.0,0.0,77.24662162162161,32.0,173.0
457.0,1.0,23.9,Sổ hồng,Trống / Nhà thô,10.758864415892,106.671329291322,Mặt tiền,Quận 5,Phường 9,24076.9,1,Đường Hùng Vương,64.44081256307912,0.04248885861551944,0.5129813223463153,35.00384185671743,4.0,175.0
370.0,3.0,28.9,Sổ hồng,Cơ bản,10.8151805735113,106.774783498113,Chưa xác định,Quận 9,Phường Phước Long B,,1,Đường Đỗ Xuân Hợp,,,,,13.0,40.0
75.0,3.0,10.666666666666668,không có,Trống / Nhà thô,10.78471,106.7904,Chưa xác định,Quận 9,Phường Phú Hữu,,1,Đường Vành Đai 2,,,,,7.0,8.0
70.0,2.0,5.0,Sổ hồng,Đầy đủ,10.6783193888758,106.753291442197,Mặt tiền,Huyện Nhà Bè,Xã Phú Xuân,33.2,0,Đường Huỳnh Tấn Phát,72.5,27.379518072289155,0.0,0.0,6.0,4.38
110.0,5.0,20.0,Sổ hồng,Đầy đủ,10.84483,106.7182,Chưa xác định,Thành phố Thủ Đức,Phường Hiệp Bình Phước,,0,Unknown,,,,,8.0,22.0
53.0,4.0,4.0,Sổ hồng,Trống / Nhà thô,10.7235453753802,106.619815401345,Hẻm ô tô,Quận 8,Phường 16,3293.2,0,Đường An Dương Vương,54.87732296854124,0.0,0.0,45.12389165553262,7.0,5.8
56.0,4.0,8.0,Sổ hồng,Trống / Nhà thô,10.8864381515737,106.724166785676,Chưa xác định,Thành phố Thủ Đức,Phường Tam Bình,,0,Đường Ngô Chí Quốc,,,,,9.0,4.57
173.0,3.0,4.0,Sổ hồng,Đầy đủ,10.7776785956066,106.75907894969,Hẻm ô tô,Quận 2,Phường Thạnh Mỹ Lợi,,0,Đường Số 4,,,,,9.0,12.35
108.0,4.0,10.0,Sổ hồng,Đầy đủ,10.8052787335131,106.64122261482,Chưa xác định,Quận Tân Bình,Phường 13,64.0,1,Unknown,5.546875,0.0,0.0,94.421875,14.0,14.6
80.0,4.0,12.0,Sổ hồng,Trống / Nhà thô,10.8000442469377,106.674149295935,Chưa xác định,Quận Phú Nhuận,Phường 9,579606.9,0,Đường Hoàng Văn Thụ,13.500874471991276,85.7039676373763,0.0,0.14084200860962837,10.0,14.5
120.0,2.0,16.0,Sổ hồng,Đầy đủ,10.8505473347913,106.795959376022,Mặt tiền,Quận 9,Phường Tăng Nhơn Phú A,,0,Đường D2,,,,,20.0,13.5
23.0,2.0,3.0,Sổ hồng,Cơ bản,10.8422367550585,106.630538264633,Mặt tiền,Quận 12,Phường Đông Hưng Thuận,208.3,1,Đường Nguyễn Văn Quá,37.42198751800288,0.0,0.0,62.57321171387422,4.0,3.4
58.0,4.0,11.05,Sổ hồng,Trống / Nhà thô,10.7834362375939,106.661601841023,Mặt tiền,Quận 10,Phường 15,3736.0,1,Đường Bắc Hải,13.940042826552462,86.06183083511777,0.0,0.0,20.0,16.9
5.551,1.0,22.4,Sổ hồng,Trống / Nhà thô,10.7931700844827,106.797389142193,Mặt tiền,Thành phố Thủ Đức,Phường Phú Hữu,,1,Đường Nguyễn Duy Trinh,,,,,2.0,350.0
72.0,4.0,3.0,Sổ hồng,Cơ bản,10.7513112148244,106.728144529377,Chưa xác định,Quận 7,Phường Tân Thuận Tây,170.7,0,Đường Huỳnh Tấn Phát,10.697129466900998,0.0,0.0,89.29701230228471,18.0,6.8
128.0,5.0,9.666666666666668,Sổ hồng,Trống / Nhà thô,10.7692333217516,106.689047041939,Chưa xác định,Quận 1,Phường Phạm Ngũ Lão,1102.4,1,Đường Tôn Thất Tùng,0.0,0.8073294629898402,99.19448476052249,0.0,12.0,54.0
71.0,3.0,8.0,Sổ hồng,Trống / Nhà thô,10.8119743894998,106.709261552013,Mặt tiền,Quận Bình Thạnh,Phường 26,2613.6,0,Đường Đinh Bộ Lĩnh,30.41169268441996,0.0,65.2345423936333,4.355677992041629,7.0,14.3
63.0,2.0,12.0,Sổ đỏ,Trống / Nhà thô,10.8324266757426,106.661335518541,Mặt tiền,Quận Gò Vấp,Phường 11,176.4,0,Đường Số 17,5.583900226757369,0.0,2.9024943310657596,91.52494331065759,8.0,9.9
55.0,3.0,8.458333333333332,Sổ hồng,Cơ bản,10.7968692476931,106.636002861412,Chưa xác định,Quận Tân Phú,Phường Tân Sơn Nhì,237.3,1,Đường Trần Tấn,5.2507374631268435,0.0,0.0,94.74083438685209,8.0,7.35
79.0,4.0,8.0,Sổ hồng,Đầy đủ,10.7965778046013,106.690763015763,Chưa xác định,Quận Phú Nhuận,Phường 2,,0,Đường Hoa Hồng,,,,,8.0,24.9
64.0,4.0,12.0,Sổ hồng,Trống / Nhà thô,10.7264857755884,106.612152753624,Mặt tiền,Quận Bình Tân,Phường An Lạc,5436.8,0,Đường Số 4,9.596637728075338,0.0,0.0,90.40373013537373,9.0,5.8
100.0,4.0,16.599999999999998,Sổ hồng,Trống / Nhà thô,10.702375737029644,106.62187126045472,Chưa xác định,Quận 8,Phường 7,5806.8,1,Đường Trịnh Quang Nghị,0.0,0.10074395536267824,0.0,0.0,9.0,8.2
84.0,5.0,8.8,Sổ hồng,Trống / Nhà thô,10.8356729231004,106.842701196486,Chưa xác định,Quận 9,Phường Long Thạnh Mỹ,,1,Unknown,,,,,10.0,16.95
73.0,3.0,8.0,Sổ hồng,Trống / Nhà thô,10.7919309696991,106.674847458091,Chưa xác định,Quận Phú Nhuận,Phường 11,78.2,0,Đường Huỳnh Văn Bánh,4.079283887468031,0.0,0.0,95.9079283887468,6.0,16.7
71.0,4.0,5.0,Sổ hồng,Trống / Nhà thô,10.8078599062927,106.703961002545,Hẻm ô tô,Quận Bình Thạnh,Phường 24,777.8,0,Đường Bùi Đình Túy,99.99614296734379,0.0,0.0,0.0,10.0,12.9
100.0,1.0,24.0,Sổ hồng,Cơ bản,10.8117383761158,106.621417421848,Chưa xác định,Quận Tân Phú,Phường Tây Thạnh,2232.0,0,Đường Tây Thạnh,87.88664874551971,0.0,0.0,12.114247311827956,2.0,14.0
49.0,2.0,3.0,Sổ hồng,Trống / Nhà thô,10.7936498581107,106.705748752936,Mặt tiền,Quận Bình Thạnh,Phường 17,24.3,0,Đường Phan Văn Hân,0.0,0.0,0.0,99.91769547325103,7.0,6.55
119.0,5.0,12.0,Sổ hồng,Đầy đủ,10.7720229742995,106.787667042191,Chưa xác định,Quận 2,Phường Cát Lái,,0,Đường Nguyễn Thị Định,,,,,24.0,13.8
108.0,1.0,12.4,Sổ hồng,Trống / Nhà thô,10.9024997403375,106.552904831071,Mặt tiền,Huyện Hóc Môn,Xã Tân Thới Nhì,7119.4,1,Unknown,4.472989296850859,95.52658931932467,0.0,0.0,3.0,2.65
52.0,3.0,10.0,Sổ hồng,Trống / Nhà thô,10.845561394994,106.718348194248,Chưa xác định,Thành phố Thủ Đức,Phường Hiệp Bình Phước,,0,Đường Quốc Lộ 13,,,,,7.0,8.3
55.0,5.0,5.0,Sổ hồng,Trống / Nhà thô,10.8121800274152,106.688360848502,Hẻm ô tô,Quận Bình Thạnh,Phường 5,65.2,0,Đường Trần Bình Trọng,29.92331288343558,0.0,0.0,70.15337423312883,15.0,11.0
82.0,5.0,6.0,Sổ hồng,Trống / Nhà thô,10.8423789578159,106.643054526474,Mặt tiền,Quận Gò Vấp,Phường 14,2978.0,0,Đường Quang Trung,90.42411014103425,0.0,0.0,9.575218267293485,20.0,10.6
380.0,7.0,15.0,Sổ hồng,Trống / Nhà thô,10.7769242170135,106.688108141664,Mặt tiền,Quận 3,Phường Võ Thị Sáu,80.4,0,Đường Nguyễn Đình Chiểu,3.967661691542288,0.0,95.98258706467662,0.0,16.0,150.0
216.0,6.0,8.0,Sổ hồng,Đầy đủ,10.7919876992965,106.643544644036,Mặt tiền,Quận Tân Bình,Phường 14,2218.0,0,Đường Bàu Cát,92.79440937781784,4.876014427412083,0.0,2.3318304779080252,42.0,38.0
200.0,3.0,16.0,Sổ hồng,Đầy đủ,10.7504986792645,106.618736885533,Mặt tiền,Quận Bình Tân,Phường Bình Trị Đông B,129.0,1,Đường Số 6A,0.0,0.0,0.0,100.0,9.0,35.0
59.0,5.0,5.1,Sổ hồng,Trống / Nhà thô,10.787349812606,106.671440320963,Mặt tiền,Quận 3,Phường 11,28.4,1,Đường Hoàng Sa,0.0,0.0,0.0,100.0,15.0,19.5
400.0,6.0,11.8,Sổ hồng,Trống / Nhà thô,10.7844694465467,106.642119305642,Mặt tiền,Quận Tân Phú,Phường Phú Trung,13875.5,1,Đường Âu Cơ,24.15812042809268,75.84202371085728,0.0,0.0,14.0,120.0
100.0,1.0,16.0,Sổ hồng,Trống / Nhà thô,10.7845389183885,106.778689804875,Mặt tiền,Thành phố Thủ Đức,Phường Bình Trưng Đông,,1,Đường Nguyễn Duy Trinh,,,,,3.0,7.9
64.0,4.0,6.0,Sổ hồng,Đầy đủ,10.7795460249331,106.667096111901,Chưa xác định,Quận 10,Phường 15,42832.0,0,Đường Tô Hiến Thành,8.418588905491221,91.34313130369817,0.0,0.23762607396339186,11.0,14.9
65.0,3.0,6.0,Sổ hồng,Trống / Nhà thô,10.7983972627457,106.686155862837,Hẻm ô tô,Quận Phú Nhuận,Phường 2,47.5,0,Unknown,0.0,0.0,0.0,98.27368421052631,10.0,17.0
40.0,5.0,12.0,Sổ hồng,Trống / Nhà thô,10.7730943587354,106.676812680575,Mặt tiền,Quận 10,Phường 12,1340.0,1,Đường 3/2,97.21865671641791,0.0,0.0,2.779850746268657,7.0,8.3
35.0,4.0,3.0,Sổ hồng,Cơ bản,10.7760928390664,106.662887344923,Hẻm xe máy,Quận 10,Phường 14,23690.0,0,Đường Tô Hiến Thành,43.63520472773321,0.5983115238497256,55.768214436471084,0.0,9.0,6.99
60.0,3.0,6.3999999999999995,Sổ hồng,Đầy đủ,10.7319053750192,106.744692546855,Chưa xác định,Quận 7,Phường Phú Thuận,9782.4,1,Unknown,12.071270853778215,31.6465284592738,56.282200686947995,0.0,7.0,6.95
100.0,4.0,16.599999999999998,Sổ hồng,Trống / Nhà thô,10.7416382114542,106.715701233862,Mặt tiền,Quận 7,Phường Tân Quy,209.2,1,Đường Lâm Văn Bền,30.2868068833652,0.0,0.0,69.72753346080307,9.0,27.5
92.0,2.0,3.0,Sổ hồng,Cơ bản,10.7978052959006,106.696029319994,Chưa xác định,Quận Bình Thạnh,Phường 3,5516.4,0,Đường Lê Văn Duyệt,0.0,99.99981872235517,0.0,0.0,5.0,9.9
200.0,4.0,12.0,Sổ đỏ,Trống / Nhà thô,10.8792993049246,106.638050537747,Mặt tiền,Quận 12,Phường Hiệp Thành,130.1,0,Đường Hiệp Thành 5,7.255956956187548,0.0,0.0,92.71329746348962,14.0,11.5
72.0,3.0,7.0,Sổ hồng,Đầy đủ,10.7945032530204,106.701352111995,Mặt tiền,Quận Bình Thạnh,Phường 15,3745.0,0,Đường Điện Biên Phủ,82.66355140186916,11.705740987983978,0.0,5.630707610146862,8.0,14.5
54.0,3.0,8.0,Sổ hồng,Trống / Nhà thô,10.8028961892074,106.822040621191,Chưa xác định,Quận 9,Phường Long Trường,,0,Đường Trường Lưu,,,,,8.0,5.95
43.0,3.0,9.4,Sổ hồng,Trống / Nhà thô,10.7157201443183,106.741070523364,Chưa xác định,Quận 7,Phường Phú Thuận,1611.6,1,Đường Hoàng Quốc Việt,48.721146686522715,0.0,0.0,51.27885331347729,8.0,7.5
53.0,4.0,8.0,Sổ hồng,Đầy đủ,10.6851586760282,106.750030776012,Mặt tiền,Huyện Nhà Bè,Thị trấn Nhà Bè,,0,Đường Đào Tông Nguyên,,,,,9.0,6.6
62.0,4.0,8.0,Sổ đỏ,Trống / Nhà thô,10.7940806926535,106.6685952769,Hẻm ô tô,Quận Tân Bình,Phường 1,1337.1,1,Đường Lê Văn Sỹ,98.77346496148381,0.0,0.0,0.33280981228030815,9.0,15.0
83.0,6.0,15.6,Sổ hồng,Đầy đủ,10.8489966520871,106.666885779168,Chưa xác định,Quận Gò Vấp,Phường 16,62.6,1,Đường Lê Đức Thọ,91.96485623003194,0.0,0.0,8.115015974440896,40.0,13.5
62.0,1.0,10.0,Sổ hồng,Trống / Nhà thô,10.7885216416809,106.661349807961,Chưa xác định,Quận Tân Bình,Phường 5,193.2,0,Đường Cách Mạng Tháng Tám,49.125258799171846,0.0,0.0,50.88509316770187,2.0,10.9
84.0,3.0,4.0,Sổ hồng,Cơ bản,10.751652996333,106.701553779972,Chưa xác định,Quận 7,Phường Tân Hưng,498563.61,0,Phố Trần Xuân Soạn,95.4990898754123,0.0,0.11544564995427567,4.385462468871324,7.0,8.8
160.0,3.0,9.8,Sổ hồng,Trống / Nhà thô,10.808318389215,106.687684248548,Mặt tiền,Quận Bình Thạnh,Phường 6,65.9,1,Đường Hoàng Hoa Thám,26.039453717754167,0.0,0.0,73.96054628224582,10.0,23.0
52.0,3.0,3.0,Sổ hồng,Trống / Nhà thô,10.8060284243096,106.69050440898,Chưa xác định,Quận Bình Thạnh,Phường 7,75.2,0,Đường Hoàng Hoa Thám,22.712765957446805,0.0,0.0,77.2872340425532,14.0,6.99
32.0,4.0,5.0,Sổ hồng,Đầy đủ,10.8383342310801,106.63654323457,Hẻm ô tô,Quận Gò Vấp,Phường 12,974.2,0,Đường Phan Huy Ích,32.08786696776843,0.0,0.0,67.91110654896325,7.0,4.0
111.0,5.0,6.0,Sổ hồng,Đầy đủ,10.83641258603,106.636032611132,Hẻm ô tô,Quận Gò Vấp,Phường 12,1173.3,0,Đường Bùi Quang Là,50.902582459728976,49.101679024972306,0.0,0.0,34.0,18.6
96.0,4.0,6.0,Sổ hồng,Đầy đủ,10.8173065702487,106.58804559692,Mặt tiền,Quận Bình Tân,Phường Bình Hưng Hòa B,1110.2,0,Đường Bình Thành,12.783282291479011,0.0,0.0,87.21401549270401,9.0,8.1
75.0,5.0,9.6,Sổ hồng,Trống / Nhà thô,10.789617135279,106.691797743454,Chưa xác định,Quận 1,Phường Tân Định,218.8,1,Đường Đinh Công Tráng,4.337294332723949,0.0,0.0,95.68098720292504,19.0,19.5
50.0,2.0,4.6000000000000005,Sổ hồng,Đầy đủ,10.8379742174377,106.636090340894,Hẻm ô tô,Quận Gò Vấp,Phường 12,3041.6,1,Đường Phan Huy Ích,8.76808258811152,0.0,0.9333903208837454,90.29984218832193,4.0,5.9
183.0,3.0,12.0,Sổ hồng,Trống / Nhà thô,10.7695587554665,106.782312714482,Chưa xác định,Quận 2,Phường Cát Lái,,0,Đường Nguyễn Thị Định,,,,,7.0,22.2
31.0,1.0,8.0,Sổ hồng,Cơ bản,10.766367170185,106.644892470828,Mặt tiền,Quận 11,Phường 14,50.9,0,Đường Ông Bích Khiêm,4.106090373280943,0.0,0.0,95.81532416502948,5.0,6.1
65.0,4.0,5.0,Sổ hồng,Cơ bản,10.8005275527098,106.789328448888,Hẻm ô tô,Quận 2,Phường Cát Lái,,0,Đường 11,,,,,8.0,6.0
52.0,3.0,6.0,Sổ hồng,Đầy đủ,10.7646655579396,106.616350134523,Hẻm ô tô,Quận Bình Tân,Phường Bình Trị Đông,1912.0,0,Unknown,68.26464435146443,0.0,1.4843096234309623,30.252092050209207,6.0,5.6
71.0,2.0,6.0,Sổ hồng,Cơ bản,10.8867385173187,106.723875158363,Mặt tiền,Thành phố Thủ Đức,Phường Bình Chiểu,,0,Đường Ngô Chí Quốc,,,,,3.0,4.8
37.0,1.0,3.0,Sổ hồng,Trống / Nhà thô,10.8276212476312,106.767872024617,Mặt tiền,Quận 9,Phường Phước Long A,,0,Đường Số 212,,,,,2.0,3.15
97.0,6.0,7.0,Sổ hồng,Đầy đủ,10.7894121206695,106.693038883785,Hẻm ô tô,Quận 1,Phường Đa Kao,611.5,0,Đường Võ Thị Sáu,12.480784955028618,0.0,87.51757972199509,0.0,15.0,26.99
23.0,4.0,3.0,Sổ hồng,Trống / Nhà thô,10.7918687785146,106.691432289177,Mặt tiền,Quận 1,Phường Tân Định,1111.1,1,Đường Trần Quang Khải,94.61254612546126,0.0,0.0,5.391953919539196,5.0,10.0
108.0,4.0,10.0,Sổ hồng,Đầy đủ,10.8032363092858,106.715947480874,Chưa xác định,Quận Bình Thạnh,Phường 25,157.8,0,Đường Nguyễn Gia Trí,2.801013941698352,0.0,0.0,97.16730038022814,14.0,20.0
100.0,4.0,16.599999999999998,không có,Trống / Nhà thô,21.0289486097874,105.852447225903,Mặt tiền,Quận 2,Phường An Phú,,1,Đường Song Hành,,,,,9.0,22.95
53.0,4.0,5.0,Sổ hồng,Cơ bản,10.8084037123674,106.687942323559,Mặt tiền,Quận Bình Thạnh,Phường 6,1054.5,1,Đường Hoàng Hoa Thám,87.72403982930298,0.0,0.0,12.275960170697012,7.0,9.2
600.0,2.0,8.0,Sổ hồng,Trống / Nhà thô,10.7839012974498,106.694650769998,Chưa xác định,Quận 3,Phường Võ Thị Sáu,6522.7,1,Đường Phạm Ngọc Thạch,94.31861039140233,0.0,5.681542919343217,0.0,10.0,145.0
139.0,4.0,6.0,Sổ hồng,Đầy đủ,10.7896212992541,106.675096318153,Hẻm ô tô,Quận 3,Phường 12,54.7,0,Đường Lê Văn Sỹ,45.50274223034735,0.0,0.0,54.588665447897625,26.0,22.379
68.0,4.0,8.0,Sổ hồng,Đầy đủ,10.8379558141691,106.636188982695,Hẻm ô tô,Quận Gò Vấp,Phường 12,3041.6,0,Đường Phan Huy Ích,8.76808258811152,0.0,0.9333903208837454,90.29984218832193,9.0,8.8
96.0,4.0,14.0,Sổ hồng,Trống / Nhà thô,10.7853583047136,106.621718409672,Mặt tiền,Quận Tân Phú,Phường Phú Thọ Hòa,671.2,0,Đường Lê Lư,47.85458879618593,0.0,0.0,52.14243146603099,9.0,10.8
58.0,4.0,4.933333333333334,Sổ hồng,Trống / Nhà thô,10.7895650987974,106.691569459391,Mặt tiền,Quận 1,Phường Tân Định,122.5,1,Đường Đinh Công Tráng,11.902040816326531,0.0,0.0,88.12244897959184,10.0,23.5
78.0,4.0,12.0,Sổ hồng,Đầy đủ,10.7410653577628,106.716187281041,Chưa xác định,Quận 7,Phường Tân Quy,65.6,0,Đường Số 51,9.329268292682928,0.0,0.0,90.62500000000001,9.0,17.8
177.0,3.0,15.0,không có,Trống / Nhà thô,10.8447048074181,106.753486494065,Mặt tiền,Thành phố Thủ Đức,Phường Trường Thọ,,1,Đường Số 11,,,,,7.0,11.5
233.0,2.0,8.0,Sổ hồng,Đầy đủ,10.831878313819,106.729514213945,Mặt tiền,Thành phố Thủ Đức,Phường Hiệp Bình Chánh,,1,Đường Số 1,,,,,6.0,38.0
53.0,5.0,4.0,Sổ hồng,Cơ bản,10.8095542493968,106.689471945826,Mặt tiền,Quận Bình Thạnh,Phường 5,95.7,0,Đường Nguyễn Văn Đậu,14.44096133751306,0.0,0.0,85.55903866248693,13.0,10.5
99.0,3.0,7.6,Sổ hồng,Trống / Nhà thô,10.806083912138,106.690506515333,Chưa xác định,Quận Bình Thạnh,Phường 7,668.9,1,Đường Hoàng Hoa Thám,79.57542233517717,0.0,0.0,20.421587681267752,6.0,9.97
67.0,5.0,6.0,Sổ hồng,Trống / Nhà thô,10.7647886107955,106.616286635324,Mặt tiền,Quận Bình Tân,Phường Bình Trị Đông,1912.0,0,Unknown,68.26464435146443,0.0,1.4843096234309623,30.252092050209207,9.0,6.89
56.0,3.0,7.0,Sổ hồng,Cơ bản,10.8734978936253,106.768388488288,Chưa xác định,Thành phố Thủ Đức,Phường Hiệp Bình Chánh,,0,Đường 17,,,,,8.0,8.85
82.0,4.0,13.0,Sổ hồng,Đầy đủ,10.7712534912588,106.67091158146,Chưa xác định,Quận 10,Phường 12,4450.0,1,Đường Trần Thiện Chánh,56.812359550561794,43.18067415730337,0.0,0.0,9.0,21.0
44.0,1.0,6.0,Sổ hồng,Trống / Nhà thô,10.7828440432876,106.608630574887,Mặt tiền,Quận Bình Tân,Phường Bình Hưng Hòa A,479.2,0,Đường Số 6,12.37270450751252,0.0,0.0,87.63146911519199,3.0,4.98
82.0,5.0,8.0,Sổ hồng,Đầy đủ,10.7936243160035,106.590552953337,Chưa xác định,Quận Bình Tân,Phường Bình Hưng Hòa B,543.1,0,Đường Số 6,70.01288897072362,0.0,0.0,29.97974590314859,9.0,7.0
44.0,3.0,4.0,Sổ đỏ,Đầy đủ,10.8248261752874,106.635376954979,Hẻm ô tô,Quận Tân Bình,Phường 15,2208.1,1,Đường Hoàng Bật Đạt,30.05615687695304,0.0,0.0,69.9420316108872,6.0,7.45
144.0,3.0,12.0,Sổ hồng,Trống / Nhà thô,10.7295251647766,106.63237455328,Mặt tiền,Quận 8,Phường 16,1865.3,0,Đường Phú Định,99.58612555621079,0.0,0.0,0.4122661234117837,30.0,12.8
22.0,4.0,3.0,Sổ hồng,Cơ bản,10.7660482571524,106.66751002478,Mặt tiền,Quận 10,Phường 9,1500.0,0,Đường Nguyễn Tri Phương,99.97733333333333,0.0,0.0,0.0,6.0,5.7
60.0,4.0,6.0,Sổ hồng,Đầy đủ,10.8067783967102,106.694759910408,Chưa xác định,Quận Bình Thạnh,Phường 7,327.8,0,Đường Nơ Trang Long,10.408785845027454,0.2043929225137279,0.0,89.38377059182429,9.0,11.5
54.0,2.0,8.0,Sổ đỏ,Trống / Nhà thô,10.8529797935105,106.720002502019,Chưa xác định,Thành phố Thủ Đức,Phường Hiệp Bình Phước,,1,Đường Quốc Lộ 13,,,,,5.0,4.5
74.0,4.0,12.0,Sổ hồng,Đầy đủ,10.8116816637944,106.709144278772,Mặt tiền,Quận Bình Thạnh,Phường 26,1049.9,0,Đường Đinh Bộ Lĩnh,98.97895037622631,0.0,0.0,1.0239070387655966,7.0,12.8
85.0,4.0,6.0,Sổ hồng,Đầy đủ,10.8436349184201,106.649389856098,Hẻm ô tô,Quận Gò Vấp,Phường 9,385.3,0,Đường Nguyễn Văn Khối,3.361017389047495,0.0,0.0,96.63379185050609,8.0,9.9
74.0,1.0,6.0,Sổ hồng,Trống / Nhà thô,10.7435252748565,106.722776081116,Chưa xác định,Quận 7,Phường Bình Thuận,49331.1,0,Đường Nguyễn Thị Thập,58.96132460050557,41.03871594187034,0.0,0.0,10.0,9.7
175.0,4.0,30.0,Sổ đỏ,Trống / Nhà thô,10.8058843802126,106.789887051839,Mặt tiền,Quận 9,Phường Phú Hữu,,0,Unknown,,,,,13.0,29.8
40.0,2.0,6.0,Sổ hồng,Cơ bản,10.8046762703301,106.639385284879,Mặt tiền,Quận Tân Bình,Phường 13,104.9,0,Đường Nhất Chi Mai,18.112488083889417,0.0,0.0,81.87797902764538,4.0,6.99
65.0,3.0,5.0,Sổ hồng,Đầy đủ,10.7817037760597,106.674560544004,Chưa xác định,Quận 10,Phường 13,76.8,0,Đường Cách Mạng Tháng Tám,61.341145833333336,0.0,0.0,38.684895833333336,11.0,9.5
80.0,5.0,8.0,Sổ hồng,Đầy đủ,10.8652157721439,106.618352828365,Hẻm ô tô,Quận 12,Phường Tân Chánh Hiệp,,0,Đường Tân Chánh Hiệp 18,,,,,12.0,8.25
64.0,6.0,20.0,không có,Cơ bản,10.7344674416865,106.62046784035,Mặt tiền,Quận Bình Tân,Phường An Lạc,62.0,0,Đường An Dương Vương,27.725806451612904,0.0,0.0,72.2741935483871,10.0,14.4
55.0,5.0,3.0,Sổ hồng,Đầy đủ,10.7734401291095,106.698188626722,Chưa xác định,Quận 1,Phường Bến Thành,3448.8,0,Đường Lê Thánh Tôn,97.10797958710276,0.0,2.8934701925307356,0.0,19.0,28.7
60.0,5.0,8.0,Sổ hồng,Trống / Nhà thô,10.7923358712615,106.691636968814,Mặt tiền,Quận 1,Phường Tân Định,73.4,1,Đường Trần Quang Khải,0.0,0.0,0.0,99.97275204359671,11.0,35.5
60.0,1.0,6.0,Sổ hồng,Trống / Nhà thô,10.88642757444,106.768277775396,Chưa xác định,Thành phố Thủ Đức,Phường Linh Xuân,,0,Đường Số 11,,,,,2.0,4.3
78.0,4.0,8.0,Sổ hồng,Đầy đủ,10.6927386708749,106.740732378908,Mặt tiền,Huyện Nhà Bè,Thị trấn Nhà Bè,408.7,0,Đường Huỳnh Tấn Phát,56.650354783459754,0.0,0.0,43.3594323464644,9.0,8.2
62.0,3.0,5.0,Sổ hồng,Đầy đủ,10.831360095095,106.633567996323,Chưa xác định,Quận Tân Bình,Phường 15,162.9,0,Đường Phan Huy Ích,36.70349907918968,0.0,0.0,63.2719459791283,6.0,7.0
64.0,4.0,7.0,Sổ hồng,Đầy đủ,10.6929017446905,106.740771917791,Chưa xác định,Huyện Nhà Bè,Thị trấn Nhà Bè,1136.2,0,Đường Huỳnh Tấn Phát,89.45696180249956,0.0,0.0,10.54215807076219,7.0,6.68
43.0,4.0,5.0,Sổ hồng,Cơ bản,10.7541800530229,106.647037782567,Hẻm ô tô,Quận 11,Phường 16,61.8,0,Đường Hồng Bàng,27.653721682847898,0.0,0.0,72.34627831715211,7.0,6.8
110.0,3.0,3.0,Sổ hồng,Cơ bản,10.8472995781132,106.755384953106,Mặt tiền,Thành phố Thủ Đức,Phường Trường Thọ,,0,Đường Hồ Văn Tư,,,,,9.0,5.4
73.0,3.0,20.0,Sổ hồng,Đầy đủ,10.7501764151592,106.679049198648,Mặt tiền,Quận 8,Phường 8,1258.2,0,Đường Hưng Phú,93.41917024320459,0.0,0.0,6.581624542997934,6.0,13.8
50.0,2.0,4.0,Sổ hồng,Trống / Nhà thô,10.8444083677243,106.595244988028,Hẻm ô tô,Huyện Hóc Môn,Xã Bà Điểm,157.8,0,Đường Trần Văn Mười,0.0,0.0,0.0,100.0,7.0,3.99
66.0,3.0,6.0,không có,Trống / Nhà thô,10.7793222016551,106.662628648484,Mặt tiền,Quận 10,Phường 15,502.0,1,Đường Đồng Nai,26.223107569721112,0.0,0.0,73.77091633466135,8.0,11.5
100.0,4.0,12.0,Sổ hồng,Đầy đủ,10.8307073953836,106.705465765441,Chưa xác định,Quận Bình Thạnh,Phường 13,4489.4,0,Đường Bình Lợi,77.58319597273578,0.0,0.0,22.416358533434313,9.0,13.8
52.0,2.0,5.0,Sổ hồng,Trống / Nhà thô,10.7749751869261,106.76487352699,Chưa xác định,Thành phố Thủ Đức,Phường Thạnh Mỹ Lợi,,0,Đường 18,,,,,5.0,6.95
224.0,2.0,12.0,Sổ hồng,Trống / Nhà thô,10.852900801037,106.720368451751,Mặt tiền,Thành phố Thủ Đức,Phường Hiệp Bình Phước,,0,Unknown,,,,,6.0,14.8
45.0,5.0,9.75,Sổ hồng,Đầy đủ,10.7510665358706,106.721795916954,Chưa xác định,Quận 7,Phường Tân Thuận Tây,35289.4,1,Unknown,,,,,10.0,4.95
90.0,2.0,6.0,Sổ hồng,Trống / Nhà thô,10.8211235961495,106.635652761437,Mặt tiền,Quận Tân Bình,Phường 15,1252.4,0,Đường Nguyễn Sỹ Sách,13.940434366017247,0.0,0.0,86.05876716703928,10.0,7.0
55.0,5.0,5.0,Sổ hồng,Đầy đủ,10.798568135357,106.605946936508,Hẻm ô tô,Quận Bình Tân,Phường Bình Hưng Hòa,1201.4,0,Đường 19,19.483935408689863,3.6449142666888616,76.87447977359746,0.0,9.0,7.6
400.0,1.0,26.6,Sổ hồng,Trống / Nhà thô,10.8074340474176,106.718772957812,Mặt tiền,Quận Bình Thạnh,Phường 22,2068.2,1,Đường Ung Văn Khiêm,33.80330722367276,15.597621119814331,0.0,50.600038680978635,14.0,130.0
81.0,4.0,7.666666666666667,Sổ hồng,Đầy đủ,10.6927808822516,106.740896502079,Chưa xác định,Huyện Nhà Bè,Thị trấn Nhà Bè,3078.9,1,Đường Đào Tông Nguyên,90.07047971678196,0.0,0.0,9.929195491896458,9.0,7.9
62.0,5.0,6.0,Sổ hồng,Đầy đủ,10.8656243373671,106.670557249706,Chưa xác định,Quận 12,Phường Thạnh Xuân,661.5,0,Đường Thạnh Xuân 33,2.2645502645502646,0.0,0.0,97.72940287226002,10.0,6.59
56.0,3.0,4.0,Sổ hồng,Trống / Nhà thô,10.72658306278585,106.59065080806612,Chưa xác định,Huyện Bình Chánh,Xã Tân Kiên,228.5,0,Phố Trần Đại Nghĩa,45.88621444201313,0.0,0.0,54.1050328227571,7.0,3.9
39.0,5.0,4.0,Sổ hồng,Đầy đủ,10.7938335612695,106.683133670027,Mặt tiền,Quận Phú Nhuận,Phường 17,76.4,1,Đường Đào Duy Từ,0.0,0.0,54.63350785340314,45.353403141361255,16.0,12.0
68.0,4.0,9.0,Sổ hồng,Đầy đủ,10.838113125192,106.636585516509,Chưa xác định,Quận Gò Vấp,Phường 12,3293.3,0,Đường Phan Huy Ích,97.92852154374032,0.0,1.259223271490602,0.8116478911729875,8.0,8.8
81.0,3.0,8.0,Sổ hồng,Đầy đủ,10.7979916546206,106.704900858777,Mặt tiền,Quận Bình Thạnh,Phường 17,3425.9,1,Đường Điện Biên Phủ,64.69774365860066,33.41837181470563,0.0,1.883300738492075,9.0,8.49
67.0,2.0,6.0,Sổ hồng,Trống / Nhà thô,10.7035504276237,106.703927732253,Hẻm ô tô,Huyện Nhà Bè,Xã Phước Kiển,1378.7,0,Đường Lê Văn Lương,29.897004424457823,9.67360557046493,0.0,60.43084064698628,4.0,5.5
53.0,4.0,6.0,Sổ hồng,Trống / Nhà thô,10.8424066651469,106.642782480388,Chưa xác định,Quận Gò Vấp,Phường 14,4018.4,1,Đường Quang Trung,82.11253235118456,0.0,0.0,17.887965359347003,9.0,7.6
79.0,5.0,14.0,Sổ hồng,Trống / Nhà thô,10.72962484018756,106.73554892762074,Mặt tiền,Quận 7,Phường Phú Thuận,4903.8,0,Unknown,97.59390676618132,0.0,0.0,2.4065010807944858,9.0,22.5
106.0,3.0,7.6,Sổ hồng,Đầy đủ,10.8071800456308,106.718503767047,Hẻm ô tô,Quận Bình Thạnh,Phường 25,218.4,1,Đường Ung Văn Khiêm,32.074175824175825,0.0,0.0,67.92582417582416,14.0,13.9
53.0,2.0,3.0,Sổ hồng,Trống / Nhà thô,10.7465622887178,106.688979279583,Mặt tiền,Quận 8,Phường 2,59.9,0,Đường Dương Bá Trạc,27.9465776293823,0.0,0.0,72.07011686143574,4.0,6.1
180.0,7.0,19.5,Sổ hồng,Đầy đủ,10.8440099563781,106.710040839865,Chưa xác định,Thành phố Thủ Đức,Phường Hiệp Bình Phước,,1,Đường Nguyễn Thị Nhung,,,,,11.0,45.0
81.0,5.0,8.0,Sổ hồng,Đầy đủ,10.8156537890808,106.60171702589,Mặt tiền,Quận Bình Tân,Phường Bình Hưng Hòa,2474.7,0,Đường Lê Trọng Tấn,71.49472663353134,21.350870812623754,0.0,7.156018911383198,11.0,9.2
75.0,5.0,3.0,Sổ hồng,Cơ bản,10.8285566122519,106.638915528101,Mặt tiền,Quận Tân Bình,Phường 15,897.7,0,Đường Trần Thánh Tông,87.73420964687534,0.0,0.0,12.269132226801826,7.0,8.0
94.0,5.0,14.0,Sổ hồng,Trống / Nhà thô,10.7986237594103,106.687679046811,Chưa xác định,Quận Phú Nhuận,Phường 2,,1,Đường Phan Xích Long,,,,,11.0,13.0
108.0,3.0,7.0,Sổ hồng,Trống / Nhà thô,10.8043928932073,106.642358790307,Chưa xác định,Quận Tân Bình,Phường 13,88.7,1,Đường Thân Nhân Trung,5.310033821871476,0.0,0.0,94.7237880496054,14.0,14.5
52.0,4.0,8.0,Sổ hồng,Trống / Nhà thô,10.766656105051,106.600294084816,Hẻm ô tô,Quận Bình Tân,Phường Bình Trị Đông A,643.8,0,Đường Hương lộ 2,54.96116806461634,0.0,0.0,45.03883193538366,7.0,6.58
84.0,3.0,6.0,Sổ hồng,Trống / Nhà thô,10.797556113092,106.658934535821,Hẻm ô tô,Quận Tân Bình,Phường 4,1701.4,0,Đường Út Tịch,98.46244269425178,1.5352063006935466,0.0,0.0,10.0,14.0
220.0,3.0,17.9,Sổ hồng,Đầy đủ,10.71354527159868,106.73427832925572,Chưa xác định,Quận 7,Phường Phú Mỹ,13111.0,1,Đường Hoàng Quốc Việt,28.916634886736333,47.465792082983754,0.0,23.617878117611166,10.0,32.0
64.0,2.0,4.0,Sổ hồng,Cơ bản,10.7515970808074,106.67015200139,Chưa xác định,Quận 5,Phường 6,83.5,0,Đường Nghĩa Thục,23.676646706586826,0.0,0.0,76.28742514970061,5.0,12.0
64.0,5.0,4.0,Sổ hồng,Đầy đủ,10.7848302619966,106.668779569873,Mặt tiền,Quận 3,Phường 11,1489.7,0,Đường Cách Mạng Tháng Tám,5.683694703631604,0.15909243471839968,0.0,94.15519903336242,15.0,13.5
86.0,4.0,5.0,không có,Trống / Nhà thô,10.8059038495695,106.668045830426,Chưa xác định,Quận Phú Nhuận,Phường 2,5853.3,1,Đường Phổ Quang,87.84087608699366,0.10387302888968616,9.882288623511524,2.172108041617549,9.0,25.0
212.0,2.0,6.0,Sổ hồng,Trống / Nhà thô,10.7715903171319,106.645982519781,Hẻm ô tô,Quận 11,Phường 5,60.2,0,Đường Lạc Long Quân,1.6943521594684385,0.0,0.0,98.30564784053155,10.0,14.5
213.0,1.0,8.6,không có,Trống / Nhà thô,10.7957114667206,106.64093114601,Chưa xác định,Quận Tân Bình,Phường 14,434.9,1,Đường Trương Công Định,85.21269257300528,0.0,0.0,14.782708668659463,9.0,33.0
97.0,2.0,3.0,Sổ hồng,Đầy đủ,10.7477980202393,106.68566401379,Chưa xác định,Quận 8,Phường 2,45.1,0,Đường Nguyễn Thị Tần,0.0,0.0,0.0,100.0,4.0,7.99
115.0,4.0,20.0,Sổ hồng,Trống / Nhà thô,10.8151321398871,106.672987961269,Mặt tiền,Quận Tân Bình,Phường 2,1132.9,0,Đường Bạch Đằng,99.31503221820105,0.0,0.0,0.6840850913584605,12.0,23.8
45.0,2.0,4.666666666666666,Sổ hồng,Trống / Nhà thô,10.8194829938112,106.676663359374,Mặt tiền,Quận Gò Vấp,Phường 3,330.1,1,Đường Số 7,0.0,0.0,100.0,0.0,6.0,7.45
59.0,3.0,6.300000000000001,không có,Trống / Nhà thô,10.742364421691,106.716668525219,Mặt tiền,Quận 7,Phường Bình Thuận,110.1,1,Đường Số 45,5.449591280653951,0.0,0.0,94.50499545867393,8.0,10.0
410.0,4.0,40.0,Sổ hồng,Trống / Nhà thô,10.7907640078195,106.637471412156,Mặt tiền,Quận Tân Phú,Phường Tân Thành,1502.4,0,Đường Lũy Bán Bích,70.68690095846645,3.7693024494142704,0.0,25.545127795527158,14.0,79.0
80.0,2.0,8.1,Sổ hồng,Trống / Nhà thô,10.85877332217,106.753211282194,Chưa xác định,Thành phố Thủ Đức,Phường Linh Tây,,1,Đường Số 6,,,,,6.0,5.4
120.0,3.0,30.0,Sổ hồng,Cơ bản,10.7872021333239,106.806221527599,Mặt tiền,Quận 9,Phường Phú Hữu,,0,Đường Nguyễn Thị Tư,,,,,8.0,9.0
215.0,1.0,12.3,Sổ hồng,Đầy đủ,10.7961369801949,106.665245229808,Mặt tiền,Quận Tân Bình,Phường 2,112.2,1,Đường Lê Văn Sỹ,19.607843137254903,2.032085561497326,0.0,78.37789661319073,48.0,59.0
54.0,2.0,5.0,Sổ đỏ,Cơ bản,10.8267583060207,106.616795137525,Hẻm ô tô,Quận 12,Phường Tân Thới Nhất,2501.4,0,Đường Dương Thị Giang,12.485408171424002,0.0,0.0,87.51299272407452,7.0,4.68
67.0,4.0,12.0,Sổ hồng,Cao cấp,10.8299951426377,106.702647967363,Mặt tiền,Quận Bình Thạnh,Phường 13,1905.3,0,Đường Đặng Thùy Trâm,84.7178921954548,0.40990920065081615,0.0,14.871148900435626,8.0,9.9
82.0,5.0,14.0,Sổ hồng,Đầy đủ,10.8032240865789,106.716219165497,Mặt tiền,Quận Bình Thạnh,Phường 25,183.8,0,Đường Nguyễn Gia Trí,0.0,0.0,0.0,99.99455930359085,12.0,23.0
66.0,4.0,6.0,Sổ hồng,Đầy đủ,10.8061154427169,106.615638572306,Mặt tiền,Quận Tân Phú,Phường Sơn Kỳ,1913.4,0,Unknown,1.247517508100763,98.75039197240514,0.0,0.0,11.0,11.5
61.0,4.0,8.5,Sổ đỏ,Trống / Nhà thô,10.778753094071,106.761602434665,Chưa xác định,Quận 2,Phường Thạnh Mỹ Lợi,,1,Đường Thạnh Mỹ Lợi,,,,,10.0,11.5
120.0,3.0,6.0,Sổ hồng,Đầy đủ,10.767278,106.77869,Mặt tiền,Quận 2,Phường Cát Lái,,0,Phố Đông Village,,,,,9.0,15.5
64.0,3.0,11.666666666666668,Sổ hồng,Trống / Nhà thô,10.739752501101,106.677896804604,Mặt tiền,Quận 8,Phường 4,8587.5,1,Đường Cao Lỗ,22.052634643377,0.0,0.0,77.94748180494905,9.0,10.8
28.0,4.0,4.0,Sổ hồng,Trống / Nhà thô,10.8159323148684,106.695206156219,Chưa xác định,Quận Bình Thạnh,Phường 11,736.3,0,Đường Phan Văn Trị,93.2106478337634,0.0,0.0,6.787994024174929,6.0,4.55
90.0,1.0,7.0,Sổ hồng,Trống / Nhà thô,10.874546645412,106.62099462549,Mặt tiền,Huyện Hóc Môn,Xã Thới Tam Thôn,163.0,0,Đường Thới Tam Thôn 17,0.0,99.9877300613497,0.0,0.0,4.0,3.35
56.0,3.0,5.3999999999999995,Sổ hồng,Đầy đủ,10.8192500967904,106.702888000025,Mặt tiền,Quận Bình Thạnh,Phường 13,442.1,1,Đường Nơ Trang Long,0.0,0.0,0.0,99.99547613662067,7.0,9.13
28.0,2.0,5.0,Sổ hồng,Đầy đủ,10.7614418343734,106.662163519552,Mặt tiền,Quận 10,Phường 7,15189.0,0,Đường Nguyễn Kim,75.56745012838238,4.395220225162947,0.0,20.036342089670153,4.0,5.67
96.0,3.0,8.0,Sổ hồng,Trống / Nhà thô,10.7658992025614,106.667689782921,Hẻm ô tô,Quận 10,Phường 9,111.0,0,Đường Nguyễn Tri Phương,10.72072072072072,0.0,0.0,89.58558558558558,10.0,19.5
70.0,5.0,8.1,Sổ hồng,Trống / Nhà thô,10.7986116690203,106.697998455575,Chưa xác định,Quận Bình Thạnh,Phường 1,82.1,1,Unknown,0.0,0.0,0.0,99.9634591961023,6.0,11.5
46.0,5.0,3.0,Sổ hồng,Trống / Nhà thô,10.8126066635783,106.68510593869,Mặt tiền,Quận Bình Thạnh,Phường 5,1779.6,0,Đường Nguyễn Thượng Hiền,6.47954596538548,87.78264778601934,0.0,5.740053944706677,16.0,8.5
33.0,4.0,8.0,Sổ hồng,Đầy đủ,10.7437394256376,106.684241706152,Mặt tiền,Quận 8,Phường 3,2232.8,0,Đường Âu Dương Lân,79.87594052310999,0.0,0.0,20.12271587244715,6.0,5.8
261.0,3.0,20.0,Sổ hồng,Đầy đủ,10.8071517512887,106.675741112268,Mặt tiền,Quận Phú Nhuận,Phường 9,258.1,0,Đường Đào Duy Anh,4.641611778380472,0.0,0.0,95.33901588531576,31.0,60.0
68.0,3.0,5.0,Sổ hồng,Đầy đủ,10.764263013731,106.704739342236,Hẻm ô tô,Quận 4,Phường 12,1443.3,1,Đường Lê Quốc Hưng,88.79027229266265,0.0,11.209034850689392,0.0,9.0,14.0
323.0,7.0,40.0,Sổ hồng,Trống / Nhà thô,10.7759730974113,106.610779105108,Mặt tiền,Quận Bình Tân,Phường Bình Hưng Hòa A,3103.2,0,Đường Lê Văn Quới,7.443606599639082,0.0,0.0,92.55800464037124,12.0,88.0
114.0,5.0,14.6,Sổ hồng,Trống / Nhà thô,10.7845701318181,106.672817620158,Chưa xác định,Quận 3,Phường 11,125.9,1,Đường Trần Văn Đang,37.25178713264496,0.0,62.71644162033358,0.0,40.0,20.0
83.0,5.0,6.0,Sổ hồng,Đầy đủ,10.799734621041,106.673417770631,Hẻm ô tô,Quận Phú Nhuận,Phường 8,11753.9,0,Đường Hoàng Văn Thụ,97.46960583295757,2.5260551816843773,0.0,0.0,13.0,16.5
24.0,3.0,4.0,Sổ hồng,Đầy đủ,10.7978720475118,106.705100008854,Chưa xác định,Quận Bình Thạnh,Phường 17,3425.9,1,Đường Điện Biên Phủ,64.69774365860066,33.41837181470563,0.0,1.883300738492075,6.0,5.15
90.0,4.0,13.136363636363637,Sổ hồng,Trống / Nhà thô,10.8294486716917,106.730336209582,Chưa xác định,Thành phố Thủ Đức,Phường Hiệp Bình Chánh,,1,Đường 18,,,,,10.0,10.8
101.0,4.0,30.0,Sổ hồng,Đầy đủ,21.0289486097874,105.852447225903,Mặt tiền,Quận 2,Phường An Phú,,0,Đường 11A,,,,,9.0,26.0
45.0,3.0,5.0,Sổ hồng,Đầy đủ,10.8027581238885,106.677848998743,Chưa xác định,Quận Phú Nhuận,Phường 9,150.1,0,Đường Đỗ Tấn Phong,73.53764157228514,0.0,0.0,26.469020652898067,8.0,7.39
73.0,5.0,16.0,Sổ hồng,Trống / Nhà thô,10.7840297693168,106.651248512219,Mặt tiền,Quận Tân Bình,Phường 8,43.6,0,Đường Lạc Long Quân,13.027522935779814,0.0,0.0,86.90366972477064,8.0,19.5
56.0,4.0,16.0,Sổ hồng,Cơ bản,10.8062265248931,106.61592281288,Mặt tiền,Quận Tân Phú,Phường Sơn Kỳ,1187.7,0,Đường DC7,71.71002778479414,28.292498105582215,0.0,0.0,7.0,8.9
118.0,4.0,14.2,Sổ hồng,Trống / Nhà thô,10.7709608924497,106.690877434935,Chưa xác định,Quận 1,Phường Bến Thành,2328.2,1,Đường Lê Thị Riêng,5.05154196374882,94.39481144231596,0.5514990121123615,0.0,40.0,34.0
78.0,2.0,4.0,không có,Đầy đủ,10.8371020481921,106.680710511287,Chưa xác định,Quận Gò Vấp,Phường 6,12499.9,1,Đường Lê Đức Thọ,18.925671405371244,81.07424859398876,0.0,0.0,5.0,12.8
90.0,4.0,10.0,không có,Trống / Nhà thô,10.8089375776085,106.677303566967,Mặt tiền,Quận Phú Nhuận,Phường 9,1047.6,1,Đường Bùi Văn Thêm,0.0,0.0,0.0,99.99809087437953,8.0,25.3
68.0,6.0,30.0,Sổ hồng,Đầy đủ,10.736970476603,106.628200891012,Mặt tiền,Quận 6,Phường 10,58.4,0,Đường Song Hành,0.0,0.0,0.0,99.93150684931507,17.0,15.2
121.0,6.0,25.0,Sổ hồng,Trống / Nhà thô,10.7938994166444,106.689539242115,Mặt tiền,Quận 1,Phường Tân Định,120.1,0,Đường Trần Nhật Duật,11.240632805995004,0.0,0.0,88.74271440466278,31.0,75.0
26.0,3.0,2.0,Sổ hồng,Cơ bản,10.8275985588254,106.684516311597,Chưa xác định,Quận Gò Vấp,Phường 7,106.2,0,Đường Nguyễn Du,0.0,0.0,0.0,100.0,7.0,4.39
333.0,5.0,15.4,Sổ hồng,Trống / Nhà thô,10.84037,106.8447,Chưa xác định,Quận 9,Phường Long Thạnh Mỹ,,1,Unknown,,,,,11.0,36.5
72.0,3.0,5.333333333333334,không có,Trống / Nhà thô,10.7983640782517,106.667471221333,Chưa xác định,Quận Tân Bình,Phường 1,1533.0,1,Đường Nguyễn Trọng Tuyển,93.62230919765166,0.817351598173516,0.0,5.561643835616438,9.0,12.5
42.0,3.0,6.0,Sổ hồng,Đầy đủ,10.7440660459939,106.697333403472,Mặt tiền,Quận 7,Phường Tân Hưng,498563.61,0,Unknown,95.4990898754123,0.0,0.11544564995427567,4.385462468871324,7.0,8.1
367.0,6.0,25.2,không có,Trống / Nhà thô,10.80397,106.6174,Chưa xác định,Quận Tân Phú,Phường Sơn Kỳ,2574.2,1,Đường N1,22.133866832413954,77.86496775697304,0.0,0.0,13.0,22.65
62.0,4.0,4.0,Sổ hồng,Trống / Nhà thô,10.8082989298597,106.698267771524,Hẻm ô tô,Quận Bình Thạnh,Phường 12,497.0,0,Đường Ngô Đức Kế,20.94969818913481,0.0,0.0,79.0503018108652,14.0,9.79
73.0,2.0,3.0,Sổ hồng,Trống / Nhà thô,10.747611991044,106.715975542049,Chưa xác định,Quận 7,Phường Tân Kiểng,76.5,0,Đường Lâm Văn Bền,48.79738562091503,0.0,0.0,51.22875816993464,8.0,5.6
66.0,3.0,6.0,Sổ hồng,Trống / Nhà thô,10.7780601240212,106.655908372263,Mặt tiền,Quận 11,Phường 15,1635.3,1,Phố Lý Thường Kiệt,80.18100654314195,0.0,0.0,19.822050999816547,8.0,14.0
160.0,3.0,12.0,Sổ hồng,Trống / Nhà thô,10.7870441994257,106.72963756558,Chưa xác định,Quận 2,Phường An Khánh,,0,Đường Trần Não,,,,,8.0,56.0
48.0,5.0,6.0,Sổ hồng,Đầy đủ,10.8553206796981,106.655347516248,Chưa xác định,Quận Gò Vấp,Phường 13,2105.2,0,Đường Lê Đức Thọ,19.63186395591868,80.36718601558049,0.0,0.0,8.0,7.69
59.0,3.0,8.0,Sổ hồng,Cơ bản,10.8709928924325,106.6287632477,Mặt tiền,Quận 12,Phường Tân Chánh Hiệp,,0,Đường Lâm Thị Hố,,,,,9.0,6.7
40.0,2.0,11.200000000000001,Sổ hồng,Đầy đủ,10.7898282072259,106.690027594787,Chưa xác định,Quận 1,Phường Tân Định,3273.4,1,Phố Hai Bà Trưng,30.517199242377956,69.48432822142115,0.0,0.0,5.0,9.9
138.0,5.0,6.0,Sổ hồng,Đầy đủ,10.7873841041335,106.698462603197,Mặt tiền,Quận 1,Phường Đa Kao,3363.2,0,Đường Nguyễn Đình Chiểu,0.7903187440532826,99.20997859181733,0.0,0.0,22.0,43.0
192.0,10.0,25.6,không có,Trống / Nhà thô,10.7875949441361,106.685989123891,Mặt tiền,Quận 3,Phường Võ Thị Sáu,3286.7,1,Đường Nam Kỳ Khởi Nghĩa,93.46304804210911,0.0,0.0,6.53634344479265,16.0,89.0
100.0,4.0,25.0,không có,Trống / Nhà thô,21.0289486097874,105.852447225903,Mặt tiền,Quận 2,Phường An Phú,,0,Đường Đỗ Xuân Hợp,,,,,9.0,23.8
62.0,7.0,19.6,Sổ hồng,Cơ bản,10.8128979177228,106.70906620811,Chưa xác định,Quận Bình Thạnh,Phường 26,366.4,1,Đường Quốc Lộ 13,9.882641921397381,0.0,0.0,90.12008733624455,9.0,12.6
66.0,2.0,5.0,Sổ hồng,Cơ bản,10.808295151105,106.687787361418,Chưa xác định,Quận Bình Thạnh,Phường 6,374.8,0,Đường Hoàng Hoa Thám,8.575240128068302,0.0,0.0,91.42209178228387,7.0,10.45
145.0,6.0,12.0,Sổ hồng,Đầy đủ,10.8044387954637,106.625947065558,Mặt tiền,Quận Tân Phú,Phường Sơn Kỳ,833.0,0,Phố Đỗ Nhuận,0.0,0.0,0.0,99.99759903961585,18.0,25.0
35.0,2.0,2.5,Sổ hồng,Trống / Nhà thô,10.8417210624173,106.647495090852,Hẻm ô tô,Quận Gò Vấp,Phường 8,889.3,1,Đường Số 14,0.0,0.0,0.0,99.99887552007198,4.0,3.9
48.0,5.0,6.0,Sổ đỏ,Trống / Nhà thô,10.8349589883977,106.664947601286,Hẻm ô tô,Quận Gò Vấp,Phường 10,575.8,0,Đường Thống Nhất,0.0,0.0,0.0,100.0,14.0,9.3
50.0,4.0,5.0,Sổ hồng,Trống / Nhà thô,10.7863108226601,106.758275249009,Chưa xác định,Quận 2,Phường Bình Trưng Tây,,0,Đường Số 5,,,,,10.0,7.99
80.0,4.0,10.0,Sổ hồng,Cơ bản,10.7884376577076,106.661108580528,Mặt tiền,Quận Tân Bình,Phường 12,63.7,0,Đường K300,34.77237048665619,0.0,0.0,65.16483516483515,9.0,11.9
40.0,3.0,4.0,Sổ hồng,Đầy đủ,10.7308809155901,106.732348604755,Chưa xác định,Quận 7,Phường Phú Thuận,541.9,1,Đường Huỳnh Tấn Phát,99.99630928215538,0.0,0.0,0.0,7.0,6.8
257.0,5.0,18.9,Sổ hồng,Trống / Nhà thô,10.7983144643719,106.630699948406,Mặt tiền,Quận Tân Phú,Phường Tân Sơn Nhì,56.4,1,Unknown,0.0,0.0,0.0,99.9290780141844,47.0,47.0
37.0,2.0,8.0,không có,Đầy đủ,10.7978553377518,106.698940629786,Chưa xác định,Quận Bình Thạnh,Phường 2,1075.0,0,Đường Bùi Hữu Nghĩa,67.53395348837209,0.0,0.0,32.46976744186046,6.0,8.6
316.0,7.0,33.9,Sổ hồng,Trống / Nhà thô,10.8300156642644,106.702156634826,Mặt tiền,Quận Bình Thạnh,Phường 13,2379.9,1,Đường Đặng Thùy Trâm,7.752426572545065,0.0,0.0,92.24757342745494,11.0,110.0
60.0,5.0,8.0,Sổ hồng,Trống / Nhà thô,10.7973227194067,106.679063538734,Mặt tiền,Quận Phú Nhuận,Phường 15,75.6,1,Đường Nguyễn Trọng Tuyển,26.269841269841272,0.0,0.0,73.76984126984128,11.0,10.9
53.0,3.0,8.0,Sổ đỏ,Trống / Nhà thô,10.7437508647888,106.684115156216,Mặt tiền,Quận 8,Phường 3,783.3,0,Đường Âu Dương Lân,93.19417847567982,0.0,0.0,6.8007149240393225,7.0,7.6
41.0,2.0,3.0,Sổ hồng,Cơ bản,10.7494458688021,106.63942799982,Mặt tiền,Quận 6,Phường 12,3272.9,0,Đường Hậu Giang,7.236395856885331,92.76421522197438,0.0,0.0,5.0,4.2
57.0,7.0,30.0,Sổ hồng,Trống / Nhà thô,10.7603941976518,106.688456214148,Mặt tiền,Quận 1,Phường Nguyễn Cư Trinh,11818.0,0,Đường Trần Hưng Đạo,0.32763580978168894,99.37205957014724,0.0,0.3002200033846674,9.0,41.0
25.0,2.0,6.35,Sổ hồng,Đầy đủ,10.7983128331329,106.682958206428,Hẻm ô tô,Quận Phú Nhuận,Phường 1,60.0,1,Đường Phan Đình Phùng,0.0,0.0,0.0,100.0,3.0,4.05
108.0,5.0,12.0,không có,Trống / Nhà thô,10.835679,106.842766,Chưa xác định,Quận 9,Phường Long Thạnh Mỹ,,0,Đường Nguyễn Xiển,,,,,12.0,22.7
105.0,3.0,4.0,Sổ hồng,Đầy đủ,10.8125171287792,106.687781629338,Chưa xác định,Quận Bình Thạnh,Phường 5,797.6,0,Unknown,31.381644934804413,68.61334002006018,0.0,0.0,8.0,12.8
68.0,4.0,6.0,Sổ hồng,Đầy đủ,10.8080809227089,106.704147560647,Chưa xác định,Quận Bình Thạnh,Phường 24,1894.2,0,Đường Bùi Đình Túy,5.819343258367649,94.18224052370392,0.0,0.0,11.0,12.8
75.0,3.0,6.0,Sổ hồng,Trống / Nhà thô,10.8564938056613,106.614274644703,Mặt tiền,Quận 12,Phường Trung Mỹ Tây,,0,Đường Đỗ Hành,,,,,7.0,6.5
72.0,2.0,4.8,Sổ hồng,Trống / Nhà thô,10.7551390141814,106.628028948461,Mặt tiền,Quận 6,Phường 13,53.2,1,Đường Cư Xá Phú Lâm B,100.0,0.0,0.0,0.0,2.0,4.2
80.0,1.0,8.0,Sổ hồng,Trống / Nhà thô,10.6512728465435,106.729646308313,Chưa xác định,Huyện Nhà Bè,Xã Long Thới,,0,Đường Nguyễn Văn Tạo,,,,,4.0,3.0
51.0,4.0,5.0,không có,Đầy đủ,10.8755696261506,106.685261290914,Chưa xác định,Quận 12,Phường Thạnh Lộc,4938.5,0,Đường Hà Huy Giáp,16.894401133947557,8.361850764402146,0.0,74.74293813911106,7.0,5.95
54.0,4.0,7.3,Sổ hồng,Cơ bản,10.790845,106.7107,Mặt tiền,Quận Bình Thạnh,Phường 19,7949.9,1,Đường Phạm Viết Chánh,9.204266720336106,0.0,0.0,90.79510434093511,14.0,26.0
90.0,4.0,13.136363636363637,Sổ hồng,Trống / Nhà thô,10.8296465097789,106.730633126046,Hẻm ô tô,Thành phố Thủ Đức,Phường Hiệp Bình Chánh,,1,Đường 18,,,,,10.0,9.9
110.0,5.0,20.0,Sổ hồng,Đầy đủ,10.84483,106.7182,Chưa xác định,Thành phố Thủ Đức,Phường Hiệp Bình Phước,,0,Unknown,,,,,8.0,22.0
72.0,5.0,20.0,Sổ hồng,Trống / Nhà thô,10.7588266377973,106.671166610029,Mặt tiền,Quận 5,Phường 9,6161.3,0,Đường Hùng Vương,97.93517601804813,0.0,0.0,2.064823981951861,11.0,22.0
70.0,4.0,10.0,Sổ hồng,Trống / Nhà thô,10.8305149283311,106.705685732528,Chưa xác định,Quận Bình Thạnh,Phường 13,36014.6,0,Đường Bình Lợi,12.228623946954848,87.7714871191128,0.0,0.0,9.0,15.5
62.0,4.0,4.0,Sổ hồng,Cơ bản,10.7745068662153,106.773482222759,Mặt tiền,Quận 2,Phường Cát Lái,,0,Unknown,,,,,14.0,7.5
161.0,2.0,6.0,Sổ hồng,Trống / Nhà thô,10.8128089273414,106.668697030085,Chưa xác định,Quận Tân Bình,Phường 2,133.9,0,Đường Yên Thế,2.890216579536968,0.0,0.0,97.09484690067212,9.0,21.0
75.0,2.0,7.0,Sổ hồng,Trống / Nhà thô,10.8298540987303,106.691647950496,Hẻm ô tô,Quận Gò Vấp,Phường 5,1288.1,0,Đường Số 20,22.319695675801572,39.798928654607565,37.882152006831774,0.0,7.0,9.9
56.0,4.0,16.0,Sổ hồng,Trống / Nhà thô,10.8117472453734,106.606520889077,Mặt tiền,Quận Bình Tân,Phường Bình Hưng Hòa,907.1,0,Đường Số 16,12.791312975416162,0.0,0.0,87.20537978172197,9.0,8.9
17.0,4.0,8.0,Sổ hồng,Đầy đủ,10.7810529176684,106.682243995179,Mặt tiền,Quận 3,Phường 9,813.3,1,Phố Bà Huyện Thanh Quan,0.17213820238534366,0.0,0.0,99.83155047338006,4.0,4.68
200.0,1.0,20.0,Sổ hồng,Đầy đủ,10.8043427120305,106.81600788074,Mặt tiền,Quận 9,Phường Long Trường,,0,Đường Nguyễn Duy Trinh,,,,,14.0,19.5
72.0,4.0,12.0,Sổ hồng,Trống / Nhà thô,10.8043313545664,106.625710656054,Mặt tiền,Quận Tân Phú,Phường Sơn Kỳ,749.8,0,Phố Đỗ Nhuận,58.09682582021873,0.0,0.0,41.89783942384636,9.0,9.8
48.0,2.0,6.0,Sổ hồng,Cơ bản,10.7987119735243,106.61347376079,Hẻm ô tô,Quận Tân Phú,Phường Sơn Kỳ,40.0,0,Đường Đoàn Giỏi,0.0,0.0,0.0,99.94999999999999,4.0,5.95
72.0,3.0,10.0,Sổ hồng,Đầy đủ,10.780038000025,106.668362088644,Mặt tiền,Quận 10,Phường 13,227.0,0,Đường Tô Hiến Thành,28.97797356828194,0.0,0.0,71.01762114537445,9.0,21.5
52.0,5.0,4.0,Sổ hồng,Cơ bản,10.7601894270013,106.707231402267,Chưa xác định,Quận 4,Phường 13,1625.4,0,Đường Tôn Đản,72.47200689061154,3.0607850375292234,0.0,24.467208071859233,10.0,6.2
40.0,4.0,20.0,Sổ đỏ,Trống / Nhà thô,10.7887887112421,106.69859737995,Mặt tiền,Quận 1,Phường Đa Kao,89.6,1,Đường Đinh Tiên Hoàng,0.0,0.0,100.0,0.0,5.0,18.9
25.0,3.0,4.0,Sổ hồng,Cơ bản,10.7851302157312,106.648126782722,Chưa xác định,Quận Tân Bình,Phường 10,74.5,1,Đường Bùi Thế Mỹ,15.114093959731543,0.0,0.0,84.88590604026845,6.0,3.15
30.0,5.0,6.0,Sổ đỏ,Trống / Nhà thô,10.7938723727659,106.681074287354,Chưa xác định,Quận Phú Nhuận,Phường 17,352.2,1,Đường Huỳnh Văn Bánh,34.579784213515055,0.0,0.0,65.41737649063033,9.0,6.35
68.0,4.0,8.0,Sổ hồng,Đầy đủ,10.8203877981185,106.704296682277,Hẻm ô tô,Quận Bình Thạnh,Phường 13,1306.4,0,Phố Nguyễn Xí,69.48714023270054,2.1785058175137784,0.0,28.33435394978567,14.0,14.5
124.0,3.0,14.0,Sổ hồng,Đầy đủ,10.7447752580652,106.708784450053,Mặt tiền,Quận 7,Phường Tân Quy,1243.7,0,Đường Số 19,99.53927796092306,0.0,0.0,0.46313419634960196,8.0,24.0
49.0,3.0,6.833333333333334,Sổ hồng,Đầy đủ,10.7612732586257,106.690400733326,Hẻm ô tô,Quận 1,Phường Cầu Ông Lãnh,884.3,1,Đường Trần Đình Xu,79.25590862829357,0.0,0.0,20.742960533755515,7.0,15.2
215.0,3.0,20.0,Sổ hồng,Trống / Nhà thô,10.7530246384543,106.614435285868,Chưa xác định,Quận Bình Tân,Phường Bình Trị Đông B,,0,Đường Số 19,,,,,11.0,41.0
73.0,2.0,6.0,Sổ hồng,Trống / Nhà thô,10.795935425471,106.737732001113,Mặt tiền,Quận 2,Phường Bình Trưng Đông,,0,Đường 5,,,,,6.0,7.5
42.0,1.0,3.0,Sổ hồng,Trống / Nhà thô,10.7262870186681,106.733200829476,Chưa xác định,Quận 7,Phường Tân Phú,1889.4,0,Đường Huỳnh Tấn Phát,70.85000529268551,0.0,0.0,29.14999470731449,3.0,3.68
72.0,3.0,3.0,Sổ hồng,Đầy đủ,10.7265013648893,106.733536024408,Hẻm xe máy,Quận 7,Phường Phú Thuận,1889.4,0,Đường Huỳnh Tấn Phát,70.85000529268551,0.0,0.0,29.14999470731449,7.0,8.8
74.0,4.0,12.0,Sổ hồng,Trống / Nhà thô,10.7600465979377,106.613547191408,Mặt tiền,Quận Bình Tân,Phường Bình Trị Đông,1064.1,1,Đường Liên Khu 16-18,54.898975660182316,0.0,0.0,45.09726529461517,9.0,9.7
80.0,4.0,8.1875,Sổ hồng,Đầy đủ,10.8284209195345,106.768370565945,Chưa xác định,Quận 9,Phường Phước Long A,,1,Đường Đỗ Xuân Hợp,,,,,9.0,9.5
120.0,2.0,8.0,Sổ hồng,Trống / Nhà thô,10.7468035632317,106.688779650056,Mặt tiền,Quận 8,Phường 2,231.8,0,Đường Dương Bá Trạc,0.0,0.0,0.0,100.0,12.0,13.9
59.0,4.0,4.0,Sổ hồng,Đầy đủ,10.7984875455706,106.681851409731,Hẻm ô tô,Quận Phú Nhuận,Phường 1,481.9,1,Đường Đoàn Thị Điểm,0.20128657397800376,0.0,0.0,99.80286366466072,9.0,11.8
60.0,4.0,5.0,Sổ hồng,Cơ bản,10.7516124471784,106.701473355186,Chưa xác định,Quận 7,Phường Tân Hưng,498563.61,0,Phố Trần Xuân Soạn,95.4990898754123,0.0,0.11544564995427567,4.385462468871324,7.0,6.5
91.0,4.0,12.65,Sổ hồng,Đầy đủ,10.797319891737,106.681172420156,Chưa xác định,Quận Phú Nhuận,Phường 15,1229.4,1,Đường Phan Đình Phùng,96.2819261428339,0.0,0.0,3.7164470473401656,9.0,11.5
50.0,1.0,12.0,Sổ đỏ,Cơ bản,10.7883860030399,106.704141756419,Hẻm ô tô,Quận 1,Phường Bến Nghé,4243.5,0,Đường Nguyễn Bỉnh Khiêm,4.757864969954047,95.24237068457641,0.0,0.0,5.0,18.7
88.0,2.0,5.9,Sổ hồng,Trống / Nhà thô,10.801133822659,106.618841735718,Mặt tiền,Quận Tân Phú,Phường Tân Sơn Nhì,4709.7,1,Đường Bờ Bao Tân Thắng,44.674183068985286,31.7746353270909,0.0,23.530585812259805,10.0,15.5
145.0,4.0,18.0,Sổ hồng,Đầy đủ,10.7892475480384,106.698432871403,Mặt tiền,Quận 1,Phường Đa Kao,70.0,1,Đường Nguyễn Văn Thủ,57.71428571428571,0.0,42.31428571428572,0.0,7.0,84.0
62.0,2.0,6.0,Sổ hồng,Trống / Nhà thô,10.754482719553,106.671314703657,Hẻm ô tô,Quận 5,Phường 8,3384.1,0,Đường Trần Phú,98.30117313318165,0.0,0.0,1.6985313672763809,5.0,7.6
77.0,4.0,8.24,Sổ hồng,Đầy đủ,10.766376385311,106.659386492937,Mặt tiền,Quận 10,Phường 14,1785.0,1,Phố Lý Thường Kiệt,86.6201680672269,0.0,0.0,13.36190476190476,10.0,14.2
170.0,3.0,12.2,Sổ hồng,Trống / Nhà thô,10.8032920034063,106.800453822888,Chưa xác định,Quận 9,Phường Phú Hữu,,1,Đường Liên Phường,,,,,11.0,18.5
58.0,4.0,4.933333333333334,không có,Trống / Nhà thô,10.7550238292891,106.629579332057,Chưa xác định,Quận 6,Phường 13,3732.6,1,Đường Bà Hom,89.48052295986712,0.9800139313079356,0.0,9.539731018592938,10.0,13.9
85.0,3.0,12.0,Sổ hồng,Trống / Nhà thô,10.770321,106.77801,Mặt tiền,Quận 2,Phường Cát Lái,,0,Đường 38 CL,,,,,9.0,9.5
82.0,2.0,6.0,Sổ hồng,Trống / Nhà thô,10.8457345213414,106.718133644985,Hẻm ô tô,Thành phố Thủ Đức,Phường Hiệp Bình Phước,,0,Đường Quốc Lộ 13,,,,,4.0,4.9
136.0,4.0,11.6,Sổ hồng,Đầy đủ,10.845620455504,106.717714560847,Chưa xác định,Thành phố Thủ Đức,Phường Hiệp Bình Phước,,1,Unknown,,,,,15.0,29.0
32.0,2.0,3.0,Sổ hồng,Cơ bản,10.8031815041192,106.704697771718,Hẻm ô tô,Quận Bình Thạnh,Phường 24,108.1,0,Đường Bạch Đằng,10.851063829787234,0.0,89.1581868640148,0.0,4.0,6.2
45.0,4.0,15.516666666666666,Sổ hồng,Đầy đủ,10.8065276114248,106.71140950003,Chưa xác định,Quận Bình Thạnh,Phường 25,203.7,1,Đường Xô Viết Nghệ Tĩnh,21.575846833578797,0.0,0.0,78.40451644575357,9.0,8.25
27.0,2.0,6.0,Sổ hồng,Cơ bản,10.7920426063142,106.671516085911,Chưa xác định,Quận Phú Nhuận,Phường 13,142.9,0,Đường Huỳnh Văn Bánh,18.264520643806858,0.0,0.0,81.76347095871238,3.0,5.7
130.0,2.0,12.0,Sổ hồng,Trống / Nhà thô,10.8681380750388,106.62126501367,Mặt tiền,Huyện Hóc Môn,Thị trấn Hóc Môn,,0,Đường KP8,,,,,5.0,5.6
51.0,4.0,7.0,Sổ hồng,Đầy đủ,10.7982969838301,106.59192999882,Hẻm ô tô,Quận Bình Tân,Phường Bình Hưng Hòa B,2245.1,0,Đường Liên khu 4-5,44.166852256024235,55.834038572892084,0.0,0.0,12.0,5.55
170.0,8.0,22.5,Sổ hồng,Trống / Nhà thô,10.7603964481785,106.691318680757,Mặt tiền,Quận 1,Phường Cầu Kho,154.7,1,Đường Trần Đình Xu,29.605688429217842,0.0,0.0,70.3813833225598,16.0,168.0
69.0,4.0,12.0,Sổ hồng,Trống / Nhà thô,10.8736509576541,106.630961645774,Mặt tiền,Quận 12,Phường Tân Chánh Hiệp,,0,Đường Nguyễn Thị Búp,,,,,10.0,8.9
84.0,5.0,8.8,Sổ hồng,Trống / Nhà thô,10.8357937419255,106.842932934647,Chưa xác định,Quận 9,Phường Long Thạnh Mỹ,,1,Đường T2,,,,,10.0,17.5
20.0,3.0,3.6,Sổ hồng,Cơ bản,10.7863087646756,106.671268305338,Mặt tiền,Quận 3,Phường 11,188.9,1,Đường Cách Mạng Tháng Tám,6.463737427210164,0.9370037056643727,0.0,92.58337744838539,5.0,4.7
46.0,2.0,4.053333333333334,Sổ hồng,Trống / Nhà thô,10.7846779636886,106.627118013013,Hẻm ô tô,Quận Tân Phú,Phường Phú Thọ Hòa,878.3,1,Đường Phú Thọ Hòa,59.44893544347034,0.0,0.0,40.54764886712968,5.0,4.6
42.0,2.0,4.0,Sổ hồng,Trống / Nhà thô,10.8059648457485,106.615929427857,Hẻm ô tô,Quận Tân Phú,Phường Sơn Kỳ,1515.6,0,Đường Đoàn Giỏi,0.0,99.99736078120877,0.0,0.0,4.0,5.58
46.0,2.0,6.42,Sổ hồng,Trống / Nhà thô,10.8818843232585,106.681814711796,Mặt tiền,Quận 12,Phường Thạnh Lộc,1067.5,1,Đường Thạnh Lộc 37,0.0,10.255737704918033,0.0,89.74519906323185,3.0,2.85
480.0,5.0,8.6,không có,Trống / Nhà thô,10.7272792706211,106.714910820284,Mặt tiền,Quận 7,Phường Tân Phong,921306.6,1,Đường Bùi Bằng Đoàn,18.16232837146722,22.868941783332502,0.0,58.968724418125305,40.0,180.0
320.0,2.0,8.0,Sổ hồng,Đầy đủ,10.7603522200414,106.691034454264,Mặt tiền,Quận 1,Phường Cầu Kho,481.7,0,Đường Trần Đình Xu,32.65310359144696,0.0,0.0,67.35727631305791,12.0,85.0
77.0,2.0,3.0,Sổ hồng,Đầy đủ,10.704838445053,106.734512450224,Hẻm xe máy,Quận 7,Phường Phú Mỹ,1889.0,0,Đường Phạm Hữu Lầu,90.69190047644257,0.0,0.0,9.3070407623081,9.0,6.19
45.0,2.0,3.0,Sổ hồng,Đầy đủ,10.7975954525927,106.710974952917,Hẻm xe máy,Quận Bình Thạnh,Phường 21,116.2,0,Đường Xô Viết Nghệ Tĩnh,17.03958691910499,0.0,0.0,82.92598967297762,5.0,6.79
67.0,4.0,7.666666666666667,Sổ hồng,Đầy đủ,10.7605255950666,106.673150132616,Chưa xác định,Quận 10,Phường 2,7763.4,1,Đường Nguyễn Chí Thanh,81.37890614936755,0.0,3.720148388592627,14.901074271582038,8.0,13.0
180.0,5.0,6.0,Sổ hồng,Trống / Nhà thô,10.7910519889308,106.572863434916,Chưa xác định,Huyện Bình Chánh,Xã Vĩnh Lộc B,,0,Đường Võ Văn Vân,,,,,24.0,6.5
110.0,2.0,2.0,Sổ hồng,Đầy đủ,10.6509918105047,106.730403962278,Chưa xác định,Huyện Nhà Bè,Xã Long Thới,,0,Đường Nguyễn Văn Tạo,,,,,6.0,3.6
57.0,4.0,9.0,Sổ hồng,Trống / Nhà thô,10.8489638371409,106.718134643039,Chưa xác định,Thành phố Thủ Đức,Phường Hiệp Bình Phước,,1,Đường Số 9,,,,,9.0,7.7
61.0,4.0,5.0,Sổ hồng,Đầy đủ,10.7281114284367,106.612313929131,Chưa xác định,Quận Bình Tân,Phường An Lạc,5049.1,0,Đường Lê Cơ,43.901487393792955,23.072824859876018,0.0,33.026083856528885,9.0,8.9
87.0,3.0,7.8,Sổ hồng,Cơ bản,10.800721864635282,106.79314870387316,Chưa xác định,Quận 9,Phường Phú Hữu,,1,Đường N6,,,,,12.0,17.0
43.0,4.0,4.0,Sổ hồng,Cơ bản,10.8097878681545,106.689479299179,Chưa xác định,Quận Bình Thạnh,Phường 5,578.3,0,Đường Nguyễn Văn Đậu,78.48867369877227,0.0,0.0,21.507867888639115,9.0,7.3
19.0,2.0,6.0,Sổ hồng,Trống / Nhà thô,10.7650203740926,106.616667488423,Chưa xác định,Quận Bình Tân,Phường Bình Trị Đông,58.5,0,Unknown,63.846153846153854,0.0,36.15384615384615,0.0,3.0,2.75
85.0,3.0,11.1,Sổ hồng,Trống / Nhà thô,10.740011576129,106.735195905842,Mặt tiền,Quận 7,Phường Bình Thuận,2278.0,1,Đường Nguyễn Văn Quỳ,94.9539069359087,0.0,0.0,5.045215100965759,8.0,9.9
88.0,4.0,8.75,Sổ hồng,Trống / Nhà thô,10.8265195514828,106.819936185314,Chưa xác định,Quận 9,Phường Trường Thạnh,,1,Đường Lò Lu,,,,,10.0,7.5
60.0,3.0,6.0,Sổ hồng,Đầy đủ,10.7266108346312,106.733309393462,Mặt tiền,Quận 7,Phường Phú Thuận,795.2,0,Đường Huỳnh Tấn Phát,52.992957746478865,0.0,0.0,47.0020120724346,8.0,7.45
108.0,4.0,30.0,Sổ hồng,Trống / Nhà thô,10.7606083761689,106.683644226779,Mặt tiền,Quận 1,Phường Nguyễn Cư Trinh,21002.7,0,Đường Nguyễn Văn Cừ,93.04498945373689,5.736500545168003,0.0,1.2186528398729686,13.0,42.9
65.0,5.0,18.48,Sổ hồng,Đầy đủ,10.8076674059853,106.702910645498,Mặt tiền,Quận Bình Thạnh,Phường 12,45.9,1,Đường Bùi Đình Túy,22.287581699346408,0.0,0.0,77.66884531590414,8.0,7.98
126.0,3.0,8.1,Sổ hồng,Cơ bản,10.7248125,106.66439,Chưa xác định,Huyện Bình Chánh,Xã Bình Hưng,9534.8,1,Đường Nguyễn Văn Linh,83.6531442715107,0.0,0.0,16.346645970549986,9.0,19.0
179.0,2.0,10.0,Sổ hồng,Đầy đủ,10.9047561532689,106.594668336236,Hẻm ô tô,Huyện Hóc Môn,Xã Tân Hiệp,,0,Đường Tân Hiệp 4,,,,,4.0,7.2
56.0,3.0,7.0,Sổ hồng,Đầy đủ,10.7827336129829,106.609380115374,Hẻm ô tô,Quận Bình Tân,Phường Bình Hưng Hòa A,4522.2,0,Đường Lê Văn Quới,10.11520941134846,0.0,89.88523285126708,0.0,7.0,7.3
110.0,5.0,8.0,Sổ hồng,Đầy đủ,10.7039745983788,106.631072970329,Mặt tiền,Quận 8,Phường 7,2854.7,0,Đường Trịnh Quang Nghị,34.808561319928536,0.0,65.19143868007147,0.0,10.0,8.8
213.0,3.0,13.0,Sổ hồng,Trống / Nhà thô,10.788095603701,106.67687773787,Chưa xác định,Quận 3,Phường 14,35.4,1,Đường Lê Văn Sỹ,0.0,0.0,0.0,99.97175141242938,9.0,24.0
100.0,4.0,6.0,Sổ hồng,Đầy đủ,10.7825890120152,106.60897406058,Mặt tiền,Quận Bình Tân,Phường Bình Hưng Hòa A,452.0,0,Đường Số 14,27.488938053097346,56.82079646017699,15.393805309734512,0.3030973451327434,8.0,9.7
46.0,4.0,9.0,Sổ hồng,Trống / Nhà thô,10.7297396227084,106.63256410031,Chưa xác định,Quận 8,Phường 16,1590.0,1,Đường Phú Định,19.531446540880502,0.0,80.47169811320755,0.0,7.0,5.9
700.0,1.0,30.0,Sổ hồng,Trống / Nhà thô,10.788988862536,106.77874820523,Mặt tiền,Thành phố Thủ Đức,Phường Bình Trưng Đông,,0,Đường Nguyễn Duy Trinh,,,,,2.0,49.0
1.716,4.0,30.0,Sổ hồng,Trống / Nhà thô,10.8106850634326,106.713148781566,Mặt tiền,Quận Bình Thạnh,Phường 26,95.7,0,Đường Xô Viết Nghệ Tĩnh,20.741901776384537,0.0,0.0,79.20585161964472,9.0,305.0
26.0,4.0,10.1,Sổ hồng,Đầy đủ,10.7896416212446,106.702274760967,Chưa xác định,Quận 1,Phường Đa Kao,243.7,1,Đường Nguyễn Bỉnh Khiêm,0.0,0.0,100.0,0.0,4.0,7.2
32.0,2.0,3.0,Sổ hồng,Đầy đủ,10.7402904424503,106.735842361381,Mặt tiền,Quận 7,Phường Phú Thuận,142.1,0,Đường Nguyễn Văn Quỳ,63.082336382829,0.0,0.0,36.88951442646024,4.0,4.38
65.0,4.0,7.4,Sổ hồng,Trống / Nhà thô,10.7915115583576,106.685627462072,Hẻm ô tô,Quận 3,Phường Võ Thị Sáu,28.5,1,Đường Lý Chính Thắng,0.0,0.0,99.89473684210526,0.0,8.0,10.0
140.0,3.0,8.5,Sổ hồng,Trống / Nhà thô,10.8490219077938,106.837692064078,Chưa xác định,Quận 9,Phường Long Bình,,1,Đường Phước Thiện,,,,,9.0,15.7
82.0,1.0,4.0,Sổ hồng,Trống / Nhà thô,10.7595252435336,106.598920701575,Hẻm ô tô,Quận Bình Tân,Phường Tân Tạo,201.7,0,Đường Lê Đình Cẩn,33.609320773425885,0.0,0.0,66.4055528011899,3.0,4.95
67.0,3.0,2.0,Sổ hồng,Đầy đủ,10.7553169421334,106.703216363043,Chưa xác định,Quận 4,Phường 4,71.5,0,Đường Khánh Hội,0.0,0.0,0.0,100.0,5.0,7.5
1.0,2.0,13.1,Sổ hồng,Cơ bản,10.8219412576951,106.765586314147,Mặt tiền,Quận 9,Phường Phước Long A,,1,Unknown,,,,,14.0,68.0
65.0,3.0,4.6,Sổ hồng,Trống / Nhà thô,10.7921222896533,106.668101832843,Hẻm ô tô,Quận Phú Nhuận,Phường 14,48.6,1,Đường Đặng Văn Ngữ,18.641975308641975,0.0,0.0,81.41975308641976,13.0,14.5
80.0,4.0,7.666666666666667,Sổ hồng,Trống / Nhà thô,10.7502041527716,106.614181847134,Mặt tiền,Quận Bình Tân,Phường Bình Trị Đông B,,1,Đường Số 5,,,,,9.0,12.6
61.0,1.0,4.0,Sổ đỏ,Trống / Nhà thô,10.8415746738466,106.676593413102,Hẻm ô tô,Quận Gò Vấp,Phường 17,455.7,0,Đường Lê Đức Thọ,48.823787579547954,0.0,0.0,51.174017994294495,2.0,3.7
51.0,3.0,6.0,Sổ hồng,Cơ bản,10.8948331773801,106.668473193324,Chưa xác định,Quận 12,Phường Thạnh Xuân,,0,Đường Thạnh Xuân 52,,,,,7.0,4.98
80.0,2.0,6.0,Sổ hồng,Cơ bản,10.7447226620954,106.715901007502,Mặt tiền,Quận 7,Phường Tân Hưng,2210.0,0,Đường Lâm Văn Bền,97.33257918552037,0.0,0.0,2.6665158371040723,6.0,8.6
133.0,4.0,8.0,Sổ hồng,Cơ bản,10.7722306302582,106.616568658501,Mặt tiền,Quận Bình Tân,Phường Bình Trị Đông,98.9,0,Đường Hương lộ 2,4.3073811931243675,0.0,0.0,95.71284125379171,9.0,11.7
152.0,5.0,14.0,Sổ hồng,Trống / Nhà thô,10.7822506752364,106.66286180666,Mặt tiền,Quận 10,Phường 15,1011.0,1,Đường Thất Sơn,97.42532146389713,0.0,0.0,2.5509396636993076,12.0,36.0
25.0,4.0,3.0,Sổ hồng,Cơ bản,10.7543885109902,106.669894005455,Mặt tiền,Quận 5,Phường 1,7457.3,0,Đường Nguyễn Trãi,1.5367492255910316,94.90740616577045,0.0,3.5565150925938345,11.0,8.28
82.0,2.0,30.0,Sổ hồng,Trống / Nhà thô,10.7815219085264,106.625509780448,Mặt tiền,Quận Tân Phú,Phường Phú Thạnh,1366.8,0,Đường Hiền Vương,99.20324846356453,0.0,0.0,0.7960199004975124,4.0,11.5
62.0,5.0,5.0,Sổ hồng,Đầy đủ,10.7889081564156,106.698209329535,Chưa xác định,Quận 1,Phường Đa Kao,192.4,0,Đường Nguyễn Văn Thủ,1.6008316008316008,0.0,98.37837837837837,0.0,11.0,26.5
120.0,4.0,6.0,Sổ hồng,Đầy đủ,10.8751352343193,106.658157912016,Mặt tiền,Quận 12,Phường Thới An,2033.4,0,Đường Lê Văn Khương,13.235959476738465,0.0,0.0,86.76354873610701,9.0,7.3
167.0,5.0,8.0,Sổ hồng,Đầy đủ,10.7824284781168,106.6089743714,Mặt tiền,Quận Bình Tân,Phường Bình Hưng Hòa A,49.1,0,Đường Miếu Bình Đông,0.0,0.0,0.0,100.0,34.0,16.0
80.0,4.0,6.0,Sổ hồng,Đầy đủ,10.8397383835516,106.713348773106,Hẻm ô tô,Thành phố Thủ Đức,Phường Hiệp Bình Phước,,0,Đường Số 3,,,,,9.0,10.5
60.0,2.0,2.0,Sổ hồng,Đầy đủ,10.7336554296923,106.701840885528,Chưa xác định,Quận 7,Phường Tân Hưng,1784.6,0,Đường Lê Văn Lương,62.9765773842878,0.0,0.0,37.02510366468677,5.0,4.5
83.0,5.0,30.0,Sổ hồng,Cơ bản,10.6781198380155,106.753036761951,Mặt tiền,Huyện Nhà Bè,Xã Phú Xuân,437.0,0,Đường Huỳnh Tấn Phát,44.28146453089244,0.0,0.0,55.70938215102974,9.0,11.8
86.0,3.0,12.0,Sổ hồng,Trống / Nhà thô,10.6967639076102,106.740868299279,Chưa xác định,Huyện Nhà Bè,Thị trấn Nhà Bè,3490.5,0,Đường Huỳnh Thị Đồng,2.8517404383326173,37.908322589886836,0.0,59.241082939406965,8.0,8.8
105.0,5.0,10.0,Sổ hồng,Trống / Nhà thô,10.7346353880237,106.620471258557,Mặt tiền,Quận Bình Tân,Phường An Lạc,2743.6,0,Đường An Dương Vương,2.554308208193614,0.0,0.0,97.44678524566265,10.0,15.0
65.0,5.0,18.48,Sổ hồng,Đầy đủ,10.7932035197394,106.687235569548,Mặt tiền,Quận 1,Phường Tân Định,76.6,1,Đường Nguyễn Văn Nguyễn,37.15404699738904,0.0,0.0,62.87206266318538,8.0,26.9
71.0,4.0,7.2,Sổ hồng,Trống / Nhà thô,10.78220460060474,106.76052678220006,Hẻm ô tô,Quận 2,Phường Bình Trưng Tây,,1,Unknown,,,,,16.0,10.6
160.0,7.0,14.6,Sổ hồng,Trống / Nhà thô,10.7892172229797,106.67463744568,Mặt tiền,Quận 3,Phường 12,49.0,1,Đường Lê Văn Sỹ,0.0,0.0,0.0,100.0,12.0,40.0
50.0,5.0,5.0,Sổ hồng,Đầy đủ,10.8061725187657,106.681273604298,Chưa xác định,Quận Phú Nhuận,Phường 4,738.4,0,Đường Thích Quảng Đức,92.12486457204767,0.0,0.0,7.879198266522211,18.0,13.5
50.0,2.0,2.0,Sổ hồng,Cơ bản,10.7916770306623,106.674533397291,Mặt tiền,Quận Phú Nhuận,Phường 11,66.1,0,Đường Huỳnh Văn Bánh,7.065052950075644,0.0,0.0,92.87443267776098,4.0,7.5
48.0,3.0,8.266666666666667,Sổ đỏ,Trống / Nhà thô,10.7674961013403,106.686584656316,Hẻm ô tô,Quận 1,Phường Nguyễn Cư Trinh,4203.5,1,Đường Cống Quỳnh,90.33947900559059,0.0,9.661472582371832,0.0,9.0,15.8
143.0,2.0,20.0,Sổ hồng,Cơ bản,10.7546302266042,106.638287012637,Mặt tiền,Quận 11,Phường 1,2625.4,0,Đường Hồng Bàng,98.5651710215586,0.41593661918183894,0.0,1.0185114649196312,7.0,34.0
30.0,5.0,2.0,Sổ hồng,Cơ bản,10.8112595150708,106.701973603336,Chưa xác định,Quận Bình Thạnh,Phường 12,,0,Đường Chu Văn An,,,,,7.0,6.4
75.0,4.0,15.0,không có,Trống / Nhà thô,10.879043,106.55251,Chưa xác định,Huyện Hóc Môn,Xã Xuân Thới Sơn,34049.8,0,Unknown,0.0,10.637712996845796,89.36234574065045,0.0,10.0,9.0
155.0,2.0,10.3,Sổ hồng,Trống / Nhà thô,10.8492283377508,106.692652008866,Chưa xác định,Quận 12,Phường An Phú Đông,1487.2,1,Đường Vườn Lài,42.27003765465304,0.0,0.0,57.73265196342119,5.0,12.5
47.0,4.0,4.5,Sổ hồng,Trống / Nhà thô,10.7966060272589,106.690946840189,Mặt tiền,Quận Phú Nhuận,Phường 2,,1,Đường Hoa Hồng,,,,,9.0,18.0
75.0,4.0,9.45,Sổ hồng,Trống / Nhà thô,10.8705211199426,106.628272951541,Chưa xác định,Quận 12,Phường Trung Mỹ Tây,,1,Đường Lâm Thị Hố,,,,,10.0,7.5
51.0,4.0,8.0,Sổ hồng,Đầy đủ,10.7649341184246,106.616029521294,Hẻm ô tô,Quận Bình Tân,Phường Bình Trị Đông,764.5,0,Unknown,47.42838456507521,0.0,0.0,52.57684761281883,7.0,5.0
150.0,2.0,16.1,Sổ hồng,Trống / Nhà thô,10.7371630136666,106.669822967808,Chưa xác định,Quận 8,Phường 5,44045.5,1,Phố Tạ Quang Bửu,0.4812296375339138,0.0,0.0,99.51877036246609,6.0,10.0
82.0,4.0,8.0,Sổ hồng,Trống / Nhà thô,10.8304119897913,106.63275312678,Chưa xác định,Quận Tân Bình,Phường 15,15644.2,0,Đường Phan Huy Ích,25.026974853300267,0.0,74.97283338233977,0.0,10.0,12.5
73.0,5.0,6.0,Sổ hồng,Đầy đủ,10.8161127298748,106.695303113222,Mặt tiền,Quận Bình Thạnh,Phường 11,113.0,0,Đường Phan Văn Trị,25.097345132743364,0.0,0.0,74.8938053097345,12.0,12.5
99.0,1.0,3.0,Sổ hồng,Đầy đủ,10.6777010480098,106.64983894676,Mặt tiền,Huyện Bình Chánh,Xã Đa Phước,,0,Đường Quốc Lộ 50,,,,,2.0,3.35
46.0,5.0,5.3,Sổ đỏ,Trống / Nhà thô,10.761255506062,106.667126553165,Hẻm ô tô,Quận 10,Phường 5,54.0,1,Đường Nguyễn Tiểu La,0.0,0.0,0.0,100.0,17.0,8.9
37.0,2.0,3.0,Sổ hồng,Trống / Nhà thô,10.854992293609,106.662421100555,Mặt tiền,Quận Gò Vấp,Phường 13,280.3,1,Đường Số 1,77.07099536211201,0.0,22.925437031751695,0.0,3.0,4.1
98.0,2.0,2.8,Sổ hồng,Cơ bản,10.7929298565301,106.68372548809,Mặt tiền,Quận Phú Nhuận,Phường 17,2361.5,1,Đường Ngô Thời Nhiệm,83.70442515350413,0.0,3.130637306796528,13.16536099936481,6.0,17.8
310.0,4.0,10.8,không có,Trống / Nhà thô,10.7669944696526,106.70005250471,Mặt tiền,Quận 1,Phường Nguyễn Thái Bình,756.1,1,Đường Calmette,97.45800819997355,0.0,2.53934664726888,0.0,32.0,240.0
112.0,6.0,10.0,không có,Trống / Nhà thô,10.8486887597434,106.666839095103,Hẻm xe máy,Quận Gò Vấp,Phường 16,625.7,0,Đường Lê Đức Thọ,87.60588141281764,0.0,0.0,12.395716797187148,14.0,14.8
50.0,1.0,10.6,không có,Trống / Nhà thô,10.8441831504894,106.846211047555,Chưa xác định,Quận 9,Phường Long Bình,,1,Unknown,,,,,2.0,6.8
336.0,3.0,40.0,Sổ hồng,Trống / Nhà thô,10.7034696080379,106.70388582344,Mặt tiền,Huyện Nhà Bè,Xã Phước Kiển,509.0,0,Đường Lê Văn Lương,46.37524557956778,0.0,0.0,53.61493123772102,4.0,39.0
111.0,1.0,9.5,Sổ hồng,Trống / Nhà thô,10.7585829137108,106.653643231831,Hẻm ô tô,Quận 11,Phường 6,1491.7,1,Đường Trần Quý,90.96534155661327,0.0,0.0,9.033988067305758,14.0,33.0
307.0,3.0,10.2,Sổ hồng,Trống / Nhà thô,10.7906772825799,106.690868107905,Chưa xác định,Quận 1,Phường Tân Định,911.0,1,Đường Nguyễn Hữu Cầu,75.99890230515916,0.0,0.0,24.004390779363337,40.0,180.0
48.0,4.0,6.0,Sổ hồng,Trống / Nhà thô,10.7831693493439,106.765743072615,Chưa xác định,Quận 2,Phường Bình Trưng Tây,,0,Đường Số 11,,,,,7.0,6.7
77.0,5.0,8.0,Sổ hồng,Cơ bản,10.8495106445994,106.650767582551,Mặt tiền,Quận Gò Vấp,Phường 9,97.6,0,Đường Phạm Văn Chiêu,29.077868852459016,0.0,6.352459016393443,64.52868852459017,8.0,9.5
62.0,3.0,6.0,Sổ hồng,Đầy đủ,10.7478513714724,106.716628446034,Chưa xác định,Quận 7,Phường Tân Thuận Tây,519.9,0,Đường Số 13,89.30563569917292,0.0,0.0,10.69051740719369,13.0,16.0
72.0,4.0,5.0,Sổ hồng,Cơ bản,10.7997950849193,106.61478381604,Hẻm ô tô,Quận Tân Phú,Phường Tây Thạnh,3180.9,0,Đường Bờ Bao Tân Thắng,42.200635040397366,57.79936495960263,0.0,0.0,9.0,9.5
40.0,2.0,7.181818181818182,Sổ hồng,Cơ bản,10.7767090202741,106.651398531346,Chưa xác định,Quận Tân Bình,Phường 9,666.2,1,Unknown,98.29780846592614,0.0,0.0,1.7021915340738516,4.0,5.5
98.0,3.0,30.0,Sổ hồng,Trống / Nhà thô,10.7712455079592,106.690614062947,Hẻm ô tô,Quận 1,Phường Bến Thành,1822.5,1,Đường Lê Thị Riêng,0.25898491083676267,0.0,99.74266117969822,0.0,10.0,26.5
67.0,4.0,4.0,Sổ hồng,Trống / Nhà thô,10.790698622809,106.689588900512,Mặt tiền,Quận 1,Phường Tân Định,769.3,0,Đường Bà Lê Chân,91.27778499935006,0.0,0.0,8.720915117639413,9.0,15.3
31.0,3.0,8.0,không có,Trống / Nhà thô,10.7690387071326,106.681233781376,Chưa xác định,Quận 3,Phường 3,1881.6,1,Đường Nguyễn Đình Chiểu,53.68303571428572,0.0,0.0,46.31590136054422,6.0,7.5
102.0,3.0,20.0,Sổ hồng,Đầy đủ,10.805931324041488,106.79072655128572,Chưa xác định,Quận 9,Phường Phú Hữu,,1,Đường Liên Phường,,,,,8.0,17.3
50.0,4.0,6.0,Sổ hồng,Đầy đủ,10.6851375194021,106.750102018246,Mặt tiền,Huyện Nhà Bè,Thị trấn Nhà Bè,,0,Đường Đào Tông Nguyên,,,,,9.0,6.9
130.0,7.0,19.7,không có,Trống / Nhà thô,10.7692039823815,106.690307187657,Mặt tiền,Quận 1,Phường Bến Thành,2516.2,1,Đường Nguyễn Trãi,94.08870519036643,0.0,5.91010253556951,0.0,12.0,58.0
71.0,2.0,8.0,Sổ đỏ,Trống / Nhà thô,10.7777263775266,106.628889981094,Mặt tiền,Quận Tân Phú,Phường Phú Thạnh,635.3,0,Đường Thoại Ngọc Hầu,96.90225090508422,0.0,0.0,3.1024712734141353,6.0,7.5
75.0,3.0,10.666666666666668,không có,Trống / Nhà thô,10.796965726471,106.664737127814,Chưa xác định,Quận Tân Bình,Phường 2,253.6,1,Đường Phạm Văn Hai,17.79574132492114,0.0,0.0,82.20820189274448,7.0,16.8
92.0,3.0,8.0,Sổ hồng,Trống / Nhà thô,10.7580610049039,106.680323647459,Hẻm ô tô,Quận 5,Phường 2,2757.8,0,Đường Nguyễn Trãi,83.4969903546305,0.0,0.0,16.503372253245338,11.0,20.5
78.0,4.0,6.0,Sổ đỏ,Trống / Nhà thô,10.8089425385014,106.671195586733,Mặt tiền,Quận Phú Nhuận,Phường 9,16607.2,0,Đường Phổ Quang,1.9683029047641984,6.761103617707981,91.20441736114456,0.0,15.0,16.5
34.0,2.0,3.6599999999999993,Sổ hồng,Cơ bản,10.7614759488713,106.692703446327,Mặt tiền,Quận 1,Phường Cô Giang,135.5,1,Đường Hồ Hảo Hớn,3.6088560885608856,0.0,0.0,96.36162361623616,6.0,17.9
68.0,5.0,6.2,Sổ hồng,Đầy đủ,10.7864600291091,106.627895318435,Chưa xác định,Quận Tân Phú,Phường Phú Thọ Hòa,141.3,1,Đường Phú Thọ Hòa,16.532200990799716,0.0,0.0,83.44656758669497,12.0,7.58
54.0,4.0,6.0,Sổ hồng,Trống / Nhà thô,10.737795366069,106.722671095696,Hẻm ô tô,Quận 7,Phường Bình Thuận,372.3,0,Đường Nguyễn Thị Thập,32.350255170561375,66.34703196347031,1.2892828364222402,0.0,7.0,11.95
71.0,3.0,7.8,Sổ hồng,Trống / Nhà thô,10.779566405972,106.66760077123,Mặt tiền,Quận 10,Phường 15,3233.0,1,Đường Tô Hiến Thành,67.59542220847511,31.81781626971853,0.0,0.5725332508506032,10.0,32.5
50.0,4.0,6.0,Sổ hồng,Đầy đủ,10.8002898733012,106.724679251577,Chưa xác định,Quận Bình Thạnh,Phường 25,16551.0,0,Đường Tân Cảng,0.0,61.64763458401305,38.35248625460698,0.0,8.0,10.8
47.0,7.0,15.5,Sổ hồng,Trống / Nhà thô,10.7641963430773,106.666455746501,Mặt tiền,Quận 10,Phường 8,44.0,1,Đường Nhật Tảo,0.0,0.0,0.0,98.97727272727272,9.0,26.5
69.0,4.0,8.0,Sổ hồng,Cơ bản,10.7978016708688,106.695980002727,Mặt tiền,Quận Bình Thạnh,Phường 3,5516.4,0,Đường Lê Văn Duyệt,0.0,99.99981872235517,0.0,0.0,12.0,10.0
220.0,1.0,12.0,Sổ hồng,Cơ bản,10.7562556901399,106.715581130267,Chưa xác định,Quận 4,Phường 18,24.8,0,Đường Tôn Thất Thuyết,0.0,0.0,100.0,0.0,2.0,37.99
85.0,4.0,20.0,Sổ hồng,Đầy đủ,10.805953758511242,106.7901108151099,Chưa xác định,Quận 9,Phường Phú Hữu,,0,Đường Liên Phường,,,,,9.0,15.5
77.0,2.0,3.0,Sổ hồng,Đầy đủ,10.704900987945,106.734626542141,Chưa xác định,Quận 7,Phường Phú Mỹ,323.2,0,Đường Phạm Hữu Lầu,14.310024752475247,85.68378712871288,0.0,0.0,5.0,6.19
39.0,2.0,4.0,Sổ hồng,Cơ bản,10.7142419860962,106.737043261528,Chưa xác định,Quận 7,Phường Phú Thuận,9428.4,0,Đường Hoàng Quốc Việt,80.5232064825421,17.66068473972254,0.0,1.8165330278732343,5.0,5.4
230.0,7.0,25.9,không có,Trống / Nhà thô,10.7426328499709,106.710299111724,Chưa xác định,Quận 7,Phường Tân Quy,3664.7,1,Unknown,27.53076650203291,65.3690615875788,0.0,7.099353289491638,29.0,75.0
71.0,1.0,7.3,Sổ hồng,Trống / Nhà thô,10.8665228820793,106.642708983254,Hẻm ô tô,Quận 12,Phường Tân Thới Hiệp,608.4,1,Đường Trương Thị Hoa,76.5680473372781,0.0,0.0,23.430309007232083,4.0,5.8
163.0,5.0,10.0,Sổ hồng,Trống / Nhà thô,10.7889224217189,106.661087839497,Chưa xác định,Quận Tân Bình,Phường 12,38.8,0,Đường K300,85.64432989690721,0.0,0.0,14.252577319587632,12.0,18.0
173.0,4.0,16.0,Sổ hồng,Trống / Nhà thô,10.7786820279421,106.7518904484,Chưa xác định,Quận 2,Phường An Phú,,0,Đường Số 53,,,,,10.0,33.5
28.0,4.0,4.0,Sổ hồng,Trống / Nhà thô,10.8385055663815,106.669789948163,Mặt tiền,Quận Gò Vấp,Phường 16,352544.1,1,Đường Nguyễn Văn Lượng,14.872723724492909,25.385124868066157,59.73758460289081,0.0045582949764299,7.0,5.5
214.0,4.0,19.9,Sổ hồng,Cơ bản,10.834583950432442,106.66869349740588,Chưa xác định,Quận Gò Vấp,Phường 10,352544.1,1,Đường Phan Văn Trị,14.872723724492909,25.385124868066157,59.73758460289081,0.0045582949764299,11.0,43.3
50.0,2.0,3.0,Sổ hồng,Cơ bản,10.8481782656575,106.648085744465,Hẻm ô tô,Quận Gò Vấp,Phường 14,1422.4,0,Đường Phạm Văn Chiêu,96.37443757030371,0.0,0.0,3.624156355455568,5.0,5.66
70.0,1.0,4.0,Sổ hồng,Trống / Nhà thô,10.8424802117053,106.819986982148,Mặt tiền,Quận 9,Phường Long Bình,,0,Đường Nguyễn Văn Tăng,,,,,3.0,4.35
80.0,3.0,14.0,Sổ hồng,Cơ bản,10.7450143424706,106.610552148378,Mặt tiền,Quận Bình Tân,Phường Bình Trị Đông B,902660.3,0,Đường Số 3,0.48759871238382807,0.0,0.0,0.0,7.0,12.3
43.0,2.0,4.0,Sổ hồng,Đầy đủ,10.7476410541806,106.716111687746,Chưa xác định,Quận 7,Phường Tân Kiểng,96.8,1,Đường Lâm Văn Bền,45.49586776859505,0.0,0.0,54.55578512396695,4.0,4.85
56.0,3.0,7.166666666666667,Sổ hồng,Đầy đủ,10.8036545232879,106.685101790571,Chưa xác định,Quận Phú Nhuận,Phường 9,1402.3,1,Phố Phan Đăng Lưu,77.21029736860872,0.0,0.0,22.790415745560864,8.0,7.4
40.0,2.0,11.200000000000001,Sổ hồng,Cơ bản,10.7475382083863,106.685458098481,Chưa xác định,Quận 8,Phường 2,1309.7,1,Đường Nguyễn Thị Tần,82.73421394212414,0.0,0.0,17.268076658776817,5.0,4.98
46.0,4.0,6.0,Sổ hồng,Đầy đủ,10.785943432097,106.677676063179,Hẻm ô tô,Quận 3,Phường 13,37.8,0,Unknown,0.0,0.0,0.0,100.0,8.0,12.75
23.0,4.0,3.0,Sổ hồng,Đầy đủ,10.7940971306111,106.680815506046,Mặt tiền,Quận Phú Nhuận,Phường 15,440.7,0,Đường Huỳnh Văn Bánh,6.110732924892217,0.0,0.0,93.89834354436125,5.0,4.99
51.0,5.0,7.0,Sổ hồng,Đầy đủ,10.8778440825016,106.67296307516,Chưa xác định,Quận 12,Phường Thạnh Xuân,111.9,0,Đường Thạnh Xuân 24,0.0,0.0,0.0,100.0,9.0,5.99
133.0,4.0,12.0,không có,Trống / Nhà thô,10.8565488642083,106.620765347236,Chưa xác định,Quận 12,Phường Tân Chánh Hiệp,,1,Đường Tô Ký,,,,,31.0,12.6
58.0,5.0,20.0,Sổ hồng,Đầy đủ,10.7698185270035,106.613088846035,Hẻm ô tô,Quận Bình Tân,Phường Bình Trị Đông,316.7,0,Đường Hương lộ 2,69.77897063467005,0.0,0.0,30.23681717713925,11.0,7.6
357.0,3.0,19.6,Sổ hồng,Trống / Nhà thô,10.7912032537364,106.71812213973,Chưa xác định,Quận Bình Thạnh,Phường 22,3434.3,1,Đường Nguyễn Hữu Cảnh,99.74900270797541,0.0,0.0,0.2507061118714148,8.0,300.0
247.0,1.0,20.0,Sổ hồng,Đầy đủ,10.687390503703796,106.5849240548028,Mặt tiền,Huyện Bình Chánh,Thị trấn Tân Túc,5363.8,0,Đường Tân Túc,63.31574629926544,36.68462657071479,0.0,0.0,5.0,15.0
60.0,4.0,5.0,Sổ hồng,Đầy đủ,10.7969780779566,106.712959285184,Hẻm ô tô,Quận Bình Thạnh,Phường 21,2946.5,0,Đường Xô Viết Nghệ Tĩnh,23.771593415917188,72.34922789750551,0.0,3.880875615136602,13.0,8.49
110.0,5.0,16.4,không có,Trống / Nhà thô,10.7721122433244,106.672229186074,Mặt tiền,Quận 10,Phường 12,4918.0,1,Đường Lê Hồng Phong,62.5884505896706,0.0,0.0,37.41256608377389,9.0,38.0
67.0,1.0,3.0,Sổ hồng,Trống / Nhà thô,10.8254928835402,106.68448185679,Mặt tiền,Quận Gò Vấp,Phường 7,1336.9,0,Đường Nguyễn Văn Nghi,80.86618296058043,0.0,0.0,19.130077043907544,8.0,5.8
260.0,5.0,8.0,Sổ hồng,Đầy đủ,10.874972369623,106.65820789094,Mặt tiền,Quận 12,Phường Thới An,2033.4,0,Đường Thới An 4,13.235959476738465,0.0,0.0,86.76354873610701,12.0,20.5
214.0,7.0,17.733333333333334,Sổ hồng,Cơ bản,10.7718344929303,106.66944456833,Hẻm ô tô,Quận 10,Phường 12,75.0,1,Đường Sư Vạn Hạnh,0.0,0.0,0.0,99.89333333333333,14.0,68.0
40.0,4.0,20.0,Sổ hồng,Trống / Nhà thô,10.7614363518719,106.689892200637,Mặt tiền,Quận 1,Phường Nguyễn Cư Trinh,915.3,0,Đường Trần Đình Xu,9.175133835900798,90.83032885392768,0.0,0.0,5.0,22.0
51.0,2.0,5.0,Sổ hồng,Trống / Nhà thô,10.8271026973057,106.625605358228,Hẻm ô tô,Quận 12,Phường Đông Hưng Thuận,904.2,0,Đường Trường Chinh,20.003317850033177,0.0,0.0,79.99115239991151,4.0,5.2
92.0,3.0,6.4,Sổ hồng,Đầy đủ,10.7880688290234,106.652893811727,Mặt tiền,Quận Tân Bình,Phường 8,,1,Phố Lý Thường Kiệt,,,,,12.0,35.0
38.0,2.0,6.15,Sổ hồng,Đầy đủ,10.791883916468,106.691579610048,Mặt tiền,Quận 1,Phường Tân Định,1542.6,1,Đường Trần Quang Khải,99.35692985868016,0.0,0.0,0.6456631660832362,5.0,6.39
44.0,4.0,5.0,Sổ hồng,Đầy đủ,10.7919155936378,106.691530180048,Mặt tiền,Quận 1,Phường Tân Định,1542.6,0,Đường Trần Quang Khải,99.35692985868016,0.0,0.0,0.6456631660832362,17.0,11.9
246.0,4.0,20.0,Sổ hồng,Trống / Nhà thô,10.8140714139942,106.689839227449,Chưa xác định,Quận Bình Thạnh,Phường 5,165.3,1,Đường Lê Quang Định,42.91591046581972,0.0,0.0,57.05384150030248,32.0,54.0
27.0,2.0,4.0,Sổ hồng,Cơ bản,10.7591696156918,106.687569916768,Hẻm ô tô,Quận 1,Phường Cầu Kho,5525.2,0,Đường Trần Hưng Đạo,92.2766596684283,0.10189676391804822,0.0,7.62053862303627,4.0,5.5
56.0,4.0,6.0,Sổ hồng,Đầy đủ,10.7977190771861,106.695892703964,Hẻm ô tô,Quận Bình Thạnh,Phường 3,5516.4,0,Đường Lê Văn Duyệt,0.0,99.99981872235517,0.0,0.0,9.0,8.5
84.0,5.0,8.8,Sổ hồng,Trống / Nhà thô,21.0289486097874,105.852447225903,Chưa xác định,Quận 9,Phường Long Thạnh Mỹ,,1,Đường Nguyễn Xiển,,,,,10.0,17.0
80.0,4.0,8.0,Sổ hồng,Đầy đủ,10.7867677424137,106.627991761447,Hẻm ô tô,Quận Tân Phú,Phường Phú Thọ Hòa,604.8,0,Đường Lê Thúc Hoạch,0.0,0.0,0.0,99.99834656084656,10.0,10.2
100.0,3.0,20.0,Sổ hồng,Đầy đủ,10.7984605779283,106.738840878132,Mặt tiền,Quận 2,Phường An Khánh,,0,Đường Nguyễn Quý Đức,,,,,9.0,33.0
101.0,3.0,12.166666666666668,Sổ hồng,Trống / Nhà thô,10.8119406258318,106.692484590842,Mặt tiền,Quận Bình Thạnh,Phường 11,674.4,1,Đường Nguyễn Văn Đậu,87.44217081850535,0.0,0.0,12.550415183867141,8.0,19.0
65.0,6.0,14.0,Sổ hồng,Đầy đủ,10.7936229261934,106.687474017135,Mặt tiền,Quận 1,Phường Tân Định,68.6,0,Đường Nguyễn Văn Nguyễn,9.635568513119534,0.0,0.0,90.3790087463557,8.0,27.0
33.0,3.0,7.0,Sổ hồng,Đầy đủ,10.7385032938353,106.636991923133,Chưa xác định,Quận 6,Phường 7,105843.5,0,Đường Phạm Văn Chí,16.008248026567525,83.99173307760988,0.0,0.0,5.0,4.2
85.0,4.0,8.1,Sổ hồng,Đầy đủ,10.7785366495983,106.680455643266,Mặt tiền,Quận 3,Phường 9,799.6,1,Đường Cách Mạng Tháng Tám,67.03976988494247,2.4374687343671835,0.7516258129064533,29.764882441220607,14.0,14.0
63.0,3.0,6.0,Sổ hồng,Trống / Nhà thô,10.7818917498311,106.674511049679,Chưa xác định,Quận 10,Phường 13,74.1,0,Đường Cách Mạng Tháng Tám,0.4993252361673414,0.0,0.0,99.47368421052632,10.0,9.3
52.0,5.0,6.2,Sổ hồng,Đầy đủ,10.7856781359975,106.657766688802,Chưa xác định,Quận Tân Bình,Phường 6,103.5,1,Đường Nghĩa Phát,25.526570048309182,0.0,0.0,74.4927536231884,10.0,7.5
102.0,3.0,20.0,Sổ hồng,Đầy đủ,10.8051155871056,106.790107450681,Chưa xác định,Quận 9,Phường Phú Hữu,,0,Đường Liên Phường,,,,,6.0,18.9
29.0,5.0,6.0,Sổ hồng,Cơ bản,10.7939807703869,106.680712368654,Chưa xác định,Quận Phú Nhuận,Phường 17,113.6,0,Đường Huỳnh Văn Bánh,4.234154929577465,0.0,0.0,95.74823943661971,9.0,6.35
15.0,2.0,1.0,Sổ hồng,Trống / Nhà thô,10.7573670058088,106.688927481486,Chưa xác định,Quận 1,Phường Cầu Kho,453.2,0,Đường Trần Hưng Đạo,9.905119152691968,0.0,0.0,90.10591350397176,2.0,3.8
119.0,4.0,22.0,không có,Trống / Nhà thô,10.770683112253,106.785877403798,Mặt tiền,Quận 2,Phường Cát Lái,,0,Đường 33 CL,,,,,14.0,20.5
31.0,3.0,13.4,Sổ hồng,Cơ bản,10.8304811093143,106.633136442433,Mặt tiền,Quận Tân Bình,Phường 15,3821.9,1,Đường Phan Huy Ích,99.59653575446768,0.40477249535571314,0.0,0.0,9.0,5.4
80.0,4.0,8.0,không có,Đầy đủ,10.8000280460014,106.650704397356,Chưa xác định,Quận Tân Bình,Phường 12,4537.5,0,Đường Nguyễn Minh Hoàng,92.52055096418732,0.0,0.0,7.478567493112948,9.0,14.8
90.0,3.0,12.0,Sổ hồng,Đầy đủ,10.7365814709891,106.712521934056,Chưa xác định,Quận 7,Phường Tân Phong,,1,Đường Nguyễn Văn Linh,,,,,10.0,15.5
268.0,4.0,13.0,Sổ hồng,Cơ bản,10.84488,106.7182,Mặt tiền,Thành phố Thủ Đức,Phường Hiệp Bình Phước,,0,Đường 40,,,,,10.0,60.0
70.0,2.0,3.0,Sổ hồng,Trống / Nhà thô,10.8050414977965,106.688429068583,Hẻm ô tô,Quận Phú Nhuận,Phường 5,437.3,1,Đường Lam Sơn,15.460782071804251,0.0,0.0,84.55065172650355,9.0,8.4
56.0,3.0,6.0,Sổ hồng,Trống / Nhà thô,10.8639769537612,106.625568652919,Mặt tiền,Quận 12,Phường Tân Chánh Hiệp,2668.6,0,Đường Lâm Thị Hố,0.0,99.99887581503411,0.0,0.0,7.0,4.79
72.0,2.0,8.0,Sổ hồng,Đầy đủ,10.8895857487725,106.684078694226,Mặt tiền,Quận 12,Phường Thới An,552.2,0,Đường Thạnh Xuân 43,0.0,0.0,0.0,99.99818906193408,6.0,4.78
196.0,2.0,10.0,Sổ hồng,Trống / Nhà thô,10.8907238688944,106.73158429563,Mặt tiền,Thành phố Thủ Đức,Phường Bình Chiểu,,0,Đường Tỉnh lộ 43,,,,,3.0,7.9
58.0,4.0,3.333333333333333,Sổ hồng,Đầy đủ,10.8062059100326,106.697707704675,Mặt tiền,Quận Bình Thạnh,Phường 14,99.0,1,Đường Hồ Xuân Hương,0.0,0.0,0.0,100.0,9.0,9.5
162.0,6.0,7.0,Sổ hồng,Trống / Nhà thô,10.7956562282299,106.706852056258,Chưa xác định,Quận Bình Thạnh,Phường 17,868.3,0,Đường Nguyễn Cửu Vân,78.585742254981,0.0,0.0,21.408499366578372,41.0,51.0
81.0,3.0,5.0,Sổ hồng,Đầy đủ,10.7937045150144,106.642317714051,Mặt tiền,Quận Tân Bình,Phường 14,1398.8,0,Đường Nguyễn Hồng Đào,98.50586216757222,0.0,0.0,1.4912782384901344,8.0,9.5
66.0,1.0,3.0,Sổ hồng,Trống / Nhà thô,10.8540378354924,106.762838924584,Chưa xác định,Thành phố Thủ Đức,Phường Linh Chiểu,,0,Đường Số 11,,,,,4.0,4.8
108.0,4.0,10.0,Sổ đỏ,Trống / Nhà thô,10.7980232642683,106.732933501691,Chưa xác định,Quận 2,Phường Bình An,,1,Đường Số 5,,,,,14.0,13.5
168.0,1.0,8.0,Sổ hồng,Trống / Nhà thô,10.9614342355869,106.59162866933,Mặt tiền,Huyện Củ Chi,Xã Tân Thạnh Đông,,0,Unknown,,,,,7.0,2.5
73.0,3.0,8.0,Sổ hồng,Trống / Nhà thô,10.7829706417367,106.755661414168,Mặt tiền,Thành phố Thủ Đức,Phường Bình Trưng Tây,,1,Unknown,,,,,6.0,8.49
64.0,3.0,6.0,Sổ hồng,Đầy đủ,10.7994001239626,106.693785840598,Chưa xác định,Quận Bình Thạnh,Phường 3,35.9,0,Phố Vạn Kiếp,0.0,0.0,0.0,100.0,6.0,7.65
72.0,5.0,8.0,Sổ hồng,Trống / Nhà thô,10.7696841256893,106.613179342945,Chưa xác định,Quận Bình Tân,Phường Bình Trị Đông,2261.7,0,Đường Hương lộ 2,74.33656099394261,0.0,0.0,25.66255471547951,8.0,7.5
155.0,2.0,20.1,không có,Trống / Nhà thô,10.385859,106.91994,Chưa xác định,Huyện Cần Giờ,Xã Long Hòa,,1,Unknown,,,,,6.0,12.0
135.0,1.0,6.0,Sổ hồng,Cơ bản,10.7918399583431,106.71567197099,Hẻm ô tô,Quận Bình Thạnh,Phường 22,47.5,0,Đường Võ Duy Ninh,24.96842105263158,0.0,0.0,75.03157894736843,7.0,24.0
60.0,3.0,6.3999999999999995,Sổ hồng,Cơ bản,10.7969124535371,106.807832531022,Mặt tiền,Quận 9,Phường Phú Hữu,,1,Đường Nguyễn Duy Trinh,,,,,7.0,7.5
50.0,5.0,5.516666666666667,Sổ hồng,Đầy đủ,10.8515784263872,106.658899413743,Chưa xác định,Quận Gò Vấp,Phường 16,106.4,1,Đường Phạm Văn Chiêu,33.16729323308271,0.0,0.0,66.82330827067669,8.0,8.5
35.0,3.0,4.0,Sổ hồng,Trống / Nhà thô,10.766452216922,106.664790663163,Chưa xác định,Quận 10,Phường 8,4009.0,0,Đường 3/2,41.92192566724869,0.0,0.0,58.07358443502121,5.0,6.55
527.0,3.0,20.0,Sổ hồng,Trống / Nhà thô,10.8059921264648,106.790031433105,Chưa xác định,Quận 9,Phường Phú Hữu,,0,Đường Số 3,,,,,12.0,64.98
87.0,3.0,8.0,Sổ hồng,Cơ bản,10.7802351805258,106.760050412267,Mặt tiền,Quận 2,Phường Thạnh Mỹ Lợi,,0,Unknown,,,,,6.0,7.5
54.0,4.0,6.0,Sổ hồng,Đầy đủ,10.7781760788485,106.64324792102,Chưa xác định,Quận Tân Phú,Phường Phú Trung,29.8,0,Đường Lê Ngã,40.80536912751678,0.0,0.0,59.09395973154362,8.0,8.28
105.0,3.0,20.0,Sổ hồng,Đầy đủ,10.7998669964764,106.650713453729,Mặt tiền,Quận Tân Bình,Phường 12,105.7,0,Đường Nguyễn Minh Hoàng,0.0,0.0,0.0,100.0,12.0,20.0
51.0,4.0,8.0,Sổ hồng,Cơ bản,10.8501897861235,106.694991136275,Chưa xác định,Quận 12,Phường An Phú Đông,2605.7,0,Đường Thạnh Lộc 16,0.0,0.0,0.0,99.9984649038646,8.0,5.85
30.0,4.0,3.0,Sổ hồng,Đầy đủ,10.8059819055539,106.697077748969,Chưa xác định,Quận Bình Thạnh,Phường 14,397.7,0,Đường Lê Quang Định,21.11139049534825,0.0,0.0,78.88609504651748,7.0,7.4
48.0,4.0,10.0,Sổ hồng,Cơ bản,10.7442359254799,106.733086132924,Mặt tiền,Quận 7,Phường Bình Thuận,1131.6,0,Đường Số 5,35.18911276069282,0.0,0.0,64.8073524213503,8.0,11.0
61.0,3.0,8.0,Sổ hồng,Đầy đủ,10.7265707794696,106.733483078702,Hẻm ô tô,Quận 7,Phường Phú Thuận,795.2,0,Đường Huỳnh Tấn Phát,52.992957746478865,0.0,0.0,47.0020120724346,8.0,8.9
100.0,3.0,12.733333333333333,Sổ hồng,Trống / Nhà thô,21.02894860978742,105.85244722590336,Chưa xác định,Huyện Bình Chánh,Xã Bình Hưng,,1,Đường Nguyễn Văn Linh,,,,,7.0,13.0
101.0,5.0,6.0,Sổ hồng,Trống / Nhà thô,10.7745228011044,106.664377913177,Hẻm ô tô,Quận 10,Phường 14,5455.0,0,Đường Thành Thái,35.629514207149406,0.0,0.0,64.36498625114574,13.0,24.6
233.0,2.0,8.0,Sổ hồng,Trống / Nhà thô,10.831777315602,106.729617437822,Mặt tiền,Thành phố Thủ Đức,Phường Hiệp Bình Chánh,,1,Đường Số 1,,,,,6.0,38.0
30.0,5.0,5.0,Sổ đỏ,Trống / Nhà thô,10.8070210871685,106.694780963707,Mặt tiền,Quận Bình Thạnh,Phường 7,724.3,0,Đường Nơ Trang Long,5.599889548529616,94.40425238160984,0.0,0.0,6.0,7.5
36.0,3.0,6.0,Sổ hồng,Đầy đủ,10.8201094855074,106.703995225335,Chưa xác định,Quận Bình Thạnh,Phường 13,1017.2,0,Phố Nguyễn Xí,76.16397955171058,23.835037357451828,0.0,0.0,6.0,7.5
51.0,2.0,3.0,Sổ hồng,Đầy đủ,10.8480432674329,106.648124791894,Chưa xác định,Quận Gò Vấp,Phường 14,786.2,0,Đường Phạm Văn Chiêu,89.24319511574662,0.0,9.77868226914271,0.9717629102009666,5.0,5.68
30.0,2.0,2.0,Sổ hồng,Đầy đủ,10.8299077224864,106.67092622708,Chưa xác định,Quận Gò Vấp,Phường 10,1590.1,0,Đường Quang Trung,94.24438714546255,0.0,0.0,5.757499528331551,4.0,4.79
52.0,2.0,4.0,Sổ hồng,Trống / Nhà thô,10.8475759095338,106.84017466167,Chưa xác định,Thành phố Thủ Đức,Phường Long Bình,,0,Đường Phước Thiện,,,,,5.0,3.9
77.0,5.0,9.0,Sổ hồng,Đầy đủ,10.8075777143799,106.702696028999,Mặt tiền,Quận Bình Thạnh,Phường 12,245.3,1,Đường Bùi Đình Túy,15.405625764370157,0.0,0.0,84.60660415817365,9.0,15.5
98.0,4.0,7.0,Sổ hồng,Đầy đủ,10.6512105882001,106.72997822492,Chưa xác định,Huyện Nhà Bè,Xã Long Thới,3900.8,0,Đường Nguyễn Văn Tạo,,,,,11.0,8.9
58.0,4.0,5.0,Sổ hồng,Đầy đủ,10.8135595374425,106.68978590508,Chưa xác định,Quận Bình Thạnh,Phường 11,916.7,0,Đường Lê Quang Định,96.53867132104287,0.0,0.0,3.462419548380059,8.0,9.9
64.0,5.0,6.0,Sổ hồng,Đầy đủ,10.878662147295,106.651645508832,Chưa xác định,Quận 12,Phường Thới An,560.8,0,Đường Thới An 16,32.089871611982886,0.0,0.0,67.90477888730386,9.0,7.6
57.0,2.0,8.0,Sổ hồng,Cơ bản,10.7829756738271,106.624330622503,Mặt tiền,Quận Tân Phú,Phường Phú Thạnh,3600.0,0,Đường Trần Thủ Độ,97.17944444444444,0.0,0.0,2.8194444444444446,6.0,6.1
94.0,2.0,3.0,Sổ hồng,Đầy đủ,10.7082457152252,106.621362637119,Mặt tiền,Quận 8,Phường 7,228.1,1,Đường Phạm Thế Hiển,82.14379658044719,0.0,0.0,17.864971503726437,5.0,7.7
14.0,2.0,5.0,Sổ hồng,Cơ bản,10.7646146997248,106.61888098219,Chưa xác định,Quận Bình Tân,Phường Bình Trị Đông,1685.4,0,Đường Tân Hòa Đông,84.64934140263439,0.0,0.0,15.35125192832562,4.0,2.05
21.0,4.0,3.0,Sổ hồng,Đầy đủ,10.8481425230843,106.642339837362,Chưa xác định,Quận Gò Vấp,Phường 14,754.4,0,Đường Phạm Văn Chiêu,85.64289501590669,13.419936373276775,0.0,0.9398197242841994,7.0,4.79
200.0,5.0,8.166666666666668,không có,Trống / Nhà thô,10.79483694749626,106.7751531941731,Mặt tiền,Quận 2,Phường An Phú,,1,Đường Song Hành,,,,,14.0,58.0
169.0,1.0,6.0,Sổ hồng,Trống / Nhà thô,11.0159637091837,106.427824486395,Mặt tiền,Huyện Củ Chi,Xã Phước Thạnh,,0,Đường Nguyễn Thị Quá,,,,,3.0,2.0
62.0,2.0,9.0,Sổ hồng,Trống / Nhà thô,10.861891860055,106.765222884715,Chưa xác định,Thành phố Thủ Đức,Phường Linh Trung,,1,Đường Số 5,,,,,5.0,4.3
64.0,3.0,11.666666666666668,Sổ hồng,Trống / Nhà thô,10.7922933916761,106.689077623483,Chưa xác định,Quận 1,Phường Tân Định,530.9,1,Phố Đặng Dung,6.434356752684121,93.56375965341873,0.0,0.0,9.0,19.3
34.0,4.0,2.0,Sổ hồng,Trống / Nhà thô,10.819990901855,106.704257101226,Mặt tiền,Quận Bình Thạnh,Phường 13,11107.4,0,Phố Nguyễn Xí,17.723229558672596,0.0,82.27704053153754,0.0,6.0,6.1
51.0,2.0,5.7,Sổ hồng,Đầy đủ,10.8559873057635,106.736922617964,Chưa xác định,Thành phố Thủ Đức,Phường Tam Phú,,1,Đường Tam Bình,,,,,8.0,6.5
103.0,1.0,10.0,Sổ hồng,Đầy đủ,10.6511711809364,106.729807651456,Chưa xác định,Huyện Nhà Bè,Xã Long Thới,,0,Đường Nguyễn Văn Tạo,,,,,4.0,4.0
225.0,4.0,20.0,Sổ hồng,Cao cấp,10.78411,106.7037,Chưa xác định,Quận 1,Phường Bến Nghé,5075.0,0,Phố Tôn Đức Thắng,7.968866995073892,0.0,92.03054187192119,0.0,12.0,229.0
68.0,4.0,4.0,Sổ hồng,Đầy đủ,10.8611333519268,106.685443332589,Hẻm ô tô,Quận 12,Phường Thạnh Lộc,9988.0,0,Đường Quốc lộ 1A,66.42000400480576,28.586804164997996,0.0,4.99299158990789,7.0,6.25
43.0,2.0,5.433333333333333,Sổ hồng,Đầy đủ,10.808163051304,106.702788992484,Chưa xác định,Quận Bình Thạnh,Phường 12,88.9,1,Đường Bùi Đình Túy,9.448818897637794,0.0,0.0,90.5286839145107,6.0,6.95
17.0,1.0,5.0,Sổ hồng,Trống / Nhà thô,10.7652289518452,106.694693411091,Mặt tiền,Quận 1,Phường Cầu Ông Lãnh,92.8,0,Đường Đề Thám,0.0,0.0,0.0,99.95689655172416,4.0,3.98
252.0,4.0,10.12,Sổ hồng,Đầy đủ,10.8165304339539,106.77890362094,Chưa xác định,Quận 9,Phường Phước Long B,,1,Unknown,,,,,8.0,22.9
70.0,6.0,4.0,Sổ hồng,Đầy đủ,10.7512722525099,106.728796323154,Chưa xác định,Quận 7,Phường Tân Thuận Tây,249.9,0,Đường Huỳnh Tấn Phát,11.956782713085232,0.0,0.0,88.0392156862745,17.0,8.5
50.0,4.0,2.85,Sổ hồng,Trống / Nhà thô,10.7713804390945,106.5865288989,Chưa xác định,Quận Bình Tân,Phường Bình Trị Đông A,3093.8,1,Đường Tây Lân,21.80457689572694,0.0,0.0,78.19445342297497,10.0,7.8
43.0,3.0,6.0,Sổ hồng,Đầy đủ,10.7516344798607,106.701631323896,Hẻm ô tô,Quận 7,Phường Tân Hưng,498563.61,0,Phố Trần Xuân Soạn,95.4990898754123,0.0,0.11544564995427567,4.385462468871324,7.0,8.6
56.0,4.0,8.0,Sổ hồng,Trống / Nhà thô,10.8658477670078,106.614738724984,Chưa xác định,Quận 12,Phường Hiệp Thành,,0,Đường Nguyễn Ảnh Thủ,,,,,9.0,5.8
40.0,2.0,3.0,Sổ hồng,Đầy đủ,10.7315799085739,106.731744646077,Chưa xác định,Quận 7,Phường Tân Phú,1452.5,0,Đường Huỳnh Tấn Phát,95.6344234079174,0.0,0.0,4.364888123924268,5.0,5.5
54.0,2.0,6.666666666666666,Sổ hồng,Đầy đủ,10.7584100475562,106.612412443057,Hẻm ô tô,Quận Bình Tân,Phường Bình Trị Đông B,2731.0,1,Đường Tỉnh Lộ 10,86.95056755767118,0.0,0.0,13.048333943610398,4.0,4.2
115.0,4.0,15.0,Sổ hồng,Trống / Nhà thô,10.806187,106.76898,Chưa xác định,Quận 2,Phường An Phú,,0,Unknown,,,,,7.0,56.7
51.0,4.0,7.0,Sổ hồng,Cao cấp,10.7570960165267,106.585816203006,Hẻm ô tô,Quận Bình Tân,Phường Tân Tạo,348.1,0,Đường Tỉnh Lộ 10,70.26429187015225,0.0,0.0,29.729962654409647,11.0,7.4
52.0,4.0,7.0,Sổ hồng,Đầy đủ,10.799978842564638,106.5927454456687,Hẻm ô tô,Quận Bình Tân,Phường Bình Hưng Hòa B,2408.2,0,Đường Liên khu 4-5,51.12366082551284,33.42870193505523,0.0,15.448882983140939,9.0,4.85
40.0,3.0,6.0,Sổ hồng,Đầy đủ,10.8129824803779,106.709172661833,Hẻm ô tô,Quận Bình Thạnh,Phường 26,366.4,0,Đường Quốc Lộ 13,9.882641921397381,0.0,0.0,90.12008733624455,5.0,7.5
70.0,4.0,10.0,không có,Trống / Nhà thô,10.879043,106.55251,Chưa xác định,Huyện Hóc Môn,Xã Xuân Thới Sơn,34049.8,1,Unknown,0.0,10.637712996845796,89.36234574065045,0.0,9.0,7.0
67.0,4.0,7.0,không có,Trống / Nhà thô,10.7610895113927,106.644314643131,Chưa xác định,Quận 11,Phường 10,218.9,0,Đường Minh Phụng,72.24303334856099,0.0,0.0,27.779808131566924,8.0,9.0
125.0,2.0,10.7,không có,Trống / Nhà thô,10.787431732534843,106.64487987756728,Mặt tiền,Quận Tân Bình,Phường 10,2390.9,1,Đường Hồng Lạc,99.13379898782885,0.0,0.0,0.8678740223346856,8.0,12.0
55.0,5.0,8.0,Sổ hồng,Trống / Nhà thô,10.802254577988,106.719320468552,Hẻm ô tô,Quận Bình Thạnh,Phường 25,718.2,0,Đường Nguyễn Văn Thương,81.11946532999164,0.0,0.0,18.87357282094124,11.0,13.5
102.0,3.0,20.0,Sổ hồng,Cơ bản,10.8059831975772,106.790085665413,Chưa xác định,Quận 9,Phường Phú Hữu,,0,Unknown,,,,,8.0,18.5
124.0,5.0,8.0,Sổ hồng,Đầy đủ,10.8058928377042,106.668181854999,Mặt tiền,Quận Tân Bình,Phường 2,5853.3,0,Đường Phổ Quang,87.84087608699366,0.10387302888968616,9.882288623511524,2.172108041617549,12.0,23.5
55.0,4.0,6.0,Sổ hồng,Cơ bản,10.8059023375092,106.605129527645,Hẻm ô tô,Quận Bình Tân,Phường Bình Hưng Hòa,106.8,1,Unknown,37.453183520599254,0.0,0.0,62.565543071161045,10.0,7.6
34.0,3.0,10.0,Sổ hồng,Đầy đủ,10.7617518132311,106.692265560268,Mặt tiền,Quận 1,Phường Cô Giang,280.0,0,Đường Hồ Hảo Hớn,65.08928571428572,0.0,0.0,34.9,6.0,18.2
100.0,3.0,20.0,Sổ hồng,Cơ bản,10.7432314181326,106.611142180326,Mặt tiền,Quận Bình Tân,Phường Bình Trị Đông B,14454.7,0,Đường Số 17A,0.5466042186970328,0.0,0.0,0.0,9.0,26.0
108.0,3.0,6.0,không có,Đầy đủ,10.7952267064578,106.791366074783,Mặt tiền,Quận 9,Phường Phú Hữu,,0,Đường Võ Chí Công,,,,,8.0,10.7
82.0,3.0,4.0,Sổ hồng,Trống / Nhà thô,10.7835444053647,106.771283759414,Chưa xác định,Quận 2,Phường Bình Trưng Đông,,1,Đường Số 42,,,,,9.0,9.5
50.0,2.0,9.0,Sổ hồng,Cơ bản,10.6925218619269,106.740792437317,Mặt tiền,Huyện Nhà Bè,Thị trấn Nhà Bè,375.1,0,Đường Huỳnh Tấn Phát,8.024526792855239,0.0,0.0,91.98080511863502,4.0,6.3
105.0,4.0,14.0,Sổ hồng,Đầy đủ,10.8448071089136,106.718193926109,Chưa xác định,Thành phố Thủ Đức,Phường Hiệp Bình Phước,,0,Đường 12,,,,,9.0,19.45
241.0,3.0,16.0,Sổ hồng,Trống / Nhà thô,10.7915832968069,106.691599294254,Mặt tiền,Quận 1,Phường Tân Định,56.5,1,Đường Trần Quang Khải,0.7787610619469026,0.0,0.0,99.1858407079646,12.0,165.0
63.0,4.0,12.0,Sổ hồng,Đầy đủ,10.8300140004831,106.702755257732,Chưa xác định,Quận Bình Thạnh,Phường 13,1905.3,0,Đường Đặng Thùy Trâm,84.7178921954548,0.40990920065081615,0.0,14.871148900435626,9.0,10.9
80.0,5.0,9.799999999999999,Sổ hồng,Đầy đủ,10.7810356901913,106.649806944596,Hẻm ô tô,Quận Tân Bình,Phường 10,133.2,1,Đường Lạc Long Quân,31.80930930930931,0.0,0.0,68.22072072072073,9.0,9.4
55.0,2.0,6.0,Sổ đỏ,Trống / Nhà thô,10.8656041729963,106.67051890729,Hẻm ô tô,Quận 12,Phường Thạnh Xuân,661.5,0,Đường Thạnh Xuân 33,2.2645502645502646,0.0,0.0,97.72940287226002,5.0,4.7
26.0,3.0,40.0,Sổ hồng,Trống / Nhà thô,10.7503038126564,106.723352786493,Mặt tiền,Quận 7,Phường Tân Thuận Tây,4135.9,0,Đường Nguyễn Văn Linh,91.96232984356489,8.03887908314998,0.0,0.0,4.0,5.55
57.0,4.0,12.0,Sổ hồng,Trống / Nhà thô,10.8323506601725,106.661320539059,Chưa xác định,Quận Gò Vấp,Phường 11,176.4,0,Đường Số 17,5.583900226757369,0.0,2.9024943310657596,91.52494331065759,9.0,9.8
56.0,3.0,6.0,Sổ hồng,Trống / Nhà thô,10.8155224032266,106.831130590698,Hẻm ô tô,Quận 9,Phường Trường Thạnh,,0,Unknown,,,,,7.0,5.6
71.0,2.0,4.0,Sổ hồng,Cơ bản,10.7827818841461,106.626519411002,Chưa xác định,Quận Tân Phú,Phường Phú Thọ Hòa,4397.1,0,Đường Nguyễn Sơn,98.95885924814081,0.0,0.0,1.0400036387619112,4.0,7.09
40.0,7.0,20.0,Sổ hồng,Trống / Nhà thô,10.7656012539612,106.673022375389,Mặt tiền,Quận 10,Phường 9,2289.0,0,Đường Ngô Gia Tự,85.07252075141983,0.0,0.0,14.947138488422892,8.0,21.0
76.0,4.0,8.0,Sổ hồng,Trống / Nhà thô,10.8648936314362,106.63400583575,Hẻm ô tô,Quận 12,Phường Tân Chánh Hiệp,,0,Đường Dương Thị Mười,,,,,9.0,5.4
41.0,4.0,6.0,Sổ hồng,Đầy đủ,10.76008016697,106.694935147537,Mặt tiền,Quận 1,Phường Cô Giang,319.8,1,Đường Võ Văn Kiệt,54.72482801751094,45.272045028142585,0.0,0.0,8.0,8.1
54.0,1.0,6.4,Sổ hồng,Trống / Nhà thô,10.8559300511256,106.679926291108,Chưa xác định,Quận 12,Phường Thạnh Lộc,606.7,1,Đường Hà Huy Giáp,23.83880006593044,0.0,0.0,76.15460688973133,5.0,5.4
80.0,3.0,8.0,Sổ hồng,Trống / Nhà thô,10.6928876938162,106.741042960169,Mặt tiền,Huyện Nhà Bè,Thị trấn Nhà Bè,3078.9,0,Đường Huỳnh Thị Đồng,90.07047971678196,0.0,0.0,9.929195491896458,9.0,8.2
136.0,4.0,11.6,Sổ hồng,Đầy đủ,10.845620455504,106.717714560847,Chưa xác định,Thành phố Thủ Đức,Phường Hiệp Bình Phước,,1,Unknown,,,,,15.0,29.0
78.0,2.0,2.0,Sổ hồng,Đầy đủ,10.7558537698823,106.70566170917,Mặt tiền,Quận 4,Phường 15,770.2,0,Đường Tôn Đản,12.373409504024927,0.0,0.0,87.6317839522202,8.0,5.95
34.0,3.0,4.0,Sổ hồng,Cơ bản,10.7610420404342,106.692277710554,Mặt tiền,Quận 1,Phường Cô Giang,1350.4,1,Đường Hồ Hảo Hớn,26.692831753554497,73.30790876777252,0.0,0.0,5.0,18.5
61.0,4.0,5.3999999999999995,Sổ hồng,Trống / Nhà thô,10.8407403770104,106.731293784378,Hẻm ô tô,Thành phố Thủ Đức,Phường Hiệp Bình Chánh,,1,Đường 35,,,,,9.0,8.8
90.0,5.0,8.0,Sổ hồng,Cơ bản,21.02894860978742,105.85244722590336,Mặt tiền,Quận Phú Nhuận,Phường 5,,0,Đường Thích Quảng Đức,,,,,11.0,19.9
129.0,3.0,6.0,Sổ hồng,Đầy đủ,10.6752725475049,106.698429932432,Mặt tiền,Huyện Nhà Bè,Xã Nhơn Đức,3518.6,0,Đường Lê Văn Lương,12.068152105951231,0.0,0.0,87.93184789404876,8.0,6.0
120.0,4.0,10.0,Sổ hồng,Trống / Nhà thô,10.8068283492527,106.694950921907,Mặt tiền,Quận Bình Thạnh,Phường 7,994.4,1,Đường Nơ Trang Long,86.88053097345133,0.0,0.0,13.12248592115849,12.0,20.0
60.0,2.0,5.457142857142856,Sổ hồng,Cơ bản,10.7606167493519,106.691133269284,Chưa xác định,Quận 1,Phường Cầu Kho,87.1,1,Đường Trần Đình Xu,17.76119402985075,0.0,0.0,82.23880597014926,6.0,19.5
75.0,4.0,4.0,Sổ hồng,Đầy đủ,10.7758779051954,106.638046277148,Hẻm ô tô,Quận Tân Phú,Phường Hòa Thạnh,3580.9,0,Đường Kênh Tân Hóa,40.25300902007875,5.703035549722137,0.0,54.04255913317881,8.0,9.6
63.0,3.0,6.0,Sổ hồng,Đầy đủ,10.8194563115793,106.70239742241,Hẻm ô tô,Quận Bình Thạnh,Phường 13,3209.8,0,Đường Nơ Trang Long,43.96255218393669,1.102249361330924,0.0,54.934263817060256,6.0,11.0
16.0,4.0,3.0,Sổ hồng,Đầy đủ,10.7835997379164,106.678705939755,Mặt tiền,Quận 3,Phường 9,54.0,0,Phố Bà Huyện Thanh Quan,0.0,0.0,100.0,0.0,6.0,4.68
95.0,4.0,20.0,Sổ hồng,Trống / Nhà thô,21.0289486097874,105.852447225903,Mặt tiền,Quận 2,Phường An Phú,,0,Đường Đỗ Xuân Hợp,,,,,9.0,43.0
60.0,2.0,3.0,Sổ hồng,Đầy đủ,10.8382376208111,106.636281806307,Chưa xác định,Quận Gò Vấp,Phường 14,667.4,0,Đường Phan Huy Ích,57.02727000299671,0.0,0.0,42.971231645190294,5.0,5.75
55.0,4.0,8.75,Sổ hồng,Đầy đủ,10.8075851706239,106.703234276064,Mặt tiền,Quận Bình Thạnh,Phường 12,128.1,1,Đường Bùi Đình Túy,0.9133489461358314,0.0,0.0,99.11007025761124,8.0,8.0
80.0,3.0,8.0,Sổ hồng,Đầy đủ,10.6930773421311,106.740994267829,Mặt tiền,Huyện Nhà Bè,Thị trấn Nhà Bè,124.8,0,Đường Huỳnh Tấn Phát,13.653846153846153,0.0,0.0,86.34615384615385,9.0,11.9
33.0,2.0,7.0,Sổ hồng,Trống / Nhà thô,10.7767485199197,106.61925280669,Hẻm ô tô,Quận Bình Tân,Phường Bình Hưng Hòa,6449.3,0,Đường Số 4,21.76608314080598,0.0,0.0,78.23360674801917,4.0,4.35
70.0,4.0,10.0,không có,Trống / Nhà thô,10.879075987083516,106.55274863414452,Chưa xác định,Huyện Hóc Môn,Xã Xuân Thới Sơn,34049.8,1,Unknown,0.0,10.637712996845796,89.36234574065045,0.0,9.0,6.5
67.0,4.0,8.0,Sổ hồng,Đầy đủ,10.6848324827652,106.750185179609,Mặt tiền,Huyện Nhà Bè,Thị trấn Nhà Bè,,0,Đường Đào Tông Nguyên,,,,,9.0,7.69
62.0,4.0,6.0,Sổ hồng,Trống / Nhà thô,10.771074714151,106.690686748625,Chưa xác định,Quận 1,Phường Bến Thành,2328.2,1,Đường Lê Thị Riêng,5.05154196374882,94.39481144231596,0.5514990121123615,0.0,9.0,23.0
92.0,3.0,8.0,Sổ hồng,Cơ bản,10.8181885445103,106.678725138796,Chưa xác định,Quận Gò Vấp,Phường 3,1174.9,0,Đường Nguyễn Kiệm,58.743722870031476,0.0,0.0,41.255425993701586,8.0,9.5
51.0,2.0,8.400000000000002,Sổ hồng,Trống / Nhà thô,10.8592582479376,106.756752058107,Hẻm ô tô,Thành phố Thủ Đức,Phường Linh Tây,,1,Unknown,,,,,4.0,4.69
110.0,3.0,6.0,Sổ hồng,Đầy đủ,10.8073903137904,106.718813190329,Hẻm ô tô,Quận Bình Thạnh,Phường 25,333.5,0,Đường Ung Văn Khiêm,79.2383808095952,8.992503748125937,0.0,11.778110944527736,14.0,13.99
11.0,3.0,2.0,Sổ hồng,Đầy đủ,10.794316623063,106.690002716718,Mặt tiền,Quận 1,Phường Tân Định,4954.9,0,Đường Trần Khắc Chân,3.6192455952693297,0.0,0.0,96.37974530262974,4.0,2.5
50.0,3.0,5.0,Sổ hồng,Trống / Nhà thô,10.8379423504942,106.636646586768,Mặt tiền,Quận Gò Vấp,Phường 12,1849.6,0,Đường Phan Huy Ích,97.26589532871974,0.0,0.0,2.734645328719723,7.0,6.55
126.0,5.0,16.2,Sổ hồng,Trống / Nhà thô,10.83619200286734,106.84325589554368,Chưa xác định,Quận 9,Phường Long Bình,,1,Đường Nguyễn Xiển,,,,,9.0,19.5
32.0,3.0,2.0,Sổ hồng,Đầy đủ,10.7929038359662,106.711479420941,Hẻm xe máy,Quận Bình Thạnh,Phường 21,11269.1,0,Đường Ngô Tất Tố,2.478902485557853,32.43142753192358,65.08984745898076,0.0,7.0,5.95
41.0,2.0,2.0,Sổ hồng,Cơ bản,10.7515415758407,106.728221501206,Hẻm ô tô,Quận 7,Phường Tân Thuận Tây,499.4,0,Đường Huỳnh Tấn Phát,11.866239487384862,0.0,0.0,88.12775330396477,5.0,4.95
64.0,4.0,6.0,Sổ hồng,Trống / Nhà thô,10.8058524328386,106.622476534522,Chưa xác định,Quận Tân Phú,Phường Sơn Kỳ,4582.3,0,Đường Tân Thắng,0.0,80.22325033280231,0.0,19.777404360255765,9.0,8.7
100.0,3.0,12.666666666666668,Sổ hồng,Cơ bản,10.805065797328355,106.79116170846872,Chưa xác định,Quận 9,Phường Phước Long B,,1,Đường Liên Phường,,,,,8.0,23.5
63.0,3.0,12.0,Sổ hồng,Trống / Nhà thô,10.8181878502582,106.692898232674,Chưa xác định,Quận Bình Thạnh,Phường 11,39.1,0,Đường Nguyên Hồng,61.53452685421994,0.0,0.0,38.54219948849105,6.0,11.9
217.0,1.0,30.0,Sổ hồng,Trống / Nhà thô,10.750991564682,106.728643383841,Mặt tiền,Quận 7,Phường Tân Thuận Tây,979.3,0,Đường Huỳnh Tấn Phát,97.0295108751149,0.0,0.0,2.970489124885122,2.0,15.2
180.0,7.0,19.5,không có,Trống / Nhà thô,10.7886802198108,106.661525331879,Mặt tiền,Quận Tân Bình,Phường 12,65.8,1,Đường K300,43.26747720364742,0.0,0.0,56.76291793313071,11.0,73.0
60.0,3.0,7.0,Sổ hồng,Trống / Nhà thô,10.7886693818387,106.661446720879,Chưa xác định,Quận Tân Bình,Phường 5,65.8,0,Đường Cách Mạng Tháng Tám,43.26747720364742,0.0,0.0,56.76291793313071,6.0,9.39
52.0,5.0,4.0,Sổ hồng,Cơ bản,10.7601894270013,106.707231402267,Chưa xác định,Quận 4,Phường 13,1625.4,0,Đường Tôn Đản,72.47200689061154,3.0607850375292234,0.0,24.467208071859233,10.0,6.2
191.0,2.0,20.0,Sổ hồng,Cơ bản,10.7905142956609,106.691117519058,Mặt tiền,Quận 1,Phường Tân Định,60.6,0,Đường Nguyễn Hữu Cầu,0.0,0.0,0.0,99.96699669966996,8.0,93.0
195.0,2.0,10.7,Sổ hồng,Trống / Nhà thô,10.9031313051969,106.635608240155,Mặt tiền,Huyện Hóc Môn,Xã Đông Thạnh,,1,Đường Đông Thạnh 3,,,,,18.0,5.0
120.0,1.0,3.0,Sổ hồng,Trống / Nhà thô,21.0289486097874,105.852447225903,Mặt tiền,Quận 6,Phường 9,,0,Đường Lê Quang Sung,,,,,3.0,9.8
64.0,2.0,6.0,Sổ hồng,Trống / Nhà thô,10.7515046216888,106.722039309986,Chưa xác định,Quận 7,Phường Tân Thuận Tây,,1,Đường Huỳnh Tấn Phát,,,,,4.0,5.8
48.0,2.0,6.0,Sổ hồng,Cơ bản,10.7987119735243,106.61347376079,Hẻm ô tô,Quận Tân Phú,Phường Sơn Kỳ,40.0,0,Đường Đoàn Giỏi,0.0,0.0,0.0,99.94999999999999,4.0,5.95
98.0,3.0,30.0,Sổ hồng,Đầy đủ,10.69125,106.721214,Mặt tiền,Huyện Nhà Bè,Xã Phước Kiển,124636.3,0,Đường Nguyễn Hữu Thọ,6.473475223510326,13.61510250224052,0.0,12.825870151793659,10.0,12.0
75.0,2.0,12.0,không có,Trống / Nhà thô,10.7905708474072,106.562536769136,Chưa xác định,Huyện Bình Chánh,Xã Vĩnh Lộc B,,0,Đường 6A,,,,,5.0,2.9
93.0,2.0,7.0,Sổ hồng,Trống / Nhà thô,10.7986464508148,106.687977851257,Chưa xác định,Quận Phú Nhuận,Phường 2,,1,Đường Phan Xích Long,,,,,10.0,12.99
75.0,5.0,8.0,Sổ hồng,Đầy đủ,10.7308530002121,106.73248681139,Chưa xác định,Quận 7,Phường Phú Thuận,44.7,0,Đường Phú Thuận,86.39821029082772,0.0,0.0,13.579418344519015,10.0,15.8
75.0,3.0,3.0,Sổ hồng,Trống / Nhà thô,10.7911327444072,106.661878132165,Chưa xác định,Quận Tân Bình,Phường 5,750.6,0,Đường Phạm Văn Hai,99.77351452171595,0.0,0.0,0.2278177458033573,6.0,8.1
126.0,4.0,16.0,Sổ hồng,Đầy đủ,10.7016294495465,106.741220968855,Mặt tiền,Huyện Nhà Bè,Thị trấn Nhà Bè,2340.4,0,Đường Dương Cát Lợi,82.2402153478038,7.517091095539224,0.0,10.243975388822422,9.0,11.4
34.0,2.0,3.4799999999999995,Sổ đỏ,Trống / Nhà thô,10.865724525939,106.686559279789,Chưa xác định,Quận 12,Phường Thạnh Lộc,10186.0,1,Đường Thạnh Lộc 15,10.054290202238366,2.97270763793442,0.0,86.97260946397016,4.0,2.8
34.0,3.0,9.0,Sổ hồng,Trống / Nhà thô,10.7613673576183,106.691979637369,Mặt tiền,Quận 1,Phường Cô Giang,15.6,1,Đường Hồ Hảo Hớn,0.0,0.0,0.0,100.0,6.0,17.8
49.0,4.0,4.0,Sổ hồng,Đầy đủ,10.7435228140601,106.683952346359,Mặt tiền,Quận 8,Phường 3,2232.8,0,Đường Âu Dương Lân,79.87594052310999,0.0,0.0,20.12271587244715,8.0,7.55
85.0,4.0,13.0,Sổ đỏ,Trống / Nhà thô,10.84488,106.7182,Chưa xác định,Thành phố Thủ Đức,Phường Hiệp Bình Phước,,0,Đường Quốc Lộ 13,,,,,11.0,17.5
32.0,2.0,3.0,Sổ hồng,Đầy đủ,10.7404948901954,106.735501730615,Mặt tiền,Quận 7,Phường Phú Thuận,9940.3,0,Đường Nguyễn Văn Quỳ,40.937195054475225,2.1370582376789438,0.0,56.925545506674844,5.0,4.3
138.0,4.0,10.5,Sổ hồng,Trống / Nhà thô,10.7867456640562,106.678070245158,Mặt tiền,Quận 3,Phường 13,77.8,1,Đường Trần Quang Diệu,0.0,0.0,0.0,100.0,17.0,55.0
200.0,6.0,8.766666666666666,Sổ hồng,Trống / Nhà thô,10.7610269596079,106.660288947923,Mặt tiền,Quận Tân Bình,Phường 7,881.4,1,Phố Lý Thường Kiệt,51.18447923757658,48.81552076242342,0.0,0.0,14.0,70.0
75.0,4.0,5.5,không có,Trống / Nhà thô,10.38586,106.9199,Chưa xác định,Huyện Cần Giờ,Xã Long Hòa,,1,Unknown,,,,,8.0,12.0
70.0,1.0,3.0,Sổ hồng,Trống / Nhà thô,10.7098811362751,106.70186701954,Chưa xác định,Huyện Nhà Bè,Xã Phước Kiển,,0,Đường Lê Văn Lương,,,,,2.0,5.6
88.0,2.0,4.0,Sổ hồng,Trống / Nhà thô,10.8574882010308,106.775958426297,Chưa xác định,Thành phố Thủ Đức,Phường Linh Trung,,0,Đường Số 11,,,,,4.0,5.79
64.0,3.0,5.0,Sổ hồng,Trống / Nhà thô,10.8415610282798,106.725760798251,Mặt tiền,Thành phố Thủ Đức,Phường Hiệp Bình Chánh,,0,Unknown,,,,,5.0,6.4
139.0,6.0,14.0,Sổ hồng,Cơ bản,10.84501931316281,106.71830127500976,Mặt tiền,Thành phố Thủ Đức,Phường Hiệp Bình Phước,,0,Đường 5,,,,,10.0,35.0
112.0,2.0,5.7,Sổ hồng,Trống / Nhà thô,10.8141994133342,106.632150048752,Chưa xác định,Quận Tân Phú,Phường Tây Thạnh,2916.2,1,Đường Trường Chinh,18.405116247170977,81.59625540086415,0.0,0.0,7.0,7.0
161.0,7.0,10.5,Sổ hồng,Trống / Nhà thô,10.8454209634636,106.725701771678,Mặt tiền,Thành phố Thủ Đức,Phường Hiệp Bình Chánh,,1,Đường Hiệp Bình,,,,,9.0,32.0
60.0,2.0,4.0,Sổ hồng,Đầy đủ,10.7430919810958,106.725534042233,Mặt tiền,Quận 7,Phường Tân Thuận Đông,972.9,0,Đường Lý Phục Man,88.75937917566038,0.0,0.0,11.23959296947271,7.0,6.8
52.0,2.0,4.333333333333334,Sổ đỏ,Trống / Nhà thô,10.7732091164019,106.627443667358,Hẻm ô tô,Quận Tân Phú,Phường Hiệp Tân,1384.6,1,Đường Tô Hiệu,97.06341181568685,0.0,0.0,2.934421493572151,6.0,6.19
48.0,7.0,20.1,Sổ hồng,Trống / Nhà thô,10.7726981748107,106.669341542497,Mặt tiền,Quận 10,Phường 10,1141.0,1,Đường Sư Vạn Hạnh,94.78264680105171,0.0,0.0,5.194566170026293,12.0,23.0
98.0,4.0,6.0,Sổ hồng,Trống / Nhà thô,10.8585002227221,106.623088379414,Mặt tiền,Quận 12,Phường Tân Chánh Hiệp,,0,Đường Tân Chánh Hiệp 36,,,,,10.0,6.7
110.0,7.0,11.9,không có,Trống / Nhà thô,10.8102653323839,106.730971845698,Mặt tiền,Thành phố Thủ Đức,Phường Thảo Điền,,1,Đường Nguyễn Văn Hưởng,,,,,9.0,30.0
364.0,5.0,15.2,Sổ hồng,Trống / Nhà thô,10.7805465469669,106.70139992004,Chưa xác định,Quận 1,Phường Bến Nghé,86168.1,1,Đường Nguyễn Du,0.2636242414536238,99.73637575854637,0.0,0.0,35.0,210.0
80.0,5.0,6.0,Sổ hồng,Đầy đủ,10.7677910369144,106.594860123841,Hẻm ô tô,Quận Bình Tân,Phường Bình Trị Đông A,1886.4,0,Đường Mã Lò,6.972540288379983,0.0,0.0,93.02745971162001,8.0,6.8
48.0,3.0,10.0,Sổ hồng,Trống / Nhà thô,10.8122467094363,106.686432181442,Hẻm ô tô,Quận Bình Thạnh,Phường 5,1334.3,0,Đường Nguyễn Trung Trực,72.44098028929027,0.0,0.0,27.55827025406581,8.0,5.5
500.0,2.0,30.0,không có,Trống / Nhà thô,10.8443448456921,106.762266328009,Mặt tiền,Thành phố Thủ Đức,Phường Bình Thọ,,0,Đường Đặng Văn Bi,,,,,4.0,62.0
59.0,2.0,4.0,Sổ hồng,Đầy đủ,10.8084228703447,106.688628652314,Mặt tiền,Quận Tân Bình,Phường 13,79.3,1,Đường Hoàng Hoa Thám,0.0,0.0,0.0,100.0,8.0,16.8
300.0,5.0,15.5,Sổ hồng,Trống / Nhà thô,10.7818141090648,106.663241612746,Chưa xác định,Quận 10,Phường 15,2269.0,1,Đường Trường Sơn,64.51432349052446,8.590127809607756,0.0,26.874394006170117,40.0,83.0
45.0,2.0,4.0,Sổ hồng,Trống / Nhà thô,10.7353206040383,106.732633476644,Mặt tiền,Quận 7,Phường Phú Thuận,1229.5,0,Đường Huỳnh Tấn Phát,8.351362342415616,91.64538430256202,0.0,0.0,4.0,6.05
68.0,2.0,8.0,Sổ hồng,Cơ bản,10.7526254933475,106.698591425867,Mặt tiền,Quận 4,Phường 3,16692.7,0,Đường Tôn Thất Thuyết,1.091794616808545,98.2124521497421,0.6959329527278392,0.0,9.0,17.5
70.0,3.0,12.0,Sổ hồng,Đầy đủ,10.8118917346903,106.624508688983,Mặt tiền,Quận Tân Phú,Phường Tây Thạnh,1348.6,0,Đường Nguyễn Hữu Tiến,8.571852291265015,64.69079044935488,0.0,26.73661574966632,7.0,8.1
66.0,2.0,4.733333333333333,Sổ hồng,Trống / Nhà thô,10.7723682776185,106.668916409844,Mặt tiền,Quận 10,Phường 10,100.0,1,Đường Sư Vạn Hạnh,0.0,0.0,0.0,100.0,8.0,21.0
48.0,5.0,5.0,Sổ hồng,Đầy đủ,10.8121790994195,106.68563796852,Chưa xác định,Quận Bình Thạnh,Phường 5,56.6,0,Đường Nguyễn Thượng Hiền,0.0,0.4770318021201414,0.0,99.45229681978797,7.0,9.5
43.0,4.0,4.5,Sổ hồng,Đầy đủ,10.7615916238493,106.67850579806,Mặt tiền,Quận 5,Phường 4,210.5,1,Đường Trần Phú,1.5534441805225654,0.0,0.0,98.44655581947744,15.0,9.29
386.0,10.0,29.0,Sổ hồng,Trống / Nhà thô,10.7633042765248,106.686668391974,Mặt tiền,Quận 1,Phường Nguyễn Cư Trinh,3281.7,1,Đường Nguyễn Trãi,36.25407563153244,59.301581497394636,0.0,4.442819270500046,18.0,450.0
153.0,5.0,14.3,Sổ hồng,Trống / Nhà thô,10.7757984596173,106.697022772446,Mặt tiền,Quận 1,Phường Bến Thành,7214.3,1,Đường Nguyễn Du,98.8363389379427,0.0,1.1637996756442064,0.0,13.0,75.0
45.0,4.0,12.0,Sổ hồng,Đầy đủ,10.7317059434891,106.745071403414,Chưa xác định,Quận 7,Phường Phú Thuận,9782.4,0,Unknown,12.071270853778215,31.6465284592738,56.282200686947995,0.0,8.0,5.5
96.0,4.0,19.0,Sổ hồng,Trống / Nhà thô,10.7646213684184,106.694868943471,Mặt tiền,Quận 1,Phường Cầu Ông Lãnh,89.4,1,Đường Đề Thám,11.40939597315436,0.0,0.0,88.54586129753915,10.0,22.0
83.0,4.0,4.0,Sổ đỏ,Trống / Nhà thô,10.7926465226251,106.623824631626,Hẻm ô tô,Quận Tân Phú,Phường Tân Quý,1749.8,0,Đường Nguyễn Quang Diêu,79.62795748085495,0.0,0.0,20.370328037489998,9.0,7.48
111.0,4.0,8.5,Sổ đỏ,Trống / Nhà thô,10.8082508210383,106.73501129301,Chưa xác định,Quận 2,Phường Thảo Điền,,1,Unknown,,,,,9.0,36.0
94.0,2.0,3.0,Sổ hồng,Đầy đủ,10.7082457152252,106.621362637119,Mặt tiền,Quận 8,Phường 7,228.1,1,Đường Phạm Thế Hiển,82.14379658044719,0.0,0.0,17.864971503726437,5.0,7.7
72.0,2.0,8.0,không có,Trống / Nhà thô,10.82580025394898,106.68778842283218,Chưa xác định,Quận Gò Vấp,Phường 7,84.3,1,Unknown,0.0,0.0,0.0,100.0,4.0,7.0
12.0,3.0,3.0,Sổ hồng,Đầy đủ,10.7645784698333,106.695059171558,Chưa xác định,Quận 1,Phường Cô Giang,622.6,0,Đường Đề Thám,95.74204946996467,0.0,0.0,4.256344362351429,4.0,3.1
100.0,5.0,14.0,Sổ hồng,Đầy đủ,10.84488,106.7182,Chưa xác định,Thành phố Thủ Đức,Phường Hiệp Bình Phước,,0,Đường Nguyễn Thị Nhung,,,,,9.0,19.8
140.0,3.0,5.0,Sổ hồng,Cơ bản,10.8112361506352,106.709273357768,Hẻm ô tô,Quận Bình Thạnh,Phường 26,80.8,0,Đường Đinh Bộ Lĩnh,12.660891089108912,0.0,0.0,87.37623762376238,9.0,15.4
56.0,4.0,9.5,Sổ hồng,Trống / Nhà thô,10.8481803386319,106.748236954059,Mặt tiền,Thành phố Thủ Đức,Phường Linh Đông,,1,Đường Phạm Văn Đồng,,,,,7.0,15.0
110.0,4.0,8.0,không có,Trống / Nhà thô,10.7879457411961,106.677244678462,Chưa xác định,Quận 3,Phường 14,1436.7,1,Đường Lê Văn Sỹ,1.8048305143732162,0.0,0.0,98.19656156469688,9.0,30.0
97.0,1.0,4.0,Sổ hồng,Cơ bản,10.7843562759744,106.759642801613,Mặt tiền,Quận 2,Phường Bình Trưng Tây,,0,Unknown,,,,,2.0,7.8
60.0,3.0,4.0,Sổ hồng,Cơ bản,10.7520231286545,106.701718427995,Chưa xác định,Quận 7,Phường Tân Hưng,83205.49,0,Phố Trần Xuân Soạn,0.0,0.0,100.0,0.0,10.0,10.0
50.0,3.0,5.0,Sổ hồng,Trống / Nhà thô,10.8740709535251,106.68760176748,Chưa xác định,Quận 12,Phường Thạnh Lộc,1926.4,1,Đường Thạnh Lộc 19,0.0,0.0,0.0,99.99740448504983,8.0,6.1
53.0,5.0,4.7,Sổ đỏ,Trống / Nhà thô,10.7919139112178,106.691478952354,Mặt tiền,Quận 1,Phường Tân Định,1111.1,1,Đường Trần Quang Khải,94.61254612546126,0.0,0.0,5.391953919539196,8.0,22.9
50.0,2.0,4.0,Sổ hồng,Trống / Nhà thô,10.7957671020521,106.621975942001,Hẻm ô tô,Quận Tân Phú,Phường Tân Quý,2259.6,0,Đường Gò Dầu,78.15144273322713,4.605239865462915,0.0,17.24243228890069,3.0,5.75
279.0,2.0,17.0,Sổ hồng,Trống / Nhà thô,10.8296240631588,106.702857316086,Mặt tiền,Quận Bình Thạnh,Phường 13,1905.3,1,Đường Đặng Thùy Trâm,84.7178921954548,0.40990920065081615,0.0,14.871148900435626,15.0,55.0
100.0,4.0,30.0,Sổ hồng,Đầy đủ,10.7484903544836,106.619343703633,Mặt tiền,Quận Bình Tân,Phường Bình Trị Đông B,3338.2,0,Đường Số 1,79.19866994188484,0.0,0.0,20.800131807560962,10.0,20.0
80.0,4.0,7.0,Sổ hồng,Đầy đủ,10.8144044001235,106.623614214133,Chưa xác định,Quận Tân Phú,Phường Tây Thạnh,1330.4,0,Đường Tây Thạnh,79.53096812988574,0.0,0.0,20.469783523752252,8.0,9.55
101.0,1.0,5.0,Sổ hồng,Trống / Nhà thô,10.8456618737652,106.717908614032,Mặt tiền,Thành phố Thủ Đức,Phường Hiệp Bình Phước,,0,Đường Quốc Lộ 13,,,,,4.0,7.9
100.0,7.0,5.0,không có,Trống / Nhà thô,10.7954753317149,106.641070941003,Mặt tiền,Quận Tân Bình,Phường 14,545.3,1,Đường Trương Công Định,86.02787456445994,0.0,0.0,13.97212543554007,9.0,22.9
56.0,3.0,5.5,Sổ hồng,Trống / Nhà thô,10.8447843674596,106.660680162186,Mặt tiền,Quận Gò Vấp,Phường 11,598.6,1,Đường Số 8,50.815235549615764,0.0,0.0,49.18643501503508,6.0,5.98
132.0,4.0,5.7,Sổ hồng,Trống / Nhà thô,10.771499886631815,106.77659629642716,Chưa xác định,Quận 2,Phường Cát Lái,,1,Đường Nguyễn Thị Định,,,,,16.0,17.2
27.0,3.0,4.0,Sổ hồng,Đầy đủ,10.8149858257602,106.672974267559,Chưa xác định,Quận Bình Thạnh,Phường 15,99.9,1,Đường Bạch Đằng,30.58058058058058,0.0,0.0,69.44944944944945,6.0,5.98
56.0,2.0,4.0,Sổ hồng,Trống / Nhà thô,10.6928607738248,106.740881596835,Chưa xác định,Huyện Nhà Bè,Thị trấn Nhà Bè,3078.9,0,Đường Huỳnh Tấn Phát,90.07047971678196,0.0,0.0,9.929195491896458,5.0,2.75
48.0,2.0,7.0,Sổ hồng,Trống / Nhà thô,10.8213305961484,106.631164153092,Chưa xác định,Quận Tân Bình,Phường 15,1018.2,0,Đường Tống Văn Hên,89.27519151443724,3.2115497937536834,0.0,7.516205067766648,5.0,5.15
209.0,5.0,18.0,Sổ hồng,Đầy đủ,10.7337547105954,106.710288394243,Mặt tiền,Quận 7,Phường Tân Phong,707353.2,0,Đường Số 2,34.28193581367837,19.24510131572177,0.0,46.47296145687897,38.0,98.0
500.0,5.0,18.2,Sổ hồng,Cơ bản,10.7785816192627,106.75447845459,Mặt tiền,Quận 2,Phường Thạnh Mỹ Lợi,,1,Đường Tỉnh lộ 25B,,,,,6.0,200.0
60.0,3.0,4.0,Sổ hồng,Trống / Nhà thô,10.7376639880103,106.722664920199,Mặt tiền,Quận 7,Phường Bình Thuận,372.3,0,Đường Nguyễn Thị Thập,32.350255170561375,66.34703196347031,1.2892828364222402,0.0,8.0,6.5
54.0,2.0,8.0,Sổ hồng,Đầy đủ,10.8375088990104,106.790348969201,Hẻm ô tô,Quận 9,Phường Tăng Nhơn Phú A,,0,Đường 160,,,,,5.0,5.25
86.0,2.0,5.0,Sổ hồng,Cơ bản,10.8483840483061,106.642411591975,Mặt tiền,Quận Gò Vấp,Phường 14,84.5,0,Đường Phan Huy Ích,55.242603550295854,0.0,0.0,44.73372781065088,8.0,7.3
100.0,3.0,8.0,Sổ hồng,Đầy đủ,10.82310149069184,106.71985085549272,Chưa xác định,Thành phố Thủ Đức,Phường Hiệp Bình Chánh,,0,Đường 18,,,,,8.0,11.0
120.0,3.0,25.0,Sổ hồng,Trống / Nhà thô,10.7376190900398,106.706145951369,Chưa xác định,Quận 7,Phường Tân Phong,,0,Đường Số 65,,,,,12.0,34.0
191.0,5.0,10.2,Sổ hồng,Trống / Nhà thô,10.8070668096677,106.647570396994,Mặt tiền,Quận Tân Bình,Phường 13,110.2,1,Đường Trần Văn Danh,21.814882032667875,0.0,0.0,78.16696914700543,20.0,39.0
31.0,3.0,1.0,Sổ hồng,Đầy đủ,10.7417394979798,106.619099585645,Mặt tiền,Quận Bình Tân,Phường An Lạc A,7624.3,0,Đường Kinh Dương Vương,99.64586912896922,0.3547866689400994,0.0,0.0,8.0,3.3
75.0,2.0,2.0,Sổ hồng,Cơ bản,10.8307849753741,106.524109580274,Mặt tiền,Huyện Bình Chánh,Xã Phạm Văn Hai,,0,Đường An Hạ,,,,,3.0,1.68
320.0,9.0,29.3,Sổ hồng,Trống / Nhà thô,10.7844448190951,106.642145949508,Chưa xác định,Quận Tân Phú,Phường Phú Trung,13875.5,1,Đường Âu Cơ,24.15812042809268,75.84202371085728,0.0,0.0,10.0,45.0
105.0,4.0,5.25,Sổ hồng,Trống / Nhà thô,10.7597980464221,106.673462364661,Mặt tiền,Quận 5,Phường 9,527.4,1,Đường Sư Vạn Hạnh,1.378460371634433,0.0,0.0,98.61774744027304,9.0,32.0
145.0,4.0,8.0,Sổ hồng,Cao cấp,10.7640427443874,106.700428400514,Mặt tiền,Quận 4,Phường 8,2907.7,0,Đường Bến Vân Đồn,76.36207311620869,10.846717336726623,12.791897375932868,0.0,42.0,18.0
80.0,2.0,10.0,Sổ hồng,Cơ bản,10.6511403742196,106.730056555234,Chưa xác định,Huyện Nhà Bè,Xã Long Thới,3900.8,0,Đường Nguyễn Văn Tạo,,,,,4.0,3.0
41.0,5.0,20.2,không có,Trống / Nhà thô,10.8122855593219,106.700505410883,Hẻm ô tô,Quận Bình Thạnh,Phường 12,44.6,1,Unknown,0.0,0.0,0.0,100.0,6.0,8.99
82.0,4.0,13.0,Sổ hồng,Đầy đủ,10.8730328670811,106.679569935215,Hẻm ô tô,Quận 12,Phường Thạnh Lộc,1039.8,1,Đường Thạnh Lộc 27,0.22696672437007115,99.76918638199656,0.0,0.0,9.0,6.48
145.0,4.0,8.0,Sổ hồng,Đầy đủ,10.7953548793141,106.640567503263,Mặt tiền,Quận Tân Bình,Phường 14,378.2,0,Đường Trương Công Định,0.0,0.0,0.0,99.99206768905341,36.0,29.9
120.0,4.0,10.0,không có,Trống / Nhà thô,10.7157128480368,106.631840463303,Chưa xác định,Quận 8,Phường 7,444.7,1,Đường Phạm Thế Hiển,18.293231391949625,0.0,0.0,81.7045199010569,12.0,8.8
48.0,2.0,8.0,Sổ hồng,Đầy đủ,10.7658842746335,106.644873221442,Hẻm ô tô,Quận 11,Phường 14,3191.2,0,Đường Ông Ích Khiêm,93.48489596390073,0.0,0.0,6.5135372273752825,5.0,7.4
86.0,4.0,11.3,Sổ hồng,Đầy đủ,10.8007846709766,106.591389563699,Chưa xác định,Quận Bình Tân,Phường Bình Hưng Hòa B,3599.7,1,Đường Số 2,48.87407283940328,0.0,0.0,43.50501430674779,8.0,6.8
64.0,3.0,10.0,Sổ hồng,Đầy đủ,10.8483458496034,106.647719326824,Mặt tiền,Quận Gò Vấp,Phường 14,6457.2,0,Đường Phạm Văn Chiêu,4.486154989778852,0.0,92.17183918726384,3.342005822957319,8.0,8.5
95.0,4.0,6.0,Sổ hồng,Đầy đủ,10.7446128855908,106.697257156841,Chưa xác định,Quận 7,Phường Tân Hưng,19302.44,0,Unknown,0.0,0.0,0.0,100.0,8.0,12.5
328.0,4.0,28.8,Sổ hồng,Trống / Nhà thô,10.8029832786687,106.731296369784,Mặt tiền,Quận 2,Phường Thảo Điền,,1,Đường Xuân Thủy,,,,,16.0,129.0
49.0,1.0,5.4,Sổ hồng,Đầy đủ,10.6928186624515,106.741294200015,Chưa xác định,Huyện Nhà Bè,Thị trấn Nhà Bè,707.9,1,Đường Huỳnh Tấn Phát,13.446814521825118,0.0,0.0,86.55883599378443,3.0,3.39
91.0,4.0,12.0,không có,Trống / Nhà thô,10.8225919536422,106.618119582448,Chưa xác định,Quận 12,Phường Tân Thới Nhất,1188.9,1,Đường F,66.85844057532172,0.0,0.0,33.13903608377491,8.0,12.7
269.0,5.0,10.7,Sổ hồng,Đầy đủ,10.7977813602461,106.704993895183,Chưa xác định,Quận Bình Thạnh,Phường 17,3425.9,1,Đường Điện Biên Phủ,64.69774365860066,33.41837181470563,0.0,1.883300738492075,27.0,80.0
52.0,4.0,7.0,Sổ hồng,Trống / Nhà thô,10.8057334784854,106.63819657699,Chưa xác định,Quận Tân Bình,Phường 13,688.1,0,Đường Phan Văn Sửu,85.02833890422905,0.0,0.0,14.977474204330765,8.0,9.9
57.0,4.0,12.0,Sổ đỏ,Trống / Nhà thô,10.8324684267266,106.660859604691,Mặt tiền,Quận Gò Vấp,Phường 11,95.4,0,Đường Số 17,5.188679245283018,24.0251572327044,0.0,70.78616352201259,9.0,9.8
180.0,4.0,30.0,Sổ hồng,Trống / Nhà thô,10.7447529162969,106.610784059887,Mặt tiền,Quận Bình Tân,Phường Bình Trị Đông B,902660.3,0,Đường Tên Lửa,0.48759871238382807,0.0,0.0,0.0,13.0,43.0
66.0,3.0,6.0,Sổ hồng,Trống / Nhà thô,10.769559875311,106.670965958521,Mặt tiền,Quận 10,Phường 10,31412.0,1,Đường 3/2,1.575194193301923,98.42518782630842,0.0,0.0,8.0,34.0
71.0,3.0,7.0,Sổ hồng,Đầy đủ,10.8362093815791,106.726482569353,Chưa xác định,Thành phố Thủ Đức,Phường Hiệp Bình Chánh,,0,Đường Số 48,,,,,8.0,8.7
127.0,2.0,3.0,Sổ hồng,Cơ bản,10.6924647310426,106.74102032045,Chưa xác định,Huyện Nhà Bè,Thị trấn Nhà Bè,3078.9,0,Đường Huỳnh Tấn Phát,90.07047971678196,0.0,0.0,9.929195491896458,9.0,5.75
46.0,3.0,5.0,Sổ hồng,Đầy đủ,10.7919867964429,106.716007315928,Chưa xác định,Quận Bình Thạnh,Phường 22,74.4,1,Đường Võ Duy Ninh,21.760752688172044,0.0,0.0,78.29301075268816,6.0,7.5
252.0,3.0,18.6,Sổ hồng,Trống / Nhà thô,10.835891,106.842865,Chưa xác định,Quận 9,Phường Long Bình,,1,Đường Nguyễn Xiển,,,,,8.0,40.0
91.0,3.0,10.6,Sổ hồng,Đầy đủ,10.7820192927928,106.656737755984,Mặt tiền,Quận Tân Bình,Phường 6,1084.0,1,Đường Đất Thánh,90.4280442804428,0.3782287822878229,0.3118081180811808,8.884686346863468,10.0,14.95
147.0,5.0,16.3,Sổ hồng,Trống / Nhà thô,10.8785928306901,106.774922096506,Mặt tiền,Thành phố Thủ Đức,Phường Linh Xuân,,1,Đường Số 8,,,,,23.0,9.4
140.0,3.0,12.0,Sổ hồng,Trống / Nhà thô,10.704007,106.712654,Chưa xác định,Huyện Nhà Bè,Xã Phước Kiển,43635.6,0,Đường Nguyễn Hữu Thọ,0.052273831458717196,5.2599482990952335,0.0,1.368034357267919,8.0,16.5
43.0,6.0,4.3,Sổ đỏ,Trống / Nhà thô,10.8513609535757,106.658749391155,Chưa xác định,Quận Gò Vấp,Phường 16,67.9,1,Đường Phạm Văn Chiêu,20.44182621502209,0.0,0.0,79.58762886597938,9.0,9.9
35.0,2.0,2.0,Sổ hồng,Đầy đủ,10.844725668173224,106.79898200556636,Chưa xác định,Thành phố Thủ Đức,Phường Tăng Nhơn Phú A,,0,Đường Làng Tăng Phú,,,,,4.0,3.5
51.0,4.0,7.0,Sổ hồng,Cơ bản,10.7984383417302,106.592225763202,Hẻm ô tô,Quận Bình Tân,Phường Bình Hưng Hòa B,9456.2,0,Đường Liên khu 4-5,21.260019881136184,14.685180093483638,0.0,64.05490577610456,13.0,5.6
119.0,2.0,6.0,Sổ hồng,Đầy đủ,10.7890914000489,106.780791549019,Hẻm ô tô,Quận 2,Phường Bình Trưng Đông,,0,Đường Số 31,,,,,4.0,8.9
57.0,2.0,3.0,Sổ hồng,Trống / Nhà thô,10.8538289354052,106.764117144048,Hẻm ô tô,Thành phố Thủ Đức,Phường Linh Chiểu,,1,Đường Số 19,,,,,4.0,5.35
63.0,2.0,6.0,Sổ hồng,Trống / Nhà thô,10.8478321413421,106.716372855484,Mặt tiền,Thành phố Thủ Đức,Phường Hiệp Bình Phước,,0,Unknown,,,,,8.0,6.45
131.0,4.0,10.0,Sổ hồng,Đầy đủ,10.791164382014,106.698995491759,Hẻm ô tô,Quận 1,Phường Đa Kao,370.0,0,Đường Mai Thị Lựu,3.2486486486486483,0.0,96.75675675675676,0.0,15.0,38.3
48.0,5.0,5.5,Sổ hồng,Trống / Nhà thô,10.7726199458704,106.684453381003,Mặt tiền,Quận 3,Phường 5,1159.6,1,Đường Nguyễn Đình Chiểu,97.38099344601588,0.0,2.614694722318041,0.0,8.0,25.5
106.0,5.0,8.4,Sổ hồng,Trống / Nhà thô,10.7691312103716,106.683040206154,Hẻm ô tô,Quận 3,Phường 5,996.9,1,Đường Cao Thắng,84.5501053265122,0.0,15.449894673487814,0.0,17.0,27.8
27.0,3.0,5.0,Sổ hồng,Cơ bản,10.7799687623962,106.668086339844,Mặt tiền,Quận 10,Phường 13,154.0,0,Đường Tô Hiến Thành,38.13636363636363,0.0,0.0,61.65584415584415,5.0,6.3
36.0,3.0,3.0,Sổ hồng,Đầy đủ,10.8245674128505,106.68556321247,Mặt tiền,Quận Gò Vấp,Phường 4,2554.4,0,Phố Lý Thường Kiệt,97.34145004697776,2.4408863138114625,0.0,0.1542436580018791,7.0,5.15
82.0,5.0,10.666666666666668,Sổ hồng,Đầy đủ,10.7951881852795,106.675743214707,Chưa xác định,Quận Phú Nhuận,Phường 11,2523.0,1,Đường Nguyễn Văn Trỗi,5.385652001585414,0.0,0.0,94.61474435196196,9.0,16.5
100.0,4.0,16.599999999999998,không có,Trống / Nhà thô,10.7157128480368,106.631840463303,Chưa xác định,Quận 8,Phường 7,444.7,1,Đường Phạm Thế Hiển,18.293231391949625,0.0,0.0,81.7045199010569,9.0,7.5
453.0,3.0,31.1,Sổ hồng,Đầy đủ,10.8207525322201,106.777086952137,Chưa xác định,Quận 9,Phường Phước Long B,,1,Unknown,,,,,10.0,52.0
21.0,4.0,3.0,Sổ hồng,Đầy đủ,10.8481425230843,106.642339837362,Chưa xác định,Quận Gò Vấp,Phường 14,754.4,0,Đường Phạm Văn Chiêu,85.64289501590669,13.419936373276775,0.0,0.9398197242841994,7.0,4.79
171.0,1.0,20.0,không có,Trống / Nhà thô,10.8826972401299,106.770344455774,Mặt tiền,Thành phố Thủ Đức,Phường Linh Xuân,,0,Đường Quốc lộ 1K,,,,,3.0,10.5
60.0,4.0,3.0,Sổ hồng,Cao cấp,10.6928643612064,106.740767914455,Mặt tiền,Huyện Nhà Bè,Thị trấn Nhà Bè,1136.2,0,Đường Huỳnh Tấn Phát,89.45696180249956,0.0,0.0,10.54215807076219,6.0,4.95
48.0,5.0,6.0,Sổ hồng,Đầy đủ,10.7664297700074,106.682964489979,Chưa xác định,Quận Bình Thạnh,Phường 19,5618.1,0,Đường Phạm Viết Chánh,89.01318951246861,10.98681048753137,0.0,0.0,16.0,22.0
110.0,3.0,20.0,Sổ hồng,Trống / Nhà thô,10.8635242481637,106.625151650363,Mặt tiền,Quận 12,Phường Tân Chánh Hiệp,815.3,0,Đường Nguyễn Ảnh Thủ,0.0,100.0,0.0,0.0,13.0,13.6
26.0,4.0,10.1,không có,Trống / Nhà thô,10.7896853011173,106.702303403097,Chưa xác định,Quận 1,Phường Đa Kao,3142.1,1,Đường Nguyễn Bỉnh Khiêm,45.79039495878553,0.0,54.2083320072563,0.0,4.0,7.0
223.0,3.0,8.0,Sổ hồng,Trống / Nhà thô,10.8412247448365,106.560176303309,Mặt tiền,Huyện Bình Chánh,Xã Vĩnh Lộc A,,0,Đường Liên Ấp 2-3-4,,,,,8.0,13.1
97.0,7.0,7.4,Sổ hồng,Đầy đủ,10.7678712744894,106.67153585608,Mặt tiền,Quận 10,Phường 9,2439.0,1,Đường Lý Thái Tổ,91.2279622796228,0.0,0.0,8.763837638376385,25.0,47.0
80.0,3.0,6.0,Sổ hồng,Đầy đủ,10.7682730077237,106.603375164596,Chưa xác định,Quận Bình Tân,Phường Bình Trị Đông A,114.7,0,Đường Mã Lò,53.2258064516129,0.0,0.0,46.78291194420226,8.0,5.75
102.0,3.0,20.0,Sổ hồng,Đầy đủ,10.8069373694437,106.788151803466,Chưa xác định,Quận 9,Phường Phú Hữu,,1,Đường Liên Phường,,,,,8.0,18.5
330.0,3.0,11.1,không có,Trống / Nhà thô,10.7255125,106.713776,Chưa xác định,Quận 7,Phường Tân Phong,921306.6,1,Đường Hà Huy Tập,18.16232837146722,22.868941783332502,0.0,58.968724418125305,8.0,95.0
28.0,3.0,15.0,Sổ hồng,Đầy đủ,10.7936212987083,106.691317607992,Mặt tiền,Quận 1,Phường Tân Định,106.0,0,Đường Trần Khắc Chân,0.0,0.0,0.0,99.9622641509434,6.0,10.5
85.0,1.0,7.0,Sổ hồng,Đầy đủ,10.7032296447757,106.703818567367,Chưa xác định,Huyện Nhà Bè,Xã Phước Kiển,4800.1,0,Đường Lê Văn Lương,18.2681610799775,0.0,1.6522572446407364,0.0,4.0,5.75
32.0,3.0,5.0,Sổ hồng,Trống / Nhà thô,10.8451780587304,106.664828872826,Mặt tiền,Quận Gò Vấp,Phường 16,235.2,1,Đường Thống Nhất,80.11054421768708,0.0,0.0,19.889455782312925,6.0,3.99
90.0,2.0,6.0,Sổ hồng,Cơ bản,10.8128915681127,106.6967183741,Mặt tiền,Quận Bình Thạnh,Phường 12,1168.5,0,Đường Nơ Trang Long,85.16816431322208,0.0,0.0,14.828412494651264,7.0,10.99
62.0,4.0,5.0,Sổ hồng,Trống / Nhà thô,10.7931424386903,106.624386501998,Chưa xác định,Quận Tân Phú,Phường Tân Quý,161.3,0,Đường Tây Sơn,84.5815251084935,0.0,0.0,15.41227526348419,8.0,7.9
325.0,5.0,10.7,Sổ hồng,Đầy đủ,10.7884058274467,106.658980332333,Chưa xác định,Quận Tân Bình,Phường 7,115.2,1,Đường Bành Văn Trân,52.93402777777777,0.0,0.0,47.04861111111111,10.0,67.0
62.0,3.0,5.5,Sổ đỏ,Trống / Nhà thô,10.7905925102232,106.637669847903,Chưa xác định,Quận Tân Phú,Phường Tân Thành,222.9,1,Đường Lũy Bán Bích,3.1583669807088377,24.43248093315388,0.0,72.40915208613728,9.0,9.4
90.0,3.0,16.0,Sổ hồng,Trống / Nhà thô,10.81487241561,106.771033165253,Chưa xác định,Thành phố Thủ Đức,Phường Phước Bình,,0,Đường 4,,,,,9.0,10.99
70.0,4.0,12.0,Sổ hồng,Đầy đủ,10.8253488375969,106.701435091578,Mặt tiền,Quận Bình Thạnh,Phường 13,3636.4,0,Unknown,23.464965350346496,39.61115388846112,0.0,36.92415575844242,9.0,13.5
126.0,4.0,12.0,Sổ hồng,Đầy đủ,10.7480978255054,106.615810207437,Mặt tiền,Quận Bình Tân,Phường Bình Trị Đông B,,0,Đường Số 1A,,,,,10.0,16.8
24.0,2.0,4.0,Sổ hồng,Trống / Nhà thô,10.7835895386429,106.64733176974,Hẻm ô tô,Quận Tân Bình,Phường 10,846.9,0,Đường Ni Sư Huỳnh Liên,99.37064588499234,0.0,0.0,0.6328964458613768,4.0,3.2
51.0,4.0,12.0,Sổ hồng,Trống / Nhà thô,10.856697041123,106.699483535348,Mặt tiền,Quận 12,Phường An Phú Đông,1888.8,0,Đường Võ Thị Liễu,48.952774248199916,13.905654383735708,0.0,37.14210080474375,10.0,5.5
89.0,5.0,8.0,Sổ hồng,Đầy đủ,10.7926420415388,106.68893106966,Mặt tiền,Quận 1,Phường Tân Định,164.8,1,Phố Đặng Dung,1.2439320388349513,0.0,0.0,98.76820388349515,11.0,23.0
128.0,4.0,15.1,Sổ hồng,Đầy đủ,10.8263263959076,106.728343835289,Chưa xác định,Thành phố Thủ Đức,Phường Hiệp Bình Chánh,,1,Unknown,,,,,10.0,16.5
85.0,3.0,12.0,Sổ hồng,Đầy đủ,10.7884222229413,106.770414115726,Mặt tiền,Quận 2,Phường Bình Trưng Tây,,0,Đường Số 39,,,,,10.0,8.6
56.0,5.0,12.0,Sổ hồng,Đầy đủ,10.7696354679315,106.613470428288,Chưa xác định,Quận Bình Tân,Phường Bình Trị Đông,1167.3,0,Đường Hương lộ 2,99.99914332219653,0.0,0.0,0.0,10.0,7.8
74.0,2.0,5.0,Sổ hồng,Cơ bản,10.743919077805,106.697200109002,Hẻm ô tô,Quận 7,Phường Tân Hưng,58822.99,0,Unknown,0.0,0.0,100.0,0.0,11.0,7.8
80.0,4.0,9.0,Sổ hồng,Đầy đủ,10.6845091619312,106.749946296877,Mặt tiền,Huyện Nhà Bè,Xã Phú Xuân,5845.8,0,Đường Đào Tông Nguyên,34.20866262958021,0.0,0.0,0.0,9.0,9.8
83.0,3.0,8.0,Sổ hồng,Cơ bản,10.8003193887847,106.80829320471,Chưa xác định,Quận 9,Phường Long Trường,,0,Đường Số 3,,,,,8.0,4.5
85.0,3.0,12.0,Sổ hồng,Trống / Nhà thô,10.8343851352295,106.701880545563,Mặt tiền,Quận Bình Thạnh,Phường 13,8533.8,0,Đường Bình Lợi,20.036326138414307,0.0,0.0,16.65846399025053,10.0,13.9
129.0,2.0,20.0,Sổ hồng,Cơ bản,10.8820698813232,106.637729959028,Mặt tiền,Quận 12,Phường Hiệp Thành,12663.9,0,Đường Nguyễn Ảnh Thủ,0.17498558895758812,26.41121613405033,73.1285780841605,0.27092759734363037,4.0,8.0
36.0,3.0,6.0,Sổ hồng,Đầy đủ,10.8201094855074,106.703995225335,Chưa xác định,Quận Bình Thạnh,Phường 13,1017.2,0,Phố Nguyễn Xí,76.16397955171058,23.835037357451828,0.0,0.0,6.0,8.0
40.0,6.0,7.5,Sổ hồng,Đầy đủ,10.768375282561,106.697391016142,Mặt tiền,Quận 1,Phường Cầu Ông Lãnh,1756.7,1,Đường Lê Thị Hồng Gấm,99.71936016394376,0.0,0.28063983605624176,0.0,5.0,32.0
64.0,3.0,11.666666666666668,không có,Trống / Nhà thô,10.7817884359414,106.653565417827,Chưa xác định,Quận Tân Bình,Phường 8,,1,Đường Thành Mỹ,,,,,9.0,7.9
58.0,4.0,5.0,Sổ hồng,Trống / Nhà thô,10.8135600114191,106.689881122225,Chưa xác định,Quận Bình Thạnh,Phường 11,988.5,0,Đường Lê Quang Định,84.7364693980779,0.0,0.0,15.268588770864946,9.0,9.8
13.0,3.0,12.0,Sổ hồng,Cơ bản,10.7827554343321,106.621086789046,Mặt tiền,Quận Tân Phú,Phường Phú Thạnh,65.7,0,Đường Văn Cao,1.6133942161339423,0.0,0.0,98.37138508371383,5.0,3.5
222.0,4.0,7.0,Sổ hồng,Trống / Nhà thô,10.7769238278434,106.638885431604,Mặt tiền,Quận Tân Phú,Phường Phú Trung,1541.0,1,Đường Kênh Tân Hóa,59.05061648280338,18.16677482154445,0.0,22.783257624918882,13.0,32.5
68.0,6.0,13.4,Sổ đỏ,Đầy đủ,10.7344512348959,106.626554167022,Mặt tiền,Quận 6,Phường 10,25857.7,1,Đường Song Hành,93.84748063439517,6.139718536451424,0.0,0.0,9.0,15.4
108.0,3.0,6.0,Sổ hồng,Đầy đủ,10.7786257736184,106.643257462927,Chưa xác định,Quận Tân Phú,Phường Phú Trung,168.0,0,Đường Lê Ngã,0.0,0.0,0.0,99.97619047619048,26.0,10.8
140.0,4.0,14.25,không có,Trống / Nhà thô,10.7809047038391,106.675971888078,Mặt tiền,Quận 3,Phường 10,1019.9,1,Đường Cách Mạng Tháng Tám,19.44308265516227,0.0,0.0,80.55593685655457,12.0,43.0
200.0,7.0,32.0,Sổ hồng,Đầy đủ,10.7785535043997,106.63517821875,Mặt tiền,Quận Tân Phú,Phường Phú Thạnh,1854.2,0,Đường Lũy Bán Bích,41.931291122856216,0.0,0.0,58.068708877143784,24.0,58.0
112.0,5.0,8.0,Sổ hồng,Đầy đủ,10.8558143096179,106.619103946679,Mặt tiền,Quận 12,Phường Trung Mỹ Tây,,0,Đường Hà Chương,,,,,9.0,13.3
53.0,2.0,10.0,Sổ hồng,Trống / Nhà thô,10.7316107741347,106.745260825848,Chưa xác định,Quận 7,Phường Phú Thuận,24991.8,1,Đường Nguyễn Văn Quỳ,8.863067086004211,0.0,91.13689290087149,0.0,5.0,5.18
50.0,2.0,10.7,Sổ hồng,Đầy đủ,10.7663154121546,106.671639855721,Mặt tiền,Quận 10,Phường 9,81.0,1,Đường Sư Vạn Hạnh,15.148148148148147,0.0,0.0,84.7530864197531,8.0,9.0
120.0,4.0,6.0,Sổ hồng,Trống / Nhà thô,10.6843346934402,106.750219861947,Hẻm ô tô,Huyện Nhà Bè,Thị trấn Nhà Bè,,0,Đường Đào Tông Nguyên,,,,,12.0,6.99
102.0,1.0,10.0,Sổ hồng,Cơ bản,10.8013091803327,106.810393402132,Chưa xác định,Quận 9,Phường Long Trường,,1,Đường Nguyễn Duy Trinh,,,,,3.0,5.4
460.0,3.0,26.0,không có,Trống / Nhà thô,21.02894860978742,105.85244722590336,Chưa xác định,Huyện Cần Giờ,Xã Long Hòa,,0,Unknown,,,,,9.0,68.77
34.0,4.0,3.0,Sổ hồng,Trống / Nhà thô,10.7650151624472,106.668967531711,Mặt tiền,Quận 10,Phường 4,58.0,0,Đường Nhật Tảo,66.25862068965517,0.0,0.0,33.775862068965516,6.0,5.3
72.0,3.0,4.0,Sổ hồng,Trống / Nhà thô,10.8199565060401,106.703833168283,Mặt tiền,Quận Bình Thạnh,Phường 13,1688.7,0,Phố Nguyễn Xí,80.76686208325931,12.387635459228992,0.0,6.847278971990288,5.0,11.5
40.0,2.0,7.181818181818182,Sổ hồng,Đầy đủ,10.7833885406023,106.762082656293,Hẻm ô tô,Quận 2,Phường Cát Lái,,1,Đường Số 30,,,,,4.0,4.8
60.0,3.0,5.666666666666666,Sổ hồng,Trống / Nhà thô,10.8523804305877,106.671781032801,Chưa xác định,Quận Gò Vấp,Phường 15,3278.6,1,Đường Lê Đức Thọ,40.38309034343928,52.9408894040139,6.676935277252485,0.0,8.0,5.9
68.0,4.0,14.0,Sổ hồng,Trống / Nhà thô,10.7801242876251,106.624777609631,Mặt tiền,Quận Tân Phú,Phường Phú Thạnh,148.9,0,Đường Lê Niệm,0.0,0.0,0.0,100.0,9.0,10.0
48.0,3.0,8.0,Sổ hồng,Cơ bản,10.7410752440542,106.706438233615,Chưa xác định,Quận 7,Phường Tân Quy,1425.0,0,Đường Số 77,90.63087719298247,0.0,0.0,9.36701754385965,7.0,6.5
66.0,2.0,8.0,Sổ hồng,Trống / Nhà thô,10.8436468001712,106.727262394761,Mặt tiền,Thành phố Thủ Đức,Phường Hiệp Bình Chánh,,0,Đường Số 37,,,,,6.0,8.5
65.0,4.0,12.0,không có,Trống / Nhà thô,10.770126689589,106.694109587681,Chưa xác định,Quận Tân Bình,Phường 12,16853.0,1,Đường Lê Lai,95.07618821574793,4.922862398386044,0.0,0.0,10.0,11.9
240.0,3.0,20.0,Sổ hồng,Đầy đủ,10.7426045663659,106.713406881392,Chưa xác định,Quận 7,Phường Tân Quy,161.5,0,Đường Số 45,13.752321981424148,0.0,0.0,86.26006191950465,12.0,57.9
72.0,3.0,5.333333333333334,Sổ hồng,Đầy đủ,10.8689142245006,106.67394238873,Chưa xác định,Quận 12,Phường Thạnh Xuân,729.0,1,Đường Tô Ngọc Vân,33.641975308641975,0.0,0.0,66.35802469135803,9.0,5.95
29.0,6.0,8.0,Sổ hồng,Đầy đủ,10.7599871973304,106.686534652682,Mặt tiền,Quận 1,Phường Nguyễn Cư Trinh,35702.3,0,Đường Nguyễn Cảnh Chân,0.44218439708366125,99.55787162171623,0.0,0.0,9.0,12.0
120.0,4.0,16.0,Sổ hồng,Cơ bản,10.782257372617002,106.74797451874558,Mặt tiền,Quận 2,Phường An Khánh,,0,Đường Thân Văn Nhiếp,,,,,12.0,23.5
139.0,3.0,6.0,Sổ hồng,Cơ bản,10.7938675599452,106.662763561803,Mặt tiền,Quận Tân Bình,Phường 3,2202.7,0,Đường Phạm Văn Hai,99.89558269396652,0.10396331774640215,0.0,0.0,10.0,20.59
43.0,4.0,4.0,Sổ hồng,Cơ bản,10.8097878681545,106.689479299179,Chưa xác định,Quận Bình Thạnh,Phường 5,578.3,0,Đường Nguyễn Văn Đậu,78.48867369877227,0.0,0.0,21.507867888639115,9.0,7.3
170.0,5.0,13.4,không có,Trống / Nhà thô,10.8024053238791,106.641532993353,Chưa xác định,Quận Tân Bình,Phường 13,8379.7,1,Đường Cộng Hòa,82.14912228361398,14.234638471544326,1.317827607193575,2.2981729656192944,16.0,20.5
53.0,3.0,6.0,Sổ hồng,Trống / Nhà thô,10.7989538898608,106.7185264482,Chưa xác định,Quận Bình Thạnh,Phường 22,5640.4,1,Đường Điện Biên Phủ,99.06070491454507,0.0,0.0,0.9392950854549322,8.0,6.95
133.0,4.0,12.0,Sổ hồng,Đầy đủ,10.7134694400115,106.731796117787,Mặt tiền,Quận 7,Phường Phú Mỹ,3164.6,0,Đường Số 2C,14.368956582190485,27.15035075522973,0.0,58.48006067117487,31.0,27.9
45.0,4.0,2.0,Sổ hồng,Trống / Nhà thô,10.7488778219056,106.710315370981,Chưa xác định,Quận 7,Phường Tân Kiểng,43.3,1,Unknown,0.0,100.0,0.0,0.0,5.0,6.2
180.0,1.0,30.0,không có,Trống / Nhà thô,10.8491041878561,106.78742225456,Mặt tiền,Quận 9,Phường Hiệp Phú,,0,Đường Man Thiện,,,,,11.0,13.5
139.0,5.0,8.4,Sổ hồng,Đầy đủ,10.84488,106.7182,Mặt tiền,Thành phố Thủ Đức,Phường Hiệp Bình Phước,,1,Đường Quốc Lộ 13,,,,,22.0,35.0
74.0,2.0,6.0,Sổ hồng,Đầy đủ,10.7889224035329,106.779019720282,Mặt tiền,Quận 2,Phường Bình Trưng Đông,,0,Đường Nguyễn Duy Trinh,,,,,7.0,6.0
70.0,3.0,4.0,Sổ hồng,Đầy đủ,10.7511639210456,106.722393584432,Chưa xác định,Quận 7,Phường Tân Thuận Tây,,0,Unknown,,,,,6.0,7.8
210.0,3.0,20.0,Sổ hồng,Cơ bản,10.8056649470461,106.789612785758,Chưa xác định,Quận 9,Phường Phú Hữu,,0,Unknown,,,,,43.0,35.0
60.0,4.0,8.0,Sổ hồng,Đầy đủ,10.7694668454368,106.622574165576,Hẻm ô tô,Quận Tân Phú,Phường Hiệp Tân,1527.3,0,Đường Phan Anh,66.17887775813527,33.208930792902514,0.0,0.6148104498133963,7.0,6.95
50.0,2.0,4.0,Sổ hồng,Cơ bản,10.8378041252318,106.636741383214,Hẻm ô tô,Quận Gò Vấp,Phường 12,191.4,0,Đường Phan Huy Ích,2.7324973876698015,0.0,0.0,97.26227795193311,4.0,5.95
72.0,4.0,14.0,Sổ hồng,Trống / Nhà thô,10.811246078457,106.702018500947,Mặt tiền,Quận Bình Thạnh,Phường 12,,1,Đường Chu Văn An,,,,,12.0,11.8
90.0,5.0,10.0,Sổ hồng,Đầy đủ,10.824685454711,106.717317724537,Mặt tiền,Thành phố Thủ Đức,Phường Hiệp Bình Chánh,,1,Đường Số 17,,,,,11.0,16.8
71.0,2.0,4.5,Sổ hồng,Đầy đủ,10.7643363132743,106.625070613571,Chưa xác định,Quận Tân Phú,Phường Phú Thạnh,1964.0,1,Đường Nguyễn Văn Yến,0.0,0.0,0.0,100.0,8.0,8.3
62.0,6.0,10.0,Sổ hồng,Cơ bản,10.772950881824,106.679162523886,Mặt tiền,Quận 10,Phường 11,1026.0,1,Đường Điện Biên Phủ,80.77485380116958,0.0,0.0,19.23391812865497,11.0,20.5
110.0,3.0,18.4,Sổ hồng,Trống / Nhà thô,10.8099800895296,106.67136286682,Mặt tiền,Quận Tân Bình,Phường 2,3206.0,1,Đường Hồng Hà,98.17155333749218,0.0,1.8287585776668744,0.0,12.0,25.0
81.0,4.0,10.0,Sổ hồng,Đầy đủ,10.684559260265,106.750205195561,Mặt tiền,Huyện Nhà Bè,Xã Phú Xuân,,0,Đường Đào Tông Nguyên,,,,,9.0,11.8
240.0,3.0,7.0,Sổ hồng,Trống / Nhà thô,10.8174379081475,106.588339415401,Mặt tiền,Quận Bình Tân,Phường Bình Hưng Hòa B,5417.5,0,Đường Bình Thành,71.64356252884173,14.964097831102908,0.0,13.246146746654361,7.0,12.0
60.0,3.0,10.0,Sổ hồng,Trống / Nhà thô,10.8117881993535,106.709355061325,Mặt tiền,Quận Bình Thạnh,Phường 26,2613.6,0,Đường Đinh Bộ Lĩnh,30.41169268441996,0.0,65.2345423936333,4.355677992041629,12.0,10.5
30.0,2.0,5.0,Sổ hồng,Trống / Nhà thô,10.7769566824563,106.63821341088,Chưa xác định,Quận Tân Phú,Phường Hòa Thạnh,1172.8,0,Unknown,0.0,0.0,0.0,99.99573669849933,2.0,3.75
63.0,5.0,8.0,Sổ hồng,Trống / Nhà thô,10.7677998442234,106.694849679734,Mặt tiền,Quận 1,Phường Phạm Ngũ Lão,217.2,0,Đường Trần Hưng Đạo,36.68968692449355,0.0,63.31491712707184,0.0,15.0,27.0
110.0,1.0,12.0,Sổ hồng,Cơ bản,10.9033788956361,106.634181508377,Mặt tiền,Huyện Hóc Môn,Xã Đông Thạnh,,0,Đường Đặng Thúc Vịnh,,,,,3.0,4.5
100.0,4.0,40.0,Sổ hồng,Cơ bản,10.879043,106.55251,Chưa xác định,Huyện Hóc Môn,Xã Xuân Thới Sơn,34049.8,0,Unknown,0.0,10.637712996845796,89.36234574065045,0.0,9.0,10.0
103.0,5.0,6.7,Sổ hồng,Đầy đủ,10.7608559198168,106.667232112819,Mặt tiền,Quận 10,Phường 5,60.0,1,Đường Vĩnh Viễn,0.0,0.0,0.0,99.41666666666666,22.0,25.8
85.0,1.0,7.0,Sổ hồng,Cơ bản,10.7026055917973,106.709895782786,Chưa xác định,Huyện Nhà Bè,Xã Phước Kiển,2480.5,0,Unknown,26.418060874823624,73.58193912517638,0.0,0.0,10.0,5.75
270.0,5.0,25.0,Sổ hồng,Đầy đủ,10.719606389268009,106.73222008467106,Mặt tiền,Quận 7,Phường Tân Phú,1034216.8,0,Đường 22,16.500876798752444,17.54197475809714,0.1461792150349907,65.81097212886118,45.0,115.0
58.0,4.0,4.933333333333334,Sổ hồng,Trống / Nhà thô,10.8114257905907,106.685035001299,Mặt tiền,Quận 3,Phường 4,880.1,1,Đường Nguyễn Thượng Hiền,59.13646176570845,0.0,0.0,40.868083172366774,10.0,19.5
262.0,7.0,20.0,Sổ hồng,Đầy đủ,10.8297305069241,106.637857444564,Mặt tiền,Quận Tân Bình,Phường 15,32.6,0,Đường Huỳnh Văn Nghệ,19.60122699386503,0.0,0.0,80.49079754601226,4.0,20.0
896.0,3.0,40.0,Sổ hồng,Trống / Nhà thô,10.7891895002751,106.778707614528,Mặt tiền,Quận 2,Phường Bình Trưng Đông,,0,Đường Nguyễn Duy Trinh,,,,,23.0,158.0
75.0,2.0,8.0,Sổ hồng,Trống / Nhà thô,10.7477932535417,106.715965675259,Chưa xác định,Quận 7,Phường Tân Thuận Tây,72.5,0,Đường Lâm Văn Bền,93.15862068965518,0.0,0.0,6.855172413793103,4.0,8.8
115.0,3.0,22.3,Sổ hồng,Trống / Nhà thô,10.7915825628237,106.64413095217,Mặt tiền,Quận Tân Bình,Phường 10,215.0,1,Đường Bàu Cát,0.0,0.0,100.0,0.0,12.0,18.0
44.0,1.0,20.0,Sổ hồng,Trống / Nhà thô,10.8712000896548,106.637190855,Mặt tiền,Quận 12,Phường Hiệp Thành,8620.9,0,Đường Dương Thị Mười,72.75203285039845,27.18382071477456,0.0,0.0,2.0,6.8
100.0,4.0,12.0,Sổ hồng,Đầy đủ,10.8315434818288,106.670881794185,Mặt tiền,Quận Gò Vấp,Phường 10,70991.2,0,Đường Số 1,5.3839208239894525,94.48747168663158,0.0,0.12863566188485334,14.0,23.6
109.0,3.0,7.0,Sổ hồng,Trống / Nhà thô,10.7720796003482,106.669579835782,Mặt tiền,Quận 10,Phường 12,1535.0,1,Đường Sư Vạn Hạnh,99.357003257329,0.0,0.0,0.6332247557003258,14.0,27.0
25.0,3.0,2.5,Sổ hồng,Đầy đủ,10.8029302663421,106.677015587066,Mặt tiền,Quận Phú Nhuận,Phường 9,1277.5,1,Đường Hồ Văn Huê,0.0,100.0,0.0,0.0,5.0,10.0
48.0,2.0,5.0,Sổ hồng,Trống / Nhà thô,10.8729802778316,106.690779439774,Chưa xác định,Quận 12,Phường An Phú Đông,5557.2,0,Đường Thạnh Lộc 31,14.77488663355647,0.0,0.0,85.2252933131793,4.0,4.58
140.0,3.0,12.0,Sổ đỏ,Đầy đủ,10.6909828186035,106.722045898438,Chưa xác định,Huyện Nhà Bè,Xã Phước Kiển,3879.1,1,Đường Nguyễn Hữu Thọ,0.0,63.20177360728003,0.0,36.79693743394087,8.0,16.0
80.0,2.0,12.0,Sổ hồng,Cơ bản,10.8148065782337,106.774829359461,Mặt tiền,Quận 9,Phường Phước Long B,,0,Đường Đỗ Xuân Hợp,,,,,5.0,6.8
173.0,2.0,2.0,Sổ hồng,Trống / Nhà thô,10.7034117148183,106.703693894893,Chưa xác định,Huyện Nhà Bè,Xã Phước Kiển,4800.1,0,Đường Lê Văn Lương,18.2681610799775,0.0,1.6522572446407364,0.0,12.0,5.1
44.0,5.0,6.0,Sổ hồng,Cơ bản,10.7674010529667,106.65341465353,Hẻm ô tô,Quận 11,Phường 11,23538.7,0,Đường Lê Đại Hành,14.471869729424307,71.72927986677259,13.576238279938993,0.22282454001282992,11.0,9.0
137.0,5.0,20.0,không có,Trống / Nhà thô,10.8059293214169,106.668398316868,Mặt tiền,Quận Tân Bình,Phường 2,3007.7,0,Đường Phổ Quang,38.27276656581441,4.479170129999668,0.0,57.2467333843136,15.0,39.5
266.0,8.0,19.4,Sổ hồng,Trống / Nhà thô,10.7949978997779,106.687671013053,Mặt tiền,Quận Phú Nhuận,Phường 2,,1,Đường Trường Sa,,,,,8.0,65.0
80.0,3.0,14.0,Sổ hồng,Trống / Nhà thô,10.8140423200124,106.62376528555,Mặt tiền,Quận Tân Phú,Phường Tây Thạnh,804.8,0,Unknown,1.0039761431411531,2.3583499005964215,0.0,96.64264413518887,7.0,9.85
82.0,2.0,2.0,Sổ hồng,Trống / Nhà thô,10.8102861132852,106.698330470169,Mặt tiền,Quận Bình Thạnh,Phường 12,369.3,0,Đường Nguyễn Khuyến,0.0,0.0,0.0,100.0,3.0,8.6
150.0,5.0,12.0,Sổ hồng,Trống / Nhà thô,10.8290017947588,106.768359285023,Mặt tiền,Thành phố Thủ Đức,Phường Phước Long A,,0,Đường Đỗ Xuân Hợp,,,,,12.0,20.3
76.0,2.0,8.0,Sổ hồng,Trống / Nhà thô,10.7783359632864,106.635110344572,Mặt tiền,Quận Tân Phú,Phường Hòa Thạnh,1658.6,1,Đường Lũy Bán Bích,53.82250090437719,0.0,0.0,46.17810201374654,4.0,7.3
90.0,4.0,13.136363636363637,không có,Trống / Nhà thô,10.7987697087035,106.655102193594,Chưa xác định,Quận Tân Bình,Phường 4,8145.4,1,Đường Nguyễn Thái Bình,11.22105728386574,0.0,0.0,2.3954624696147517,10.0,15.0
123.0,3.0,6.0,Sổ hồng,Đầy đủ,10.7862657289542,106.6908112924,Hẻm ô tô,Quận 3,Phường Võ Thị Sáu,1011.4,0,Đường Võ Thị Sáu,0.0,0.0,100.0,0.0,9.0,31.0
60.0,4.0,14.65,Sổ hồng,Đầy đủ,10.7645212861468,106.630336154585,Chưa xác định,Quận 11,Phường 1,1348.0,1,Đường Tân Hóa,0.0,99.99777448071217,0.0,0.0,15.0,8.8
200.0,3.0,10.9,không có,Trống / Nhà thô,10.703801309618052,106.71226497963966,Chưa xác định,Huyện Nhà Bè,Xã Phước Kiển,4599.3,1,Đường Nguyễn Hữu Thọ,6.440762724762464,0.0,0.0,56.991933555106215,14.0,26.0
110.0,4.0,8.0,Sổ hồng,Cơ bản,10.8158855337785,106.695112242734,Chưa xác định,Quận Bình Thạnh,Phường 11,62.5,0,Đường Phan Văn Trị,36.816,0.0,0.0,63.23200000000001,9.0,7.92
96.0,3.0,10.0,không có,Trống / Nhà thô,10.69125,106.721214,Mặt tiền,Huyện Nhà Bè,Xã Phước Kiển,124636.3,1,Đường Nguyễn Hữu Thọ,6.473475223510326,13.61510250224052,0.0,12.825870151793659,10.0,11.2
46.0,2.0,4.0,Sổ hồng,Đầy đủ,10.8673103498067,106.641892699904,Hẻm ô tô,Quận 12,Phường Tân Thới Hiệp,3877.4,0,Đường Tân Thới Hiệp 9,0.0,100.0,0.0,0.0,4.0,4.85
188.0,3.0,13.3,Sổ hồng,Cơ bản,10.8028816901651,106.67667087677,Chưa xác định,Quận Phú Nhuận,Phường 9,2159.8,1,Đường Hồ Văn Huê,96.73858690619501,0.0,0.0,3.2637281229743493,10.0,48.0
84.0,4.0,11.325,Sổ hồng,Đầy đủ,10.8496326326394,106.65071527234,Mặt tiền,Quận Gò Vấp,Phường 9,4169.7,1,Đường Phạm Văn Chiêu,1.426241696045279,0.0,91.96369043336452,6.610787346811521,10.0,10.0
63.0,3.0,5.0,Sổ hồng,Cơ bản,10.7875712359984,106.760743428022,Hẻm ô tô,Quận 2,Phường Bình Trưng Tây,,0,Unknown,,,,,7.0,7.4
120.0,6.0,20.0,Sổ hồng,Đầy đủ,10.7931080146383,106.688891955346,Chưa xác định,Quận 1,Phường Tân Định,178.6,0,Đường Trần Quý Khoách,1.0302351623740202,0.0,0.0,98.96976483762597,40.0,72.0
52.0,4.0,16.0,Sổ hồng,Trống / Nhà thô,10.8865800284123,106.723978805138,Mặt tiền,Thành phố Thủ Đức,Phường Bình Chiểu,,0,Đường Ngô Chí Quốc,,,,,7.0,4.37
146.0,3.0,12.0,Sổ đỏ,Trống / Nhà thô,10.8721784955867,106.619845998906,Mặt tiền,Quận 12,Phường Tân Chánh Hiệp,372.4,1,Đường Nguyễn Ảnh Thủ,20.891514500537056,0.0,0.0,79.11385606874329,28.0,13.6
56.0,4.0,5.0,Sổ hồng,Đầy đủ,10.7993223810107,106.641338231705,Chưa xác định,Quận Tân Bình,Phường 14,1272.4,0,Đường Trường Chinh,96.27318453316566,0.0,0.0,3.7228858849418414,9.0,9.9
140.0,5.0,8.4,Sổ hồng,Đầy đủ,10.8041430268519,106.658657256586,Mặt tiền,Quận Tân Bình,Phường 4,300.0,1,Đường Nguyễn Trọng Lội,0.0,99.78333333333335,0.0,0.0,22.0,28.0
74.0,4.0,6.0,Sổ hồng,Cơ bản,10.8055132700749,106.682024026274,Mặt tiền,Quận Phú Nhuận,Phường 5,947.1,0,Đường Thích Quảng Đức,79.44884383908774,0.0,0.0,20.554323725055433,18.0,15.99
90.0,3.0,6.0,Sổ hồng,Đầy đủ,10.8590584829555,106.739180398412,Chưa xác định,Thành phố Thủ Đức,Phường Tam Phú,,0,Đường Cây Keo,,,,,8.0,10.5
72.0,3.0,7.0,Sổ hồng,Trống / Nhà thô,10.8298100181314,106.702253812716,Chưa xác định,Quận Bình Thạnh,Phường 13,2379.9,1,Đường Đặng Thùy Trâm,7.752426572545065,0.0,0.0,92.24757342745494,8.0,11.3
222.0,5.0,10.5,Sổ hồng,Trống / Nhà thô,10.8241143779752,106.761988003975,Chưa xác định,Quận 9,Phường Tăng Nhơn Phú A,,1,Đường Số 26,,,,,12.0,18.0
68.0,4.0,20.0,Sổ hồng,Trống / Nhà thô,10.7961395783653,106.622024795641,Mặt tiền,Quận Tân Phú,Phường Tân Quý,1809.6,0,Đường Gò Dầu,89.13406277630416,0.0,0.0,10.865384615384615,11.0,12.5
33.0,2.0,5.25,Sổ hồng,Trống / Nhà thô,10.7687278131609,106.603271560222,Hẻm ô tô,Quận Bình Tân,Phường Bình Trị Đông A,132.5,1,Đường Mã Lò,0.0,0.0,0.0,99.98490566037735,4.0,3.6
57.0,6.0,20.0,Sổ hồng,Đầy đủ,10.8120334720985,106.692660175057,Mặt tiền,Quận Bình Thạnh,Phường 11,674.4,0,Đường Nguyễn Văn Đậu,87.44217081850535,0.0,0.0,12.550415183867141,14.0,12.0
50.0,3.0,6.0,Sổ hồng,Trống / Nhà thô,10.8496719992449,106.743410395417,Hẻm ô tô,Thành phố Thủ Đức,Phường Linh Đông,,0,Đường Số 22,,,,,5.0,6.6
50.0,4.0,6.0,Sổ hồng,Đầy đủ,10.684715375501,106.749903162202,Chưa xác định,Huyện Nhà Bè,Thị trấn Nhà Bè,,0,Đường Đào Tông Nguyên,,,,,9.0,7.55
85.0,3.0,8.0,Sổ hồng,Đầy đủ,10.6780518267971,106.753903017388,Mặt tiền,Huyện Nhà Bè,Xã Phú Xuân,1377.5,0,Đường Huỳnh Tấn Phát,11.91361161524501,88.08348457350272,0.0,0.0,9.0,8.9
47.0,5.0,5.0,Sổ hồng,Đầy đủ,10.8066876482525,106.695061840867,Hẻm ô tô,Quận Bình Thạnh,Phường 7,1088.6,0,Đường Nơ Trang Long,88.45857064119052,0.0,0.0,11.542347969869558,9.0,9.5
480.0,3.0,20.2,Sổ hồng,Đầy đủ,10.7562139461317,106.606007007382,Chưa xác định,Quận Bình Tân,Phường Bình Trị Đông B,337.7,1,Đường Tên Lửa,37.408942848682265,0.0,0.0,62.59994077583655,9.0,20.0
133.0,4.0,5.9,Sổ hồng,Đầy đủ,10.8076180959893,106.646019392398,Chưa xác định,Quận Tân Bình,Phường 13,987.2,1,Đường Văn Chung,71.58427876823337,0.0,0.0,28.418760129659642,16.0,22.5
200.0,5.0,13.0,không có,Trống / Nhà thô,10.8354459065363,106.842253454872,Mặt tiền,Quận 9,Phường Long Bình,,0,Unknown,,,,,11.0,31.9
102.0,4.0,8.0,Sổ hồng,Đầy đủ,10.8035459803568,106.704454565057,Mặt tiền,Quận Bình Thạnh,Phường 14,118.8,0,Đường Bạch Đằng,16.616161616161616,0.0,79.71380471380472,3.6447811447811453,10.0,16.3
140.0,3.0,10.0,Sổ hồng,Đầy đủ,10.7276662752456,106.71421776336,Chưa xác định,Quận 7,Phường Tân Phong,921306.6,0,Unknown,18.16232837146722,22.868941783332502,0.0,58.968724418125305,7.0,40.0
103.0,2.0,8.0,Sổ hồng,Trống / Nhà thô,10.812304764939,106.692606512283,Chưa xác định,Quận Bình Thạnh,Phường 11,125.7,0,Đường Nguyễn Văn Đậu,40.71599045346062,0.0,0.0,59.29196499602227,5.0,8.6
315.0,2.0,8.0,Sổ hồng,Cơ bản,10.6752267811961,106.698535246931,Hẻm ô tô,Huyện Nhà Bè,Xã Nhơn Đức,1669.5,0,Đường Lê Văn Lương,77.08655286013777,10.598382749326145,0.0,12.314465408805033,13.0,12.0
80.0,5.0,12.0,Sổ hồng,Đầy đủ,10.8152577323895,106.707885430014,Chưa xác định,Quận Bình Thạnh,Phường 26,168.1,0,Phố Nguyễn Xí,29.077929803688285,0.0,0.0,70.8923259964307,20.0,14.9
121.0,5.0,18.9,Sổ hồng,Cao cấp,10.7937841515297,106.708631159818,Mặt tiền,Quận Bình Thạnh,Phường 19,128.0,1,Đường Xô Viết Nghệ Tĩnh,87.7734375,0.0,0.0,12.2109375,13.0,23.5
96.0,4.0,19.0,Sổ hồng,Cơ bản,10.7659568339904,106.66726615623,Hẻm ô tô,Quận 10,Phường 9,323.0,1,Đường Nguyễn Tri Phương,3.8266253869969042,0.0,0.0,96.26315789473684,10.0,16.8
70.0,4.0,18.0,Sổ hồng,Trống / Nhà thô,10.7226243535753,106.611857857775,Mặt tiền,Quận Bình Tân,Phường An Lạc,154.5,0,Đường Võ Văn Kiệt,99.6569579288026,0.0,0.0,0.31715210355987056,8.0,8.8
98.0,4.0,8.0,Sổ hồng,Đầy đủ,10.7863238993745,106.627599832798,Chưa xác định,Quận Tân Phú,Phường Phú Thọ Hòa,1446.5,0,Đường Lê Sát,14.246802627030764,0.0,0.0,85.75388869685449,11.0,10.9
60.0,4.0,5.0,Sổ hồng,Cơ bản,10.7516124471784,106.701473355186,Chưa xác định,Quận 7,Phường Tân Hưng,498563.61,0,Phố Trần Xuân Soạn,95.4990898754123,0.0,0.11544564995427567,4.385462468871324,7.0,6.5
90.0,1.0,6.2,Sổ hồng,Trống / Nhà thô,10.7923198834654,106.617229359045,Hẻm ô tô,Quận Tân Phú,Phường Tân Quý,163.4,1,Đường Đỗ Thừa Luông,21.223990208078334,0.0,0.0,78.78212974296204,10.0,7.49
434.0,4.0,21.0,Sổ hồng,Trống / Nhà thô,10.7864732726653,106.689232634454,Mặt tiền,Quận 3,Phường Võ Thị Sáu,25793.1,1,Đường Pasteur,13.526253145221009,86.47363054460303,0.0,0.0,13.0,399.0
31.0,3.0,12.4,Sổ hồng,Trống / Nhà thô,10.7987497863509,106.682026799922,Mặt tiền,Quận Phú Nhuận,Phường 1,328.4,1,Đường Đoàn Thị Điểm,19.190012180267967,80.81912302070647,0.0,0.0,10.0,8.3
309.0,7.0,19.0,Sổ hồng,Trống / Nhà thô,10.7990886142651,106.64118459195,Chưa xác định,Quận Tân Bình,Phường 13,1245.2,1,Đường Trường Chinh,99.9967876646322,0.0,0.0,0.0,130.0,35.0
46.0,1.0,4.0,Sổ hồng,Trống / Nhà thô,10.8674522384143,106.62851609944,Chưa xác định,Quận 12,Phường Tân Chánh Hiệp,,0,Đường Huỳnh Thị Hai,,,,,5.0,3.59
83.0,3.0,12.0,Sổ hồng,Đầy đủ,10.7660543548917,106.785945868431,Chưa xác định,Quận 2,Phường Cát Lái,,0,Đường Số 35,,,,,9.0,9.5
132.0,3.0,8.0,Sổ hồng,Trống / Nhà thô,10.8293093954524,106.729711678573,Chưa xác định,Thành phố Thủ Đức,Phường Hiệp Bình Chánh,,0,Đường 14,,,,,8.0,16.9
74.0,3.0,12.0,Sổ hồng,Trống / Nhà thô,10.8117240852603,106.709184489416,Hẻm xe máy,Quận Bình Thạnh,Phường 26,1049.9,0,Đường Đinh Bộ Lĩnh,98.97895037622631,0.0,0.0,1.0239070387655966,7.0,12.5
120.0,1.0,30.0,không có,Trống / Nhà thô,10.8404877146424,106.7413615555,Mặt tiền,Thành phố Thủ Đức,Phường Linh Đông,,0,Đường Kha Vạn Cân,,,,,2.0,16.8
42.0,4.0,2.0,Sổ hồng,Đầy đủ,10.8415764776636,106.661902208653,Chưa xác định,Quận Gò Vấp,Phường 11,617.4,0,Đường Số 11,98.4855847100745,0.0,0.0,1.5144152899254941,8.0,6.94
72.0,4.0,4.0,Sổ hồng,Đầy đủ,10.7991612272244,106.693645401918,Chưa xác định,Quận Bình Thạnh,Phường 1,183.7,0,Phố Vạn Kiếp,21.823625476320093,0.0,0.0,78.16004354926511,8.0,9.5
48.0,2.0,5.0,Sổ hồng,Trống / Nhà thô,10.8751999836876,106.685266067774,Chưa xác định,Quận 12,Phường Thạnh Lộc,3346.8,0,Đường Thạnh Lộc 15,12.508067407673002,6.8746265089040275,0.0,80.61790366917651,4.0,4.58
32.0,4.0,3.0,Sổ hồng,Cơ bản,10.8015070812918,106.687555302886,Mặt tiền,Quận Phú Nhuận,Phường 7,117.9,0,Đường Phan Tây Hồ,0.0,0.0,0.0,100.0,7.0,7.35
48.0,1.0,5.2,Sổ hồng,Trống / Nhà thô,10.7743450098558,106.697630011815,Mặt tiền,Quận 1,Phường Bến Thành,3438.2,1,Đường Lý Tự Trọng,82.24943284276657,0.0,17.750276307370136,0.0,8.0,15.5
90.0,5.0,6.0,Sổ hồng,Trống / Nhà thô,10.8525127094179,106.764630811102,Mặt tiền,Thành phố Thủ Đức,Phường Linh Trung,,0,Đường 10,,,,,12.0,11.4
53.0,2.0,5.0,Sổ hồng,Trống / Nhà thô,10.7823333432897,106.647838225376,Mặt tiền,Quận Tân Bình,Phường 10,45.1,0,Đường Trần Văn Quang,17.494456762749444,0.0,0.0,82.50554323725055,6.0,8.99
48.0,5.0,5.0,Sổ hồng,Trống / Nhà thô,10.8111069816281,106.702064915651,Hẻm ô tô,Quận Bình Thạnh,Phường 12,,0,Đường Chu Văn An,,,,,8.0,8.7
155.0,1.0,3.0,Sổ hồng,Đầy đủ,10.6782940114049,106.753338480921,Mặt tiền,Huyện Nhà Bè,Xã Phú Xuân,33.2,0,Đường Huỳnh Tấn Phát,72.5,27.379518072289155,0.0,0.0,7.0,6.4
119.0,4.0,31.0,Sổ hồng,Trống / Nhà thô,10.8308993512524,106.705695056431,Mặt tiền,Quận Bình Thạnh,Phường 13,36014.6,1,Đường Bình Lợi,12.228623946954848,87.7714871191128,0.0,0.0,14.0,19.9
104.0,3.0,11.2,Sổ hồng,Trống / Nhà thô,10.7505266657727,106.735952367186,Mặt tiền,Quận 7,Phường Tân Thuận Đông,5833.6,1,Đường Bùi Văn Ba,34.729669500822816,0.0,0.0,65.27084476138234,8.0,12.0
54.0,4.0,8.0,Sổ hồng,Đầy đủ,10.8058189077866,106.690461302875,Chưa xác định,Quận Bình Thạnh,Phường 7,64.6,0,Đường Hoàng Hoa Thám,21.439628482972136,0.0,0.0,78.49845201238391,9.0,10.8
143.0,6.0,6.0,Sổ hồng,Đầy đủ,10.8389487968058,106.665010684822,Mặt tiền,Quận Gò Vấp,Phường 11,957.5,0,Đường Thống Nhất,11.32219321148825,0.0,0.0,88.67362924281984,41.0,18.9
84.0,4.0,10.475,Sổ hồng,Đầy đủ,10.8195454989006,106.702628631463,Mặt tiền,Quận Bình Thạnh,Phường 13,3209.8,1,Đường Nơ Trang Long,43.96255218393669,1.102249361330924,0.0,54.934263817060256,9.0,9.48
63.0,6.0,30.0,Sổ hồng,Đầy đủ,10.7610532029704,106.660784227975,Mặt tiền,Quận 10,Phường 7,2277.8,1,Phố Lý Thường Kiệt,92.61129159715514,0.0,0.0,7.38870840284485,14.0,32.5
83.0,4.0,8.0,Sổ hồng,Đầy đủ,10.6783930277897,106.753586645453,Mặt tiền,Huyện Nhà Bè,Xã Phú Xuân,8606.4,0,Đường Huỳnh Tấn Phát,89.89531046662948,0.0,0.0,0.0,9.0,9.2
50.0,5.0,6.0,Sổ hồng,Đầy đủ,10.744535407871,106.697286433893,Chưa xác định,Quận 7,Phường Tân Hưng,19302.44,0,Phố Trần Xuân Soạn,0.0,0.0,0.0,100.0,11.0,10.4
88.0,6.0,8.0,Sổ hồng,Trống / Nhà thô,10.7790685617552,106.679093861149,Chưa xác định,Quận 10,Phường 12,1704.0,0,Đường Cách Mạng Tháng Tám,91.78286384976526,8.21537558685446,0.0,0.0,21.0,27.0
195.0,2.0,11.8,Sổ hồng,Trống / Nhà thô,10.8421167683375,106.734119478652,Mặt tiền,Thành phố Thủ Đức,Phường Hiệp Bình Chánh,,1,Đường Số 38,,,,,16.0,18.0
82.0,1.0,6.0,Sổ hồng,Trống / Nhà thô,10.8538463648191,106.651530544162,Chưa xác định,Quận Gò Vấp,Phường 14,900.2,0,Đường Số 59,97.66385247722728,0.0,0.0,2.3394801155298817,9.0,5.45
27.0,3.0,5.0,Sổ hồng,Đầy đủ,10.7726680346681,106.669190390913,Chưa xác định,Quận 10,Phường 10,1331.0,1,Đường Sư Vạn Hạnh,98.87227648384673,0.0,0.0,1.0939143501126973,5.0,4.7
177.0,3.0,15.0,Sổ hồng,Trống / Nhà thô,10.8045403973595,106.79315461159,Chưa xác định,Quận 9,Phường Phước Long B,,0,Đường Liên Phường,,,,,7.0,19.0
128.0,4.0,25.0,Sổ hồng,Trống / Nhà thô,10.7453919272272,106.630059559189,Mặt tiền,Quận 6,Phường 11,80.1,1,Đường Chợ Lớn,0.0,0.0,0.0,99.97503121098627,12.0,36.0
104.0,1.0,30.0,Sổ hồng,Đầy đủ,10.678407230098,106.75337899728,Mặt tiền,Huyện Nhà Bè,Xã Phú Xuân,8606.4,0,Đường Huỳnh Tấn Phát,89.89531046662948,0.0,0.0,0.0,4.0,8.7
98.0,2.0,10.0,Sổ hồng,Cơ bản,10.651106550057,106.729875083998,Chưa xác định,Huyện Nhà Bè,Xã Long Thới,,0,Đường Nguyễn Văn Tạo,,,,,4.0,4.9
306.0,2.0,9.5,Sổ hồng,Trống / Nhà thô,10.7900580542285,106.643319100485,Chưa xác định,Quận Tân Bình,Phường 11,591.6,1,Đường Đồng Đen,93.51588911426637,0.0,6.480730223123733,0.0,40.0,40.0
84.0,4.0,20.0,Sổ hồng,Đầy đủ,10.6931421679144,106.741068442933,Mặt tiền,Huyện Nhà Bè,Thị trấn Nhà Bè,216.8,0,Đường Huỳnh Tấn Phát,6.559040590405904,0.0,0.0,93.44557195571956,9.0,10.99
95.0,3.0,8.75,Sổ hồng,Cơ bản,10.8128016480528,106.668421881234,Mặt tiền,Quận Tân Bình,Phường 2,1399.9,1,Đường Yên Thế,99.77141224373169,0.0,0.0,0.22930209300664328,10.0,23.0
104.0,1.0,16.0,Sổ hồng,Trống / Nhà thô,10.7147784427939,106.733948549711,Mặt tiền,Quận 7,Phường Phú Mỹ,35905.4,0,Đường Số 2,19.31706651367204,15.51440730363678,0.0,65.16858188461903,3.0,13.6
88.0,3.0,6.0,Sổ hồng,Đầy đủ,10.7857926266944,106.775920253177,Hẻm ô tô,Quận 2,Phường Bình Trưng Đông,,0,Đường 6,,,,,11.0,9.5
45.0,4.0,13.333333333333332,Sổ hồng,Đầy đủ,10.7849154917862,106.669028546451,Chưa xác định,Quận 3,Phường 11,1272.4,1,Đường Cách Mạng Tháng Tám,13.516189877397041,86.48145237346746,0.0,0.0,8.0,9.5
88.0,2.0,6.0,Sổ hồng,Đầy đủ,10.7665325962234,106.659481082184,Hẻm ô tô,Quận 10,Phường 14,168.0,0,Phố Lý Thường Kiệt,2.702380952380952,0.0,0.0,97.54166666666667,4.0,16.6
48.0,4.0,7.0,Sổ hồng,Đầy đủ,10.7757468543318,106.63908613391,Mặt tiền,Quận Tân Phú,Phường Phú Trung,89.8,1,Đường Khuông Việt,83.44097995545658,0.0,0.0,16.525612472160354,7.0,8.7
100.0,4.0,16.0,không có,Đầy đủ,10.7842840671769,106.759535462663,Mặt tiền,Quận 2,Phường Bình Trưng Tây,,0,Unknown,,,,,8.0,16.7
44.0,3.0,4.0,Sổ đỏ,Trống / Nhà thô,10.7929861338285,106.677894952755,Mặt tiền,Quận Phú Nhuận,Phường 12,2368.0,0,Đường Trần Huy Liệu,48.47677364864865,0.0,0.0,51.521114864864856,7.0,7.4
32.0,4.0,6.666666666666666,Sổ hồng,Đầy đủ,10.7865915006146,106.604590583593,Mặt tiền,Quận Bình Tân,Phường Bình Hưng Hòa A,98.8,1,Đường Gò Xoài,17.9251012145749,0.0,0.0,82.04453441295547,6.0,5.2
18.0,3.0,3.0,Sổ hồng,Trống / Nhà thô,10.7585593026886,106.630513992087,Hẻm xe máy,Quận 6,Phường 14,75.6,0,Đường Tân Hòa Đông,46.679894179894184,0.0,0.0,53.333333333333336,4.0,2.9
67.0,4.0,4.0,Sổ hồng,Trống / Nhà thô,10.7763170620918,106.610986344852,Hẻm ô tô,Quận Bình Tân,Phường Bình Hưng Hòa A,2209.0,1,Đường Lê Văn Quới,5.1457673155273875,0.0,0.0,94.85559076505207,9.0,6.0
42.0,4.0,3.0,Sổ hồng,Đầy đủ,10.7264824496799,106.733402941488,Hẻm xe máy,Quận 7,Phường Phú Thuận,413.6,0,Đường Huỳnh Tấn Phát,96.16537717601548,0.0,0.0,3.82495164410058,6.0,5.5
155.0,2.0,10.0,Sổ hồng,Đầy đủ,10.8499091815348,106.695527949118,Chưa xác định,Quận 12,Phường An Phú Đông,3728.9,0,Đường Vườn Lài,23.853683391885006,0.0,0.0,76.14658478371638,9.0,12.49
112.0,3.0,16.0,Sổ hồng,Cơ bản,10.8398863869849,106.772284825492,Mặt tiền,Quận 9,Phường Hiệp Phú,,0,Đường Tú Xương,,,,,7.0,15.0
105.0,3.0,8.0,Sổ hồng,Trống / Nhà thô,10.7895991200202,106.693883577856,Chưa xác định,Quận 1,Phường Tân Định,53034.0,0,Đường Võ Thị Sáu,0.9482407512162009,99.0518158162688,0.0,0.0,9.0,22.0
152.0,6.0,15.1,Sổ đỏ,Trống / Nhà thô,10.8110825116592,106.666496763437,Hẻm ô tô,Quận Tân Bình,Phường 2,267.6,1,Đường Cửu Long,16.681614349775785,0.0,0.0,83.3370702541106,10.0,28.0
82.0,4.0,6.0,Sổ hồng,Đầy đủ,10.7931706797116,106.676564150483,Chưa xác định,Quận Phú Nhuận,Phường 11,779.9,0,Đường Hồ Biểu Chánh,59.2473394024875,0.0,0.0,40.74624951916912,9.0,16.7
70.0,3.0,8.0,Sổ hồng,Trống / Nhà thô,10.7443838913969,106.697070351194,Mặt tiền,Quận 7,Phường Tân Hưng,19302.44,0,Unknown,0.0,0.0,0.0,100.0,9.0,11.5
60.0,4.0,6.0,Sổ hồng,Cơ bản,10.7899739625113,106.622088044797,Chưa xác định,Quận Tân Phú,Phường Tân Quý,1335.2,0,Đường Tân Hương,85.1333133612942,0.0,0.0,14.865188735769925,11.0,8.6
60.0,5.0,7.0,Sổ hồng,Trống / Nhà thô,10.8059858898365,106.717930408463,Chưa xác định,Quận Bình Thạnh,Phường 25,415.2,1,Unknown,0.0,0.0,0.0,99.99036608863199,8.0,12.5
72.0,1.0,16.0,Sổ hồng,Trống / Nhà thô,10.7793661081817,106.622873621992,Mặt tiền,Quận Tân Phú,Phường Phú Thạnh,116.0,0,Phố Thạch Lam,1.5862068965517242,0.0,0.0,98.39655172413792,3.0,10.95
144.0,5.0,13.0,Sổ hồng,Trống / Nhà thô,10.8919402390242,106.833957482168,Chưa xác định,Quận 9,Phường Long Bình,,1,Đường Nguyễn Xiển,,,,,16.0,23.0
125.0,2.0,10.0,Sổ hồng,Trống / Nhà thô,10.8604860421886,106.756575315292,Mặt tiền,Thành phố Thủ Đức,Phường Linh Tây,,0,Đường Số 9,,,,,6.0,12.5
184.0,5.0,6.0,không có,Trống / Nhà thô,10.8552604697593,106.615455435392,Chưa xác định,Quận 12,Phường Trung Mỹ Tây,,0,Đường Trung Mỹ Tây 13,,,,,23.0,10.7
140.0,2.0,11.9,Sổ hồng,Cơ bản,10.839048378918772,106.83121795879453,Chưa xác định,Quận 9,Phường Long Thạnh Mỹ,,1,Đường Nguyễn Xiển,,,,,12.0,17.6
60.0,4.0,5.0,Sổ hồng,Trống / Nhà thô,10.8021403024924,106.641548289589,Chưa xác định,Quận Tân Bình,Phường 13,36921.1,0,Đường Cộng Hòa,0.0,98.14325683687647,1.3425385484181132,0.5143129538394035,9.0,7.0
46.0,5.0,3.0,Sổ hồng,Trống / Nhà thô,10.8120975202791,106.687954705275,Chưa xác định,Quận Bình Thạnh,Phường 5,861.3,0,Đường Nguyễn Thượng Hiền,0.0,100.0,0.0,0.0,16.0,8.55
95.0,7.0,11.3,Sổ hồng,Trống / Nhà thô,10.7736734653287,106.677782551203,Chưa xác định,Quận 10,Phường 12,2775.0,1,Đường Cao Thắng,99.36720720720722,0.0,0.0,0.6165765765765765,9.0,26.0
55.0,4.0,6.75,Sổ hồng,Trống / Nhà thô,10.7616558327221,106.613372535197,Chưa xác định,Quận Bình Tân,Phường Bình Trị Đông,327.2,1,Đường Chiến Lược,52.51528117359414,0.0,0.0,47.49694376528117,9.0,7.8
28.0,4.0,4.0,Sổ hồng,Đầy đủ,10.8052764799294,106.68199475793,Mặt tiền,Quận Phú Nhuận,Phường 5,1098.4,0,Đường Thích Quảng Đức,71.61871813546976,0.0,0.0,28.376729788783685,7.0,7.3
44.0,2.0,7.0,Sổ hồng,Trống / Nhà thô,10.7915659369044,106.685578908277,Mặt tiền,Quận 3,Phường Võ Thị Sáu,8.9,1,Đường Lý Chính Thắng,0.0,0.0,99.5505617977528,0.0,6.0,9.5
47.0,3.0,6.3999999999999995,Sổ hồng,Trống / Nhà thô,10.7678177727014,106.595528038575,Chưa xác định,Quận Bình Tân,Phường Bình Trị Đông A,5628.0,1,Unknown,11.223880597014926,0.0,0.0,88.77576403695807,7.0,6.38
65.0,4.0,6.0,Sổ hồng,Trống / Nhà thô,10.7953269166581,106.64107786505,Mặt tiền,Quận Tân Bình,Phường 14,334.5,0,Đường Trương Công Định,2.304932735426009,0.0,0.0,97.68908819133034,8.0,11.5
74.0,5.0,9.3,không có,Trống / Nhà thô,10.8293189734099,106.671339108361,Chưa xác định,Quận Gò Vấp,Phường 10,1668.6,1,Đường Quang Trung,25.07371449119022,74.82799952055615,0.0,0.10068320747932398,9.0,11.5
100.0,2.0,10.0,Sổ hồng,Trống / Nhà thô,10.8304468412879,106.724305728464,Chưa xác định,Thành phố Thủ Đức,Phường Hiệp Bình Chánh,,0,Đường 27,,,,,8.0,11.68
28.0,4.0,5.0,Sổ hồng,Đầy đủ,10.7979424215859,106.710765114834,Mặt tiền,Quận Bình Thạnh,Phường 21,3299.9,1,Đường Xô Viết Nghệ Tĩnh,99.48059032091882,0.30637292039152697,0.0,0.21394587714779234,11.0,6.89
48.0,2.0,7.5,Sổ hồng,Trống / Nhà thô,10.7776612279877,106.624296975883,Chưa xác định,Quận Tân Phú,Phường Phú Thạnh,120.4,1,Đường Trần Quang Cơ,0.0,0.0,0.0,100.0,5.0,6.0
106.0,2.0,9.4,Sổ hồng,Cơ bản,10.7897198557941,106.691234942943,Mặt tiền,Quận 1,Phường Tân Định,365.4,1,Đường Đinh Công Tráng,0.0,0.0,0.0,99.98905309250138,6.0,28.0
127.0,7.0,12.2,Sổ đỏ,Trống / Nhà thô,10.7697823234993,106.688096048058,Mặt tiền,Quận 1,Phường Phạm Ngũ Lão,1860.6,1,Đường Bùi Thị Xuân,90.0021498441363,0.0,9.9957003117274,0.0,9.0,60.0
123.0,2.0,8.0,Sổ hồng,Trống / Nhà thô,10.8194819011985,106.702655594597,Chưa xác định,Quận Bình Thạnh,Phường 13,1911.6,0,Đường Nơ Trang Long,95.7951454279138,0.0,0.0,4.203285206110065,5.0,12.5
52.0,1.0,8.0,Sổ hồng,Cơ bản,10.793520402408,106.821738396728,Hẻm ô tô,Thành phố Thủ Đức,Phường Long Trường,,0,Đường Trường Lưu,,,,,2.0,3.4
87.0,3.0,19.5,Sổ hồng,Trống / Nhà thô,10.7665949487459,106.677659560875,Mặt tiền,Quận 10,Phường 1,1938.0,1,Đường Lý Thái Tổ,99.63364293085655,0.0,0.0,0.3446852425180598,7.0,21.0
100.0,5.0,8.0,Sổ đỏ,Trống / Nhà thô,10.8802957640674,106.630457285625,Chưa xác định,Quận 12,Phường Hiệp Thành,4135.2,0,Đường Trần Thị Hè,0.3990133488102148,51.85964403172761,0.0,47.742309924550206,9.0,10.39
70.0,4.0,5.0,Sổ hồng,Đầy đủ,10.8788000224012,106.668867905323,Hẻm ô tô,Quận 12,Phường Thạnh Xuân,10130.3,0,Đường Thạnh Xuân 35,37.71813273052131,40.66562688173105,0.0,21.61594424646852,10.0,7.59
89.0,3.0,8.0,Sổ đỏ,Trống / Nhà thô,10.7248125076294,106.664390563965,Chưa xác định,Huyện Bình Chánh,Xã Bình Hưng,9534.8,0,Đường Nguyễn Văn Linh,83.6531442715107,0.0,0.0,16.346645970549986,8.0,7.3
74.0,3.0,8.0,Sổ hồng,Đầy đủ,10.6928494726684,106.740967719247,Hẻm ô tô,Huyện Nhà Bè,Thị trấn Nhà Bè,272.2,0,Đường Huỳnh Tấn Phát,50.13592946362968,0.0,0.0,49.87509184423218,9.0,8.6
56.0,1.0,4.0,Sổ hồng,Trống / Nhà thô,10.8897563499123,106.767187355082,Chưa xác định,Thành phố Thủ Đức,Phường Linh Tây,,0,Đường 9,,,,,4.0,4.45
110.0,3.0,8.0,Sổ hồng,Trống / Nhà thô,10.8120756891249,106.692309623312,Chưa xác định,Quận Bình Thạnh,Phường 11,136.8,0,Đường Nguyễn Văn Đậu,14.020467836257309,0.0,0.0,85.97222222222221,9.0,8.59
35.0,2.0,3.5,không có,Trống / Nhà thô,10.7911502617159,106.672689392998,Chưa xác định,Quận Phú Nhuận,Phường 13,151.4,1,Đường Lê Văn Sỹ,26.737120211360633,0.0,0.0,73.23645970937912,6.0,5.14
56.0,2.0,3.0,Sổ hồng,Cơ bản,10.7768194096515,106.638634588627,Chưa xác định,Quận Tân Phú,Phường Phú Trung,49.0,0,Đường Kênh Tân Hóa,10.918367346938775,0.0,0.0,89.16326530612244,7.0,6.1
40.0,2.0,30.0,Sổ hồng,Trống / Nhà thô,10.756932018493,106.646769613576,Mặt tiền,Quận 11,Phường 16,320.0,0,Đường 3/2,86.928125,0.0,0.0,13.059375000000001,4.0,9.0
59.0,3.0,4.0,Sổ hồng,Cơ bản,10.8283904501635,106.690318420177,Mặt tiền,Quận Gò Vấp,Phường 5,193.5,0,Đường Dương Quảng Hàm,0.0,0.0,0.0,99.97932816537468,7.0,7.2
180.0,2.0,6.0,Sổ hồng,Trống / Nhà thô,10.7948766439305,106.65710521141,Mặt tiền,Quận Tân Bình,Phường 4,145.6,0,Đường Nguyễn Đình Khơi,8.070054945054945,0.11675824175824177,0.0,91.79258241758242,6.0,16.8
45.0,6.0,7.9,Sổ hồng,Đầy đủ,10.8326064927782,106.638952515776,Mặt tiền,Quận Gò Vấp,Phường 12,364.1,1,Đường Nguyễn Tư Giản,46.185113979675904,0.0,0.0,53.82861851139796,12.0,8.9
331.0,4.0,25.6,Sổ hồng,Trống / Nhà thô,10.8374879237565,106.754880502714,Mặt tiền,Thành phố Thủ Đức,Phường Trường Thọ,,1,Đường 12,,,,,12.0,21.5
200.0,3.0,6.8,Sổ hồng,Cơ bản,10.752450224808,106.618192763825,Mặt tiền,Quận Bình Tân,Phường Bình Trị Đông B,,1,Đường Số 6C,,,,,9.0,29.0
85.0,1.0,7.0,Sổ hồng,Trống / Nhà thô,10.671891645422,106.702509992329,Chưa xác định,Huyện Nhà Bè,Xã Nhơn Đức,,0,Đường Lê Văn Lương,,,,,2.0,3.99
75.0,3.0,6.0,Sổ hồng,Trống / Nhà thô,10.7511319877024,106.722426977394,Mặt tiền,Quận 7,Phường Tân Thuận Tây,,0,Đường Nguyễn Văn Linh,,,,,10.0,12.8
60.0,4.0,6.0,Sổ hồng,Đầy đủ,10.7303969984462,106.738667816905,Chưa xác định,Quận 7,Phường Phú Thuận,9702.3,0,Đường Gò Ô Môi,0.0,0.0,0.0,100.0,9.0,10.6
55.0,4.0,6.0,Sổ hồng,Đầy đủ,10.8034639078387,106.682012379169,Mặt tiền,Quận Phú Nhuận,Phường 4,382.4,0,Đường Phan Xích Long,6.053870292887029,0.0,0.0,93.95135983263599,10.0,14.99
165.0,5.0,16.5,Sổ hồng,Trống / Nhà thô,10.7578452837214,106.680909810429,Chưa xác định,Quận 5,Phường 2,80.6,1,Đường Trần Bình Trọng,15.657568238213399,0.0,0.0,84.35483870967741,21.0,32.0
201.0,2.0,8.0,Sổ hồng,Trống / Nhà thô,10.8417113091082,106.64747334221,Mặt tiền,Quận Gò Vấp,Phường 8,29.7,0,Đường Số 14,0.0,0.0,0.0,100.0,5.0,16.5
136.0,3.0,12.8,Sổ hồng,Cơ bản,10.7496197302095,106.628791464756,Mặt tiền,Quận 6,Phường 12,1870.1,1,Đường Kinh Dương Vương,91.41810598363723,5.7424736645099195,0.0,2.8388856210897817,12.0,25.5
66.0,2.0,3.0,không có,Trống / Nhà thô,10.8481171245365,106.648199156522,Mặt tiền,Quận Gò Vấp,Phường 14,786.2,0,Đường Phạm Văn Chiêu,89.24319511574662,0.0,9.77868226914271,0.9717629102009666,6.0,5.75
53.0,2.0,8.0,Sổ hồng,Cơ bản,10.7517144643179,106.701406412187,Chưa xác định,Quận 7,Phường Tân Hưng,498563.61,0,Phố Trần Xuân Soạn,95.4990898754123,0.0,0.11544564995427567,4.385462468871324,6.0,7.5
32.0,2.0,3.9666666666666672,Sổ hồng,Trống / Nhà thô,10.7661528030849,106.663616148646,Chưa xác định,Quận 10,Phường 14,122.0,1,Đường 3/2,17.688524590163933,0.0,0.0,82.18032786885246,3.0,6.8
53.0,3.0,6.0,Sổ hồng,Đầy đủ,10.8455729658423,106.718327285866,Hẻm ô tô,Thành phố Thủ Đức,Phường Hiệp Bình Phước,,1,Đường Quốc Lộ 13,,,,,7.0,7.5
452.0,7.0,20.0,Sổ hồng,Trống / Nhà thô,10.8409108347941,106.675636667761,Mặt tiền,Quận Gò Vấp,Phường 17,110.7,0,Đường Lê Hoàng Phái,16.693766937669377,0.0,0.0,83.35140018066846,12.0,55.5
93.0,2.0,5.0,Sổ hồng,Đầy đủ,10.9051936393702,106.597534429929,Chưa xác định,Huyện Hóc Môn,Xã Tân Hiệp,,0,Đường Tân Hiệp 32,,,,,5.0,4.1
90.0,5.0,4.0,Sổ hồng,Đầy đủ,10.7682379737019,106.70153455776,Mặt tiền,Quận 1,Phường Nguyễn Thái Bình,6667.9,0,Đường Nguyễn Công Trứ,1.6942365662352465,0.0,98.30546348925449,0.0,30.0,16.89
40.0,2.0,4.0,Sổ hồng,Đầy đủ,10.8818584071659,106.6376801971,Chưa xác định,Quận 12,Phường Hiệp Thành,25075.0,0,Đường Hiệp Thành 33,96.77024925224327,2.500099700897308,0.7087138584247259,0.0,4.0,3.59
74.0,4.0,23.4,Sổ hồng,Trống / Nhà thô,10.7920423919722,106.691532505726,Mặt tiền,Quận 1,Phường Tân Định,92.6,1,Đường Trần Quang Khải,0.0,0.0,0.0,100.0,11.0,27.9
24.0,3.0,4.0,Sổ hồng,Trống / Nhà thô,10.7648098299732,106.615906910863,Hẻm ô tô,Quận Bình Tân,Phường Bình Trị Đông,1912.0,0,Unknown,68.26464435146443,0.0,1.4843096234309623,30.252092050209207,6.0,3.99
200.0,6.0,10.1,Sổ đỏ,Trống / Nhà thô,10.7907473191176,106.637345742439,Mặt tiền,Quận Tân Phú,Phường Tân Thành,677.0,1,Đường Lũy Bán Bích,34.68833087149187,55.190546528803544,0.0,10.118168389955686,21.0,34.0
1.464,1.0,30.0,Sổ hồng,Trống / Nhà thô,10.8113168936294,106.610696466037,Mặt tiền,Quận Tân Phú,Phường Sơn Kỳ,1007.2,0,Đường Lê Trọng Tấn,67.85246227164416,5.582803812549642,0.0,26.563741064336778,2.0,125.0
116.0,4.0,10.959999999999999,Sổ hồng,Đầy đủ,10.8304939347791,106.730635727112,Chưa xác định,Thành phố Thủ Đức,Phường Hiệp Bình Chánh,,1,Unknown,,,,,9.0,17.5
52.0,4.0,4.0,Sổ hồng,Đầy đủ,10.7925588130836,106.675578430295,Hẻm ô tô,Quận Phú Nhuận,Phường 11,242.4,0,Đường Hồ Biểu Chánh,0.0,0.0,0.0,99.97937293729372,8.0,11.7
72.0,6.0,6.7,Sổ hồng,Trống / Nhà thô,10.8106630064744,106.707436380037,Mặt tiền,Quận Bình Thạnh,Phường 26,1799.8,1,Đường Chu Văn An,96.50961217913103,0.0,0.0,3.4909434381597957,9.0,24.9
50.0,4.0,15.0,không có,Trống / Nhà thô,10.879043,106.55251,Chưa xác định,Huyện Hóc Môn,Xã Xuân Thới Sơn,34049.8,0,Unknown,0.0,10.637712996845796,89.36234574065045,0.0,12.0,3.5
47.0,3.0,6.0,Sổ hồng,Đầy đủ,10.7669276297791,106.613301506429,Hẻm ô tô,Quận Bình Tân,Phường Bình Trị Đông,913.8,0,Đường Trương Phước Phan,27.27073757933902,0.0,0.0,72.72597942657038,7.0,4.98
129.0,9.0,21.8,Sổ hồng,Trống / Nhà thô,10.770522349246,106.689055424338,Mặt tiền,Quận 1,Phường Bến Thành,4875.5,1,Đường Bùi Thị Xuân,98.63931904420059,0.0,1.3610911701363964,0.0,60.0,135.0
92.0,5.0,20.0,Sổ đỏ,Trống / Nhà thô,10.7698333417062,106.671034062988,Mặt tiền,Quận 10,Phường 10,3395.0,1,Đường 3/2,76.79293078055964,0.0,0.0,23.194698085419734,11.0,33.0
36.0,2.0,4.0,Sổ hồng,Cơ bản,10.8027688224669,106.676754358948,Chưa xác định,Quận Phú Nhuận,Phường 9,86.2,1,Đường Hồ Văn Huê,15.150812064965196,0.0,0.0,84.84918793503479,4.0,6.7
35.0,4.0,5.0,Sổ hồng,Đầy đủ,10.798595542679385,106.66454516351224,Mặt tiền,Quận Tân Bình,Phường 2,451.0,0,Đường Nguyễn Trọng Tuyển,9.926829268292684,90.07317073170732,0.0,0.0,7.0,7.8
95.0,3.0,10.0,Sổ hồng,Đầy đủ,10.7556000499942,106.619766924737,Mặt tiền,Quận Bình Tân,Phường An Lạc A,4447.3,0,Đường 6D,37.1088075911227,0.0,0.0,62.891192408877295,7.0,12.5
114.0,5.0,40.0,Sổ hồng,Cơ bản,10.8043848723804,106.798438977988,Mặt tiền,Quận 2,Phường An Phú,,0,Đường Liên Phường,,,,,11.0,47.6
63.0,3.0,6.0,Sổ hồng,Đầy đủ,10.8196069277096,106.702971380125,Hẻm ô tô,Quận Bình Thạnh,Phường 13,1282.0,1,Đường Nơ Trang Long,51.07098283931357,0.0,0.0,48.93135725429017,7.0,7.4
105.0,3.0,8.0,Sổ hồng,Đầy đủ,10.69103710273572,106.72113707910906,Chưa xác định,Huyện Nhà Bè,Xã Phước Kiển,3104.7,1,Đường Nguyễn Hữu Thọ,0.0,20.0096627693497,0.0,79.989693046027,8.0,13.5
102.0,5.0,10.0,Sổ hồng,Trống / Nhà thô,10.8717367612738,106.673776991665,Mặt tiền,Quận 12,Phường Thạnh Xuân,4410.4,0,Đường Tô Ngọc Vân,0.0,0.0,0.0,100.0,9.0,7.99
61.0,2.0,3.0,Sổ hồng,Trống / Nhà thô,10.8435886548119,106.636970480082,Hẻm ô tô,Quận Gò Vấp,Phường 14,13505.7,0,Đường Số 45,16.79387221691582,81.02682571062589,0.0,2.1792280296467417,5.0,5.9
54.0,2.0,3.0,Sổ hồng,Trống / Nhà thô,10.7971930139604,106.672562818992,Mặt tiền,Quận Phú Nhuận,Phường 8,901.4,0,Đường Trương Quốc Dung,14.719325493676505,85.27956512092302,0.0,0.0,9.0,8.1
25.0,2.0,8.0,Sổ hồng,Trống / Nhà thô,10.8069977973289,106.718642646213,Mặt tiền,Quận Bình Thạnh,Phường 25,915.3,0,Đường Ung Văn Khiêm,96.48858297825849,0.0,0.0,3.5114170217415057,2.0,6.9
66.0,3.0,12.0,Sổ hồng,Cơ bản,10.7818799954481,106.760318633169,Mặt tiền,Quận 2,Phường Thạnh Mỹ Lợi,,0,Unknown,,,,,4.0,7.4
45.0,4.0,5.0,Sổ hồng,Trống / Nhà thô,10.8550473499013,106.655626673646,Chưa xác định,Quận Gò Vấp,Phường 13,386.5,0,Đường Lê Đức Thọ,19.029754204398447,80.96248382923673,0.0,0.0,9.0,5.99
77.0,2.0,10.5,Sổ hồng,Cao cấp,10.7975781629897,106.705187672054,Chưa xác định,Quận Bình Thạnh,Phường 17,3425.9,1,Đường Điện Biên Phủ,64.69774365860066,33.41837181470563,0.0,1.883300738492075,9.0,12.5
126.0,3.0,21.0,Sổ hồng,Đầy đủ,10.728497868217,106.715022364699,Mặt tiền,Quận 7,Phường Tân Phong,14573.1,0,Đường C,100.0,0.0,0.0,0.0,8.0,55.0
19.0,3.0,3.0,Sổ hồng,Đầy đủ,10.7923710798704,106.681948425483,Mặt tiền,Quận Phú Nhuận,Phường 8,818.6,1,Đường Nguyễn Văn Trỗi,5.521622281944784,94.48082091375518,0.0,0.0,8.0,4.0
68.0,2.0,6.0,Sổ hồng,Cơ bản,10.7904576090174,106.692544003124,Mặt tiền,Quận 1,Phường Tân Định,38.7,0,Đường Thạch Thị Thanh,13.04909560723514,0.0,0.0,86.82170542635659,7.0,15.5
106.0,4.0,8.0,Sổ hồng,Trống / Nhà thô,10.7896741560731,106.675056608785,Hẻm ô tô,Quận 3,Phường 12,14.1,0,Đường Lê Văn Sỹ,0.0,0.0,0.0,100.0,9.0,26.8
50.0,2.0,7.8,Sổ hồng,Trống / Nhà thô,10.807973250764,106.702872867386,Chưa xác định,Quận Bình Thạnh,Phường 12,75.5,1,Đường Bùi Đình Túy,11.417218543046356,0.0,0.0,88.55629139072848,6.0,6.98
72.0,3.0,3.0,Sổ hồng,Đầy đủ,10.7264830507236,106.733182160318,Hẻm xe máy,Quận 7,Phường Phú Thuận,795.2,0,Đường Huỳnh Tấn Phát,52.992957746478865,0.0,0.0,47.0020120724346,9.0,8.8
76.0,1.0,3.0,Sổ hồng,Trống / Nhà thô,10.8505884884857,106.795062595614,Chưa xác định,Quận 9,Phường Tăng Nhơn Phú A,,1,Đường Man Thiện,,,,,3.0,5.5
124.0,1.0,5.0,Sổ hồng,Trống / Nhà thô,10.7035456595396,106.703756976063,Hẻm ô tô,Huyện Nhà Bè,Xã Phước Kiển,4800.1,0,Đường Lê Văn Lương,18.2681610799775,0.0,1.6522572446407364,0.0,2.0,5.35
88.0,4.0,10.0,Sổ hồng,Trống / Nhà thô,10.8024011966708,106.689872515059,Chưa xác định,Quận Phú Nhuận,Phường 7,70.1,0,Đường Trần Kế Xương,35.306704707560634,0.0,0.0,64.67902995720401,10.0,21.5
60.0,3.0,7.0,Sổ hồng,Trống / Nhà thô,10.789555600498,106.80375421683,Chưa xác định,Thành phố Thủ Đức,Phường Phú Hữu,,0,Đường Số 970,,,,,7.0,7.15
54.0,4.0,6.0,Sổ hồng,Trống / Nhà thô,10.7849880071485,106.64076567864,Hẻm ô tô,Quận Tân Phú,Phường Hòa Thạnh,896.5,0,Đường Thoại Ngọc Hầu,29.19687674288901,0.0,70.80312325711098,0.0,8.0,8.7
88.0,4.0,6.0,Sổ hồng,Trống / Nhà thô,10.838862966335,106.648861086749,Mặt tiền,Quận Gò Vấp,Phường 8,2080.4,0,Đường Quang Trung,97.5336473755047,0.0,0.0,2.464910594116516,10.0,9.8
97.0,4.0,20.0,Sổ hồng,Trống / Nhà thô,10.7663358205495,106.659282939377,Chưa xác định,Quận 10,Phường 14,5616.6,0,Phố Lý Thường Kiệt,99.46960794786882,0.5296798775059645,0.0,0.0,11.0,33.8
98.0,3.0,19.85,Sổ đỏ,Trống / Nhà thô,10.7728352028459,106.686805256846,Mặt tiền,Quận 3,Phường 5,9233.9,1,Đường Võ Văn Tần,47.584119386174855,0.9980614908110332,19.565297436619414,31.852305093189226,11.0,47.0
33.0,4.0,5.833333333333332,Sổ hồng,Đầy đủ,10.772628552662,106.684349477756,Chưa xác định,Quận 3,Phường 4,79.8,1,Đường Nguyễn Đình Chiểu,1.4786967418546366,0.0,98.53383458646616,0.0,7.0,8.68
69.0,2.0,6.0,Sổ hồng,Trống / Nhà thô,10.8763757168092,106.773334421199,Mặt tiền,Thành phố Thủ Đức,Phường Linh Xuân,,0,Đường Số 10,,,,,7.0,4.79
293.0,3.0,15.9,không có,Trống / Nhà thô,21.02894860978742,105.85244722590336,Chưa xác định,Huyện Cần Giờ,Xã Long Hòa,,1,Unknown,,,,,12.0,26.9
100.0,1.0,8.0,Sổ hồng,Cơ bản,10.8099691464846,106.698642272064,Mặt tiền,Quận Bình Thạnh,Phường 12,172.9,0,Đường Nguyễn Khuyến,20.740312319259687,0.0,0.0,79.23655292076344,8.0,13.9
32.0,5.0,4.0,Sổ hồng,Đầy đủ,10.7825973653339,106.608993948363,Hẻm ô tô,Quận Bình Tân,Phường Bình Hưng Hòa A,452.0,0,Đường 18D,27.488938053097346,56.82079646017699,15.393805309734512,0.3030973451327434,6.0,4.95
333.0,5.0,15.4,Sổ hồng,Trống / Nhà thô,10.84037,106.8447,Chưa xác định,Quận 9,Phường Long Thạnh Mỹ,,1,Unknown,,,,,11.0,36.5
100.0,4.0,16.599999999999998,không có,Trống / Nhà thô,21.0289486097874,105.852447225903,Chưa xác định,Quận 2,Phường An Phú,,1,Đường Song Hành,,,,,9.0,20.5
60.0,2.0,7.0,Sổ hồng,Cơ bản,10.8196127408011,106.702427668136,Mặt tiền,Quận Bình Thạnh,Phường 13,3333.4,0,Đường Nơ Trang Long,1.615767684646307,8.54892902141957,0.0,89.83470330593389,4.0,7.1
52.0,3.0,5.0,Sổ hồng,Đầy đủ,10.7869510672708,106.76362445578,Hẻm ô tô,Quận 2,Phường Bình Trưng Tây,,0,Unknown,,,,,7.0,7.6
19.0,2.0,4.4,Sổ hồng,Đầy đủ,10.8661607316559,106.642739321457,Chưa xác định,Quận 12,Phường Tân Thới Hiệp,3727.2,1,Đường Trương Thị Hoa,76.38307576733206,0.26641983258209917,0.0,23.349162910495817,4.0,3.2
50.0,3.0,5.0,Sổ hồng,Đầy đủ,10.6928770668793,106.740810400381,Chưa xác định,Huyện Nhà Bè,Thị trấn Nhà Bè,3078.9,1,Đường Huỳnh Tấn Phát,90.07047971678196,0.0,0.0,9.929195491896458,9.0,4.79
58.0,2.0,3.0,Sổ hồng,Đầy đủ,10.7500825693968,106.696866955608,Chưa xác định,Quận 7,Phường Tân Hưng,27404.0,0,Phố Trần Xuân Soạn,0.0,0.0,0.0,100.0,6.0,7.2
95.0,3.0,5.0,Sổ hồng,Trống / Nhà thô,10.764640163967105,106.69220041593972,Mặt tiền,Quận 1,Phường Nguyễn Cư Trinh,4134.4,0,Đường Nguyễn Cư Trinh,98.15281540247679,1.846700851393189,0.0,0.0,8.0,23.0
60.0,2.0,3.0,Sổ hồng,Đầy đủ,10.6915804820348,106.735986944642,Chưa xác định,Huyện Nhà Bè,Thị trấn Nhà Bè,373.4,0,Đường Huỳnh Tấn Phát,0.0,100.0,0.0,0.0,4.0,5.15
52.0,5.0,6.0,Sổ hồng,Trống / Nhà thô,10.8127847724643,106.696668916607,Hẻm ô tô,Quận Bình Thạnh,Phường 12,1168.5,0,Đường Nơ Trang Long,85.16816431322208,0.0,0.0,14.828412494651264,11.0,8.9
100.0,3.0,18.0,Sổ hồng,Trống / Nhà thô,10.829386170762463,106.61606054753064,Chưa xác định,Quận 12,Phường Tân Thới Nhất,5000.9,1,Đường Phan Văn Hớn,90.67727808994383,0.0,0.0,9.322321982043233,9.0,7.3
66.0,5.0,6.0,Sổ hồng,Đầy đủ,10.80175547164,106.698640088157,Mặt tiền,Quận Bình Thạnh,Phường 1,6584.5,0,Đường Diên Hồng,79.96096894221277,0.0,0.37861644771812586,19.661022097349836,13.0,12.5
50.0,3.0,4.0,Sổ hồng,Đầy đủ,10.7015786762276,106.740903280537,Mặt tiền,Huyện Nhà Bè,Thị trấn Nhà Bè,1739.8,0,Đường Dương Cát Lợi,11.159903437176686,0.0,0.0,88.84067134153352,9.0,6.79
115.0,3.0,12.0,Sổ hồng,Cơ bản,10.8314460366643,106.727860462271,Chưa xác định,Thành phố Thủ Đức,Phường Hiệp Bình Chánh,,0,Đường Số 25,,,,,9.0,17.6
90.0,3.0,6.0,Sổ hồng,Đầy đủ,10.8414304495881,106.676676515447,Hẻm ô tô,Quận Gò Vấp,Phường 17,54.3,0,Đường Lê Đức Thọ,0.0,0.0,0.0,100.0,8.0,11.99
84.0,4.0,7.0,Sổ hồng,Đầy đủ,10.67824,106.7539,Chưa xác định,Huyện Nhà Bè,Xã Phú Xuân,7857.1,0,Đường Huỳnh Tấn Phát,84.46347889170305,0.0,0.0,15.537030201982919,9.0,9.2
95.0,4.0,7.0,Sổ hồng,Đầy đủ,10.8756254002247,106.654955803192,Hẻm ô tô,Quận 12,Phường Thới An,4479.9,0,Đường Lê Thị Riêng,92.6275140070091,0.0,0.0,7.373378870064064,10.0,8.89
95.0,3.0,4.0,Sổ hồng,Đầy đủ,10.7502029635568,106.71566169709,Hẻm ô tô,Quận 7,Phường Tân Kiểng,151.8,0,Đường Lâm Văn Bền,5.830039525691699,0.0,0.0,94.16337285902503,6.0,12.3
77.0,2.0,10.5,Sổ hồng,Trống / Nhà thô,10.7986740112071,106.687536229392,Mặt tiền,Quận Phú Nhuận,Phường 2,3201.4,1,Đường Phan Xích Long,9.34372462047854,0.17929655775598174,0.0,0.0,9.0,11.5
100.0,4.0,5.0,Sổ hồng,Trống / Nhà thô,10.7449929826099,106.715685722816,Chưa xác định,Quận 7,Phường Tân Hưng,2636.1,0,Đường Lâm Văn Bền,60.42487007321422,39.57626797162475,0.0,0.0,8.0,11.9
84.0,4.0,5.0,Sổ hồng,Cao cấp,10.8076833091042,106.703590017968,Mặt tiền,Quận Bình Thạnh,Phường 24,63.3,0,Đường Bùi Đình Túy,8.120063191153239,0.0,0.0,91.87993680884676,10.0,10.0
48.0,4.0,4.0,Sổ hồng,Đầy đủ,10.8351747994034,106.639532872066,Mặt tiền,Quận Gò Vấp,Phường 12,1513.5,0,Đường Bùi Quang Là,42.500825900231256,0.0,0.0,57.50049554013875,7.0,9.6
82.0,4.0,13.0,Sổ hồng,Trống / Nhà thô,10.7746705986932,106.664261816404,Mặt tiền,Quận 10,Phường 14,2360.0,1,Đường Thành Thái,50.47118644067796,0.0,0.0,49.50932203389831,9.0,39.0
160.0,3.0,12.0,Sổ hồng,Trống / Nhà thô,21.02894860978742,105.85244722590336,Chưa xác định,Quận 2,Phường Thạnh Mỹ Lợi,,1,Đường Đồng Văn Cống,,,,,12.0,41.8
16.0,2.0,3.8,Sổ hồng,Đầy đủ,10.7895675770352,106.674943349223,Chưa xác định,Quận 3,Phường 12,1555.2,1,Đường Lê Văn Sỹ,94.44058641975307,0.0,0.0,5.554912551440329,4.0,4.68
87.0,2.0,5.0,Sổ hồng,Trống / Nhà thô,10.8863427526805,106.768202970068,Mặt tiền,Thành phố Thủ Đức,Phường Linh Xuân,,0,Đường Số 11,,,,,6.0,5.2
65.0,2.0,5.0,Sổ hồng,Cơ bản,10.8431172169579,106.634313683053,Chưa xác định,Quận 12,Phường Đông Hưng Thuận,4426.6,0,Đường Đông Hưng Thuận 6,32.20417476166809,67.73234536664707,0.0,0.0,8.0,4.7
175.0,3.0,18.4,Sổ hồng,Trống / Nhà thô,10.7819539579719,106.674688717698,Hẻm ô tô,Quận 10,Phường 13,63.1,1,Đường Cách Mạng Tháng Tám,0.0,0.0,0.0,100.0,13.0,27.0
37.0,3.0,4.2,Sổ hồng,Trống / Nhà thô,10.777081321552,106.664119276044,Mặt tiền,Quận 10,Phường 2,25522.0,1,Đường Lê Hồng Phong,10.756014418932686,0.0,89.24202648695243,0.0,9.0,7.8
40.0,2.0,7.181818181818182,Sổ hồng,Trống / Nhà thô,10.8537158265516,106.762457309211,Mặt tiền,Thành phố Thủ Đức,Phường Linh Chiểu,,1,Đường 12,,,,,4.0,3.4
37.0,4.0,3.0,Sổ hồng,Đầy đủ,10.8481451177547,106.647752604695,Chưa xác định,Quận Gò Vấp,Phường 14,6457.2,1,Đường Phạm Văn Chiêu,4.486154989778852,0.0,92.17183918726384,3.342005822957319,7.0,5.68
68.0,2.0,6.5,Sổ hồng,Trống / Nhà thô,10.799451494874482,106.61344673484564,Mặt tiền,Quận Tân Phú,Phường Sơn Kỳ,7094.6,1,Đường Bờ Bao Tân Thắng,19.300171961773742,0.0,0.0,80.69996899049981,4.0,7.0
6.0,3.0,3.0,Sổ hồng,Đầy đủ,10.8193625533972,106.702385622116,Mặt tiền,Quận Bình Thạnh,Phường 13,1911.6,0,Đường Nơ Trang Long,95.7951454279138,0.0,0.0,4.203285206110065,3.0,1.98
64.0,4.0,6.0,Sổ hồng,Đầy đủ,10.8749669140788,106.658175244287,Hẻm ô tô,Quận 12,Phường Thới An,2033.4,0,Đường Lê Văn Khương,13.235959476738465,0.0,0.0,86.76354873610701,9.0,6.95
74.0,5.0,10.0,không có,Trống / Nhà thô,10.7936230690211,106.642262593944,Mặt tiền,Quận Tân Bình,Phường 14,1398.8,1,Đường Nguyễn Hồng Đào,98.50586216757222,0.0,0.0,1.4912782384901344,10.0,23.0
64.0,5.0,8.1,Sổ hồng,Đầy đủ,10.7613311946529,106.660698905116,Mặt tiền,Quận 10,Phường 7,2476.6,1,Phố Lý Thường Kiệt,76.57029798917873,23.430913348946135,0.0,0.0,14.0,33.0
47.0,2.0,5.0,Sổ hồng,Đầy đủ,10.8656525386231,106.686372358971,Chưa xác định,Quận 12,Phường Thạnh Lộc,364.3,0,Đường Thạnh Lộc 15,16.082898709854515,0.0,0.0,83.92808125171561,5.0,4.58
48.0,3.0,8.0,Sổ hồng,Đầy đủ,10.7768893461534,106.65447596527,Chưa xác định,Quận Tân Bình,Phường 9,3072.7,0,Đường Thiên Phước,87.81169655351971,6.052006378754841,0.0,6.134669834347642,8.0,11.5
45.0,5.0,6.0,Sổ hồng,Cơ bản,10.7918227576866,106.671682759907,Hẻm ô tô,Quận Phú Nhuận,Phường 13,492.0,0,Đường Huỳnh Văn Bánh,84.00203252032522,0.0,0.0,16.0,8.0,12.9
40.0,3.0,6.0,Sổ hồng,Trống / Nhà thô,10.784824693577,106.612185097965,Chưa xác định,Quận Bình Tân,Phường Bình Hưng Hòa A,353.6,0,Đường Số 3B,0.0,0.0,0.0,99.98868778280541,5.0,4.5
105.0,4.0,20.0,Sổ hồng,Đầy đủ,10.87555,106.6287,Mặt tiền,Quận 12,Phường Hiệp Thành,2692.7,0,Đường Nguyễn Thị Búp,0.0,0.0,0.0,99.99925725108628,8.0,14.0
75.0,3.0,20.0,Sổ hồng,Đầy đủ,10.7711980898421,106.632051374763,Mặt tiền,Quận Tân Phú,Phường Tân Thới Hòa,570.0,0,Đường Lũy Bán Bích,19.670175438596495,0.0,80.33333333333333,0.0,8.0,9.88
223.0,4.0,16.0,Sổ hồng,Đầy đủ,10.793477351722,106.740804074097,Chưa xác định,Quận 2,Phường An Phú,,0,Đường 31C,,,,,6.0,56.0
71.0,3.0,6.0,Sổ hồng,Đầy đủ,10.8787014377395,106.66872230772,Mặt tiền,Quận 12,Phường Thạnh Xuân,10130.3,0,Đường Thạnh Xuân 52,37.71813273052131,40.66562688173105,0.0,21.61594424646852,7.0,5.3
50.0,2.0,3.0,Sổ hồng,Cao cấp,10.7264209944877,106.733672277532,Chưa xác định,Quận 7,Phường Phú Thuận,1889.4,0,Đường Huỳnh Tấn Phát,70.85000529268551,0.0,0.0,29.14999470731449,5.0,4.8
90.0,4.0,10.0,Sổ hồng,Đầy đủ,10.7016926583886,106.728657101471,Chưa xác định,Quận 7,Phường Phú Mỹ,5581.4,0,Đường D5B,47.60221449815459,1.2125989895008424,0.0,51.18572401189666,9.0,18.9
55.0,5.0,10.0,Sổ hồng,Đầy đủ,10.7660580389772,106.683124534742,Mặt tiền,Quận Bình Thạnh,Phường 19,7166.5,0,Đường Phạm Viết Chánh,9.723993581246075,90.27600641875392,0.0,0.0,12.0,26.0
200.0,2.0,8.7,Sổ hồng,Trống / Nhà thô,10.818346043687356,106.780297073041,Chưa xác định,Quận 9,Phường Phước Long B,,1,Đường 9,,,,,9.0,20.0
126.0,3.0,8.1,Sổ hồng,Trống / Nhà thô,10.72481,106.6644,Chưa xác định,Huyện Bình Chánh,Xã Bình Hưng,9534.8,1,Đường Nguyễn Văn Linh,83.6531442715107,0.0,0.0,16.346645970549986,9.0,19.5
123.0,2.0,3.0,Sổ hồng,Đầy đủ,10.7648544553244,106.616571812654,Chưa xác định,Quận Bình Tân,Phường Bình Trị Đông,76.1,0,Đường Liên khu 10-11,85.91327201051249,0.0,14.02102496714849,0.0,8.0,7.9
72.0,2.0,13.0,không có,Trống / Nhà thô,10.7756720971117,106.630786725082,Mặt tiền,Quận Tân Phú,Phường Phú Thạnh,198.2,0,Đường Dương Khuê,3.8496468213925326,0.0,0.0,96.15035317860747,9.0,11.5
56.0,4.0,6.0,Sổ hồng,Trống / Nhà thô,10.8869239995503,106.723938878297,Mặt tiền,Thành phố Thủ Đức,Phường Bình Chiểu,,0,Đường Ngô Chí Quốc,,,,,7.0,4.8
115.0,3.0,8.0,Sổ hồng,Cơ bản,10.7961302778794,106.792451813736,Chưa xác định,Quận 9,Phường Phú Hữu,,1,Đường Vành Đai Trong,,,,,9.0,10.8
140.0,4.0,12.0,Sổ hồng,Cao cấp,10.8307601866211,106.705556199916,Chưa xác định,Quận Bình Thạnh,Phường 13,3479.0,0,Đường Bình Lợi,76.25553319919517,11.829836159816038,0.0,11.914918079908018,12.0,21.0
65.0,3.0,7.0,Sổ hồng,Cơ bản,10.7822775294636,106.768987867981,Mặt tiền,Quận 2,Phường Bình Trưng Tây,,0,Unknown,,,,,7.0,10.8
244.0,3.0,4.0,Sổ hồng,Trống / Nhà thô,10.750202531496,106.639926175869,Hẻm ô tô,Quận 6,Phường 9,50.7,0,Đường Lò Gốm,0.0,0.0,0.0,100.0,34.0,15.0
58.0,5.0,6.0,Sổ hồng,Trống / Nhà thô,10.7911480155676,106.685059940209,Mặt tiền,Quận 3,Phường Võ Thị Sáu,52.7,0,Đường Lý Chính Thắng,0.0,0.0,99.92409867172675,0.0,10.0,15.9
28.0,3.0,11.0,Sổ hồng,Trống / Nhà thô,10.7933481701381,106.68758352064,Mặt tiền,Quận 1,Phường Tân Định,123.5,1,Đường Nguyễn Văn Nguyễn,5.295546558704454,0.0,0.0,94.73684210526315,6.0,8.0
335.0,5.0,13.6,Sổ hồng,Trống / Nhà thô,10.7671514719651,106.69496352316,Mặt tiền,Quận 1,Phường Phạm Ngũ Lão,416.2,1,Đường Trần Hưng Đạo,0.0,0.0,0.0,99.9927919269582,39.0,230.0
44.0,2.0,7.0,Sổ hồng,Đầy đủ,10.8105063225887,106.713689799989,Hẻm ô tô,Quận Bình Thạnh,Phường 26,640.1,1,Đường Xô Viết Nghệ Tĩnh,0.0,99.99531323230745,0.0,0.0,6.0,4.68
132.0,3.0,20.0,Sổ hồng,Trống / Nhà thô,10.7718350041527,106.777340982817,Mặt tiền,Quận 2,Phường Cát Lái,,1,Đường Nguyễn Thị Định,,,,,16.0,17.2
216.0,6.0,7.2,Sổ hồng,Đầy đủ,10.8007129969146,106.591283504011,Chưa xác định,Quận Bình Tân,Phường Bình Hưng Hòa B,3599.7,1,Đường Số 2,48.87407283940328,0.0,0.0,43.50501430674779,62.0,22.9
43.0,3.0,7.15,Sổ hồng,Đầy đủ,10.8010764100757,106.69863082665,Chưa xác định,Quận Bình Thạnh,Phường 1,745.2,1,Đường Ngô Nhân Tịnh,2.0437466451959203,0.0,0.0,97.96027911969941,9.0,6.95
140.0,3.0,12.0,Sổ hồng,Trống / Nhà thô,10.7124,106.6418,Mặt tiền,Huyện Bình Chánh,Xã Phong Phú,246131.4,0,Đường Nguyễn Văn Linh,25.161750999669287,6.318824010264436,0.0,68.51943717867773,12.0,12.5
92.0,3.0,8.0,Sổ hồng,Trống / Nhà thô,10.7578394655976,106.6800710142,Hẻm ô tô,Quận 5,Phường 2,89.0,1,Đường Nguyễn Trãi,12.752808988764045,0.0,0.0,87.30337078651685,11.0,15.0
100.0,5.0,26.4,Sổ hồng,Trống / Nhà thô,10.8189786602683,106.678698797365,Hẻm ô tô,Quận Gò Vấp,Phường 3,1315.6,1,Đường Nguyễn Kiệm,85.02964426877472,0.0,0.0,14.974156278504106,11.0,12.3
56.0,3.0,5.0,Sổ hồng,Cơ bản,10.7994482593051,106.619252977693,Hẻm ô tô,Quận Tân Phú,Phường Tân Quý,1530.2,0,Đường Tân Kỳ Tân Quý,100.0,0.0,0.0,0.0,8.0,7.5
29.0,4.0,4.0,Sổ hồng,Cao cấp,10.7721217867551,106.679512246845,Hẻm ô tô,Quận 3,Phường 3,1468.4,1,Đường Cao Thắng,87.45096703895396,0.8989376191773358,0.0,11.628302914737128,6.0,8.5
52.0,2.0,4.333333333333334,Sổ hồng,Đầy đủ,10.7266001184042,106.733556471358,Chưa xác định,Quận 7,Phường Phú Thuận,1889.4,1,Đường Huỳnh Tấn Phát,70.85000529268551,0.0,0.0,29.14999470731449,6.0,4.8
50.0,3.0,5.0,Sổ hồng,Đầy đủ,10.7718045993619,106.586195345411,Chưa xác định,Quận Bình Tân,Phường Bình Trị Đông A,12408.8,1,Đường Tây Lân,74.0380214041648,6.626345819096126,0.0,19.335552188769263,7.0,7.8
42.0,4.0,4.0,Sổ hồng,Đầy đủ,10.7766062469365,106.700683498181,Chưa xác định,Quận 1,Phường Bến Nghé,7556.1,0,Đường Lê Thánh Tôn,0.6834213416974365,99.3160492846839,0.0,0.0,11.0,15.5
234.0,2.0,7.5,Sổ hồng,Trống / Nhà thô,10.8417340291773,106.72544412912,Mặt tiền,Thành phố Thủ Đức,Phường Hiệp Bình Chánh,,1,Unknown,,,,,7.0,38.0
31.0,3.0,10.0,Sổ hồng,Trống / Nhà thô,10.8303481845741,106.63299999857,Hẻm xe máy,Quận Tân Bình,Phường 15,3821.9,0,Đường Phan Huy Ích,99.59653575446768,0.40477249535571314,0.0,0.0,7.0,5.7
51.0,3.0,6.0,Sổ hồng,Cơ bản,10.8200697726309,106.70402158704,Mặt tiền,Quận Bình Thạnh,Phường 13,1017.2,0,Phố Nguyễn Xí,76.16397955171058,23.835037357451828,0.0,0.0,6.0,7.35
71.0,4.0,12.0,Sổ hồng,Trống / Nhà thô,10.825294121460518,106.71736338097642,Mặt tiền,Thành phố Thủ Đức,Phường Hiệp Bình Chánh,,0,Đường Số 17,,,,,8.0,13.5
120.0,7.0,13.0,Sổ hồng,Đầy đủ,10.7761992145328,106.66341177998,Mặt tiền,Quận 10,Phường 14,1842.0,1,Đường Tô Hiến Thành,99.97774158523345,0.0,0.0,0.0,22.0,41.0
74.0,3.0,4.0,Sổ hồng,Cơ bản,10.7743101998105,106.696947175163,Hẻm ô tô,Quận 1,Phường Bến Thành,93.5,1,Đường Thủ Khoa Huân,0.17112299465240643,0.0,99.85026737967915,0.0,19.0,19.9
186.0,6.0,16.8,Sổ hồng,Trống / Nhà thô,10.7898789677855,106.689753537106,Chưa xác định,Quận 1,Phường Tân Định,3273.4,1,Phố Hai Bà Trưng,30.517199242377956,69.48432822142115,0.0,0.0,8.0,42.0
28.0,5.0,3.0,Sổ hồng,Trống / Nhà thô,10.8034550377448,106.67816288595,Chưa xác định,Quận Phú Nhuận,Phường 9,511.4,0,Đường Chiến Thắng,90.1896754008604,0.0,0.0,9.810324599139618,9.0,6.75
54.0,2.0,4.0,Sổ hồng,Cơ bản,10.7903166843798,106.708869811721,Chưa xác định,Quận Bình Thạnh,Phường 19,67.5,0,Đường Huỳnh Mẫn Đạt,24.414814814814815,0.0,0.0,75.6148148148148,6.0,6.9
133.0,4.0,12.0,không có,Trống / Nhà thô,10.8565488642083,106.620765347236,Chưa xác định,Quận 12,Phường Tân Chánh Hiệp,,1,Đường Tô Ký,,,,,31.0,12.6
74.0,3.0,7.4,không có,Trống / Nhà thô,10.7985496738045,106.66612057337,Chưa xác định,Quận Tân Bình,Phường 2,1523.2,1,Đường Nguyễn Trọng Tuyển,99.62316176470588,0.37552521008403356,0.0,0.0,10.0,19.0
157.0,4.0,19.0,Sổ hồng,Trống / Nhà thô,10.777139,106.78751,Mặt tiền,Quận 2,Phường Bình Trưng Đông,,1,Đường Võ Chí Công,,,,,8.0,45.85
108.0,1.0,12.0,Sổ hồng,Trống / Nhà thô,10.864446644622,106.640222049905,Mặt tiền,Quận 12,Phường Tân Thới Hiệp,509.3,0,Đường Nguyễn Thị Đặng,18.272138228941685,0.0,0.0,81.72197133320242,4.0,5.1
60.0,7.0,19.4,Sổ hồng,Trống / Nhà thô,10.7672866835504,106.700061181449,Mặt tiền,Quận 1,Phường Nguyễn Thái Bình,81.4,1,Đường Calmette,0.40540540540540543,0.0,99.58230958230958,0.0,8.0,37.0
253.0,8.0,20.6,không có,Trống / Nhà thô,10.8109077887677,106.713781492177,Mặt tiền,Quận Bình Thạnh,Phường 26,1212.2,1,Đường Xô Viết Nghệ Tĩnh,98.21316614420063,0.22851014684045537,0.0,1.559148655337403,7.0,50.0
94.0,4.0,10.4,Sổ đỏ,Trống / Nhà thô,10.7760015037526,106.663288782514,Hẻm ô tô,Quận 10,Phường 14,93.0,1,Đường Tô Hiến Thành,21.24731182795699,0.0,0.0,79.10752688172042,11.0,19.9
80.0,4.0,8.0,Sổ hồng,Đầy đủ,10.6778660744823,106.753035545277,Mặt tiền,Huyện Nhà Bè,Xã Phú Xuân,718784.3,0,Đường Huỳnh Tấn Phát,0.1996690801398973,0.3899653901733803,0.588365661297833,0.009400594865525023,9.0,10.8
96.0,3.0,10.0,không có,Trống / Nhà thô,10.7899204613288,106.646524532946,Mặt tiền,Quận Tân Bình,Phường 11,113.4,1,Đường Phạm Phú Thứ,1.5696649029982364,0.0,98.4567901234568,0.0,10.0,17.5
105.0,3.0,6.0,Sổ hồng,Cơ bản,10.6749716701932,106.698468424459,Chưa xác định,Huyện Nhà Bè,Xã Nhơn Đức,1669.5,0,Đường Lê Văn Lương,77.08655286013777,10.598382749326145,0.0,12.314465408805033,18.0,7.5
957.0,1.0,12.0,Sổ hồng,Đầy đủ,10.7398149767313,106.617115400511,Mặt tiền,Quận Bình Tân,Phường An Lạc,13183.6,0,Đường Kinh Dương Vương,4.478594617555145,95.52132953062896,0.0,0.0,19.0,28.0
90.0,1.0,8.0,Sổ hồng,Trống / Nhà thô,10.841082415338,106.725383121887,Mặt tiền,Thành phố Thủ Đức,Phường Hiệp Bình Chánh,,1,Unknown,,,,,3.0,8.0
37.0,2.0,3.0,Sổ hồng,Cơ bản,10.7378003112283,106.662795492147,Mặt tiền,Quận 8,Phường 5,239.7,1,Đường Bông Sao,25.715477680433878,74.27617855652899,0.0,0.0,4.0,4.28
32.0,4.0,3.6666666666666665,Sổ hồng,Đầy đủ,10.772477946782,106.684450106326,Chưa xác định,Quận 3,Phường 4,9245.1,1,Đường Nguyễn Đình Chiểu,53.352803106510486,0.0,12.096570074958626,34.55019415690474,7.0,8.68
66.0,2.0,5.3999999999999995,Sổ hồng,Trống / Nhà thô,10.7813218181587,106.63546904706,Mặt tiền,Quận Tân Phú,Phường Phú Thọ Hòa,610.5,1,Đường Thoại Ngọc Hầu,87.78542178542179,0.0,12.216216216216216,0.0,4.0,6.49
95.0,2.0,4.0,Sổ hồng,Đầy đủ,10.8064200658847,106.732010902719,Hẻm ô tô,Thành phố Thủ Đức,Phường Thảo Điền,,0,Đường Nguyễn Văn Hưởng,,,,,5.0,16.5
196.0,4.0,12.6,Sổ hồng,Đầy đủ,10.7903453149292,106.732524295956,Mặt tiền,Quận 2,Phường An Khánh,,1,Đường Số 12,,,,,8.0,30.0
60.0,4.0,3.0,Sổ hồng,Trống / Nhà thô,10.7404357118301,106.735900792417,Hẻm xe máy,Quận 7,Phường Phú Thuận,996.9,0,Đường Nguyễn Văn Quỳ,84.27324706590431,0.0,0.0,15.728759153375465,9.0,6.9
74.0,2.0,10.0,Sổ hồng,Trống / Nhà thô,10.8115421626175,106.709036995945,Mặt tiền,Quận Bình Thạnh,Phường 26,4625.5,0,Đường Đinh Bộ Lĩnh,90.57377580802076,0.0,0.0,9.426656577667279,7.0,12.5
120.0,5.0,45.0,Sổ hồng,Đầy đủ,10.8007521132909,106.656318818804,Mặt tiền,Quận Tân Bình,Phường 4,125.0,0,Đường Cộng Hòa,13.656000000000002,0.0,0.0,86.336,12.0,29.0
73.0,4.0,6.0,Sổ hồng,Đầy đủ,10.8104877110585,106.713742699848,Mặt tiền,Quận Bình Thạnh,Phường 26,640.1,0,Đường Xô Viết Nghệ Tĩnh,0.0,99.99531323230745,0.0,0.0,8.0,12.9
106.0,4.0,12.5,Sổ đỏ,Trống / Nhà thô,10.8415044237752,106.725404666699,Mặt tiền,Thành phố Thủ Đức,Phường Hiệp Bình Chánh,,1,Unknown,,,,,11.0,19.5
60.0,4.0,7.545454545454545,không có,Cao cấp,10.8079934719107,106.704151205567,Mặt tiền,Quận Bình Thạnh,Phường 24,1894.2,1,Đường Bùi Đình Túy,5.819343258367649,94.18224052370392,0.0,0.0,8.0,7.9
45.0,3.0,4.5,Sổ hồng,Cơ bản,10.8358275331579,106.660902508118,Mặt tiền,Quận Gò Vấp,Phường 11,1174.2,1,Đường Quang Trung,93.27456991994549,0.0,6.722875149037642,0.0,8.0,6.5
55.0,4.0,7.0,không có,Trống / Nhà thô,10.7919044945516,106.671031567151,Chưa xác định,Quận Phú Nhuận,Phường 13,76.7,0,Đường Huỳnh Văn Bánh,26.558018252933508,0.0,0.0,73.38983050847457,9.0,8.9
76.0,4.0,8.0,Sổ hồng,Đầy đủ,10.8635445982439,106.625547628409,Hẻm ô tô,Quận 12,Phường Tân Chánh Hiệp,888.2,0,Đường Dương Thị Mười,0.0,100.0,0.0,0.0,11.0,5.4
186.0,1.0,12.0,Sổ hồng,Đầy đủ,10.7748853558729,106.761615438318,Mặt tiền,Quận 2,Phường Thạnh Mỹ Lợi,,0,Đường Số 7,,,,,6.0,11.9
56.0,4.0,4.0,Sổ hồng,Cơ bản,10.7840623067389,106.651297121468,Mặt tiền,Quận Tân Bình,Phường 8,915.4,0,Đường Lạc Long Quân,91.15796373170198,0.0,0.0,8.838759012453572,11.0,8.6
50.0,4.0,5.0,Sổ hồng,Đầy đủ,10.7094023672115,106.737585067749,Hẻm ô tô,Quận 7,Phường Phú Mỹ,2143.9,0,Đường Huỳnh Tấn Phát,0.0,0.0,0.0,99.9986006810019,9.0,9.0
48.0,2.0,5.7272727272727275,Sổ hồng,Trống / Nhà thô,10.8301429271452,106.633231326285,Chưa xác định,Quận Tân Bình,Phường 15,22965.3,1,Đường Phan Huy Ích,4.6712213644063,0.057782828876609495,94.9964947115866,0.274370463264142,4.0,6.1
190.0,3.0,10.2,Sổ hồng,Trống / Nhà thô,10.7519572625591,106.617061362404,Chưa xác định,Quận Bình Tân,Phường Bình Trị Đông B,,1,Đường Số 19A,,,,,9.0,21.0
38.0,2.0,2.0,Sổ hồng,Đầy đủ,10.8003101994466,106.692581221359,Mặt tiền,Quận Phú Nhuận,Phường 7,41.1,0,Đường Nguyễn Lâm,0.0,0.0,0.0,100.0,5.0,6.5
150.0,9.0,24.4,Sổ hồng,Trống / Nhà thô,10.7603832231903,106.688611209925,Chưa xác định,Quận 1,Phường Nguyễn Cư Trinh,4746.0,1,Đường Trần Hưng Đạo,89.63737884534346,1.7951959544879899,0.0,8.568057311420144,12.0,89.0
55.0,2.0,6.0,Sổ hồng,Trống / Nhà thô,10.8053535364429,106.681788052945,Chưa xác định,Quận Phú Nhuận,Phường 5,1098.4,0,Đường Thích Quảng Đức,71.61871813546976,0.0,0.0,28.376729788783685,5.0,9.8
143.0,3.0,6.0,Sổ hồng,Đầy đủ,10.8010886541428,106.683889686156,Mặt tiền,Quận Phú Nhuận,Phường 3,3108.0,0,Đường Phan Xích Long,79.04375804375803,10.795045045045045,0.0,10.16055341055341,17.0,23.0
96.0,5.0,12.0,Sổ hồng,Đầy đủ,10.7492806385731,106.716799880789,Chưa xác định,Quận 7,Phường Tân Thuận Tây,180.5,0,Đường Số 9M,57.70637119113573,0.0,0.0,42.28254847645429,13.0,22.0
126.0,3.0,8.1,không có,Trống / Nhà thô,10.712943465339396,106.66070256382228,Chưa xác định,Huyện Bình Chánh,Xã Bình Hưng,,1,Đường Nguyễn Văn Linh,,,,,9.0,20.0
36.0,2.0,4.0,Sổ hồng,Trống / Nhà thô,10.8148914749106,106.672534727054,Chưa xác định,Quận Bình Thạnh,Phường 15,1132.9,1,Đường Bạch Đằng,99.31503221820105,0.0,0.0,0.6840850913584605,4.0,3.9
75.0,3.0,10.0,không có,Trống / Nhà thô,21.02894860978742,105.85244722590336,Chưa xác định,Quận 9,Phường Phú Hữu,,1,Đường Bưng Ông Thoàn,,,,,6.0,10.3
50.0,4.0,2.0,Sổ hồng,Trống / Nhà thô,10.8439625450561,106.595294326821,Mặt tiền,Huyện Hóc Môn,Xã Bà Điểm,1123.9,0,Unknown,60.97873476287926,0.0,0.0,39.0203754782454,11.0,4.35
50.0,2.0,4.2,Sổ hồng,Cơ bản,10.8061842405489,106.668378490407,Mặt tiền,Quận Tân Bình,Phường 2,3007.7,1,Đường Phổ Quang,38.27276656581441,4.479170129999668,0.0,57.2467333843136,4.0,15.5
116.0,1.0,12.0,Sổ hồng,Đầy đủ,10.7406650259236,106.715034063791,Chưa xác định,Quận 7,Phường Tân Quy,135.2,0,Đường Số 53,7.226331360946745,0.0,0.0,92.75887573964498,3.0,16.0
76.0,3.0,4.0,Sổ hồng,Đầy đủ,10.7838913068797,106.657772051448,Mặt tiền,Quận Tân Bình,Phường 6,44.9,0,Đường Tứ Hải,25.879732739420934,0.0,0.0,74.05345211581292,10.0,7.2
84.0,3.0,8.0,Sổ hồng,Trống / Nhà thô,10.8014201790948,106.652622556902,Chưa xác định,Quận Tân Phú,Phường Phú Thọ Hòa,8145.4,0,Đường Trịnh Lỗi,11.22105728386574,0.0,0.0,2.3954624696147517,7.0,10.0
78.0,4.0,6.0,Sổ hồng,Đầy đủ,10.787987865593,106.656738923808,Chưa xác định,Quận Tân Bình,Phường 7,43.5,0,Đường Bành Văn Trân,0.6896551724137931,0.0,0.0,99.24137931034484,11.0,9.76
183.0,8.0,20.1,Sổ hồng,Trống / Nhà thô,10.8071207057055,106.718755938384,Mặt tiền,Quận Bình Thạnh,Phường 25,333.5,1,Đường Ung Văn Khiêm,79.2383808095952,8.992503748125937,0.0,11.778110944527736,6.0,58.0
45.0,5.0,13.0,Sổ hồng,Trống / Nhà thô,10.7548232705448,106.637134741272,Mặt tiền,Quận 6,Phường 12,2154.1,0,Đường Hồng Bàng,90.58725221670304,0.9892762638689011,0.0,7.2141497609210345,9.0,8.4
48.0,2.0,4.0,không có,Trống / Nhà thô,10.7338904720091,106.65885483985,Hẻm ô tô,Quận 8,Phường 4,2307.7,0,Phố Tạ Quang Bửu,60.54036486545045,14.018286605711317,0.0,25.440915196949348,5.0,6.68
71.0,5.0,10.0,Sổ hồng,Đầy đủ,10.7790108232049,106.667704453943,Chưa xác định,Quận 10,Phường 15,85.0,0,Đường Tô Hiến Thành,0.0,0.0,0.0,100.0,14.0,16.5
57.0,3.0,9.6,Sổ hồng,Trống / Nhà thô,10.7612922368563,106.689998980946,Mặt tiền,Quận 1,Phường Nguyễn Cư Trinh,915.3,1,Đường Trần Đình Xu,9.175133835900798,90.83032885392768,0.0,0.0,9.0,22.0
68.0,2.0,8.0,Sổ hồng,Đầy đủ,10.8075787318954,106.703783452036,Mặt tiền,Quận Bình Thạnh,Phường 24,650.4,0,Đường Bùi Đình Túy,11.093173431734318,0.0,0.0,88.90836408364083,4.0,10.0
120.0,4.0,10.0,Sổ hồng,Trống / Nhà thô,10.8422718421073,106.630570913092,Mặt tiền,Quận 12,Phường Đông Hưng Thuận,129.3,1,Đường Nguyễn Văn Quá,35.20494972931168,0.0,0.0,64.75638051044083,12.0,7.6
150.0,3.0,5.0,Sổ hồng,Đầy đủ,10.7956567828622,106.648408193908,Hẻm ô tô,Quận Tân Bình,Phường 12,2631.7,0,Đường Trường Chinh,78.06132917885779,0.0,0.0,21.937530873579814,9.0,12.5
49.0,4.0,4.8,Sổ hồng,Đầy đủ,10.7915159690551,106.674642663167,Chưa xác định,Quận Phú Nhuận,Phường 11,1810.6,1,Đường Huỳnh Văn Bánh,52.25560587650503,0.0,0.0,47.74384182039103,7.0,6.75
52.0,5.0,5.5,Sổ hồng,Trống / Nhà thô,10.846930051853596,106.71822488307951,Hẻm ô tô,Thành phố Thủ Đức,Phường Hiệp Bình Phước,,1,Đường Quốc Lộ 13,,,,,11.0,8.7
28.0,4.0,4.0,Sổ hồng,Đầy đủ,10.7881803139323,106.652490949703,Chưa xác định,Quận Tân Bình,Phường 8,591.0,0,Đường Tân Xuân,94.82064297800338,0.0,0.0,5.187817258883249,6.0,5.8
102.0,1.0,19.4,Sổ hồng,Trống / Nhà thô,10.7501165700732,106.723045358464,Mặt tiền,Quận 7,Phường Tân Thuận Tây,3907.9,1,Đường Nguyễn Văn Linh,91.22265155198444,0.0,0.0,0.0,2.0,14.5
57.0,4.0,10.233333333333334,Sổ hồng,Trống / Nhà thô,10.7952921558614,106.677393462935,Mặt tiền,Quận Phú Nhuận,Phường 15,375.4,1,Đường Nguyễn Đình Chính,28.164624400639322,0.0,0.0,71.83803942461375,11.0,15.3
69.0,4.0,20.0,Sổ hồng,Trống / Nhà thô,10.7700040596991,106.688646300021,Mặt tiền,Quận 1,Phường Phạm Ngũ Lão,2618.3,0,Đường Bùi Thị Xuân,91.38219455371805,0.0,8.619715082305312,0.0,10.0,30.0
157.0,4.0,17.4,Sổ hồng,Đầy đủ,10.79975871696,106.792263145233,Chưa xác định,Quận 9,Phường Phú Hữu,,1,Đường D2,,,,,9.0,39.6
48.0,4.0,3.0,Sổ hồng,Đầy đủ,10.7403954519483,106.735580304345,Hẻm xe máy,Quận 7,Phường Phú Thuận,9940.3,0,Đường Nguyễn Văn Quỳ,40.937195054475225,2.1370582376789438,0.0,56.925545506674844,8.0,4.5
45.0,1.0,15.0,Sổ hồng,Cơ bản,10.6784202376554,106.753379215559,Mặt tiền,Huyện Nhà Bè,Xã Phú Xuân,8606.4,0,Đường Huỳnh Tấn Phát,89.89531046662948,0.0,0.0,0.0,4.0,5.9
62.0,2.0,9.0,Sổ hồng,Trống / Nhà thô,10.7867329553206,106.677912251094,Mặt tiền,Quận 3,Phường 13,95.1,1,Đường Trần Quang Diệu,0.0,0.0,0.0,100.0,5.0,9.5
45.0,2.0,3.0,Sổ hồng,Đầy đủ,10.7046359105482,106.735152131832,Chưa xác định,Quận 7,Phường Phú Mỹ,214.7,0,Đường Phạm Hữu Lầu,19.646017699115045,0.0,0.0,80.33069399161622,6.0,6.59
876.0,5.0,20.3,Sổ hồng,Trống / Nhà thô,10.7918378989928,106.697115210376,Mặt tiền,Quận 1,Phường Đa Kao,896.0,1,Đường Nguyễn Văn Giai,1.4587053571428572,0.0,98.54241071428572,0.0,23.0,380.0
97.0,1.0,8.0,Sổ đỏ,Trống / Nhà thô,10.8581124749156,106.623877864887,Mặt tiền,Quận 12,Phường Tân Chánh Hiệp,2261.4,0,Đường Tân Chánh Hiệp 36,4.088175466525161,0.0,0.0,15.882639073140533,12.0,6.7
67.0,5.0,7.0,Sổ hồng,Trống / Nhà thô,10.7601802046099,106.688560561909,Mặt tiền,Quận 1,Phường Nguyễn Cư Trinh,4746.0,1,Đường Trần Hưng Đạo,89.63737884534346,1.7951959544879899,0.0,8.568057311420144,8.0,29.0
100.0,4.0,16.599999999999998,không có,Trống / Nhà thô,10.7246390560629,106.680502347632,Chưa xác định,Huyện Bình Chánh,Xã Bình Hưng,415.8,1,Đường Phạm Hùng,21.608946608946606,0.0,0.0,78.4030784030784,9.0,8.0
85.0,3.0,9.599999999999998,Sổ hồng,Trống / Nhà thô,10.8269789155947,106.762075278474,Hẻm ô tô,Quận 9,Phường Phước Long A,,1,Phố Nam Hòa,,,,,9.0,8.75
75.0,3.0,10.666666666666668,Sổ hồng,Trống / Nhà thô,10.7721854584676,106.669468327751,Hẻm ô tô,Quận 10,Phường 12,979.0,1,Đường Sư Vạn Hạnh,50.94790602655771,0.0,0.0,49.00510725229827,7.0,18.9
37.0,4.0,30.0,Sổ hồng,Cơ bản,10.7985914717154,106.687190429851,Mặt tiền,Quận Phú Nhuận,Phường 2,,0,Đường Phan Xích Long,,,,,8.0,17.99
99.0,2.0,5.0,Sổ hồng,Cơ bản,10.8682767839465,106.582902858995,Chưa xác định,Huyện Hóc Môn,Xã Xuân Thới Sơn,2972.2,0,Đường Xuân Thới Sơn 19,7.498149518874908,0.0,0.0,92.50285983446605,5.0,3.95
96.0,4.0,20.0,Sổ hồng,Cơ bản,10.7985108034615,106.619863162511,Mặt tiền,Quận Tân Phú,Phường Tân Quý,775.1,0,Đường Tân Quý,51.25532189394916,0.0,0.0,48.74338794994194,11.0,15.9
14.0,2.0,3.0,Sổ hồng,Đầy đủ,10.8021603875691,106.687804568849,Mặt tiền,Quận Phú Nhuận,Phường 7,40.4,0,Đường Phan Tây Hồ,0.0,0.0,0.0,99.97524752475248,3.0,2.3
125.0,4.0,30.0,Sổ hồng,Trống / Nhà thô,10.7699128217109,106.685758072616,Mặt tiền,Quận 1,Phường Phạm Ngũ Lão,7744.6,0,Đường Nguyễn Thị Minh Khai,97.30676858714459,0.15016915011750123,0.0,2.543449629419208,14.0,45.3
68.0,6.0,12.8,không có,Trống / Nhà thô,10.7611926521837,106.66028633277,Mặt tiền,Quận 10,Phường 7,1788.3,1,Phố Lý Thường Kiệt,2.5286585024883967,97.47190068780405,0.0,0.0,6.0,33.9
42.0,3.0,4.85,Sổ hồng,Cơ bản,10.7662932307564,106.670260162007,Chưa xác định,Quận 10,Phường 9,1313.0,1,Đường Bà Hạt,80.25666412795125,0.0,0.0,19.714394516374718,9.0,5.18
40.0,4.0,3.0,Sổ hồng,Đầy đủ,10.7919467635138,106.6714652431,Mặt tiền,Quận Phú Nhuận,Phường 11,1661.2,0,Đường Lê Văn Sỹ,80.9198169997592,0.0,0.0,19.080784974717073,7.0,8.4
38.0,3.0,3.4,Sổ hồng,Trống / Nhà thô,10.7220630871685,106.622426511776,Chưa xác định,Quận 8,Phường 16,315.1,1,Đường Phạm Đức Sơn,36.54712789590606,0.0,0.0,63.44969850841002,7.0,5.15
58.0,4.0,8.0,Sổ hồng,Trống / Nhà thô,10.807888193696,106.703864401991,Mặt tiền,Quận Bình Thạnh,Phường 24,51.7,0,Đường Bùi Đình Túy,31.953578336557058,0.0,0.0,68.1237911025145,11.0,13.5
75.0,4.0,9.45,Sổ hồng,Trống / Nhà thô,10.7929889306471,106.615433593908,Chưa xác định,Quận Tân Phú,Phường Tân Quý,5156.7,1,Đường Bình Long,91.81511431729595,0.0,8.184109992824869,0.0,10.0,6.8
105.0,4.0,8.0,Sổ hồng,Trống / Nhà thô,10.7976088690214,106.658532531,Mặt tiền,Quận Tân Bình,Phường 4,2668.6,0,Đường Út Tịch,97.74675860001499,1.515401334032826,0.0,0.736715880986285,9.0,17.9
6.787,2.0,10.0,Sổ hồng,Cao cấp,10.649485297329,106.625711021424,Mặt tiền,Huyện Bình Chánh,Xã Hưng Long,,0,Đường Đoàn Nguyễn Tuấn,,,,,8.0,130.0
32.0,3.0,3.0,Sổ hồng,Trống / Nhà thô,10.7903302547539,106.710225310048,Chưa xác định,Quận Bình Thạnh,Phường 19,63.5,1,Đường Ngô Tất Tố,43.732283464566926,0.0,0.0,56.31496062992125,7.0,5.9
71.0,4.0,7.0,Sổ hồng,Đầy đủ,10.8362041177192,106.726331298018,Chưa xác định,Thành phố Thủ Đức,Phường Hiệp Bình Chánh,,0,Đường Số 48,,,,,9.0,8.6
30.0,4.0,3.2,Sổ hồng,Trống / Nhà thô,10.7619857398796,106.67919915965,Mặt tiền,Quận 5,Phường 4,61.2,1,Đường Trần Bình Trọng,6.405228758169934,0.0,0.0,93.64379084967321,7.0,14.3
138.0,6.0,16.0,Sổ hồng,Trống / Nhà thô,10.7777820394828,106.628999160472,Chưa xác định,Quận Tân Phú,Phường Phú Thạnh,635.3,0,Đường Thoại Ngọc Hầu,96.90225090508422,0.0,0.0,3.1024712734141353,12.0,14.9
55.0,2.0,4.0,Sổ hồng,Đầy đủ,10.7405398879914,106.735886535537,Mặt tiền,Quận 7,Phường Phú Thuận,895.0,0,Đường Nguyễn Văn Quỳ,99.19553072625698,0.0,0.0,0.8067039106145251,5.0,5.5
56.0,3.0,5.3999999999999995,Sổ hồng,Đầy đủ,10.7265499164673,106.733741438326,Chưa xác định,Quận 7,Phường Phú Thuận,3129.8,1,Đường Huỳnh Tấn Phát,4.752060834558118,0.0,0.0,95.24857818390952,7.0,7.05
72.0,2.0,10.0,Sổ hồng,Cơ bản,10.8483671472051,106.746459852004,Chưa xác định,Thành phố Thủ Đức,Phường Linh Đông,,0,Đường 26,,,,,4.0,8.8
60.0,2.0,10.0,Sổ hồng,Trống / Nhà thô,10.7236209243825,106.61608653143,Chưa xác định,Quận Bình Tân,Phường An Lạc,2083.9,0,Đường An Dương Vương,0.0,0.0,100.0,0.0,4.0,6.49
80.0,6.0,8.0,Sổ hồng,Trống / Nhà thô,10.7766952462528,106.700865695834,Hẻm ô tô,Quận 1,Phường Bến Nghé,7556.1,0,Đường Lê Thánh Tôn,0.6834213416974365,99.3160492846839,0.0,0.0,13.0,29.5
130.0,10.0,29.0,Sổ hồng,Trống / Nhà thô,10.7722965477472,106.695215633273,Chưa xác định,Quận 1,Phường Bến Thành,67.4,1,Unknown,0.0,0.0,99.95548961424332,0.0,12.0,130.0
420.0,4.0,34.3,không có,Cơ bản,10.7703132805891,106.552450693443,Chưa xác định,Huyện Bình Chánh,Xã Vĩnh Lộc B,3462.6,1,Đường Trần Văn Giàu,4.819499797839773,71.23981978859817,0.0,0.0,16.0,23.0
122.0,2.0,20.0,Sổ hồng,Cơ bản,10.8674305854356,106.628351436794,Mặt tiền,Quận 12,Phường Tân Chánh Hiệp,,0,Đường Huỳnh Thị Hai,,,,,6.0,9.5
38.0,5.0,6.6,Sổ hồng,Trống / Nhà thô,10.791776165079,106.671374149198,Chưa xác định,Quận Phú Nhuận,Phường 13,1796.2,1,Đường Huỳnh Văn Bánh,64.97661730319564,0.0,0.0,35.02449615855696,9.0,8.95
162.0,3.0,20.0,Sổ hồng,Đầy đủ,10.750556,106.73569,Chưa xác định,Quận 7,Phường Tân Thuận Đông,3299.4,0,Đường Bùi Văn Ba,64.26198702794449,0.0,0.0,0.0,8.0,33.0
115.0,3.0,22.3,không có,Trống / Nhà thô,10.8055440100515,106.717789669664,Mặt tiền,Quận Bình Thạnh,Phường 25,8011.4,1,Unknown,7.860548718076742,92.1400753925656,0.0,0.0,12.0,23.0
29.0,3.0,9.566666666666666,Sổ hồng,Cơ bản,10.8302335632737,106.633155643531,Hẻm ô tô,Quận Tân Bình,Phường 15,22965.3,1,Đường Phan Huy Ích,4.6712213644063,0.057782828876609495,94.9964947115866,0.274370463264142,6.0,5.55
95.0,4.0,6.0,Sổ hồng,Trống / Nhà thô,10.7469487067607,106.688861766845,Mặt tiền,Quận 8,Phường 2,1075.5,1,Đường Dương Bá Trạc,88.66201766620176,0.0,0.0,11.336122733612273,8.0,16.0
170.0,5.0,7.0,Sổ hồng,Cơ bản,10.7957965672589,106.706874242197,Mặt tiền,Quận Bình Thạnh,Phường 17,868.3,0,Đường Nguyễn Cửu Vân,78.585742254981,0.0,0.0,21.408499366578372,28.0,30.9
60.0,4.0,3.0,không có,Trống / Nhà thô,10.8283193483376,106.69040719061177,Hẻm ô tô,Quận Gò Vấp,Phường 5,2291.8,0,Unknown,27.63199232044681,69.71899816737934,0.0,2.6485731739244263,8.0,7.0
127.0,7.0,12.2,Sổ hồng,Trống / Nhà thô,10.7876477250195,106.688377508711,Mặt tiền,Quận 3,Phường Võ Thị Sáu,1337.8,1,Đường Trần Quốc Toản,80.3438481088354,0.0,0.0,19.654656899387053,9.0,125.0
88.0,3.0,4.0,Sổ hồng,Trống / Nhà thô,10.79125975495924,106.66191056372236,Mặt tiền,Quận Tân Bình,Phường 5,750.6,0,Đường Phạm Văn Hai,99.77351452171595,0.0,0.0,0.2278177458033573,8.0,9.5
60.0,4.0,5.0,Sổ hồng,Đầy đủ,10.8133980778197,106.68999909543,Chưa xác định,Quận Bình Thạnh,Phường 11,2940.5,0,Đường Lê Quang Định,6.41999659921782,93.57864308791022,0.0,0.0,6.0,9.99
37.0,3.0,5.4,Sổ hồng,Trống / Nhà thô,10.7919810359738,106.671571822581,Mặt tiền,Quận Phú Nhuận,Phường 11,81.0,1,Đường Lê Văn Sỹ,19.08641975308642,0.0,0.0,80.96296296296296,5.0,5.6
95.0,5.0,12.0,Sổ đỏ,Trống / Nhà thô,10.8007484789424,106.776996275601,Chưa xác định,Quận 2,Phường An Phú,,0,Unknown,,,,,10.0,33.0
175.0,5.0,18.4,Sổ hồng,Trống / Nhà thô,10.8850556148914,106.680804279235,Mặt tiền,Quận 12,Phường Thạnh Xuân,278.4,1,Đường Thạnh Xuân 38,0.0,0.0,0.0,99.99640804597702,19.0,11.0
93.0,3.0,12.0,Sổ hồng,Cơ bản,10.7906676364939,106.63291868517,Mặt tiền,Quận Tân Phú,Phường Tân Thành,240.0,0,Phố Nguyễn Văn Tố,21.354166666666664,0.0,0.0,78.66250000000001,7.0,12.5
160.0,4.0,15.5,Sổ hồng,Trống / Nhà thô,10.730612,106.70964,Chưa xác định,Quận 7,Phường Tân Phong,707353.2,1,Unknown,34.28193581367837,19.24510131572177,0.0,46.47296145687897,12.0,14.5
88.0,5.0,20.0,Sổ hồng,Trống / Nhà thô,10.7745999835302,106.664271949817,Hẻm ô tô,Quận 10,Phường 14,2360.0,1,Đường Thành Thái,50.47118644067796,0.0,0.0,49.50932203389831,10.0,22.0
64.0,1.0,8.0,Sổ hồng,Đầy đủ,10.8870801232077,106.595770138869,Mặt tiền,Huyện Hóc Môn,Thị trấn Hóc Môn,168.2,0,Đường Nguyễn Thị Ri,0.0,0.0,0.0,100.0,4.0,5.6
60.0,4.0,4.0,Sổ hồng,Đầy đủ,10.8412860734266,106.725424782835,Mặt tiền,Thành phố Thủ Đức,Phường Hiệp Bình Chánh,,0,Unknown,,,,,7.0,8.0
77.0,5.0,3.0,Sổ hồng,Cao cấp,10.8070409488699,106.619491026945,Chưa xác định,Quận Tân Phú,Phường Sơn Kỳ,1778.1,0,Đường Bờ Bao Tân Thắng,39.263258534390644,60.73786626174006,0.0,0.0,20.0,9.2
41.0,6.0,8.0,Sổ hồng,Đầy đủ,10.804343609758,106.661002133042,Mặt tiền,Quận Tân Bình,Phường 4,,0,Đường Thăng Long,,,,,16.0,9.89
52.0,4.0,5.0,Sổ hồng,Cơ bản,10.7843673717223,106.778986187145,Hẻm ô tô,Thành phố Thủ Đức,Phường Bình Trưng Đông,,0,Unknown,,,,,9.0,7.5
82.0,5.0,12.0,không có,Đầy đủ,10.8054028036405,106.672998280218,Mặt tiền,Quận Phú Nhuận,Phường 9,579606.9,0,Unknown,13.500874471991276,85.7039676373763,0.0,0.14084200860962837,9.0,25.0
90.0,6.0,8.0,Sổ hồng,Đầy đủ,10.7894888043476,106.674795123096,Mặt tiền,Quận 3,Phường 12,1217.9,0,Đường Lê Văn Sỹ,82.83602923064291,0.0,0.0,17.163970769357086,36.0,23.0
95.0,5.0,20.0,Sổ hồng,Đầy đủ,10.7986273499979,106.630570236564,Chưa xác định,Quận Tân Phú,Phường Tân Sơn Nhì,81.2,1,Unknown,0.0,0.0,0.0,99.97536945812809,10.0,9.5
510.0,4.0,30.0,không có,Cơ bản,10.7780274809008,106.746577602697,Chưa xác định,Quận 2,Phường Bình Trưng Tây,,0,Đường Bát Nàn,,,,,11.0,200.0
315.0,3.0,17.0,Sổ hồng,Đầy đủ,10.7207435070207,106.731781526348,Mặt tiền,Quận 7,Phường Tân Phú,1034216.8,0,Đường 20,16.500876798752444,17.54197475809714,0.1461792150349907,65.81097212886118,8.0,165.0
61.0,5.0,3.0,Sổ hồng,Đầy đủ,10.8455008290801,106.718506407361,Chưa xác định,Thành phố Thủ Đức,Phường Hiệp Bình Phước,,1,Đường Quốc Lộ 13,,,,,10.0,10.2
92.0,3.0,5.0,Sổ hồng,Đầy đủ,10.7884171396539,106.669663654432,Chưa xác định,Quận Phú Nhuận,Phường 13,2217.2,0,Đường Trường Sa,64.34602200974201,18.862980335558362,0.0,16.78919357748512,9.0,12.5
45.0,2.0,5.0,Sổ hồng,Đầy đủ,10.7837670015611,106.657798728714,Mặt tiền,Quận Tân Bình,Phường 6,827.3,0,Đường Tứ Hải,16.388250936782306,0.0,0.0,83.6141665659374,8.0,7.0
68.0,2.0,30.0,Sổ đỏ,Trống / Nhà thô,10.7641637625423,106.693458925288,Chưa xác định,Quận 1,Phường Cô Giang,813.0,0,Đường Cô Bắc,69.14514145141452,4.736777367773678,0.0,26.11808118081181,9.0,23.0
89.0,4.0,13.5,không có,Trống / Nhà thô,10.8082514567839,106.706215217661,Mặt tiền,Quận Bình Thạnh,Phường 26,54.1,1,Đường Bùi Đình Túy,18.465804066543438,0.0,0.0,81.62661737523105,13.0,21.5
92.0,5.0,16.0,Sổ hồng,Trống / Nhà thô,10.7648940832878,106.694994813531,Mặt tiền,Quận 1,Phường Cầu Ông Lãnh,622.6,0,Đường Cô Bắc,95.74204946996467,0.0,0.0,4.256344362351429,15.0,35.0
33.0,3.0,50.0,Sổ hồng,Cơ bản,10.8069433971328,106.695108229485,Hẻm ô tô,Quận Bình Thạnh,Phường 7,1088.6,0,Đường Nơ Trang Long,88.45857064119052,0.0,0.0,11.542347969869558,8.0,7.5
76.0,2.0,6.0,Sổ hồng,Trống / Nhà thô,10.829799395211,106.637876993071,Hẻm ô tô,Quận Tân Bình,Phường 15,738.8,1,Đường Huỳnh Văn Nghệ,28.044125609095833,0.0,0.0,71.96264212236059,6.0,6.4
232.0,6.0,10.959999999999999,Sổ hồng,Trống / Nhà thô,10.8023973511541,106.641715744194,Mặt tiền,Quận Tân Bình,Phường 13,1401.9,1,Đường Cộng Hòa,99.85804978957128,0.0,0.0,0.1390969398673229,8.0,62.0
178.0,5.0,17.9,Sổ hồng,Trống / Nhà thô,10.8032726164742,106.716171245899,Hẻm ô tô,Quận Bình Thạnh,Phường 25,86.4,1,Đường Nguyễn Gia Trí,0.0,0.0,0.0,100.0,6.0,54.0
80.0,3.0,8.0,Sổ hồng,Đầy đủ,10.6782228155693,106.753471001404,Chưa xác định,Huyện Nhà Bè,Xã Phú Xuân,3212.3,0,Đường Huỳnh Tấn Phát,82.04775394577094,0.7654951281013603,0.0,17.185505712417893,9.0,7.5
75.0,4.0,8.0,Sổ hồng,Đầy đủ,10.7262758215628,106.73366930962,Chưa xác định,Quận 7,Phường Phú Thuận,1889.4,0,Đường Phú Thuận,70.85000529268551,0.0,0.0,29.14999470731449,9.0,15.8
51.0,3.0,6.0,Sổ hồng,Trống / Nhà thô,10.8824259124911,106.681536592013,Chưa xác định,Quận 12,Phường Thạnh Lộc,990.0,1,Đường Thạnh Lộc 37,0.0,10.529292929292929,0.0,89.46969696969697,7.0,5.95
73.0,1.0,6.0,Sổ hồng,Trống / Nhà thô,10.7420941038941,106.710263713016,Chưa xác định,Quận 7,Phường Tân Quy,66.8,0,Đường Số 79,0.0,0.0,0.0,99.92514970059881,8.0,6.5
100.0,4.0,16.599999999999998,Sổ hồng,Trống / Nhà thô,10.7527853517297,106.596689369386,Mặt tiền,Quận Bình Tân,Phường Tân Tạo,91301.6,1,Đường Số 50,0.0,0.10008586925092222,0.0,0.3107174463536236,9.0,10.9
97.0,6.0,30.0,Sổ hồng,Đầy đủ,10.7892278227174,106.693396750822,Chưa xác định,Quận 1,Phường Đa Kao,17485.9,0,Đường Võ Thị Sáu,74.00602771375794,25.993743530501725,0.0,0.0,22.0,27.0
120.0,3.0,25.0,Sổ hồng,Trống / Nhà thô,10.7851248275803,106.668572194266,Mặt tiền,Quận 3,Phường 11,40.5,1,Đường Cách Mạng Tháng Tám,0.0,0.0,0.0,100.0,12.0,35.0
95.0,4.0,12.0,Sổ hồng,Đầy đủ,10.7909074975693,106.645591570603,Mặt tiền,Quận Tân Bình,Phường 12,681.3,1,Đường Bàu Cát,99.40848378100691,0.0,0.5929840011742258,0.0,12.0,15.5
23.0,4.0,4.0,Sổ hồng,Trống / Nhà thô,10.756662811617,106.652791706602,Hẻm ô tô,Quận 5,Phường 15,2068.0,0,Đường Hà Tôn Quyền,82.76257253384914,13.997582205029016,0.0,3.2388781431334626,5.0,6.08
110.0,3.0,6.0,Sổ hồng,Cơ bản,10.809333729434,106.693056391734,Hẻm ô tô,Quận Bình Thạnh,Phường 7,436.8,0,Đường Lê Quang Định,18.598901098901095,0.0,0.0,81.40338827838828,9.0,12.99
73.0,4.0,4.0,Sổ hồng,Đầy đủ,10.81090157714,106.70207115606,Mặt tiền,Quận Bình Thạnh,Phường 12,6695.5,0,Đường Chu Văn An,33.400791576431935,3.3731610783361963,0.7803748786498395,57.342991561496525,14.0,11.9
56.0,5.0,8.0,Sổ hồng,Đầy đủ,10.7648765932546,106.616321424468,Mặt tiền,Quận Bình Tân,Phường Bình Trị Đông,255.0,0,Đường Phan Anh,100.0,0.0,0.0,0.0,10.0,7.0
58.0,3.0,5.0,Sổ hồng,Trống / Nhà thô,10.8816683557306,106.637998887637,Chưa xác định,Quận 12,Phường Hiệp Thành,33762.1,0,Đường Hiệp Thành 13,0.25226511384066747,18.896810328741402,80.85089493840727,0.0,7.0,5.48
171.0,5.0,40.0,Sổ hồng,Đầy đủ,21.0289486097874,105.852447225903,Mặt tiền,Quận 2,Phường An Lợi Đông,,0,Đường Nguyễn Cơ Thạch,,,,,38.0,175.0
225.0,3.0,30.0,Sổ hồng,Đầy đủ,10.7835079411097,106.696866279854,Mặt tiền,Quận 3,Phường Võ Thị Sáu,3180.5,0,Phố Hai Bà Trưng,83.3730545511712,0.0,16.627888696745796,0.0,12.0,176.0
66.0,4.0,30.0,Sổ hồng,Đầy đủ,10.7748719193098,106.690319602575,Mặt tiền,Quận 1,Phường Bến Thành,910.1,0,Đường Nguyễn Thị Minh Khai,18.349631908581472,0.0,81.64817053071091,0.0,8.0,31.0
51.0,3.0,5.0,Sổ hồng,Đầy đủ,10.835352409956,106.754522927994,Hẻm ô tô,Thành phố Thủ Đức,Phường Trường Thọ,,0,Đường Số 2,,,,,7.0,7.3
80.0,6.0,10.0,Sổ hồng,Đầy đủ,10.8522584480464,106.656151791046,Hẻm ô tô,Quận Gò Vấp,Phường 14,1864.5,0,Đường Lê Văn Thọ,96.50147492625368,0.3153660498793242,0.0,3.182622687047466,13.0,15.8
60.0,6.0,11.1,không có,Trống / Nhà thô,10.7902496705107,106.690219794288,Mặt tiền,Quận 1,Phường Tân Định,473.4,1,Phố Hai Bà Trưng,90.8618504435995,0.0,0.0,9.14448669201521,8.0,44.5
33.0,4.0,5.833333333333332,Sổ hồng,Đầy đủ,10.7925808347541,106.677651353526,Mặt tiền,Quận Phú Nhuận,Phường 12,48.4,1,Đường Huỳnh Văn Bánh,0.0,0.0,0.0,100.0,7.0,6.95
120.0,3.0,6.0,Sổ hồng,Cơ bản,10.7316345229267,106.731591459877,Mặt tiền,Quận 7,Phường Tân Phú,1569.8,0,Đường Huỳnh Tấn Phát,98.89794878328449,0.0,0.0,1.101414192890814,8.0,6.5
100.0,4.0,16.599999999999998,không có,Trống / Nhà thô,21.0289486097874,105.852447225903,Chưa xác định,Quận 2,Phường An Phú,,1,Đường Đỗ Xuân Hợp,,,,,9.0,17.5
101.0,4.0,12.185714285714287,không có,Trống / Nhà thô,10.8086543307959,106.732815333828,Chưa xác định,Quận 2,Phường Thảo Điền,,1,Đường Nguyễn Văn Hưởng,,,,,8.0,18.2
197.0,5.0,8.2,không có,Trống / Nhà thô,10.8294328860095,106.671145077815,Mặt tiền,Quận Gò Vấp,Phường 10,404.2,1,Đường Quang Trung,20.086590796635328,0.13607125185551708,0.0,79.7897080653142,22.0,37.9
232.0,2.0,8.0,Sổ hồng,Đầy đủ,10.8584589694821,106.642435615606,Mặt tiền,Quận 12,Phường Tân Thới Hiệp,172.9,0,Đường Tân Thới Hiệp 21,80.84441873915557,19.172932330827066,0.0,0.0,6.0,12.5
80.0,2.0,7.0,Sổ hồng,Trống / Nhà thô,10.6749384972319,106.698131915863,Chưa xác định,Huyện Nhà Bè,Xã Nhơn Đức,789.3,1,Đường Lê Văn Lương,42.14873938933232,0.0,0.0,57.848726719878385,8.0,4.95
115.0,5.0,5.0,Sổ hồng,Trống / Nhà thô,10.8188687562235,106.678677909927,Mặt tiền,Quận Gò Vấp,Phường 3,137.3,0,Đường Nguyễn Kiệm,35.68099053168245,0.0,0.0,64.33357611070647,11.0,12.3
80.0,5.0,9.799999999999999,không có,Trống / Nhà thô,10.787386997815,106.698848201823,Mặt tiền,Quận 1,Phường Đa Kao,8711.8,1,Đường Nguyễn Đình Chiểu,0.0,0.0,100.0,0.0,9.0,25.0
58.0,4.0,3.0,Sổ hồng,Đầy đủ,10.8061666782929,106.697691408037,Hẻm xe máy,Quận Bình Thạnh,Phường 14,30.5,0,Đường Hồ Xuân Hương,0.0,0.0,0.0,100.0,9.0,9.5
56.0,3.0,8.0,Sổ hồng,Đầy đủ,10.8506544656261,106.695128854227,Chưa xác định,Quận 12,Phường An Phú Đông,701.7,0,Đường Thạnh Lộc 31,6.945988314094342,0.0,0.0,93.05116146501355,9.0,7.35
44.0,5.0,6.0,Sổ hồng,Cơ bản,10.8129075085957,106.696903181578,Chưa xác định,Quận Bình Thạnh,Phường 12,1303.6,0,Đường Nơ Trang Long,99.86115372813748,0.0,0.0,0.13884627186253454,9.0,8.9
75.0,3.0,12.0,Sổ hồng,Cơ bản,10.8572618035324,106.603610105451,Chưa xác định,Huyện Hóc Môn,Xã Xuân Thới Thượng,3602.9,0,Đường Số 3,0.0,94.77448721862943,0.0,5.22495767298565,7.0,5.8
67.0,1.0,6.0,Sổ hồng,Cơ bản,10.7880742187263,106.775624658912,Mặt tiền,Quận 2,Phường Bình Trưng Đông,,0,Unknown,,,,,2.0,7.7
44.0,2.0,4.0,Sổ hồng,Đầy đủ,10.8300879451809,106.670994792344,Mặt tiền,Quận Gò Vấp,Phường 10,129.2,0,Đường Quang Trung,35.23993808049536,0.0,0.0,64.79102167182663,6.0,6.38
77.0,2.0,5.0,Sổ hồng,Đầy đủ,10.7319046178097,106.744932095232,Chưa xác định,Quận 7,Phường Phú Thuận,9782.4,0,Đường Huỳnh Tấn Phát,12.071270853778215,31.6465284592738,56.282200686947995,0.0,7.0,6.9
60.0,2.0,9.5,Sổ hồng,Đầy đủ,10.7982539797659,106.691430672027,Chưa xác định,Quận Phú Nhuận,Phường 7,,1,Đường Hoa Sữa,,,,,6.0,7.55
82.0,4.0,8.0,Sổ hồng,Đầy đủ,10.6781235409925,106.753363766291,Mặt tiền,Huyện Nhà Bè,Xã Phú Xuân,3212.3,0,Đường Huỳnh Tấn Phát,82.04775394577094,0.7654951281013603,0.0,17.185505712417893,9.0,7.5
86.0,2.0,9.8,Sổ hồng,Trống / Nhà thô,10.8180829577048,106.692794426958,Mặt tiền,Quận Bình Thạnh,Phường 11,92.4,1,Đường Nguyên Hồng,19.87012987012987,0.0,0.0,80.15151515151516,6.0,9.9
106.0,1.0,9.0,Sổ hồng,Đầy đủ,10.8032657877697,106.716294438571,Chưa xác định,Quận Bình Thạnh,Phường 25,86.4,0,Đường Nguyễn Gia Trí,0.0,0.0,0.0,100.0,12.0,21.0
207.0,4.0,16.0,Sổ hồng,Đầy đủ,10.8303948466912,106.702454378217,Chưa xác định,Quận Bình Thạnh,Phường 13,3768.9,0,Đường Đặng Thùy Trâm,99.69487118257317,0.0,0.0,0.3051288174268354,10.0,29.9
57.0,3.0,8.0,Sổ hồng,Trống / Nhà thô,10.6926061158293,106.740903054992,Hẻm ô tô,Huyện Nhà Bè,Thị trấn Nhà Bè,3078.9,0,Đường Dương Cát Lợi,90.07047971678196,0.0,0.0,9.929195491896458,8.0,8.49
140.0,4.0,16.0,Sổ hồng,Đầy đủ,10.7113058382974,106.694051582731,Mặt tiền,Huyện Nhà Bè,Xã Phước Kiển,4867.3,0,Đường Đào Sư Tích,52.90469048548477,0.0,0.0,47.09592587266041,9.0,15.5
80.0,5.0,16.0,Sổ hồng,Trống / Nhà thô,10.7396562220198,106.678213511616,Mặt tiền,Quận 8,Phường 4,7591.1,0,Đường Cao Lỗ,94.01259369524838,5.312800516394198,0.0,0.6742105887157328,10.0,13.0
57.0,5.0,20.0,Sổ hồng,Cơ bản,10.8121234207638,106.692319317232,Chưa xác định,Quận Bình Thạnh,Phường 11,136.8,0,Đường Nguyễn Văn Đậu,14.020467836257309,0.0,0.0,85.97222222222221,22.0,10.0
198.0,3.0,12.0,Sổ hồng,Trống / Nhà thô,10.809241,106.7806,Chưa xác định,Quận 9,Phường Phước Long B,,0,Đường D11B,,,,,10.0,17.0
30.0,3.0,4.0,Sổ hồng,Đầy đủ,10.7588514217158,106.688225592371,Mặt tiền,Quận 1,Phường Cầu Kho,52.1,0,Đường Nguyễn Cảnh Chân,0.0,0.0,0.0,99.92322456813821,7.0,6.5
100.0,2.0,5.0,Sổ hồng,Cơ bản,10.7984806500873,106.621585708618,Mặt tiền,Quận Tân Phú,Phường Tân Quý,160.6,0,Đường Lý Tuệ,4.713574097135742,0.0,0.0,95.31755915317561,5.0,7.89
82.0,3.0,4.0,không có,Trống / Nhà thô,10.795925877229,106.626530816993,Chưa xác định,Quận Tân Phú,Phường Tân Sơn Nhì,1052.5,1,Đường Gò Dầu,99.72826603325416,0.0,0.0,0.27078384798099764,9.0,7.7
120.0,7.0,20.0,Sổ hồng,Cơ bản,10.7677282505765,106.671557242248,Mặt tiền,Quận 10,Phường 9,1537.0,0,Đường Lý Thái Tổ,89.8145738451529,0.0,0.0,10.204294079375407,12.0,47.0
333.0,5.0,15.4,Sổ hồng,Trống / Nhà thô,10.84037,106.8447,Chưa xác định,Quận 9,Phường Long Thạnh Mỹ,,1,Unknown,,,,,11.0,36.5
50.0,4.0,4.0,Sổ hồng,Đầy đủ,10.8822036434001,106.681740187713,Chưa xác định,Quận 12,Phường Thạnh Lộc,1109.6,0,Đường Thạnh Lộc 37,0.0,9.890951694304254,0.0,90.10994953136266,7.0,6.0
91.0,4.0,7.0,Sổ hồng,Cơ bản,10.8058092853145,106.604708639485,Chưa xác định,Quận Bình Tân,Phường Bình Hưng Hòa,524.2,0,Đường Lê Đức Anh,0.0,0.0,0.0,100.0,8.0,8.4
100.0,2.0,4.0,Sổ hồng,Cơ bản,10.7928358139577,106.711765792345,Hẻm ô tô,Quận Bình Thạnh,Phường 19,11269.1,0,Đường Ngô Tất Tố,2.478902485557853,32.43142753192358,65.08984745898076,0.0,6.0,9.49
165.0,4.0,8.0,Sổ hồng,Đầy đủ,10.7889148423901,106.661646796299,Chưa xác định,Quận Tân Bình,Phường 12,45.9,0,Đường K300,14.052287581699346,0.0,0.0,86.01307189542483,16.0,18.7
60.0,4.0,7.545454545454545,không có,Đầy đủ,10.87904,106.5525,Chưa xác định,Huyện Hóc Môn,Xã Xuân Thới Sơn,34049.8,1,Unknown,0.0,10.637712996845796,89.36234574065045,0.0,8.0,6.5
126.0,2.0,14.0,Sổ hồng,Cơ bản,10.843111066935,106.733355376374,Chưa xác định,Thành phố Thủ Đức,Phường Hiệp Bình Chánh,,0,Đường Số 53,,,,,12.0,8.5
325.0,3.0,14.8,Sổ hồng,Đầy đủ,10.7881571875126,106.677291311813,Mặt tiền,Quận 3,Phường 14,2179.2,1,Đường Lê Văn Sỹ,72.75422173274598,0.0,0.0,27.247613803230546,9.0,175.0
320.0,4.0,25.0,Sổ hồng,Đầy đủ,10.80324519330725,106.8010794791004,Chưa xác định,Quận 9,Phường Phú Hữu,,0,Đường Bưng Ông Thoàn,,,,,14.0,43.0
54.0,2.0,3.0,Sổ hồng,Trống / Nhà thô,10.7305892396032,106.732115708292,Chưa xác định,Quận 7,Phường Phú Thuận,262.9,0,Đường Huỳnh Tấn Phát,15.211106884747055,0.0,0.0,84.78889311525295,3.0,4.59
104.0,3.0,11.2,Sổ hồng,Trống / Nhà thô,10.7898511908839,106.693830260832,Chưa xác định,Quận 1,Phường Tân Định,17485.9,1,Đường Võ Thị Sáu,74.00602771375794,25.993743530501725,0.0,0.0,8.0,23.8
152.0,3.0,8.0,Sổ hồng,Trống / Nhà thô,10.7550282192288,106.671909229654,Mặt tiền,Quận 5,Phường 7,3091.4,1,Đường Nguyễn Trãi,88.51200103512971,0.0,0.0,11.48896939897781,10.0,59.0
100.0,4.0,20.0,không có,Trống / Nhà thô,10.795414,106.77576,Mặt tiền,Quận 2,Phường An Phú,,0,Đường Song Hành,,,,,9.0,27.0
40.0,3.0,3.0,Sổ hồng,Đầy đủ,10.731615926238,106.745199591527,Hẻm xe máy,Quận 7,Phường Phú Thuận,1059.1,0,Đường Huỳnh Tấn Phát,96.51307714096876,3.484090265319611,0.0,0.0,7.0,6.8
242.0,3.0,16.0,Sổ hồng,Trống / Nhà thô,10.8461847518151,106.748892193839,Mặt tiền,Quận 2,Phường Bình Trưng Tây,,0,Đường 39,,,,,12.0,21.0
82.0,4.0,13.0,không có,Trống / Nhà thô,10.840577456363,106.624016164742,Mặt tiền,Quận 12,Phường Đông Hưng Thuận,,1,Đường Song Hành,,,,,9.0,9.8
283.0,1.0,9.2,Sổ hồng,Cơ bản,10.7980039792129,106.710740227886,Mặt tiền,Quận Bình Thạnh,Phường 15,6884.3,1,Đường Xô Viết Nghệ Tĩnh,9.150240402074283,90.85048588818036,0.0,0.0,21.0,40.0
36.0,4.0,9.0,Sổ hồng,Đầy đủ,10.8352706240423,106.684190510826,Mặt tiền,Quận Gò Vấp,Phường 6,320.6,0,Đường Dương Quảng Hàm,33.8552713661884,0.0,66.1447286338116,0.0,8.0,6.9
64.0,4.0,10.0,Sổ hồng,Đầy đủ,10.6845858219727,106.75039590358,Mặt tiền,Huyện Nhà Bè,Thị trấn Nhà Bè,,0,Đường Đào Tông Nguyên,,,,,9.0,7.68
54.0,2.0,8.0,Sổ hồng,Trống / Nhà thô,10.830768640026,106.785367342141,Chưa xác định,Quận 9,Phường Tăng Nhơn Phú B,,1,Đường 2,,,,,5.0,4.8
69.0,4.0,9.0,Sổ hồng,Đầy đủ,10.8043538241445,106.625864038705,Mặt tiền,Quận Tân Phú,Phường Sơn Kỳ,158.3,0,Phố Đỗ Nhuận,16.47504737839545,0.0,0.0,83.53758686039167,8.0,9.5
18.0,3.0,3.0,Sổ hồng,Đầy đủ,10.8058146568568,106.682091868737,Hẻm xe máy,Quận Phú Nhuận,Phường 5,3369.7,0,Đường Thích Quảng Đức,5.965812980384011,94.03299997032377,0.0,0.0,5.0,4.85
60.0,2.0,7.875,Sổ hồng,Đầy đủ,10.7875682721984,106.651560422033,Hẻm ô tô,Quận Tân Bình,Phường 11,1349.1,1,Đường Lạc Long Quân,85.93729152768513,0.0,14.059743532725522,0.0,4.0,6.66
148.0,2.0,3.0,Sổ hồng,Cơ bản,10.8429607192359,106.642662836669,Chưa xác định,Quận Gò Vấp,Phường 14,200.6,0,Đường Quang Trung,25.85244267198405,0.0,0.0,74.14257228315054,10.0,8.7
44.0,2.0,5.0,Sổ hồng,Trống / Nhà thô,10.8316115518692,106.688014660031,Hẻm ô tô,Quận Gò Vấp,Phường 5,549.8,0,Đường Dương Quảng Hàm,85.50745725718444,0.0,0.0,14.487086213168427,8.0,6.5
98.0,2.0,10.0,Sổ hồng,Trống / Nhà thô,10.8864988307686,106.76845314274,Hẻm ô tô,Thành phố Thủ Đức,Phường Linh Xuân,,1,Đường Số 11,,,,,4.0,5.35
48.0,4.0,7.25,Sổ hồng,Trống / Nhà thô,10.7744587140677,106.697786954676,Mặt tiền,Quận 1,Phường Bến Thành,3438.2,1,Đường Lý Tự Trọng,82.24943284276657,0.0,17.750276307370136,0.0,8.0,15.5
107.0,5.0,11.4,Sổ hồng,Trống / Nhà thô,10.7732545039408,106.676679790741,Mặt tiền,Quận 10,Phường 12,16538.0,1,Đường 3/2,87.9510823557867,2.3689684363284558,9.679163139436449,0.0,14.0,40.0
114.0,3.0,30.0,Sổ hồng,Trống / Nhà thô,10.804022126565195,106.59128800034524,Mặt tiền,Quận Bình Tân,Phường Bình Hưng Hòa B,,0,Đường Số 3,,,,,11.0,16.5
122.0,1.0,30.0,không có,Trống / Nhà thô,10.8536431433966,106.751443786,Chưa xác định,Thành phố Thủ Đức,Phường Linh Tây,,0,Đường Tô Ngọc Vân,,,,,9.0,16.8
100.0,2.0,6.0,Sổ hồng,Cơ bản,10.8377601885773,106.612062365499,Hẻm ô tô,Quận 12,Phường Tân Thới Nhất,188.6,0,Đường Tân Thới Nhất 2,0.0,0.0,0.0,100.0,4.0,5.99
81.0,3.0,8.0,Sổ hồng,Cao cấp,10.678093218839,106.753324233164,Chưa xác định,Huyện Nhà Bè,Xã Phú Xuân,3212.3,0,Đường Huỳnh Tấn Phát,82.04775394577094,0.7654951281013603,0.0,17.185505712417893,9.0,9.8
90.0,1.0,8.0,Sổ hồng,Cơ bản,10.9852707828973,106.521699586858,Mặt tiền,Huyện Củ Chi,Xã Phước Vĩnh An,1044.8,0,Đường Mai Thị Buội,23.684915773353755,0.0,0.0,76.31221286370598,2.0,2.35
38.0,4.0,5.0,Sổ hồng,Đầy đủ,10.7938780332384,106.662401220325,Chưa xác định,Quận Tân Bình,Phường 3,750.6,0,Đường Phạm Văn Hai,96.91313615774047,0.0,0.0,3.086863842259526,9.0,8.3
317.0,6.0,17.6,Sổ hồng,Trống / Nhà thô,10.7434875108525,106.715828471803,Mặt tiền,Quận 7,Phường Bình Thuận,661.9,1,Đường Lâm Văn Bền,10.296117238253514,0.0,0.0,89.69935035503853,11.0,31.8
180.0,7.0,19.5,Sổ hồng,Đầy đủ,10.8439948721345,106.711869986725,Mặt tiền,Thành phố Thủ Đức,Phường Hiệp Bình Phước,,1,Đường Nguyễn Thị Nhung,,,,,11.0,48.0
503.0,4.0,18.5,Sổ hồng,Trống / Nhà thô,10.7739400762795,106.677688566148,Mặt tiền,Quận 10,Phường 11,2646.0,1,Đường 3/2,97.3941798941799,0.1436130007558579,1.199546485260771,1.255479969765684,7.0,290.0
230.0,5.0,8.0,Sổ hồng,Đầy đủ,10.8131470628221,106.69659253149,Mặt tiền,Quận Bình Thạnh,Phường 12,89.5,0,Đường Nơ Trang Long,20.256983240223462,0.0,0.0,79.74301675977654,46.0,31.99
49.0,2.0,3.0,Sổ hồng,Trống / Nhà thô,10.7474798630411,106.653167353695,Mặt tiền,Quận 6,Phường 1,906.1,1,Đường Chu Văn An,68.90630173270058,0.0,0.0,31.088180112570356,7.0,9.9
100.0,5.0,11.0,không có,Đầy đủ,10.737401064214,106.626923682863,Chưa xác định,Quận 6,Phường 10,2871.1,1,Đường Trần Văn Kiểu,0.0,0.0,0.0,99.99930340287695,9.0,18.0
162.0,5.0,13.0,không có,Trống / Nhà thô,21.0289486097874,105.852447225903,Chưa xác định,Quận 9,Phường Long Thạnh Mỹ,,1,Đường T4,,,,,17.0,26.5
170.0,3.0,14.3,Sổ hồng,Trống / Nhà thô,10.7661487715018,106.667650943307,Mặt tiền,Quận 10,Phường 9,220.0,1,Đường Nguyễn Tri Phương,12.459090909090909,0.0,0.0,87.37727272727273,16.0,37.0
76.0,1.0,3.0,Sổ hồng,Đầy đủ,10.8645206626597,106.640625458979,Mặt tiền,Quận 12,Phường Tân Thới Hiệp,1291.3,0,Đường Nguyễn Thị Đặng,8.34507860295826,0.0,0.0,91.65337257027801,3.0,4.5
152.0,7.0,15.0,Sổ hồng,Đầy đủ,10.7749874324647,106.660092664705,Chưa xác định,Quận 10,Phường 14,132485.0,0,Đường 3/2,0.9920443823829111,0.0,99.00736687172133,0.0,15.0,53.0
68.0,4.0,6.0,Sổ hồng,Cơ bản,10.7337918458483,106.629076039375,Mặt tiền,Quận 6,Phường 10,31534.5,0,Đường Số 78,55.83909686216684,7.53542945028461,0.0,36.62547368754856,9.0,10.5
90.0,2.0,6.0,Sổ hồng,Cơ bản,10.7429339300735,106.729573804628,Mặt tiền,Quận 7,Phường Bình Thuận,3286.7,0,Đường Huỳnh Tấn Phát,91.70657498402653,2.1675236559466944,0.0,6.127118386223264,7.0,12.89
99.0,4.0,11.0,Sổ hồng,Đầy đủ,10.8147750171261,106.62599898058,Mặt tiền,Quận Tân Phú,Phường Tây Thạnh,99.1,1,Đường D11,0.5650857719475278,0.0,0.0,99.44500504540869,6.0,14.5
80.0,3.0,10.0,Sổ hồng,Cơ bản,10.8104567137726,106.707346036754,Mặt tiền,Quận Bình Thạnh,Phường 26,80.2,0,Đường Chu Văn An,0.0,0.0,0.0,100.0,9.0,13.6
262.0,2.0,5.0,Sổ đỏ,Trống / Nhà thô,10.7614565455385,106.690041099275,Chưa xác định,Quận 1,Phường Nguyễn Cư Trinh,884.3,1,Đường Trần Đình Xu,79.25590862829357,0.0,0.0,20.742960533755515,6.0,59.0
67.0,4.0,14.0,Sổ đỏ,Trống / Nhà thô,10.7804567400364,106.624408486933,Mặt tiền,Quận Tân Phú,Phường Phú Thạnh,1590.1,0,Đường Lê Niệm,99.19376139865417,0.0,0.0,0.8049808188164267,10.0,11.3
88.0,3.0,16.0,Sổ hồng,Cơ bản,10.7504890140826,106.716709165481,Mặt tiền,Quận 7,Phường Tân Thuận Tây,1301.7,0,Đường Số 5K,96.75731735422907,0.0,0.0,3.2442190981024814,8.0,15.7
52.0,4.0,30.0,Sổ hồng,Trống / Nhà thô,10.7846803044242,106.65078823446,Mặt tiền,Quận Tân Bình,Phường 8,44.2,0,Đường Lạc Long Quân,78.84615384615384,0.0,0.0,21.17647058823529,9.0,8.5
100.0,1.0,10.0,Sổ hồng,Trống / Nhà thô,10.7792041585357,106.679050135333,Chưa xác định,Quận 10,Phường 12,1704.0,0,Đường Cách Mạng Tháng Tám,91.78286384976526,8.21537558685446,0.0,0.0,9.0,18.0
61.0,2.0,7.2,Sổ hồng,Cơ bản,10.4149570995016,106.972915062961,Mặt tiền,Huyện Cần Giờ,Thị trấn Cần Thạnh,61.5,1,Đường Duyên Hải,2.991869918699187,0.0,0.0,97.08943089430895,4.0,6.3
32.0,3.0,4.0,Sổ hồng,Đầy đủ,10.7724952973709,106.684645118088,Hẻm ô tô,Quận 3,Phường 4,73.8,0,Đường Nguyễn Đình Chiểu,0.0,0.0,100.0,0.0,4.0,8.9
80.0,3.0,10.125,Sổ hồng,Trống / Nhà thô,10.7660750648222,106.642423450297,Hẻm ô tô,Quận 11,Phường 3,51.8,1,Đường Lạc Long Quân,0.0,0.0,0.0,100.0,9.0,7.2
72.0,2.0,8.0,Sổ hồng,Trống / Nhà thô,10.7562668963036,106.618388133957,Mặt tiền,Quận Bình Tân,Phường Bình Trị Đông B,25707.8,1,Đường Số 6E,20.684111436995774,0.0,25.90163296742623,31.734998716342904,4.0,8.2
62.0,4.0,8.0,Sổ hồng,Đầy đủ,10.6845249238111,106.750447771852,Mặt tiền,Huyện Nhà Bè,Thị trấn Nhà Bè,,0,Đường Đào Tông Nguyên,,,,,9.0,7.5
122.0,5.0,11.4,Sổ hồng,Trống / Nhà thô,10.765699052921,106.663871427175,Chưa xác định,Quận 10,Phường 14,53.0,1,Đường 3/2,0.0,0.0,0.0,99.86792452830188,15.0,28.8
60.0,4.0,12.0,Sổ hồng,Đầy đủ,10.8456642937775,106.653431084749,Mặt tiền,Quận Gò Vấp,Phường 9,862.3,0,Đường Số 9,0.0,0.0,0.0,99.9976806215934,8.0,10.0
69.0,4.0,12.0,Sổ hồng,Trống / Nhà thô,10.7967023112796,106.635584481084,Chưa xác định,Quận Tân Phú,Phường Tân Sơn Nhì,6690.7,0,Đường Trần Tấn,56.42922265233833,1.9776704978552317,0.0,41.592957388614046,8.0,11.8
80.0,4.0,20.0,Sổ hồng,Cơ bản,10.7978578504029,106.737854291008,Mặt tiền,Quận 2,Phường An Phú,,0,Đường 34B,,,,,8.0,18.6
47.0,2.0,10.0,không có,Trống / Nhà thô,10.7995917638636,106.641375968557,Mặt tiền,Quận Tân Bình,Phường 13,584.6,0,Đường Trường Chinh,21.151214505644887,0.1539514197742046,0.0,78.69141293191926,9.0,9.6
72.0,3.0,6.0,Sổ hồng,Trống / Nhà thô,10.8068802222337,106.680406125262,Mặt tiền,Quận Phú Nhuận,Phường 4,521.3,0,Unknown,77.6635334740073,0.0,0.0,22.334548244772687,9.0,16.8
58.0,4.0,3.333333333333333,Sổ hồng,Trống / Nhà thô,10.838905220791,106.648622545161,Mặt tiền,Quận Gò Vấp,Phường 8,2080.4,1,Đường Quang Trung,97.5336473755047,0.0,0.0,2.464910594116516,9.0,7.55
50.0,3.0,3.0,Sổ hồng,Đầy đủ,10.7936319955314,106.687446901068,Mặt tiền,Quận 1,Phường Tân Định,68.2,0,Đường Nguyễn Văn Nguyễn,9.70674486803519,0.0,0.0,90.2932551319648,8.0,7.95
121.0,4.0,27.1,Sổ hồng,Trống / Nhà thô,10.7534604617699,106.6626934921,Mặt tiền,Quận 5,Phường 11,62.3,1,Đường Nguyễn Trãi,20.353130016051367,0.0,0.0,79.7271268057785,13.0,30.0
55.0,5.0,5.0,Sổ hồng,Đầy đủ,10.7926161491986,106.623535219606,Hẻm ô tô,Quận Tân Phú,Phường Tân Quý,84.0,0,Đường Số 19,20.035714285714285,0.0,0.0,79.90476190476191,9.0,7.6
122.0,2.0,8.0,Sổ hồng,Cơ bản,10.7909924313091,106.645429225911,Mặt tiền,Quận Tân Bình,Phường 12,1674.6,0,Đường Bàu Cát,95.21199092320555,0.0,4.786814761734146,0.0,5.0,15.0
81.0,5.0,10.0,Sổ hồng,Đầy đủ,10.8133196265677,106.60716288885,Chưa xác định,Quận Bình Tân,Phường Bình Hưng Hòa,1865.6,0,Đường Lê Trọng Tấn,20.524764150943398,0.0,0.0,79.47469982847342,11.0,8.9
252.0,2.0,12.0,Sổ hồng,Trống / Nhà thô,10.7873827574362,106.685958474094,Chưa xác định,Quận 3,Phường Võ Thị Sáu,3286.7,0,Đường Nam Kỳ Khởi Nghĩa,93.46304804210911,0.0,0.0,6.53634344479265,8.0,68.0
250.0,3.0,16.4,Sổ hồng,Đầy đủ,10.813629484417,106.775011890726,Mặt tiền,Quận 9,Phường Phú Hữu,,1,Đường 50,,,,,9.0,58.0
56.0,4.0,8.0,Sổ hồng,Trống / Nhà thô,10.799480539584,106.619165284104,Hẻm ô tô,Quận Tân Phú,Phường Tân Quý,796.3,0,Đường Tân Kỳ Tân Quý,49.07949265352254,50.92301896270251,0.0,0.0,9.0,9.9
82.0,3.0,4.0,Sổ hồng,Cơ bản,10.8198627626357,106.702744157471,Mặt tiền,Quận Bình Thạnh,Phường 13,48.2,0,Đường Nơ Trang Long,0.0,0.0,0.0,99.93775933609959,9.0,9.5
33.0,5.0,8.0,Sổ đỏ,Trống / Nhà thô,10.7580682761403,106.680328441829,Chưa xác định,Quận 5,Phường 2,2757.8,1,Đường Nguyễn Trãi,83.4969903546305,0.0,0.0,16.503372253245338,6.0,16.5
75.0,3.0,10.0,Sổ hồng,Đầy đủ,10.69898,106.6419,Chưa xác định,Huyện Bình Chánh,Xã Phong Phú,2857.1,1,Đường Trịnh Quang Nghị,37.63361450421757,4.150012250183752,0.0,0.0,6.0,8.2
51.0,3.0,3.0,Sổ hồng,Cơ bản,10.7628360808787,106.672695339517,Chưa xác định,Quận 10,Phường 2,4662.0,0,Đường Sư Vạn Hạnh,45.215787215787216,0.0,0.0,54.77434577434577,8.0,8.2
52.0,4.0,4.0,Sổ hồng,Đầy đủ,10.8006173327705,106.646165541587,Hẻm ô tô,Quận Tân Bình,Phường 13,893.0,0,Đường Đồng Xoài,46.88465845464725,0.0,0.0,53.111982082866746,8.0,9.5
86.0,4.0,5.0,không có,Trống / Nhà thô,10.826547622954,106.819738210191,Chưa xác định,Quận 9,Phường Trường Thạnh,,1,Đường Lò Lu,,,,,9.0,7.6
97.0,3.0,12.0,Sổ hồng,Trống / Nhà thô,21.02894860978742,105.85244722590336,Chưa xác định,Huyện Nhà Bè,Xã Phước Kiển,,0,Đường Nguyễn Hữu Thọ,,,,,8.0,11.6
73.0,2.0,5.0,Sổ hồng,Trống / Nhà thô,10.7980235052773,106.705156645824,Hẻm ô tô,Quận Bình Thạnh,Phường 15,3425.9,0,Đường Điện Biên Phủ,64.69774365860066,33.41837181470563,0.0,1.883300738492075,4.0,14.3
40.0,2.0,10.0,Sổ hồng,Đầy đủ,10.798154501399,106.69893257283,Chưa xác định,Quận Bình Thạnh,Phường 2,73.7,0,Đường Bùi Hữu Nghĩa,77.02849389416554,0.0,0.0,22.903663500678423,5.0,8.55
106.0,4.0,16.0,Sổ hồng,Cơ bản,10.8752075752914,106.627222102833,Mặt tiền,Quận 12,Phường Hiệp Thành,2692.7,1,Đường Nguyễn Thị Búp,0.0,0.0,0.0,99.99925725108628,8.0,14.5
71.0,3.0,8.0,Sổ hồng,Đầy đủ,10.7482369245428,106.715844045829,Hẻm ô tô,Quận 7,Phường Tân Kiểng,4368.0,1,Đường Lâm Văn Bền,94.49793956043956,0.5663919413919414,0.0,4.934752747252748,7.0,11.48
61.0,3.0,7.0,Sổ hồng,Đầy đủ,10.7699693713976,106.629281715966,Hẻm ô tô,Quận Tân Phú,Phường Hiệp Tân,5160.3,0,Đường Phan Anh,4.547216247117416,95.4529775400655,0.0,0.0,8.0,6.93
36.0,5.0,4.25,Sổ hồng,Đầy đủ,10.7796470467075,106.667611391184,Chưa xác định,Quận 10,Phường 15,42832.0,1,Đường Tô Hiến Thành,8.418588905491221,91.34313130369817,0.0,0.23762607396339186,8.0,6.6
52.0,3.0,10.0,Sổ hồng,Cơ bản,10.7294090566608,106.632196981492,Chưa xác định,Quận 8,Phường 16,1865.3,0,Đường Phú Định,99.58612555621079,0.0,0.0,0.4122661234117837,8.0,7.35
61.0,4.0,6.0,Sổ hồng,Trống / Nhà thô,10.7794746826567,106.667365627669,Chưa xác định,Quận 10,Phường 15,42832.0,0,Đường Tô Hiến Thành,8.418588905491221,91.34313130369817,0.0,0.23762607396339186,8.0,13.9
126.0,3.0,8.1,Sổ hồng,Đầy đủ,10.7876197833218,106.678208452793,Chưa xác định,Quận 3,Phường 13,1578.0,1,Đường Lê Văn Sỹ,72.52598225602028,0.0,0.0,27.474651457541192,9.0,33.0
429.0,4.0,30.0,Sổ hồng,Trống / Nhà thô,10.7696430951733,106.688770102141,Chưa xác định,Quận 1,Phường Bến Thành,367.2,0,Đường Tôn Thất Tùng,0.0,0.133442265795207,99.85838779956427,0.0,13.0,220.0
56.0,3.0,12.0,Sổ hồng,Trống / Nhà thô,10.72685404061272,106.66797121894751,Chưa xác định,Huyện Bình Chánh,Xã Bình Hưng,46712.0,0,Đường Nguyễn Văn Linh,100.0,0.0,0.0,0.0,8.0,6.65
60.0,2.0,5.0,Sổ hồng,Trống / Nhà thô,10.7339836044302,106.605004481971,Chưa xác định,Quận Bình Tân,Phường Bình Trị Đông B,797.3,0,Đường Hồ Ngọc Lãm,77.41126301266776,0.0,0.0,22.584974288222753,4.0,5.75
47.0,4.0,5.0,Sổ hồng,Đầy đủ,10.7381042385576,106.637295527794,Hẻm ô tô,Quận 6,Phường 7,105843.5,0,Đường Phạm Văn Chí,16.008248026567525,83.99173307760988,0.0,0.0,10.0,6.3
54.0,5.0,4.0,Sổ hồng,Đầy đủ,10.7795316028689,106.611946032906,Chưa xác định,Quận Bình Tân,Phường Bình Trị Đông,81.1,1,Đường Số 14,4.808877928483354,0.0,0.0,95.20345252774352,11.0,7.5
90.0,2.0,6.0,Sổ hồng,Trống / Nhà thô,10.8126719821433,106.701824013144,Hẻm ô tô,Quận Bình Thạnh,Phường 12,,1,Unknown,,,,,10.0,8.3
112.0,4.0,16.7,Sổ hồng,Trống / Nhà thô,10.795959576568,106.677913342395,Mặt tiền,Quận Phú Nhuận,Phường 15,1024.6,1,Đường Trần Huy Liệu,8.808315440171775,91.19266055045873,0.0,0.0,8.0,31.0
126.0,2.0,10.0,Sổ hồng,Trống / Nhà thô,10.7726715010365,106.676361043506,Chưa xác định,Quận 10,Phường 12,113.0,0,Đường 3/2,0.0,0.0,0.0,99.70796460176992,9.0,26.0
90.0,4.0,20.0,Sổ hồng,Đầy đủ,10.7360953534353,106.737740663724,Mặt tiền,Quận 7,Phường Tân Phú,970.9,0,Đường D4,0.0,0.0,0.0,100.0,10.0,17.0
51.0,4.0,5.3,Sổ hồng,Trống / Nhà thô,10.766008316169,106.646831365232,Chưa xác định,Quận 11,Phường 5,10941.0,1,Đường Bình Thới,33.52225573530755,66.47427109039393,0.0,0.0,9.0,8.78
27.0,4.0,12.0,Sổ hồng,Cơ bản,10.7441647835323,106.684190951546,Mặt tiền,Quận 8,Phường 3,152.4,0,Đường Âu Dương Lân,6.758530183727034,0.0,0.0,93.20866141732283,7.0,7.35
80.0,2.0,6.0,Sổ hồng,Cơ bản,10.8007411853963,106.698134570971,Mặt tiền,Quận Bình Thạnh,Phường 1,707.4,0,Đường Vũ Tùng,78.21034775233248,0.0,0.0,21.782584110828388,4.0,14.08
60.0,5.0,6.0,Sổ hồng,Trống / Nhà thô,10.8119388054353,106.692335781947,Mặt tiền,Quận Bình Thạnh,Phường 11,108.0,0,Đường Nguyễn Văn Đậu,19.546296296296294,0.0,0.0,80.49074074074075,11.0,13.0
80.0,4.0,8.0,Sổ hồng,Đầy đủ,10.8797779842153,106.665574435278,Hẻm ô tô,Quận 12,Phường Thạnh Xuân,597.0,0,Đường Thạnh Xuân 25,4.720268006700167,95.27470686767168,0.0,0.0,10.0,6.89
100.0,5.0,30.0,Sổ hồng,Đầy đủ,10.8011713446947,106.741806123386,Mặt tiền,Quận 2,Phường An Khánh,,0,Đường Song Hành,,,,,40.0,30.0
76.0,1.0,10.0,Sổ hồng,Trống / Nhà thô,10.8441295200651,106.681914685538,Mặt tiền,Quận Gò Vấp,Phường 6,753.4,0,Đường Số 28,8.770905229625697,0.0,91.22776745420758,0.0,9.0,9.2
74.0,1.0,5.0,Sổ hồng,Trống / Nhà thô,10.7760771368674,106.620292413496,Hẻm ô tô,Quận Bình Tân,Phường Bình Hưng Hòa A,1154.2,0,Đường Số 2,50.81095130826546,0.0,0.0,49.193380696586374,2.0,5.1
35.0,2.0,2.5,Sổ đỏ,Trống / Nhà thô,10.7958380654675,106.671500529739,Mặt tiền,Quận Phú Nhuận,Phường 10,34.1,1,Đường Hoàng Diệu,0.0,0.0,0.0,100.0,4.0,4.3
29.0,2.0,3.0,Sổ hồng,Trống / Nhà thô,10.7514980522119,106.701918349037,Mặt tiền,Quận 7,Phường Tân Hưng,119958.53,0,Phố Trần Xuân Soạn,0.0,0.0,0.0,100.0,4.0,3.95
95.0,6.0,20.0,không có,Trống / Nhà thô,10.801814589096567,106.7769621185092,Chưa xác định,Quận 2,Phường An Phú,,0,Unknown,,,,,9.0,60.0
144.0,2.0,8.0,Sổ hồng,Đầy đủ,10.726923,106.7111,Chưa xác định,Quận 7,Phường Tân Phong,921306.6,0,Đường Hà Huy Tập,18.16232837146722,22.868941783332502,0.0,58.968724418125305,8.0,60.0
47.0,2.0,4.05,Sổ đỏ,Trống / Nhà thô,10.8708015842725,106.688994228768,Chưa xác định,Quận 12,Phường Thạnh Lộc,3348.2,1,Đường Thạnh Lộc 29,14.573800848216953,24.03291320709635,0.0,61.39179260498179,6.0,4.25
40.0,2.0,4.0,Sổ hồng,Trống / Nhà thô,10.7515968442749,106.695548817515,Chưa xác định,Quận 7,Phường Tân Hưng,498563.61,0,Phố Trần Xuân Soạn,95.4990898754123,0.0,0.11544564995427567,4.385462468871324,4.0,4.74
66.0,6.0,8.0,Sổ hồng,Trống / Nhà thô,10.7724384223775,106.686756195417,Mặt tiền,Quận 3,Phường 1,74.9,0,Đường Võ Văn Tần,0.0,0.0,0.0,99.98664886515353,8.0,26.0
64.0,4.0,12.0,Sổ hồng,Đầy đủ,10.6928104533353,106.741089474366,Mặt tiền,Huyện Nhà Bè,Thị trấn Nhà Bè,153.2,0,Đường Huỳnh Tấn Phát,14.3733681462141,0.0,0.0,85.64621409921672,11.0,9.5
50.0,2.0,4.0,Sổ hồng,Trống / Nhà thô,10.7517222052887,106.701742698153,Mặt tiền,Quận 7,Phường Tân Hưng,498563.61,0,Phố Trần Xuân Soạn,95.4990898754123,0.0,0.11544564995427567,4.385462468871324,4.0,4.6
126.0,4.0,12.0,không có,Cơ bản,10.7783413642824,106.746672277948,Chưa xác định,Quận 2,Phường Bình Trưng Tây,,0,Đường Bát Nàn,,,,,10.0,36.0
97.0,2.0,4.0,Sổ hồng,Trống / Nhà thô,10.7177186520442,106.623272957781,Chưa xác định,Quận 8,Phường 16,2807.0,0,Đường Trương Đình Hội,13.285714285714286,0.0,0.0,86.71392946205914,7.0,5.5
355.0,3.0,8.0,Sổ hồng,Đầy đủ,10.7666441199165,106.622743565252,Chưa xác định,Quận Bình Tân,Phường Bình Trị Đông,1862.3,0,Đường Phan Anh,1.8724158298877729,0.0,98.12812114052517,0.0,32.0,25.0
27.0,2.0,3.0,Sổ hồng,Trống / Nhà thô,10.7266151634412,106.733673062452,Mặt tiền,Quận 7,Phường Phú Thuận,1333.4,0,Đường Huỳnh Tấn Phát,78.71081445927703,0.0,0.0,21.28918554072296,4.0,3.79
134.0,3.0,30.0,Sổ hồng,Đầy đủ,10.6772040835905,106.743436850977,Chưa xác định,Huyện Nhà Bè,Xã Phú Xuân,10505.8,0,Đường Huỳnh Tấn Phát,0.0,27.356698204801162,72.64339698071542,0.0,10.0,11.99
85.0,2.0,6.0,Sổ hồng,Trống / Nhà thô,10.8183825654421,106.678755867162,Hẻm ô tô,Quận Gò Vấp,Phường 3,1174.9,0,Đường Nguyễn Kiệm,58.743722870031476,0.0,0.0,41.255425993701586,8.0,9.4
12.0,3.0,10.2,Sổ hồng,Đầy đủ,10.7919343765005,106.716421517098,Chưa xác định,Quận Bình Thạnh,Phường 22,43.5,1,Đường Võ Duy Ninh,34.574712643678154,0.0,0.0,65.40229885057471,5.0,2.68
48.0,3.0,7.333333333333333,Sổ hồng,Đầy đủ,10.7382260032053,106.662352823377,Chưa xác định,Quận 8,Phường 5,119.5,1,Đường Bông Sao,0.9958158995815899,0.0,0.0,99.0460251046025,8.0,10.4
300.0,5.0,10.0,Sổ hồng,Trống / Nhà thô,10.7526793667775,106.600121444725,Chưa xác định,Quận Bình Tân,Phường Tân Tạo,,0,Đường Số 44,,,,,160.0,48.0
55.0,1.0,4.0,Sổ hồng,Trống / Nhà thô,10.7987981150841,106.630304588315,Hẻm ô tô,Quận Tân Phú,Phường Tân Sơn Nhì,391.9,0,Đường Nguyễn Văn Săng,97.37688185761675,0.0,0.0,2.6333248277621846,9.0,5.6
59.0,3.0,5.0,Sổ hồng,Đầy đủ,10.7978727762411,106.7053562192,Mặt tiền,Quận Bình Thạnh,Phường 17,59.5,0,Đường Điện Biên Phủ,32.36974789915967,67.63025210084034,0.0,0.0,10.0,10.0
45.0,4.0,4.0,Sổ hồng,Trống / Nhà thô,10.766411174142,106.65948725287,Chưa xác định,Quận 10,Phường 14,91.0,0,Phố Lý Thường Kiệt,7.923076923076923,0.0,0.0,92.04395604395606,12.0,14.0
52.0,4.0,5.0,Sổ hồng,Trống / Nhà thô,10.7760969430217,106.763849734435,Hẻm ô tô,Quận 2,Phường Thạnh Mỹ Lợi,,0,Đường 16,,,,,8.0,7.2
49.0,2.0,6.0,Sổ hồng,Trống / Nhà thô,10.7590445842623,106.687633684656,Mặt tiền,Quận 1,Phường Cầu Kho,2104.4,0,Đường Trần Hưng Đạo,99.80326934042958,0.0,0.0,0.19673065957042385,4.0,8.5
54.0,4.0,4.0,Sổ hồng,Đầy đủ,10.8121875219361,106.687516367228,Mặt tiền,Quận Bình Thạnh,Phường 5,23.4,0,Đường Nguyễn Thượng Hiền,0.0,99.82905982905983,0.0,0.0,8.0,8.95
77.0,3.0,8.55,Sổ hồng,Trống / Nhà thô,10.7875735136098,106.678231022626,Hẻm ô tô,Quận 3,Phường 13,1578.0,1,Đường Lê Văn Sỹ,72.52598225602028,0.0,0.0,27.474651457541192,9.0,12.0
132.0,2.0,7.0,Sổ đỏ,Trống / Nhà thô,10.8025456449578,106.745784798927,Chưa xác định,Quận 2,Phường An Phú,,1,Đường Xa Lộ Hà Nội,,,,,16.0,26.8
40.0,2.0,7.181818181818182,Sổ hồng,Đầy đủ,10.7689522514442,106.678832181963,Hẻm ô tô,Quận 3,Phường 1,2067.2,1,Phố Nguyễn Thiện Thuật,33.23916408668731,0.0,0.0,66.7622871517028,4.0,7.0
94.0,2.0,3.0,Sổ hồng,Đầy đủ,10.7889242950936,106.759496989148,Mặt tiền,Quận 2,Phường Bình Trưng Tây,,0,Đường Số 28,,,,,5.0,6.5
72.0,2.0,25.4,không có,Trống / Nhà thô,10.7822490906267,106.609037942081,Mặt tiền,Quận Bình Tân,Phường Bình Hưng Hòa A,48.0,1,Unknown,0.0,0.0,0.0,100.0,6.0,6.4
57.0,4.0,9.0,Sổ hồng,Đầy đủ,10.7932912668384,106.73065243687,Mặt tiền,Quận 2,Phường Bình Trưng Tây,,0,Đường Số 18,,,,,8.0,9.3
29.0,4.0,3.0,Sổ hồng,Cao cấp,10.7514882416605,106.70178109035,Mặt tiền,Quận 7,Phường Tân Hưng,119958.53,0,Phố Trần Xuân Soạn,0.0,0.0,0.0,100.0,7.0,5.99
70.0,2.0,3.0,Sổ hồng,Đầy đủ,10.7977526374905,106.705205831553,Hẻm ô tô,Quận Bình Thạnh,Phường 17,97.9,1,Đường Điện Biên Phủ,0.0,100.0,0.0,0.0,9.0,10.2
90.0,4.0,10.0,Sổ hồng,Đầy đủ,10.707884082285,106.735095857189,Chưa xác định,Quận 7,Phường Phú Mỹ,290.6,0,Unknown,25.815554026152782,0.0,0.0,74.19821059876118,9.0,16.9
38.0,2.0,12.0,Sổ hồng,Đầy đủ,10.7019985042946,106.741306567111,Mặt tiền,Huyện Nhà Bè,Thị trấn Nhà Bè,2355.0,0,Đường Dương Cát Lợi,23.44331210191083,16.878131634819535,0.0,59.676857749469214,4.0,5.5
94.0,4.0,8.0,Sổ hồng,Cơ bản,10.7844427282689,106.759176522989,Chưa xác định,Quận 2,Phường Bình Trưng Tây,,0,Unknown,,,,,14.0,11.3
121.0,5.0,10.0,Sổ hồng,Trống / Nhà thô,10.7721027141512,106.672354308402,Hẻm xe máy,Quận 10,Phường 12,4918.0,0,Đường Lê Hồng Phong,62.5884505896706,0.0,0.0,37.41256608377389,14.0,28.6
147.0,5.0,16.3,không có,Trống / Nhà thô,10.8829525706512,106.772764387215,Hẻm ô tô,Thành phố Thủ Đức,Phường Linh Xuân,,1,Đường Số 8,,,,,23.0,9.3
106.0,4.0,6.0,Sổ hồng,Đầy đủ,10.8054987906548,106.682577707781,Mặt tiền,Quận Phú Nhuận,Phường 5,277.3,0,Đường Thích Quảng Đức,17.61630003606203,82.39451857194375,0.0,0.0,10.0,15.49
80.0,2.0,6.0,Sổ hồng,Cơ bản,10.8945642556987,106.628034016116,Chưa xác định,Huyện Hóc Môn,Xã Thới Tam Thôn,,1,Đường Đông Thạnh 2,,,,,6.0,4.85
80.0,2.0,7.0,Sổ hồng,Trống / Nhà thô,10.675172791871,106.698434035083,Chưa xác định,Huyện Nhà Bè,Xã Nhơn Đức,208.7,0,Đường Lê Văn Lương,34.010541447053185,0.0,0.0,65.9798754192621,8.0,4.95
58.0,5.0,6.0,Sổ hồng,Đầy đủ,10.7430174138184,106.725564916827,Chưa xác định,Quận 7,Phường Bình Thuận,2084.3,0,Đường 1,96.02264549249148,0.0,0.0,3.979273617041692,9.0,9.5
30.0,4.0,4.0,Sổ hồng,Đầy đủ,10.799541030425,106.686722117797,Mặt tiền,Quận Phú Nhuận,Phường 7,3201.4,0,Đường Phùng Văn Cung,9.34372462047854,0.17929655775598174,0.0,0.0,8.0,7.6
105.0,3.0,5.0,Sổ hồng,Đầy đủ,10.7826603103646,106.648090570099,Mặt tiền,Quận Tân Bình,Phường 10,50.9,0,Unknown,21.8860510805501,0.0,0.0,78.11394891944991,9.0,16.4
54.0,2.0,4.0,Sổ hồng,Đầy đủ,10.8054471871,106.68168645836,Chưa xác định,Quận Phú Nhuận,Phường 5,52.9,0,Đường Thích Quảng Đức,17.03213610586011,0.0,0.0,83.00567107750472,6.0,9.49
51.0,2.0,5.0,Sổ hồng,Cơ bản,10.8674775887639,106.628641302448,Hẻm ô tô,Quận 12,Phường Tân Chánh Hiệp,,0,Đường Huỳnh Thị Hai,,,,,4.0,4.5
82.0,4.0,6.0,Sổ hồng,Cơ bản,10.750352404711,106.715629510581,Chưa xác định,Quận 7,Phường Tân Kiểng,524.1,0,Đường Lâm Văn Bền,46.65712650257584,0.0,0.0,53.333333333333336,7.0,11.89
100.0,2.0,6.0,Sổ hồng,Đầy đủ,10.6845178602726,106.749871635457,Mặt tiền,Huyện Nhà Bè,Xã Phú Xuân,,0,Đường Đào Tông Nguyên,,,,,4.0,6.5
48.0,4.0,12.0,Sổ hồng,Trống / Nhà thô,10.8298579704802,106.702692422737,Chưa xác định,Quận Bình Thạnh,Phường 13,1905.3,0,Đường Đặng Thùy Trâm,84.7178921954548,0.40990920065081615,0.0,14.871148900435626,9.0,11.2
80.0,3.0,4.0,Sổ hồng,Cơ bản,10.8403201156892,106.713385137924,Hẻm ô tô,Thành phố Thủ Đức,Phường Hiệp Bình Phước,,0,Đường Số 3,,,,,9.0,10.8
129.0,3.0,6.0,Sổ hồng,Trống / Nhà thô,10.7457053502753,106.61555898125,Mặt tiền,Quận Bình Tân,Phường Bình Trị Đông B,,1,Đường Số 16,,,,,8.0,16.3
85.0,2.0,10.0,Sổ hồng,Đầy đủ,10.8448459506766,106.678392237318,Mặt tiền,Quận Gò Vấp,Phường 6,580.5,0,Đường Số 30,76.89577950043066,0.0,0.0,23.104220499569337,4.0,9.5
60.0,4.0,8.0,Sổ hồng,Đầy đủ,10.7626391178559,106.63055304794,Chưa xác định,Quận Tân Phú,Phường Tân Thới Hòa,59.4,0,Đường Trần Văn Cẩn,0.0,0.0,0.0,100.0,14.0,8.8
100.0,3.0,10.0,Sổ hồng,Trống / Nhà thô,10.8528630209991,106.720374186852,Chưa xác định,Thành phố Thủ Đức,Phường Hiệp Bình Phước,,0,Đường Quốc Lộ 13,,,,,6.0,11.9
200.0,4.0,12.0,Sổ hồng,Trống / Nhà thô,10.7501299539417,106.619336850728,Mặt tiền,Quận Bình Tân,Phường Bình Trị Đông B,6345.5,0,Đường Số 6A,60.75470806083051,31.463872035300604,0.0,7.78157749586321,10.0,34.5
34.0,3.0,4.0,Sổ hồng,Trống / Nhà thô,10.7620171550349,106.668792927384,Chưa xác định,Quận 10,Phường 5,18.0,0,Đường Vĩnh Viễn,36.888888888888886,0.0,0.0,63.77777777777778,5.0,7.2
108.0,4.0,8.0,Sổ hồng,Cơ bản,10.803308107596,106.716282231123,Chưa xác định,Quận Bình Thạnh,Phường 25,86.7,0,Đường Nguyễn Gia Trí,0.0,0.0,0.0,99.97693194925029,13.0,20.0
95.0,6.0,10.0,Sổ hồng,Đầy đủ,10.8214348615711,106.654992328513,Mặt tiền,Quận Tân Bình,Phường 15,,0,Đường Phạm Văn Bạch,,,,,40.0,19.8
56.0,5.0,8.0,Sổ hồng,Đầy đủ,10.7645522156581,106.618832911694,Chưa xác định,Quận Bình Tân,Phường Bình Trị Đông,1685.4,0,Đường Tân Hòa Đông,84.64934140263439,0.0,0.0,15.35125192832562,14.0,8.4
12.0,2.0,4.0,Sổ hồng,Trống / Nhà thô,10.780538727806,106.649848851659,Chưa xác định,Quận Tân Bình,Phường 10,967.0,1,Đường Lạc Long Quân,93.66907962771458,0.43536711478800416,0.36918304033092036,5.522233712512927,4.0,2.4
83.0,3.0,6.8,Sổ hồng,Trống / Nhà thô,10.7998254026298,106.809146404266,Mặt tiền,Quận 9,Phường Long Trường,,1,Unknown,,,,,7.0,4.5
16.0,3.0,6.0,Sổ hồng,Trống / Nhà thô,10.78488140456,106.672952553777,Mặt tiền,Quận 3,Phường 11,133.3,0,Đường Trần Văn Đang,12.033008252063015,0.0,87.95948987246811,0.0,4.0,3.8
384.0,3.0,13.9,Sổ đỏ,Trống / Nhà thô,10.86637925589244,106.8167315555206,Chưa xác định,Quận 9,Phường Long Thạnh Mỹ,,1,Unknown,,,,,14.0,25.0
46.0,3.0,4.0,Sổ hồng,Đầy đủ,10.8060294591191,106.711498560694,Chưa xác định,Quận Bình Thạnh,Phường 25,1691.1,0,Đường Xô Viết Nghệ Tĩnh,71.9029034356336,0.6995446750635681,0.0,27.39518656495772,6.0,6.3
80.0,4.0,8.0,Sổ hồng,Đầy đủ,10.8500649556783,106.695369109591,Chưa xác định,Quận 12,Phường An Phú Đông,13438.3,0,Đường Thạnh Lộc 37,8.11769345824993,0.0,0.0,91.88193447087801,11.0,8.4
150.0,1.0,6.0,Sổ hồng,Trống / Nhà thô,10.799704805406,106.629318158696,Mặt tiền,Quận Tân Phú,Phường Tân Sơn Nhì,162.7,0,Đường Nguyễn Cửu Đàm,0.0,0.0,0.0,99.98770743700062,4.0,13.5
450.0,3.0,26.6,Sổ hồng,Trống / Nhà thô,10.7873352088319,106.698496601014,Mặt tiền,Quận 1,Phường Đa Kao,2661.7,1,Đường Nguyễn Đình Chiểu,73.26558214674832,0.0,26.73592065221475,0.0,12.0,350.0
71.0,6.0,8.0,Sổ hồng,Trống / Nhà thô,10.8120199202412,106.692597400837,Chưa xác định,Quận Bình Thạnh,Phường 11,719.1,0,Đường Nguyễn Văn Đậu,95.83089973578083,0.0,0.0,4.167709637046308,12.0,15.5
120.0,2.0,3.0,Sổ hồng,Trống / Nhà thô,10.7644393007617,106.63233586104,Mặt tiền,Quận Tân Phú,Phường Tân Thới Hòa,3388.5,0,Đường Lũy Bán Bích,99.36077910579904,0.0,0.640696473365796,0.0,6.0,8.5
54.0,4.0,8.0,Sổ hồng,Trống / Nhà thô,10.8458330584254,106.718296585069,Hẻm ô tô,Thành phố Thủ Đức,Phường Hiệp Bình Phước,,1,Đường Quốc Lộ 13,,,,,9.0,7.0
95.0,7.0,11.3,không có,Trống / Nhà thô,10.7789652608863,106.688440112525,Mặt tiền,Quận 3,Phường Võ Thị Sáu,1881.9,1,Đường Ngô Thời Nhiệm,92.9193899782135,0.0,7.0790158881980965,0.0,9.0,60.0
63.0,3.0,6.0,Sổ hồng,Trống / Nhà thô,10.8299248954894,106.637865779185,Hẻm ô tô,Quận Gò Vấp,Phường 12,2414.8,1,Đường Huỳnh Văn Nghệ,18.683534868312073,0.0,0.0,81.31770747059798,8.0,7.5
50.0,3.0,6.0,Sổ hồng,Trống / Nhà thô,21.0289486097874,105.852447225903,Hẻm ô tô,Quận 9,Phường Long Trường,,0,Đường Lã Xuân Oai,,,,,7.0,5.79
69.0,4.0,10.506666666666668,Sổ hồng,Đầy đủ,10.7937141386345,106.674395430148,Mặt tiền,Quận Phú Nhuận,Phường 11,104.5,1,Đường Trần Hữu Trang,0.0,0.0,0.0,99.97129186602871,9.0,16.9
77.0,2.0,5.5,không có,Trống / Nhà thô,10.8080124990296,106.704146980204,Mặt tiền,Quận Bình Thạnh,Phường 24,1894.2,1,Đường Bùi Đình Túy,5.819343258367649,94.18224052370392,0.0,0.0,5.0,5.2
77.0,6.0,8.0,Sổ hồng,Trống / Nhà thô,10.7605004671397,106.688901480122,Hẻm ô tô,Quận 1,Phường Nguyễn Cư Trinh,1978.5,0,Đường Trần Hưng Đạo,99.9979782663634,0.0,0.0,0.0,17.0,31.0
120.0,5.0,11.1,Sổ hồng,Trống / Nhà thô,10.8850069724949,106.681090444586,Mặt tiền,Quận 12,Phường Thạnh Xuân,850.1,1,Đường Thạnh Xuân 38,34.86883896012234,0.0,0.0,65.12880837548524,34.0,7.99
56.0,3.0,8.25,Sổ hồng,Trống / Nhà thô,10.7863067863389,106.690213037456,Mặt tiền,Quận 3,Phường Võ Thị Sáu,273.5,1,Đường Võ Thị Sáu,24.950639853747713,75.06398537477148,0.0,0.0,9.0,12.9
170.0,3.0,18.5,Sổ hồng,Trống / Nhà thô,10.8439298128714,106.762040365917,Chưa xác định,Thành phố Thủ Đức,Phường Bình Thọ,,1,Đường Đặng Văn Bi,,,,,8.0,13.5
88.0,4.0,12.0,Sổ hồng,Cơ bản,10.6929742185444,106.741280206813,Mặt tiền,Huyện Nhà Bè,Thị trấn Nhà Bè,3078.9,0,Đường Huỳnh Tấn Phát,90.07047971678196,0.0,0.0,9.929195491896458,9.0,8.8
413.0,2.0,8.0,Sổ hồng,Đầy đủ,10.8502320670868,106.695116587079,Chưa xác định,Quận 12,Phường An Phú Đông,13438.3,0,Unknown,8.11769345824993,0.0,0.0,91.88193447087801,7.0,18.0
220.0,8.0,15.180000000000001,Sổ hồng,Trống / Nhà thô,10.7663586863075,106.683353614556,Mặt tiền,Quận Bình Thạnh,Phường 19,7166.5,1,Đường Phạm Viết Chánh,9.723993581246075,90.27600641875392,0.0,0.0,8.0,52.0
100.0,3.0,7.866666666666667,Sổ hồng,Cơ bản,10.7681591662749,106.642964208481,Chưa xác định,Quận 11,Phường 1,13156.0,1,Đường Lạc Long Quân,0.0,99.56939799331104,0.0,0.4309060504712679,7.0,9.8
76.0,4.0,5.0,Sổ hồng,Đầy đủ,10.797826963186,106.69879328841,Hẻm ô tô,Quận Bình Thạnh,Phường 12,52.6,0,Đường Bùi Hữu Nghĩa,22.224334600760454,0.0,0.0,77.85171102661597,26.0,12.9
336.0,1.0,9.0,không có,Trống / Nhà thô,10.8428770876404,106.819929177678,Mặt tiền,Quận 9,Phường Long Thạnh Mỹ,,1,Đường Nguyễn Văn Tăng,,,,,39.0,28.0
36.0,5.0,4.9,Sổ hồng,Cơ bản,10.8343802118904,106.639665521507,Chưa xác định,Quận Gò Vấp,Phường 12,122.1,1,Đường Phạm Văn Bạch,21.17936117936118,0.0,0.0,78.84520884520884,7.0,7.68
50.0,2.0,14.0,Sổ đỏ,Trống / Nhà thô,10.836127859402,106.726708410304,Hẻm ô tô,Thành phố Thủ Đức,Phường Hiệp Bình Chánh,,1,Đường 48,,,,,5.0,6.8
48.0,4.0,3.0,Sổ hồng,Cơ bản,10.8057320785875,106.682342159146,Mặt tiền,Quận Phú Nhuận,Phường 5,996.1,0,Đường Thích Quảng Đức,8.027306495331793,91.96867784359,0.0,0.0,10.0,8.4
50.0,5.0,4.0,Sổ hồng,Trống / Nhà thô,10.7859374127071,106.759819742292,Chưa xác định,Quận 2,Phường Bình Trưng Tây,,0,Đường Số 5,,,,,10.0,8.0
48.0,3.0,7.333333333333333,Sổ hồng,Trống / Nhà thô,10.8122374839329,106.70063551595,Mặt tiền,Quận Bình Thạnh,Phường 12,450.4,1,Unknown,67.68206039076377,0.0,0.0,32.32460035523979,8.0,6.9
67.0,3.0,6.0,Sổ hồng,Trống / Nhà thô,10.7998004669755,106.640942271852,Chưa xác định,Quận Tân Bình,Phường 13,584.6,0,Đường Trường Chinh,14.868286007526512,0.0,0.0,85.12316113581936,7.0,9.5
81.0,3.0,5.0,Sổ hồng,Trống / Nhà thô,10.8303109367429,106.63812962909,Chưa xác định,Quận Tân Bình,Phường 13,414.9,0,Đường Huỳnh Văn Nghệ,9.67703060978549,0.0,0.0,90.33261026753435,6.0,7.2
78.0,2.0,8.0,Sổ hồng,Cơ bản,10.8652226194058,106.743526486243,Mặt tiền,Thành phố Thủ Đức,Phường Tam Phú,,0,Đường Số 7,,,,,6.0,7.5
64.0,5.0,4.0,Sổ hồng,Đầy đủ,10.8103411775911,106.713541094383,Chưa xác định,Quận Bình Thạnh,Phường 26,65.5,0,Đường Xô Viết Nghệ Tĩnh,0.0,0.0,0.0,100.0,9.0,8.4
57.0,2.0,3.0,Sổ hồng,Trống / Nhà thô,10.8484800036412,106.667197707135,Hẻm ô tô,Quận Gò Vấp,Phường 16,939.5,0,Đường Lê Đức Thọ,90.34060670569451,0.0,0.0,9.659393294305483,4.0,5.2
80.0,1.0,8.333333333333332,Sổ hồng,Đầy đủ,10.7515552090733,106.595075023556,Chưa xác định,Quận Bình Tân,Phường Tân Tạo,91301.6,1,Đường Số 53C,0.0,0.10008586925092222,0.0,0.3107174463536236,4.0,7.5
112.0,6.0,14.7,Sổ hồng,Đầy đủ,10.798119242988,106.650700896453,Mặt tiền,Quận Tân Bình,Phường 12,3952.9,1,Đường B6,99.35945761339775,0.0,0.0,0.6407953654279136,40.0,28.0
36.0,2.0,3.0,Sổ hồng,Đầy đủ,10.8314349800806,106.670914904065,Chưa xác định,Quận Gò Vấp,Phường 10,70991.2,0,Đường Quang Trung,5.3839208239894525,94.48747168663158,0.0,0.12863566188485334,4.0,4.55
127.0,8.0,20.0,Sổ hồng,Trống / Nhà thô,10.7694638050008,106.688170200119,Mặt tiền,Quận 1,Phường Phạm Ngũ Lão,5736.4,0,Đường Bùi Thị Xuân,13.82452409176487,86.04473188759502,0.13126699672268322,0.0,9.0,78.0
95.0,5.0,20.0,Sổ hồng,Trống / Nhà thô,10.8021957915132,106.777102757867,Chưa xác định,Quận 2,Phường An Phú,,0,Đường Đỗ Xuân Hợp,,,,,12.0,62.0
65.0,4.0,5.0,Sổ hồng,Trống / Nhà thô,10.84142,106.8401,Mặt tiền,Quận 9,Phường Long Thạnh Mỹ,,0,Unknown,,,,,8.0,10.9
80.0,4.0,7.0,Sổ đỏ,Trống / Nhà thô,10.7940136263827,106.680855399273,Hẻm ô tô,Quận Phú Nhuận,Phường 17,687.3,0,Đường Huỳnh Văn Bánh,92.73243125272808,0.0,0.0,7.261748872399243,10.0,13.9
90.0,4.0,11.166666666666668,Sổ hồng,Trống / Nhà thô,10.8471658753807,106.723593144957,Chưa xác định,Thành phố Thủ Đức,Phường Hiệp Bình Phước,,1,Unknown,,,,,9.0,14.7
50.0,3.0,6.0,Sổ hồng,Cơ bản,10.7295315504341,106.632374720169,Mặt tiền,Quận 8,Phường 16,1865.3,0,Đường Phú Định,99.58612555621079,0.0,0.0,0.4122661234117837,7.0,6.8
68.0,6.0,15.1,Sổ hồng,Cơ bản,10.7861964989909,106.627528852788,Chưa xác định,Quận Tân Phú,Phường Phú Thọ Hòa,1446.5,1,Unknown,14.246802627030764,0.0,0.0,85.75388869685449,13.0,7.6
47.0,2.0,5.0,Sổ hồng,Đầy đủ,10.8653405594588,106.686347558233,Mặt tiền,Quận 12,Phường Thạnh Lộc,9988.0,0,Đường Thạnh Lộc 15,66.42000400480576,28.586804164997996,0.0,4.99299158990789,4.0,4.58
57.0,5.0,6.0,Sổ hồng,Cơ bản,10.7784156796271,106.669611838136,Chưa xác định,Quận 10,Phường 13,86515.0,0,Đường Tô Hiến Thành,23.496838698491587,76.49160261226376,0.0,0.0,13.0,12.2
50.0,5.0,12.0,Sổ hồng,Đầy đủ,10.8635089159093,106.682607494295,Chưa xác định,Quận 12,Phường An Phú Đông,2999.7,0,Đường Thạnh Lộc 16,8.88088808880888,0.0,0.0,91.12011201120113,9.0,7.5
40.0,2.0,11.200000000000001,Sổ hồng,Trống / Nhà thô,10.7991361221143,106.693771884202,Mặt tiền,Quận Bình Thạnh,Phường 1,1716.2,1,Phố Vạn Kiếp,22.014333993707027,0.0,60.26104183661578,17.72345880433516,5.0,6.25
233.0,3.0,15.2,Sổ hồng,Đầy đủ,10.8411931013944,106.725483788325,Mặt tiền,Thành phố Thủ Đức,Phường Hiệp Bình Chánh,,1,Unknown,,,,,6.0,38.0
138.0,6.0,16.0,Sổ hồng,Trống / Nhà thô,10.7777820394828,106.628999160472,Chưa xác định,Quận Tân Phú,Phường Phú Thạnh,635.3,0,Đường Thoại Ngọc Hầu,96.90225090508422,0.0,0.0,3.1024712734141353,12.0,14.9
46.0,2.0,6.0,Sổ hồng,Cơ bản,10.793232971603,106.718264806752,Hẻm xe máy,Quận Bình Thạnh,Phường 22,2195.4,0,Đường Nguyễn Hữu Cảnh,86.23940967477452,0.0,13.76104582308463,0.0,4.0,6.77
120.0,3.0,25.0,Sổ hồng,Trống / Nhà thô,21.0289486097874,105.852447225903,Chưa xác định,Quận 2,Phường Cát Lái,,1,Đường Nguyễn Thị Định,,,,,12.0,16.5
267.0,7.0,22.7,Sổ hồng,Trống / Nhà thô,10.7952570003588,106.659115014912,Mặt tiền,Quận Tân Bình,Phường 4,1906.4,1,Đường Hoàng Việt,99.50639949643306,0.0,0.0,0.4946496013428451,8.0,40.0
290.0,4.0,6.0,Sổ hồng,Trống / Nhà thô,10.8196669762984,106.702403996054,Hẻm ô tô,Quận Bình Thạnh,Phường 13,3333.4,0,Đường Nơ Trang Long,1.615767684646307,8.54892902141957,0.0,89.83470330593389,30.0,22.5
42.0,4.0,10.05,Sổ hồng,Trống / Nhà thô,10.7762633611413,106.700961854415,Mặt tiền,Quận 1,Phường Bến Nghé,10444.7,1,Đường Lê Thánh Tôn,72.0473541604833,25.84200599347037,2.1103526190316617,0.0,9.0,15.5
240.0,3.0,18.6,Sổ hồng,Trống / Nhà thô,10.7808542451577,106.688456167257,Mặt tiền,Quận 3,Phường Võ Thị Sáu,1354.3,1,Đường Trần Quốc Thảo,24.68655393930444,74.79878904230969,0.5146570183858821,0.0,12.0,135.0
42.0,3.0,3.0,Sổ hồng,Đầy đủ,10.7262490296748,106.733367738107,Chưa xác định,Quận 7,Phường Phú Thuận,134.9,0,Đường Huỳnh Tấn Phát,0.0,0.0,0.0,99.9925871015567,7.0,6.8
73.0,4.0,4.0,Sổ hồng,Cơ bản,10.7775601829241,106.768776979297,Hẻm ô tô,Quận 2,Phường Cát Lái,,0,Unknown,,,,,9.0,8.4
32.0,2.0,5.0,Sổ hồng,Trống / Nhà thô,10.8415122148417,106.676585491997,Mặt tiền,Quận Gò Vấp,Phường 17,181.8,0,Đường Thống Nhất,62.541254125412536,0.0,0.0,37.46424642464246,4.0,3.99
85.0,3.0,8.0,Sổ hồng,Đầy đủ,10.6847240178985,106.749750779143,Chưa xác định,Huyện Nhà Bè,Xã Phú Xuân,,0,Đường Đào Tông Nguyên,,,,,9.0,9.8
68.0,5.0,8.0,Sổ hồng,Đầy đủ,10.8380328315006,106.637010546331,Hẻm ô tô,Quận Gò Vấp,Phường 14,923.8,0,Đường Phan Huy Ích,18.093743234466338,0.0,0.0,81.90084433860143,10.0,8.8
1.08,3.0,8.0,Sổ hồng,Đầy đủ,10.8370562624599,106.627505117519,Mặt tiền,Quận 12,Phường Đông Hưng Thuận,144.8,0,Đường Đông Hưng Thuận 2,23.0732044198895,0.0,0.0,76.90607734806629,11.0,66.0
246.0,4.0,14.4,Sổ hồng,Đầy đủ,10.8183793371253,106.599967046512,Chưa xác định,Quận Bình Tân,Phường Bình Hưng Hòa B,2523.1,1,Đường Hồ Văn Long,29.318298917997705,68.47964805199952,0.0,2.2020530300027747,51.0,15.0
69.0,4.0,8.616666666666667,Sổ hồng,Đầy đủ,10.7937516922653,106.674695021778,Mặt tiền,Quận Phú Nhuận,Phường 11,1499.4,1,Đường Trần Hữu Trang,66.51593970921701,0.0,0.0,33.480725623582764,9.0,16.9
527.0,2.0,9.3,Sổ hồng,Trống / Nhà thô,10.7861780598379,106.690640192475,Mặt tiền,Quận 3,Phường Võ Thị Sáu,318.3,1,Đường Võ Thị Sáu,27.404963870562366,0.0,72.59817781966699,0.0,12.0,250.0
47.0,4.0,3.0,Sổ hồng,Đầy đủ,10.7613534116596,106.660572206944,Mặt tiền,Quận Tân Bình,Phường 9,2476.6,0,Phố Lý Thường Kiệt,76.57029798917873,23.430913348946135,0.0,0.0,6.0,8.5
368.0,14.0,31.0,Sổ hồng,Trống / Nhà thô,10.7877474477686,106.686202606777,Mặt tiền,Quận 3,Phường Võ Thị Sáu,6272.2,1,Đường Nam Kỳ Khởi Nghĩa,82.48254201077772,0.0,3.688976754567775,13.828800102037563,14.0,650.0
85.0,4.0,12.0,Sổ hồng,Trống / Nhà thô,10.8307593578346,106.705584182866,Chưa xác định,Quận Bình Thạnh,Phường 13,3479.0,0,Đường Bình Lợi,76.25553319919517,11.829836159816038,0.0,11.914918079908018,8.0,13.8
55.0,4.0,8.0,Sổ hồng,Đầy đủ,10.8654417211459,106.614464290022,Hẻm ô tô,Quận 12,Phường Hiệp Thành,,0,Đường Nguyễn Ảnh Thủ,,,,,9.0,6.28
33.0,3.0,3.0,Sổ hồng,Trống / Nhà thô,10.8025671941664,106.681448507541,Chưa xác định,Quận Phú Nhuận,Phường 3,49.1,0,Phố Phan Đăng Lưu,0.0,0.1629327902240326,0.0,99.79633401221996,7.0,7.3
103.0,5.0,18.7,Sổ hồng,Đầy đủ,10.7694814142391,106.675812036856,Mặt tiền,Quận 3,Phường 1,1163.5,1,Đường Điện Biên Phủ,63.05199828104856,0.0,0.0,36.95143962183069,40.0,31.9
60.0,3.0,5.0,Sổ hồng,Trống / Nhà thô,10.7595560136936,106.7377135211,Hẻm ô tô,Quận 7,Phường Tân Thuận Đông,,0,Đường Bùi Văn Ba,,,,,8.0,7.99
50.0,3.0,6.0,Sổ hồng,Đầy đủ,10.711868863829377,106.62383361767256,Mặt tiền,Quận 8,Phường 16,4443.9,0,Đường Bến Phú Định,37.61560791196922,16.96235288822881,0.46333175814037225,44.958032358963976,8.0,6.59
48.0,4.0,8.666666666666668,Sổ hồng,Trống / Nhà thô,10.8053018496485,106.699390917223,Chưa xác định,Quận Bình Thạnh,Phường 11,60.7,1,Phố Nguyễn Thiện Thuật,25.15650741350906,0.0,0.0,74.84349258649094,9.0,6.85
25.0,4.0,4.5,Sổ hồng,Đầy đủ,10.7813838330666,106.67660267162,Mặt tiền,Quận 3,Phường 10,69.9,1,Đường Rạch Bùng Binh,0.0,0.0,0.0,100.0,8.0,16.5
156.0,1.0,8.0,Sổ hồng,Trống / Nhà thô,10.6751162397564,106.698221147585,Chưa xác định,Huyện Nhà Bè,Xã Nhơn Đức,233.4,1,Đường Lê Thị Tám,57.93059125964011,0.0,0.0,42.08654670094259,5.0,4.992
72.0,3.0,6.25,Sổ hồng,Trống / Nhà thô,10.7458804052489,106.64508190333,Chưa xác định,Quận 6,Phường 4,870.4,1,Unknown,53.08249080882352,0.0,0.0,46.91750919117647,9.0,6.3
70.0,4.0,10.0,Sổ hồng,Cơ bản,10.7978595795945,106.658393647776,Mặt tiền,Quận Tân Bình,Phường 4,2668.6,0,Đường Hoàng Văn Thụ,97.74675860001499,1.515401334032826,0.0,0.736715880986285,9.0,15.9
174.0,3.0,25.0,Sổ hồng,Đầy đủ,10.792962137521,106.670061963246,Mặt tiền,Quận Phú Nhuận,Phường 10,1371.1,0,Đường Lê Văn Sỹ,93.05812850995552,0.8788563926774123,0.0,6.06374443877179,9.0,61.0
48.0,5.0,6.2,Sổ hồng,Trống / Nhà thô,10.7715557675023,106.677937594326,Mặt tiền,Quận 3,Phường 3,152.9,1,Đường Điện Biên Phủ,27.959450621321125,72.02746893394375,0.0,0.0,12.0,11.5
59.0,5.0,4.0,Sổ hồng,Trống / Nhà thô,10.8279309040479,106.69032169506,Mặt tiền,Quận Gò Vấp,Phường 5,2291.8,0,Đường Dương Quảng Hàm,27.63199232044681,69.71899816737934,0.0,2.6485731739244263,7.0,7.2
565.0,8.0,15.0,không có,Trống / Nhà thô,10.8119341410873,106.692356758276,Chưa xác định,Quận Bình Thạnh,Phường 11,117.8,0,Đường Nguyễn Văn Đậu,15.441426146010187,0.0,0.0,84.56706281833617,9.0,230.0
128.0,6.0,13.533333333333335,Sổ hồng,Trống / Nhà thô,10.8546427968892,106.767908181119,Chưa xác định,Thành phố Thủ Đức,Phường Linh Trung,,1,Đường Hoàng Diệu 2,,,,,12.0,25.0
291.0,3.0,26.0,không có,Trống / Nhà thô,21.02894860978742,105.85244722590336,Chưa xác định,Huyện Cần Giờ,Xã Long Hòa,,0,Unknown,,,,,9.0,41.43
144.0,5.0,13.0,Sổ hồng,Trống / Nhà thô,10.8359547395213,106.843016346979,Chưa xác định,Quận 9,Phường Long Bình,,1,Đường Nguyễn Xiển,,,,,16.0,23.9
61.0,4.0,8.0,Sổ hồng,Đầy đủ,10.8457144942265,106.664338873421,Mặt tiền,Quận Gò Vấp,Phường 16,90.5,0,Đường Số 1,0.0,0.0,0.0,99.97790055248619,9.0,8.9
130.0,2.0,6.0,Sổ hồng,Trống / Nhà thô,10.8465360145766,106.76464766511,Hẻm ô tô,Thành phố Thủ Đức,Phường Bình Thọ,,0,Đường Số 2,,,,,15.0,8.0
42.0,3.0,3.0,Sổ hồng,Trống / Nhà thô,10.7650379375747,106.696606029561,Mặt tiền,Quận 1,Phường Cầu Ông Lãnh,520.6,0,Đường Calmette,1.824817518248175,0.0,0.0,98.16749903956973,7.0,9.9
73.0,2.0,3.0,Sổ hồng,Trống / Nhà thô,10.7916947674467,106.624419937282,Chưa xác định,Quận Tân Phú,Phường Tân Quý,87.2,1,Đường Số 18,25.5045871559633,0.0,0.0,74.54128440366972,8.0,6.39
87.0,5.0,6.0,Sổ hồng,Đầy đủ,10.8097290777659,106.685145264238,Chưa xác định,Quận Phú Nhuận,Phường 5,173.1,0,Đường Hoàng Hoa Thám,14.506065857885616,0.0,0.0,85.4939341421144,12.0,16.5
117.0,3.0,10.4,Sổ hồng,Đầy đủ,10.7826931889203,106.769375428869,Mặt tiền,Quận 2,Phường Bình Trưng Tây,,1,Đường Lê Văn Thịnh,,,,,9.0,24.0
168.0,3.0,10.0,Sổ hồng,Đầy đủ,10.8157180725612,106.707694352245,Hẻm ô tô,Quận Bình Thạnh,Phường 26,21052.2,0,Phố Nguyễn Xí,12.87281139263355,0.0,87.12699860347138,0.0,12.0,25.0
431.0,4.0,30.0,Sổ hồng,Cơ bản,10.7673566759074,106.695069685492,Mặt tiền,Quận 1,Phường Phạm Ngũ Lão,94.6,0,Đường Trần Hưng Đạo,1.13107822410148,0.0,0.0,98.87949260042285,14.0,285.0
110.0,3.0,8.0,Sổ hồng,Đầy đủ,10.7047146909984,106.734885859117,Chưa xác định,Quận 7,Phường Phú Mỹ,5429.7,1,Đường Phạm Hữu Lầu,15.374145901246846,19.687459712322966,0.0,64.93821021419231,9.0,8.9
97.0,3.0,8.0,Sổ hồng,Đầy đủ,10.7980112377975,106.59189494797,Hẻm ô tô,Quận Bình Tân,Phường Bình Hưng Hòa B,239.2,0,Đường Liên khu 4-5,0.0,100.0,0.0,0.0,8.0,6.5
144.0,4.0,7.8,Sổ hồng,Trống / Nhà thô,10.7975213893309,106.689000526239,Mặt tiền,Quận Phú Nhuận,Phường 2,,1,Đường Hoa Lan,,,,,16.0,53.0
42.0,6.0,4.0,Sổ hồng,Trống / Nhà thô,10.8518965472974,106.658665418747,Mặt tiền,Quận Gò Vấp,Phường 16,2679.5,0,Đường Phạm Văn Chiêu,83.80070908751634,7.514088449337562,0.0,8.683709647322262,9.0,9.95
47.0,4.0,5.0,Sổ hồng,Trống / Nhà thô,10.8195262479001,106.702922695663,Hẻm ô tô,Quận Bình Thạnh,Phường 13,1911.6,0,Đường Nơ Trang Long,95.7951454279138,0.0,0.0,4.203285206110065,9.0,7.48
53.0,4.0,6.1,Sổ hồng,Đầy đủ,10.7919604384016,106.691277666268,Mặt tiền,Quận 1,Phường Tân Định,1075.4,1,Đường Trần Quang Khải,77.80546773293658,0.0,0.0,22.194532267063416,12.0,23.0
50.0,3.0,5.0,không có,Trống / Nhà thô,10.7652745148082,106.675559229172,Mặt tiền,Quận 10,Phường 1,47.0,1,Đường Lê Hồng Phong,0.0,0.0,0.0,100.0,8.0,9.05
90.0,7.0,30.0,Sổ hồng,Cơ bản,10.7995699979821,106.641264832063,Mặt tiền,Quận Tân Bình,Phường 14,586.6,0,Đường Trường Chinh,99.41016024548244,0.0,0.0,0.5966587112171837,6.0,23.0
97.0,5.0,12.0,Sổ hồng,Trống / Nhà thô,10.7939178869281,106.669192991347,Mặt tiền,Quận Phú Nhuận,Phường 10,5001.8,0,Đường Đặng Văn Ngữ,16.271342316765963,83.72845775520813,0.0,0.0,9.0,29.4
71.0,4.0,5.0,Sổ hồng,Đầy đủ,10.7825713587137,106.608962250087,Mặt tiền,Quận Bình Tân,Phường Bình Hưng Hòa A,452.0,1,Đường Bình Long,27.488938053097346,56.82079646017699,15.393805309734512,0.3030973451327434,15.0,9.9
75.0,3.0,10.0,Sổ hồng,Trống / Nhà thô,10.8591762384213,106.722245323336,Chưa xác định,Thành phố Thủ Đức,Phường Hiệp Bình Phước,,1,Unknown,,,,,6.0,6.9
135.0,6.0,25.0,Sổ hồng,Đầy đủ,10.8536377104763,106.751578543674,Mặt tiền,Thành phố Thủ Đức,Phường Linh Tây,,0,Đường Tô Ngọc Vân,,,,,12.0,25.0
81.0,5.0,11.0,Sổ hồng,Trống / Nhà thô,10.74082720928621,106.69872898802925,Chưa xác định,Quận 7,Phường Tân Hưng,498563.61,1,Unknown,95.4990898754123,0.0,0.11544564995427567,4.385462468871324,12.0,21.8
62.0,4.0,8.0,Sổ đỏ,Trống / Nhà thô,10.8674507589688,106.626177803679,Mặt tiền,Quận 12,Phường Tân Chánh Hiệp,,0,Đường Trần Thị Năm,,,,,7.0,6.8
34.0,3.0,9.0,Sổ hồng,Trống / Nhà thô,10.7613058080495,106.692449184383,Mặt tiền,Quận 1,Phường Cô Giang,50.8,1,Đường Hồ Hảo Hớn,69.05511811023622,0.0,0.0,31.0236220472441,6.0,18.2
130.0,2.0,7.5,Sổ hồng,Cơ bản,10.7979476884217,106.704641396004,Mặt tiền,Quận Bình Thạnh,Phường 15,11203.2,1,Đường Điện Biên Phủ,85.561000428449,12.784740074264494,1.6542594972864897,0.0,11.0,15.5
108.0,4.0,20.0,Sổ đỏ,Trống / Nhà thô,10.7605945170481,106.683885150884,Mặt tiền,Quận 1,Phường Nguyễn Cư Trinh,38066.8,1,Đường Nguyễn Văn Cừ,0.0,100.0,0.0,0.0,8.0,40.0
38.0,6.0,6.5,không có,Cơ bản,10.7687522540693,106.697552005226,Chưa xác định,Quận 1,Phường Bến Thành,108.0,1,Đường Lê Thị Hồng Gấm,0.12037037037037038,0.0,99.91666666666667,0.0,9.0,32.0
92.0,2.0,3.0,Sổ hồng,Trống / Nhà thô,10.8435512973653,106.634629907443,Hẻm ô tô,Quận 12,Phường Đông Hưng Thuận,112.4,1,Đường Đông Hưng Thuận 3,78.00711743772241,22.0373665480427,0.0,0.0,5.0,6.39
72.0,4.0,25.0,Sổ hồng,Đầy đủ,10.74527,106.6266,Mặt tiền,Quận 6,Phường 11,10357.3,0,Đường Hậu Giang,8.918250895503656,91.0813629034594,0.0,0.0,9.0,15.0
93.0,4.0,25.0,Sổ hồng,Trống / Nhà thô,10.7495736089199,106.635053311166,Mặt tiền,Quận 6,Phường 12,455.5,0,Đường Nguyễn Văn Luông,1.251372118551043,0.0,0.0,98.75740944017562,12.0,23.0
102.0,4.0,14.0,Sổ hồng,Đầy đủ,10.7447136303099,106.616748368487,Chưa xác định,Quận Bình Tân,Phường An Lạc A,,0,Đường Số 5B,,,,,9.0,13.0
40.0,3.0,5.1,Sổ hồng,Trống / Nhà thô,10.7447117638903,106.695698587196,Chưa xác định,Quận 7,Phường Tân Hưng,498563.61,1,Đường Hoàng Trọng Mậu,95.4990898754123,0.0,0.11544564995427567,4.385462468871324,6.0,4.3
90.0,4.0,13.136363636363637,Sổ hồng,Đầy đủ,10.7887880869281,106.661717661135,Hẻm ô tô,Quận Tân Bình,Phường 12,44.5,1,Đường K300,17.775280898876407,0.0,0.0,82.17977528089888,10.0,14.6
18.0,3.0,3.0,Sổ hồng,Đầy đủ,10.7848644526527,106.668298466797,Hẻm ô tô,Quận 3,Phường 11,287.0,1,Đường Cách Mạng Tháng Tám,79.4843205574913,0.0,0.0,20.45993031358885,5.0,4.85
38.0,3.0,3.0,Sổ hồng,Đầy đủ,10.8481820381005,106.648493425023,Chưa xác định,Quận Gò Vấp,Phường 14,1443.7,0,Đường Phạm Văn Chiêu,21.912447184318072,0.0,78.08686015100089,0.0,6.0,4.85
60.0,4.0,7.545454545454545,không có,Trống / Nhà thô,10.879043,106.55251,Chưa xác định,Huyện Hóc Môn,Xã Xuân Thới Sơn,34049.8,1,Unknown,0.0,10.637712996845796,89.36234574065045,0.0,8.0,5.0
77.0,3.0,10.0,Sổ hồng,Đầy đủ,10.7978147283783,106.705073092971,Hẻm ô tô,Quận Bình Thạnh,Phường 17,3425.9,0,Đường Điện Biên Phủ,64.69774365860066,33.41837181470563,0.0,1.883300738492075,8.0,14.0
90.0,5.0,5.8,Sổ hồng,Trống / Nhà thô,10.7663152283308,106.683054625684,Chưa xác định,Quận 1,Phường Nguyễn Cư Trinh,1877.5,1,Đường Phạm Viết Chánh,96.83302263648469,0.0,0.0,3.1675099866844207,18.0,29.5
47.0,2.0,6.0,Sổ hồng,Cơ bản,10.7936607213378,106.590596030205,Chưa xác định,Quận Bình Tân,Phường Bình Hưng Hòa B,1272.5,0,Đường Số 6,90.62946954813359,0.0,0.0,9.370530451866404,5.0,4.8
352.0,3.0,13.4,không có,Trống / Nhà thô,10.7767154770732,106.687584185948,Chưa xác định,Quận 3,Phường Võ Thị Sáu,170.5,1,Đường Hồ Xuân Hương,0.0,0.0,100.0,0.0,30.0,142.0
54.0,4.0,8.0,Sổ hồng,Đầy đủ,10.788640696044425,106.66134861158724,Chưa xác định,Quận Tân Bình,Phường 6,1464.6,1,Đường Cách Mạng Tháng Tám,98.6788201556739,0.0,0.0,1.3232281851700123,9.0,7.49
105.0,4.0,10.0,Sổ hồng,Đầy đủ,10.762726373187,106.686672177653,Mặt tiền,Quận 1,Phường Nguyễn Cư Trinh,2619.3,0,Đường Nguyễn Trãi,99.6766311609972,0.3214599320429122,0.0,0.0,11.0,43.0
50.0,2.0,4.6000000000000005,Sổ hồng,Cơ bản,10.8640190925732,106.665811832998,Chưa xác định,Quận 12,Phường Thạnh Xuân,551.4,1,Đường Thạnh Xuân 13,9.740660137830977,0.0,0.0,90.26478055857817,4.0,3.5
39.0,2.0,3.0,Sổ hồng,Trống / Nhà thô,10.7243123759992,106.726420869635,Chưa xác định,Quận 7,Phường Tân Phú,78137.5,1,Đường Huỳnh Tấn Phát,14.041606143017118,82.0049528075508,3.208651415773476,0.0,4.0,5.5
38.0,5.0,6.6,Sổ hồng,Trống / Nhà thô,10.791776165079,106.671374149198,Chưa xác định,Quận Phú Nhuận,Phường 13,1796.2,1,Đường Huỳnh Văn Bánh,64.97661730319564,0.0,0.0,35.02449615855696,9.0,8.95
55.0,2.0,5.0,Sổ hồng,Trống / Nhà thô,10.8589828678967,106.760269032683,Hẻm ô tô,Thành phố Thủ Đức,Phường Linh Trung,,0,Đường 16,,,,,5.0,6.3
52.0,5.0,6.0,Sổ hồng,Trống / Nhà thô,10.8867596713204,106.723898225653,Mặt tiền,Thành phố Thủ Đức,Phường Bình Chiểu,,0,Đường Ngô Chí Quốc,,,,,9.0,4.62
78.0,4.0,6.0,Sổ hồng,Trống / Nhà thô,10.7667802807706,106.60020224549,Hẻm ô tô,Quận Bình Tân,Phường Bình Trị Đông A,1498.2,0,Đường Hương lộ 2,10.206247496996395,0.0,0.0,89.79508743825923,10.0,7.97
77.0,5.0,11.8,Sổ hồng,Trống / Nhà thô,10.7607367703367,106.688528170045,Chưa xác định,Quận 1,Phường Nguyễn Cư Trinh,11818.0,1,Đường Trần Hưng Đạo,0.32763580978168894,99.37205957014724,0.0,0.3002200033846674,12.0,31.0
60.0,2.0,4.0,Sổ hồng,Đầy đủ,10.7938142254012,106.705624416078,Mặt tiền,Quận Bình Thạnh,Phường 17,65.7,1,Đường Phan Văn Hân,23.363774733637747,0.0,0.0,76.57534246575342,7.0,6.55
90.0,4.0,16.0,Sổ hồng,Cơ bản,10.7373933880674,106.70656637554,Mặt tiền,Quận 7,Phường Tân Phong,,0,Đường Số 65,,,,,16.0,18.5
131.0,8.0,19.5,không có,Trống / Nhà thô,10.7937039626998,106.718144652547,Mặt tiền,Quận Bình Thạnh,Phường 22,2955.0,1,Đường Nguyễn Hữu Cảnh,88.64805414551607,0.0,0.0,11.352961082910323,14.0,58.0
78.0,2.0,4.0,Sổ hồng,Trống / Nhà thô,10.8780129641072,106.678185473128,Mặt tiền,Quận 12,Phường Thạnh Lộc,4128.9,1,Đường Hà Huy Giáp,9.604495143985082,90.39623144178837,0.0,0.0,5.0,4.19
88.0,3.0,8.475,không có,Trống / Nhà thô,10.7744967328399,106.697856167809,Mặt tiền,Quận 1,Phường Bến Thành,2539.8,1,Đường Lý Tự Trọng,97.7895897314749,0.0,2.210016536735176,0.0,10.0,140.0
488.0,5.0,7.0,Sổ hồng,Trống / Nhà thô,10.847986161146,106.648452362941,Mặt tiền,Quận Gò Vấp,Phường 14,1443.7,0,Đường Phạm Văn Chiêu,21.912447184318072,0.0,78.08686015100089,0.0,15.0,36.0
30.0,1.0,6.0,Sổ hồng,Trống / Nhà thô,10.7846284170321,106.627258937321,Mặt tiền,Quận Bình Tân,Phường Bình Trị Đông,3893.9,0,Đường Bình Trị Đông,35.38971211381905,0.0,0.0,64.60926063843448,5.0,4.0
63.0,5.0,12.0,Sổ hồng,Trống / Nhà thô,10.8808979103056,106.679736860096,Mặt tiền,Quận 12,Phường Thạnh Lộc,1889.7,0,Đường Hà Huy Giáp,97.00534476371911,0.0,0.0,2.9962427898608244,9.0,5.75
70.0,2.0,12.0,Sổ hồng,Trống / Nhà thô,10.8076252170679,106.645668950749,Mặt tiền,Quận Tân Bình,Phường 13,918.2,1,Đường Văn Chung,66.23393596166412,0.0,0.0,33.76715312568068,16.0,7.9
62.0,3.0,6.0,Sổ hồng,Đầy đủ,10.7932342900834,106.641324290648,Mặt tiền,Quận Tân Bình,Phường 14,116.0,0,Đường Âu Cơ,0.0,0.0,0.0,99.99137931034483,6.0,9.5
66.0,3.0,3.0,Sổ hồng,Đầy đủ,10.7142241418517,106.736587993099,Mặt tiền,Quận 7,Phường Phú Thuận,670.2,0,Đường Hoàng Quốc Việt,98.03789913458668,0.0,0.0,1.9695613249776183,11.0,8.2
113.0,4.0,12.2,Sổ đỏ,Trống / Nhà thô,10.8072622233077,106.678464026369,Mặt tiền,Quận Phú Nhuận,Phường 4,1292.2,1,Đường Nguyễn Kiệm,96.00061909921065,0.0,0.0,3.9978331527627295,12.0,19.0
21.0,3.0,3.0,Sổ hồng,Đầy đủ,10.7161462065722,106.631660084084,Chưa xác định,Quận 8,Phường 7,349.4,0,Đường Phạm Thế Hiển,13.649112764739554,86.3594733829422,0.0,0.0,4.0,2.2
73.0,2.0,4.0,Sổ hồng,Cơ bản,10.8103225866822,106.713307802268,Chưa xác định,Quận Bình Thạnh,Phường 26,465.0,0,Đường Xô Viết Nghệ Tĩnh,44.26021505376344,0.0,0.0,55.733333333333334,5.0,9.0
133.0,4.0,8.0,Sổ đỏ,Trống / Nhà thô,10.8006226986772,106.645915539698,Chưa xác định,Quận Tân Bình,Phường 13,70.1,0,Đường Đồng Xoài,18.188302425106993,0.0,0.0,81.76890156918688,24.0,24.0
90.0,3.0,12.0,Sổ hồng,Trống / Nhà thô,10.7906071723386,106.689737081995,Hẻm ô tô,Quận 1,Phường Tân Định,136.4,1,Đường Bà Lê Chân,4.941348973607038,0.0,0.0,95.06598240469208,10.0,16.8
116.0,7.0,6.0,Sổ hồng,Trống / Nhà thô,10.791236322188,106.68541909925,Hẻm ô tô,Quận 3,Phường Võ Thị Sáu,77.8,0,Đường Lý Chính Thắng,31.2853470437018,0.0,68.68894601542416,0.0,48.0,26.5
68.0,5.0,7.6,Sổ hồng,Đầy đủ,10.7925240576796,106.712087475313,Chưa xác định,Quận Bình Thạnh,Phường 19,1625.3,1,Đường Ngô Tất Tố,97.41032424783117,1.7147603519350276,0.0,0.8724543161262536,17.0,22.0
106.0,1.0,2.0,Sổ hồng,Cơ bản,15.6638449989259,25.7209152906301,Chưa xác định,Quận 7,Phường Phú Thuận,,0,Đường Huỳnh Tấn Phát,,,,,6.0,7.4
60.0,3.0,6.0,Sổ hồng,Trống / Nhà thô,10.850394337967,106.695215785875,Chưa xác định,Quận 12,Phường An Phú Đông,13438.3,1,Đường An Phú Đông 27,8.11769345824993,0.0,0.0,91.88193447087801,9.0,6.2
155.0,1.0,3.0,Sổ hồng,Đầy đủ,10.6783182586725,106.753730843415,Mặt tiền,Huyện Nhà Bè,Xã Phú Xuân,8606.4,1,Đường Huỳnh Tấn Phát,89.89531046662948,0.0,0.0,0.0,7.0,6.4
60.0,2.0,4.857142857142856,Sổ hồng,Trống / Nhà thô,10.7978554307961,106.711077125551,Chưa xác định,Quận Bình Thạnh,Phường 21,31.2,1,Đường Xô Viết Nghệ Tĩnh,21.474358974358974,0.0,0.0,78.46153846153847,5.0,6.4
67.0,2.0,4.0,Sổ hồng,Trống / Nhà thô,10.8966183705072,106.575945440594,Hẻm ô tô,Huyện Hóc Môn,Xã Tân Thới Nhì,200.8,0,Đường Tân Thới Nhì 25,0.0,0.0,0.0,99.99003984063745,4.0,3.6
200.0,1.0,4.0,Sổ hồng,Trống / Nhà thô,10.8510062385817,106.764786407947,Hẻm ô tô,Thành phố Thủ Đức,Phường Linh Chiểu,,0,Đường Võ Văn Ngân,,,,,8.0,15.0
100.0,4.0,12.0,Sổ hồng,Cơ bản,10.7021173866165,106.621208123793,Mặt tiền,Quận 8,Phường 7,,0,Unknown,,,,,8.0,7.9
41.0,3.0,4.9,Sổ hồng,Đầy đủ,10.8343278606097,106.639739911976,Mặt tiền,Quận Gò Vấp,Phường 12,124.9,1,Đường Bùi Quang Là,21.729383506805444,0.0,0.0,78.27061649319455,7.0,5.97
82.0,4.0,13.0,Sổ hồng,Đầy đủ,10.8674535923002,106.626668380379,Hẻm ô tô,Quận 12,Phường Tân Chánh Hiệp,,1,Đường Trần Thị Năm,,,,,9.0,11.0
200.0,3.0,10.9,Sổ đỏ,Trống / Nhà thô,10.8356338851167,106.842916545436,Chưa xác định,Quận 9,Phường Long Bình,,1,Đường Nguyễn Xiển,,,,,14.0,28.0
95.0,4.0,6.0,Sổ hồng,Đầy đủ,10.6778925179791,106.703276314794,Chưa xác định,Huyện Nhà Bè,Xã Nhơn Đức,373.1,0,Đường Nguyễn Bình,35.11659072634682,0.0,0.0,64.87000804073975,8.0,7.1
289.0,1.0,13.1,Sổ hồng,Trống / Nhà thô,10.7786292741393,106.688422066761,Mặt tiền,Quận 3,Phường Võ Thị Sáu,164.3,1,Đường Ngô Thời Nhiệm,0.0,0.0,100.0,0.0,9.0,137.0
40.0,2.0,3.5,Sổ hồng,Trống / Nhà thô,10.8333354270832,106.721633628672,Chưa xác định,Thành phố Thủ Đức,Phường Hiệp Bình Chánh,,1,Đường Số 46,,,,,2.0,3.1
44.0,5.0,5.5,Sổ hồng,Đầy đủ,10.8349479103499,106.639389245449,Chưa xác định,Quận Gò Vấp,Phường 12,126.4,1,Đường Bùi Quang Là,0.0,0.0,0.0,99.96835443037975,9.0,6.5
51.0,2.0,6.0,Sổ hồng,Đầy đủ,10.775715869452,106.618488735381,Mặt tiền,Quận Bình Tân,Phường Bình Trị Đông,63.9,0,Đường Số 6,13.192488262910798,0.0,0.0,86.76056338028168,5.0,5.35
81.0,5.0,12.0,Sổ hồng,Đầy đủ,10.803373180025,106.684523312356,Chưa xác định,Quận Phú Nhuận,Phường 3,1367.0,0,Đường Thích Quảng Đức,94.11704462326261,0.0,0.0,5.884418434528164,10.0,24.99
65.0,4.0,7.4,Sổ hồng,Đầy đủ,10.8007257108847,106.591401656495,Chưa xác định,Quận Bình Tân,Phường Bình Hưng Hòa B,3599.7,1,Đường Số 2,48.87407283940328,0.0,0.0,43.50501430674779,8.0,6.85
46.0,2.0,4.0,Sổ hồng,Đầy đủ,10.8053344354838,106.680088233439,Mặt tiền,Quận Phú Nhuận,Phường 4,72.8,0,Đường Lê Tự Tài,1.7307692307692308,0.0,0.0,98.21428571428572,4.0,6.9
1.343,4.0,24.6,không có,Trống / Nhà thô,10.8049232002024,106.74048254215,Chưa xác định,Quận 2,Phường Thảo Điền,,1,Đường Trần Ngọc Diện,,,,,8.0,460.0
96.0,5.0,12.0,Sổ hồng,Đầy đủ,10.8256286360689,106.634531076998,Mặt tiền,Quận Tân Bình,Phường 15,860.5,0,Đường Hoàng Bật Đạt,7.874491574665893,0.0,0.0,92.12202208018594,10.0,15.0
240.0,4.0,8.9,Sổ hồng,Đầy đủ,10.82443075916818,106.69232693123944,Mặt tiền,Quận Gò Vấp,Phường 5,149530.3,1,Đường Phan Văn Trị,30.388563388156108,24.932057248597776,2.7129484793383014,41.966437571515605,16.0,68.0
121.0,4.0,8.0,Sổ hồng,Trống / Nhà thô,10.7861041691771,106.76829775146,Mặt tiền,Quận 2,Phường Bình Trưng Tây,,0,Đường Số 14,,,,,10.0,13.5
103.0,4.0,5.0,Sổ hồng,Cơ bản,10.7772637508113,106.767576690763,Chưa xác định,Quận 2,Phường Cát Lái,,0,Unknown,,,,,12.0,13.7
52.0,4.0,5.0,Sổ hồng,Đầy đủ,10.8482341835395,106.647990949798,Hẻm ô tô,Quận Gò Vấp,Phường 14,6457.2,0,Đường Phạm Văn Chiêu,4.486154989778852,0.0,92.17183918726384,3.342005822957319,7.0,6.55
62.0,3.0,10.0,Sổ hồng,Trống / Nhà thô,10.8068257953787,106.64795374765,Mặt tiền,Quận Tân Bình,Phường 12,2879.7,0,Đường Hoàng Hoa Thám,51.60398652637428,0.0,0.0,48.25919366600688,6.0,8.9
80.0,2.0,6.0,Sổ hồng,Trống / Nhà thô,10.7989488762226,106.693709045018,Hẻm ô tô,Quận Bình Thạnh,Phường 3,53.0,0,Phố Vạn Kiếp,42.47169811320755,0.0,0.0,57.54716981132076,9.0,12.5
250.0,4.0,8.0,Sổ hồng,Đầy đủ,10.7309109601856,106.732836484633,Mặt tiền,Quận 7,Phường Phú Thuận,246.2,0,Đường Phú Thuận,99.90251827782292,0.0,0.0,0.11779041429731925,9.0,16.9
43.0,3.0,7.15,Sổ hồng,Đầy đủ,10.8016406110974,106.699010622618,Mặt tiền,Quận Bình Thạnh,Phường 1,1839.3,1,Đường Ngô Nhân Tịnh,74.32447126624258,0.0,4.283694883923232,21.39346490512695,9.0,6.9
105.0,5.0,20.0,Sổ hồng,Đầy đủ,10.7890940162183,106.699112205561,Mặt tiền,Quận 1,Phường Đa Kao,82.0,0,Đường Đinh Tiên Hoàng,25.402439024390244,0.0,74.5609756097561,0.0,9.0,34.5
17.0,1.0,5.0,Sổ hồng,Trống / Nhà thô,10.7652943217314,106.694657511188,Mặt tiền,Quận 1,Phường Cầu Ông Lãnh,101.0,1,Đường Đề Thám,0.0,0.0,0.0,100.0,4.0,3.98
74.0,3.0,4.0,Sổ hồng,Trống / Nhà thô,10.7738216283891,106.697024097908,Hẻm ô tô,Quận 1,Phường Bến Thành,3094.9,0,Đường Thủ Khoa Huân,99.19771236550454,0.0,0.8016414100617144,0.0,19.0,21.0
25.0,1.0,20.0,Sổ hồng,Trống / Nhà thô,10.838634795134327,106.83033175836876,Chưa xác định,Quận 9,Phường Long Thạnh Mỹ,,0,Đường Nguyễn Xiển,,,,,2.0,4.63
343.0,7.0,30.0,Sổ hồng,Đầy đủ,10.8085445523063,106.687994858118,Mặt tiền,Quận Bình Thạnh,Phường 6,89.9,0,Đường Hoàng Hoa Thám,3.670745272525027,0.0,0.0,96.28476084538376,10.0,210.0
62.0,4.0,8.0,Sổ hồng,Trống / Nhà thô,10.7916265667696,106.670033525911,Mặt tiền,Quận Phú Nhuận,Phường 14,1701.6,1,Đường Huỳnh Văn Bánh,59.40291490362012,0.0,0.0,40.5964974141984,9.0,20.4
37.0,2.0,5.0,Sổ hồng,Cơ bản,10.8207935780769,106.635610663884,Mặt tiền,Quận Tân Bình,Phường 15,1194.5,0,Đường Nguyễn Sỹ Sách,18.351611552951024,0.0,0.0,81.64838844704897,5.0,4.85
256.0,4.0,11.1,không có,Trống / Nhà thô,10.8051553459084,106.673053053298,Mặt tiền,Quận Phú Nhuận,Phường 9,579606.9,1,Unknown,13.500874471991276,85.7039676373763,0.0,0.14084200860962837,24.0,60.0
86.0,3.0,30.0,Sổ hồng,Trống / Nhà thô,10.7633076975209,106.69578738029,Mặt tiền,Quận 1,Phường Cô Giang,1039.9,0,Đường Đề Thám,95.94961053947493,0.0,0.0,4.053274353303202,5.0,32.0
80.0,2.0,6.0,Sổ hồng,Cơ bản,10.8016352806291,106.699905507021,Chưa xác định,Quận Bình Thạnh,Phường 2,75.5,0,Đường Vũ Tùng,0.0,0.0,0.0,100.0,5.0,9.5
122.0,2.0,20.0,Sổ hồng,Cơ bản,10.8674305854356,106.628351436794,Mặt tiền,Quận 12,Phường Tân Chánh Hiệp,,0,Đường Huỳnh Thị Hai,,,,,6.0,9.5
74.0,3.0,7.0,Sổ hồng,Đầy đủ,10.7604582043446,106.613591677518,Mặt tiền,Quận Bình Tân,Phường Bình Trị Đông,1063.4,1,Đường Liên Khu 16-18,38.085386496144444,0.0,0.0,61.91273274402859,8.0,9.7
32.0,3.0,4.4,không có,Trống / Nhà thô,10.7947688612236,106.689449608347,Chưa xác định,Quận 1,Phường Tân Định,4954.9,1,Đường Trần Quang Khải,3.6192455952693297,0.0,0.0,96.37974530262974,5.0,6.5
52.0,4.0,7.0,Sổ hồng,Cao cấp,10.8418377295229,106.630567499716,Hẻm ô tô,Quận 12,Phường Đông Hưng Thuận,3251.6,0,Đường Nguyễn Văn Quá,81.33595768237176,6.139439045393037,0.0,12.52306556772051,10.0,8.19
60.0,2.0,12.0,Sổ hồng,Trống / Nhà thô,10.8492380287522,106.658533035515,Mặt tiền,Quận Gò Vấp,Phường 16,162.4,0,Đường Số 4,84.67980295566502,0.0,0.0,15.344827586206897,4.0,7.2
260.0,2.0,12.0,Sổ hồng,Đầy đủ,10.7806151465523,106.686274389729,Mặt tiền,Quận 3,Phường Võ Thị Sáu,4388.1,0,Đường Tú Xương,89.29012556687404,0.0,10.615528360793965,0.0,12.0,76.0
90.0,4.0,11.166666666666668,Sổ hồng,Đầy đủ,10.7543941224767,106.619412020409,Mặt tiền,Quận Bình Tân,Phường Bình Trị Đông B,102.2,1,Đường Số 6,0.0,0.0,0.0,99.96086105675145,9.0,16.8
115.0,4.0,12.0,Sổ hồng,Trống / Nhà thô,10.8332248429313,106.727326138581,Chưa xác định,Thành phố Thủ Đức,Phường Hiệp Bình Chánh,,0,Đường 25,,,,,9.0,17.6
90.0,4.0,20.0,Sổ hồng,Trống / Nhà thô,10.846718320959,106.722816489637,Mặt tiền,Thành phố Thủ Đức,Phường Hiệp Bình Chánh,,0,Đường Hiệp Bình,,,,,10.0,21.0
75.0,4.0,8.0,Sổ hồng,Đầy đủ,10.7984026643529,106.630183815716,Mặt tiền,Quận Tân Phú,Phường Tân Sơn Nhì,166.8,0,Đường Tân Sơn Nhì,0.0,0.0,0.0,100.0,11.0,11.0
58.0,4.0,8.0,Sổ hồng,Đầy đủ,10.7429388004274,106.729609486786,Chưa xác định,Quận 7,Phường Bình Thuận,3286.7,0,Đường Huỳnh Tấn Phát,91.70657498402653,2.1675236559466944,0.0,6.127118386223264,8.0,11.59
90.0,4.0,20.0,Sổ hồng,Đầy đủ,10.7559269365563,106.60609644608,Chưa xác định,Quận Bình Tân,Phường Bình Trị Đông B,580.6,0,Đường Tên Lửa,35.220461591457116,0.0,0.0,64.78126076472614,9.0,14.5
337.0,11.0,20.0,Sổ hồng,Trống / Nhà thô,10.7877582974191,106.686056081704,Chưa xác định,Quận 3,Phường Võ Thị Sáu,3286.7,0,Đường Nam Kỳ Khởi Nghĩa,93.46304804210911,0.0,0.0,6.53634344479265,113.0,600.0
72.0,3.0,5.333333333333334,không có,Trống / Nhà thô,10.7898118844645,106.641907385441,Mặt tiền,Quận Tân Bình,Phường 14,783.7,1,Đường Bế Văn Đàn,97.92139849432179,0.0,0.0,2.0773255072093915,9.0,17.6
50.0,4.0,10.7,Sổ hồng,Trống / Nhà thô,10.7616203985571,106.666700993993,Chưa xác định,Quận 10,Phường 8,42.0,1,Đường Hòa Hảo,83.45238095238095,0.0,0.0,15.619047619047619,15.0,7.6
330.0,4.0,28.8,không có,Trống / Nhà thô,10.7805444976035,106.686289519929,Chưa xác định,Quận 3,Phường Võ Thị Sáu,2674.4,1,Đường Tú Xương,3.6288513311396944,95.87795393359258,0.4916990726892013,0.0,16.0,120.0
40.0,3.0,3.0,Sổ hồng,Cơ bản,10.7941548539159,106.689752647075,Chưa xác định,Quận 1,Phường Tân Định,266.6,0,Đường Trần Khánh Dư,2.584396099024756,0.0,0.0,97.41185296324079,5.0,9.5
262.0,1.0,5.0,Sổ hồng,Cơ bản,10.7612063463144,106.690205346901,Chưa xác định,Quận 1,Phường Nguyễn Cư Trinh,254.0,0,Đường Trần Đình Xu,24.165354330708663,0.0,0.0,75.83464566929135,6.0,54.0
123.0,2.0,6.0,Sổ hồng,Đầy đủ,10.7803693413871,106.758083858357,Mặt tiền,Quận 2,Phường Thạnh Mỹ Lợi,,0,Đường Trịnh Khắc Lập,,,,,10.0,11.8
100.0,3.0,16.0,Sổ hồng,Cơ bản,10.7438981425024,106.608924173165,Mặt tiền,Quận Bình Tân,Phường Bình Trị Đông B,902660.3,0,Đường Số 13A,0.48759871238382807,0.0,0.0,0.0,9.0,15.5
120.0,3.0,25.0,Sổ hồng,Trống / Nhà thô,10.7671013657098,106.778437037997,Mặt tiền,Quận 2,Phường Cát Lái,,1,Phố Đông Village,,,,,12.0,12.5
110.0,4.0,8.0,Sổ hồng,Trống / Nhà thô,10.7911369136778,106.699157719005,Mặt tiền,Quận 1,Phường Đa Kao,14194.5,1,Đường Mai Thị Lựu,72.44073408714642,8.731621402655957,18.827714960019726,0.0,9.0,23.0
450.0,4.0,18.0,Sổ hồng,Trống / Nhà thô,10.7518058256567,106.608614288859,Chưa xác định,Quận Bình Tân,Phường Bình Trị Đông B,36441.3,1,Đường Số 7,0.12340394003507009,0.0,0.0,0.0,12.0,20.0
126.0,5.0,9.0,Sổ hồng,Cơ bản,10.8358438490215,106.842885633907,Chưa xác định,Quận 9,Phường Long Bình,,0,Đường Nguyễn Xiển,,,,,7.0,19.5
47.0,3.0,7.0,Sổ hồng,Đầy đủ,10.7665087269119,106.600314566078,Chưa xác định,Quận Bình Tân,Phường Bình Trị Đông A,643.8,0,Đường Hương lộ 2,54.96116806461634,0.0,0.0,45.03883193538366,7.0,6.38
200.0,2.0,5.0,Sổ hồng,Cơ bản,10.8543533529562,106.76390404697,Chưa xác định,Thành phố Thủ Đức,Phường Linh Chiểu,,0,Đường Số 19,,,,,28.0,14.85
76.0,4.0,4.0,Sổ hồng,Đầy đủ,10.7712364229155,106.690819015907,Mặt tiền,Quận 1,Phường Bến Thành,71.6,0,Đường Lê Thị Riêng,23.5195530726257,0.0,76.45251396648045,0.0,15.0,20.99
129.0,3.0,6.0,Sổ hồng,Trống / Nhà thô,10.7457053502753,106.61555898125,Mặt tiền,Quận Bình Tân,Phường Bình Trị Đông B,,1,Đường Số 16,,,,,8.0,16.3
57.0,3.0,3.85,Sổ đỏ,Đầy đủ,10.8290763075499,106.689202603558,Chưa xác định,Quận Gò Vấp,Phường 5,2798.6,1,Đường Dương Quảng Hàm,35.168298434931756,0.0,0.0,64.83170156506826,13.0,9.6
56.0,3.0,8.0,Sổ đỏ,Cao cấp,10.8011293118266,106.800946694881,Chưa xác định,Quận 9,Phường Phú Hữu,,0,Đường Gò Cát,,,,,7.0,6.4
104.0,4.0,5.0,Sổ hồng,Đầy đủ,10.7317814290493,106.731528344111,Mặt tiền,Quận 7,Phường Tân Phú,550.9,1,Đường Huỳnh Tấn Phát,6.434924668723907,0.0,0.0,93.57052096569251,14.0,8.49
50.0,4.0,4.0,Sổ hồng,Đầy đủ,10.8456648042998,106.663950280781,Hẻm ô tô,Quận Gò Vấp,Phường 16,290.5,1,Unknown,9.855421686746988,0.0,0.0,90.14113597246129,7.0,6.95
90.0,4.0,12.0,Sổ hồng,Đầy đủ,10.8080066823239,106.703028738836,Hẻm ô tô,Quận Bình Thạnh,Phường 12,122.8,0,Đường Bùi Đình Túy,5.936482084690554,0.0,0.0,94.0472312703583,10.0,16.5
252.0,4.0,8.8,Sổ hồng,Đầy đủ,10.816323116888448,106.77555710077286,Chưa xác định,Quận 9,Phường Phước Long B,,1,Đường Đỗ Xuân Hợp,,,,,9.0,22.9
59.0,2.0,25.0,Sổ hồng,Cơ bản,10.772200504245,106.669379956362,Mặt tiền,Quận 10,Phường 12,2660.0,0,Đường Sư Vạn Hạnh,58.180075187969926,0.0,0.0,41.81203007518797,4.0,34.0
666.0,4.0,19.1,không có,Trống / Nhà thô,10.7556777007752,106.605715873366,Mặt tiền,Quận Bình Tân,Phường Bình Trị Đông B,456.5,1,Đường Tên Lửa,7.596933187294633,0.0,0.0,92.39649507119387,21.0,83.0
25.0,3.0,4.0,không có,Trống / Nhà thô,10.7810410904582,106.650005044797,Hẻm ô tô,Quận Tân Bình,Phường 10,431.9,1,Đường Lạc Long Quân,84.61912479740683,0.0,0.0,15.376244501041908,3.0,4.5
110.0,4.0,8.0,Sổ hồng,Trống / Nhà thô,10.8217974300875,106.654589165867,Hẻm ô tô,Quận Tân Bình,Phường 15,,1,Unknown,,,,,9.0,11.8
84.0,3.0,14.0,Sổ hồng,Cơ bản,10.7559088343646,106.610574550153,Mặt tiền,Quận Bình Tân,Phường Bình Trị Đông B,,0,Đường Số 25A,,,,,10.0,10.8
93.0,2.0,6.0,Sổ hồng,Cơ bản,10.8079620519521,106.702964281386,Chưa xác định,Quận Bình Thạnh,Phường 12,182.2,0,Đường Bùi Đình Túy,6.201975850713502,0.0,0.0,93.80351262349068,8.0,9.5
60.0,3.0,4.0,Sổ hồng,Cơ bản,10.7837498455188,106.64749538457,Mặt tiền,Quận Tân Bình,Phường 10,88.5,0,Đường Ni Sư Huỳnh Liên,12.55367231638418,0.0,0.0,87.50282485875705,7.0,8.05
153.0,3.0,13.5,không có,Trống / Nhà thô,10.8433222706662,106.709313572448,Chưa xác định,Thành phố Thủ Đức,Phường Hiệp Bình Chánh,,1,Đường 8,,,,,21.0,13.5
56.0,3.0,10.0,Sổ hồng,Đầy đủ,10.7848594966896,106.80092925213,Chưa xác định,Quận 9,Phường Phú Hữu,,0,Đường Gò Cát,,,,,8.0,6.45
79.0,4.0,7.0,Sổ đỏ,Trống / Nhà thô,10.8688622278181,106.684014418434,Mặt tiền,Quận 12,Phường An Phú Đông,6439.7,0,Đường Thạnh Lộc 27,27.21105020420206,48.89544544000498,0.0,23.89381492926689,9.0,6.93
75.0,4.0,9.45,Sổ đỏ,Trống / Nhà thô,10.8538296762585,106.651607315364,Chưa xác định,Quận Gò Vấp,Phường 14,250.8,1,Đường Số 59,39.473684210526315,0.0,0.0,60.54226475279106,10.0,9.9
42.0,2.0,3.8333333333333335,Sổ hồng,Trống / Nhà thô,10.7629498361667,106.686773407653,Chưa xác định,Quận 1,Phường Nguyễn Cư Trinh,2619.3,1,Đường Nguyễn Trãi,99.6766311609972,0.3214599320429122,0.0,0.0,4.0,10.0
41.0,3.0,5.0,Sổ hồng,Đầy đủ,10.7883461796021,106.656964763203,Hẻm ô tô,Quận Tân Bình,Phường 7,844.6,0,Unknown,81.15794458915462,0.0,0.0,18.845607388112715,6.0,8.1
200.0,9.0,23.633333333333333,không có,Trống / Nhà thô,10.7708608192096,106.690658869155,Chưa xác định,Quận 1,Phường Bến Thành,37.9,1,Đường Lê Thị Riêng,0.0,0.0,100.0,0.0,14.0,130.0
106.0,5.0,24.0,Sổ hồng,Trống / Nhà thô,10.7583715635633,106.678094884321,Mặt tiền,Quận 5,Phường 3,148.6,0,Đường Lê Hồng Phong,0.0,0.0,0.0,99.97981157469718,13.0,35.0
75.0,5.0,15.0,Sổ hồng,Đầy đủ,10.8115925445558,106.62397588143,Chưa xác định,Quận Tân Phú,Phường Tây Thạnh,40.4,0,Đường Nguyễn Hữu Tiến,0.0,0.0,0.0,99.87623762376239,12.0,13.9
122.0,4.0,45.0,Sổ đỏ,Cơ bản,10.7706041626054,106.714800478552,Mặt tiền,Quận 2,Phường An Lợi Đông,,0,Đường B2,,,,,14.0,105.0
56.0,4.0,8.0,Sổ hồng,Đầy đủ,10.7664502281555,106.627008002704,Mặt tiền,Quận Tân Phú,Phường Tân Thới Hòa,4527.4,0,Đường Tô Hiệu,79.52445111984804,0.0,10.93121880107788,9.54477183372355,7.0,8.8
62.0,6.0,6.0,Sổ hồng,Đầy đủ,10.8128635371277,106.709193685382,Chưa xác định,Quận Bình Thạnh,Phường 26,1713.4,0,Đường Quốc Lộ 13,86.637679467725,0.0,0.0,13.363487802031049,16.0,12.6
72.0,3.0,5.333333333333334,Sổ hồng,Trống / Nhà thô,10.8455069821256,106.664734478905,Chưa xác định,Quận Gò Vấp,Phường 16,921.7,1,Đường Thống Nhất,16.597591407182378,83.40674839969621,0.0,0.0,9.0,9.3
82.0,4.0,8.0,Sổ hồng,Trống / Nhà thô,10.8304119897913,106.63275312678,Chưa xác định,Quận Tân Bình,Phường 15,15644.2,0,Đường Phan Huy Ích,25.026974853300267,0.0,74.97283338233977,0.0,10.0,12.5
36.0,5.0,3.0,Sổ hồng,Trống / Nhà thô,10.8059792092275,106.690677762024,Hẻm ô tô,Quận Bình Thạnh,Phường 7,407.9,0,Đường Hoàng Hoa Thám,24.280460897278747,0.0,0.0,75.71708752145135,9.0,4.59
60.0,2.0,7.875,Sổ hồng,Trống / Nhà thô,10.856084896371,106.750419003761,Hẻm ô tô,Thành phố Thủ Đức,Phường Linh Đông,,1,Đường Tô Ngọc Vân,,,,,4.0,5.5
160.0,4.0,8.9,Sổ hồng,Trống / Nhà thô,10.8195585122828,106.702928131138,Mặt tiền,Quận Bình Thạnh,Phường 13,1911.6,1,Đường Nơ Trang Long,95.7951454279138,0.0,0.0,4.203285206110065,56.0,22.5
60.0,2.0,4.0,Sổ hồng,Cơ bản,10.7962125544952,106.706627503614,Hẻm ô tô,Quận Bình Thạnh,Phường 17,489.4,0,Đường Điện Biên Phủ,95.15529219452391,2.161830813240703,0.0,2.6828769922353906,5.0,7.3
47.0,4.0,4.0,Sổ hồng,Đầy đủ,10.7610300092161,106.660886516115,Chưa xác định,Quận Tân Bình,Phường 9,15189.0,0,Phố Lý Thường Kiệt,75.56745012838238,4.395220225162947,0.0,20.036342089670153,9.0,8.5
50.0,3.0,5.0,Sổ hồng,Trống / Nhà thô,10.8783819006971,106.774986557572,Hẻm ô tô,Thành phố Thủ Đức,Phường Linh Xuân,,0,Đường Số 8,,,,,8.0,5.29
196.0,3.0,6.0,Sổ hồng,Cơ bản,10.7399602260226,106.617058160932,Hẻm ô tô,Quận Bình Tân,Phường An Lạc,9490.5,0,Đường Kinh Dương Vương,91.92055213107844,1.0865602444549813,0.0,6.992466150360888,62.0,20.0
59.0,2.0,4.95,Sổ hồng,Trống / Nhà thô,10.7493823386316,106.635416053729,Chưa xác định,Quận 6,Phường 12,1838.6,1,Đường Nguyễn Văn Luông,83.7229413684325,0.0,0.0,16.278146415751117,6.0,5.5
32.0,2.0,4.0,Sổ hồng,Đầy đủ,10.848672915314,106.666816823254,Hẻm ô tô,Quận Gò Vấp,Phường 16,625.7,0,Đường Lê Đức Thọ,87.60588141281764,0.0,0.0,12.395716797187148,4.0,4.9
146.0,9.0,11.2,Sổ hồng,Trống / Nhà thô,10.7734613181303,106.697963425682,Mặt tiền,Quận 1,Phường Bến Thành,2645.9,1,Đường Lê Thánh Tôn,93.39204051551457,0.0,6.607581541252502,0.0,28.0,350.0
62.0,4.0,6.0,Sổ hồng,Đầy đủ,10.8196129348215,106.702683631019,Chưa xác định,Quận Bình Thạnh,Phường 13,76.2,0,Đường Nơ Trang Long,28.845144356955384,0.0,0.0,71.10236220472441,7.0,11.5
144.0,6.0,8.0,Sổ hồng,Trống / Nhà thô,10.8355047043669,106.842127110805,Chưa xác định,Quận 9,Phường Long Thạnh Mỹ,,0,Đường T18,,,,,10.0,26.0
127.0,2.0,11.6,Sổ hồng,Trống / Nhà thô,10.6781284790164,106.703209723238,Chưa xác định,Huyện Nhà Bè,Xã Nhơn Đức,10949.0,1,Đường Nguyễn Bình,21.83678874783085,2.69239199926934,0.0,75.4708192528998,9.0,5.8
41.0,5.0,30.0,Sổ hồng,Trống / Nhà thô,10.7664764909687,106.697367133276,Mặt tiền,Quận 1,Phường Cầu Ông Lãnh,1102.3,0,Phố Phan Văn Trường,1.022407693005534,98.9812210831897,0.0,0.0,8.0,33.0
53.0,4.0,5.757142857142858,Sổ đỏ,Trống / Nhà thô,10.7735842103827,106.627240768582,Chưa xác định,Quận Tân Phú,Phường Hiệp Tân,4766.5,1,Đường Tô Hiệu,0.6268750655617329,6.107416343228785,0.0,93.26486940102802,8.0,8.8
49.0,5.0,7.05,Sổ hồng,Đầy đủ,10.79735338886,106.689196206136,Mặt tiền,Quận Phú Nhuận,Phường 1,,1,Đường Hoa Lan,,,,,9.0,16.5
62.0,2.0,9.0,Sổ hồng,Trống / Nhà thô,10.7887727964634,106.661157933497,Hẻm ô tô,Quận Tân Bình,Phường 5,1464.6,1,Đường Cách Mạng Tháng Tám,98.6788201556739,0.0,0.0,1.3232281851700123,5.0,8.5
97.0,3.0,6.066666666666666,Sổ hồng,Cơ bản,10.845809933261,106.718075540238,Chưa xác định,Thành phố Thủ Đức,Phường Hiệp Bình Phước,,1,Đường Quốc Lộ 13,,,,,6.0,12.0
140.0,1.0,14.0,Sổ hồng,Trống / Nhà thô,10.7819874807816,106.625615396632,Mặt tiền,Quận Tân Phú,Phường Phú Thạnh,71.4,0,Đường Lê Sao,0.0,0.0,0.0,99.95798319327731,2.0,19.5
54.0,5.0,5.0,Sổ hồng,Đầy đủ,10.8444096152453,106.647013004136,Hẻm ô tô,Quận Gò Vấp,Phường 8,877.9,0,Đường Số 10,84.5096252420549,0.0,0.0,15.488096594145121,10.0,9.5
156.0,4.0,30.0,Sổ hồng,Trống / Nhà thô,10.818891,106.78099,Mặt tiền,Quận 9,Phường Phước Long B,,0,Đường 3,,,,,11.0,20.5
200.0,4.0,5.0,Sổ hồng,Trống / Nhà thô,10.826965301193,106.625715833013,Hẻm ô tô,Quận 12,Phường Đông Hưng Thuận,546.3,0,Đường Trường Chinh,29.05180303862347,0.0,0.0,70.93904448105438,14.0,10.8
190.0,2.0,16.0,Sổ hồng,Trống / Nhà thô,10.721014549523,106.62067707594,Mặt tiền,Quận 8,Phường 16,442.8,0,Unknown,88.64724480578138,0.0,0.0,11.343721770551038,8.0,18.5
90.0,2.0,40.0,Sổ hồng,Cơ bản,10.8915771222522,106.61607730566,Mặt tiền,Huyện Hóc Môn,Xã Thới Tam Thôn,208.5,0,Đường Đặng Thúc Vịnh,23.529976019184655,0.0,0.0,76.47961630695444,4.0,8.1
233.0,3.0,15.2,Sổ hồng,Trống / Nhà thô,10.8411931013944,106.725483788325,Mặt tiền,Thành phố Thủ Đức,Phường Hiệp Bình Chánh,,1,Unknown,,,,,6.0,38.0
45.0,2.0,4.0,Sổ hồng,Trống / Nhà thô,10.8631779548537,106.638949369426,Hẻm ô tô,Quận 12,Phường Tân Thới Hiệp,1288.0,0,Đường Tân Thới Hiệp 21,93.53027950310559,0.0,0.0,6.472049689440993,8.0,3.79
74.0,3.0,7.0,Sổ hồng,Đầy đủ,10.8060289797342,106.60518846232,Chưa xác định,Quận Bình Tân,Phường Bình Hưng Hòa,1707.6,0,Đường 26/3,88.66245022253456,0.0,0.0,11.336378542984308,8.0,8.45
106.0,5.0,8.4,Sổ hồng,Trống / Nhà thô,10.7691312103716,106.683040206154,Hẻm ô tô,Quận 3,Phường 5,996.9,1,Đường Cao Thắng,84.5501053265122,0.0,15.449894673487814,0.0,17.0,27.8
68.0,4.0,6.5,Sổ hồng,Trống / Nhà thô,10.845396211359,106.72616339938,Hẻm ô tô,Thành phố Thủ Đức,Phường Hiệp Bình Chánh,,1,Đường Hiệp Bình,,,,,9.0,7.9
530.0,2.0,9.3,không có,Trống / Nhà thô,10.8193256081866,106.70266806515,Chưa xác định,Quận Bình Thạnh,Phường 13,350.0,1,Đường Nơ Trang Long,47.98571428571428,0.0,0.0,52.017142857142865,12.0,35.0
52.0,2.0,6.0,Sổ hồng,Trống / Nhà thô,10.7732494480498,106.627420810411,Mặt tiền,Quận Tân Phú,Phường Hiệp Tân,4425.3,0,Đường Tô Hiệu,84.99988701330983,14.999209093168824,0.0,0.0,6.0,6.1
59.0,2.0,5.0,Sổ hồng,Đầy đủ,10.6748436996196,106.739482477922,Chưa xác định,Huyện Nhà Bè,Xã Phú Xuân,3643.1,0,Đường Nguyễn Bình,36.63912601904971,59.29620378249293,0.0,4.064944689961846,7.0,5.68
39.0,4.0,3.0,Sổ hồng,Đầy đủ,10.7161039104522,106.631755785234,Chưa xác định,Quận 8,Phường 7,349.4,0,Đường Phạm Thế Hiển,13.649112764739554,86.3594733829422,0.0,0.0,7.0,4.2
22.0,3.0,10.0,Sổ hồng,Cơ bản,10.7845657133379,106.627004553443,Mặt tiền,Quận Tân Phú,Phường Phú Thọ Hòa,66.9,0,Đường Phú Thọ Hòa,7.787742899850522,0.0,0.0,92.18236173393124,6.0,3.99
100.0,4.0,16.599999999999998,không có,Trống / Nhà thô,21.0289486097874,105.852447225903,Mặt tiền,Quận 2,Phường An Phú,,1,Đường Song Hành,,,,,9.0,26.99
53.0,3.0,10.0,Sổ hồng,Trống / Nhà thô,10.8454385998056,106.717858724667,Mặt tiền,Thành phố Thủ Đức,Phường Hiệp Bình Phước,,0,Đường Quốc Lộ 13,,,,,6.0,7.5
162.0,5.0,13.0,Sổ hồng,Trống / Nhà thô,10.83565362644869,106.84326175067942,Mặt tiền,Quận 9,Phường Long Bình,,0,Đường Nguyễn Xiển,,,,,17.0,22.0
88.0,4.0,10.0,Sổ hồng,Đầy đủ,10.8565594326487,106.614704544142,Mặt tiền,Quận 12,Phường Trung Mỹ Tây,,0,Đường Đỗ Hành,,,,,12.0,8.7
41.0,5.0,6.0,Sổ hồng,Trống / Nhà thô,10.8128225423955,106.697170261775,Chưa xác định,Quận Bình Thạnh,Phường 12,1303.6,0,Đường Nơ Trang Long,99.86115372813748,0.0,0.0,0.13884627186253454,7.0,8.9
58.0,4.0,6.0,Sổ hồng,Đầy đủ,10.8133886876164,106.689892343113,Chưa xác định,Quận Bình Thạnh,Phường 11,988.5,0,Đường Lê Quang Định,84.7364693980779,0.0,0.0,15.268588770864946,8.0,9.5
213.0,3.0,13.0,Sổ hồng,Trống / Nhà thô,10.788095603701,106.67687773787,Chưa xác định,Quận 3,Phường 14,35.4,1,Đường Lê Văn Sỹ,0.0,0.0,0.0,99.97175141242938,9.0,24.0
64.0,6.0,16.0,Sổ hồng,Trống / Nhà thô,10.7782490324005,106.689223077645,Mặt tiền,Quận 3,Phường Võ Thị Sáu,1881.9,0,Đường Trương Định,92.9193899782135,0.0,7.0790158881980965,0.0,18.0,28.6
18.0,2.0,3.0,Sổ đỏ,Trống / Nhà thô,10.8295037001772,106.671270256031,Chưa xác định,Quận Gò Vấp,Phường 10,1668.6,0,Đường Quang Trung,25.07371449119022,74.82799952055615,0.0,0.10068320747932398,3.0,2.95
37.0,2.0,3.0,Sổ hồng,Cơ bản,10.7506036825083,106.719788089151,Chưa xác định,Quận 7,Phường Tân Thuận Tây,3908.5,0,Đường Tân Mỹ,0.49993603684277854,0.0,0.0,0.0,4.0,3.68
63.0,2.0,4.0,Sổ hồng,Trống / Nhà thô,10.8040357468203,106.696270989577,Hẻm ô tô,Quận Bình Thạnh,Phường 14,898.4,0,Đường Trần Văn Kỷ,77.06812110418522,0.0,22.931878895814783,0.0,8.0,7.58
120.0,7.0,20.0,không có,Trống / Nhà thô,10.7628424556361,106.670705159445,Mặt tiền,Quận 10,Phường 4,176.0,1,Đường Nguyễn Duy Dương,9.113636363636363,0.0,0.0,90.79545454545456,12.0,48.0
70.0,3.0,6.0,Sổ hồng,Trống / Nhà thô,10.7844734660736,106.650923966714,Hẻm ô tô,Quận Tân Bình,Phường 8,1231.4,1,Đường Lạc Long Quân,94.19522494721456,0.0,0.0,5.807211304206595,6.0,8.6
477.0,3.0,20.0,Sổ hồng,Đầy đủ,10.7079862534097,106.73511092879,Mặt tiền,Quận 7,Phường Phú Mỹ,435.3,0,Đường Số 4,28.511371467953133,0.0,0.0,71.49552033080636,13.0,85.0
240.0,4.0,17.2,Sổ hồng,Đầy đủ,10.7379383692129,106.720857193366,Chưa xác định,Quận 7,Phường Tân Phú,,1,Đường Nguyễn Thị Thập,,,,,12.0,45.0
65.0,5.0,15.0,Sổ hồng,Đầy đủ,10.7959193916376,106.671083537174,Chưa xác định,Quận Phú Nhuận,Phường 10,2443.8,0,Đường Hoàng Diệu,91.35772158114412,0.20255340044193468,0.0,8.44095261478026,10.0,19.0
73.0,2.0,12.0,Sổ hồng,Trống / Nhà thô,10.7182,106.618,Chưa xác định,Quận Bình Tân,Phường An Lạc,8010.5,0,Đường Số 1,0.0,0.0,0.0,99.99962549154236,4.0,7.99
34.0,5.0,4.2,Sổ hồng,Trống / Nhà thô,10.7985524033234,106.687490527758,Chưa xác định,Quận Phú Nhuận,Phường 2,,1,Đường Phan Xích Long,,,,,9.0,6.6
44.0,2.0,6.0,Sổ hồng,Trống / Nhà thô,10.7474481573367,106.728992047093,Hẻm ô tô,Quận 7,Phường Tân Thuận Đông,183.4,0,Đường Huỳnh Tấn Phát,12.944383860414394,0.0,0.0,87.06652126499455,4.0,4.45
103.0,2.0,8.0,Sổ hồng,Trống / Nhà thô,10.812304764939,106.692606512283,Chưa xác định,Quận Bình Thạnh,Phường 11,125.7,0,Đường Nguyễn Văn Đậu,40.71599045346062,0.0,0.0,59.29196499602227,5.0,8.6
46.0,4.0,3.0,Sổ hồng,Đầy đủ,10.6930404499263,106.741255518537,Chưa xác định,Huyện Nhà Bè,Thị trấn Nhà Bè,218.9,0,Đường Huỳnh Tấn Phát,11.973503883051622,0.0,0.0,88.00822293284605,7.0,5.39
69.0,5.0,6.9799999999999995,Sổ hồng,Đầy đủ,10.8120853622268,106.688377144182,Chưa xác định,Quận Bình Thạnh,Phường 5,59.5,1,Đường Trần Bình Trọng,36.403361344537814,0.0,0.0,63.68067226890757,9.0,9.5
48.0,2.0,3.0,Sổ hồng,Cơ bản,10.6786109741058,106.753344518309,Hẻm xe máy,Huyện Nhà Bè,Xã Phú Xuân,73.4,0,Đường Huỳnh Tấn Phát,34.782016348773844,0.0,0.0,0.0,5.0,3.68
85.0,5.0,14.0,Sổ hồng,Trống / Nhà thô,10.841459669827964,106.7104876067132,Chưa xác định,Thành phố Thủ Đức,Phường Hiệp Bình Phước,,0,Đường Số 2,,,,,9.0,17.0
76.0,3.0,8.0,không có,Trống / Nhà thô,10.83314221451328,106.68515257537364,Hẻm ô tô,Quận Gò Vấp,Phường 5,6381.3,0,Đường Dương Quảng Hàm,91.08896306395248,3.394762822622349,0.0,5.517057652829361,9.0,9.8
22.0,3.0,3.4,Sổ hồng,Trống / Nhà thô,10.7493455310095,106.639462348822,Chưa xác định,Quận 6,Phường 11,16.5,1,Đường Hậu Giang,92.60606060606061,7.454545454545454,0.0,0.0,5.0,4.28
198.0,7.0,17.9,Sổ hồng,Cơ bản,10.7614345199775,106.692171138953,Mặt tiền,Quận 1,Phường Cô Giang,244.4,1,Đường Hồ Hảo Hớn,56.37888707037643,0.0,0.0,43.6088379705401,12.0,115.0
73.0,3.0,6.0,Sổ hồng,Đầy đủ,10.6929231953466,106.741125462558,Hẻm ô tô,Huyện Nhà Bè,Thị trấn Nhà Bè,3078.9,0,Đường Huỳnh Tấn Phát,90.07047971678196,0.0,0.0,9.929195491896458,9.0,7.19
180.0,4.0,23.05,không có,Trống / Nhà thô,10.7517750044642,106.701965705129,Hẻm ô tô,Quận 7,Phường Tân Hưng,498563.61,1,Phố Trần Xuân Soạn,95.4990898754123,0.0,0.11544564995427567,4.385462468871324,11.0,22.0
153.0,3.0,28.6,Sổ hồng,Trống / Nhà thô,10.7518301944619,106.701900320137,Mặt tiền,Quận 7,Phường Tân Hưng,498563.61,1,Phố Trần Xuân Soạn,95.4990898754123,0.0,0.11544564995427567,4.385462468871324,8.0,9.5
103.0,5.0,15.6,Sổ hồng,Trống / Nhà thô,10.859547245982,106.756601824638,Chưa xác định,Thành phố Thủ Đức,Phường Linh Tây,,1,Unknown,,,,,11.0,14.0
66.0,4.0,4.0,Sổ hồng,Đầy đủ,10.8106108059712,106.713034194166,Chưa xác định,Quận Bình Thạnh,Phường 26,82.5,0,Đường Xô Viết Nghệ Tĩnh,17.12727272727273,0.0,0.0,82.86060606060606,14.0,11.5
76.0,2.0,6.0,Sổ hồng,Đầy đủ,10.7795108846431,106.611853834358,Chưa xác định,Quận Bình Tân,Phường Bình Hưng Hòa A,575.7,0,Đường Số 14,30.917144346013547,0.0,0.0,69.07938162237276,6.0,6.9
55.0,2.0,8.525,Sổ hồng,Cơ bản,10.8204569002578,106.822944044319,Chưa xác định,Quận 9,Phường Trường Thạnh,,1,Đường Số 8,,,,,9.0,3.3
49.0,2.0,2.0,Sổ hồng,Đầy đủ,10.8326903650321,106.6724812714,Chưa xác định,Quận Gò Vấp,Phường 10,1409.6,1,Đường Phan Văn Trị,95.59662315550511,4.401248581157775,0.0,0.0,5.0,5.59
155.0,1.0,4.0,Sổ hồng,Trống / Nhà thô,10.806485787085908,106.7119156957061,Mặt tiền,Quận Bình Thạnh,Phường 25,958.5,0,Đường Xô Viết Nghệ Tĩnh,86.55607720396452,0.49347939488784565,0.0,12.946270213875849,2.0,15.0
65.0,4.0,8.0,Sổ hồng,Trống / Nhà thô,10.8300240070074,106.70265162981,Mặt tiền,Quận Bình Thạnh,Phường 13,1905.3,0,Đường Đặng Thùy Trâm,84.7178921954548,0.40990920065081615,0.0,14.871148900435626,9.0,12.7
64.0,3.0,5.0,Sổ hồng,Đầy đủ,10.8428995780783,106.73333747974,Mặt tiền,Thành phố Thủ Đức,Phường Hiệp Bình Chánh,,0,Đường Số 53,,,,,7.0,7.5
140.0,3.0,12.0,Sổ hồng,Trống / Nhà thô,10.7719831959622,106.669288276788,Mặt tiền,Quận 10,Phường 12,240.0,1,Đường Sư Vạn Hạnh,24.616666666666667,0.0,0.0,75.4875,12.0,53.0
56.0,4.0,16.0,Sổ hồng,Đầy đủ,10.8010504255612,106.627385843937,Mặt tiền,Quận Tân Phú,Phường Tân Sơn Nhì,255.1,0,Đường Nguyễn Quý Anh,35.3077224617797,0.0,0.0,64.67267738141905,8.0,9.2
53.0,3.0,5.0,Sổ hồng,Đầy đủ,10.8424858396929,106.643045790223,Hẻm ô tô,Quận Gò Vấp,Phường 14,54.4,0,Đường Quang Trung,83.63970588235294,0.0,0.0,16.32352941176471,9.0,7.6
50.0,3.0,5.0,Sổ hồng,Đầy đủ,10.6928770668793,106.740810400381,Chưa xác định,Huyện Nhà Bè,Thị trấn Nhà Bè,3078.9,1,Đường Huỳnh Tấn Phát,90.07047971678196,0.0,0.0,9.929195491896458,9.0,4.79
108.0,3.0,7.0,Sổ hồng,Trống / Nhà thô,10.7623644236834,106.767033181473,Chưa xác định,Quận 9,Phường Phú Hữu,,1,Đường Vành Đai Trong,,,,,14.0,12.0
105.0,3.0,12.0,Sổ hồng,Đầy đủ,10.69125,106.7212,Chưa xác định,Huyện Nhà Bè,Xã Phước Kiển,124636.3,0,Đường Nguyễn Hữu Thọ,6.473475223510326,13.61510250224052,0.0,12.825870151793659,8.0,12.5
36.0,2.0,4.0,Sổ hồng,Cơ bản,10.7497928101292,106.714066891085,Chưa xác định,Quận 7,Phường Tân Hưng,150.5,1,Đường Lê Văn Lương,0.0,0.0,0.0,100.0,4.0,5.3
67.0,5.0,5.8,Sổ đỏ,Trống / Nhà thô,10.7719557193874,106.669449273149,Mặt tiền,Quận 10,Phường 12,2660.0,1,Đường Sư Vạn Hạnh,58.180075187969926,0.0,0.0,41.81203007518797,14.0,27.8
100.0,4.0,16.599999999999998,không có,Trống / Nhà thô,10.7951399540807,106.775700912838,Mặt tiền,Quận 2,Phường An Phú,,1,Đường Song Hành,,,,,9.0,17.5
52.0,3.0,4.333333333333334,Sổ hồng,Trống / Nhà thô,10.8456952700703,106.726145060652,Hẻm ô tô,Thành phố Thủ Đức,Phường Hiệp Bình Chánh,,1,Đường Hiệp Bình,,,,,7.0,6.5
50.0,3.0,6.0,không có,Trống / Nhà thô,10.8032610303009,106.630035844338,Hẻm ô tô,Quận Tân Phú,Phường Tân Sơn Nhì,309.5,0,Đường Tân Kỳ Tân Quý,14.18416801292407,0.0,0.0,85.79967689822294,8.0,6.2
51.0,4.0,7.0,Sổ hồng,Đầy đủ,10.8753908246011,106.685465187764,Mặt tiền,Quận 12,Phường Thạnh Lộc,4938.5,0,Đường Thạnh Lộc 15,16.894401133947557,8.361850764402146,0.0,74.74293813911106,8.0,5.68
72.0,5.0,6.0,Sổ hồng,Trống / Nhà thô,10.7852172433848,106.700156401355,Mặt tiền,Quận 1,Phường Bến Nghé,138.8,0,Đường Nguyễn Thị Minh Khai,59.7478386167147,0.0,40.23054755043228,0.0,15.0,21.5
66.0,2.0,8.0,không có,Đầy đủ,10.7242372236381,106.680278147324,Mặt tiền,Huyện Bình Chánh,Xã Bình Hưng,13260.0,0,Đường Phạm Hùng,97.552790346908,0.0,0.0,2.313046757164404,4.0,3.5
40.0,4.0,7.0,Sổ hồng,Trống / Nhà thô,10.7848246551046,106.648185969849,Chưa xác định,Quận Tân Bình,Phường 10,1339.8,1,Đường Bùi Thế Mỹ,11.728616211374831,0.0,1.4173757277205552,86.85176892073446,7.0,4.6
80.0,4.0,7.0,Sổ hồng,Trống / Nhà thô,10.791144817807,106.69385262517,Chưa xác định,Quận 1,Phường Tân Định,377.2,1,Đường Lý Văn Phức,48.38282078472959,0.0,0.11134676564156945,51.50053022269353,10.0,25.5
55.0,3.0,7.025,Sổ hồng,Đầy đủ,10.8411099535991,106.651035222887,Hẻm ô tô,Quận Gò Vấp,Phường 8,2401.2,1,Đường 21,10.364817591204398,0.0,0.0,89.63726470098284,6.0,5.95
42.0,3.0,4.0,Sổ hồng,Cơ bản,10.7307375681185,106.732029207051,Chưa xác định,Quận 7,Phường Phú Thuận,1380.8,0,Đường Huỳnh Tấn Phát,92.84400347624566,0.0,0.0,7.157444959443801,6.0,5.79
159.0,5.0,30.0,không có,Đầy đủ,10.7779617816849,106.746665164864,Mặt tiền,Quận 2,Phường Bình Trưng Tây,,0,Đường Bát Nàn,,,,,23.0,95.0
60.0,5.0,7.0,Sổ hồng,Đầy đủ,10.7882440342411,106.652849824445,Hẻm ô tô,Quận Tân Bình,Phường 8,,0,Phố Lý Thường Kiệt,,,,,9.0,11.2
80.0,4.0,9.0,Sổ hồng,Đầy đủ,10.6845091619312,106.749946296877,Mặt tiền,Huyện Nhà Bè,Xã Phú Xuân,5845.8,0,Đường Đào Tông Nguyên,34.20866262958021,0.0,0.0,0.0,9.0,9.8
68.0,5.0,8.0,Sổ hồng,Đầy đủ,10.8341685182596,106.639539644455,Chưa xác định,Quận Gò Vấp,Phường 12,113.2,1,Đường Huỳnh Văn Nghệ,18.074204946996467,0.0,0.0,81.90812720848056,10.0,8.4
88.0,2.0,4.8,Sổ đỏ,Trống / Nhà thô,10.7897198557941,106.691234942943,Mặt tiền,Quận 1,Phường Tân Định,365.4,1,Đường Đinh Công Tráng,0.0,0.0,0.0,99.98905309250138,5.0,32.0
120.0,3.0,14.0,không có,Trống / Nhà thô,10.8029081945733,106.776789784562,Chưa xác định,Quận 2,Phường An Phú,,0,Đường Đỗ Xuân Hợp,,,,,14.0,46.0
100.0,2.0,6.0,Sổ hồng,Đầy đủ,10.8937198138583,106.608588874747,Chưa xác định,Huyện Hóc Môn,Xã Thới Tam Thôn,123.6,0,Đường Nguyễn Thị Sáu,72.72653721682848,0.0,0.0,27.19255663430421,4.0,4.19
62.0,5.0,10.0,Sổ hồng,Đầy đủ,10.8732791415246,106.768140676929,Mặt tiền,Thành phố Thủ Đức,Phường Hiệp Bình Chánh,,0,Đường 17,,,,,10.0,13.5
53.0,3.0,6.0,Sổ hồng,Trống / Nhà thô,10.684204168253,106.750372868603,Hẻm ô tô,Huyện Nhà Bè,Thị trấn Nhà Bè,,0,Đường Đào Tông Nguyên,,,,,8.0,6.9
80.0,2.0,5.0,Sổ hồng,Cơ bản,10.794776999944416,106.6427688831459,Mặt tiền,Quận Tân Bình,Phường 14,1158.2,0,Đường Nguyễn Hồng Đào,72.00828872388189,0.0,0.0,27.993438093593507,4.0,11.9
16.0,3.0,7.0,Sổ hồng,Đầy đủ,10.8305222016732,106.632738223885,Mặt tiền,Quận Tân Bình,Phường 15,15644.2,0,Đường Phan Huy Ích,25.026974853300267,0.0,74.97283338233977,0.0,4.0,3.8
60.0,4.0,8.0,Sổ hồng,Trống / Nhà thô,10.7597062772235,106.686749322455,Hẻm ô tô,Quận 1,Phường Nguyễn Cư Trinh,35702.3,0,Đường Nguyễn Cảnh Chân,0.44218439708366125,99.55787162171623,0.0,0.0,11.0,16.8
126.0,3.0,10.0,Sổ hồng,Đầy đủ,10.7345274670505,106.707812738471,Chưa xác định,Quận 7,Phường Tân Phong,707353.2,0,Đường Hưng Thái,34.28193581367837,19.24510131572177,0.0,46.47296145687897,7.0,40.0
32.0,1.0,3.0,Sổ hồng,Trống / Nhà thô,10.7566232398692,106.586053209652,Mặt tiền,Quận Bình Tân,Phường Tân Tạo,2068.1,0,Đường Tỉnh Lộ 10,0.0,55.96247763647793,0.0,44.03752236352207,6.0,2.4
734.0,6.0,10.2,Sổ hồng,Đầy đủ,10.7917678823115,106.605740279149,Chưa xác định,Quận Bình Tân,Phường Bình Hưng Hòa A,69.5,1,Đường Tân Kỳ Tân Quý,38.05755395683453,0.0,0.0,62.0,93.0,28.5
16.0,3.0,3.0,không có,Đầy đủ,10.7867709331174,106.62801634591,Mặt tiền,Quận Tân Phú,Phường Phú Thọ Hòa,604.8,0,Đường Phú Thọ Hòa,0.0,0.0,0.0,99.99834656084656,4.0,1.78
93.0,2.0,13.0,Sổ hồng,Cơ bản,10.7757760767054,106.631020034855,Chưa xác định,Quận Tân Phú,Phường Hiệp Tân,1517.0,0,Đường Ỷ Lan,95.28279499011207,0.0,0.0,4.719841793012524,10.0,15.9
45.0,2.0,5.0,Sổ hồng,Cơ bản,10.8691062407861,106.608169549733,Chưa xác định,Huyện Hóc Môn,Xã Trung Chánh,1532.1,0,Unknown,0.0,0.0,0.0,100.0,3.0,2.15
72.0,6.0,6.7,Sổ hồng,Trống / Nhà thô,10.7694820474362,106.690485306064,Hẻm ô tô,Quận 1,Phường Bến Thành,611.7,1,Đường Nguyễn Trãi,1.9061631518718325,0.0,98.09874121301291,0.0,9.0,23.0
72.0,5.0,8.0,Sổ hồng,Đầy đủ,10.7649001972514,106.616045698358,Chưa xác định,Quận Bình Tân,Phường Bình Trị Đông,764.5,0,Unknown,47.42838456507521,0.0,0.0,52.57684761281883,9.0,7.49
63.0,5.0,10.0,Sổ hồng,Trống / Nhà thô,10.7467435859445,106.729077935532,Chưa xác định,Quận 7,Phường Tân Thuận Đông,1721.3,0,Đường Huỳnh Tấn Phát,86.82972172195433,0.0,0.0,13.16853540928368,9.0,9.99
118.0,4.0,14.4,Sổ hồng,Trống / Nhà thô,10.8122862331766,106.668498088451,Chưa xác định,Quận Tân Bình,Phường 2,114.7,1,Đường Yên Thế,11.50828247602441,0.0,0.0,88.47428073234525,16.0,25.9
180.0,1.0,10.0,Sổ hồng,Đầy đủ,10.6939601845082,106.572000952714,Mặt tiền,Huyện Bình Chánh,Xã Tân Nhựt,2082.5,0,Đường Tân Long,0.0,99.99903961584634,0.0,0.0,3.0,4.3
34.0,2.0,3.4799999999999995,Sổ đỏ,Trống / Nhà thô,10.865724525939,106.686559279789,Chưa xác định,Quận 12,Phường Thạnh Lộc,10186.0,1,Đường Thạnh Lộc 15,10.054290202238366,2.97270763793442,0.0,86.97260946397016,4.0,2.8
78.0,2.0,4.0,Sổ hồng,Trống / Nhà thô,10.8780129641072,106.678185473128,Mặt tiền,Quận 12,Phường Thạnh Lộc,4128.9,1,Đường Hà Huy Giáp,9.604495143985082,90.39623144178837,0.0,0.0,5.0,4.19
51.0,1.0,10.0,Sổ hồng,Đầy đủ,10.779144980912,106.679050115464,Mặt tiền,Quận 10,Phường 12,1704.0,0,Đường Cách Mạng Tháng Tám,91.78286384976526,8.21537558685446,0.0,0.0,2.0,9.5
51.0,5.0,15.5,Sổ hồng,Đầy đủ,10.7645590244052,106.695545846775,Mặt tiền,Quận 1,Phường Cô Giang,11.1,1,Đường Đề Thám,0.0,0.0,0.0,100.0,6.0,30.0
42.0,2.0,4.0,Sổ đỏ,Trống / Nhà thô,10.8455447623088,106.664210124239,Hẻm ô tô,Quận Gò Vấp,Phường 16,1260.3,0,Đường Nguyễn Văn Lượng,11.179084344997223,0.0,0.0,88.82091565500278,4.0,5.8
46.0,3.0,6.0,Sổ hồng,Trống / Nhà thô,10.8142966802995,106.697758290179,Hẻm ô tô,Quận Bình Thạnh,Phường 11,1260.6,0,Đường Nơ Trang Long,95.48865619546248,0.0,0.0,4.512137077582104,6.0,6.65
17.0,3.0,13.0,Sổ hồng,Trống / Nhà thô,10.7514665612156,106.722497862814,Chưa xác định,Quận 7,Phường Tân Thuận Tây,,0,Unknown,,,,,4.0,5.0
60.0,2.0,6.0,Sổ hồng,Đầy đủ,10.7715270822015,106.62793685929,Hẻm ô tô,Quận Tân Phú,Phường Hiệp Tân,824.5,0,Đường Hòa Bình,48.64160097028502,51.355973317161904,0.0,0.0,5.0,7.5
79.0,2.0,10.9,không có,Trống / Nhà thô,10.7830654859692,106.624621603646,Mặt tiền,Quận Tân Phú,Phường Phú Thọ Hòa,530.4,1,Đường Trần Thủ Độ,18.95739064856712,0.0,0.0,81.03506787330316,9.0,9.9
52.0,1.0,4.0,Sổ hồng,Đầy đủ,10.8043372058699,106.625706276622,Mặt tiền,Quận Tân Phú,Phường Sơn Kỳ,749.8,0,Phố Đỗ Nhuận,58.09682582021873,0.0,0.0,41.89783942384636,3.0,5.79
46.0,5.0,5.95,Sổ hồng,Đầy đủ,10.8440576749836,106.640588343143,Hẻm ô tô,Quận Gò Vấp,Phường 12,3143.6,1,Đường Quang Trung,96.58639776052934,0.0,0.0,3.4132841328413286,8.0,7.95
305.0,3.0,8.8,không có,Trống / Nhà thô,10.7702860154473,106.689107824434,Mặt tiền,Quận 1,Phường Bến Thành,350.3,1,Đường Bùi Thị Xuân,2.563516985441051,0.0,97.43362831858407,0.0,40.0,350.0
54.0,1.0,6.0,Sổ hồng,Trống / Nhà thô,10.839161017522812,106.7838972620666,Hẻm ô tô,Quận 9,Phường Tăng Nhơn Phú B,,1,Đường 2,,,,,4.0,4.8
182.0,1.0,3.0,Sổ hồng,Cơ bản,10.7917743140429,106.716012908454,Mặt tiền,Quận Bình Thạnh,Phường 22,95.7,0,Đường Võ Duy Ninh,14.858934169278998,0.0,0.0,85.141065830721,6.0,14.99
500.0,3.0,20.0,Sổ hồng,Trống / Nhà thô,10.773036276589,106.686690388513,Chưa xác định,Quận 3,Phường Võ Thị Sáu,37.7,1,Đường Võ Văn Tần,0.0,0.0,0.0,99.89389920424402,6.0,280.0
50.0,5.0,5.0,Sổ hồng,Đầy đủ,10.7146354279344,106.736724261976,Chưa xác định,Quận 7,Phường Phú Mỹ,228.9,0,Đường Huỳnh Tấn Phát,9.213630406290957,0.0,0.0,90.8082131935343,9.0,8.85
45.0,4.0,4.0,Sổ hồng,Trống / Nhà thô,10.832400966739,106.672643148756,Mặt tiền,Quận Gò Vấp,Phường 10,81.7,1,Đường Phan Văn Trị,14.296205630354955,0.0,0.0,85.75275397796818,6.0,7.5
118.0,6.0,8.0,Sổ hồng,Trống / Nhà thô,10.7658787602828,106.663186592503,Chưa xác định,Quận 10,Phường 14,14797.0,0,Đường 3/2,0.8584848280056768,99.14097452186253,0.0,0.0,17.0,27.6
28.0,4.0,4.0,Sổ hồng,Đầy đủ,10.7553194873269,106.676973512356,Mặt tiền,Quận 5,Phường 2,56.0,1,Đường Phan Văn Trị,24.75,0.0,0.0,75.30357142857143,7.0,12.99
100.0,4.0,16.599999999999998,Sổ hồng,Trống / Nhà thô,10.7513468088802,106.593822709259,Mặt tiền,Quận Bình Tân,Phường Tân Tạo,,1,Đường Số 52A,,,,,9.0,9.5
64.0,6.0,20.0,không có,Cơ bản,10.73245,106.6209,Mặt tiền,Quận Bình Tân,Phường An Lạc,868.7,0,Đường An Dương Vương,89.41867157822033,0.0,0.0,10.579026131000346,10.0,14.4
118.0,1.0,5.0,Sổ hồng,Cơ bản,10.779631576563,106.759292017668,Hẻm ô tô,Quận 2,Phường Thạnh Mỹ Lợi,,0,Unknown,,,,,3.0,10.9
800.0,7.0,11.0,Sổ hồng,Trống / Nhà thô,10.7516841772398,106.701417261081,Mặt tiền,Quận 7,Phường Tân Hưng,498563.61,1,Phố Trần Xuân Soạn,95.4990898754123,0.0,0.11544564995427567,4.385462468871324,50.0,48.0
120.0,2.0,30.0,Sổ hồng,Đầy đủ,10.7596380606619,106.673367940443,Mặt tiền,Quận 5,Phường 9,24736.4,0,Đường Sư Vạn Hạnh,58.05529503080481,3.194765608576834,29.987063598583465,8.762794909526042,5.0,60.0
60.0,4.0,7.545454545454545,không có,Trống / Nhà thô,10.87836428850279,106.55282230159492,Chưa xác định,Huyện Hóc Môn,Xã Xuân Thới Sơn,34049.8,1,Unknown,0.0,10.637712996845796,89.36234574065045,0.0,8.0,6.0
255.0,3.0,8.0,Sổ hồng,Đầy đủ,10.7333095940705,106.701809935071,Chưa xác định,Quận 7,Phường Tân Hưng,218.8,0,Đường Lê Văn Lương,27.280621572212066,0.0,0.0,72.73308957952467,27.0,22.0
100.0,2.0,4.0,Sổ hồng,Trống / Nhà thô,10.8596038265726,106.622755434902,Chưa xác định,Quận 12,Phường Tân Chánh Hiệp,,0,Đường Tân Chánh Hiệp 34,,,,,9.0,4.7
71.0,4.0,16.0,Sổ hồng,Đầy đủ,10.7969171441481,106.679438116032,Chưa xác định,Quận Phú Nhuận,Phường 15,86.4,0,Đường Nguyễn Trọng Tuyển,0.0,0.0,0.0,99.98842592592592,12.0,19.0
100.0,4.0,10.0,Sổ hồng,Đầy đủ,10.7425567251725,106.710277774585,Chưa xác định,Quận 7,Phường Tân Quy,3664.7,0,Đường 25A,27.53076650203291,65.3690615875788,0.0,7.099353289491638,9.0,17.3
332.0,2.0,15.8,Sổ hồng,Trống / Nhà thô,10.7830955759734,106.626810081253,Mặt tiền,Quận Tân Phú,Phường Phú Thọ Hòa,104.0,1,Đường Nguyễn Sơn,7.64423076923077,0.0,0.0,92.375,12.0,50.0
120.0,6.0,10.1,Sổ hồng,Trống / Nhà thô,10.869794336746,106.763371592152,Mặt tiền,Thành phố Thủ Đức,Phường Linh Trung,,1,Đường Phạm Văn Đồng,,,,,6.0,9.5
60.0,2.0,4.0,Sổ hồng,Cao cấp,10.7965175475113,106.706860931447,Chưa xác định,Quận Bình Thạnh,Phường 17,62.8,0,Đường Phan Văn Hân,0.0,0.0,0.0,100.0,7.0,6.5
46.0,2.0,3.0,Sổ hồng,Trống / Nhà thô,10.8007386653974,106.68383055815,Chưa xác định,Quận Phú Nhuận,Phường 3,49.0,0,Đường Phan Xích Long,0.0,0.0,0.0,100.0,4.0,6.9
54.0,2.0,14.0,Sổ hồng,Cơ bản,10.7960746681617,106.677744560432,Mặt tiền,Quận Phú Nhuận,Phường 15,1378.3,0,Đường Trần Huy Liệu,76.85337009359355,0.0,0.0,23.145904374954654,9.0,10.5
36.0,2.0,4.0,Sổ hồng,Trống / Nhà thô,10.8148914749106,106.672534727054,Chưa xác định,Quận Bình Thạnh,Phường 15,1132.9,1,Đường Bạch Đằng,99.31503221820105,0.0,0.0,0.6840850913584605,4.0,3.9
230.0,1.0,6.0,Sổ hồng,Trống / Nhà thô,10.7692393024962,106.683014486682,Chưa xác định,Quận 3,Phường 5,858.9,0,Đường Cao Thắng,87.84724647805332,0.0,0.0,12.151589242053792,10.0,66.0
200.0,6.0,8.766666666666666,Sổ hồng,Trống / Nhà thô,10.8029746144983,106.716101033604,Chưa xác định,Quận Bình Thạnh,Phường 25,84.7,1,Đường Nguyễn Gia Trí,0.0,0.0,0.0,100.0,14.0,52.0
154.0,1.0,10.0,Sổ hồng,Đầy đủ,10.8121105769551,106.692250436208,Mặt tiền,Quận Bình Thạnh,Phường 11,117.8,0,Đường Nguyễn Văn Đậu,15.441426146010187,0.0,0.0,84.56706281833617,6.0,24.0
55.0,2.0,6.0,Sổ hồng,Đầy đủ,10.805542749141,106.681947039213,Hẻm ô tô,Quận Phú Nhuận,Phường 5,947.1,0,Đường Thích Quảng Đức,79.44884383908774,0.0,0.0,20.554323725055433,6.0,9.5
83.0,5.0,9.0,Sổ hồng,Đầy đủ,10.8785360947642,106.668857835436,Mặt tiền,Quận 12,Phường Thạnh Xuân,1050.3,0,Đường Thạnh Xuân 25,34.113110539845756,0.0,0.0,65.88593735123298,9.0,8.9
53.0,4.0,6.0,Sổ hồng,Đầy đủ,10.8428774770267,106.642857275181,Chưa xác định,Quận Gò Vấp,Phường 14,1645.3,1,Đường Quang Trung,10.491095848781379,0.0,0.0,89.51011973500273,9.0,7.6
90.0,5.0,13.827272727272728,không có,Trống / Nhà thô,10.7397436427125,106.625081900799,Chưa xác định,Quận 6,Phường 10,11849.0,1,Đường Số 23,0.3818043716769348,0.0,0.0,99.61794244240019,10.0,16.0
76.0,4.0,8.0,Sổ hồng,Đầy đủ,10.8655068130467,106.670441705806,Hẻm ô tô,Quận 12,Phường Thạnh Xuân,701.2,0,Đường Thạnh Xuân 33,4.401026811180833,0.0,0.0,95.6032515687393,9.0,7.59
95.0,2.0,6.5,Sổ hồng,Cơ bản,10.8453635361162,106.758601005005,Mặt tiền,Thành phố Thủ Đức,Phường Trường Thọ,,1,Đường Số 8,,,,,5.0,9.9
48.0,2.0,5.7272727272727275,Sổ hồng,Trống / Nhà thô,10.7994697568185,106.678571436082,Mặt tiền,Quận Phú Nhuận,Phường 15,85.9,1,Đường Hoàng Văn Thụ,35.76251455180442,0.0,0.0,64.28405122235156,4.0,6.6
57.0,3.0,9.6,Sổ đỏ,Trống / Nhà thô,10.8075467088778,106.798167926131,Hẻm ô tô,Quận 9,Phường Phú Hữu,,1,Đường Bưng Ông Thoàn,,,,,9.0,5.9
51.0,2.0,4.5,Sổ hồng,Đầy đủ,10.8224415420834,106.685081424855,Hẻm ô tô,Quận Gò Vấp,Phường 4,80.2,1,Unknown,32.593516209476306,0.0,0.0,67.40648379052368,5.0,5.9
72.0,6.0,10.5,Sổ hồng,Đầy đủ,10.7932646520408,106.717814111965,Chưa xác định,Quận Bình Thạnh,Phường 22,74.6,1,Đường Nguyễn Hữu Cảnh,0.0,0.0,0.0,100.0,21.0,21.0
62.0,4.0,6.6,Sổ hồng,Đầy đủ,10.7977525915648,106.696069411092,Chưa xác định,Quận Bình Thạnh,Phường 3,5516.4,1,Đường Lê Văn Duyệt,0.0,99.99981872235517,0.0,0.0,10.0,16.0
100.0,3.0,18.5,không có,Trống / Nhà thô,10.7983510445006,106.738778220784,Mặt tiền,Quận 2,Phường An Phú,,1,Đường Nguyễn Quý Đức,,,,,10.0,33.0
89.0,8.0,15.7,Sổ hồng,Trống / Nhà thô,10.7741477267626,106.677702177191,Mặt tiền,Quận 10,Phường 12,232.0,1,Đường Cao Thắng,2.4827586206896552,0.0,0.0,97.64655172413794,13.0,45.0
120.0,4.0,11.8,Sổ hồng,Trống / Nhà thô,10.7727427956221,106.676620988948,Mặt tiền,Quận 10,Phường 12,63.0,1,Đường 3/2,0.0,0.0,0.0,99.76190476190476,11.0,39.0
66.0,4.0,4.0,Sổ hồng,Trống / Nhà thô,10.8453708985956,106.642691219967,Hẻm ô tô,Quận Gò Vấp,Phường 8,1595.4,0,Đường Phạm Văn Chiêu,16.55321549454682,0.0,0.0,83.44365049517361,8.0,5.9
251.0,2.0,7.0,Sổ hồng,Đầy đủ,10.7872904916416,106.685995370699,Chưa xác định,Quận 3,Phường Võ Thị Sáu,1775.2,0,Đường Nam Kỳ Khởi Nghĩa,0.0,0.0,0.0,100.0,10.0,69.0
43.0,4.0,4.5,Sổ hồng,Đầy đủ,10.7619387403023,106.678087165311,Mặt tiền,Quận 5,Phường 4,133.8,1,Đường Trần Phú,2.9820627802690582,0.0,0.0,97.01046337817638,15.0,9.29
170.0,2.0,6.0,Sổ hồng,Đầy đủ,10.6752299577529,106.698321309721,Chưa xác định,Huyện Nhà Bè,Xã Nhơn Đức,1993.4,0,Đường Lê Văn Lương,82.75509180294974,1.1653456406140263,4.069429116083074,12.007625163038025,7.0,6.8
66.0,7.0,20.0,Sổ hồng,Trống / Nhà thô,10.7942623991507,106.69007025485,Mặt tiền,Quận 1,Phường Tân Định,4954.9,0,Phố Đặng Tất,3.6192455952693297,0.0,0.0,96.37974530262974,8.0,33.0
53.0,2.0,6.0,Sổ hồng,Cơ bản,10.791368150374684,106.7292155317457,Mặt tiền,Thành phố Thủ Đức,Phường An Khánh,,0,Đường Trần Não,,,,,4.0,10.0
60.0,2.0,6.0,không có,Trống / Nhà thô,10.7585593729242,106.612373089673,Mặt tiền,Quận Bình Tân,Phường Bình Trị Đông B,2731.0,0,Đường Tỉnh Lộ 10,86.95056755767118,0.0,0.0,13.048333943610398,5.0,4.05
80.0,4.0,8.0,Sổ hồng,Đầy đủ,10.6847516010766,106.750234502174,Mặt tiền,Huyện Nhà Bè,Xã Phú Xuân,5845.8,0,Đường Đào Tông Nguyên,34.20866262958021,0.0,0.0,0.0,9.0,9.9
118.0,3.0,20.0,Sổ hồng,Cơ bản,10.7439711237818,106.68401859329,Chưa xác định,Quận 8,Phường 3,783.3,0,Đường Âu Dương Lân,93.19417847567982,0.0,0.0,6.8007149240393225,5.0,20.0
60.0,4.0,4.0,Sổ hồng,Cơ bản,10.718854600478,106.605507711074,Mặt tiền,Quận Bình Tân,Phường An Lạc,576.0,1,Đường Lê Tấn Bê,26.135416666666668,0.0,0.0,73.859375,6.0,7.0
106.0,3.0,7.0,Sổ hồng,Đầy đủ,10.8157078121703,106.694097321924,Chưa xác định,Quận Bình Thạnh,Phường 11,280.2,0,Đường Lê Quang Định,12.301927194860813,0.0,0.0,87.7123483226267,38.0,27.9
125.0,3.0,12.0,Sổ hồng,Trống / Nhà thô,10.788988975047,106.661224195159,Mặt tiền,Quận Tân Bình,Phường 12,1059.7,0,Đường K300,15.374162498820418,84.42578088138151,0.0,0.19911295649712182,7.0,21.9
56.0,5.0,12.0,Sổ hồng,Đầy đủ,10.6928524674059,106.740842384759,Mặt tiền,Huyện Nhà Bè,Thị trấn Nhà Bè,3078.9,0,Đường Huỳnh Tấn Phát,90.07047971678196,0.0,0.0,9.929195491896458,9.0,8.3
36.0,2.0,8.0,Sổ hồng,Đầy đủ,10.8157467339778,106.695489289043,Mặt tiền,Quận Bình Thạnh,Phường 11,87.7,0,Đường Phan Văn Trị,25.746864310148233,0.0,0.0,74.28734321550742,6.0,6.39
170.0,4.0,15.7,không có,Trống / Nhà thô,10.782066405319,106.66511316324,Chưa xác định,Quận 10,Phường 15,15277.0,1,Đường Nguyễn Giản Thanh,3.7853636185114876,96.2143745499771,0.0,0.0,16.0,33.0
90.0,3.0,6.0,Sổ hồng,Đầy đủ,10.8590584829555,106.739180398412,Chưa xác định,Thành phố Thủ Đức,Phường Tam Phú,,0,Đường Cây Keo,,,,,8.0,10.5
45.0,4.0,3.0,Sổ hồng,Cơ bản,10.8143602893622,106.632135055826,Hẻm xe máy,Quận Tân Phú,Phường Tây Thạnh,2916.2,0,Đường Trường Chinh,18.405116247170977,81.59625540086415,0.0,0.0,8.0,5.55
253.0,2.0,8.8,Sổ hồng,Trống / Nhà thô,10.7985115857675,106.780300604212,Chưa xác định,Quận 2,Phường Bình Trưng Đông,,1,Đường Đỗ Xuân Hợp,,,,,4.0,58.3
200.0,5.0,9.233333333333333,Sổ hồng,Trống / Nhà thô,10.8542731175702,106.762694012424,Chưa xác định,Thành phố Thủ Đức,Phường Linh Chiểu,,1,Unknown,,,,,32.0,14.9
52.0,2.0,4.0,Sổ hồng,Đầy đủ,10.8596648559628,106.705484149147,Chưa xác định,Quận 12,Phường An Phú Đông,4434.9,0,Đường Quốc lộ 1A,42.71528106608943,0.0,0.0,57.28494441813796,5.0,4.38
63.0,4.0,6.0,Sổ hồng,Trống / Nhà thô,10.8128080961315,106.709243972555,Hẻm ô tô,Quận Bình Thạnh,Phường 26,1713.4,0,Đường Quốc Lộ 13,86.637679467725,0.0,0.0,13.363487802031049,2.0,7.2
60.0,5.0,4.0,Sổ hồng,Đầy đủ,10.8429194026901,106.642982627354,Chưa xác định,Quận Gò Vấp,Phường 14,260.3,0,Đường Quang Trung,0.0,0.0,0.0,100.0,7.0,8.15
81.0,3.0,30.0,Sổ hồng,Trống / Nhà thô,10.7604057388121,106.653859725733,Mặt tiền,Quận 11,Phường 12,1849.5,0,Đường 3/2,86.2330359556637,0.0,0.0,13.76858610435253,7.0,19.0
88.0,3.0,10.0,Sổ hồng,Cơ bản,10.8025878737195,106.689743940535,Mặt tiền,Quận Phú Nhuận,Phường 7,83.4,0,Đường Trần Kế Xương,0.0,0.0,0.0,99.95203836930455,11.0,21.95
55.0,2.0,6.25,Sổ hồng,Trống / Nhà thô,10.7843906064557,106.642386462714,Chưa xác định,Quận 11,Phường 14,791.9,1,Đường Âu Cơ,38.20936986993308,0.0,0.0,61.79063013006692,6.0,7.0
50.0,3.0,5.0,không có,Trống / Nhà thô,10.87904,106.5525,Chưa xác định,Huyện Hóc Môn,Xã Xuân Thới Sơn,34049.8,1,Unknown,0.0,10.637712996845796,89.36234574065045,0.0,8.0,6.0
82.0,5.0,6.0,Sổ đỏ,Trống / Nhà thô,10.7822803000353,106.660258965477,Mặt tiền,Quận Tân Bình,Phường 6,417.0,1,Đường Bắc Hải,95.20143884892086,0.0,0.0,4.738609112709832,20.0,17.2
67.0,2.0,7.6,Sổ hồng,Trống / Nhà thô,10.8529563493308,106.76158386503,Chưa xác định,Thành phố Thủ Đức,Phường Linh Chiểu,,1,Đường Số 11,,,,,5.0,4.9
83.0,3.0,7.2,Sổ hồng,Trống / Nhà thô,10.8010282887605,106.808569337003,Chưa xác định,Quận 9,Phường Long Trường,,1,Đường Số 3,,,,,6.0,4.8
45.0,4.0,2.0,Sổ hồng,Đầy đủ,10.8143456781934,106.623928422241,Mặt tiền,Quận Tân Phú,Phường Tây Thạnh,719.9,0,Đường Trường Chinh,2.999027642728157,0.0,0.0,97.00236143908877,5.0,5.25
345.0,2.0,7.5,Sổ hồng,Trống / Nhà thô,10.803719020755,106.641484729575,Mặt tiền,Quận Tân Bình,Phường 13,401.7,1,Đường Ngô Bệ,0.0,0.0,0.0,99.99004232013942,9.0,62.0
63.0,1.0,6.0,Sổ hồng,Đầy đủ,10.7778908792641,106.649809203289,Hẻm ô tô,Quận Tân Bình,Phường 9,1085.7,0,Đường Lạc Long Quân,94.70571981210279,0.0,0.0,5.297043382149765,4.0,8.1
75.0,3.0,15.0,Sổ hồng,Trống / Nhà thô,10.7884768579328,106.669874842692,Mặt tiền,Quận Phú Nhuận,Phường 13,3929.9,0,Đường Trường Sa,69.41321662128807,22.245858673248684,0.0,8.340924705463244,10.0,25.5
412.0,1.0,23.0,Sổ hồng,Trống / Nhà thô,10.7780411822057,106.634817640277,Mặt tiền,Quận Tân Phú,Phường Hòa Thạnh,157.0,0,Đường Lũy Bán Bích,12.363057324840765,0.0,0.0,87.61146496815287,6.0,54.0
305.0,3.0,8.8,không có,Trống / Nhà thô,10.8084565279684,106.732773536383,Chưa xác định,Quận 2,Phường Thảo Điền,,1,Đường Nguyễn Văn Hưởng,,,,,40.0,88.0
471.0,7.0,16.2,Sổ hồng,Trống / Nhà thô,10.7971735952955,106.673025018202,Mặt tiền,Quận Phú Nhuận,Phường 8,6033.2,1,Đường Nguyễn Văn Trỗi,95.76725452496187,0.0,0.0,4.232082476960817,14.0,375.0
43.0,4.0,3.0,Sổ hồng,Đầy đủ,10.8534958587712,106.651672229732,Chưa xác định,Quận Gò Vấp,Phường 14,79.7,0,Đường Số 59,44.01505646173149,0.0,0.0,55.99749058971142,6.0,5.85
73.0,4.0,12.0,Sổ hồng,Đầy đủ,10.8302435317707,106.70241261003,Mặt tiền,Quận Bình Thạnh,Phường 13,3768.9,0,Đường Đặng Thùy Trâm,99.69487118257317,0.0,0.0,0.3051288174268354,8.0,12.0
91.0,3.0,16.0,Sổ hồng,Cơ bản,10.7451017511961,106.619802860951,Mặt tiền,Quận Bình Tân,Phường An Lạc A,105.4,0,Đường Nguyễn Thức Tự,3.2827324478178364,0.0,0.0,96.73624288425047,7.0,11.5
63.0,5.0,5.0,Sổ hồng,Trống / Nhà thô,10.8193830444067,106.702993054013,Mặt tiền,Quận Bình Thạnh,Phường 13,99.5,0,Đường Nơ Trang Long,35.939698492462306,0.0,0.0,64.1105527638191,8.0,10.5
48.0,4.0,5.0,Sổ hồng,Trống / Nhà thô,10.8059825928098,106.681510650219,Mặt tiền,Quận Phú Nhuận,Phường 4,947.1,0,Đường Thích Quảng Đức,79.44884383908774,0.0,0.0,20.554323725055433,9.0,9.5
12.0,3.0,10.2,Sổ hồng,Đầy đủ,10.7919343765005,106.716421517098,Chưa xác định,Quận Bình Thạnh,Phường 22,43.5,1,Đường Võ Duy Ninh,34.574712643678154,0.0,0.0,65.40229885057471,5.0,2.68
97.0,7.0,15.0,Sổ hồng,Trống / Nhà thô,10.7894660315322,106.693500035408,Chưa xác định,Quận 1,Phường Đa Kao,1485.6,0,Đường Võ Thị Sáu,78.474690360797,0.0,4.577948303715671,16.94870759289176,18.0,28.0
115.0,4.0,12.0,Sổ hồng,Trống / Nhà thô,10.8330392137065,106.727318143472,Chưa xác định,Thành phố Thủ Đức,Phường Hiệp Bình Chánh,,0,Đường Số 25,,,,,9.0,17.5
90.0,3.0,10.0,Sổ hồng,Cơ bản,10.8057420482096,106.604976466136,Mặt tiền,Quận Bình Tân,Phường Bình Hưng Hòa,1812.7,0,Đường Lê Trọng Tấn,3.242676670160534,0.0,0.0,96.75952998289844,7.0,6.9
58.0,6.0,4.0,Sổ hồng,Đầy đủ,10.7873049771586,106.647683813992,Chưa xác định,Quận Tân Bình,Phường 11,29.2,0,Đường Hồng Lạc,0.0,0.0,100.0,0.0,13.0,8.4
200.0,4.0,10.0,Sổ hồng,Đầy đủ,10.7468325079042,106.60690589281,Mặt tiền,Quận Bình Tân,Phường Bình Trị Đông B,902660.3,1,Đường Số 34,0.48759871238382807,0.0,0.0,0.0,9.0,35.0
115.0,4.0,8.0,Sổ hồng,Đầy đủ,10.7876941039394,106.678338249615,Chưa xác định,Quận 3,Phường 13,1784.2,0,Đường Lê Văn Sỹ,89.4804394126219,0.0,0.0,10.520121062661136,9.0,24.9
70.0,4.0,10.0,Sổ hồng,Cao cấp,10.8300800734565,106.702522549604,Chưa xác định,Quận Bình Thạnh,Phường 13,3768.9,0,Đường Đặng Thùy Trâm,99.69487118257317,0.0,0.0,0.3051288174268354,8.0,13.5
329.0,4.0,28.8,Sổ đỏ,Đầy đủ,10.7718152017112,106.656448295522,Mặt tiền,Quận 11,Phường 15,332.1,1,Đường Số 2 Cư Xá Lữ Gia,18.337850045167116,0.0,0.0,81.67720566094549,16.0,88.0
16.0,4.0,7.25,Sổ hồng,Cơ bản,10.7811433971295,106.682302669773,Mặt tiền,Quận 3,Phường 9,813.3,1,Phố Bà Huyện Thanh Quan,0.17213820238534366,0.0,0.0,99.83155047338006,4.0,4.68
36.0,4.0,10.0,Sổ đỏ,Trống / Nhà thô,10.7722898451311,106.680874812897,Mặt tiền,Quận 3,Phường 4,42.1,0,Đường Nguyễn Hiền,13.990498812351543,0.0,0.0,86.00950118764845,7.0,15.0
86.0,2.0,8.0,Sổ hồng,Trống / Nhà thô,10.8066381369709,106.718920524052,Hẻm ô tô,Quận Bình Thạnh,Phường 25,201.4,0,Đường Ung Văn Khiêm,5.322740814299901,0.0,0.0,94.67725918570011,9.0,12.99
90.0,4.0,18.0,Sổ hồng,Cơ bản,10.7514457311869,106.701587023633,Chưa xác định,Quận 7,Phường Tân Hưng,119958.53,0,Phố Trần Xuân Soạn,0.0,0.0,0.0,100.0,10.0,12.8
51.0,4.0,10.5,Sổ hồng,Trống / Nhà thô,10.810492698587,106.713565422649,Hẻm ô tô,Quận Bình Thạnh,Phường 26,46.9,1,Đường Xô Viết Nghệ Tĩnh,0.0,0.0,0.0,100.0,14.0,8.5
112.0,5.0,6.0,Sổ hồng,Cơ bản,10.7959987687176,106.626134984377,Hẻm ô tô,Quận Tân Phú,Phường Tân Sơn Nhì,1715.3,0,Đường Gò Dầu,92.83390660525856,0.0,0.0,7.1666763831399765,25.0,15.0
50.0,3.0,8.0,Sổ hồng,Cơ bản,10.849647646304,106.743633724257,Hẻm ô tô,Thành phố Thủ Đức,Phường Linh Đông,,0,Đường Số 22,,,,,6.0,6.49
97.0,1.0,6.6,Sổ hồng,Đầy đủ,10.747563404024,106.685335954264,Chưa xác định,Quận 8,Phường 2,1309.7,1,Đường Nguyễn Thị Tần,82.73421394212414,0.0,0.0,17.268076658776817,4.0,7.99
50.0,2.0,7.8,Sổ hồng,Trống / Nhà thô,10.757818149189,106.614288997565,Mặt tiền,Quận Bình Tân,Phường Bình Trị Đông,1106.8,1,Đường Tỉnh Lộ 10,35.00361402240694,0.0,0.0,64.99186844958439,6.0,5.35
115.0,3.0,8.0,Sổ hồng,Cao cấp,10.6929561724343,106.740934206177,Chưa xác định,Huyện Nhà Bè,Thị trấn Nhà Bè,108.7,0,Đường Huỳnh Tấn Phát,15.280588776448942,0.0,0.0,84.68261269549218,9.0,8.3
62.0,3.0,5.5,Sổ hồng,Trống / Nhà thô,10.829862296405,106.638249647473,Hẻm ô tô,Quận Gò Vấp,Phường 12,143.1,1,Đường Huỳnh Văn Nghệ,26.820405310971353,0.0,0.0,73.17959468902865,8.0,7.5
81.0,3.0,8.0,Sổ hồng,Đầy đủ,10.7979916546206,106.704900858777,Mặt tiền,Quận Bình Thạnh,Phường 17,3425.9,1,Đường Điện Biên Phủ,64.69774365860066,33.41837181470563,0.0,1.883300738492075,9.0,8.49
60.0,1.0,7.0,Sổ hồng,Cơ bản,10.7666888916896,106.609580780897,Hẻm ô tô,Quận Bình Tân,Phường Bình Trị Đông A,101.4,0,Đường Đất Mới,31.607495069033526,0.0,0.0,68.40236686390531,3.0,5.5
48.0,5.0,6.0,Sổ hồng,Cơ bản,10.7402257356873,106.700869984925,Mặt tiền,Quận 7,Phường Tân Phong,498563.61,0,Đường Nguyễn Thị Thập,95.4990898754123,0.0,0.11544564995427567,4.385462468871324,10.0,9.5
89.0,4.0,7.0,Sổ hồng,Cơ bản,10.8428504646876,106.711042182462,Chưa xác định,Thành phố Thủ Đức,Phường Hiệp Bình Chánh,,0,Đường 9,,,,,8.0,10.5
55.0,2.0,2.0,Sổ hồng,Đầy đủ,10.7515259941627,106.728831141067,Mặt tiền,Quận 7,Phường Tân Thuận Tây,1917.9,0,Đường Huỳnh Tấn Phát,67.38776787110903,0.0,0.0,32.61171072527244,5.0,4.87
97.0,2.0,3.0,Sổ hồng,Trống / Nhà thô,10.7885759179895,106.780762069695,Mặt tiền,Quận 2,Phường Bình Trưng Tây,,1,Đường 31,,,,,4.0,9.7
80.0,5.0,30.0,Sổ hồng,Trống / Nhà thô,10.826106823489,106.816541045198,Mặt tiền,Thành phố Thủ Đức,Phường Trường Thạnh,,0,Đường Lò Lu,,,,,13.0,15.9
45.0,3.0,6.0,Sổ hồng,Đầy đủ,10.7894750233986,106.675014856123,Hẻm ô tô,Quận 3,Phường 12,1555.2,0,Đường Lê Văn Sỹ,94.44058641975307,0.0,0.0,5.554912551440329,8.0,9.99
91.0,4.0,12.95,Sổ hồng,Đầy đủ,10.7877162675983,106.686197693699,Hẻm ô tô,Quận 3,Phường Võ Thị Sáu,6272.2,1,Đường Nam Kỳ Khởi Nghĩa,82.48254201077772,0.0,3.688976754567775,13.828800102037563,12.0,22.5
48.0,5.0,5.0,Sổ hồng,Cơ bản,10.8194726018314,106.702619133073,Hẻm ô tô,Quận Bình Thạnh,Phường 13,1911.6,0,Đường Nơ Trang Long,95.7951454279138,0.0,0.0,4.203285206110065,18.0,11.7
61.0,4.0,4.0,Sổ hồng,Đầy đủ,10.7055324661194,106.740732478834,Hẻm ô tô,Quận 7,Phường Phú Mỹ,1102.2,0,Đường Chuyên Dùng 9,53.56196697514063,8.746144075485393,0.0,37.69007439666122,9.0,7.99
40.0,3.0,3.4,Sổ hồng,Đầy đủ,10.691735805162,106.736217136767,Hẻm ô tô,Huyện Nhà Bè,Thị trấn Nhà Bè,2106.8,1,Đường Huỳnh Tấn Phát,0.0,99.99952534649704,0.0,0.0,8.0,6.66
69.0,2.0,5.666666666666666,Sổ hồng,Trống / Nhà thô,10.8013436889801,106.698753223473,Mặt tiền,Quận Bình Thạnh,Phường 1,6584.5,1,Đường Diên Hồng,79.96096894221277,0.0,0.37861644771812586,19.661022097349836,8.0,9.0
70.0,2.0,3.0,Sổ hồng,Cơ bản,10.8076596106869,106.64544511371,Mặt tiền,Quận Tân Bình,Phường 13,818.4,0,Đường Văn Chung,65.71114369501466,0.0,0.0,34.28763440860215,5.0,7.8
64.0,3.0,5.8,Sổ hồng,Trống / Nhà thô,10.7529222973732,106.597308766389,Mặt tiền,Quận Bình Tân,Phường Tân Tạo,91301.6,1,Đường Số 48A,0.0,0.10008586925092222,0.0,0.3107174463536236,9.0,7.6
77.0,4.0,8.0,Sổ hồng,Trống / Nhà thô,10.8060034779307,106.690755775888,Mặt tiền,Quận Bình Thạnh,Phường 7,407.9,0,Đường Hoàng Hoa Thám,24.280460897278747,0.0,0.0,75.71708752145135,9.0,13.9
60.0,4.0,4.0,Sổ hồng,Cao cấp,10.6927145483352,106.740927741232,Chưa xác định,Huyện Nhà Bè,Thị trấn Nhà Bè,3078.9,1,Đường Huỳnh Tấn Phát,90.07047971678196,0.0,0.0,9.929195491896458,6.0,5.69
156.0,1.0,8.0,Sổ hồng,Đầy đủ,10.8644009980339,106.745644666719,Mặt tiền,Thành phố Thủ Đức,Phường Tam Phú,,0,Đường Tam Châu,,,,,5.0,10.0
54.0,6.0,50.0,Sổ hồng,Trống / Nhà thô,10.7537959213283,106.65854254479,Mặt tiền,Quận 5,Phường 11,2922.0,0,Đường Châu Văn Liêm,83.44250513347022,0.4688569472963723,0.0,16.088295687885008,13.0,21.0
100.0,4.0,16.599999999999998,không có,Đầy đủ,21.0289486097874,105.852447225903,Chưa xác định,Quận 2,Phường An Phú,,1,Đường Song Hành,,,,,9.0,21.0
52.0,3.0,26.0,Sổ hồng,Trống / Nhà thô,10.8349641867059,106.684250801421,Mặt tiền,Quận Gò Vấp,Phường 6,1231.3,0,Đường Dương Quảng Hàm,27.824250791846016,0.0,72.17493705839357,0.0,7.0,13.8
45.0,2.0,3.0,Sổ hồng,Đầy đủ,10.7683378303204,106.692403946467,Mặt tiền,Quận 1,Phường Nguyễn Thái Bình,16853.0,0,Đường Phạm Ngũ Lão,95.07618821574793,4.922862398386044,0.0,0.0,6.0,9.0
60.0,3.0,4.0,Sổ hồng,Đầy đủ,10.7979628108693,106.710887064904,Mặt tiền,Quận Bình Thạnh,Phường 21,3299.9,0,Đường Xô Viết Nghệ Tĩnh,99.48059032091882,0.30637292039152697,0.0,0.21394587714779234,13.0,8.5
64.0,3.0,6.0,Sổ hồng,Cơ bản,10.8458543270166,106.71825092203,Chưa xác định,Thành phố Thủ Đức,Phường Hiệp Bình Phước,,0,Đường Quốc Lộ 13,,,,,8.0,7.2
66.0,2.0,20.0,Sổ hồng,Trống / Nhà thô,10.7993003540195,106.693638352476,Mặt tiền,Quận Bình Thạnh,Phường 3,135.1,0,Phố Vạn Kiếp,20.66617320503331,0.0,0.0,79.30421909696521,5.0,7.65
46.0,2.0,4.0,Sổ hồng,Đầy đủ,10.7698084626697,106.647739226056,Mặt tiền,Quận 11,Phường 14,64.4,0,Đường Ông Ích Khiêm,0.0,0.0,0.0,99.93788819875775,6.0,7.4
76.0,3.0,5.0,Sổ hồng,Trống / Nhà thô,10.8737169273913,106.630777200439,Mặt tiền,Quận 12,Phường Tân Chánh Hiệp,,1,Đường Nguyễn Thị Búp,,,,,7.0,6.2
61.0,5.0,5.0,Sổ hồng,Đầy đủ,10.772346646959,106.684471479222,Mặt tiền,Quận 3,Phường 4,40.1,0,Đường Nguyễn Đình Chiểu,0.0,0.0,100.0,0.0,9.0,12.8
50.0,3.0,4.0,Sổ hồng,Đầy đủ,10.8108521682104,106.713317929236,Chưa xác định,Quận Bình Thạnh,Phường 26,1630.4,0,Đường Xô Viết Nghệ Tĩnh,0.0,0.0,0.0,99.99815996074581,7.0,8.75
43.0,3.0,7.15,Sổ hồng,Đầy đủ,10.801404565948,106.698724216602,Chưa xác định,Quận Bình Thạnh,Phường 1,6584.5,1,Đường Ngô Nhân Tịnh,79.96096894221277,0.0,0.37861644771812586,19.661022097349836,9.0,6.95
86.0,3.0,12.0,Sổ hồng,Đầy đủ,10.795885,106.792244,Chưa xác định,Quận 9,Phường Phú Hữu,,0,Đường Vành Đai Trong,,,,,7.0,12.0
65.0,4.0,15.0,Sổ hồng,Đầy đủ,10.7959024744744,106.671021943442,Mặt tiền,Quận Phú Nhuận,Phường 10,1138.5,0,Đường Hoàng Diệu,38.827404479578384,0.1282389108476065,0.0,61.04699165568731,11.0,19.0
70.0,2.0,6.0,Sổ hồng,Trống / Nhà thô,10.8097368183889,106.692754128669,Hẻm ô tô,Quận Bình Thạnh,Phường 7,765.2,0,Đường Lê Quang Định,96.49503397804496,0.0,0.0,3.5023523261892313,7.0,9.4
51.0,2.0,4.0,Sổ hồng,Trống / Nhà thô,10.7834649429933,106.678354106471,Mặt tiền,Quận 3,Phường 9,65.7,0,Đường Rạch Bùng Binh,5.220700152207002,0.0,94.80974124809741,0.0,5.0,7.8
56.0,3.0,3.0,Sổ hồng,Trống / Nhà thô,10.7805720630861,106.761941487783,Chưa xác định,Quận 2,Phường Bình Trưng Tây,,0,Đường Nguyễn Thị Định,,,,,8.0,6.6
184.0,6.0,8.0,Sổ hồng,Trống / Nhà thô,10.7692496455059,106.700594547117,Hẻm ô tô,Quận 1,Phường Nguyễn Thái Bình,2261.6,0,Đường Nguyễn Thái Bình,0.0,0.0,100.0,0.0,31.0,59.0
76.0,4.0,4.0,Sổ hồng,Trống / Nhà thô,10.8423567013915,106.642512702833,Mặt tiền,Quận Gò Vấp,Phường 14,180.6,0,Đường Quang Trung,10.343300110741971,0.0,0.0,89.65116279069768,9.0,7.19
62.0,4.0,12.0,Sổ hồng,Đầy đủ,10.7484483420628,106.716901048589,Chưa xác định,Quận 7,Phường Tân Thuận Tây,205.1,0,Đường Số 13,52.99366162847392,0.0,0.0,46.98196001950269,12.0,16.8
52.0,3.0,5.0,Sổ hồng,Đầy đủ,10.7843304784641,106.650894285406,Mặt tiền,Quận Tân Bình,Phường 8,1231.4,0,Đường Lạc Long Quân,94.19522494721456,0.0,0.0,5.807211304206595,8.0,8.5
58.0,3.0,6.0,Sổ hồng,Trống / Nhà thô,10.7835895488914,106.647339599946,Chưa xác định,Quận Tân Bình,Phường 10,846.9,0,Đường Ni Sư Huỳnh Liên,99.37064588499234,0.0,0.0,0.6328964458613768,8.0,10.0
50.0,1.0,10.6,không có,Trống / Nhà thô,10.7854785396334,106.698747003229,Mặt tiền,Quận 1,Phường Đa Kao,3861.0,1,Đường Mạc Đĩnh Chi,0.7637917637917637,0.0,99.23569023569023,0.0,2.0,11.5
40.0,3.0,18.35,Sổ hồng,Đầy đủ,10.746621701028223,106.61712964523338,Mặt tiền,Quận Bình Tân,Phường An Lạc,,1,Đường Số 12,,,,,8.0,7.25
448.0,4.0,18.0,Sổ hồng,Trống / Nhà thô,10.8083994321884,106.73300967008,Chưa xác định,Quận 2,Phường Thảo Điền,,1,Đường Nguyễn Văn Hưởng,,,,,12.0,78.0
108.0,4.0,10.0,Sổ hồng,Đầy đủ,10.7913270032492,106.645130229191,Mặt tiền,Quận Tân Bình,Phường 11,169.1,0,Đường Bàu Cát,0.0,0.0,0.0,99.98817267888825,14.0,16.0
97.0,3.0,5.766666666666667,Sổ hồng,Trống / Nhà thô,10.7925393138791,106.668184393649,Mặt tiền,Quận Phú Nhuận,Phường 14,1183.8,1,Đường Đặng Văn Ngữ,80.82699780368307,0.0,0.0,19.17384693360365,8.0,16.0
