Link,Mô tả,hem_xe_hoi,gan_cho_sieu_thi,gan_truong_hoc,gan_benh_vien,gan_cong_vien_ho_nuoc,hem_xe_hoi,gan_cho_sieu_thi,gan_truong_hoc,gan_benh_vien,gan_cong_vien_ho_nuoc
https://batdongsan.com.vn/ban-nha-biet-thu-lien-ke-duong-so-20-phuong-hiep-binh-phuoc-khu-do-thi-van-phuc-city/duy-nhat-01-can-re-hon-20-ty-mat-tien-25m-huong-song-sai-gon-pr44529042,"Chỉ duy nhất 01 căn biệt thự tại khu đô thị Vạn Phúc City cách đây 5 năm mua 37 tỷ, lúc này bán 38.5 tỷ, (đã áp dụng chính sách chiết khấu lớn đợt này). Vị trí mặt tiền đường 25m hướng sông Sài Gòn, trung tâm khu biệt thự gần sông, trước mặt là sông Sài Gòn, sau lưng là hồ điều hòa giữa lòng khu đô thị, môi trường sống cực kỳ trong lành, hàng giá cực tốt cho anh chị mua ở và đầu tư.

Diện tích: 161 m² (7mx23m) Xây dựng: Hầm, 4 tầng và sân thượng.
Đường trước nhà: Lộ giới 30m.
Pháp lý: Sổ hồng riêng Giá bán: 38.5 tỷ thương lượng Liên hệ
0909 933 ***
Nguyễn Đạt Tài để nhận thêm thông tin, hình ảnh và sổ hồng.",,,,,,0,0,0,0,0
https://batdongsan.com.vn/ban-nha-rieng-duong-26-3-phuong-binh-hung-hoa-65/bhh-tan-74m2-4x18-5-3-tang-btct-hem-7m-xe-hoi-thong-chi-8-toi-45-tl-pr45700944,"Vị trí: Bình Hưng Hoà, Quận Bình Tân.
Diện tích: 74m² (4x18.5).
Kết cấu: 1 trệt 2 lầu + sân thượng, 4PN, 3WC, PK, bếp, phòng thờ.
Hẻm: 7m thông, xe hơi đỗ cửa thoải mái.
Tiện ích: Gần Aeon Tân Phú, chợ, trường học, UBND đi đâu cũng tiện.
Pháp lý: Sổ hồng riêng, công chứng ngay.
Giá: 8.45 tỷ TL.

Ưu điểm: Có phòng ngủ dưới trệt cực tiện cho gia đình có người lớn tuổi.
Vừa ở vừa mở văn phòng / kinh doanh online quá đẹp.

Liên hệ: Zalo xem sổ
0967 071 ***
.
--------------
- Cam kết nhà thật Hình ảnh thật!
- Chỉ tiếp khách thật - thiện chí.
- Không tiếp Quảng cáo, môi giới.
---------------
- Nhận tìm nhà theo yêu cầu.
- Nhận làm hồ sơ sang tên, ra sổ mới,
- Tất cả giấy tờ pháp lý: Đo, vẽ, đền bù, tranh chấp, nhà đất., có hợp đồng cty ký kết uy tín.
----------------
Phương châm: ' Giữ chữ tín để thành công.

Xin Cảm ơn!",,,,,,1,0,0,0,0
https://batdongsan.com.vn/ban-nha-rieng-duong-tan-my-phuong-tan-thuan-tay-1-59/ban-3-tang-quan-7-4-ty-xiu-shr-40m-4pn-kdc-hien-huu-tang-noi-that-pr44953507,"Bán nhà 3 tầng Tân Mỹ Quận 7 | 4.3 tỷ, SHR, 40m², 4PN.
Địa chỉ: Khu dân cư Tân Mỹ Quận 7, sát hẻm xe hơi, cách đường chính chỉ vài bước chân.
Giá bán: 4 tỷ 3.
Diện tích thực tế 40m² (sổ CN 37m²).
Kết cấu: 3 tầng 4 phòng ngủ 3 WC.
Hẻm: Sát HXH, có thể đậu xe, thông thoáng.
Sổ hồng riêng (SHR) Công chứng ngay.
Mô tả chi tiết.
Nhà đẹp mới xây, thiết kế hiện đại, thông thoáng mua vào ở liền hoặc cho thuê đều tốt.
Vị trí đắc địa trong KDC hiện hữu, an ninh tốt.
Hẻm rộng, di chuyển linh hoạt, cách trục chính chỉ vài bước.
Gần trường học, siêu thị, chợ, bệnh viện, tiện sinh hoạt hàng ngày.
Chủ nhà nhiệt tình, pháp lý rõ ràng sang tên nhanh.
Sổ hồng riêng chuẩn pháp lý an tâm giao dịch.
Tiện ích xung quanh.
Trường học Nguyễn Hữu Thọ, đại học tài chính marketing.
Siêu thị Coop Food chợ Cư xá ngân hàng.
Giao thông kết nối trung tâm qua Nguyễn Thị Thập, Nguyễn Hữu Thọ, Lâm Văn Bền, cư xá ngân hàng.
Quán ăn cafe gym spa ngay khu vực.
Liên hệ em Trang nhà đẹp
0939 046 ***
gặp và Làm Việc trực tiếp chủ nhà - Minh bạch - Cam kết giá chính xác tuyệt đối - Không mua bán sản phẩm thiếu pháp lý và thiếu an toàn.
- Hỗ trợ khách hàng miễn phí mọi thủ tục công chứng, quy hoạch, ngân hàng.",,,,,,0,1,1,1,1
https://batdongsan.com.vn/ban-nha-mat-pho-duong-huynh-van-banh-phuong-14-9-68/phu-nhuan-tien-62-5m2-no-hau-6-2m-4-tang-cach-san-bay-chi-5-20-9-ty-pr44940394,"Phú Nhuận - MT Huỳnh Văn Bánh - 62.5m² - 20.9 tỷ - 4 tầng - 6PN - kinh doanh đỉnh.
Vị trí: Mặt tiền đường Huỳnh Văn Bánh, Phường 14, Phú Nhuận. Đoạn gần Lê Văn Sỹ, khu vực kinh doanh sầm uất, kết nối nhanh Quận 1, Quận 3 và sân bay.

Diện tích: Diện tích công nhận 62.5m², thông số gọn, dễ khai thác.

Kết cấu: Nhà xây dựng bê tông cốt thép 4 tầng, gồm 6 phòng ngủ khép kín, thiết kế thoáng.

Khai thác: Phù hợp mở văn phòng, spa, showroom hoặc cho thuê. Khu vực thương hiệu, dễ khai thác dòng tiền ổn định.

Pháp lý: Sổ hồng riêng, pháp lý chuẩn.

Liên hệ:
0901 337 ***
- Mr Quốc Đại, Banker mê nhà, hỗ trợ xem nhà và tư vấn giải pháp tài chính.",,,,,,1,0,1,1,1
https://batdongsan.com.vn/ban-nha-mat-pho-duong-co-giang-phuong-1-22-68/phu-nhuan-mt-33-8m2-5-tang-8pn-moi-kinh-doanh-inh-pr45585997,"Phú Nhuận - MT Cô Giang - 33.8m² - 9.95 tỷ - 5 tầng - 8pn - nhà mới - kinh doanh đỉnh.

Vị trí: Mặt tiền đường Cô Giang, Phường 1, Phú Nhuận khu Cầu Kiệu, ngay trục Phan Đình Phùng sầm uất. Vị trí kết nối nhanh sang Quận 1, khu vực kinh doanh nhộn nhịp, dân cư đông đúc.

Diện tích: Diện tích công nhận 33.8m². Diện tích sử dụng thực tế khoảng 46.9m², không gian khai thác rộng hơn so với diện tích trên sổ.

Kết cấu: Nhà xây dựng bê tông cốt thép kiên cố, 1 trệt 4 lầu sân thượng, gồm 8 phòng ngủ, 5WC. Thiết kế phù hợp khai thác căn hộ dịch vụ hoặc cho thuê phòng.

Khai thác: Phù hợp vận hành căn hộ dịch vụ, cho thuê phòng hoặc kết hợp mở văn phòng, spa, shop. Khu vực đông dân cư, nhu cầu thuê cao, dễ khai thác ổn định.

Pháp lý: Sổ hồng riêng, pháp lý chuẩn.

Liên hệ:
0901 337 ***
- Mr Quốc Đại, Banker làm môi giới để xem nhà và nhận tư vấn giải pháp tài chính tốt nhất.",,,,,,0,1,1,1,1
https://batdongsan.com.vn/ban-nha-mat-pho-duong-tap-doan-6b-phuong-tan-tao-65/ban-can-goc-7m-uong-cuc-hiem-uong-bo-kenh-tham-luong-quan-binh-tan-pr45623520,"Nhà mặt sông đường Tập Đoàn 6B, Phường Tân Tạo, Hồ Chí Minh (cũ: Quận Bình Tân, Hồ Chí Minh) là một lựa chọn lý tưởng cho những ai muốn đầu tư vào bất động sản. Với diện tích 171,6 m² hiện tại kinh doanh trọ full phòng.

- Giá bán: 18,9 tỷ VND.
- Hướng cửa chính: Đông Bắc.
- Diện tích: 171,6 m².
- Cho thuê 10 phòng trọ và 1 nhà riêng.
- Đường vào: Mặt tiền sông 20m, hẻm 3.4m và hẻm 2.38m.
- Pháp lý: Sẵn sổ hồng "" Giao dịch trong ngày "".
- Em chính chủ bán không qua trung gian.

Tiện ích xung quanh bán kính 3km.
- Bệnh viện Gia An 115, Bệnh viện Quốc tế City, AEON Bình Tân.
- Siêu thị Mẹ Bầu & Em Bé Con Cưng, Siêu thị Bách Hóa Xanh.
- Trường Hoa Hồng Nhỏ.
- Trường học cấp 3, GO! "".

Để biết thêm thông tin chi tiết và được tư vấn miễn phí, vui lòng liên hệ Bùi Hùng Hiếu qua số điện thoại
0937 791 ***
.",,,,,,0,1,1,1,1
https://batdongsan.com.vn/ban-nha-rieng-duong-ong-ich-khiem-phuong-14-6-63/ban-chinh-chu-quan-11-hxh-dt-3-6x15m-no-hau-gia-6-5-ty-chot-pr45533286,"- Nhà mới có dòng tiền sẵn HD thuê 12 triệu/tháng.
- Diện tích ngang 3,56m, nở hậu 3,6m dài 14,4m 45m².
- Kết cấu nhà đúc thật BTCT 1 trệt 1 lầu.
- Gồm 2PN + 2WC, 1 bancon rộng, PK & bếp, sân rộng để xe.
- Hẻm trước nhà 5m thông (quy hoạch mở rộng 8M), xe hơi đỗ ngay nha thông ra đường 100 Bình Thới.
- Khu dân cư hiện hữu, ngay Cư Xá Lữ Gia, nhà thi đấu Phú Thọ, công viên Đầm Sen, cách 500M về vòng xoay Lê Đại Hành, gần chợ Bình Thới, đi Quận 1, Quân 3, Quận 5 chỉ 5 - 10 phút chạy xe.
- Sổ hồng riêng chính chủ chưa qua mua bán, hoàn công.
- Giá 6 tỷ 500 triệu còn bớt thiện chí.",,,,,,1,1,1,1,1
https://batdongsan.com.vn/ban-nha-rieng-duong-nguyen-thi-minh-khai-phuong-5-8-55/hang-oc-quyen-306-2-dt-12-4-x-10-cn-108-1m2-ham-7-tang-co-h-t-150tr-pr45677254,"Nhanh tay sở hữu căn nhà riêng tại Phường Bàn Cờ, Hồ Chí Minh (Quận 3, Hồ Chí Minh cũ) với những đặc điểm nổi bật sau:
- Diện tích 108.1 m², thiết kế 8 phòng ngủ, 6 phòng tắm.
- 8 tầng, mặt tiền rộng 12.4m, ngõ vào rộng 12m, thuận tiện cho việc di chuyển.
- Nội thất đầy đủ, sẵn sàng cho cuộc sống ngay lập tức.
- Pháp lý đầy đủ, đảm bảo quyền lợi cho người sở hữu.

Ưu điểm:
- Mặt tiền đẹp, phù hợp cho việc kinh doanh hoặc cho thuê.
- Ngõ vào rộng rãi, dễ dàng tiếp cận bằng ô tô.
- Không gian sống thoáng đãng, yên tĩnh.

Cách trường học, chợ, siêu thị trong bán kính 2km:
- Cách bệnh viện Da Liễu TP. HCM, bệnh viện Tai Mũi Họng TP. HCM, bệnh viện Nhi Đồng 1.
- Cách công viên Văn Hóa Lê Thị Riêng, công viên Dịch Vụ Cầm Xe Ô Tô Minh Ngọc Bông Sao, công viên Quận 10.
- Cách siêu thị Mẹ Bầu & Em Bé Con Cưng, siêu thị Nhất Hương, siêu thị Sách Nhân Văn.
- Cách trường Pháp Ngữ Bonjour, trường Mầm Non Sóc Nâu - Quận 10.
Chỉ 40 tỷ.

Liên hệ để được tư vấn miễn phí qua số điện thoại
0935 489 ***
hoặc gặp Bấtđộngsản Minh Thông.",,,,,,0,1,1,1,1
https://batdongsan.com.vn/ban-nha-rieng-duong-huynh-tan-phat-phuong-phu-thuan-3-59/day-tro-5-5x15-cn-77-5m2-gan-hxh-q7-gia-5-4t-pr45469174,"Dãy trọ 5.5x15 CN 77.5m² gần HXH Huỳnh Tấn Phát Phú Thuận Q7 giá 5.4Tỷ.
Diện tích: 5.5m x 15m, CN 77.5m², sổ đẹp.
Hiện trạng: Dãy trọ đang khai thác, có sẵn dòng tiền.
Phù hợp mua giữ tiền, tiếp tục cho thuê hoặc xây mới CHDV.
Vị trí: Gần hẻm xe hơi, khu dân cư đông đúc, nhu cầu thuê cao.
Gần Huỳnh Tấn Phát, tiện di chuyển các khu vực trung tâm.
PL: SHR, công chứng ngay.
Giá 5.4Tỷ còn TL chính chủ.",,,,,,0,1,1,1,1
https://batdongsan.com.vn/ban-nha-rieng-duong-binh-loi-phuong-13-7-66/3-lau-moi-ngay-cong-vien-14-8-ty-p13-thanh-dt-4x15-60m2-4pn-4wc-pr45726826,"- Bán nhà 3 lầu còn mới, xây đúc kiên cố sổ mới hoàn công 2026 tại Bình Lợi, P13, Bình Thạnh.
(nay là phường Bình Lợi Trung) đối diện công viên thoáng mát.
- DT: 4x15m vuông vức, công nhận 60m².
- Kết cấu: 1 trệt 3 lầu sân thượng.
- Gồm 4 phòng ngủ 4 toilet.
- Sổ mới 2026 hoàn công đầy đủ, công chứng trong ngày.
- Khu dân cư đồng bộ, dân trí cao, đường 10m ngay công viên rất thoáng mát, xe hơi đậu trước nhà thoải mái 24/7.
- Gía 14,8 tỷ thương lượng.
- LH: Hoàng Phúc
0932 143 ***
xem nhà và thương lượng chính chủ.",,,,,,1,1,1,1,1
https://batdongsan.com.vn/ban-nha-rieng-duong-rach-cat-phuong-15-2-60/moi-don-vao-o-ngay-3-tang-kien-co-co-san-au-xe-thoai-mai-hem-rong-uong-quan-8-pr45237780,"Bán nhà hẻm Rạch Cát Phường Phú Định (Phường 15 Quận 8 cũ). Nhà hẻm thông thoáng gần Cầu Nhà Thương.
- Diện tích đất: 40.5m² (3.4m x 12.11m);
- Hiện trạng: 1 trệt 2 lầu với 4 phòng ngủ, 3 toilet.
- Nhà xây mới dọn vào ở được ngay, có khoản sân đậu xe trước nhà.
- Hướng: Đông Bắc.
- Pháp lý: Sổ hồng riêng.
- Vị trí: Hẻm thông thoáng.

Tiện ích:
Chợ/TTTM: Chợ Rạch Cát cách 650m.
Trường học: Tiểu học Lưu Hữu Phước cách 500m, THCS Bình Đông cách 300m, THPT Ngô Gia Tự cách 2.5km.
----------------------------
Liên hệ:
0931 155 ***
Minh Nhà Đẹp.
(Pháp lý minh bạch - hỗ trợ toàn bộ thủ tục công chứng sang tên).",,,,,,1,0,0,0,0
https://batdongsan.com.vn/ban-nha-rieng-duong-nguyen-dinh-khoi-phuong-4-20-69/ban-hxh-hoang-van-thu-dt-51m2-dep-moi-2-lau-st-chi-hon-8-ty-tl-pr43874140,"- Chính chủ cần bán gấp nhà hẻm xe hơi đường Nguyễn Đình Khơi phường 4 quận Tân Bình phường mới: Phường Tân Sơn Nhất.

- Vị trí đẹp, xe hơi tới nhà, hẻm thông, cách mặt tiền đường Nguyễn Đình Khơi 70m. Cách Hoàng Văn Thụ 200m. Gần công viên Nguyễn Đình Khơi, Hoàng Việt, Út Tịch.

- Khu vực an ninh, yên tĩnh, dân cư tri thức... Rất hiếm nhà bán.

- Diện tích: 3.5m x 14m, công nhận 51m².

- Kết cấu: 1 trệt 2 lầu. Chính chủ xây để ở, nhà rất đẹp còn mới, và kiên cố, gồm: Phòng khách, bếp, 4 phòng ngủ, 5wc, sân thượng trước.

- Giá bán chỉ: 8.8 tỷ, còn thương lượng khách thiện chí.

- Liên hệ ngay Ms Kim
0937 573 ***
, để được xem nhà và thương lượng giá chính chủ.",,,,,,0,1,1,1,1
https://batdongsan.com.vn/ban-nha-mat-pho-duong-ho-hao-hon-phuong-co-giang-53/tien-quan-1-gia-re-hiem-dong-tien-san-au-tu-giu-tien-cuc-tot-pr45586004,"* Vị trí Kim Cương.
Mặt tiền đường Hồ Hảo Hớn khu lõi trung tâm Quận 1, kết nối trực tiếp Trần Hưng Đạo, Nguyễn Trãi, Cô Giang, Đề Thám, chỉ vài phút tới Bùi Viện, Chợ Bến Thành, Bitexco, Takashimaya.
Vị trí ăn tiền khu du lịch, kinh doanh sầm uất, luôn có nhu cầu thuê, vài phút tới Quận 3, Quận 4, Quận 5.

* Thông tin tài sản:
DT công nhận: 34.3m² (3.9m x ~9m).
Kết cấu: 1 trệt, 2 lầu.
Đang cho thuê Spa: ~432 triệu/năm.

* Vì sao đây là tài sản đáng mua?
Mặt tiền Quận 1 cực hiếm nguồn cung gần như cạn.
Giá chỉ 17.9 tỷ (~521tr/m²) thuộc nhóm rẻ nhất phân khúc mặt tiền trung tâm.
Vị trí du lịch không lo thiếu khách thuê.
Tài sản trung tâm giữ tiền & tăng giá theo thời gian.
Tối ưu thêm lợi nhuận nếu tự khai thác (Airbnb/CHDV).

* Kết luận nhanh: Mặt tiền + giá rẻ + trung tâm = cơ hội hiếm để sở hữu tài sản lõi Quận 1.

Giá: 17.9 tỷ (TL tốt cho khách thiện chí).
Gọi ngay
0909 061 ***
Hữu Hiệp - Mr. Brook Chuyên Bất Động Sản Trung Tâm.",,,,,,1,1,1,1,1
https://batdongsan.com.vn/ban-nha-rieng-duong-huynh-tan-phat-phuong-phu-thuan-3-59/ep-moi-hoan-thien-hem-1247-uong-quan-7-6m-x-7m-canh-my-hung-pr45726822,"Nhà mới đẹp hẻm Đường Huỳnh Tấn Phát, Quận 7 - 6m x 7m - Cạnh Phú Mỹ Hưng.

Giá: 6Tỷ800 (TL).
Diện tích: 6m x 7m.
Kết cấu: 1 trệt, 2 lầu (4 phòng ngủ full nội thất).
Khu dân cư hiện hữu, an ninh, yên tĩnh, hàng xóm thân thiện.
Pháp lý: Sổ hồng riêng. Hoàn công. Hỗ trợ vay ngân hàng.
Liên hệ Zalo
0931 144 ***
Hiền.",,,,,,1,0,0,1,0
https://batdongsan.com.vn/ban-nha-rieng-duong-huynh-van-chinh-phuong-phu-trung-70/chu-gui-tan-thanh-quan-tan-dt-3-9x9-ket-cau-1-tret-2-tang-3-phon-pr45489510,"Chủ gửi. Huỳnh Văn Chính, phường Phú Trung, quận Tân Phú.
DT: 3.9x9m. Kết cấu 1 trệt, 2 tầng, 3 phòng ngủ, 3wc.
Vị trí sát BV Tân Phú ngã ba khuôn Việt.
Giá 4,8 tỷ TL. Pháp lý tốt công chứng ngay.",,,,,,1,1,1,1,1
https://batdongsan.com.vn/ban-nha-rieng-duong-so-5-phuong-binh-an-54/khanh-sat-ben-chung-cu-bo-cong-uong-xe-hoi-ne-thong-thoang-ngang-7-5m-no-hau-9-35m-pr45661049,"Nhà có diện tích đất đẹp. TDT 108m². Giá 13.5 tỷ (125 tr/m²). Đường xe hơi né nhau thông ra các phía. 300m ra Trần Não - Xa Lộ Hà Nội. Nhà cũ tiện xấy mới. 100m ra chợ Đo Đạc trường THCS Nguyễn Hiền. SHR công chứng liền. LH
0937 978 ***
A Đông. Có nhiều nhà đất giá rẻ - hàng kín - Ngộp NH.",,,,,,1,0,0,0,0
https://batdongsan.com.vn/ban-nha-rieng-duong-huong-lo-2-phuong-binh-tri-dong-a-65/khu-phan-vip-2-ep-4-tang-gia-chi-6-95-ty-pr45725714,"DT: 4m x 14m (54m²).
Kết cấu: 1 trệt 2 lầu sân thượng.
Công năng: 4PN 4WC.
Hướng: Nam.
Hiện trạng: Nhà đẹp, công năng đầy đủ, dọn vào ở ngay.

Vị trí đẹp khu Hương Lộ 2 thông 688 Hương Lộ 2 363 Bình Trị Đông Lê Văn Quới.
Khu phân lô dân cư đồng bộ, nhà cao tầng, an ninh.
Hẻm xe hơi thông thoáng, di chuyển thuận tiện.

Phù hợp ở gia đình, mở văn phòng, kinh doanh online hoặc khai thác cho thuê.
Thiết kế hiện đại, tối ưu diện tích sử dụng, mức giá cực tốt trong khu vực.

Pháp lý: Sổ hồng riêng công chứng trong ngày.
Giá chỉ: 6.95 tỷ thương lượng.",,,,,,1,1,1,1,1
https://batdongsan.com.vn/ban-nha-rieng-duong-so-5-phuong-linh-tay-71/cuc-ngon-o-to-thong-ep-gia-re-2-mat-truoc-sau-thu-uc-ep-2pn-2wc-pr45676946,"- Thông số: 4x12.7m (51m²), 2 tầng, 2PN, 2WC.
- Kết cấu: 2 tầng (nhà kiên cố BTCT sạch đẹp vào ở ngay).
* Vị trí & tiềm năng:
- Đường số 5 và 6, phường Linh Tây, ngay lõi Thủ Đức.
- Sát bên Phạm Văn Đồng, Đào Trinh Nhất, di chuyển đi đâu cũng tiện.
- Khu dân cư an ninh, yên tĩnh, đầy đủ tiện ích trường học, chợ, siêu thị trong bán kính 500m.
- Ngang 4m chuẩn chỉnh, phân khúc dưới 5 tỷ tại Linh Tây luôn là tâm điểm săn đón của khách mua ở và đầu tư.
- Giá: 4.95 tỷ (Giá mới cập nhật từ chủ).

* Anh chị tìm nhà mua ở trung tâm, không nên bỏ qua căn nhà cực ngon này ạ.",,,,,,1,0,1,1,1
https://batdongsan.com.vn/ban-nha-rieng-duong-huynh-thi-dong-thi-tran-nha-be-76/ban-nr-4pn-5wc-80m2-gia-cuc-chat-8-2-ty-tai-ong-hcm-pr45509322,"Căn nhà riêng này nằm ở đường Huỳnh Thị Đồng, Xã Nhà Bè, Hồ Chí Minh - Huyện Nhà Bè, Hồ Chí Minh cũ, với diện tích 80m², CN 66m² 4 phòng ngủ và 5 phòng tắm. Nhà 3 tầng với mặt tiền rộng 8m, siêu phù hợp cho cả gia đình hoặc mở kinh doanh. Pháp lý đầy đủ, sổ đỏ sẵn sàng. Ngõ vào rộng 8m, thoải mái cho ô tô.

Giá chỉ 8,2 tỷ, cực kỳ phải chăng cho một căn nhà chất lượng như vậy. Phong thủy tốt, không khí trong lành, không gian thoáng đãng.

Gần trường học, gần chợ/siêu thị, có công viên, thuận tiện cho cuộc sống hàng ngày.

Liên hệ ngay Hiền Phạm
0931 144 ***
để biết thêm chi tiết!",,,,,,0,1,1,1,1
https://batdongsan.com.vn/ban-nha-rieng-duong-bui-vien-phuong-pham-ngu-lao-1-53/ban-goc-2-mat-hem-q1-dong-tien-manh-khai-thac-airbnb-cuc-tot-gia-8-45-ty-tl-pr45639929,"Bán nhà góc 2 mặt hẻm Bùi Viện Q1 dòng tiền mạnh khai thác Airbnb cực tốt giá 8.45 tỷ TL.

Căn nhà tọa lạc tại khu phố Tây Bùi Viện, Phường Bến Thành, Quận 1 trung tâm du lịch sầm uất bậc nhất TP. HCM, nơi tập trung lượng khách quốc tế đông, nhu cầu lưu trú rất cao.

Nhà sở hữu vị trí góc 2 mặt hẻm thông thoáng, cực kỳ hiếm trong khu vực, phù hợp khai thác homestay, Airbnb, căn hộ dịch vụ hoặc kinh doanh mô hình lưu trú ngắn hạn.

Diện tích 3 x 8.4m, diện tích sử dụng khoảng 100m². Kết cấu 3 tầng + sân thượng, gồm 1 phòng khách, 2 phòng ngủ, 3 WC, mỗi tầng 1 phòng lớn, bố trí hợp lý.

Hiện trạng nhà mới xây, đã hoàn công, đang cho thuê khoán 20 triệu/tháng (hợp đồng dài hạn, tăng 5% mỗi năm). Nếu tự vận hành có thể đạt doanh thu khoảng 60 triệu/tháng. Nhà đã setup sẵn nội thất cơ bản mua vào khai thác ngay.

* Điểm mạnh đầu tư:
Trung tâm phố Tây dòng khách ổn định quanh năm.
Góc 2 mặt hẻm thoáng dễ khai thác.
Có sẵn dòng tiền tối ưu lợi nhuận tốt.
Giá mềm hiếm trong khu Bùi Viện.

Pháp lý: Sổ hồng riêng hoàn công đầy đủ.

Giá bán: 8.45 tỷ (còn thương lượng).

Liên hệ xem nhà chốt nhanh sản phẩm dòng tiền.
0965 221 ***
Viết Ân Luxury (Chuyên bất động sản trung tâm).",,,,,,0,1,1,1,1
https://batdongsan.com.vn/ban-nha-rieng-duong-nguyen-van-tao-xa-long-thoi-76/120m2-4tang-6pn-uong-20m-7-ty-pr45314063,"DT: 9x15m.
Đường trước nhà 20m.
1 trệt 2 lầu 1 sân thượng (6PN 5WC) sân trước + sân sau mát mẻ thông thoáng.
Gần các khu CN, chợ, ngân hàng, trường học, siêu thị...
Cách cao tốc vài phút.
Khu DC yên tĩnh, cách đường lớn 200m.
Sổ hồng riêng hoàn công đầy đủ.",,,,,,1,1,1,1,1
https://batdongsan.com.vn/ban-nha-mat-pho-duong-cu-xa-phu-lam-a-phuong-12-3-58/ban-tien-4m-x-20m-x-5-tang-12-3-ty-tl-pr45685220,"+ Vị trí: Gần công an phường 12 cũ và trường THCS Lam Sơn.
+ Mặt tiền khu phân lô cư xá Phú Lâm A.
+ DT: 80m² (4m x 20m) trệt, lửng, 2 lầu, sân thượng/6Pn.
+ Nhà mới, ở ngay, không gian sống rộng rãi, thoáng mát.
+ Đường trước nhà rộng hơn 10m thông thoáng.
+ Khu an ninh, dân trí cao, rất đáng sống.
+ Gần chợ học các cấp, chợ Phú Định, siêu thị Metro Bình Phú, bệnh viện quận.
+ Sổ hồng vuông vức, hoàn công đầy đủ.
+ LH:
0826 749 ***
Mr Thanh, hỗ trợ xem nhà trực tiếp, gặp chính chủ.
+ Gia chủ thiện chí bán...",,,,,,1,0,0,1,0
https://batdongsan.com.vn/ban-nha-rieng-duong-so-18-phuong-tan-quy-2-70/ban-hxh-canh-cho-tho-huong-q-phu-72m-2tang-6-39-ty-pr45507032,"Bán nhà HXH cạnh chợ, nhà thờ Tân Hương q. Tân Phú 73m², 2tầng.

Gọi ngay cho tôi khi bạn đọc được tin 24/24h - Hải HaSaGoLands
0934 015 ***
.
Hoặc giới thiệu giúp tôi nếu bạn biết ai có nhu cầu.

* Kết cấu và thông số.
+ Diện tích: 72m², ngang 4m vuông vức.
+ Kết cấu: 1 trệt, 1 lầu. Nhà còn tốt, vào ở hoặc cho thuê được luôn.

* Lợi ích và khác biệt.
+ Khu dân cư an ninh, dân trí cao. Hẻm sạch sẽ, thông thoáng... Xung quanh bán kính 100m đầy đủ tiện ích sinh hoạt như chợ, nhà thờ Tân Hương, Trường học các cấp,...
+ Chính chủ 1 đời, hẻm thẳng 1 trục tới nhà.

+ Sổ hồng riêng, ngân hàng hỗ trợ vay, sang tên công chứng trong ngày.
+ Khu vực được xây cao tầng, rất phù hợp mua xây CHDV cho thuê hoặc vừa ở vừa cho thuê.

* Giá cực tốt so với thị trường khu vực chỉ: 6.39 tỷ - thương lượng mạnh.

Cam kết tin thật 100%.",,,,,,1,1,1,1,1
https://batdongsan.com.vn/ban-nha-rieng-pho-ly-thuong-kiet-phuong-4-18-67/3-tang-moi-hien-ai-ngay-nga-6-go-vap-gan-mat-tien-full-noi-that-cao-cap-pr45616887,"Nhà 3 tầng mới đẹp lung linh, phong cách hiện đại, ngay ngã 6 Gò Vấp - 90m ra mặt tiền - dt: 4.6mx8m x 3 tầng - bãi đậu xe hơi ngay cạnh nhà - tặng full nội thất cao cấp - 5.15 tỷ. CN 34.4m².

Mô tả chi tiết:
+ DT: 4.6mx8m x 3 tầng. Gồm 1 trệt, 2 lầu. 3 Phòng Ngủ, 1 Phòng Ngủ Master,
+ Vị trí: Chỉ vài trăm mét là tới ngay tâm điểm ""vàng"" Ngã 6 Gò Vấp cửa ngõ giao thương sầm uất bậc nhất Quận, nơi kết nối trực tiếp các trục đường huyết mạch: Quang Trung, Nguyễn Oanh, Phan Văn Trị, Nguyễn Kiệm và Phạm Ngũ Lão... Cách sân bay Tân Sơn Nhất chỉ 5 phút di chuyển. Thuận tiện cho việc di chuyển liên quận: Phú Nhuận, Tân Bình, Bình Thạnh...
+ Tiện ích: Chỉ với vài bước chân là đến ""thiên đường"" tiện ích: Sát vách siêu thị Lotte Mart, Vincom Plaza, Đại học Công nghiệp, Bệnh viện Quân y 175... Và công viên Gia Định lá phổi xanh của thành phố.",,,,,,1,1,1,1,1
https://batdongsan.com.vn/ban-nha-mat-pho-duong-lam-van-ben-phuong-tan-quy-59/hiem-tien-kinh-doanh-vip-p-quan-7-canh-nguyen-thi-thap-pr45220383,"Mặt tiền kinh doanh VIP Lâm Văn Bền, P. Tân Quy, Quận 7.
- Vị trí kinh doanh tốt sung túc, ngay Nguyễn Thị Thập giá hợp lý so vs mặt bằng chung.
- Diện tích: 5x20 sổ vuông - Sử dụng thực tế 5x25m.
Cấp 4 tiện xây mới.
- Giấy phép xây dựng: Hầm trệt 6 tầng.
- Giá: 26.9 tỷ thương lượng.
- Liên hệ:
0948 736 ***
Đức.",,,,,,0,1,1,1,1
https://batdongsan.com.vn/ban-nha-rieng-duong-duong-quang-ham-phuong-5-15-67/44m2-hem-xe-hoi-4m-x-11m-2-tang-sat-binh-thanh-6-5-ty-pr45597690,"Dương Quảng Hàm 44m² hẻm xe hơi 4 x 11m 2 tầng sát Bình Thạnh 6,5 tỷ.

Vị trí: Hẻm xe hơi, Dương Quảng Hàm, sát Emart Phan Văn Trị, xe hơi ngủ nhà vô tư.
Diện tích: 44m² | ngang 4m x dài 11m.
Phân khúc xe hơi phân khúc 6.5 tỷ siêu hiếm có, liên hệ ngay để xem nhà.",,,,,,1,0,0,0,0
https://batdongsan.com.vn/ban-nha-rieng-duong-nguyen-van-yen-phuong-phu-thanh-70/mt-noi-bo-khu-vip-to-hieu-moi-100-full-noi-that-khu-ban-co-thong-thoang-pr45403905,"MT nội bộ khu vip Tô Hiệu - Nguyễn Văn Yến.
Nhà mới 100% full nội thất khu bàn cờ thông thoáng.

Vị trí đẹp, dân trí cao, di chuyển nhanh các trục trung tâm phù hợp ở & kinh doanh.

DT: 71m² (4.1 x 17.5m (nở hậu).
Kết cấu: 1 trệt 1 lầu gọn gàng, tối ưu công năng.
Nhà hoàn thiện sẵn vào ở/khai thác ngay.

Giá: 8.3 tỷ hỗ trợ vay 70%.

Ưu điểm:
Khu hiếm nhà mới.
An ninh dân cư văn minh.
Dễ cho thuê thanh khoản tốt.
Kết nối trung tâm thuận tiện.

Hàng đẹp vị trí tốt số lượng hiếm, xem là chốt!",,,,,,1,1,1,1,1
https://batdongsan.com.vn/ban-nha-rieng-duong-phan-dinh-phung-phuong-2-21-68/phu-nhuan-moi-ep-4-1x12m-4-tang-full-noi-that-giap-quan-1-quan-3-sat-mt-inh-phung-pr45722657,"Nhà đẹp full nội thất gần ngã tư Phú Nhuận, hẻm bagac cách hẻm oto 50m, gần mặt tiền Phan Đình Phùng, Phú Nhuận, hẻm thông ra Cô Giang, Đoàn Thỉ Điểm, Phan Xích Long. Di chuyển đâu cũng tiện lợi.
+ Diện tích to 40.3m², ngang 4.1m, sổ vuông đẹp, không lỗi phong thủy, không quy hoạch lộ giới.
+ Kết cấu đúc bê tông 4 tầng: Thiết kế 4 phòng ngủ, 3toilet, phòng khách, bếp thoáng. Có thể cải tạo thành 8 phòng để tiện kinh doanh CHDV.
+ Giá chủ chào chỉ 7.4 tỷ, thương lượng trực tiếp cùng chủ nhà dễ mến.
+ Vị trí đẹp ra Quận 1, Quận 3 chỉ 5 phút, ra Sân bay TSN chỉ 15 phút, gần Cv Hoàng Văn Thụ, Bv Phú Nhuận, UBND Quận PN, ngân hàng, nhà hàng và trường học các cấp.
+ Khu vực an ninh, hẻm trải nhựa sạch sẽ, dân trí cao, yên tĩnh.
+ Cam kết 100% nhà chính chủ, sổ hồng pháp lý chuẩn, hoàn công đầy đủ. Đảm bảo giao dịch mua bán công chứng nhanh, an toàn.
+ Xem nhà thực tế, nhận thông tin nhà, gọi ngay cho Hưng nhé
0904 673 ***
.
+ Tận tình hỗ trợ 24/24 các thủ tục công chứng nhanh gọn, đặc biệt là miễn phí.
+ Nhận ký gửi mua bán nhà phố tại TP. Hồ Chí Minh, hỗ trợ thủ tục mua bán nhanh.",,,,,,0,1,1,1,1
https://batdongsan.com.vn/ban-nha-rieng-duong-hoang-hoa-tham-phuong-6-13-66/binh-thanh-2-mat-tien-hem-oto-sat-mat-tien-66-2m2-giap-phu-nhuan-10-ty-pr45663963,"Nhà tiện xây mới phù hợp kinh doanh căn hộ dịch vụ, hoặc ở gia đình đông thành viên. Căn lô gốc 2 mặt tiền hẻm oto, ra mặt tiền Hoàng Hoa Thám, giáp Phú Nhuận, Quận 1, gần Chợ, BV Gia Định.
+ Diện tích to hiếm có 66.2m², ngang 7.8m, sổ vuông đẹp không lỗi phong thủy, không quy hoạch lộ giới.
+ Tiện ích đầy đủ không thiếu gì. Pháp lý chuẩn, sổ hồng chính chủ cất két, công chứng nhanh trong ngày.
+ Giá chỉ 10 tỳ, thương lượng trực tiếp cùng chủ nhà thân thiện.
+ Xem nhà thực tế, nhận thông tin nhà, gọi ngay cho Hưng nhé
0904 673 ***
.
+ Tận tình hỗ trợ miễn phí 24/24 các thủ tục công chứng nhanh gọn.
+ Nhận ký gửi mua bán nhà phố tại TP. Hồ Chí Minh, hỗ trợ thủ tục mua bán nhanh.",,,,,,1,0,0,1,0
https://batdongsan.com.vn/ban-nha-rieng-duong-quang-trung-phuong-11-8-67/gia-tot-quan-go-vap-sat-sieu-thi-coopmart-chi-6-7-ty-pr45555336,"Giá tốt quận Gò Vấp - sát siêu thị Coopmart - chỉ 6.7 tỷ.
Nhà diện tích cực đẹp, có phòng ngủ tầng trệt cho người lớn tuổi!
Diện tích: 3.5m x 18m (Công nhận đủ 59.9m²).
Kết cấu: 1 trệt, 1 lầu gồm 4 Phòng ngủ, 4 WC. Đặc biệt có PN tầng trệt rất tiện lợi.
Vị trí: Ngay siêu thị Coopmart, hẻm 3 gác sạch sẽ, cách đúng 30m ra mặt tiền đường xe tải. Khu dân trí cao, yên tĩnh, an ninh tuyệt đối.
Pháp lý: Sổ hồng riêng, hoàn công đầy đủ, công chứng ngay.
Giá bán: 6.7 tỷ (thương lượng chính chủ).
Liên hệ Văn Sơn:
0962 374 ***
.",,,,,,0,1,0,0,0
https://batdongsan.com.vn/ban-nha-mat-pho-duong-so-7-phuong-thanh-my-loi-54/hang-doc-cat-lai-186m-ngang-21m-khung-nga-ba-dong-duc-kinh-doanh-dinh-gia-chi-12-3-ty-pr45003105,"Nếu sếp đang tìm 1 tài sản để build lên giá trị lớn hơn, thì đây là mẫu điển hình:
Ngang 21m - chia layout cực đẹp cho showroom / tòa nhà.
Mặt tiền đường lớn 4 làn xe - kinh doanh nhận diện cực tốt.
Khu dân cư + chung cư xung quanh - nguồn khách sẵn có.

Hiện trạng có thể khai thác tạm - giữ dòng tiền trong lúc lên phương án xây dựng.

Sau khi xây mới:
Có thể khai thác văn phòng - showroom - F&B dịch vụ.
Hoặc giữ tài sản chờ tăng giá theo khu vực Cát Lái.

Điểm mấu chốt:
Không phải căn rẻ nhất - nhưng là căn dễ tạo giá trị nhất trong phân khúc.

Quân Sư Nhà Phố -
0903 066 ***
.",,,,,,0,1,1,1,0
https://batdongsan.com.vn/ban-nha-rieng-duong-le-van-sy-phuong-12-1-55/ban-chdv-hem-o-to-q3-13-phong-130m2-khai-thac-tot-21-ty-pr45496522,"Bán CHDV trung tâm Quận 3 13 phòng dòng tiền ổn định.

Thu nhập hiện tại: ~500 triệu/năm (khoán gọn).
Tối ưu khai thác: Lên đến ~1 tỷ/năm.

Thông tin chi tiết:
- Đường Lê Văn Sỹ, P. 12, Quận 3.
+ Diện tích: 138.4m² (10m x 15m).
Kết cấu: 1 trệt 2 lầu, sân thượng BTCT kiên cố.
+ 13 phòng căn hộ dịch vụ đang cho thuê kín.
Hẻm ô tô 6m thông thoáng khu dân trí cao.

- Vị trí lợi thế khai thác:
+ Ngay trục Lê Văn Sỹ khu sầm uất, nhu cầu thuê cao.
+ Gần trường ĐH, văn phòng, tiện ích đầy đủ trong bán kính ngắn.
Phù hợp khai thác CHDV, căn hộ mini, Airbnb.

Pháp lý rõ ràng đang gộp sổ.
Giá bán: 20.5 tỷ (thương lượng).

Liên hệ: Hà Phiếu -
0382 794 ***
.
Xem nhà thực tế, hỗ trợ pháp lý và chốt nhà ưng giá tốt.",,,,,,1,0,0,1,0
https://batdongsan.com.vn/ban-nha-rieng-duong-huynh-dinh-hai-phuong-14-7-66/bui-tuy-ban-chdv-4-tang-moi-100-9pn-master-full-noi-that-thue-500tr-nam-so-moi-gia-10-9-ty-pr43354341,"Bán CHDV Bình Thạnh mới xây 4 tầng full nội thất thu nhập 50 triệu/tháng giá 10. Tỷ.

Cơ hội tốt dành cho nhà đầu tư đang tìm *căn hộ dịch vụ Bình Thạnh có dòng tiền sẵn*, vị trí trung tâm, nhà mới đẹp và pháp lý hoàn chỉnh. Hiện có căn *CHDV mới xây 100%*, nằm khu vực gần *Bùi Đình Túy Chợ Bà Chiểu Huỳnh Đình Hai*, khu dân cư sầm uất, nhu cầu thuê cực cao, đang có hợp đồng thuê khoán ổn định.

Đây là sản phẩm hiếm trên thị trường vì vừa có doanh thu hàng tháng, vừa sở hữu nhà mới hoàn công đủ, sổ mới năm 2025. Phù hợp mua đầu tư giữ tài sản, tạo thu nhập lâu dài hoặc tự khai thác tăng lợi nhuận.

Thông tin chi tiết nhà bán.

* Diện tích đất: *73m²*.
* Công nhận: *67.9m²*.
* Kích thước đẹp: *ngang 5.5m nở hậu*, dài 16m.
* Kết cấu: *Trệt + 3 lầu*.
* Nhà mới xây hoàn toàn.
* Hoàn công đầy đủ.
* Sổ hồng mới cấp năm 2025.
* Giá bán chỉ *10. X tỷ thương lượng*.

Với diện tích đẹp, ngang lớn hiếm gặp tại khu trung tâm Bình Thạnh, căn nhà có giá trị sử dụng và giá trị đầu tư rất tốt.

Công Năng Căn Hộ Dịch Vụ.

Nhà thiết kế chuẩn mô hình cho thuê chuyên nghiệp:

* *9 phòng master rộng đẹp*.
* *10 WC riêng biệt*.
* Có thể cải tạo thành 10 phòng nếu muốn tăng doanh thu.
* Hành lang thông thoáng.
* Thiết kế hiện đại, sạch đẹp.

Toàn bộ phòng đã trang bị sẵn:

* Giường.
* Nệm.
* Máy lạnh.
* Tủ lạnh.
* Tủ đồ.

Khách mua chỉ cần sang tên là tiếp tục khai thác ngay, không cần đầu tư thêm nhiều.

Dòng Tiền Ổn Định.

Hiện nhà đang có *hợp đồng thuê khoán 5 năm*, thu nhập:

* *50 triệu/tháng ổn định*.

Nếu chủ mới tự quản lý cho thuê từng phòng, doanh thu thực tế có thể tốt hơn tùy cách vận hành. Đây là lợi thế lớn vì người mua có tiền về ngay từ tháng đầu tiên.

Vị Trí Đẹp Nhu Cầu Thuê Cao.

Nhà nằm tại khu trung tâm Bình Thạnh, kết nối cực nhanh:

* Gần Chợ Bà Chiểu.
* Gần Bùi Đình Túy.
* Gần Huỳnh Đình Hai.
* Gần Phan Đăng Lưu.
* Gần Nơ Trang Long.
* Gần Hutech.
* Gần Đại học GTVT.
* Thuận tiện sang Quận 1, Phú Nhuận, Thủ Đức.

Khu vực này luôn đông người thuê gồm sinh viên, nhân viên văn phòng, hộ gia đình trẻ nên tỷ lệ kín phòng rất cao.

Ưu Điểm Nổi Bật.

* Nhà mới xây 100%.
* Có dòng tiền sẵn.
* Full nội thất.
* Sổ mới hoàn công đủ.
* Hẻm xe hơi 4 chỗ.
* Sân trước rộng thoáng.
* Khu dân cư an ninh.
* Giá bán tốt trong phân khúc.

Hiện rất khó tìm căn thứ hai cùng tầm giá mà vừa mới đẹp vừa có thu nhập 50 triệu/tháng như vậy.

Pháp Lý Chuẩn.

* Sổ hồng riêng.
* Hoàn công đầy đủ.
* Không tranh chấp.
* Không quy hoạch.
* Công chứng nhanh.
* Hỗ trợ vay ngân hàng.

Liên Hệ Xem Nhà Ngay.

* Gọi Ngay LuuQuanAn
0933 585 ***
Để Xem Nhà Và Trực Tiếp Gặp Chủ. Tìm Nhà Nhớ Gọi Alobannha.com. Chuyên Nhà Phố & Biệt Thự Bình Thạnh Nguồn Hàng Chính Chủ Giá Tốt Mỗi Ngày. *.

* Lưu Quản An Chuyên Nhà Phố Bình Thạnh*.",,,,,,0,1,1,1,1
https://batdongsan.com.vn/ban-nha-rieng-duong-hoang-dieu-phuong-10-9-68/ban-thong-ra-truong-quoc-dung-35m2-1t1l-phu-hop-gia-inh-nho-o-trung-tam-phu-nhuan-pr45673484,"Bán nhà Hoàng Diệu thông ra Trương Quốc Dung 35m² - 1T1L phù hợp gia đình nhỏ ở trung tâm Phú Nhuận.
------------
* Gọi hoặc inbox zalo ngay:
0777 088 ***
- Tuấn nhà phố.
- Nhận ký gửi - mua bán nhà đất - dịch vụ pháp lý, tài chính.",,,,,,0,1,1,1,1
https://batdongsan.com.vn/ban-nha-mat-pho-phuong-26/tien-kinh-doanh-cu-xa-chu-van-an-binh-thanh-5x15m-75m2-chi-14-5-ty-thuong-luong-pr45627035,"Chính chủ bán nhà ngay gần mặt tiền đường số 2 Cư Xá Chu Văn An, Phường 26, Quận Bình Thạnh - khu cán bộ hưu trí, ngay trung tâm mà lại yên tĩnh, văn minh.

+ Diện tích 5x15m, CN sổ 73.1m², nhà không lộ giới.
+ Kết cấu 1 trệt 2 lầu sân thượng, nhà chính chủ tự xây dựng, cực kì kiên cố.
+ Mới cứng vào ở liền, tặng lại toàn bộ nội thất đắt tiền, xe hơi vào nhà.

+ Vị trí đẹp đường nhựa 12m có lề 2 bên, tiện ở kết hợp kinh doanh, văn phòng, dịch vụ, Coffee chill, Gym, Studio, trung tâm dạy học, Nha khoa,...
+ Giao thông kết nối thuận tiện các trục lớn Đinh Bộ Lĩnh, Nơ Trang Long, Nguyễn Xí, Bùi Đình Túy,..

+ Tiện ích bủa vây: Gần Học viện cán bộ, Siêu thị Coop mart, 24h, chợ dân sinh, Vinmart, trường học các cấp, bệnh viện,...

+ Pháp lí: Sổ hồng chính chủ, mua bán nhanh gọn.

+ Giá 14,5 tỷ còn thương lượng khách thiện chỉ.

Liên hệ
0964 782 ***
Nguyễn Thiên để có giá tốt nhất.",,,,,,0,1,1,1,0
https://batdongsan.com.vn/ban-nha-rieng-duong-so-6-phuong-linh-tay-71/91-m2-2-tang-5-2-ty-ra-pv-200m-pr45246054,"* Diện tích 91m², nở hậu.
* Nhà 2 tầng đầy đủ công năng, rộng rãi.
* Hẻm rộng sạch đẹp, cao ráo, ra Phạm Văn Đồng cỡ 200m.
* Đang cho thuê 6 tr/tháng, dòng tiền đều.
* Vị trí trung tâm P. Linh Tây, tiện ích đầy đủ, di chuyển nhanh vào trung tâm.

Liên hệ Em Nga xem nhà thật.",,,,,,0,1,0,0,0
https://batdongsan.com.vn/ban-nha-rieng-duong-kinh-duong-vuong-phuong-binh-tri-dong-b-65/ban-hem-o-to-504-5-x-16m-3-tam-7-ty-tin-hung-pr45232343,"+ Cách Aeon Mall 3 phút di chuyển, hẻm ô tô ra vào thoải mái.
+ Gần cụm y tế bệnh viện quốc tế CIH, chợ, trường học... Đầy đủ tiện ích xung quanh tiện sinh hoạt hằng ngày.

- Vị trí: Hẻm 504 Kinh Dương Vương, P. Bình Trị Đông B, Q. Bình Tân.
- Diện tích: 5 x 16m.
- Kết cấu: 3 tấm.
- Giá: 7 tỷ thương lượng.

LH:
0911 394 ***
Tín Hưng.
Giới thiệu, phân tích, so sánh.
Anh chị chọn BĐS phù hợp nhu cầu, giá hợp lý so với thị trường.
Xin cám ơn!",,,,,,1,1,1,1,1
https://batdongsan.com.vn/ban-nha-rieng-duong-quang-trung-phuong-10-8-67/chi-6-5-ty-ban-gap-56m2-hem-xe-hoi-p10-go-vap-3-tang-duc-chinh-chu-khu-vip-dong-bo-pr45132800,"Cạnh UBND quận Gò Vấp - hẻm xe hơi 4 chỗ, Quang Trung - 56m² - 3 tầng BTCT - 4PN Giá giảm chào 1 tỷ bán gấp 6.3 tỷ TL.

- Diện tích: 56m² (4.2x13) vuông vức.
- Kết cấu: 1 trệt 2 lầu đúc bê tông cốt thép, 4 phòng ngủ lớn.

- Nhà chính chủ xưa nay chưa qua đầu tư, chủ xây ở nên cực kỳ chắc chắn.

- Hẻm xe hơi 4 chỗ vào tận nhà, cách vài mét ra hẻm xe tải lớn.

- Khu an ninh dân trí cực cao, đối diện UBND Gò Vấp, khu toàn cán bộ viên chức.

- Sổ hồng chính chủ, pháp lý chuẩn, hoàn công đầy đủ.

Gọi/Zalo
0902 921 ***
Nhựt Minh, xem nhà, thương lượng chính chủ.",,,,,,1,0,0,0,0
https://batdongsan.com.vn/ban-nha-rieng-duong-phu-dinh-phuong-16-1/hiem-q8-3-tang-4pn-3wc-hem-thong-51m2-chi-4t-nhinh-xem-ngay-pr44492641,"Hiếm! Nhà Phú Định Q8 3 tầng - 4PN 3WC - hẻm thông - 51m² chỉ 4,4 tỷ - Xem ngay!
+ Vị trí: Hẻm thông gần MT Phú Định, giáp Q6.
Khu hẻm thông thoáng, ko ngập.
+ Tiện ích đầy đủ.
+ DT 51m² 3.12x16.5 kết cấu 3 tầng 4PN 3WC.
Nhà còn mới ở ngay: LH
0902 951 ***
.",,,,,,1,0,0,0,0
https://batdongsan.com.vn/ban-nha-rieng-duong-tran-quoc-thao-phuong-vo-thi-sau-55/mot-thoang-paris-giua-long-sai-gon-dinh-thu-cho-on-chu-nhan-moi-pr45748118,"Góc 2 MT VIP Quận 3 - dinh thự Pháp Trần Quốc Thảo.

Gửi các sếp căn siêu dinh thự khan hiếm tại tâm điểm Quận 3:
Vị trí: Góc 2 mặt thoáng Đường Trần Quốc Thảo, Phường Võ Thị Sáu, Q3.

DT: 344m² (26x20m), sổ vuông vức.
Kết cấu: 1 trệt 2 lầu phong cách Pháp cổ điển.
Công năng: 4PN Master, 5WC, phòng khách siêu lớn, hồ bơi rộng, sân vườn, nhà gia nhân, sân đậu 3 ô tô.

Đặc quyền: Có sẵn hồ bơi lớn, sân vườn dạo bộ và khu vực nhà riêng biệt dành cho gia nhân.
Một không gian sống đẳng cấp, tách biệt hoàn toàn với phố thị ồn ào nhưng vẫn khẳng định vị thế đỉnh cao.

Pháp lý: Sổ hồng cá nhân, giao dịch ngay.
Giá bán: 160 tỷ.
Sếp nào quan tâm liên hệ em Truyền
0903 717 ***
để xem nhà và làm việc chính chủ ạ!",,,,,,1,1,0,1,1
https://batdongsan.com.vn/ban-nha-rieng-duong-hong-bang-phuong-12-3-58/4-tang-vi-tri-tot-hau-giang-nguyen-van-luong-quan-6-pr45605049,"Nhà 4 tầng, 4 PN, 4WC. Giá tốt.
+ Vị trí: Hẻm trước nhà 10m. Trung tâm các trục đường lớn: Hậu Giang, Hồng Bàng, Nguyễn Văn Luông. Quận 6. Cực kỳ thuận tiện về các quận trung tâm và BX Miền Tây chỉ 5phút.
+ Dt: 37m². Ngang 5m.
+ Pháp lý: SHR, hoàn công 2020. Không LG, QH.
+ Tiện ích: Đầy đủ bán kính 500m; Từ giáo dục, ẩm thực, giải trí, mua sắm... Rất VIP.
Chú ý: Hẻm rộng 10m, nhà ngang 5m.
Đường dự phóng bên hông nhà 12m. Tương lai 2 mặt tiền lớn. Giá: 6.3 tỷ.
Anh chị quan tâm liên hệ Tùng đe xem sớm mới kịp:
0963 309 ***
.",,,,,,1,1,1,1,1
https://batdongsan.com.vn/ban-nha-rieng-phuong-tan-kieng/gan-cu-xa-ngan-hang-6m-x-13m-sat-hem-xe-hoi-tien-xay-moi-xd-cao-tang-gia-5-6-ty-pr45013310,"Gần Cư Xá Ngân Hàng 6m x 13m sát hẻm xe hơi tiện xây mới cao tầng giá 5.6 tỷ.

Vị trí: Gần Cư Xá Ngân Hàng, khu dân cư hiện hữu, an ninh.
Diện tích: 6m x 13m 74m² vuông vức, đẹp.
Hẻm: Sát hẻm xe hơi, di chuyển thuận tiện.
Tiềm năng: Phù hợp xây mới cao tầng, CHDV, nhà ở kết hợp cho thuê.
Pháp lý: Sổ hồng riêng.
Giá bán: 5.6 tỷ (thương lượng).
Liên hệ: Tùng
0899 135 ***
.",,,,,,1,0,0,0,0
https://batdongsan.com.vn/ban-nha-mat-pho-pho-do-nhuan-phuong-son-ky-70/mt-hiem-duoi-10-ty-o-aeon-mall-4-x-18m-nh-4-1m-xay-kien-co-4-tang-dan-tri-cao-pr45665789,"- Khu vực hot nhất nhì Aeon Mall Tân Phú, cạnh chợ và nhiều tuyến đường trọng điểm như Lê Trọng Tấn, Tân Kỳ Tân Quý, Tân Thắng,...
- Đoạn đẹp nhất của Đỗ Nhuận, Lê Trọng Tấn.
- DT: 4 x 18m NH: 4,1m.
- Kết cấu: Trệt, lửng, 1 lầu, sân thượng.
- Giá: 9,8 tỷ thương lượng.",,,,,,0,1,1,1,1
https://batdongsan.com.vn/ban-nha-rieng-duong-tinh-lo-43-phuong-tam-binh-71/goc-2-mat-tien-hem-xe-hoi-ngay-cho-au-moi-thu-uc-6x7-8m-2-lau-pr45597733,"Cơ hội sở hữu căn nhà góc cực hiếm tại khu vực Tam Bình, vị trí đẹp ngay cạnh chợ đầu mối Thủ Đức thuận tiện kinh doanh hoặc ở lâu dài.
Diện tích: Ngang 6m x dài 7,8m. CN 46m².
Kết cấu: 1 trệt 2 lầu, nhà kiên cố, dọn vào ở ngay.
Vị trí: Căn góc 2 mặt tiền hẻm, hẻm xe hơi rộng rãi, thông thoáng.
Khu dân cư đông đúc, an ninh, tiện ích xung quanh đầy đủ.
Gần chợ đầu mối Thủ Đức, thuận tiện buôn bán, kinh doanh đa ngành.

Giá bán: 4 tỷ 050 triệu (còn thương lượng).

Phù hợp vừa ở vừa kinh doanh hoặc đầu tư sinh lời.
Lh; aduong
0975 289 ***
.",,,,,,1,0,0,0,0
https://batdongsan.com.vn/ban-nha-rieng-duong-nguyen-gia-tri-phuong-25-66/ban-hem-69-binh-thanh-canh-hutech-4x18-5-5tang-13phong-khai-thac-90tr-th-pr44755723,"Bán nhà hẻm vip nhất khu D, hẻm 8m có lề ngay 69/ Nguyễn Gia Trí Phường 25 Bình Thạnh.

- Vị Trí đẹp nằm giữa 7 trường đại học lớn, mật độ dân cư đông đúc luôn khai thác full phòng, hẻm rộng có lề phù hợp kinh doanh đa nghành.
- Diện tích: 4x18,5m 78.2m² vuông vức.
- Kết cấu 5 tầng kiên cố.
- Hiện khai thác cho thuê 1 mặt bằng + 13 phòng full nội thất dòng thu nhập ổn định 90tr/th.
- Giá: 18,3 tỷ thương lượng cho khách thiện chí.

- Liên hệ:
0989 631 ***
zalo Hiếu Trần (xem nhà có giá tốt nhất).",,,,,,1,0,1,1,1
https://batdongsan.com.vn/ban-nha-rieng-duong-huynh-van-banh-phuong-13-9-68/hiem-v-p13-hxh-27m2-5x-5-5m-2-tang-chi-5-7ty-pr45611880,"Hiếm HXH kinh doanh Huỳnh Văn Bánh, Phú Nhuận 27m² chỉ 5.7 tỷ.

Vị trí: Huỳnh Văn Bánh, P13, Phú Nhuận khu trung tâm sầm uất, kinh doanh tốt.
Diện tích: 5 x 5.5m DTCN 27m² (sổ vuông đẹp).
Kết cấu: 2 tầng đúc đang cho thuê/kinh doanh.
Lợi thế: Sử dụng thêm ~3m hông nhà.

Phù hợp:
Mở shop, kinh doanh nhỏ.
Cải tạo ở + cho thuê.
Giữ tiền đầu tư dòng tiền tốt.

Pháp lý: Sổ hồng riêng công chứng ngay.

Vị trí cực tiện: Gần chợ, khu thời trang, di chuyển nhanh các quận trung tâm.

Giá tốt: 5.7 tỷ (thương lượng).

0368 700 ***
(Đạo) thương lượng chính chủ.",,,,,,1,1,1,1,1
https://batdongsan.com.vn/ban-nha-mat-pho-duong-19-phuong-binh-hung-hoa-65/cao-cap-gan-aeon-mall-tan-phu-khong-gian-song-ang-cap-7-6-ty-pr45674189,"Một không gian sống không chỉ để ở mà để tận hưởng.
Vị trí: Đường số 19, Bình Hưng Hòa trung tâm kết nối Aeon Mall Celadon.
Thiết kế hiện đại:
1 trệt 1 lửng 3 lầu sân thượng.
Phòng khách rộng rãi, sang trọng, ánh sáng tự nhiên tốt.
Ô tô để trong nhà tiện nghi và an toàn.
Nội thất cao cấp, bàn giao full toàn bộ.
Không gian sống phù hợp:
Gia đình nhiều thế hệ.
Người cần sự riêng tư, đẳng cấp.
Hoặc kết hợp ở + làm văn phòng.
Hẻm ô tô 5m thông thoáng khu dân trí cao.
Pháp lý chuẩn: Sổ hồng riêng hoàn công đầy đủ.
Giá trị: 7,6 tỷ (thương lượng chính chủ).
Liên hệ để trải nghiệm thực tế không gian sống này.",,,,,,0,1,1,1,1
https://batdongsan.com.vn/ban-nha-mat-pho-duong-ho-hao-hon-phuong-co-giang-53/ban-tien-quan-1-noi-tran-hung-ao-3-tang-btct-dong-tien-439tr-nam-gia-hiem-539tr-m-pr45660151,"Mỏi mắt tìm đâu ra mặt tiền Quận 1 dưới 20 tỷ có sẵn hợp đồng thuê? Đây chính là ""viên kim cương"" hiếm hoi còn sót lại!

* Vị trí kiêu hãnh: Mặt tiền Hồ Hảo Hớn, Quận 1, sát Trần Hưng Đaọ, bước chân là chạm Bùi Viện, chợ Bến Thành tọa độ du lịch luôn ""khát"" mặt bằng kinh doanh.

Tài sản bền vững: 34.3m² (ngang hiếm 3.9m x 9m), kết cấu BTCT 1 trệt 2 lầu kiên cố, trao tay là khai thác ngay.

""Ngỗng đẻ trứng vàng"": Đang cho thuê Spa thu về đều đặn 439 triệu/năm. Không đau đầu tìm khách, dòng tiền tự động chảy vào túi mỗi tháng an nhàn.

Giá trị vượt thời gian: Mức giá rẻ sững sờ chỉ ~539tr/m² (tổng 18,5 tỷ). Sở hữu mặt tiền trung tâm không chỉ là tấm khiên chống lạm phát an toàn tuyệt đối, mà còn là báu vật truyền đời vô giá cho thế hệ sau.

Đừng để lỡ bến đỗ an toàn này vào tay người khác!

Giá bán: 18,5 tỷ (thương lượng cho khách hữu duyên).
Gọi ngay: Hữu Hiệp
0913 201 ***
để xem nhà và sở hữu ngay báu vật này!",,,,,,0,1,1,1,1
https://batdongsan.com.vn/ban-nha-rieng-duong-chu-van-an-phuong-12-7-66/binh-thanh-xay-moi-4-tang-40m2-at-su-dung-4-7x8-6-4-ty-tl-pr45636556,"Chu Văn An - Bình Thạnh - xây mới 4 tầng - 40m² đất sử dụng riêng (4.7x8 m) - 6.4 tỷ TL.

+ Diện tích: Khuôn đất sử dụng 40m² (4.7x8), công nhận 30m² (10m² làm sân riêng).
+ Kết cấu: Trệt, 3 lầu.
+ Nhà thiết kế xây mới 100% gồm: Khách, bếp, cầu thang cuối nhà, 3 PN, 4 vệ sinh, sân giặt phơi,... Tặng nội thất cơ bản như ảnh.
+ Hẻm ba gác, cách ô tô tránh 20m.
+ Sổ sạch, pháp lý chuẩn, công chứng ngay.

0866 977 ***
(Long Châu).",,,,,,0,1,1,1,1
https://batdongsan.com.vn/ban-nha-rieng-duong-pham-van-chieu-phuong-8-12-67/moi-ngang-rong-4m-dep-o-to-toi-ngay-re-gan-cong-vien-lang-hoa-pr45046696,"+ Diện tích 4x10m CN 40m².
+ Trệt lầu 2 phòng ngủ 2 WC.
+ Chính chủ ở kỹ, sạch sẽ, gọn gàng.
+ Pháp lý chuẩn, sổ hồng riêng.
+ Giá 4.8 tỷ thương lượng chính chủ.
+ Liên hệ:
0935 826 ***
- Khang xem nhà.",,,,,,0,0,0,1,1
https://batdongsan.com.vn/ban-nha-mat-pho-duong-so-65-phuong-tan-phong-9-59/ban-tien-uong-quy-ong-oi-dien-cong-vien-ngang-6m-dai-15m-4-tang-8-phong-pr45370751,"Tin xác thực.
Bán nhà mặt tiền Đường số Tân Quy Đông đối diện Công viên ngang 6m dài 15m nhà 4 tầng 8 phòng chỉ 18.5 tỷ thương lượng.
+ Chính chủ quyết bán cần bán nhanh.
+ Ngang 6m dài 15m.
+ Sổ hồng riêng hoàn công công nhận đủ 90m².
+ Hiếm do đối diện công viên.
Chỉ 18.5 tỷ thương lượng.

Alo ngay
0879 143 ***
Vinh Nhà Phố.
Luôn có giá tốt cho khách thiện chí - nhà thật, ảnh thật - Gọi ngay để gặp chính chủ.",,,,,,0,1,1,1,1
https://batdongsan.com.vn/ban-nha-rieng-duong-bui-quang-la-phuong-12-8-67/sieu-pham-dong-tien-100tr-th-ban-gap-chdv-17p-5-tang-150m2-5m-x-22m-ngay-emart-pr45717500,"Bán CHDV xây mới 100%, hẻm xe tải thông, Bùi Quang Là, P. 12, Gò Vấp (Phường An Hội Tây mơi), sát Phạm Văn Bạch.

- Diện tích: 5m x 22m 150m². Công nhận đủ 111,5m². DTSD 405,5m².
- Kết cấu: 1 trệt, 3 lầu BTCT, sân thượng.
- Gồm: 17 căn hộ full nội thất cao cấp (đang cho thuê full phòng). Thu nhập 100 triệu/tháng.
- Hẻm xe hơi thông, xe hơi tránh nhau thoải mái.
- Hệ thống PCCC giấy phép đạt chuẩn. Thang thoát hiểm đầy đủ.
- Tủ lạnh, máy giặt sấy, máy lạnh, inventer, máy nước nóng lạnh riêng từng căn hộ.
- Vị trí đắc địa ngay Emart, Điện Máy Xanh, gần trường cấp 1 cấp 2 Phan Huy Ích. Thuận tiện đi Tân Sân, Quang Trung, Trường Chinh.

- Giá: 18 tỷ 6 còn thương lượng.
- Tin Thật - Gặp Chính Chủ - Pháp Lý Chuẩn Công Chứng Ngay.

- Liên hệ:
0907 688 ***
gặp Lê Tuấn.
- Văn Phòng Giao Dịch: 408 Phan Huy Ích, P. 12, Q Gò Vấp, TPHCM.",,,,,,0,1,0,0,0
https://batdongsan.com.vn/ban-nha-rieng-duong-nguyen-xien-phuong-long-thanh-my-1-71/ban-at-tang-77m2-ngang-4m-chi-3-8-ty-tl-pr45665441,"Chủ gấp bán nhà cấp 4 - 77.7m² ngang 4m hẻm xe hơi - sát bên Vinhome Quận 9 sẵn dòng tiền cho thuê phù hợp ở hoặc đầu tư giữ tiền.
Vị trí thuận tiện di chuyển Vành đai 3, Nguyễn Xiển Lò Lu.",,,,,,0,1,1,1,1
https://batdongsan.com.vn/ban-nha-rieng-duong-quang-trung-phuong-11-8-67/to-am-tam-gia-tri-ben-vung-618-x-lo-goc-3-tang-4pn-gia-chi-6-5-ty-pr45740980,"Tổ ấm trung tâm giá trị bền vững 618/x Quang Trung

Có những căn nhà vị trí đã nói lên tất cả.
Lô góc 3 tầng 4PN 45.4m2
Chỉ 50m ra mặt tiền Quang Trung, nhịp sống sôi động nhưng vẫn giữ được sự riêng tư.
Đối diện Bệnh viện Gò Vấp.
Sau Công an Quận Gò Vấp, an ninh tuyệt đối.
Gần Cityland Park Hills, siêu thị, trường học, UBND Quận.
Nhà 1 trệt 2 lầu, phòng khách rộng.
4 phòng ngủ, đủ không gian cho gia đình nhiều thế hệ.
Giá mới 6.5 tỷ (đã giảm 200 triệu) thương lượng nhẹ cho khách thiện chí.
Một căn nhà ở trung tâm không chỉ để ở.
Mà còn là tài sản giữ giá vững vàng theo thời gian.
Gọi ngay Sang Nhà Đẹp Giá Tốt để không bỏ lỡ.",,,,,,0,1,1,1,1
https://batdongsan.com.vn/ban-nha-rieng-duong-lac-long-quan-phuong-11-10-69/7-8-ty-can-goc-p11-tan-binh-73m-4-3x17-vuong-vuc-1-tret-1-lau-2pn-pr45665142,"Hẻm 6m thông bàn cờ, xe hơi tránh nhau, xây mới hầm + 4 - 5 tầng cực đỉnh.
Ngay trung tâm P11: Gần chợ Tân Bình, BV Thống Nhất, trường học đủ cấp.
Sổ hồng riêng, công chứng ngay - vừa ở, vừa kinh doanh, làm văn phòng đều đẹp.
DT 72.2m².
LH
0372 286 ***
em Bằng mở cửa xem nhà.",,,,,,0,1,1,1,1
https://batdongsan.com.vn/ban-nha-rieng-duong-bung-ong-thoan-phuong-phu-huu-2-61/ban-3-tang-hem-o-to-sat-lien-du-an-the-global-city-quan-9-pr44505568,"Kết cấu: Nhà 3 tầng.
Hẻm ô tô đỗ trong nhà.
Vị trí gần đường Liên Phường, gần dự án The Global City.
Thuận tiện di chuyển các quận trung tâm, kết nối cao tốc 5p.
Pháp lý rõ ràng.
DT 57m², giá 5.9 tỷ.",,,,,,1,0,0,1,0
https://batdongsan.com.vn/ban-nha-rieng-duong-huynh-tan-phat-phuong-phu-my-9-59/quan-7-h3g-cach-mat-tien-50m-56m-shr-3pn-2wc-chi-3-2-ty-thuong-luong-nhe-pr45688582,"Huỳnh Tấn Phát, quận 7 - H3G cách mặt tiền 50m 56m² SHR 3PN, 2WC chỉ 3.2 tỷ thương lượng nhẹ.

Giá hiếm trong khu vực chỉ 3.2 tỷ (thương lượng cho khách thiện chí).

Thông tin chi tiết:
Diện tích: 56m² ngang 4.9 dài 11.5.
Kết cấu: 2 tầng BTCT kiên cố.
Công năng: 3 phòng ngủ 2 WC.
Căn góc hẻm 3 gác hẻm sạch, thoáng, dân trí tốt.
Sổ hồng riêng Ngân hàng giữ sổ, pháp lý chuẩn chỉnh.
Vị trí cực đẹp:
Chỉ cách Huỳnh Tấn Phát 50m, ngay khu cầu Phú Xuân di chuyển sang Phú Mỹ Hưng chỉ vài phút.
Gần chợ, trường học, siêu thị, ngân hàng, đầy đủ tiện ích trong bán kính 300m.

Liên hệ ngay Thành:
0972 694 ***
- làm việc chính chủ.",,,,,,0,1,1,1,1
https://batdongsan.com.vn/ban-nha-biet-thu-lien-ke-duong-hoang-quoc-viet-phuong-phu-thuan-3-59/a-lat-giua-long-quan-7-san-vuon-rong-252m2-hang-hiem-chi-43-ty-pr45611892,"Biệt thự Đà Lạt giữa lòng Quận 7, sân vườn rộng, 252m² - hàng hiếm.

Giá: 43 tỷ (TL tốt).

- Vị trí:
Khu cao cấp Quận 7, sát bên Phú Mỹ Hưng.
Khu dân trí cao, yên tĩnh an ninh 24/7.
Kết nối nhanh Nguyễn Thị Thập, Nguyễn Lương Bằng, Hoàng Quốc Việt, cầu Phú Mỹ 2, ga Metro Tân Mỹ, cầu Cần Giờ (tương lai).

- Diện tích: 17 x 15m (252m²).
- Biệt thự sân vườn cực rộng rất hiếm 4 phòng ngủ phù hợp gia đình nhiều thế hệ.

- Điểm nổi bật:
Concept Đà Lạt giữa Sài Gòn xanh mát, cực chill.
Sân vườn rộng BBQ, cafe, nghỉ dưỡng tại gia.
Thiết kế mở đón gió & ánh sáng tự nhiên. Ở nhà mà như nghỉ dưỡng mỗi ngày.

- Tiện ích xung quanh:
Kế bên khu đô thị Phú Mỹ Hưng. Gần Crescent Mall, FV Hospital. Khu đáng sống bậc nhất Quận 7.

- Pháp lý: Sổ hồng riêng hoàn công đầy đủ.

- Biệt thự hiếm không gian sống đẳng cấp xem là thích.

- Liên hệ ngay:
0385 462 ***
- Thành Nhà Phố.",,,,,,0,1,1,1,0
https://batdongsan.com.vn/ban-nha-rieng-duong-nguyen-van-luong-1-phuong-16-3-67/hem-xe-hoi-uong-81m-ngang-5-2-m-thu-30tr-th-chi-con-7-5-pr45585140,"Nhà hẻm xe hơi đường Nguyễn Văn Lượng, gần LotteMart, Cityand Phan Văn Trị.
- Hẻm xe hơi 7 chỗ ra vào thoải mái, thuận tiện.
- Hiện có 8 phòng cho thuê thu nhập từ 30tr/th.
- DT: 81m², công nhận đủ, ngang 5.2m x 16m.
LH:
0982 850 ***
- Mr Tuyền.",,,,,,1,0,0,0,0
https://batdongsan.com.vn/ban-nha-mat-pho-duong-au-duong-lan-phuong-3-16-60/tien-gan-aeon-parc-mall-quan-8-chi-7-35-ty-pr45650116,"Mặt tiền nhà mới xây, góc Tạ Quang Bửu - Âu Dương Lân, gần Aeon - Parc Mall Quận 8 (địa chỉ trên sổ là Âu Dương Lân, thực tế lầ nhà mặt tiền Tạ Quang Bửu);

- Đến Quận 1 và Quận 5 chỉ 5 phút (1,9km);
- Nhà 4 tầng, DT: 3x9m.
- Sổ hồng riêng.",,,,,,0,1,1,1,1
https://batdongsan.com.vn/ban-nha-mat-pho-duong-huynh-tan-phat-thi-tran-nha-be-76/tien-kinh-doanh-mua-ban-sam-uat-4-2m-x-20m-gia-12-5-ty-pr44001072,"Nhà mặt tiền đường Huỳnh Tấn Phát Thị trấn Nhà Bè, cách cầu Phú Xuân Quận 7 khoảng 1km, cách Phà Bình Khánh Cần Giờ 4km.
- Diện tích: 4,2m x 20m sổ hồng 80m².
- Nhà vuông vức, nền cao, không phạm phong thủy.
- Nhà 1 trệt 1 lửng suốt, mặt bằng lí tưởng đang có thu nhập cho thuê 20 triệu/tháng.
- Khu vực kinh doanh mua bán sầm uất, trục đường Huỳnh Tấn Phát, giao thông thuận tiện.
- Tiềm năng phát triển, ở, kinh doanh, mở văn phòng cho thuê dài hạn.
- Pháp lý: Sổ hồng riêng, sang tên ngay.
- Giá: 12 tỷ 500 triệu còn thương lượng chính chủ.
Liên hệ: Huy Đại Dương tư vấn thông tin và xem đất thực tế. Cảm ơn Quý Khách đã xem tin!",,,,,,0,1,0,0,0
https://batdongsan.com.vn/ban-nha-rieng-duong-thanh-xuan-25-phuong-thanh-xuan-64/pho-cao-cap-tx25-thoi-an-quan-12-tp-hcm-full-noi-that-hien-ai-co-o-cho-thang-may-pr45733629,"Diện tích: 4x15m.

Kết cấu: Trệt, lửng, 3 lầu.
- Công năng: 4 phòng ngủ - 6 toilet, gara ô tô, phòng khách tầng trệt sang trọng, bếp riêng tầng lửng, sân thượng trước, phòng thờ riêng, phòng tắm xông hơi cao cấp.

Điểm nhấn đặc biệt:
Tặng full nội thất vào ở ngay.
Khu dân cư hiện hữu toàn nhà phố cao tầng mới xây sang trọng hiện đại.

Vị trí cực đẹp:
Cách 50 mét ra mặt tiền TX25.
Đường nhựa 8 mét có vỉa hè trước nhà.
Hẻm xe hơi ra vào dễ dàng.
Gần chợ Thạnh Xuân, cụm tiện ích đầy đủ.
Sát UBND phường Thạnh Xuân cũ, trường học các cấp và cao đẳng Điện Lực.
Kết nối nhanh Lê Thị Riêng Tô Ngọc Vân Hà Huy Giáp.
Gần Ngã Tư Ga, giáp Gò Vấp.
Di chuyển sân bay Tân Sơn Nhất chỉ khoảng 15 phút.
Khu vực bao quanh kênh rạch mát mẻ, gần công viên 150ha của Phường Thới An Q12.",,,,,,0,1,1,1,1
https://batdongsan.com.vn/ban-nha-rieng-duong-dien-bien-phu-phuong-17-1-66/hiem-ep-hxh-vo-o-ngay-ien-ke-ben-quan-1-dt-4-5x18-5m-3-tang-vuong-van-14-ty-tl-pr45691789,"* Cam kết nhà thật - thông tin thật - còn bán - làm việc chính chủ
0789 989 ***
Việt Thịnh.

- DT: 4.5x18.5m; CN: 78 m² chuẩn theo trên sổ, khuôn đất vuông vắn.

- KC: 3 tầng, gồm 4PN/4WC có phòng tầng trệt, nhà chủ giữ kỹ, không cần sửa chửa, dọn vào ở ngay.

- Hẻm rộng 4m, cách 1 căn ra hẻm 3 xe hơi tránh nhau rộng 12m, khu dân trí yên tĩnh, an ninh cao.

- Vị trí đắc địa sát quận 1 chỉ mất 5 phút đi xe, xung quanh tập trung nhiều văn phòng và trường đại học lớn như: Hutech, Hồng Bàn, Kinh tế tài chính,...

- Pháp lí rõ ràng, công chứng nhanh, hỗ trợ đến khi ra sổ.

- Giá chỉ 14 tỷ TL (Rất mong được gặp và trao đổi trực tiếp với quý khách hàng).

* Liên hệ ngay
0789 989 ***
Việt Thịnh để được tư vấn, xem nhà và sổ trực tiếp*.",,,,,,1,1,0,1,1
https://batdongsan.com.vn/ban-nha-rieng-duong-bui-dinh-tuy-phuong-12-7-66/hxh-1-truc-50m-ra-mat-tien-4-x-12-48m2-2-tang-btct-inh-inh-bo-linh-bach-ang-pr45411872,"- Lô góc, 2 mặt thoáng, sát mặt tiền, ngang đẹp 4m dễ bố trí nội thất.
- Khu dân cư an ninh, yên tĩnh. Phù hợp mua ở hoặc khai thác cho thuê.
- Vị trí trung tâm Bình Thạnh di chuyển Quận 1, Phú Nhuận, Gò Vấp nhanh chóng.",,,,,,0,1,1,1,1
https://batdongsan.com.vn/ban-nha-rieng-duong-so-14-phuong-4-15-60/moi-4-tang-mat-tien-kinh-doanh-quan-8-dt-67m2-12m-5-pn-hong-vuong-vuc-pr44880633,"Bán nhà 4 tầng mặt tiền 68m² chính chủ Quận 8, đường Số 14 Tạ Quang Bửu sát Phạm Hùng Quận 8, DT 68m², 5 PN đường 12m xe hơi ngủ trong nhà sổ hồng vuông vức 8.85 tỷ.
+ Kết cấu: Trệt + 1 lửng + 2 lầu, 5PN, nhà xây mới kinh doanh đỉnh, xe hơi đậu trong nhà.
+ Mặt tiền kinh doanh đỉnh sát đường Phạm Hùng, gần bệnh viện, tiện ích xung quanh đầy đủ.
- Nằm trên trục đường lớn gần Dương Bá Trạc Quận 8, gân đường Quang Bứu, cư Xá Bùi Minh Trực, Nguyễn Thị Tân, Au Dương Lân, Phạm Thế Hiến, Nguyễn Thị Tân, Hưng Phú, Võ Văn Kiệt, cách Phú Mỹ Hưng, Quận 7 10 phút, cách Phố đi bộ Nguyễn Huệ và chợ Bến Thành 15 phút đi xe, cách LandMark 81 20 phút,...
- Thuận tiện di chuyển các quận như: Khu Phú Mỹ Hưng Quận 7, Quận 5, Quận 1, Quận 3, Quận 4, Võ Văn Kiệt, cách bến xe Miên Tây 25 phút, cách bến xe Miên Đông cũ 35 phút.

- Ưu điểm nổi bật:
+ Nhà nằm trong hẻm an ninh, sạch sẽ, không ngập nước.
- Gân Cầu Kênh Xáng, Cầu Nguyễn Tri Phương, Trung tâm Hành Chính Quận 8, chợ Bùi Minh Trực, chợ Rạch Ông, gần trường tiểu học Nguyễn Trung Trực, Trạm Y Tế, Bệnh viện Phục Hôi Chức Năng Quận 8, Siêu thị Big C, siêu thị Lotte, Siêu thị CoopMart, Trường Đại học Công Nghệ Sài Gòn...
- Mua sắm sinh hoạt: Gần Chợ Rạch Ông, chợ lớn, đầy đủ thực phẩm tươi sống.
- Nhanh chóng đến Co. Opmart Nguyễn Văn Cừ.
- Tiện lợi với Bách Hóa Xanh và cửa hàng tiện lợi 24/7.
+ Khu vực dân trí cao, thích hợp gia đình ở lâu dài.
+ Có thể dọn vào ở ngay hoặc cải tạo theo nhu cầu.
+ Giá trị tăng trưởng tốt theo thời gian.
- Tiện ích xung quanh:
+ Gần chợ phạm thế hiển, chợ rạch ông sinh hoạt tiện lợi.
+ Cách Quận 5, Quận 1 chỉ vài phút di chuyển.
+ Gần trường học các cấp, mầm non tiểu học THCS.
+ Gần UBND phường, công an, trạm y tế.
- Y tế: Gần bệnh viện Nguyễn Trãi.
- Kết nối nhanh đến Bệnh viện Đại học Y Dược TP. HCM.
- Giáo dục: Hệ thống trường học các cấp xung quanh, Gần Đại học Sài Gòn, Thuận tiện di chuyển đến Đại học Khoa học Tự nhiên TP. HCM.
- Ăn uống giải trí: Gần khu ăn uống sầm uất Dương Bá Trạc, Nguyễn Văn Cừ, Chỉ vài phút đến khu phố Tây Phố Bùi Viện.
- Kết nối nhanh qua Quận 5 thiên đường ẩm thực & y tế, Gần các trục đường lớn: Dương Bá Trạc, Nguyễn Văn Cừ, cầu Nguyễn Văn Cừ.
- Hẻm ô tô rộng, thông thoáng gần mặt tiền, cực kỳ thuận tiện kinh doanh nhỏ hoặc cho thuê.
Tiềm năng đầu tư cho thuê cực tốt.
- Khu dân cư đông đúc, nhu cầu thuê cao.
- Gần trung tâm dễ khai thác cho thuê phòng hoặc nguyên căn.
- Giá trị bất động sản tăng đều theo hạ tầng khu vực.
Liên hệ:
0961 941 ***
gặp em Mãi xem nhà ngay ạ.",,,,,,0,1,1,1,1
https://batdongsan.com.vn/ban-nha-rieng-duong-bui-dinh-tuy-phuong-24-66/ban-inh-4-tang-hem-xe-hoi-5x20m-cong-nhan-93m2-vuong-vuc-sieu-re-chi-19-8-ty-pr45727184,"Bán nhà hẻm xe hơi hẻm vip 47 Bùi Đình Túy P24 Bình Thạnh.
- Diện tích 5x20m. 92.8m².
- Kết cấu trệt 2 lầu sân thượng.
- Hẻm 8m thông xe tải.
- Quy mô xây dựng mới hầm 7 tầng.
Một tài sản đáng chú ý cho người mua thích vị trí rõ ràng và giá trị sử dụng cao.
Dạng hàng này có ưu điểm lớn ở độ thoáng và cảm giác tài sản có thế đất, dễ hút người mua thực tế.
+ Pháp lí: Sổ hồng chính chủ, mua bán nhanh gọn..",,,,,,1,0,0,0,0
https://batdongsan.com.vn/ban-nha-rieng-duong-thong-nhat-phuong-11-8-67/giam-200tr-ban-gap-p-11-go-vap-so-hong-day-du-gia-4-3-ty-pr44790683,"Vị trí: Đường Thống Nhất, P. 11, Gò Vấp.

Diện tích: 37,6 m².

Kết cấu: 1 trệt 1 lầu gồm 2PN, 1WC.

Pháp lý: Sổ hồng riêng.

Tiện ích:

Gần chợ Thống Nhất, siêu thị, cửa hàng tiện lợi.

Gần trường học các cấp, bệnh viện, ngân hàng.

Giá bán: 4,3 tỷ.",,,,,,0,1,1,1,1
https://batdongsan.com.vn/ban-nha-rieng-duong-an-duong-vuong-phuong-an-lac-6-65/ban-ngay-vo-van-kiet-60m2-uong-10m-vua-o-vua-kd-chi-6-nhinh-pr45424960,"- Ngay trường học Bình Tân, gần đường Võ Văn Kiệt, tiện di chuyển vào các quận trung tâm.
- Đường 10m thông, xe tải tránh nhau. Phù hợp vừa ở vừa kinh doanh.
- Diện tích: 60m² - Ngang 4m, dài 15m. Vuông vức.
- Kết cấu: 1 trệt 1 lầu đúc BTCT, 2PN, 2WC, PK, bếp, ban công, sân để xe.
- Khu vực xung quanh toàn nhà cao tầng, xây dựng tự do 5 tầng.
- Sổ hồng riêng, pháp lý chuẩn, công chứng mua bán nhanh.
Liên hệ Hiếu xem nhà và gặp chính chủ.",,,,,,0,1,0,1,0
https://batdongsan.com.vn/ban-nha-rieng-duong-bui-dinh-tuy-phuong-24-66/ban-chdv-inh-5x20m-san-thu-nhap-70tr-thang-hem-8m-thong-xe-tai-gia-thuong-luong-pr45548294,"Ngộp bank! Chính chủ bán căn hộ dịch vụ Bình Thạnh - hẻm 47 Bùi Đình Túy P24 Bình Thạnh - vị trí vàng cách 100m là mặt tiền Rạch Xuyên Tâm.

- Diện tích 5x20m, sổ vuông A4, không lộ giới và hoàn công đầy đủ.

- Chỉ tiêu xây dựng Hầm 7 Tầng, khu vực tập trung nhiều tòa cao ốc văn phòng, CHDV cao cấp, vị trí cực dễ cho thuê.

- Gồm 7 căn hộ full nội thất, thu nhập sẵn hàng tháng 45tr/tháng, tự khai thác dự kiến 70tr/tháng.

- Đường trước nhà rộng 8m thông 1 trục, xe hơi tránh nhau thoải mái, vài bước là mặt tiền Rạch xuyên tâm kết nối vùng lỗi trung tâm.

- Vị trí di chuyển trung tâm Q1 chỉ 5 phút, kết nối Ngã tư Hàng Xanh, Bà Chiểu, Phú Nhuận, Q1 chỉ 5p.
- Giá giảm 17.5 tỷ còn thương lượng.

Liên hệ
0964 782 ***
Nguyễn Thiên để có giá tốt nhất và thương lượng trực tiếp chính chủ.",,,,,,1,0,0,0,0
https://batdongsan.com.vn/ban-nha-rieng-duong-ung-van-khiem-phuong-25-66/86m2-hem-8-met-xe-hoi-quay-au-khu-d-binh-thanh-ngang-6-2m-no-hau-12-99-ty-pr45713916,"Hẻm xe hơi 8m khu phân lô đường D - Ung Văn Khiêm P25 Bình Thạnh - 86m² - ngang lớn 6,2m Nở Hậu - Ngay 5 trường đại học lớn - phường 25 Vip Nhất Bình Thạnh, Gần Landmark 81.

+ Giá 12,99 tỷ thương lượng.
+ 1 Trệt 1 lầu (4 PN 5 WC) Nhà đang chia làm 2 căn cho thuê full.

+ Tiện xây mới cây Chdv, trung tâm, văn phòng, Spa, Cty..

+ GPXD: (5 Tầng) Đi bộ qua Hutech, ngoại thương, giao thông vận tải, hồng bàng,...

+ Pháp Lý: Sổ hồng riêng, nở hậu tài lộc, công chứng ngay.

Gọi/Zalo
0902 921 ***
Nhựt Minh, xem nhà, thương lượng chính chủ.",,,,,,1,0,0,0,0
https://batdongsan.com.vn/ban-nha-biet-thu-lien-ke-phuong-an-phu-soho-the-global-city/can-ban-gap-pho-uong-lon-thong-thoang-gia-chi-33-ty-pr45488674,"Diện tích: 5mx19m xây 1 trệt 4 lầu đã hoàn thiện.
Xung quanh khu phố đã vận hành kinh doanh, cho thuê.
Cần xử lý khoản vay ngân hàng nên cần ra hàng căn này cho NĐT sẵn tiền mặt mua nhanh.
Trục đường 12m.
Khu phố Soho thuộc dự án The Global City đường dẫn cao tốc TPHCM - Long Thành - Dầu Giây và Đỗ Xuân Hợp (mở rộng 30m).
Đây là dự án đô thị trên 100 hecta duy nhất còn lại tại trung tâm Quận.",,,,,,1,0,1,1,1
https://batdongsan.com.vn/ban-nha-rieng-phuong-tan-hung-14/moi-2-tang-ngay-lotte-mart-4m-x-12-5m-o-to-do-cua-gia-5-1-ty-pr44908692,"Vị trí: Ngay KDC Him Lam, Quận 7 khu dân cư đồng bộ, an ninh, tiện ích đầy đủ.
Kết cấu: 2 tầng mới xây, thiết kế hiện đại, vào ở ngay.
Diện tích: 4m x 12m5, đất vuông vức.
Công năng: Có phòng ngủ dưới trệt, phù hợp gia đình nhiều thế hệ.
Đường: Ô tô đỗ trước cửa, đi lại thuận tiện.
Pháp lý: Sổ hồng riêng, hoàn công đầy đủ.
Giá: 5.1 tỷ (thương lượng).
Liên hệ:
0899 135 ***
Mr Tùng.",,,,,,0,1,1,1,1
https://batdongsan.com.vn/ban-nha-mat-pho-duong-ngo-duc-ke-1-phuong-14-7-66/sieu-pham-dong-tien-chdv-22-phong-h-t-khoan-135-trieu-thang-gia-chi-34-ty-tl-pr45649090,"Siêu phẩm dòng tiền CHDV 22 phòng mặt tiền Ngô Đức Kế, Bình Thạnh.

Diện tích: 5,2m x 28m. 145m2

Kết cấu: Hầm 7 tầng.

Diện tích sàn: 650m².

Dòng tiền ổn định với hợp đồng thuê khoán 135 triệu/ tháng hợp đồng ký 9 năm.

Giá bán: 38 tỷ giảm về 34 tỷ TL

Phù hợp mua giữ tiền và tạo dòng tiền thu nhập.

Gọi ngay em Long
0901 353 ***
(viber/zalo 24/7) tận tâm, tận tình, trách nhiệm, vui vẻ phục vụ anh chị hiểu rõ về sản phẩm, xem nhà và chốt sản phẩm cực tốt này ạ.

Cám ơn quý anh chị đã xem tin của em Long ạ.",,,,,,0,1,1,1,0
https://batdongsan.com.vn/ban-nha-rieng-duong-vo-thi-sau-phuong-tan-dinh-2-53/lo-at-q1-sieu-lon-dt-7-4-x-15-cn-105m2-hxh-3-tang-vuong-vuc-chi-nhinh-22-ty-pr45708673,"Bất động sản Minh Thông (chuyên gia BDS quận trung tâm). LH ngay
0935 489 ***
(24/7).
* Cam kết: Chỉ đăng thông tin thật 100% - Giá thật 100% - Còn đang bán 100%.

* Các đặc điểm siêu nổi bật:
Hiếm ngang 7.4 Quận 1.
- Diện tích: 7.4 x 15.
- DTCN: 105m².
- Kết cấu: 3 tầng.
- Giá chào: 28 tỷ.
- Giảm lần 1 về 26 tỷ.
- Giá giảm lần 2 còn 25tỷ.
- Giảm lần 3 còn 22 tỷ TL.
- CN cần bán gấp để xoay vốn, còn thương lượng cho khách thiện chí.

* Đặc biệt hỗ trợ: Tư vấn pháp lý miễn phí, hỗ trợ thủ tục vay ngân hàng, cam kết giá tốt nhất thị trường.

Liên hệ ngay
0935 489 ***
(trực 24/7) - Bất động sản Minh Thông.
Nhà Thật Minh Thông - Hỗ trợ pháp lý đến khi ra sổ.",,,,,,0,1,1,1,1
https://batdongsan.com.vn/ban-nha-rieng-duong-le-van-sy-phuong-12-1/tinh-hoa-thiet-ke-khang-inh-ang-cap-2-mat-tien-xe-hoi-vao-noi-that-nghi-cao-cap-pr45144854,"Nhà phố cao cấp khu Lê Văn Sỹ Q3.
Full nội thất, chuẩn sống nghỉ dưỡng.

Vị trí vàng: Trung tâm khu Kinh đô thời trang Lê Văn Sỹ, Quận 3, liền kề Trường Sa Huỳnh Văn Bánh. Bao quanh bởi trường học, nhà thờ, siêu thị, chợ, khu mua sắm & ẩm thực sôi động ngày đêm.

Hẻm xe hơi vào tận nhà, đường trải nhựa rộng 6m, thông thoáng, di chuyển cực kỳ thuận tiện.
Diện tích chuẩn 45m², CN sổ 39,8m², sổ cực đẹp.

Phù hợp ở đại gia đình, hoặc khai thác cho thuê giữ tiền cực tốt.

Phòng khách rộng.
Bếp sang trọng.
Phòng xông hơi sauna hiện đại.
Sân vườn thư giãn.
* Chủ bao sang tên, pháp lí rõ ràng.
* Giá 9.99 tỷ.

* Gọi ngay
0398 949 ***
Vân - Chuyên nhà đẹp. Hỗ trợ bank lãi suất ưu đãi, nhận đăng bộ sang tên, tư vấn pháp lý nhà đất.",,,,,,1,0,0,0,0
https://batdongsan.com.vn/ban-nha-rieng-duong-so-2-phuong-truong-tho-2/3-tang-uong-2-p-4-pn-3-wc-hoan-cong-chuan-hxh-ong-bo-dan-tri-cao-an-ninh-pr45682488,"Diện tích: 50,5m² (4 x 11,4).
Hiện trạng: 1 trệt 2 lầu = 4 PN, 3 WC, 1 PK, 1 Bếp...
Đường ôtô đến cửa.
Hướng: Đông Nam.
+ Nhà hoàn công đầy đủ. Sổ hồng riêng.
+ 4 phòng ngủ thích hợp gia đình nhỏ nhiều thành viên.
+ Khu vực dân trí cao, nhà đồng bộ, an ninh tốt, không ngại xe cộ đông đúc.
+ Cách Phạm Văn Đồng chỉ 200m, đi Metro Bình Thái 3p... Di chuyển vào trung tâm nhanh chóng. Đi sân bay TSN chỉ 20p.
+ Gần Chợ Thủ Đức, tiện ích xung quanh đầy đủ.
Pháp lý rõ ràng: Sổ hồng riêng.
Giá bán: 7,3 tỷ còn thương lượng, làm việc chính chủ.
Liên hệ ngay để làm việc chính chủ!
Hỗ trợ pháp lý khách mua đến khi sang tên ra sổ.",,,,,,1,0,1,1,1
https://batdongsan.com.vn/ban-nha-rieng-duong-5-phuong-binh-trung-tay-54/gan-nguyen-thi-dinh-59m-vuong-vuc-ngang-6m-gia-chi-5-25-ty-pr44900702,"Nhà ngang khủng 6m - hẻm đường số 5 Bình Trưng - gần Nguyễn Thị Định - giá chỉ 6.2 tỷ TL.

Địa chỉ: Đường số 5, Bình Trưng, TP HCM.
Giá: 6.2 tỷ (còn thương lượng).

Diện tích: 59m² (ngang 6m x dài 10m) - sổ vuông A4 đẹp như tờ giấy.
Kết cấu: Nhà cấp 4 gồm 2 phòng ngủ, 1WC, hiện đang cho thuê 6 triệu/tháng.

Ưu điểm nổi bật:
Hẻm chỉ có 5 căn, cực kỳ yên tĩnh - dân cư lâu năm, an ninh.
Hẻm nhựa sạch sẽ, chỉ 20m ra đường lớn, thông thẳng đường số 6, Nguyễn Thị Định.
Gần cầu Giồng Ông Tố, di chuyển ra vòng xoay An Phú chỉ 5 phút.
Kề trục Nguyễn Thị Định - Nguyễn Duy Trinh - Đồng Văn Cống, di chuyển về Trung tâm phường Sài Gòn (quận 1 cũ) cực thuận tiện.
Sổ hồng riêng, pháp lý chuẩn.
Tiện ích đủ đầy: Chợ, trường học, siêu thị, ngân hàng, bệnh viện, khu hành chính.

Căn hiếm trong tầm tài chính nhỉnh 6 tỷ - ngang tới 6m - sổ vuông đẹp - vị trí vàng Bình Trưng!
Thích hợp mua ở, cho thuê hoặc đầu tư giữ tiền đều tốt.

Liên hệ ngay Quân Sư Nhà Phố -
0903 066 ***
.",,,,,,0,1,1,1,1
https://batdongsan.com.vn/ban-nha-rieng-duong-dinh-bo-linh-phuong-26-66/ban-inh-binh-thanh-hxh-tranh-nhau-4x19m-gan-hang-xanh-gia-13-3-ty-pr45218954,"Bán nhà Đinh Bộ Lĩnh Bình Thạnh, HXH tránh nhau, 4x19m gần Hàng Xanh, giá 13,3 tỷ. Giảm mạnh còn 12,8 tỷ.

Bán nhà Đinh Bộ Lĩnh Bình Thạnh.
Nhà HXH Đinh Bộ Lĩnh, bán nhà gần Hàng Xanh, nhà làm văn phòng Bình Thạnh, nhà hẻm xe hơi Bình Thạnh.

Bán Nhà Đinh Bộ Lĩnh Bình Thạnh gần Hàng Xanh, vị trí trung tâm.

Bán nhà Đinh Bộ Lĩnh Bình Thạnh hẻm xe hơi tránh nhau, diện tích 74.4m² (4x19m), kết cấu kiên cố, phù hợp vừa ở vừa làm văn phòng công ty. Căn nhà tọa lạc gần ngã tư Hàng Xanh khu vực giao thương sôi động bậc nhất quận Bình Thạnh, kết nối nhanh về Quận 1, Thủ Đức và sân bay.

Đây là lựa chọn phù hợp cho khách đang tìm nhà HXH Đinh Bộ Lĩnh để ở kết hợp kinh doanh hoặc đầu tư giữ tài sản lâu dài.

Thông tin chi tiết nhà bán Đinh Bộ Lĩnh P26.

Địa chỉ: Đinh Bộ Lĩnh, Phường 26, Bình Thạnh.
Mã sản phẩm: BP665.

Diện tích: 74.4m² (4m x 19m) sổ vuông đẹp.

Kết cấu: 1 trệt + 2 lầu + sân thượng.

Gồm: 4 phòng ngủ 3WC.

Hẻm xe hơi tránh nhau, ô tô ra vào thuận tiện.

Nhà mới, vào ở ngay hoặc làm văn phòng.

Giá bán: 12,8 tỷ (thương lượng chính chủ).

Vì sao nên mua nhà HXH Đinh Bộ Lĩnh Gần Hàng Xanh?
1 Vị trí đắc địa trung tâm Bình Thạnh.

Chỉ cách mặt tiền vài căn, gần Hàng Xanh khu vực tập trung nhiều trường đại học, văn phòng, cơ quan hành chính. Rất phù hợp mô hình mở công ty, văn phòng đại diện hoặc cho thuê.

2 hẻm xe hơi tránh nhau Thanh khoản tốt.

Trong phân khúc bán nhà Đinh Bộ Lĩnh Bình Thạnh, sản phẩm hẻm rộng, diện tích 4x19m, sổ vuông là cấu hình dễ mua dễ bán dễ tăng giá.

3 Pháp lý chuẩn Công chứng ngay.

Sổ hồng riêng, hoàn công đầy đủ, giao dịch an toàn.

Phân Tích Giá Nhà Đinh Bộ Lĩnh Bình Thạnh.

Khu vực Đinh Bộ Lĩnh Hàng Xanh luôn giữ mặt bằng giá cao nhờ vị trí cửa ngõ trung tâm. Với diện tích 76m², hẻm xe hơi tránh nhau, mức giá 13,3 tỷ được xem là hợp lý trong phân khúc nhà hẻm xe hơi Bình Thạnh gần trung tâm.

Phù hợp:
Gia đình ở trung tâm.
Mở văn phòng công ty.
Đầu tư giữ tài sản.

Nếu anh chị đang tìm bán nhà Đinh Bộ Lĩnh Bình Thạnh vừa ở vừa kinh doanh, đây là căn đáng cân nhắc trong tầm giá 13 tỷ khu Hàng Xanh.

Gọi ngay LuuQuanAn
0933 585 ***
để xem nhà và trực tiếp gặp chủ.
Tìm nhà nhớ gọi Alobannha.com.
Chuyên nhà phố & biệt thự Bình Thạnh nguồn hàng chính chủ giá tốt mỗi ngày.",,,,,,0,1,1,1,1
https://batdongsan.com.vn/ban-nha-rieng-duong-phan-tay-ho-phuong-7-11-68/ban-nho-so-khu-xich-long-uong-hoa-p7-phu-nhuan-pr45476977,"Bán nhà khu Phan Xích Long - đường Hoa tại Phan Tây Hồ P7 Phú Nhuận.

- DT: 2,6x5.5m công nhận 14m².
- Trệt lầu suốt có ban công.
- Nhà mới dọn vào ở ngay, nằm khu Phan Xích Long tiện ích ngập tràn, cách hẻm xe hơi 20m. Cách mặt tiền Phan Xích Long 70m.

Giá: 2.3 tỷ còn thương lượng.
Liên hệ:
0844 068 ***
Nguyễn Nam.
Chuyên mua bán nhà Bình Thạnh - Phú Nhuận nhận tư vấn miễn phí.",,,,,,1,0,1,1,1
https://batdongsan.com.vn/ban-nha-rieng-duong-so-8-phuong-linh-tay-71/5-tang-tam-huyet-gan-kha-van-can-103m-ngang-5-5-be-the-san-noi-that-cao-cap-thang-may-pr45538571,"Nhà 5 tầng tâm huyết gần Kha Vạn Cân - 103m² ngang 5.5m bề thế - sẵn nội thất cao cấp + thang máy.

DT đất: 103 m² (ngang 5.5m vuông vức).
DT sàn: 326 m².
Kết cấu: 1 trệt 3 lầu + tum nhà mới, kiên cố.
Thang máy sẵn, gồm 7 phòng lớn 28 - 30m²/phòng đủ tiện nghi.
Vị trí đẹp, sát ĐH Cảnh Sát an ninh tuyệt đối.
Thích hợp ở gia đình đông người hoặc kết hợp cho thuê.

Pháp lý chuẩn Sổ hồng hoàn công đầy đủ sang tên ngay.

Giá bán: 14 tỷ.

0707 853 ***
em An có giá chốt tốt nhất! Hỗ trợ kiểm tra pháp lý - xây dựng. Đăng bộ sang tên miễn phí. Nhận ký gửi BĐS.",,,,,,0,1,1,1,1
https://batdongsan.com.vn/ban-nha-biet-thu-lien-ke-duong-nguyen-xien-phuong-long-binh-3-the-manhattan-glory-vinhomes-grand-park/ban-nhanh-pho-126m2-quan-9-uong-thong-so-san-cong-chung-19-5-ty-t5-2026-pr45662706,"Chủ cần tiền bán nhanh căn nhà phố 7x18 (126m²) Vinhomes Grand Park, phường Long Bình, TP HCM.
- Vị trí: Đẹp, đường thông thoáng.
- Diện tích đất: 126m². Diện tích xây dựng: 447m².
- Thiết kế: 5 tầng 1 tum. Phong cách hiện đại, sang trọng.
- Đã hoàn thiện.
- Pháp lý: Sổ hồng cầm tay sẵn công chứng mua bán.
- Giá bán nhanh chỉ: 19,5 tỷ tốt nhất thị trường.
Gọi ngay e Thương:
0937 588 ***
chuyên bán hàng biệt thự, nhà phố khu Vinhomes Grand Park quận 9, em còn rất nhiều căn giá tốt chạm đáy thích hợp mua đầu tư hoặc ở. Liên hệ e ngay nhé anh chị!
SĐT em Lê Anh Thương -
0937 588 ***
.
Địa chỉ vp Kim Điền Holdings: T15 - 38 Vinhomes Grand Park.",,,,,,0,1,0,1,0
https://batdongsan.com.vn/ban-nha-rieng-duong-kenh-tan-hoa-phuong-hoa-thanh/ban-hxh-dt-5x15-1-tr-2-lau-st-gia-9-ty-6-tl-pr45683974,"Nhà bán HXH Kênh Tân Hóa dt 5x15m cn 67.7m², 1 tr 2 lầu ST giá 9 tỷ 6 TL.

- Kết cấu: 1 trệt 2 lầu st, gồm 4PN + 1 phòng thờ.
- Hẻm xe hơi tới nhà, cách MT Kênh Tân Hóa 30m.
- Vị trí gần đường Huỳnh Thiện Lộc, Đại Học Văn Hiến, Bệnh Viện Tân Phú,...
- Sổ đẹp, vuông vắn hoàn công đủ.

Anh/Chị quan tâm cần thêm thông tin liên hệ e Phúc sđt/zalo
0936 032 ***
.",,,,,,1,0,0,1,1
https://batdongsan.com.vn/ban-nha-rieng-duong-au-duong-lan-phuong-3-16-60/sieu-pham-hem-xe-tai-cach-mat-tien-150m-q8-pr45597340,"Siêu phẩm hẻm xe tải cách mặt tiền 150m Âu Dương Lân Q8.
Âu Dương Lân Phường 3 Quận 8.

Nói thật với anh chị.
Khu này mà hẻm xe tải quay đầu + gần mặt tiền là đã hiếm.
Căn này còn thêm nở hậu nữa đúng kiểu nhà giữ tiền, hút lộc.

Thông tin căn nhà:

Diện tích: 3.5x 16m (nở hậu 3.8m).

Kết cấu: Trệt 2 lầu BTCT.

4 phòng ngủ 3 WC.

DT sàn: ~156m² ở rất rộng.

Pháp lý:

Sổ hồng riêng hoàn công đầy đủ lịch sử sạch.

Vị trí giá trị:

Cách mặt tiền chỉ 150m.

Hẻm trước nhà ~8m xe tải quay đầu thoải mái.

Có khoảng sân để xe riêng cực tiện.

Khu dân trí cao, vừa ở vừa kinh doanh tốt.

Sát Q1, Q5 di chuyển chỉ vài phút.

Giá: 7.6 tỷ (thương lượng mạnh).

Điểm đáng tiền:

Hẻm lớn hiếm + gần mặt tiền thanh khoản cực tốt.

Nở hậu phong thủy đẹp, giữ tài lộc.

Nhà kiên cố, diện tích sử dụng lớn.

Ở gia đình nhiều người hoặc mở văn phòng đều hợp.

Liên hệ Sơn xem nhà thực tế.
Nói ít xem nhà là thích liền.
Làm thật giá tốt uy tín là hàng đầu.",,,,,,1,0,0,0,0
https://batdongsan.com.vn/ban-nha-rieng-pho-do-nhuan-phuong-son-ky-70/ban-nhanh-hxh-o-tan-phu-4x13-52m2-chi-5-79t-tl-pr45472693,"Thông tin chi tiết:

Diện tích: 4 x 13m (52m²).
Hướng: Tây.
Hiện trạng: Nhà cũ còn khá cứng cáp, có thể ở ngay hoặc cải tạo.
Quy hoạch: Không lộ giới, xây dựng thoải mái.

Ưu điểm nổi bật:

Sát khu Celadon City AEON Mall Tân Phú, tiện ích cao cấp ngay gần.
Chỉ 30m ra mặt tiền, vị trí rất đẹp.
Diện tích vuông vức, dễ thiết kế xây mới.
Phù hợp ở lâu dài hoặc đầu tư giữ tài sản.

Kết nối giao thông:

Gần các trục đường lớn Lê Trọng Tấn Tân Kỳ Tân Quý Trường Chinh Tây Thạnh Sơn Kỳ - Đoàn Giỏi - Tân Thắng.
Di chuyển nhanh sang Tân Bình Bình Tân Quận 12.

Tiện ích xung quanh:

Gần AEON Mall, công viên Celadon, trường học, siêu thị, ngân hàng.
Khu dân cư an ninh, dân trí cao.

Pháp lý:

Sổ hồng riêng, pháp lý chuẩn.
Công chứng nhanh.

Giá chào: 5,79 tỷ (thương lượng).

Liên hệ xem nhà: Hiếu lô góc
0971 393 ***
.",,,,,,1,1,1,1,1
https://batdongsan.com.vn/ban-nha-rieng-duong-nguyen-thi-dang-phuong-tan-thoi-hiep-64/4-tang-moi-100-tk-hien-ai-sat-ben-truong-le-van-tho-xe-hoi-toi-cua-ang-quan-12-pr45699602,"Mô tả:
- Diện tích: 72m² (4 x 18) khu dân cư hiện hữu.
- Kết cấu: 1 trệt 2 lầu, sân thượng xây dựng kiên cố, gồm 4PN, 4WC.
- Vị trí: Hẻm xe hơi, ra Nguyễn Thị Đặng chỉ 100m.
- Tiện ích: Gần chợ, trường học, siêu thị, khu dân cư an ninh, yên tĩnh.
- Pháp lý: Sổ hồng riêng, sang tên ngay.
- Giá: 6,95 tỷ thương lượng.
- Liên hệ Luật Nhà Phố.
- Điện thoại/Zalo:
0903 718 ***
.
- Để được hỗ trợ anh chị xem nhà, thương lượng chính chủ.
- Ms: Dan641T4.",,,,,,1,0,1,0,0
https://batdongsan.com.vn/ban-nha-rieng-duong-so-8-phuong-hiep-binh-chanh/ban-gap-3-lau-kdc-phu-nhuan-thu-uc-khu-gigamall-uong-xe-o-to-pr45384221,"Cần tiền cần bán nhanh căn nhà 3 lầu - khu bên sông Gigamall Hiệp Bình Chánh Thủ Đức - đường oto thông tứ phía:

- Diện tích: 115,5m² (6,8 x 17m sổ vuông, công nhận đủ).
- Thiết kế: 1 trệt 2 lầu, 4PN, 5 WC, phòng thờ, sân thượng, phù hợp vừa ở vừa kinh doanh.
- Khu dân cư dân trí cao, an ninh, cơ sở hạ tầng đầy đủ, không ngập.
- Chủ cần bán gấp giá: 17,6 tỷ thương lượng.

Liên hệ: Em hỗ trợ xem nhà và làm việc chính chủ. Xin cảm ơn anh chị đã xem tin, chúc anh chị ngày mới tốt lành!",,,,,,1,1,1,1,1
https://batdongsan.com.vn/ban-nha-rieng-duong-ung-van-khiem-phuong-25-66/ban-mat-pho-340-8-18-55-ty-76m2-co-cua-hau-hem-5m-so-hong-2026-pr45712246,"Nhà chính chủ 340/8 Ung Văn Khiêm, đường Ung Văn Khiêm, Phường Thạnh Mỹ Tây, Hồ Chí Minh (địa chỉ cũ: P25, Quận Bình Thạnh, Hồ Chí Minh) có diện tích đất 4x19 = 76m², kết cấu betong 1 trệt, 1 lầu. Diện tích sử dụng 132m². Thiết kế 2PN + 2WC + bếp, Giá bán 18,55 tỷ VND.

- Nội thất cơ bản: Điều hòa, tủ lạnh...
- Hướng cửa chính: Nam, ban công: Nam, mặt tiền 4m, đường vào rộng 12m, thuận tiện cho xe hơi. Nhà có cửa hậu đường 5m.
- Pháp lý đầy đủ. Ngân hàng cho vay 13 tỷ.

Gần các tiện ích như:
- Gần trường học: Trường mầm non quốc tế Cách VinHomes Tân Cảng 800m.
- Cách ga Metro Tân cảng 200m.
- Gần bệnh viện: Bệnh viện Đa khoa Quốc tế Vinmec Central Park.
- Gần siêu thị: Bách Hóa Xanh, Điện Máy Chợ Lớn, CoopMart, Genshai Saigon Pearl.

Liên hệ ngay để biết thêm thông tin chi tiết:
0933 910 ***
, anh Cường.",,,,,,1,0,0,1,0
https://batdongsan.com.vn/ban-nha-rieng-duong-to-ngoc-van-phuong-thanh-xuan-64/1-ngay-khu-pho-dt-4-x-19-1-tret-2-lau-4pn-co-san-xe-hoi-pr45419260,"Chủ gửi.
Nhà Tô Ngọc Vân, Thới An (Thạnh Xuân, Q12 cũ). Khu dân cư, nhà ở Tùng Dương.
DT: 4 x 19m, sổ mới, hoàn công đầy đủ.
Kết cấu 1trệt, 2 lầu. Gồm 4PN, 5WC.
KDC, dân trí cao, hẻm ô tô quay đầu.
Vị trí gần chợ, gần trường học, bến xe, thuận tiện đi lại.
Nhà trống khóa số xem 24/24.
Giá: 5 tỷ 950 còn bớt.",,,,,,1,0,0,0,0
https://batdongsan.com.vn/ban-nha-mat-pho-duong-so-53-phuong-hiep-binh-chanh-71/ban-tien-uong-53-thu-uc-4x16m-4pn-gan-cho-binh-pr45607326,"Cần bán nhà mặt tiền đường 53, phường Hiệp Bình Chánh, TP Thủ Đức, vị trí gần chợ Hiệp Bình, khu dân cư hiện hữu, thuận tiện sinh hoạt và kinh doanh.

Nhà nằm trên trục đường 53, Hiệp Bình Chánh, cách đường 38 khoảng 30m, kết nối nhanh ra các tuyến đường lớn trong khu vực.

Thông tin chi tiết căn nhà:

Diện tích: 4m x 16m (64m²), (đất ở 58.8m²).
Diện tích sử dụng: 160m².
Kết cấu: 1 trệt, 1 lửng, 2 lầu.
Gồm 4 phòng ngủ, 3 nhà vệ sinh.
Hướng: Đông.

Ưu điểm:

Vị trí gần chợ Hiệp Bình.
Khu dân cư đông, tiện ích đầy đủ.
Phù hợp vừa ở vừa kinh doanh.

Pháp lý: Sổ đỏ, hoàn công đầy đủ.

Giá bán: 7.5 tỷ (thương lượng).

Liên hệ: Trung.",,,,,,0,1,0,0,0
https://batdongsan.com.vn/ban-nha-rieng-duong-nguyen-van-quy-phuong-phu-thuan-3/2-tang-5m-x-10m-mat-tien-hem-5m-p-q7-pr45684014,"Nhà 2 tầng 5m x 10m mặt tiền hẻm 5m, P. Phú Thuận, Q7.

- Vị trí đẹp mặt tiền hẻm 5m, hẻm thông kinh doanh buôn bán tại nhà tốt.
- DT: 5m x 10m.
- Cấu trúc: 2 Tầng - 2PN - 2WC.
- Pháp lý: Sổ hồng riêng. Công chứng trong ngày.
- Giá: 5 Tỷ 05 - TL.

- Liên hệ:
0938 266 ***
Hải.

Thông tin hình ảnh về ngôi nhà chuẩn 100% nói kg với tin đăng ảo.
Cảm ơn anh chị đã xem tin.

Nhận ký gửi mua bán nhà đất. Tìm nhà theo yêu cầu. Khu vực Q7 - Nhà Bè.",,,,,,1,0,0,0,0
https://batdongsan.com.vn/ban-nha-rieng-duong-so-8-phuong-linh-trung-71/chi-nhinh-4-ong-goc-2-mat-tien-full-noi-that-ang-cho-thue-10tr-pr45668174,"Cần bán gấp nhà 1 trệt 1 lầu 2PN, 2WC ~ 7x8.5 = 60m² ~ Đường Số 8, Linh Trung - Thủ Đức.
Nội thất: Full máy lạnh, giường, tủ, hệ thống nước NLMT ~, góc 2 mặt tiền.
Hẻm xe hơi.
Gần ĐH Ngân Hàng, ĐH Sư Phạm Kỹ Thuật, Hoàng Diệu 2.
Đang cho thuê: 10tr /tháng.
Giá 4 tỷ 6 thương lượng cho khách thiện chí.
LH
0835 420 ***
để xem nhà và làm việc chính chủ.",,,,,,0,1,1,1,0
https://batdongsan.com.vn/ban-nha-rieng-duong-tran-khac-chan-phuong-tan-dinh-2-53/villa-san-vuon-co-ho-boi-ngay-trung-tam-quan-1-13-x-18m-cn-260m2-5-tang-chi-85-ty-pr45732560,"- Biệt thự 239m² ngay khu Trần Khắc Chân Quận 1, cách Trần Quang Khải khoảng 50m.

- Diện tích: 11.3 x 21.22m. Công nhận: 239m².
- Kết cấu: Trệt.

- Khu vực xây được Hầm 5 tầng ST.
- Các mặt tiền đúng 10m.
- Khuôn đất ngang lớn.
- Nhà có 2 mặt tiền trước sau.
- Khu an ninh, lãnh đạo cấp cao.

- Pháp lý rõ ràng, chủ lâu đời, sổ chính chủ.
- Giá chào bán: 67 tỷ.

- Liên hệ Châu Cẩm Hiền
0933 413 ***
để xem nhà trực tiếp.",,,,,,0,1,1,1,1
https://batdongsan.com.vn/ban-nha-rieng-duong-bui-van-ba-phuong-tan-thuan-dong-1-59/pho-hien-ai-vi-tri-ep-hem-thang-3-5m-quan-07-3-3m-x-10m-so-hong-gia-4-86-ty-pr45501564,"Nhà phố hiện đại mặt tiền hẻm 3,5m Bùi Văn Ba Phường Tân Thuận Đông Quận 7.
- Diện tích: 3,3m x 10m CN 28.9m².
- Trệt 02 lầu đúc kiên cố, chắc chắn 04 phòng ngủ, WC riêng đầy đủ nội thất - bao sơn mới cả nhà.
- Sân để xe, hẻm thẳng, trước nhà thoáng mát, cách vài căn nhà ra mặt tiền Bùi Văn Ba.
- Khu dân cư an ninh, hiện hữu, không ngập.
- Tiện ích ngay trung tâm Quận 7, gần Đại Học RMIT, Tôn Đức Thắng, Lotte Mart KDC Nam Long, Big C, Nguyễn Thị Thập bán kính 500m.
- Tiện ở kinh doanh, cho thuê đều được.
- Pháp lý: Sổ hồng riêng, hoàn công đầy đủ, sang tên ngay.
- Giá: 4 tỷ 860 triệu còn thương lượng trực tiếp chủ.
Ngân hàng hỗ trợ trên 70% giá trị nhà cho khách hàng có nhu cầu với lãi suất ưu đãi.
Liên hệ: Huy Đại Dương tư vấn thông tin và xem nhà thực tế.
Cảm ơn quý khách đã xem tin!",,,,,,0,1,1,1,0
https://batdongsan.com.vn/ban-nha-mat-pho-duong-tran-dinh-xu-phuong-co-giang-53/ban-toa-tien-inh-ngay-hung-ao-quan-1-8-4x20m-kc-ham-7-tang-pr45733560,"Bán tòa nhà vị trí đẹp thu nhập khủng mặt tiền Trần Đình Xu Quận 1.

Thông tin tài sản:
Diện tích: 8.35 x 20m Công nhận: 170.1m².
Kết cấu: 1 Hầm + 8 Tầng.
Tổng diện tích sàn: ~1.343m².
Thiết kế chuẩn building khai thác đa công năng.

Vị trí: Ngay giao lộ Trần Hưng Đạo - Trần Đình Xu, Quận 1.
Trục đường kinh doanh sầm uất, kết nối nhanh Nguyễn Trãi Trần Hưng Đạo.
Khu vực tập trung khách sạn, văn phòng, căn hộ dịch vụ cao cấp.

Khai thác:
Tự vận hành dòng tiền ổn định 400 500 triệu/tháng.
Phù hợp: CHDV cao cấp khách sạn văn phòng.

Pháp lý:
Sổ hồng riêng, hoàn công đầy đủ.

Điểm mạnh đầu tư:
Ngang lớn hiếm 8.35m tại trung tâm Quận 1.
Tài sản quy mô dễ tối ưu vận hành, nâng cấp doanh thu.
Giữ tiền an toàn, tăng giá bền vững theo khu lõi trung tâm.

Giá bán: 175 tỷ còn thương lượng cho quý anh chị thật sự thiện chí!

Liên hệ:
0902 662 ***
Mr. Thiện để xem nhà và thương lượng chính chủ.",,,,,,1,1,1,1,1
https://batdongsan.com.vn/ban-nha-rieng-duong-an-duong-vuong-phuong-16-1-60/chu-ngop-ban-moi-4-tang-hem-xe-hoi-au-cua-uong-quan-8-pr45718311,"Bán nhà căn góc hẻm An Dương Vương Phường Phú Định (Phường 16 Quận 8 cũ). Nhà khu dân cư an ninh.
- Diện tích đất: 53.5m² (3.93m x 13.47m).
- Hiện trạng: 1 trệt 2 lầu sân thượng với 4 phòng ngủ, 3 toilet.
- Hướng: Bắc.
- Pháp lý: Sổ hồng riêng.
- Vị trí: Căn góc hẻm 4m thông thoáng, xe hơi đậu trước nhà, khu vực an ninh.
----------------------
Giá 5,8 tỷ thương lượng chính chủ.
Liên hệ:
0931 155 ***
Minh Nhà Đẹp.
(Pháp Lý Minh Bạch - Hỗ Trợ Vay Bank - Miễn Phí Đăng Bộ Sang Tên).",,,,,,1,0,0,0,0
https://batdongsan.com.vn/ban-nha-rieng-duong-le-van-luong-xa-nhon-duc-76/cu-xe-tai-vivu-222m2-ngang-8m-at-full-tho-chi-6ty390-be-chi-28-7tr-m2-cuchiem-pr45514865,"Nhà cũ, xe tải vi vu, 222m², ngang 8m, đất full thổ, chỉ 6tỷ390 Nhà Bè. Chỉ 28.7tr/m² cực hiếm.
+ Vị trí:
- Đường xe tải tránh. KDC đông đúc.
- Gần trường ĐH Tài Nguyên, ĐH Mở...
- Sát chợ, trường học, BHX...
+ Diện tích:
222m² (7.8x35), nhà nát. Đất full thổ.
* Tiện xây CHDV, biệt thự vườn, xây trọ,...
+ Sổ hồng riêng. Bank hỗ trợ.",,,,,,1,0,0,1,0
https://batdongsan.com.vn/ban-nha-rieng-duong-to-hien-thanh-phuong-13-5-62/hot-hem-xe-hoi-5m-uong-quan-10-3-tang-3pn-chi-6ty-nhinh-pr45631883,"- Nhà hẻm xe hơi Tô Hiến Thành trung tâm Quận 10.

- Vị trí đắc địa: Tô Hiến Thành, P. Hòa Hưng, Quận 10.
+ Hẻm xe hơi rộng 5m, thông thoáng.
+ Chỉ cách mặt tiền đường Tô Hiến Thành khoảng 100m.

- Diện tích: 3m x 9m CN 27.2m².
- Kết cấu: 1 trệt + 2 lầu.
+ 3 phòng ngủ rộng rãi, phù hợp gia đình ở lâu dài.

- Khu vực trung tâm, đầy đủ tiện ích xung quanh: Trường học, bệnh viện, siêu thị.
Thuận tiện kết nối các quận nội thành, tiềm năng tăng giá tốt.

Giá bán: 6,3 tỷ (còn thương lượng).

Liên hệ ngay để xem nhà thực tế và thương lượng giá tốt!",,,,,,1,0,0,0,0
https://batdongsan.com.vn/ban-nha-rieng-duong-to-hien-thanh-phuong-14-5-62/ban-4-tang-btct-5pn-ngay-oi-dien-my-kingdom-101-gia-6-x-ty-pr45628876,"Bán nhà 4 tầng BTCT - 5PN ngay Tô Hiến Thành đối diện My Kingdom 101 - giá 6.99tỷ.
---

Vị trí trung tâm Quận 10 hẻm 451 Tô Hiến Thành, hẻm 3m sát hẻm xe tải thông Lý Thường Kiệt và Thành Thái. Đối diện chung cư My Kingdom 101.

Kết cấu: 3,2m x 12m 35,4 m². 1 trệt 2 lầu sân thượng BTCT gồm 5PN 4WC nhà xây tâm huyết cực kỳ chắc chắn vào ở ngay.

Khu VIP an ninh dân trí gần bệnh viện Trưng Vương đầy đủ tiện ích xung quanh không thiếu thứ gì.

Giá cực tốt 6.99 tỷ thương lượng trực tiếp cho khách chốt nhanh.

Liên hệ Duy Homie Home.",,,,,,1,1,1,1,1
https://batdongsan.com.vn/ban-nha-rieng-duong-bui-the-my-phuong-10-10-69/au-tu-thong-minh-chi-3-15-ty-co-ngay-quan-tan-binh-dong-tien-7-5tr-thang-pr45559808,"Vị trí cực đẹp: Hẻm ba gác Bùi Thế Mỹ, P. 10, Tân Bình. Chỉ cách mặt tiền đúng 30m, di chuyển cực thuận tiện.
Thông số chuẩn: 3m x 8.5m (Công nhận 25m²). Thiết kế 1 trệt 2 lầu tối ưu không gian.
Công năng: 3PN, 3WC. Đặc biệt có phòng ngủ ở tầng trệt rất phù hợp cho người lớn tuổi hoặc gia đình có trẻ nhỏ.
Pháp lý: Sổ hồng riêng, hoàn công đầy đủ, công chứng trong ngày.
Lợi nhuận: Đang có sẵn hợp đồng thuê 7.5 triệu/tháng. Mua xong là có thu nhập ngay!
Tiện ích: Ngay gần chợ Ni Sư Huỳnh Liên, khu an ninh, dân trí cao.
Giá cực sốc: Chỉ 3.15 tỷ (Còn thương lượng cho khách thiện chí).",,,,,,0,1,1,1,0
https://batdongsan.com.vn/ban-nha-rieng-duong-vuon-lai-phuong-an-phu-dong-1-64/chdv-1-lung-4-lau-20-phong-cho-thue-110tr-thang-8m-x-21m-hem-thong-8m-gan-cau-sat-ong-pr45732207,"Bất động sản Hoàng Gia Phát.
Giá bán: 21 tỷ thương lượng.
Tòa căn hộ dịch vụ 20 phòng full phòng dòng tiền 110 triệu/tháng.
Sơn Ca 8 Vườn Lài, phường An Phú Đông, TP. HCM.
Diện tích: 8m x 21m 163,6m (thổ cư 120m²).

Kết cấu: 1 trệt, 1 lửng, 4 lầu.
Gồm 20 căn hộ dịch vụ đang khai thác ổn định.
Phòng rộng 25m², có ban công thoáng mát.

Thu nhập:
Khoán khoảng 80 triệu/tháng.
Tự khai thác khoảng 110 triệu/tháng luôn kín phòng.

Trang bị hệ thống PCCC đầy đủ.
Đường nhựa 8m, quy hoạch mở rộng 16m.
Khu vực gần sông thoáng mát, dân cư đông, nhu cầu thuê cao.

Pháp lý chuẩn phù hợp giữ tiền & đầu tư lâu dài.

Liên hệ Hoàng Chiều:
0902 625 ***
.",,,,,,1,0,0,0,0
https://batdongsan.com.vn/ban-nha-rieng-duong-chu-van-an-phuong-12-7-66/hem-o-to-74m2-p-12-binh-thanh-moi-full-noi-that-9-7-ty-pr45170535,"1. Vị trí và ưu điểm.
Nhà Chu Văn An, Phường 12, Bình Thạnh. Sát mặt tiền, ngay trung tâm quận, giao thông thuận tiện, qua Quận 1 chỉ 5 phút. Khu vực văn minh, hàng xóm thân thiện.
2. Ưu điểm nổi bật.
Diện tích 74m² (ngang 6m x 13m).
Kết cấu 1 trệt 1 lầu (BTCT 2 tấm đúc).
Gồm 4 phòng ngủ, 2 phòng khách, 1 bếp.
Có phòng ngủ tầng trệt, thuận tiện cho người lớn tuổi.
Có sân riêng đậu ô tô ngay trong nhà.
Không gian thoáng, bố trí hợp lý.
3. Pháp lý.
Sổ hồng riêng, pháp lý chuẩn, sang tên nhanh.
4. Giá.
Giá 9.7 tỷ.
Giá thương lượng trực tiếp chính chủ và còn bớt.
Liên hệ Huệ để mua nhà giá tốt và hỗ trợ tư vấn pháp lý.",,,,,,1,1,1,1,1
https://batdongsan.com.vn/ban-nha-rieng-duong-tu-hai-phuong-6-15-69/ban-ep-cu-xa-bac-7-2-ty-76m2-5pn-5wc-mat-tien-4m-hxh-pr45682212,"Đường Tứ Hải, Phường Tân Hòa, Hồ Chí Minh (cũ: Quận Tân Bình, Hồ Chí Minh) là một ngôi nhà mặt phố xịn sò với diện tích 76m² (cn 45m²).
Có 3 tầng với 5PN và 5WC, rất phù hợp cho gia đình lớn hoặc để kinh doanh.
Nội thất đầy đủ bao gồm giường, tủ, bàn ghế, sẵn sàng cho cuộc sống mới.
Mặt tiền rộng 4m, ngõ vào rộng 4m, dễ dàng di chuyển và khai thác kinh doanh. Pháp lý đầy đủ, không lo lắng gì về giấy tờ.

Khu vực xung quanh cũng khá tiện lợi với nhiều tiện ích như bệnh viện, trường học và công viên. Liên hệ ngay để được tư vấn miễn phí và xem nhà.
L480.

Gọi ngay
0913 113 ***
để gặp Hồ Xuân Di Lâm.",,,,,,1,1,1,1,1
https://batdongsan.com.vn/ban-nha-rieng-duong-nguyen-van-linh-phuong-tan-thuan-tay-1-59/ban-gap-3-tang-hxh-6m-uong-78m2-no-hau-vi-tri-ep-gia-hop-ly-pr45587617,"Nhà riêng HXH 6m Đường Nguyễn Văn Linh, Phường Tân Thuận, Hồ Chí Minh, trước đây Quận 7, Hồ Chí Minh với diện tích 75.56m², 3 tầng, 5 phòng ngủ và 5 phòng tắm. Giá bán chỉ 12,8 tỷ VND.
- Diện tích rộng rãi, thiết kế hợp lý, phù hợp cho gia đình đông người.
- Nội thất đầy đủ bao gồm điều hòa, giường, tủ lạnh.
- Ngõ vào rộng 6m, thuận tiện cho việc di chuyển, thích hợp cho xe hơi.
- Mặt tiền 6m, lý tưởng cho kinh doanh nếu cần.
- Pháp lý đầy đủ, đảm bảo an toàn cho người mua.

Điểm cộng:
- Ngõ vào rộng 6m, dễ dàng tiếp cận.
- Mặt tiền 6m, có thể kinh doanh.
- Pháp lý đầy đủ, đảm bảo quyền lợi cho khách hàng.",,,,,,0,1,1,1,1
https://batdongsan.com.vn/ban-nha-mat-pho-duong-nguyen-ba-huan-phuong-thao-dien-54/giam-10-ty-villa-ho-boi-ien-dt-7-5-x-28m-cn-204m2-4-tang-chi-34-ty-pr45745758,"Sản phẩm tốt nhất thị trường khu Thảo Điền, Quận 2.

Bán giá đầu tư, thấp hơn định giá ngân hàng.

Villa có sẵn Hồ Bơi, hơn 200m giá chỉ 34 tỷ (170tr/m²), đất Thảo Điền thấp nhất củng 200tr/m².

Thích hợp mua đầu tư giữ tiền, hoặc xây mới Khách sạn, Căn hộ dịch vụ cho khách nước ngoài thuê.

- Địa chỉ: Mặt tiền Nguyễn Bá Huân, P. Thảo Điền, Quận 2.

- Diện tích: 7.5m x 27m. Công nhận: 204.9m².

- Kết cấu: 4 Tầng + Có hồ bơi.

- Hợp đồng thuê: 80,41 triệu/tháng.

- Pháp lý: Sổ hồng chính chủ.

Giá bán: 44 Tỷ giảm còn 34 Tỷ.",,,,,,0,1,1,1,1
https://batdongsan.com.vn/ban-nha-mat-pho-duong-nguyen-anh-thu-phuong-tan-chanh-hiep-1-64/xa-gap-trong-tuan-giam-soc-1-2-ty-tien-p-tmt-shr-4-5x34m-3-lau-pr45688022,"Xả gấp trong tuần - Giảm sốc 1,2 tỷ.
Mặt tiền Nguyễn Ảnh Thủ, P. TMT (Vị trí sung nhất).
Giá cũ: 14 tỷ 860 chốt nhanh: 13 tỷ 600.
Thông tin chi tiết:

* Diện tích: 4,5m x 34m SD 146m² (CN 110m² thổ cư).
* Kết cấu: 1 trệt 2 lầu (sàn 400m²).
* Hiện trạng: Nhà mới sửa đẹp long lanh, dọn vào ở ngay.
* Phù hợp: Mở tiệm vàng, spa, văn phòng, kinh doanh đa ngành.
Liên hệ chính chủ:
0908 517 ***
CG.",,,,,,0,1,1,1,1
https://batdongsan.com.vn/ban-shophouse-nha-pho-thuong-mai-duong-dinh-thi-thi-phuong-hiep-binh-phuoc-pho-thuong-mai-royal-van-phuc-city/can-gia-re-nhat-san-so-trao-tay-nhan-ngay-trong-thang-ck-30-pr45448460,"Căn nhà phố thương mại Royal Vạn Phúc duy nhất giá tốt nhất hưởng ưu đãi chiết khấu 30% trong tháng 4 thích hợp ở, cho thuê cty đặt văn phòng, văn phòng cty.

- Vị trí: Trục đường Đinh Thị Thi, mặt tiền thoáng, phố đi bộ châu âu.
- Diện tích 140m² phù hợp cho kinh doanh. Giá chỉ 38,28 tỷ VND, pháp lý sổ trao tay, Hoàn thiện ngoài thô bên trong.
- Diện tích 7x20m = 140m².
- Vị trí đắc địa ngay góc 2 mặt tiền Vạn Phúc City, kết nối trung tâm.
- Giá 38,28 tỷ (duy nhất tháng 4).
- Hầm âm + 5 tầng.
- DT sàn lên tới: 817.87m².
- Là căn nhà phố thương mại ngang 7m có hầm rẻ nhất tại KDC Vạn Phúc hiện hữu.
- Sổ hồng riêng, công chứng nhanh chóng.
Tặng ngay chuyến traỉ nghiệm du thuyền 5 sao trị giá 100tr cho cả gia đình chốt trong tháng 4 ngắm sài gòn về đêm.
------------------------------------
Liên hệ xem nhà - xem sổ Phi - Vạn Phúc City qua số:
0939 829 ***
(Sales Gallery Vạn Phúc Group 201 Nguyễn Thị Nhung, P. Hiệp Bình, TP. HCM.
Website: tapdoanvanphuc.vn",,,,,,0,1,0,0,0
https://batdongsan.com.vn/ban-nha-rieng-phuong-5-14/ban-hem-xe-hoi-ngay-cho-cay-queo-dt-5-5x19m-so-no-hau-3-tang-btct-chi-12-x-ty-tl-pr45321202,"* Công năng: 4 phòng ngủ, 1 phòng khách, tiện nghi.
* DT 105m² sổ CN 95.5m².
* Kết cấu: 3 tầng BTCT.
* Tiện ích sát Quận 1, Phú Nhuận, nhà ngay chợ Cây Quéo, Hoàng Hoa Thám, Nguyễn Văn Đậu, Lê Quang Định, Nguyễn Thượng Hiền, Phan Đăng Lưu...
* Tặng full nội thất cao cấp chỉ sách vali vào ở.
* Chủ bao sang tên, pháp lý rõ ràng.
* Hẻm rộng, sạch sẽ, thông thoáng, khu dân cư an ninh.
* Diện tích cực đẹp.
* Giá: 12.8 tỷ thương lượng thiện chí.
* Gọi ngay
0398 949 ***
Vân - Chuyên nhà đẹp. Hỗ trợ bank lãi suất ưu đãi, nhận đăng bộ sang tên, tư vấn pháp lý nhà đất.",,,,,,1,0,0,0,0
https://batdongsan.com.vn/ban-nha-rieng-duong-bui-thi-xuan-phuong-3-22-69/ban-tan-binh-kien-truc-saigon-xua-hxh-ngu-5-x-20-no-hau-7m-gia-12-5-ty-pr45743188,"- Vị trí: Bùi Thị Xuân, Tân Bình, cách mặt đường đúng 1 căn nhà, ra bờ kè Trường Sa, Phạm Văn Hai, Lê Văn Sỹ cực kỳ thuận lợi.
- Diện tích: 5 x 20, nở hậu 7m chữ L (cn 93.4m²).
- Kết cấu: Nhà theo kiến trúc Sài Gòn Xưa, trước 1975, rất cứng chắc, phù hợp cho người yêu hoài cổ hoặc kinh doanh F&B.
- Hẻm xe hơi ngủ trong nhà, bề ngang rộng, xe hơi ra vô thoải mái.
- Chủ thiện chí bán chia gia tài.
- Pháp lý rõ ràng, hoàn công đủ.
Phú
0903 010 ***
.
Nhà thật, người thật, không đưa tin ảo.",,,,,,0,1,1,1,1
https://batdongsan.com.vn/ban-nha-rieng-duong-tran-van-quang-phuong-10-10-69/ban-ep-co-gu-uong-tan-binh-50m2-4pn-4wc-hem-xe-hoi-so-hong-alo-xem-lun-pr45719777,"Hẻm ô tô thông Trần Văn Quang, P10 Tân Bình 4.25 x 12 (a4) 3 tầng BTCT có pn trệt chỉ 8.6 tỷ.

- Vị trí: Hẻm xe hơi thông, sát mặt tiền đường Trần Văn Quang khu dân cư hiện hữu, an ninh, dân trí cao. Kết nối nhanh các trục lớn, tiện ở và kinh doanh.
- Di chuyển 5P tới trung tâm quận 10.
- Cách Đại Học Văn Hiến 1KM.
- Cách 2KM tới VX Lê Đại Hành Q11, SVĐ Phú Thọ Q10.

- Diện tích: 4.25 x 12m sổ A4 vuông vức cn 47.6m², không lỗi phong thủy.

- Kết cấu: 1 trệt, 2 lầu BTCT kiên cố.
- 4 phòng ngủ (có PN tầng trệt tiện người lớn tuổi).
- 4 WC riêng biệt.
- Phòng khách, bếp, ban công thoáng.

- Hẻm xe hơi thông di chuyển thuận tiện, phù hợp vừa ở vừa kinh doanh hoặc khai thác cho thuê.

- Pháp lý: Sổ hồng riêng, hoàn công đầy đủ, công chứng ngay.

- Giá: 8.6 tỷ (còn thương lượng) phân khúc hiếm trong khu vực.

Nói không với tin ảo.

Liên hệ ngay:
0388 324 ***
Đồng Phạm (zalo/call/mess) ưu tiên gọi liền.",,,,,,1,0,0,0,0
https://batdongsan.com.vn/ban-nha-rieng-duong-nhat-chi-mai-phuong-13-10-69/hxh-8m-sieu-hiem-dt-5-8-x-8-2m-cn-u-50m-ket-cau-3-tang-gia-9-9ty-tl-chinh-chu-gui-ban-pr45688905,"HXH 8m, DT: 5,8 x 8,2m, CN: 49,4m² - 3 tầng - chỉ có 9,9 tỷ nhà vuông vức A4 nở hậu.

+ Thông tin chi tiết:

+ Vị trí: Gần mặt tiền Cộng Hòa, Phường 13, Tân Bình gần sát nhà ga T3 chỉ 5 phút ra sân bay, 5 phút ra Ga Metro Phạm Văn Bạch (S10) thuộc tuyến Metro số 2 (Bến Thành - Tham Lương).

- DT: 5,8 x 8,2m, CN 49,4m².

- Kết cấu: Sẵn 3 tầng, 3 phòng ngủ với không gian rộng rãi, thoáng đãng.

- Pháp lý chuẩn - Sổ hồng chính chủ.

- Giá 10,3 tỷ giảm còn 9,9 tỷ bớt lộc.

Liên hệ làm việc trực tiếp qua điện thoại hoặc Zalo:
0703 626 ***
Phúc Tiến.",,,,,,1,1,1,1,1
https://batdongsan.com.vn/ban-nha-rieng-pho-nguyen-thien-thuat-phuong-1-14-55/ban-toa-uong-q3-5x19m-7-tang-thang-may-chi-26-ty-pr45699921,"Bán tòa nhà hẻm 8 m đường Nguyễn Thiện Thuật phường 1 quận 3.

- Diện tích: 5x19m cn 84m² nở hậu 6m.
- Kết cấu: 1 trệt, 5 lầu, sân thượng, thang máy, ốp kính văn phòng.
- Vị trí đường trước nhà 8m, khu phân lô bàn cờ gần MT.
- Pháp lý: Sổ hồng cá nhân, hoàn công đầy đủ.
- Giá bán 29 tỷ về 26 tỷ bán nhanh.

Lh:
0902 662 ***
Mr. Thiện để xem nhà và thương lượng chính chủ.",,,,,,0,1,1,1,1
https://batdongsan.com.vn/ban-nha-rieng-duong-xo-viet-nghe-tinh-phuong-17-1-66/sieu-pham-dong-tien-45tr-thang-9pn-khep-kin-binh-thanh-sat-quan-1-pr45504903,"Siêu phẩm dòng tiền 45tr/tháng 9PN khép kín sát quận 1.
Bạn đang tìm kiếm một kênh trú ẩn tài sản an toàn với lợi nhuận cao hơn gửi tiết kiệm? Đây chính là câu trả lời hoàn hảo ngay tại trung tâm Bình Thạnh!
Vị Trí Vàng - Ngàn Tiện Ích.
Địa chỉ: Trục đường Xô Viết Nghệ Tĩnh, P. 17, Bình Thạnh (Khu vực sầm uất nhất quận).
Kết nối: Chỉ 3 phút qua Quận 1, thuận tiện di chuyển đến các trường đại học lớn (Hutech, Ngoại Thương, GTVT) và các tòa nhà văn phòng.
Khu vực: Dân cư đông đúc, luôn trong tình trạng cháy phòng cho thuê.
Thông tin chi tiết căn hộ dịch vụ (CHDV).
Diện tích: 45m² (Ngang đẹp, vuông vức). Công nhận sổ 41,3m².
Kết cấu: 1 trệt, 3 lầu, sân thượng đúc kiên cố.
Công năng: Tổng cộng 9 Phòng ngủ + 9 WC riêng biệt.
Thiết kế: Dạng Duplex (có gác lửng) hiện đại xu hướng thuê phòng ưa chuộng nhất hiện nay, giúp tối ưu không gian và tăng giá trị cho thuê.
Thông Số Đầu Tư Ấn Tượng.
Dòng tiền sẵn: 45 triệu/tháng (Thu nhập thụ động bền vững).
Giá bán: 8.9 Tỷ (Còn thương lượng cho khách thiện chí).
Tiềm năng: Vừa có dòng tiền hàng tháng, vừa hưởng lợi từ việc tăng giá trị đất tại lõi trung tâm.
Tỷ suất sinh lời cao: Hiếm có căn nào cùng phân khúc giá mà đạt hiệu suất dòng tiền tốt như vậy.
Pháp lý: Sổ hồng chính chủ, công chứng ngay trong ngày.
""Đầu tư vào bất động sản dòng tiền là cách thông minh nhất để giữ tiền và gia tăng tài sản trong mọi thời điểm. "".
Liên hệ xem nhà chính chủ:
Hotline:
0903 618 ***
(Mr. Quang Trực).
Hỗ trợ tư vấn pháp lý và đàm phán giá tốt nhất cho nhà đầu tư.",,,,,,0,1,0,0,0
https://batdongsan.com.vn/ban-nha-rieng-duong-pham-huu-lau-phuong-phu-my-9-59/pho-hien-dai-tam-huyet-hem-3m-167-ngay-hung-quan-7-11m-x-7m-gia-6-6-ty-pr45072577,"Nhà Phố hiện đại đầy đủ nội thất hẻm 3m 167 Phạm Hữu Lầu Phường Phú Mỹ Quận 7 (Cách Phú Mỹ Hưng 500m, thông Huỳnh Tấn Phát.
- Diện tích: 11m x 7m 77m² (CN 45.3m²).
- 01 trệt 01 lầu 04 phòng ngủ, 05WC - Đúc kiên cố chắc chắn, đủ nội thất cao cấp, gara xe, phòng khách, bếp, phòng thờ đầy đủ công năng.
- Sân để xe, hẻm trước nhà thoáng mát...
- Khu dân cư an ninh, hiện hữu dân trí cao, xung quanh nhà cao tầng đồng bộ.
- Tiện ích ngay trung tâm Quận 7, KDC Nam Long, Big C, Nguyễn Thị Thập, di chuyển qua Phú Mỹ Hưng 500m.
- Tiện ở ngay, mở văn phòng công ty, cho thuê đều được.
- Pháp lý: Sổ hồng riêng, hoàn công đầy đủ.
- Giá: 6 tỷ 190 triệu còn thương lượng trực tiếp chủ.
Ngân hàng hỗ trợ trên 70% tài chính cho khách hàng với lãi suất ưu đãi.
Liên hệ: Huy Đại Dương tư vấn thông tin và xem nhà thực tế. Cảm ơn Quý Khách đã xem tin!",,,,,,1,1,1,1,1
https://batdongsan.com.vn/ban-nha-mat-pho-pho-nguyen-xi-phuong-26-66/toa-mt-binh-thanh-12x40m-no-hau-28m-ham-7-tang-h-t-520-trieu-gia-188-ty-pr45435152,"Tòa nhà MT Nguyễn Xí, P26, Q Bình Thạnh.
- Diện tích: 12x40m, nở hậu 28m
- Công nhận: 520.3m2
- Kết cấu: Hầm 7 tầng.
- HĐ thuê 520 triệu/tháng còn 8 năm.
- Vị trí nhà nằm ngay mặt tiền sầm uất gần các trường đại học, khu vực chuyên văn phòng khách sạn, nhà hàng, căn hộ dịch vụ cao cấp.
- Tuyến đường thông ra Land Mark 81 giáp Quận 1 cách sân bay chỉ 4km...
- Giá 188 tỷ
- Liên hệ:
0938 134 ***
- Thanh Tùng (24/7).",,,,,,0,1,1,1,1
https://batdongsan.com.vn/ban-nha-rieng-pho-tran-xuan-soan-phuong-tan-hung-14-59/moi-full-noi-that-xach-valy-vao-o-ngay-hem-vip-quan-7-4-5x14-cn-59m2-pr45583897,"Nhà mới full nội thất - xách valy vào ở ngay - hẻm VIP Phường Tân Hưng, Quận 7 - 4.5x14 (cn 59m²) - giá chỉ 6.7 tỷ (TL).

Vị trí: 861/ Trần Xuân Soạn - Tân Hưng. Q7.
Hướng: Tây - Tây Nam.
Diện tích: 4.5m dài 14m.
Trệt lầu 3PN - 3WC - Ban công trước.
Nhà full nội thất cao cấp.
SHR hoàn công đủ. Hỗ trợ ngân hàng.

Liên hệ:
0972 694 ***
em Thành.",,,,,,1,1,1,1,1
https://batdongsan.com.vn/ban-nha-rieng-duong-dien-bien-phu-phuong-3-13-55/quan-3-ien-48-7m2-11-5-ty-hxh-5-tang-6pn-dong-tien-30tr-thang-pr45608147,"Quận 3 - Điện Biên Phủ - 48.7m² - 11.5 tỷ - HXH - 5 tầng - 6PN - dòng tiền 30tr/tháng.

Vị trí: Hẻm xe hơi đường Điện Biên Phủ, Phường 3, Quận 3 cách mặt tiền Cao Thắng khoảng 36m. Khu vực trung tâm, di chuyển thuận tiện, xung quanh đầy đủ tiện ích.

Diện tích: Diện tích công nhận 48.7m² (3.5x14m), thông số đẹp, dễ khai thác.

Kết cấu: Nhà xây dựng 1 trệt 1 lửng 3 lầu, gồm 6 phòng ngủ, 6WC. Có giếng trời, không gian thoáng, bố trí phù hợp cho thuê.

Khai thác: Hiện đang có dòng tiền khoảng 30 triệu/tháng. Phù hợp tiếp tục cho thuê, làm căn hộ dịch vụ hoặc kết hợp vừa ở vừa khai thác. Khu vực trung tâm, nhu cầu thuê ổn định.

Pháp lý: Sổ hồng riêng, pháp lý chuẩn.

Liên hệ:
0901 337 ***
- Mr Quốc Đại, Banker làm môi giới để xem nhà và nhận tư vấn giải pháp tài chính tốt nhất.",,,,,,0,1,1,1,1
https://batdongsan.com.vn/ban-nha-rieng-duong-binh-dong-phuong-14-4-60/hang-hiem-ban-dien-tich-khung-110m2-hien-huu-ngay-du-an-cau-tien-uong-ong-q8-pr45724576,"Bán nhà 100.5m² đất, hẻm Cây Sung phường Bình Đông, TP HCM. Ngăn 2 căn vừa ở vừa cho thuê.
- Diện tích đất: 100.5m² (6.24m x 14m); Nở hậu: 9.85m. Diện tích sử dụng: 201m².
- Kết cấu: 1 trệt 1 lầu với 4 phòng ngủ, 2 toilet (đang ngăn làm 2 căn vừa ở vừa cho thuê được). Có khoản sân trước nhà thông thoáng.
- Hướng: Tây Nam.
- Pháp lý: Sổ hồng riêng, công chứng sang tên ngay.
- Vị trí: Hẻm trước nhà 2m thông thoáng.

Tiện ích:
Chợ/TTTM: Chợ Bình Đông cách 350m.
Trường học: Tiểu học Hồng Đức cách 350m, THCS Lê Lai cách 500m, THPT Võ Văn Kiệt cách 1.5km.
-----------------------------
Giá bán: 5,6 tỷ còn thương lượng chính chủ.
Liên hệ:
0931 155 ***
Minh nhà đẹp.
(Pháp lý minh bạch hỗ trợ vay bank miễn phí giấy tờ mua bán).",,,,,,0,1,1,1,0
https://batdongsan.com.vn/ban-nha-rieng-duong-nguyen-van-tao-xa-long-thoi-76/ban-nr-5pn-5wc-83-3m2-tai-khu-o-can-bo-cong-nhan-vien-5-3-ty-pr45697753,"Bán nhà dòng tiền chuẩn xịn - khu cán bộ CNV Nguyễn Văn Tạo, Nhà Bè (đang full phòng).

Chính chủ cần bán gấp căn nhà dòng tiền vị trí siêu đẹp, nằm trong khu dân cư an ninh, trí thức. Mua xong không cần tìm khách, tháng nào cũng đều đặn lượm tiền!

Vị trí Vàng: Khu cán bộ Công nhân viên, 58 Nguyễn Văn Tạo, Xã Long Thới, Huyện Nhà Bè.

Khu vực an ninh, dân trí cao, hàng xóm là cán bộ công chức, đường sá thông thoáng, không ngập nước.

Kết nối giao thông cực kỳ thuận lợi, chỉ mất vài phút di chuyển đến cụm các trường Đại học lớn khu Nam Sài Gòn và KCN Hiệp Phước.

Thông số ""Hái ra tiền"":

Kết cấu tối ưu: Nhà thiết kế chuẩn công năng khai thác cho thuê với 5 Phòng ngủ rộng rãi & 5 WC riêng biệt. Khách ở cực kỳ riêng tư và thoải mái.

Dòng tiền có sẵn: Hiện tại nhà đang cho thuê full phòng toàn bộ là sinh viên các trường Đại học lân cận. Mua xong sang tên Hợp đồng thuê, thu tiền ngay lập tức mà không trống phòng một ngày nào!

Đón đầu sóng quy hoạch hạ tầng của Nhà Bè và trục giao thương Nguyễn Văn Tạo. Mua để giữ tiền cũng tự động tăng giá.

Pháp lý: Sổ hồng chính chủ, hoàn công đầy đủ, sang tên công chứng trong một nốt nhạc.

Giá bán: 5,3 tỷ (bớt lộc), nếu chính chủ mua không qua môi giới thì bớt thêm 1%.

Đặc biệt: Tặng lại toàn bộ nội thất cơ bản và hợp đồng thuê nhà hiện tại (5 năm còn 4 năm) cho khách thiện chí chốt nhanh!

Liên hệ ngay (Chính chủ):
0907 557 ***
- Gọi hoặc Zalo để xem nhà trực tiếp và làm việc giá cả. (Hoa hồng 1% gửi anh em môi giới hỗ trợ chạy giúp).",,,,,,1,1,0,1,1
https://batdongsan.com.vn/ban-nha-rieng-duong-lanh-binh-thang-phuong-8-11-63/ban-q11-hem-8m-kinh-doanh-4-tang-ep-ngang-4-3m-hiem-chi-8-99-ty-pr45721839,"Bán nhà Q11 hẻm 8m kinh doanh 4 tầng đẹp ngang 4.3m hiếm chỉ 8.99 tỷ.
Lãnh Binh Thăng Phường Phú Thọ TP. HCM (Quận 11 cũ).
DT 4.3m x 11m. Diện tích thực tế 47m² và công nhận trong sổ 34,5m². Kết cấu 1 trệt 2 lầu + sân thượng công năng 2PN lớn + 1 phòng đa năng 4WC nhà đúc kiên cố, ban công & sân thượng thoáng mát.
Hẻm xe hơi 8m thông thoáng chỉ vài căn ra mặt tiền gần 3/2 & Lê Đại Hành vị trí cực đẹp vừa ở vừa kinh doanh.
Tặng full nội thất xịn mua vào ở ngay.
Phù hợp mở spa, phòng khám, văn phòng, kinh doanh online hoặc cho thuê giá cao.
Gần trường học, chợ, siêu thị kết nối nhanh Q5, Q10, Tân Phú.
Sổ hồng riêng hoàn công đầy đủ sang tên nhanh.
Liên hệ: Phạm Tuấn -
0948 292 ***
(z. A. L. O).",,,,,,1,0,0,0,0
https://batdongsan.com.vn/ban-nha-rieng-duong-ba-hat-phuong-9-9-62/gap-ban-giam-chao-200tr-ban-quan-10-uong-42m2-gan-mat-tien-5-ty-18-pr45143911,"Bán nhà Quận 10. Đường Bà Hạt.
Diện tích 42m² ngang 3.25m, dài 13m², 5 phòng ngủ, có 1 phòng ngủ dưới tầng trệt dành cho người lớn tuổi.
Nhà mới đẹp dọn vào ở ngay, có sẵn nội thất chỉ xách vali vào ở ngay. Nhà mình gần chợ, siêu thị, trường học, tiện ích đầy đủ.
Vị trí trung tâm tiện di chuyển qua Vĩnh Viễn, Nguyễn Duy Dương, Nguyễn Tri Phương, Quận 1, Quận 3.
Sổ hồng riêng, sổ mới 2025. Công chứng sang tên nhanh.
Giảm chào 200tr giá còn 5 tỷ 18 thương lượng.
Xem nhà chi tiết em An
0937 254 ***
.",,,,,,0,1,1,1,1
https://batdongsan.com.vn/ban-nha-rieng-duong-tinh-lo-10-phuong-binh-tri-dong-65/ban-gap-mat-pho-530-7-18-uong-10-14-5-ty-146-m2-8pn-4wc-pr45521057,"Chính chủ cần bán căn nhà tâm huyết tại 530/7/18 Tỉnh Lộ 10, khu phố 16, phường Bình Trị Đông, quận Bình Tân, TP. HCM.

Đây là căn nhà được chủ cũ xây dựng đầu tiên để ở, chăm chút kỹ lưỡng, mang nhiều may mắn và tài lộc cho gia đình. Nay do đã mua thêm nhà khác nên chính chủ mới thiện chí bán lại cho người hữu duyên.

Nhà có diện tích đất 146m², kết cấu 1 trệt, 2 lầu, sân thượng, diện tích xây dựng 111,53m², tổng diện tích sàn 352,49m².
Sổ hồng riêng, sở hữu riêng, pháp lý rõ ràng.

Ưu điểm nổi bật của căn nhà:

Khuôn đất đẹp, nở hậu, phong thủy tốt, rất phù hợp để an cư lâu dài.

Nhà có diện tích lớn, không gian rộng rãi, phù hợp gia đình nhiều thế hệ.

Kết cấu sẵn 1 trệt 2 lầu sân thượng, dễ bố trí nhiều phòng ngủ, phòng làm việc, phòng sinh hoạt chung.

Có sân thượng thoáng mát, tăng thêm công năng sử dụng.

Vị trí thuận tiện, gần trường học, chợ, siêu thị, xung quanh đầy đủ tiện ích phục vụ sinh hoạt hằng ngày.

Khu dân cư ổn định, thích hợp để ở, giữ tài sản hoặc cải tạo theo nhu cầu riêng.

Đây là căn nhà phù hợp cho khách đang tìm nơi ở rộng rãi, phong thủy đẹp, pháp lý rõ và giá trị sử dụng cao tại khu vực Bình Tân.

Giá bán mong muốn: 14,5 tỷ.
Liên hệ chính chủ:
0906 366 ***
.

Đây là bản ngắn gọn hơn, đúng kiểu đăng tin batdongsan.com:
Chính chủ bán nhà tại 530/7/18 Tỉnh Lộ 10, KP16, P. Bình Trị Đông, Q. Bình Tân. DT đất 146m², kết cấu 1 trệt 2 lầu sân thượng, DTXD 111,53m², DTS 352,49m². Sổ hồng riêng, sở hữu riêng, pháp lý rõ ràng. Khuôn đất nở hậu, phong thủy tốt. Nhà do chủ cũ xây dựng đầu tiên để ở, nay mua thêm nhà khác nên thiện chí bán lại. Vị trí gần trường học, chợ, siêu thị, tiện ích đầy đủ. Giá bán 14,5 tỷ. Liên hệ chính chủ:
0906 366 ***
.",,,,,,0,1,1,1,0
https://batdongsan.com.vn/ban-nha-rieng-duong-quoc-lo-1a-phuong-trung-my-tay-64/ban-quan-12-ngay-ep-o-ngay-shr-gia-2-59-ty-tl-pr45748648,"Thông tin chi tiết.
Vị trí: Quốc Lộ 1A, phường Trung Mỹ Tây, Quận 12.
Diện tích: 4.9 x 7m.

Kết cấu nhà.
1 trệt 1 lửng.
Phòng ngủ lớn có thể ngăn thành 2 phòng ngủ.
Nhà xây kiên cố.
Dọn vào ở ngay.

Hẻm & vị trí.
Hẻm ba gác thông thoáng.
Khu dân cư hiện hữu, an ninh tốt.
Thuận tiện di chuyển Gò Vấp, Trường Chinh.

Tiện ích xung quanh.
Gần chợ, trường học.
Gần siêu thị, cửa hàng tiện lợi.
Gần Quốc Lộ 1A thuận tiện kết nối các quận.

Điểm nổi bật.
Giá 2.59 tỷ hiếm có nhà ở ngay.
Nhà kiên cố, công năng hợp lý.
Tiện di chuyển về Gò Vấp.
Phù hợp ở hoặc cho thuê.

Pháp lý.
Sổ hồng riêng.
Công chứng nhanh.

Giá bán: 2.59 tỷ (thương lượng).",,,,,,0,1,1,1,1
https://batdongsan.com.vn/ban-nha-rieng-duong-le-van-duyet-phuong-3-19-66/binh-thanh-52m-hem-xe-tai-sat-quan-1-pr45531798,"Lê Văn Duyệt - Bình Thạnh, 52m², hẻm xe tải sát Quận 1.
- DT: 52m² (3.8x15) form đẹp, nở hậu vuông vức.
- Nhà cấp 4 tiện xây mới.
- Hẻm xe tải thông thoáng, khu dân trí cao.
- Vị trí sát Q1 qua kênh Nhiêu Lộc là tới trung tâm.
- Phù hợp ở hoặc đầu tư xây dựng.
- Giá: 10 tỷ đồng chẵn.

Quang -
0774 166 ***
A/C xem nhà 5 phút thôi, ko chốt cũng được.",,,,,,1,0,0,0,0
https://batdongsan.com.vn/ban-nha-rieng-duong-tan-chanh-hiep-13-phuong-tan-chanh-hiep-1/ban-trung-my-tay-quan-12-hem-xe-hoi-46m2-gan-to-ky-nguyen-anh-thu-gia-3-9-ty-tl-pr45684505,"Thông tin chi tiết.
Vị trí: Phường Trung Mỹ Tây (Tân Chánh Hiệp cũ), Quận 12.
Diện tích: 4 x 11.5m.
Diện tích công nhận: 38m² diện tích sử dụng 46m².
Kết cấu: 1 trệt 1 lửng.
Công năng: 2 phòng ngủ, 2WC, phòng khách rộng, bếp thoáng, phòng thờ.
Có phòng ngủ tầng trệt phù hợp gia đình có người lớn tuổi.
Nhà đẹp như mới, dọn vào ở ngay.

Hẻm & giao thông.
Hẻm trước nhà rộng 4m.
Xe hơi đậu cửa.
Vài bước ra hẻm xe tải.
Kết nối nhanh Tô Ký, Nguyễn Ảnh Thủ, Trường Chinh, Gò Vấp.

Tiện ích xung quanh.
Khu dân cư đông đúc, an ninh.
Gần chợ, trường học, siêu thị, cửa hàng tiện lợi.
Thuận tiện di chuyển về trung tâm và các quận lân cận.

Điểm nổi bật.
Giá dưới 4 tỷ hiếm có nhà đẹp ở ngay.
Hẻm xe hơi, vị trí thuận tiện.
Phù hợp gia đình trẻ hoặc mua giữ tài sản lâu dài.

Pháp lý.
Sổ hồng riêng.
Công chứng nhanh.

Giá bán: 3.9 tỷ (thương lượng).",,,,,,1,0,0,0,0
https://batdongsan.com.vn/ban-nha-rieng-duong-doan-nguyen-tuan-xa-tan-quy-tay-72/ban-vuon-oan-383m2-10x38m-uong-5m-o-to-thong-tl-8-6-ty-binh-chanh-pr45507629,"Chính chủ gửi chào bán biệt thự sân vườn lô góc diện tích lớn 383m² tại Tân Quý Tây, Bình Chánh. Vị trí đắc địa, ngang 10m bề thế, thiết kế 4PN hiện đại, không gian xanh thoáng mát, pháp lý sổ hồng riêng hoàn công.

* Giá chào: 8 tỷ 600 triệu.

* Giá chốt: Bớt lộc, thương lượng mạnh cho khách thiện chí mua, thanh toán nhanh.

* Nhà thực, có sao đăng vậy, không ảo, thông số và thông tin xác thực tế.

* Thông số xác thực: Diện tích đất công nhận trên sổ 383m² (10m x 38m), trong đó có 260,6m² đất ở đô thị (ODT). Diện tích sàn sử dụng lên đến 211,2m².

* Kết cấu kiên cố: Nhà 1 trệt, 1 lầu, sân thượng. Thiết kế tối giản, sang trọng gồm 4 phòng ngủ (có phòng ngủ tầng trệt tiện lợi cho người cao tuổi), 3 WC, 1 phòng tắm riêng biệt và phòng thờ trang nghiêm.

* Không gian sống: Biệt thự sân vườn 4 mặt thoáng. Khoảng sân trước cực rộng đậu được nhiều xe hơi. Sân vườn bên hông thích hợp trồng cây cảnh, làm hồ cá. Hệ thống hàng rào, cổng biệt lập, an ninh tuyệt đối.

* Vị trí & Giao thông:

- Mặt chính: Hướng Đông Bắc.

- Lô góc (có hẻm bên hông nahf vào khu dân cư nội bộ).

- Đường trước nhà 5m, xe tải 5 tấn lưu thông thoải mái. Cách mặt tiền Đoàn Nguyễn Tuấn chỉ 90m. Kết nối trực tiếp trục Quốc lộ 1A, Lê Khả Phiêu, An Phú Tây và Hưng Long (Bờ Đất Mới).

* Tiện ích hiện hữu: Bán kính gần đầy đủ Chợ Hưng Long, Chợ Bình Chánh, UBND xã Tân Quý Tây. Chỉ 10 phút di chuyển đến Chợ đầu mối Bình Điền và Bệnh viện Nhi Đồng Thành Phố.

* Tiềm năng: Khu dân cư hiện hữu, quy hoạch ổn định. Phù hợp định cư nghỉ dưỡng hoặc làm kho xưởng sạch, văn phòng công ty.

* Liên hệ:
0961 300 ***
(Call/Zalo) để được tư vấn 24/7, biết thông tin chi tiết, xem nhà đất miễn phí, gặp chính chủ để thương lượng giá.

- Tìm nhà đất khác cùng loại, khu vực và phân khúc giá.

- Chủ nhà/đất chỉ tiếp người trực tiếp quyết định mua, không tiếp người đi xem giúp, không tiếp Môi Giới.

- Nhận ký gửi bán nhà đất xác thực được (Chính chủ, hình sổ bản chính hoặc hình sổ bản sao có thị thực).",,,,,,1,1,1,1,1
https://batdongsan.com.vn/ban-nha-rieng-duong-vo-thi-nho-phuong-tan-thuan-dong-1-59/ban-hxh-6m-tien-kinh-doanh-buon-ban-mat-tien-uong-canh-khu-nam-long-pr45601652,"Nhà mặt tiền hẻm xe hơi phù hợp kinh doanh buôn bán Võ Thị Nhờ, Huỳnh Tấn Phát Quận 7.
- Giá bán: 9 tỷ 450 triệu (còn thương lượng).
- Diện tích: 7,9m x 5,5m. 50m² CN 42m².
- Kết cấu: 1 trệt 2 lầu sân thượng - 4 phòng ngủ, 5 WC.
- Công năng: Phù hợp kinh doanh đa ngành nghề: Quán cà phê, văn phòng công ty, spa, shop online.
- Vị trí đẹp:
- Khu dân cư đông đúc, nhu cầu thuê cao.
- Hẻm xe hơi rộng rãi, giao thông thuận tiện.
Pháp lý: Sổ hồng riêng, hoàn công đầy đủ hỗ trợ vay ngân hàng.
Zalo
0931 144 ***
Hiền.",,,,,,0,1,1,1,1
https://batdongsan.com.vn/ban-nha-rieng-duong-no-trang-long-phuong-13-7-66/tien-xay-moi-oto-ngu-54m2-tt-binh-thanh-2tang-o-ngay-van-con-tot-chi-7-35-ty-pr44357964,"Địa chỉ: Nơ Trang Long, P13, Bình Thạnh - Vị trí đẹp một trục thẳng về trung tâm - gần đại lộ Phạm Văn Đồng dễ dàng di chuyển đến sân bay - khu vực nhà quy hoạch phân lô mới, đồng bộ rất tiềm năng.

Diện tích: 54/60m² (ngang 7m bề thế) nở hậu tài lộc.
- Kết cấu: 1 trệt 1 lầu BTCT có thể dọn vào ở ngay hoặc xây mới biệt thự mini, CHDV thì quá tuyệt (tặng GPXD: 1 hầm + 6 tầng).

- Gồm:
Gara ô tô trong nhà.
Phòng khách rộng, phòng ăn, 3 phòng ngủ, 1 WC, có ban công thoáng mát.
- Ưu điểm nổi bật:
- Hẻm xe hơi 7 chỗ, gần mặt tiền Nơ Trang Long.
- Vị trí đắc địa, trung tâm Bình Thạnh.
Phù hợp để ở, kinh doanh, mở CHDV, văn phòng hoặc toà nhà mini.
- Sổ hồng vuông đẹp - hoàn công đầy đủ - sang tên nhanh.
- Chủ gấp bán trong tháng giá tốt cho khách nhanh tay Lh em.
Zalo / Gọi:
0989 294 ***
- Bá Trường (chuyên bđs giữ tiền an toàn khu trung tâm).

Em chuyên nhà phố các quận trung tâm HCM.
Anh chị nào có nhu cầu cần em tìm nhà theo nhu cầu cứ alo e ạ (lưu ý: Em không tiếp môi giới ạ).
0989 294 ***
.",,,,,,1,1,0,1,0
https://batdongsan.com.vn/ban-nha-rieng-duong-nguyen-trong-tuyen-phuong-8-13-68/sieu-pham-phu-nhuan-sat-mat-tien-4-tang-btct-2-mat-thoang-pr45690855,"Siêu phẩm Phú Nhuận sát mặt tiền Nguyễn Trọng Tuyển 5 tầng BTCT 2 mặt thoáng full nội thất cao cấp chỉ 6,75 tỷ.

Vị trí cực đẹp: Hẻm sát mặt tiền Nguyễn Trọng Tuyển, Phường 8, Phú Nhuận. Kết nối nhanh Phan Đình Phùng, ngã tư Phú Nhuận, gần chợ, trường học, bệnh viện và đầy đủ tiện ích sống cao cấp.

Thông số đẹp:
Diện tích: 28.2m² (3x10) sổ nở hậu tài lộc.
Kết cấu: Trệt + 3 lầu + sân thượng BTCT kiên cố.
Gồm: 5PN, 4WC, phòng khách, bếp rộng, ban công, giếng trời.
Nhà 2 mặt thoáng trước sau, phòng nào cũng có cửa sổ lớn đón gió và ánh sáng tự nhiên.
Full nội thất cao cấp, dọn vào ở ngay.

Khu dân cư hiện hữu, an ninh, dân trí cao, không quy hoạch không lộ giới.

Pháp lý chuẩn, hoàn công đầy đủ, sổ tại nhà, công chứng ngay.

Giá bán: 6.75 tỷ thương lượng nhẹ cho khách thiện chí.",,,,,,0,1,0,0,0
https://batdongsan.com.vn/ban-nha-rieng-duong-no-trang-long-phuong-13-7-66/ban-at-tang-3-tang-82m2-4x20-5m2-hxh-gan-mat-tien-chi-9-5-ty-pr45390292,"+ Vị trí: Gần mặt tiền đường Nơ Trang Long, hẻm trục thẳng, khu vực thoáng mát dân trí tốt. Thuận tiện di chuyển Phạm Văn Đồng, Thủ Đức.

+ Kết cấu: 3 tầng 4PN 5WC. Nhà có khoảng sân để xe, phòng khách cao thoáng, bếp rộng và có cửa sổ to. Nhà 2 mặt hẻm, xây kiên cố.

+ Pháp lý: Sổ cất két.
+ Liên hệ: Em Sang
0865 556 ***
để xem nhà ngay nhé.",,,,,,0,1,1,1,0
https://batdongsan.com.vn/ban-nha-rieng-duong-le-van-sy-phuong-12-1-55/hang-hiem-hem-8m-co-via-he-dt-5-5-x19-4m-cong-nhan-106-9-4-tang-dong-tien-on-inh-50-tr-thang-pr45512778,"Căn nhà hàng hiếm khu biệt thự - văn phòng Lê Văn Sỹ Q3.
- Hẻm vào 8m có vỉa hè, xe hơi đỗ 24/7.
- Diện tích: 5,5x19,4 công nhận đủ 106.9m² hết lộ giới.
- Nhà 4 tầng kiên cố chủ xây ở, hiện đang cho thuê 50 triệu/tháng dòng tiền ổn định.
- Khu biệt thự, tòa nhà văn phòng an ninh sang trọng.
- Gần ngã tư Trần Quang Diệu di chuyển về sân bay mất 10 phút, về Q1 15 phút.
Giá bán 26,8 tỷ.
Liên hệ:
0906 308 ***
- Nghĩa để làm việc chính chủ. Em xin cảm ơn quý cô chú anh chị đã quan tâm.",,,,,,1,0,0,0,0
https://batdongsan.com.vn/ban-nha-rieng-duong-huynh-tan-phat-xa-phu-xuan-76/pho-hien-dai-kdc-dan-tri-cao-rong-8m-5m-x-16m-so-hong-gia-8-5-ty-pr44854353,"Nhà Phố hiện đại sang trọng xây dựng mới vừa hoàn thiện tọa lạc tại mặt tiền đường 8m vỉa hè 2581 Huỳnh Tấn Phát Phú Xuân Nhà Bè ngay Khu Dân Cư Anh Tuấn cách quận 07 chỉ 2km.
- Diện tích: 5m x 16m trệt 02 lầu sân thượng, đầy đủ nội thất mới, hiện đại, đúc kiên cố chắc chắn.
- 04 phòng ngủ rộng lớn, toilet riêng biệt từng phòng, Gara xe, phòng thờ, sân thượng sân phơi,. Camera, bảo vệ, công viên khu vui chơi, cây xanh,
- Đường 8m thông thoáng, không ngập. Khu dân cư hiện hữu, nhà cao tầng đồng bộ, dân trí cao.
- Ngay trung tâm hành chính, di chuyển qua các quận trung tâm rất nhanh chóng, Quận 07, Quận 01, Quận 05,...
- Pháp lý: Sổ hồng riêng, hoàn công đủ.
Ngân hàng hỗ trợ khách mua có nhu cầu lên tới 70% tài chính với lãi suất ưu đãi.
- Giá: 8 tỷ 100 triệu thương lượng trực tiếp chủ.
Liên hệ: Huy Đại Dương tư vấn thêm thông tin và xem nhà thực tế.
Xin cảm ơn Quý Khách đã xem tin!",,,,,,0,1,1,1,0
https://batdongsan.com.vn/ban-nha-rieng-duong-phan-tay-ho-phuong-7-11-68/5-tang-gan-40m2-4-phong-master-noi-that-luxury-cach-1-can-ra-mat-tien-hoa-cau-pr45682037,"Nhà 5 tầng 38m² - 4 phòng master - căn góc không lộ giới cách 1 căn ra mặt tiền Hoa Cau - Khu Phan Xích Long.

- Diện tích: 38m², sổ nở hậu.
- Kết cấu: 5 tầng với 4 phòng ngủ master - các phòng đều có vệ sinh trong, có bancon vây quanh!
* Nhà có nhiều hướng vào nhưng chỉ cách 1 căn ra mặt tiền đường Hoa Cau. Hẻm trước nhà hơn 4m.
Giá chào bán: 8,66 tỷ còn thương lượng.

0788 788 ***
(em Long).
TlK*T0K: Longhouse.
Nhà thật - giá tốt - pháp lý chuẩn.",,,,,,0,1,1,1,1
https://batdongsan.com.vn/ban-nha-rieng-duong-tran-khac-chan-phuong-tan-dinh-2-53/gia-ngop-giam-20-ty-tuyet-tac-modern-tropical-giua-loi-di-san-q1-biet-thu-13m-ngang-hiem-co-pr45525065,"Nội dung:
Vị trí độc tôn: Tọa lạc tại cung đường yên tĩnh, sang trọng nhất khu Tân Định, Quận 1. Nơi hội tụ của giới thượng lưu và các chuyên gia quốc tế.

Kiến trúc ""Ốc đảo xanh"": Một tác phẩm Modern Tropical thực thụ với hệ lam nghệ thuật và mảng xanh bao phủ.

Thiết kế không chỉ để ở, mà để hưởng thụ cảm giác nghỉ dưỡng 5 sao mỗi ngày.

Thông số vàng: 13m x 20m (263,5 m²). Chiều ngang 13m là ""di sản"" cực kỳ khan hiếm tại lõi Quận 1.

Quy mô bề thế: Hầm + 5 tầng nổi.

Tiện ích xa hoa: Hồ bơi vô cực trên tầng thượng view Panorama toàn thành phố, thang máy kính, không gian mở đón trọn ánh sáng tự nhiên.

Cơ hội bắt đáy:
Chủ cần thanh khoản gấp để cấu trúc lại tài sản.
Giá cũ: 115 tỷ.
Giá hiện tại: 95 tỷ.
Chỉ nhỉnh 350 triệu/m² cho cả nhà và đất tại Quận 1).

Liên hệ đặc quyền (Hỗ trợ pháp lý & bảo mật giao dịch).",,,,,,0,1,1,1,1
https://batdongsan.com.vn/ban-nha-rieng-duong-nhat-chi-mai-phuong-13-10-69/ban-5-x-8m-cn-40m2-hxh-6m-tai-ga-t3-2-tang-no-hau-gia-6-99-ty-tl-pr45613731,"Chính chủ thiện chí bán nhà 2 tầng hẻm xe hơi 6m tại Đường Nhất Chi Mai, Phường 13, Quận Tân Bình (Phường Tân Bình mới), Thành Phố Hồ Chí Minh.

- Diện tích: 5 x 8m, công nhận 40m², nở hậu nhẹ, sổ đẹp.

- Kết cấu: 1 trệt 1 lầu cũ, tiện xây mới, khu vực lộ giới 8m cho phép xây dựng 1 trệt 1 lửng 3 lầu sân thượng.

- Vị trí đắc địa: Hẻm xe hơi 6m thông thoáng, cách mặt tiền đường Nguyễn Đức Thuận chỉ 20m. Di chuyển ra nhà ga T3 sân bay Quốc Tế Tân Sơn Nhất chỉ 500m, tiềm năng tăng giá cao trong tương lai.

- Tiện ích xung quanh đầy đủ, gần nhiều bệnh viện và trường học các cấp.

- Pháp lý đầy đủ, công chứng trong ngày.

- Giá bán: Chỉ 6.99 tỷ còn thương lượng cho khách hàng thiện chí.

Liên hệ em Hà qua số điện thoại
0388 936 ***
để đặt lịch xem nhà và được tư vấn.

Nhận mua bán ký gửi nhà phố Tân Bình.

Cảm ơn vì đã đọc tin!",,,,,,0,1,1,1,1
https://batdongsan.com.vn/ban-nha-mat-pho-duong-nguyen-ba-tong-phuong-11-10-69/ban-tien-nga-tu-bay-hien-dt-72m2-4x18-m-3-lau-st-dep-pr43274265,"- Chính chủ cần bán gấp nhà mặt tiền đường Nguyễn Bá Tòng, Phường 11, Quận Tân Bình. Ngay ngã tư Bảy Hiền.

- Vị trí đẹp, gần đường Lê Ngân, Năm Châu, Võ Thành Trang, trường giáo dục thường xuyên.

- Đường đẹp rộng 6m mới làm đường nhựa khang trang sạch đẹp, đường thông thoáng.

- Diện tích: 4m x 18m, công nhận 72m².

- Kết cấu: 1 trệt, 4 lầu, sân thượng.

- Nhà chính chủ xây ở cực kỳ kiên cố, rất đẹp mới cứng, đầy đủ nội thất cao cấp. Vào sử dụng ngay.

- Thích hợp ở, thuận tiện văn phòng công ty, cho thuê..

- Giá bán: 12.2 tỷ, thương lượng.

- Liên hệ ngay Ms Kim
0937 573 ***
, xem nhà và làm việc trực tiếp chính chủ.",,,,,,1,0,1,1,1
https://batdongsan.com.vn/ban-nha-rieng-duong-so-13a-phuong-binh-hung-hoa-a-65/moi-ep-dt-44m2-khu-go-xoai-hong-nhinh-3ty-pr45682359,"- Nhà ngay đường Số 13A, 2 tầng, trệt, lầu, 2PN, 2WC... Sát công viên Cầu Trắng.
- Diện tích: 4x11m² (44m²).
- Vị trí: Ngay đường Số 13A, Miếu Gò Xoài, Lê Văn Quới, Tên Lửa... Cách Aeon Bình Tân 10p.
- Tiện ích: Nhà gần chợ, trường mẫu giáo, uỷ ban, công an, siêu thị... Xung quanh không thiếu bất cứ gì.
- Sổ hồng riêng.",,,,,,1,0,1,1,1
https://batdongsan.com.vn/ban-nha-rieng-duong-hoang-hoa-tham-phuong-13-10-69/ngay-gat3-toa-sieu-dong-tien-1-5-ty-nam-7-5-x-23-174-7m2-ham-5-lau-th-may-nhinh-30-ty-pr43857274,"- Bán toàn nhà siêu dòng tiền diện tích 7.5 x 23m 174.7m². Kết cấu hầm 5 lầu thang máy. Giá 34 tỷ.

- Vị trí cực hiếm ngay cổng nhà ga T3. Hiện đang có hợp đồng thuê nét 1.5 tỷ / năm, khan hiếm k có tòa nhà thứ 2 ở khu vực này ạ.

- Tọa lạc toà nhà nằm ngay trục đường Hoàng hoa thám mới đường vip 4 làn xe rộng trên 20m.

- Đối diện Pico Plaza, sát cửa Vincoms Cộng Hòa, thuận tiện di chuyển về Quận trung tâm 15'.

- Liên hệ em Ngân
0909 153 ***
trực tiếp chủ nhà, không qua trung gian nên giá gốc, cam kết 100% chuẩn thông tin, không quy hoạch không lỗi phong thủy.",,,,,,0,1,1,1,1
https://batdongsan.com.vn/ban-nha-rieng-duong-yersin-phuong-nguyen-thai-binh-53/can-goc-sai-gon-5-17-x-17-tien-xay-moi-tl3lst-thang-may-chi-17-5-ty-tam-pr45641385,"Căn góc Yersin phường Sài Gòn (5,17 x 17) - Tiện xây mới TL3LST - Thang Máy chỉ 17,5 tỷ
0932 723 ***
Tâm(Kết bạn Zalo để xem thêm nhiều tài sản khác giá Tốt.

Căn góc Yersin ngang 5,17m xây mới đẹp chỉ 17,5 tỷ.
Vị trí: Yersin, Phường Sài Gòn (trung tâm).
Giá bán: 17,5 Tỷ (thương lượng).

Thông tin chi tiết.

- Diện tích: 5,17m x 17m (~88m²). DTCN 62.3m².

- Loại nhà: Căn góc thoáng cực hiếm.

- Hiện trạng: Tiện xây mới.

Phù hợp xây:
Căn hộ dịch vụ.
Văn phòng.
Nhà ở cao cấp.

Xây dựng: Trệt + 3 Lầu + Sân thượng + Thang máy.

Vị trí vàng trung tâm.

Khu Yersin kết nối Quận 1 cực nhanh.

Gần trục Nguyễn Thái Học Trần Hưng Đạo.

Khu dân cư kinh doanh cho thuê tốt.

Khu vực:
Khách thuê ổn định.
Giá trị tăng bền.

Điểm mạnh.
Căn góc 2 mặt thoáng.
Ngang 5,17m rất đẹp.
Diện tích lớn dễ khai thác.
Giá 17,5 tỷ tốt so với khu trung tâm.

Giá trị đầu tư.

Dòng tiền + tăng giá:

Xây CHDV khai thác 6080tr/tháng.

Khu trung tâm giữ tiền cực tốt.

Liên hệ ngay.
Ms Tâm Nhà Phố VIP Sài Gòn.
0932 723 ***
(Zalo).
Có tâm có tầm chọn đúng tài sản giá trị.

- Vị trí Lõi - Trung Tâm cách 200 đến Chợ Dân Sinh Q1 nơi lưu giữ lại nhiều nét Sài Gòn Xưa đầy dấu ấn.
- Căn góc tiện xây mới CHDV Cho thuê - khu tập trung khách Tây lưu trú.
- Nơi khai thác.",,,,,,0,1,1,1,1
https://batdongsan.com.vn/ban-nha-mat-pho-duong-so-53-phuong-hiep-binh-chanh-71/ban-tien-uong-53-thu-uc-9-5x16m-gan-cho-gia-12-5-ty-pr45618813,"Cần bán nhà mặt tiền đường 53, phường Hiệp Bình Chánh, TP Thủ Đức, vị trí ngay khu chợ Hiệp Bình, khu dân cư đông, thuận tiện kinh doanh và sinh hoạt.

Nhà nằm trên trục đường 53 Hiệp Bình Chánh Thủ Đức, cách chợ Hiệp Bình khoảng 150m, khu vực buôn bán sầm uất.

Thông tin chi tiết:

Diện tích: 9.5m x 16m (151m²).
Diện tích sử dụng: 298m².
Kết cấu: 1 trệt, 2 lầu.
Hướng: Đông.

Ưu điểm:

Mặt tiền rộng 9.5m, dễ khai thác kinh doanh.
Gần chợ Hiệp Bình, khu dân cư đông.
Phù hợp ở kết hợp kinh doanh hoặc đầu tư.

Pháp lý: Sổ đỏ, hoàn công đầy đủ.

Giá bán: 12.5 tỷ (thương lượng).

Liên hệ: Trung.",,,,,,0,1,0,0,0
https://batdongsan.com.vn/ban-nha-rieng-duong-banh-van-tran-phuong-7-12-69/ha-gia-1-ty-hxh-5m-p7-cong-nhan-74m2-dai-16m-no-hau-6-4m-chi-con-11-5-ty-tl-pr45563735,"Nhanh tay sở hữu căn nhà lý tưởng với vị trí đắc địa tại đường Bành Văn Trân, Phường 7, Quận Tân Bình (Phường Tân Sơn Nhất), Thành Phố Hồ Chí Minh.

+ Diện tích: Công nhận 74m², dài 16m, nở hậu 6.35m tài lộc phong thủy tốt, sổ đẹp, toàn bộ diện tích đều được công nhận.

+ Kết cấu: 1 trệt 1 lầu BTCT kiên cố, với 3 phòng ngủ rộng rãi và 4 phòng tắm hiện tại (có bồn tắm).

+ Nội thất cao cấp gồm: Điều hòa, tủ lạnh, giường, tủ quần áo, tủ rượu, bàn ăn, sofa...

+ Hẻm xe hơi 5m, thuận tiện cho việc di chuyển, dễ dàng lưu thông đến các quận trung tâm.

+ Vị trí vàng: Trung tâm của Phường 7, thông với Cách Mạng Tháng Tám, Nghĩa Phát, gần Ngã Tư Bảy Hiền, bệnh viện Thống Nhất, THPT Nguyễn Thượng Hiền, siêu thị sách và tiện ích Nhân Văn..

+ Tiện ích xung quanh đầy đủ, dân trí cao, gần nhiều trường học các cấp.

+ Pháp lý đầy đủ, sổ hồng mới.

+ Giá bán: 11.5 tỷ còn thương lượng (mong gặp được khách hàng thiện chí).

Liên hệ ngay để xem nhà và biết thêm thông tin chi tiết
0388 936 ***
, Đào Hoàng Hà Victory Real.

Nhận mua bán ký gửi nhà phố quận Tân Bình - HH 1%.

Cảm ơn vì đã xem tin!",,,,,,0,1,0,0,1
https://batdongsan.com.vn/ban-nha-mat-pho-duong-binh-gia-phuong-13-10/ban-moi-ep-4-tang-5x15m-on-au-metro-ngay-sau-lung-etown-cong-hoa-17-5-ty-tl-manh-pr45604410,"Cơ hội sở hữu nhà mặt phố kinh doanh sầm uất, vị trí siêu tiềm năng, với mức giá chỉ nhỉnh nhà hẻm.

- Vị trí: Mặt tiền đường Bình Giã, đoạn kinh doanh tốt, kết nối Trường Chinh, Cộng Hòa, Núi Thành. Ngay khu phức hợp Etown Cộng Hòa, sát bên trạm metro Nguyễn Hồng Đào.
- Diện tích: 5x15m. Công nhận 75.5m².
- Kết cấu: 4 tầng sân thượng, nhà mới đẹp có thể sử dụng ngay. Hoàn công đầy đủ.
- Giá bán: 17.5 tỷ thương lượng.",,,,,,0,1,1,1,1
https://batdongsan.com.vn/ban-nha-rieng-pho-phan-dang-luu-phuong-3-21-68/ha-gia-ban-gap-hem-xe-hoi-ang-pn-dt-4-54-x-14m-61-4m2-kc-3-tang-chi-11-ty-pr45740027,"- Quá hiếm nhà bán, hẻm xe hơi 2 mặt tiền trước sau tại Phan Đăng Lưu, Phường 3, Quận Phú Nhuận.

- Diện tích: 4.54 x 14m vuông vức không lỗi phong thuỷ.
- Công nhận: 61.4m².
- Hiện trạng: 3 tầng.

- Vị trí nhà cách mặt tiền Phan Đăng Lưu chỉ 50m, gần đoạn giao với Phan Xích Long.
- Khu hẻm an ninh sạch sẽ, không buôn bán lấn chiếm.
- Phù hợp để ở hoặc làm văn phòng, căn hộ dịch vụ, kinh doanh online.
- Pháp lý: Sổ hồng.

- Giá bán 11 tỷ (mong gặp khách thiện chí).
- Liên hệ:
0934 345 ***
Hoàng An (hỗ trợ pháp lý đến khi ra sổ).",,,,,,1,0,0,0,0
https://batdongsan.com.vn/ban-nha-rieng-duong-thanh-thai-phuong-14-5-62/hxh-6x18m-4-lau-st-hd-thue-70tr-th-gia-24-6-ty-tl-pr43684191,"Bán nhà hẻm xe hơi Thành Thái Quận 10. Nhà trong khu vực cao cấp bậc nhất Quận 10, với nhiều biệt thự, tòa nhà văn phòng, phòng khám xung quanh,... Thuận tiện sử dụng để ở, khai thác kinh doanh, cho thuê,...
Diện tích: 6 x 18m 101.4m², nhà 4 lầu sân thượng mới đẹp hiện đại.
Sổ hồng chính chủ gửi, thuận tiện mua bán sang tên.
Giá bán: 24.6 tỷ thương lượng.
Vui lòng liên hệ:
0937 865 ***
Thanh Tùng để hỗ trợ xem nhà, thương lượng giá tốt.
Nhận hỗ trợ ký gởi, mua bán nhà phố quận trung tâm.",,,,,,1,1,1,1,1
https://batdongsan.com.vn/ban-nha-rieng-duong-ha-huy-giap-phuong-an-phu-dong-1-64/ngay-cau-loc-cach-50m-pr45671176,"Chỉ 300m qua Gò Vấp - Nhà 1 sẹc Hà Huy Giáp cực đẹp.
Vị trí: Đường Hà Huy Giáp, chưa qua cầu Ngã Tư Ga. Hẻm 1 sẹc ngắn, đường ô tô đỗ cửa.
Đặc điểm:
Diện tích: 4m x 14m (chuẩn đẹp).
Kết cấu: 1 trệt 1 lầu.
Công năng: Sân xe, PK, bếp, 3 phòng ngủ, 2 WC.
Ưu điểm: Vị trí cực hiếm, sát vách Gò Vấp, di chuyển cực nhanh. Nhà thiết kế hiện đại, dọn vào ở ngay!
Giá: 5.4 tỷ (thương lượng chính chủ).
Liên hệ ngay Trang
0986 217 ***
để xem nhà!",,,,,,1,1,1,1,1
https://batdongsan.com.vn/ban-nha-mat-pho-duong-nguyen-van-vinh-1-phuong-4-20-69/giam-5-ty-ban-building-14-p-4-tb-7-5x30m-ham-6-tang-h-t-120tr-tr-gia-41-ty-pr45698197,"Chủ cần bán nên giảm 5 cho building 14 Nguyễn Văn Vĩnh, P. 4, Tân Bình.
- Building duy nhất còn sót lại khu sân bay. Vị trí Tọa lạc ngay mặt tiền kinh doanh sầm uất. Cửa ngõ hàng không, cực kỳ thuận tiện làm trụ sở công ty logistics, văn phòng hoặc khách sạn.
- Diện tích: 7,5m x 30m (CN 186m²), DTSD ~1.000m.
- Kết cấu: Hầm, 6 tầng, trang bị thang máy tốc độ cao; PCCC đầy đủ; hoàn công đúng hiện trạng.
- Hợp đồng thuê: 120tr/th.
- Giá bán: 41 tỷ.
- Liên hệ xem nhà:
0901 317 ***
(Minh Hải).",,,,,,0,1,1,1,1
https://batdongsan.com.vn/ban-nha-mat-pho-duong-thoai-ngoc-hau-phuong-phu-tho-hoa-70/ban-tien-4-7x45m-chi-11-9-ty-kinh-doanh-sam-uat-pr45700444,"* Diện tích: 4,7 x 45m.
* Kết cấu nhà chắc chắn, diện tích đẹp, dễ khai thác kinh doanh.
* Mặt tiền đường Thoại Ngọc Hầu, khu dân cư đông đúc, lưu lượng xe qua lại cao.
* Phù hợp mở showroom, spa, văn phòng, cửa hàng, quán ăn, cà phê, phòng khám, kinh doanh đa ngành nghề.
* Vị trí đẹp, thuận tiện di chuyển các tuyến đường lớn.
* Khu vực an ninh, dân trí cao, tiềm năng tăng giá tốt.

Ưu điểm nổi bật:
Mặt tiền rộng dễ nhận diện thương hiệu.
Diện tích dài hiếm có trên tuyến Thoại Ngọc Hầu.
Vừa ở vừa kinh doanh cực tốt.
Thích hợp đầu tư giữ tài sản, cho thuê dòng tiền ổn định.

Giá bán: 11 tỷ 9 thương lượng chính chủ.",,,,,,1,1,1,1,1
https://batdongsan.com.vn/ban-nha-mat-pho-duong-le-trong-tan-phuong-son-ky-70/tien-10-5x26m-vuong-van-vi-tri-dep-sam-uat-nhieu-ngan-hang-va-thuong-hieu-lon-pr44179384,"Mặt tiền Lê Trọng Tấn, P. Sơn Kỳ, Q. Tân Phú.
- DT: 10.5 x 26m, 270m² vuông đẹp.
- Vị trí đắc địa, đường 30m lề rộng 4m, kinh doanh sầm uất.
- Tuyến đường huyết mạch, nhiều thương hiệu lớn, gần trường Đại Học Công Thương.
- Sổ hồng riêng, chính chủ bán.
- Giá: 36 tỷ TL.
LH:
0938 161 ***
- Khương Tân.
- Thông tin và hình ảnh chính xác.
- Tư vấn pháp lý, ngân hàng, dẫn khách xem nhà miễn phí.",,,,,,1,1,1,1,1
https://batdongsan.com.vn/ban-nha-rieng-phuong-binh-trung-tay/hiem-ngon-2-xe-hoi-tranh-nhau-3-tang-3pn-4wc-4x12-8m-52m2-chi-7-x-ty-sat-nguyen-duy-trinh-pr45500266,"* Nhà đẹp hẻm xe hơi 4 x 12.8m 52m² - 3 tầng, 3PN, 4WC - CHỉ 7.6 tỷ - Bình Trưng Tây, Q2.

- Diện tích: 4 x 12.8M = 52m.
- Quy cách xây: 1 trệt, 2 lầu (3 tầng).
- Gồm: 3 phòng ngủ (toilet riêng từng phòng), 4WC, PK, Bếp, sân phơi.
- Hẻm xe hơi rộng xe tải đậu, cách 15m ra đường số thông thoáng, ô tô ra vào thoải mái - Nhà xây kiên cố, dọn vào ở ngay.
- Gần Nguyễn Duy Trinh 300m, Bệnh viện Lê Văn Thịnh, di chuyển thông tứ tung. Tiện ích bủa vây.
- Sổ hoàn công chuẩn.

Giá 7.6 tỷ (thương lượng thêm).
0906 666 ***
.",,,,,,1,0,0,0,0
https://batdongsan.com.vn/ban-nha-rieng-duong-trung-my-tay-13-phuong-trung-my-tay-64/2-day-tro-8x23-full-12-phong-25tr-nhua-6m-thong-ngay-sau-cho-cho-pr44955660,"Bán 2 dãy trọ tổng 12 phòng.
Nằm trên diện tích đất 8x23m = 184m² CN 173m² full đất không lộ giới.
Đường nhựa đúng 6m thông.
Nằm ngay sau chợ Chó: Trung Mỹ Tây 13 (Phan Văn Hùm) đi ra đầu đường là chợ.
Cách vài trăm mét là ĐH GTVT TPHCM và Lao Động Xã Hội,
Trường Quân Sự QK7,...
Nằm trung tâm ngay chợ trường học, vị trí quá đẹp.
Có nguồn thu ổn định gần 25tr/th.
Sau này có thể xây lên CHDV hoặc biệt thự.",,,,,,0,1,1,1,0
https://batdongsan.com.vn/ban-nha-mat-pho-duong-so-5-phuong-binh-thuan-3-59/uong-ly-phuc-man-quan-7-4pn-kd-a-nghanh-nghe-uong-10m-gan-nguyen-thi-thap-nguyen-van-linh-pr45719024,"Mặt tiền đường số Lý Phục Man Quận 7.
- Đường 10m KD đa ngành nghề.
- 4 x 12m, 4PN5WC, trệt 2 lầu Sân thượng.
- Sổ hồng chính chủ, nhà hoàn công đủ.",,,,,,0,1,0,1,0
https://batdongsan.com.vn/ban-nha-rieng-duong-lac-long-quan-phuong-11-10-69/ban-gap-55m2-tang-4-gia-9-2-ty-o-tan-binh-pr45741723,"Nhà riêng cực chất tại Đường Lạc Long Quân, Phường Bảy Hiền, Hồ Chí Minh, trước đây Quận Tân Bình, Hồ Chí Minh với diện tích 54m², 4PN, 4WC, 4 tầng, mặt tiền 4.3m.
Pháp lý đầy đủ, dễ dàng giao dịch.
Ngõ vào rộng 6m, thoải mái cho ô tô vào tận nơi.
Nằm ở vị trí thuận lợi, cực kì thích hợp cho việc kinh doanh.
Giá chỉ 9,2 tỷ VND, nhanh tay kẻo lỡ!

Địa điểm xung quanh:
Chợ Tân Bình, công viên Bàu Cát 3, siêu thị sách và tiện ích Nhân Văn, Bệnh viện Thống Nhất, và nhiều tiện ích khác.

Liên hệ ngay để biết thêm thông tin:
0913 113 ***
Hồ Xuân Di Lâm.
L7540.",,,,,,0,1,1,1,1
https://batdongsan.com.vn/ban-nha-rieng-duong-le-duc-tho-phuong-17-2-67/xay-moi-chao-xuan-4-phong-ngu-kien-co-vi-tri-sieu-hiem-ngay-cho-an-nhon-quang-pr45095841,"+ Diện tích: 3,8x11m CN 41m².
+ 3 tầng lầu đúc với 4 phòng ngủ 3 wc sân để xe, 2 giếng trời thông thoáng.
+ Gần nhiều tiện ích thiết yếu, cạnh Cityland, siêu thị Lotte.
+ Pháp lý chuẩn, hoàn công đầy đủ.
+ Giá 5,7 tỷ thương lượng chính chủ.
+ Liên hệ:
0935 826 ***
- Khang xem nhà.",,,,,,1,1,0,1,1
https://batdongsan.com.vn/ban-nha-rieng-duong-xo-viet-nghe-tinh-phuong-25-66/ban-hem-oto-btct-4-tang-ngay-d5-8-pn-38-trieu-thang-nhinh-7-ty-pr44314536,"- Vị trí: Ngay D5, Phường 25, Bình Thạnh.
- DT: 3x10m, nở hậu 3,15m. 31.4m².
- BTCT 4 tầng gồm 8 PN.
- Dòng tiền ổn định 40 triệu/tháng.
- Hẻm ô tô, ngay mặt tiền chỉ 5m.
- Khu vực sầm uất gần Nguyễn Gia Trí. Tập trung nhiều công ty, trường Đại học: Hutech, Hồng Bàng, UEF,...
- Pháp lý chuẩn, sổ hồng công chứng ngay.
- Liên hệ:
0839 915 ***
- Thảo Vy.",,,,,,1,1,1,1,1
https://batdongsan.com.vn/ban-nha-rieng-pho-van-kiep-phuong-1-20-66/binh-thanh-hem-oto-giap-quan-1-gan-khu-vip-phan-xich-long-71-9m2-4-tang-9-2-ty-pr45606942,"+ Nhà đẹp ở ngay thích hợp gia đình đông người, hẻm oto cách mặt tiền Vạn Kiếp 50m, ra Quận 1 chỉ 5phut, liền kề phố ẩm thực Vip Phan Xích Long. Gần BV Gia Định, chợ Bà Chiểu, tiện ích đầy đủ.
+ Diện tích 71.9m², sổ vuông đẹp không lỗi phong thủy.
+ Kết cấu đúc kiên cố 4 tầng, thiệt kế đầy đủ công năng 5 phòng ngủ, 3 toilet. Đặc biệt có phòng ngũ tầng trệt cho người lớn tuổi.
+ Phòng khách, bếp thoáng. Các phòng có cửa sổ, ban công đón gió, ánh sáng tự nhiên.
+ Giá chỉ 9.2 tỷ, thương lượng trực tiếp chủ nhà thân thiện.
+ Cam kết 100% nhà chính chủ, sổ hồng pháp lý chuẩn, hoàn công đầy đủ. Đảm bảo giao dịch mua bán công chứng nhanh, an toàn.
+ Xem nhà thực tế, nhận thông tin nhà, GỌI NGAY cho Hưng nhé
0904 673 ***
.
+ Tận tình hỗ trợ miễn phí 24/24 các thủ tục công chứng nhanh gọn.
+ Nhận ký gửi mua bán nhà phố tại TP. Hồ Chí Minh, hỗ trợ thủ tục mua bán nhanh.",,,,,,1,1,1,1,1
https://batdongsan.com.vn/ban-nha-mat-pho-duong-le-cao-lang-phuong-phu-thanh/sieu-pham-tien-tan-148m2-8x18-5m-chi-18-ty-tl-pr45684954,"Diện tích cực hiếm: 8m x 18,5m (Vuông vức như tờ A4). Chiều ngang 8m là lợi thế tuyệt đối để thiết kế hầm xe và sảnh đón khách sang trọng.
-
Vị trí đắc địa: Mặt tiền đường Lê Cao Lãng, trục đường kinh doanh đa ngành nghề, giao thông kết nối trực tiếp Nguyễn Sơn, Phú Thọ Hòa, sầm uất bậc nhất khu vực.
-
Hiện trạng: Nhà cấp 4 tiện xây mới. Phù hợp xây dựng biệt thự mini, cao ốc văn phòng, thẩm mỹ viện, hoặc CHDV cao cấp cho thu nhập khủng hàng tháng.
-
Giá đầu tư: 18 tỷ (còn thương lượng cho khách thiện chí). Tính ra chỉ khoảng 120tr/m² cho mặt tiền trục chính - mức giá cực tốt để đầu tư sinh lời.
-
Pháp lý: Sổ hồng chính chủ, pháp lý sạch, công chứng ngay.
-
Liên hệ: Mr Trọng
0909 766 ***
tư vấn xem nhà miễn phí.",,,,,,0,1,1,1,1
https://batdongsan.com.vn/ban-nha-mat-pho-duong-hong-bang-phuong-12-3-58/chinh-chu-giam-500-trieu-ban-tien-kenh-lo-gom-chot-8-4-ty-goi-mg-2-pr45662517,"Batdongsan định giá 8.9 tỷ.
Chính chủ cần bán gấp giảm giá 500 triệu chốt 8.4 tỷ gởi A, E môi giới chạy phụ hh 2%.
Nhà mới phong thủy tốt nở hậu L tài lộc, không cống, không trụ điện mặt tiền kênh Lò Gốm đoạn 2 chiều gần cầu Phú Lâm, Cầu Hậu Giang đi chợ Bình Tây (Chợ Lớn) 4 phút thích hợp cho gia đình ở hoặc đầu tư cho thuê có dòng tiền ổn định 7 triệu/tháng. Diện tích 4x11m nở hậu L 5m CN 39m².
- Mặt bằng KD + bếp (trệt).
- Lầu 1 + 2: 4 phòng ngủ (PN) phòng nào cũng có cửa sổ lấy ánh sáng tự nhiên.
- Lầu 3: 1 phòng thờ + 1 phòng giặt (có thể cải to thành 2 PN).
- 4 phòng tắm (PT) tiện nghi có nước nóng năng lượng mặt trời.
- Sân thượng BTCT có điện năng lượng mặt trời nên SD điện không tốn tiền.
- Hướng cửa chính Đông, ban công Đông, mang lại ánh sáng tự nhiên.
- Mặt tiền 3.7m, phù hợp cho việc kinh doanh hoặc cho thuê.
- Đường 13m lề 3,5m, thuận tiện kinh doanh để xe thoải mái. Đặc biệt, nhà có phong thủy tốt nở hậu L có cửa hậu ra hẻm cụt an ninh, đối diện là công viên không có nhà. Gần các tiện ích như chợ lớn, chung cư D - Homme, Asian, Him Lam trường cấp 1,2,3. Nhà thuê công ty lớn XD có HS thiết kế, thi công nên rất chắc chắn.",,,,,,0,1,1,1,1
https://batdongsan.com.vn/ban-nha-mat-pho-duong-dang-van-ngu-phuong-14-9-68/ban-mtkd-ang-huynh-banh-phu-nhuan-4-2x15m-trong-tien-kinh-doanh-ngay-pr45592417,"Vị trí đẹp - thuận tiện cho kinh doanh ngay - mặt tiền đường Đặng Văn Ngữ & Huỳnh Văn Bánh - Phường 14 - Phú Nhuận.
- DT: 4,2 x 15m. DTCN: 59,2m².
- Kết cấu: Nhà 3 tầng.
- Hướng: Đông Nam.
- Giá: 15,5 tỷ còn TL - Mong gặp khách thiện chí.
Vui lòng liên hệ:
0917 750 ***
Thuận Lê.",,,,,,0,1,0,1,0
https://batdongsan.com.vn/ban-nha-rieng-duong-le-van-luong-xa-nhon-duc-76/tuan-hailongreal-5-25-ty-lau-2-mat-tien-xe-hoi-uc-be-cach-phu-my-hung15-pr45726568,"5,25 tỷ cho căn nhà lầu góc 2 mặt tiền hẻm xe hơi không lộ giới khu dân cư hiện hữu dân cư đông kín.
- Ngang 5 dài 17m.
- Hiện trạng 1 trệt 1 lầu mái đúc sân thượng có sân trước ban công quanh nhà.
- Gồm 2 phòng ngủ lớn 3 toilet có thể thêm phòng.
- Vị trí đường Lê Văn Lương Nhà Bè cách Phú Mỹ Hưng 15 phút tiện ích tiện nghi không thiếu gì.
- Pháp lý chuẩn từng cm hoàn công đúng.
- Liên hệ:
0931 168 ***
Tuấn.",,,,,,1,0,0,0,0
https://batdongsan.com.vn/ban-nha-rieng-duong-cach-mang-thang-tam-phuong-12-5-62/283-285-5-2x17m-5-lau-tm-gan-ha-do-centrosa-toa-viettel-gia-27-ty-pr43517731,"Bán nhà 285 Cách Mạng Tháng Tám, phường 12, quận 10. Nhà khu vực sung túc ngay cổng Hà Đô Centrosa, Tòa nhà Viettel kinh khu cao ốc văn phòng sầm uất bậc nhất trung tâm.
Diện tích: 5.2 x 17m, CN 88.5m² vuông vức.
Nhà 5 lầu thang máy hiện đại.
Sổ hồng chính chủ thuận tiện mua bán.
Giá bán: 27 tỷ bớt lộc.
Vui lòng liên hệ:
0937 865 ***
Thanh Tùng để hỗ trợ xem nhà, thương lượng giá tốt.",,,,,,0,1,1,1,1
https://batdongsan.com.vn/ban-nha-rieng-duong-xo-viet-nghe-tinh-phuong-26-66/ep-xe-hoi-ngu-gan-h-hutech-hxh-binh-thanh-74m2-ngang-4-5m-pr45715283,"THông tin chi tiết:
+ Nhà chính chủ đường Xô Viết Nghệ Tĩnh, Phường 26, Quận Bình Thạnh - Cách vài bước là trường Đại Học Hutech.
+ Diện tích 4.5x18m, công nhận 73.4m², nhà không lộ giới.
+ Kết cấu sẵn trệt 2 lầu sân thượng.

Ưu điểm:
+ Nhà kết cấu sẵn đẹp, đầy đủ nội thất cơ bản, vào là ở hoặc khai thác nhiều công năng sử dụng.
+ Sát mặt tiền đường chính Xô Viết Nghệ Tĩnh, hẻm xe tải thông 1 trục.
+ Xe hơi ngủ nhà hoặc đậu đổ ngày đêm.

Lợi thế khu vực:
+ Vị trí đẹp cực dễ cho thuê, gần nhiều trường ĐH Hutech, Ngoại thương, Giao thông vận tải, Kinh tế, Hồng Bàng, Văn Lang,...
+ Trục kết nối các tuyến đường cửa ngõ phía Đông Bắc, Quốc Lộ 13, Đinh Bộ Lĩnh, Ngã Giao Đài Liệt sĩ, Nguyễn Xí, Bùi Đình Túy, Ngã tư Hàng Xanh, Ga Tân Cảng... Di chuyển trung tâm Q1 chỉ 5p, Q3, Phú Nhuận..
+ Khu đô thị chỉnh trang, pháp lí chuẩn, sổ hoàn công đủ.

+ Giá 12.9 tỷ thương lượng chính chủ.

Liên hệ
0964 782 ***
Nguyễn Thiên để hỗ trợ giá tốt nhất (giải mã pháp lí và tìm nhà).",,,,,,1,0,0,0,0
https://batdongsan.com.vn/ban-nha-mat-pho-duong-duong-ba-trac-phuong-1-17-60/ban-moi-tien-kinh-doanh-quan-8-dt-61m2-giap-cau-chu-y-quan-1-quan-5-pr45028974,"Siêu phẩm mặt tiền kinh doanh Dương Bá Trạc - kết nối trung tâm Quận 1 Quận 4 Quận 5 Quận 7 Bình Chánh thuận tiện.
- Sân trước rộng rãi đậu xe hơi thoải mái, tiện kinh doanh.
- Phòng khách thoáng đẹp, không gian sinh hoạt ấm cúng.
+ Bếp rộng tách biệt, thông thoáng.
+ 3 phòng ngủ, trong đó có 1 PN tầng trệt phù hợp người lớn tuổi.
+ 2 nhà vệ sinh tiện nghi.
+ Tất cả phòng ngủ đều có cửa sổ riêng, đón gió và ánh sáng tự nhiên, cực kỳ thoáng mát.
- Vị trí vàng mặt tiền kinh doanh hiếm:
- Mặt tiền Dương Bá Trạc, tuyến đường kinh doanh sầm uất bậc nhất Quận 8.
- Nằm giữa cầu Nguyễn Văn Cừ và cầu Kênh Xáng, vị trí trung tâm kết nối nhanh:
Quận 1 Quận 5 Quận 10 Quận 7 chỉ trong bán kính ~500m.
- Đường trước nhà 12m có vỉa hè, xe cộ lưu thông nhộn nhịp.
- Phù hợp vừa ở vừa kinh doanh đa ngành nghề: Showroom, văn phòng công ty, spa, nha khoa, shop thời trang, quán cà phê, cửa hàng tiện lợi.
- Tiện ích xung quanh đầy đủ sống & kinh doanh đều lý tưởng:
+ Gần chợ Rạch Ông, chợ Xóm Củi, mua sắm sinh hoạt hằng ngày tiện lợi.
+ Kề cận Bệnh viện Quận 8, Bệnh viện Nguyễn Tri Phương, Bệnh viện Đại học Y Dược.
+ Hệ thống trường học các cấp, đại học lớn: ĐH Sài Gòn, ĐH Khoa học Tự nhiên, ĐH Sư Phạm.
+ Gần khu ẩm thực dịch vụ Dương Bá Trạc, ngân hàng, siêu thị Parc Mall Tạ Quang Bửu, cửa hàng tiện ích.
+ Di chuyển nhanh ra trung tâm Quận 1, Phố đi bộ Bùi Viện, Nguyễn Trãi, Trần Hưng Đạo.
- Pháp lý chuẩn giao dịch an tâm:
+ Sổ hồng riêng, pháp lý rõ ràng.
+ Công chứng sang tên ngay, mua bán nhanh gọn.",,,,,,0,1,1,1,0
https://batdongsan.com.vn/ban-nha-rieng-duong-huynh-tan-phat-thi-tran-nha-be-76/ban-hem-xe-hoi-thong-2-chieu-1716-tt-dt-4x15m-3-tang-gia-5-88-ty-pr45674010,"Bán nhà hẻm xe hơi thông 2 chiều 1716 Huỳnh Tấn Phát, TT Nhà Bè - Ngay chợ Phú Xuân - 5 tỷ 880 TL ngang lớn hiếm 5,5mx11m.
Giá tốt vào ở ngay sát quận 7 dễ di chuyển.
Giá bán: 5 tỷ 880 triệu (thương lượng).
Diện tích: 5.5m x 11m. (50m² đất ở tại đô thị + 6.1m² đất trồng cây hàng năm khác).
Kết cấu: 1 trệt 2 lầu.
4 phòng ngủ rộng.
Nhà kiên cố, dọn vào ở liền.
Hẻm lớn, ô tô vào tận nơi quay đầu thoải mái.
Vị trí đẹp:
Gần chợ, đầy đủ tiện ích.
Khu dân cư hiện hữu, hàng xóm thân thiện.
Chỉ 1 cây cầu là qua Quận 7.
Pháp lý: Sổ hồng riêng hoàn công đầy đủ.
Hỗ trợ vay ngân hàng đến 80%.
Liên hệ:
0909 900 ***
ngay chủ (cảm ơn quý khách).",,,,,,1,0,0,0,0
https://batdongsan.com.vn/ban-nha-mat-pho-duong-thoai-ngoc-hau-phuong-hoa-thanh-70/sieu-pham-toa-tien-ngay-au-co-bau-cat-10x60m-8-tang-thue-600-tr-th-135-ty-pr45731499,"* Diện tích: Đẳng cấp 10m x 60m (593m², Khuôn đất vuông vắn, diện tích cực hiếm tại trục đường chính).

* Kết cấu: 1 hầm, 1 trệt, 6 lầu, xây dựng kiên cố, thiết kế chuẩn tòa nhà cho thuê CHDV, có thang máy, hệ thống PCCC chuẩn an toàn.

* Dòng tiền cực đỉnh: Hiện đang cho thuê có thu nhập ổn định 600 triệu đồng/tháng (Hiệu suất sinh lời dòng tiền cực cao và an toàn).

* Vị trí đắc địa: Mặt tiền trục đường huyết mạch Thoại Ngọc Hầu lộ giới lớn, trung tâm Quận Tân Phú. Kết nối trực tiếp các tuyến đường lớn: Lũy Bán Bích, Âu Cơ, Trường Chinh. Khu vực sầm uất, tập trung nhiều ngân hàng, văn phòng công ty, trung tâm ngoại ngữ và chuỗi thương hiệu lớn.

* Pháp lý: Sổ hồng riêng chính chủ, hoàn công đầy đủ, pháp lý sạch, sẵn sàng giao dịch.

* Giá bán: 135 tỷ đồng (Thương lượng trực tiếp chính chủ).

* LH Mr Trọng
0909 766 ***
tư vấn miễn phí thông tin, pháp lý liên quan BĐS.",,,,,,0,1,1,1,1
https://batdongsan.com.vn/ban-nha-rieng-duong-quang-trung-phuong-11-8-67/sieu-pham-thang-may-6-tang-don-tet-vi-tri-dep-dg-hem-o-to-ngay-cho-hanh-thong-tay-pr44596675,"+ Diện tích: 4x11m CN 43m².
+ Trệt lửng 4 lầu với 3 phòng ngủ master.
+ Tặng đầy đủ nội thất sịn.
+ Hẻm xe tải, ngay nhà thờ Hạnh Thông Tây, chợ Hạnh Thông Tây.
+ Pháp lý rõ ràng, sổ hồng riêng, hỗ trợ ngân hàng.
+ Giá 8,3 tỷ còn nói chuyện chính chủ.
+ Liên hệ:
0935 826 ***
- Quốc Khang xem nhà (zalo).
+ Nhà rẻ Gò Vấp.",,,,,,1,1,1,1,1
https://batdongsan.com.vn/ban-nha-rieng-duong-hau-giang-phuong-12-3-58/moi-q6-52m-3-tang-o-ngay-chi-nhinh-6ty-vai-buoc-ra-mat-tien-pr45749230,"Nhà mới Hậu Giang Q6 52m² 3 tầng ở ngay - chỉ nhỉnh 6tỷ.
Hậu Giang, Phường 12, Quận 6.
Diện tích: 4.2m x 12m công nhận 52m².
Kết cấu: 1 trệt 2 lầu sân thượng.
Gồm: 3PN 2WC phòng khách bếp rộng thoáng.
Nhà mới đẹp, dọn vào ở ngay.
Hẻm 3m, cách hẻm xe hơi vài bước chân, hẻm thông thuận tiện di chuyển.
Vị trí đẹp gần chợ, trường học cấp 1 - 2 - 3, tiện đi Quận 5, 11, Bình Tân.
Pháp lý chuẩn sổ hồng chính chủ, hoàng công đủ.
Đang gửi bank, chủ thiện chí bán nhanh.
Liên hệ: Đạt Điềm Đạm chuyên nhà chính chủ khu trung tâm.",,,,,,1,1,1,1,1
https://batdongsan.com.vn/ban-nha-rieng-duong-chuyen-dung-9-phuong-phu-my-9-59/pho-2-lau-st-hxh-9-4x16m-gia-7-ty-750-pr41753098,"Nhà đẹp mới hoàn thiện đường Chuyên Dùng 9 P. Phú Mỹ Q7.
- Giá 7 tỷ 450tr TL.
- Diện tích 4m x 16.5m - 61.5m².
- Nhà 1 trệt 2 lầu sân thượng. Gồm 4PN 5WC 1 phòng thờ 1 phòng giặt.
- Nội thất full mới nhà thoáng mát rộng rãi.
- Hướng Tây. Sổ hồng hoàn công. Hỗ trợ vay NH.
Liên hệ xem nhà
0931 144 ***
Hiền Phạm.",,,,,,0,1,1,1,1
https://batdongsan.com.vn/ban-nha-mat-pho-duong-nguyen-van-cu-1-phuong-nguyen-cu-trinh-53/ban-mt-p-q1-5-3x20m-cn-108-m2-4-tang-chi-nhinh-42-ty-pr45684063,"Bán nhà mặt tiền Nguyễn Văn Cừ phường Nguyễn Cư Trinh quận 1.

- Diện tích: 5.3x20m CN 108m².
- Kết cấu: Trệt, lửng, 2 lầu, sân thượng.
- Vị trí: Giữa Nguyễn Trãi và Trần Hưng Đạo, cực kỳ sầm uất, vỉa hè rộng kinh doanh đỉnh mọi nghành nghề.
- Pháp lý chuẩn công chứng ngay.
- Giá bán 45 tỷ về 42.9 tỷ bán nhanh.

Lh:
0902 662 ***
Mr. Thiện để xem nhà và thương lượng chính chủ.",,,,,,0,1,1,1,0
https://batdongsan.com.vn/ban-nha-rieng-duong-cach-mang-thang-tam-phuong-11-1-55/ban-quan-3-cmt8-18m2-3-tang-moi-ep-full-noi-that-vao-o-ngay-gan-quan-1-pr45400367,"Mr Brook chia sẽ nhẹ:
""Chọn một căn nhà nhỏ xinh giữa Quận 3, nơi mỗi ngày về là cảm giác bình yên"".

* Vị trí sống lý tưởng:
Nhà nằm trong hẻm đường Cách Mạng Tháng 8, Quận 3, cách hẻm xe hơi chỉ 20m.
Từ nhà đi Quận 1, Quận 10, Tân Bình chỉ vài phút.

Căn nhà dành cho gia đình nhỏ:
Diện tích CN: 18,6m² (2,9 x 6,4m), gồm: 1 trệt + 2 lầu + sân thượng, 2 P. Ngủ, 3WC đủ riêng tư cho từng thành viên.
Nhà mới 100%, thiết kế hiện đại, Full nội thất.
Sổ hồng riêng, hoàn công đầy đủ.

* Cuộc sống tiện nghi mỗi ngày:
Ăn uống cà phê: Hồ Con Rùa, Nguyễn Thượng Hiền, Bàn Cờ, Phạm Ngọc Thạch.
Giải trí thư giãn: CGV, Galaxy Cinema, Nhà hát Hòa Bình.
Y tế giáo dục: BV Bình Dân, Tai Mũi Họng, trường học các cấp.
Không gian xanh: Công viên Lê Thị Riêng.

* Vì sao căn này phù hợp để ở lâu dài?
Trung tâm Quận 3 đi đâu cũng gần.
Hẻm yên tĩnh, an ninh, hàng xóm văn minh.
Nhà mới, sạch đẹp ở lâu vẫn giữ giá trị.
Rất phù hợp vợ chồng trẻ hoặc gia đình nhỏ muốn ổn định cuộc sống.

* Giá chào nhẹ nhàng: 4,85 tỷ (còn thương lượng).
Liên hệ:
0909 061 ***
Hữu Hiệp - Mr Brook xem nhà thực tế để cảm nhận rõ hơn không gian sống này!",,,,,,0,1,1,1,1
https://batdongsan.com.vn/ban-nha-rieng-duong-cach-mang-thang-tam-phuong-11-1-55/can-duy-nhat-5-x-17m-5-tang-mat-tien-noi-bo-cmt8-doi-dien-cong-vien-le-thi-25-ty-pr43459744,"Bán gấp căn nhà cực hiếm tại đường Cách Mạng Tháng 8, Phường 11, Quận 3.

- Diện tích: 7 x 15m nhà nở hậu đẹp.
- Kết cấu: Trệt + 4 lầu. Thuận tiện làm văn phòng, bệnh viện, phòng khám,...
- Vị trí: Mặt tiền nội bộ trải nhựa rộng 12m. Ngay sát mặt tiền Cách Mạng Tháng Tám, đối diện công viên Lê Thị Riêng.
- Ngay cổng nhà ga MeTro.
- Giá bán: 19.5 tỷ.

Sổ hồng chính chủ thuận tiện giao dịch mua bán.
LH:
0906 392 ***
em Quý để được hỗ trợ và đi coi nhà trực tiếp.
Xin cảm ơn đã xem bài viết ạ.",,,,,,0,1,1,1,1
https://batdongsan.com.vn/ban-nha-mat-pho-duong-phan-tay-ho-phuong-7-11-68/ep-13-490-ty-mt-p7-quan-phu-nhuan-dt-chuan-5-x-10m-ket-cau-5-tang-co-thang-may-pr45733924,"Nhà đẹp 13,49 tỷ MT Phan Tây Hồ, P7, Quận Phú Nhuận, DT chuẩn 5 x 10m, kết cấu 5 tầng có thang máy.

- Nhà mới đẹp mặt tiền Phan Tây Hồ, Phú Nhuận có thang máy, nội thất xịn, vào ở ngay, khu dân trí cao cực kỳ hiếm nhà bán.

- Mặt tiền ô tô trải nhựa rộng rãi, xe hơi ngủ trong nhà, phù hợp ở kết hợp kinh doanh, văn phòng, spa hoặc cho thuê cao cấp.
- DT: 5 x 10m, DTCN: 53,2m² vuông đẹp.
- KC: 1 trệt 3 lầu + sân thượng, công năng đầy đủ.
- Nhà thiết kế hiện đại, thang máy riêng, phòng tắm xông hơi hiện đại, khu kinh doanh sầm uất, kết nối nhanh Phan Xích Long, Quận 1 chỉ 10 phút, sân bay 15 phút.
- Pháp lý chuẩn, sổ hồng chính chủ, giao dịch ngay.

Chủ cần bán gấp, giảm mạnh từ 14 tỷ nay còn chỉ 13,490 tỷ còn thương lượng.

Liên hệ trực tiếp:
0703 626 ***
Phúc Tiến BĐS nhà phố.
(Hỗ trợ xem nhà & làm việc chính chủ).",,,,,,0,1,1,1,1
https://batdongsan.com.vn/ban-nha-rieng-duong-nguyen-quy-anh-phuong-tan-son-nhi-70/phu-90m2-5x18-lo-goc-2-mat-tien-hem-8m-ung-10-toi-tl-pr45718856,"Vị trí: Tân Sơn Nhì, Tân Phú.
Diện tích: 90m² (5x18m).
Kết cấu: 1 trệt 1 lầu, 2PN, 2WC.
Hẻm: 8m thông xe hơi tránh nhau thoải mái.
Tiện ích: Gần Aeon Tân Phú, chợ, trường, UBND.
Pháp lý: Sổ hồng riêng công chứng ngay.
Giá: Đúng 14.5 tỷ TL.

Ưu điểm: Lô góc 2 mặt tiền cực thoáng ở sướng, giữ giá tốt.

Liên hệ: Zalo
0967 071 ***
xem sổ.",,,,,,1,0,0,0,0
https://batdongsan.com.vn/ban-nha-rieng-pho-van-kiep-phuong-1-20-66/khu-vip-phan-xich-long-hem-xe-hoi-5m-72m2-5-phong-ngu-nhinh-9-ti-pr45605287,"Nhà 5 phòng ngủ - hẻm xe hơi ngủ trong nhà - cách mặt tiền 30m.

Diện tích: 4.1 x 17m (~72m², nở hậu nhẹ).
Kết cấu: 1 trệt, 2 lầu.

Công năng:

* 5 phòng ngủ (có PN dưới trệt).
* 3 WC.
* Phù hợp gia đình đông người.

Ưu điểm:

* Nhiều phòng dễ bố trí.
* Nhà thoáng, nở hậu nhẹ.
* Ở + cho thuê đều tốt.

Vị trí:

* Khu Đường Vạn Kiếp.
* Gần Đường Phan Đăng Lưu.
* Thuận tiện đi trung tâm.

Sổ hồng riêng.
PT. NU. TCTPT.",,,,,,1,0,0,0,0
https://batdongsan.com.vn/ban-nha-mat-pho-duong-tran-hung-dao-phuong-cau-kho-53/ban-tien-quan-1-4x19m-3-lau-hdt-90tr-th-gia-38-ty-tl-pr43717529,"Bán nhà mặt tiền đường Trần Hưng Đạo Quận 1. Nhà vị trí đẹp, khu vực sung túc kinh doanh thương mại sầm uất nhà thuận tiện sử dụng khai thác kinh doanh nhiều loại hình dịch vụ, cho thuê thu nhập cao 90tr/th.
Diện tích: 4 x 19m 76.3m², nhà trệt 3 lầu đẹp.
Sổ hồng chính chủ thuận tiện mua bán sang tên.
Giá bán: 38 tỷ thương lượng.
Vui lòng liên hệ:
0937 865 ***
Thanh Tùng để hỗ trợ xem nhà, thương lượng giá tốt.
Cảm ơn quý khách đã quan tâm, nhận hỗ trợ ký gởi mua bán, tư vấn pháp lý nhà phố Quận trung tâm.",,,,,,0,1,1,1,0
https://batdongsan.com.vn/ban-nha-rieng-duong-xo-viet-nghe-tinh-phuong-26-66/hem-xe-hoi-thong-cong-vien-tam-vu-binh-thanh-2-tang-64m2-7-7-ty-tl-pr45432781,"Hẻm xe hơi thông - ngay Tầm Vu - Bình Thạnh - 7.7 tỷ TL.

- Diện tích: 4.3m x 15m | 64m² thực tế, công nhận 51.2m².
- Nhà 2 Tầng sạch sẻ, ở vẫn ok.
- Hẻm 7 chỗ Xô Viết Nghệ Tĩnh, ngay nhà thờ giáo xứ Thanh Đa.

0866 977 ***
(Long Châu).",,,,,,1,0,0,0,1
https://batdongsan.com.vn/ban-nha-mat-pho-duong-tran-thu-do-phuong-phu-thanh-70/xach-vali-vao-o-ngay-mt-o-ep-ngo-ngang-full-noi-that-luxury-4x12m-4-tang-gia-8-9-ty-pr45688201,"Vị trí ""vàng"" giữa lòng Tân Phú: Nằm trong khu dân cư cao cấp, cực kỳ an ninh và yên tĩnh. Bước chân ra cửa là đầy đủ tiện ích: Chợ Nguyễn Sơn, siêu thị BigC, trường học các cấp...

Thiết kế hiện đại, công năng hoàn hảo: Diện tích 4x12m (44m²), kết cấu 2 lầu + Sân thượng. Không gian mở, đón ánh sáng tự nhiên và gió trời cực thoáng, mang lại năng lượng tích cực cho gia chủ. Full nội thất ""Chìa khóa trao tay"": Chủ nhà tặng lại toàn bộ nội thất cao cấp (sofa, giường tủ, bếp từ, máy lạnh... ). Mọi chi tiết đều được chăm chút tỉ mỉ, sang trọng như khách sạn 5 sao. Sân thượng lý tưởng: Không gian tuyệt vời để trồng cây, làm BBQ cuối tuần hoặc chill cafe ngắm thành phố.

Giá cực tốt: 8,9 tỷ (cơ hội sở hữu nhà đẹp giá tốt nhất khu vực).",,,,,,0,1,1,1,1
https://batdongsan.com.vn/ban-nha-rieng-duong-nguyen-tuyen-phuong-binh-trung-tay-54/hxh-4-tang-btct-52m-quan-2-chi-5-4-ty-pr45275492,"- Nhà một chủ từ đầu - chưa qua đầu tư.
- HXH cách chỉ 30m - chỉ 70m ra đường Nguyễn Tuyển chỉ 200m Nguyễn Duy Trinh.
- 1 trệt + 2 lầu + Sân thượng 6PN - 3WC nhà sạch sẽ - kiên cố - ở ngay.
- Chủ xây tâm huyết, phù hợp an cư lâu dài, rất thuận tiện để vừa ở vừa cho thuê.
- Gần BV Lê Văn Thịnh chợ Bình Trưng UBND Trường học các cấp.
- KDC hiện hữu, an ninh, tiện ích đầy đủ.
- Sổ hồng riêng công chứng ngay.
- Gọi Duy
0919 685 ***
ngay để xem nhà thực tế, làm việc chính chủ.",,,,,,1,0,1,1,1
https://batdongsan.com.vn/ban-nha-rieng-duong-cong-lo-phuong-15-8-69/sieu-hiem-gap-ban-65m2-uong-xe-hoi-5m-hon-5-tang-btct-chi-7-ty-pr45211836,"- Diện tích: Ngang khủng 5m x 13m, cn 51.25m². Sổ vuông A4.
- Kết cấu: Nhà 5 tầng đúc BTCT chắc chắn, nhà đẹp thoáng mát, đầy đủ công năng, 5 PN, 3 WC, bếp, PK, Sân Thượng nhà dọn về ở ngay.
- Chủ nhà là kiến trúc sư nên xây nhà rất tâm huyết.
- Hẻm xe hơi 5m thông thoáng, xe hơi ngủ trong nhà, cách 20m ra đường xe tải tránh.
- Khu nhà đồng bộ, an ninh, dân trí cao, gần Emart, khu nhà giàu. Ngay trường tiểu học Phan Huy Ích, CC Phúc Yên, ra sân bay 5 phút.
* 7 tỷ còn thương lượng mạnh.
- Tin thật - gặp chính chủ - pháp lý chuẩn công chứng ngay.

Nhận ký gửi và hỗ trợ định giá miễn phí nhà đất Sài Gòn.
MttclEa.Ab.Af.",,,,,,1,0,0,0,0
https://batdongsan.com.vn/ban-nha-mat-pho-duong-tran-quang-khai-phuong-tan-dinh-2-53/chuyen-nhuong-tien-kinh-doanh-uong-lien-he-nguyen-tuan-dung-pr45722774,"Kết bạn Facebook/Zalo để xem thêm nhà nhé:

Facebook: Trần Nguyễn Tuấn Dũng (môi giới triệu đô) - chuyên nhà phố triệu đô Sài Gòn.

Cam kết thông tin chính xác 100% - nhà đang còn bán - giá tốt - pháp lý rõ ràng - làm việc chính chủ.

Diện tích đất công nhận 23m².

Kết cấu: Nhà xây dựng 4 tầng, thiết kế phù hợp vừa ở vừa kinh doanh. Lợi thế lô góc giúp không gian thoáng, tăng khả năng nhận diện.

Hợp đồng thuê: 30 triệu/tháng.",,,,,,0,1,1,1,0
https://batdongsan.com.vn/ban-nha-rieng-duong-nguyen-van-tao-xa-long-thoi-76/ban-2-tang-5-19-5-mm-gia-4-8-ty-10m-gan-truong-quoc-te-my-pr44550792,"Bán nhà 2 tầng trệt lửng, mặt tiền đường nội bộ 10m, Nguyễn Văn Tạo, Long Thới, xe tải tới nhà:
- 5*19,5m giá 4,9tỷ.
- Hoàn công, SHR.
- Hỗ trợ vay.
- Đi lại dễ dàng ra Nguyễn Văn Tạo, Lê Văn Lương, Nguyễn Bình, PMH, Q1, Q7, Q8... Gần trường Quốc tế Mỹ, kế KCN Hiệp Phước, KCN Long Hậu.
- Nói không với tin ảo.
- Alo cho a Ba
0988 052 ***
để được tư vấn, hỗ trợ miễn phí từ A đến Z.",,,,,,0,0,1,0,0
https://batdongsan.com.vn/ban-nha-rieng-duong-le-van-luong-xa-nhon-duc-76/hailongreal-gan-3-truong-dai-hoc-dac-biet-khong-ngap-nuoc-gia-6-3ty-dt-5x26m-3-tang-pr44563983,"Hai Long Real: Nhà gần 3 trường đại học Mở, TDTT, Tài Nguyên Môi Trường.
- Nhà đang ở cần tiền bán nhanh, đường Lê Văn Lương, Nhơn Đức, Nhà Bè.
- Giá: 6,1 tỷ.
- Diện tích: 5x26m = 129m²(89.4m² ONT), 3 tầng.
- Vị trí đẹp, khu dân trí tốt, đường thông.
- Đặc biệt: Không ngập nước trong vòng 10 năm, do đường Lê văn Lương và tuyến hẻm mới nâng 1.5m.
- Hẻm thông qua Lê Văn Lương, Nguyễn Bình, vị trí buôn bán tốt.
- Liên hệ: Team Hai Long Real, các thành viên kinh nghiệm hoạt động thị trường BDS Nhà Bè hơn 10 năm.
- Liên hệ: Mr Hai -
0909 937 ***
- kinh nghiệm hoạt động thị trường BDS Nhà Bè 17 năm (2009 - 2025).
- Hai Long Real - nói không với tin đăng ảo.",,,,,,0,1,1,0,1
https://batdongsan.com.vn/ban-nha-rieng-duong-le-van-sy-phuong-12-1-55/don-tet-trung-tam-quan-3-ban-p12-moi-full-noi-that-4-68-ty-pr44969985,"Bán nhà đẹp Lê Văn Sỹ, trung tâm Quận 3 - DT 16,5m², 2PN, full nội thất, tiện ở ngay, giá 4.68 tỷ.

* Vị trí.
Nằm tại hẻm đường Lê Văn Sỹ, Phường 12, Quận 3, khu vực trung tâm sầm uất nhưng hẻm yên tĩnh, sạch, thông thoáng, dân cư văn minh.
Di chuyển nhanh Quận 1, Phú Nhuận, Tân Bình.

* Thông tin.
DT công nhận: 16,5m², 3,4m x 4,84m, kết cấu: 1 trệt, 1 lửng, 1 lầu.
Công năng: 2 phòng ngủ, 2 WC.
Nhà mới đẹp, full nội thất, chỉ cần xách vali vào ở ngay.
Pháp lý: Sồ hồng riêng, hoàn công đủ.

* Tiện ích xung quanh.
Gần chợ Nguyễn Văn Trỗi, Co. Opmart Nhiêu Lộc, WinMart Lê Văn Sỹ thuận tiện mua sắm mỗi ngày.
Gần SaiGon Mall, VincomPlaza Cộng Hoà, công viên Lê Thị Riêng, khu ẩm thực Lê Văn Sỹ sinh hoạt gia đình trọn vẹn.

* Vì sao phải mua ngay?
Nhà mới ở ngay, không tốn chi phí sửa chữa.
Vị trí trung tâm Quận 3, hiếm nhà giá dưới 5 tỷ.
Phù hợp gia đình nhỏ, vợ chồng trẻ hoặc mua giữ tiền cho thuê.
Khu dân trí cao, ở yên tĩnh, đi lại cực tiện.

* Giá mềm mỏng: 4,68 tỷ (còn thương lượng).
Gọi ngay
0913 201 ***
Hữu Hiệp - Mr. Brook để xem nhà thực tế và chốt ""Deal ngon"".",,,,,,1,1,1,1,1
https://batdongsan.com.vn/ban-nha-mat-pho-duong-so-14-phuong-an-khanh-54/hiem-ngon-tien-ngay-k-t-thu-thiem-tran-nao-x-luong-inh-cua-ctxd-ham-6-tang-pr45694849,"Không có sản phẩm so sánh! Nhà ngay gần Trần Não & Lương Định CủA. Sát trung tâm hành chính thủ thiêm mới. Thích hợp xây CHDV - văn phòng công ty - đầu tư.

- Địa chỉ: Đường 14, P. An Khánh, Quận 2.

- DT 8.3x18M, công nhận 140.8m².

- Hiện trạng: Dãy trọ thu nhập sẵn.

- Hình thể thửa đất: Vuông vức, không lỗi phong thủy.

- Vị trí xây cao 1 hầm 6 tầng Thích hợp XD để ở, làm VP hoặc khai thác CHDV.

- Giá bán 28 tỷ.

Đất vị trí đẹp, nằm ngay trung tâm phường An Khánh - khu vực có đầy đủ mọi tiện ích, giao thông thuận tiện, cách Lương Định Của & Trần Não chỉ 200M - Cách trung tâm hành chính mới Thủ Thiêm chỉ 3 phút đi xe, chỉ 5 phút là đến Q1, Q3, Bình Thạnh.

Alo/Zalo:
0909 823 ***
gặp Tin xem nhà và làm việc nhanh với chủ ạ.",,,,,,1,1,1,1,1
https://batdongsan.com.vn/ban-nha-rieng-duong-nguyen-trai-phuong-nguyen-cu-trinh-53/ban-goc-2-mat-tien-quan-1-dt-18-x-26m-437m2-gia-82-ty-chi-200tr-m2-pr45665589,"Bán nhà góc 2 mặt tiền 353Bis Nguyễn Trãi, Nguyễn Cư Trinh, Quận 1.

Cần bán chia thừa kế, nên giá tốt nhất thị trường.

Thích hợp mua đầu tư hoặc xây mới kinh doanh Khách sạn, Căn hộ.

- Diện tích: 18 x 26m. Công nhận: 306m². Thực tế: 437m².
- Kết cấu: 5 Tầng.

- Giá: 82 Tỷ (267tr/m²), giá thị trường ít nhất củng 250tr/m².",,,,,,0,1,0,0,0
https://batdongsan.com.vn/ban-nha-rieng-duong-ho-xuan-huong-phuong-14-7-66/moi-binh-thanh-60m2-5-tang-kien-co-tang-full-noi-that-cao-cap-chi-9-ty-5-tl-pr45730572,"Xách vali vào ở ngay - tổ ấm hoàn hảo tại Bình Thạnh.

Bạn đang tìm một ngôi nhà rộng rãi, sang trọng và không phải lo lắng về việc sửa chữa hay mua sắm nội thất? Đây chính là lựa chọn số 1:

Vị trí đắc địa: Nhà sát mặt tiền, hẻm rộng thoáng, cạnh khu vực xe tải đậu đỗ ngày đêm di chuyển cực kỳ dễ dàng, không lo kẹt hẻm.

Diện tích lý tưởng: 58.1m², thiết kế hiện đại với 1 trệt, 3 lầu và sân thượng trước sau cực chill.

Công năng tuyệt vời: 4 Phòng ngủ lớn chuẩn Master, 5 WC riêng biệt. Có sân để xe rộng rãi, an toàn.

Quà tặng đặc biệt: Chủ nhà tặng lại toàn bộ nội thất ""sang - xịn - mịn"" cho khách thiện chí.

Pháp lý: Sổ hồng riêng, hoàn công đầy đủ, công chứng sang tên trong 1 nốt nhạc.

Liên hệ em Vinh
0909 177 ***
xem nhà.",,,,,,0,1,1,1,1
https://batdongsan.com.vn/ban-nha-rieng-duong-vuon-lai-phuong-an-phu-dong-1-64/hiem-chdv-cach-go-vap-600m-18pn-ang-cho-thue-90tr-thang-pr45745631,"CHDV Vườn Lài (Cách Gò Vấp 600m) - P. An Phú Đông, TP. HCM.

Giá bán: 18 tỷ.
Diện tích: 89m² (4 x 22m).

Kết cấu: Lửng + 4 lầu.
Gồm 18 phòng ngủ.
Trang bị thang máy hiện đại.

Dòng tiền ổn định: Cho thuê 90 triệu/tháng.
Nhà mới xây, vừa hoàn công xong.
Hiện đang khai thác full phòng.
Phù hợp đầu tư giữ tài sản & khai thác CHDV lâu dài.

Hướng: Đông tứ trạch, đường thông oto. Cách mặt tiền Vườn Lài: 50m.
Đường thông, di chuyển thuận tiện.
Vị trí đẹp, cách Gò Vấp chỉ khoảng 600m.

0906 710 ***
(Sáng BĐS).",,,,,,0,1,0,1,0
https://batdongsan.com.vn/ban-nha-rieng-duong-truong-luu-phuong-long-truong-61/re-nhat-q9-2-tang-x-50m2-4-2x12m-3pn-3wc-o-to-tranh-gia-chi-4-3-ty-shr-pr45659012,"Cơ hội hiếm sở hữu nhà giá tốt tại Trường Lưu phù hợp ở ngay hoặc đầu tư:

Diện tích: 50m² (ngang 4,2m x dài 12m), kết cấu 2 tầng kiên cố.
Công năng đầy đủ: 3 phòng ngủ, 3 nhà vệ sinh, phòng khách, bếp, sân thượng thoáng mát.
Đường trước nhà rộng, ô tô tránh nhau thoải mái.

Ưu điểm nổi bật:

Nhà xây chắc chắn, hoàn công đầy đủ, dọn vào ở ngay.
Sổ hồng riêng, pháp lý rõ ràng, sang tên nhanh.
Tặng thêm phần đất phía trước có thể làm sân đậu xe, kho hoặc trồng rau.

Vị trí Trường Lưu khu dân cư hiện hữu, tiện ích xung quanh đầy đủ, di chuyển thuận tiện.

Giá bán chỉ 4,3 tỷ mức giá cực tốt so với khu vực.

Liên hệ:
0369 206 ***
hỗ trợ xem nhà thực tế và làm việc trực tiếp chủ.
Cam kết thông tin thật 100%, không tin ảo.",,,,,,0,1,1,1,0
https://batdongsan.com.vn/ban-nha-rieng-duong-cay-keo-phuong-tam-phu-71/ban-2-tang-uong-thu-uc-52m2-ngang-5m-ep-pr45624900,"Bán nhà 2 tầng đường Cây Keo, Thủ Đức - 51,2m² - ngang 5m đẹp.
Diện tích: 51,2m² (5x10.4m).
Hiện trạng: 1 trệt 1 lầu, 2 phòng ngủ, 2 WC. Nhà xây kiên cố, vào ở ngay.
Vị trí: Hẻm thông đường Cây Keo, phường Tam Bình. Thuận tiện di chuyển ra Tô Ngọc Vân, Phạm Văn Đồng.
Pháp lý: Sổ hồng chính chủ, hoàn công đầy đủ.
Giá: 6.1 tỷ.
Hỗ trợ vay ngân hàng cho khách có nhu cầu.
Alo xem nhà.",,,,,,0,1,1,1,1
https://batdongsan.com.vn/ban-nha-rieng-pho-ba-huyen-thanh-quan-phuong-9-5-55/chi-4-68-ty-3-ban-4-tang-btct-full-noi-that-cach-mat-tien-chi-20m-pr45619916,"Tầm giá 4 tỷ hơn tại Quận 3 hiện rất hiếm nhà 4 tầng và gần mặt tiền như thế này. Tính thanh khoản cao, giữ giá tốt.

Vị trí đắc địa: Cách mặt tiền chỉ đúng 20m, hẻm cực gần, dễ tìm, giao thông thuận tiện đi các quận trung tâm.
Diện tích: 3.3m x 5.2m. Diện tích sử dụng lớn nhờ kết cấu cao tầng.
Kết cấu: 1 trệt 3 lầu (BTCT kiên cố). Gồm: Phòng khách, bếp, 2 phòng ngủ rộng, 2 WC, ban công thoáng mát.
Tình trạng: Nhà mới kính coong, tặng lại full nội thất cao cấp. Chủ mới chỉ việc xách vali vào ở ngay, không tốn thêm chi phí sửa chữa.
Hướng: Đông Nam (mát mẻ quanh năm, vượng khí).
Tiện ích: Bán kính 500m là trường Hòa Hưng/Nguyễn Việt Hồng/Nguyễn Thị Minh Khai/CMT8. Bệnh viện Quận/mắt thành phố, chợ Nguyễn Thông/Kinhfood/Bách Hóa Xinh/Coopfood đầy đủ...

Pháp lý: Sổ hồng riêng, giao dịch ngay.

Giá bán: 4.68 tỷ (Thương lượng chính chủ).

Trọng Nghĩa:
0909 162 ***
- Chuyên nhà phố Bình Thạnh, Phú Nhuận, Gò Vấp.",,,,,,0,1,1,1,0
https://batdongsan.com.vn/ban-nha-mat-pho-duong-dao-duy-tu-phuong-5-12-62/tien-uong-ao-ngay-ai-hoc-kinh-te-5-tang-moi-ep-gia-23-ty-tl-pr45566768,"Bán nhà mặt tiền đường Đào Duy Từ góc gần Nguyễn Tri Phương - Đại Học Kinh Tế HCM. Nhà vị trí đẹp, khu vực kinh doanh sầm uất thuận tiện sử dụng khai thác kinh doanh nhiều loại hình dịch vụ
Diện tích: 4.1 x 15m CN 54.2m², nhà trệt 3 lầu sân thượng
Sổ hồng chính chủ, pháp lý sạch thuận tiện mua bán sang tên
Giá bán: 23 tỷ thương lượng
Vui lòng liên hệ:
0937 865 ***
Thanh Tùng để xem nhà",,,,,,0,1,1,1,0
https://batdongsan.com.vn/ban-nha-rieng-duong-dao-tong-nguyen-thi-tran-nha-be-76/moi-kdc-cao-tang-112m2-xe-hoi-o-cua-gan-cau-phu-xuan-nhinh-6-ty-pr45748325,"Cần bán nhà mới ở ngay 112m² kề Quận 7:

Mô tả:

- Diện tích: 7x20.
- Kết cấu: 4 tầng, sân thượng rộng.
- Hẻm thông, xe hơi đỗ cửa.
- Tặng toàn bộ nội thất y như hình.
- Khu dân trí an ninh, yên tĩnh.

Vị trí & tiện ích:

- Nằm ngay trục Huỳnh Tấn Phát, TT. Nhà Bè.
- Cách Phú Mỹ Hưng, Quận 7 chỉ 1km.
- Gần các điểm trường học quốc tế.
- Cách Crescent Mall, ĐH Tôn Đức Thắng, ĐH Rmit, Lotte Mart chỉ 10Phút.
- Di chuyển qua Phố đi bộ Nguyễn Huệ, Q1 & Cầu Khánh Hội, Quận 4 chỉ 20P.

Liên Hệ:
0369 408 ***
- Mạnh Đồng BĐS.",,,,,,1,0,0,0,0
https://batdongsan.com.vn/ban-nha-rieng-duong-lam-son-phuong-5-16-68/ban-phu-nhuan-khu-vuc-hiem-ban-sat-hxh-4-8-x-17-co-san-dong-tien-8-4-ty-pr45506973,"- Vị trí: Lam Sơn, Phan Đăng Lưu, Phú Nhuận.
- Diện tích: CN 70m², 4.8 x 17m, thực tế 80m².
- Kết cấu: 2 tầng, 5 phòng, đang khai thác CHDV, dòng tiền ổn định.
- Khu vực hiếm nhà bán.
- Sát hẻm xe hơi.
- Vị trí đắc địa, dân cư đa phần cán bộ.
- Tiện ích xung quanh đầy đủ.
- Pháp lý rõ ràng, hoàn công đầy đủ.
- Chủ thiện chí bán.
Phú
0903 010 ***
.",,,,,,0,1,1,1,1
https://batdongsan.com.vn/ban-nha-rieng-duong-quoc-lo-13-phuong-hiep-binh-phuoc-71/chu-ket-tien-ban-gap-cap-4-goc-hai-mat-tien-gan-song-thu-duc-cu-pr44648382,"Cg: Bán căn nhà cấp 4 góc hai mặt tiền hẻm xe hơi gần sông, Hiệp Bình Phước, Thủ Đức.
- Diện tích công nhận sổ 101m² ngang 5,3 x 18,4m nở hậu 5,7m.
- Đất ở nhóm nhà hiện hữu xây dựng được 1 trệt 4 lầu sân thượng.
- Hiện đang có nhà cấp 4 trên đất xây dựng 81,5m².
- Nhà đang cho thuê.
- Giá bán: 7,9 tỷ.
- Vị trí gần khu phân lô đồng bộ, gần sông, phù hợp xây dựng căn hộ dịch vụ cho thuê.
- Hướng Tây Nam - Tây Bắc.

Liên hệ Thảo để được tư vấn.",,,,,,0,1,0,1,1
https://batdongsan.com.vn/ban-nha-rieng-duong-ong-ich-khiem-phuong-14-6-63/hem-5m-thong-moi-46m2-2-tang-btct-hoan-cong-u-7-4-ty-pr45187117,"Đường Ông Ích Khiêm, Quận 11.

Diện tích: 4 x 12m (46m²), công nhận đủ.
Kết cấu: 1 trệt 1 lầu BTCT, 3PN 3WC.
Nhà góc 3 mặt thoáng, không lộ giới.
Hẻm 5m thông, xe vào tận nhà.
Pháp lý: Sổ hồng, hoàn công đầy đủ.

Giá 7.4 tỷ.

Liên hệ xem nhà trực tiếp.",,,,,,1,0,1,1,1
https://batdongsan.com.vn/ban-nha-mat-pho-duong-so-28-phuong-cat-lai-54/tien-28-4-tang-2-tien-o-tren-kinh-doanh-duoi-gia-10-68-ty-pr45054600,"Mặt tiền đường 28 - 4 tầng - 2 mặt tiền - ở trên kinh doanh dưới - giá 10.6 tỷ.

Địa chỉ: Đường Số 28, Cát Lái, TP HCM.
Giá bán: 10.6 tỷ (thương lượng thiện chí).

Thông tin chi tiết.
Diện tích: 74m² (ngang 4m, dài 19m) - sổ vuông vức như tờ A4. 55.7m² thổ cư, 18.6m² cây lâu năm.
Kết cấu: Nhà 4 tầng (1 trệt, 2 lầu, sân thượng).
+ 3 phòng ngủ.
+ Phòng thờ riêng.
+ Phòng khách, bếp.
+ 4 WC.
+ Sân trước đậu ô tô.
Pháp lý: Sổ hồng riêng, hoàn công chuẩn chỉnh, sang tên nhanh.

Điểm mạnh nổi bật.
Mặt tiền đường 28 - khu vực kinh doanh, văn phòng, dịch vụ sầm uất.
2 mặt tiền trước sau:
+ Mặt trước đường lớn thuận tiện kinh doanh.
+ Mặt sau hẻm 5m thông thoáng, dễ tách lối đi.
Ở trên - kinh doanh dưới cực hợp lý, tầng trệt có thể khai thác cho thuê 25 - 30 triệu/tháng.
Vị trí trung tâm Cát Lái: Chỉ 200m ra Lê Văn Thịnh, gần Bệnh viện Lê Văn Thịnh, Trường Cao đẳng Thủ Thiêm, UBND & Trung tâm Dịch vụ công phường Cát Lái.
Giao thông thuận tiện đi Nguyễn Thị Định - Nguyễn Duy Trinh - Đồng Văn Cống - Mai Chí Thọ, kết nối nhanh các khu trung tâm.

Phù hợp.
Gia đình vừa ở vừa kinh doanh.
Chủ doanh nghiệp cần văn phòng đại diện / showroom / spa / studio.
Người mua muốn giữ tài sản mặt tiền trung tâm, dễ khai thác dòng tiền.

Liên hệ xem nhà:
Quân Sư Nhà Phố -
0903 066 ***
.
Nhà thật - vị trí thật - pháp lý rõ ràng - xem là chốt.",,,,,,0,1,1,1,1
https://batdongsan.com.vn/ban-nha-rieng-duong-quang-trung-phuong-14-8-67/ban-tai-7-6-ty-53m2-4pn-5wc-gia-cuc-chat-pr45681661,"Nhà riêng đường Quang Trung, Phường An Hội Tây, Hồ Chí Minh - Quận Gò Vấp, Hồ Chí Minh cũ với diện tích 53m², thiết kế 4PN + 5WC, 4 tầng.
* Giá bán 7,6 tỷ VND (TL). Nội thất cơ bản, trang bị tủ lạnh, giường. Kệ, bàn ăn... Ngõ vào rộng 5m, phù hợp cho xe ô tô. Mặt tiền 4m, thích hợp cho kinh doanh. Pháp lý đầy đủ.

Điểm đặc biệt: Nhà có không gian thoáng đãng, thích hợp cho gia đình đông người.

Tiện ích xung quanh: Gần Emart Phan Huy Ích,, trường mầm non Phù Đổng, siêu thị Bách Hóa Xanh...

Liên hệ ngay Kim Ánh nhà phố qua số
0989 132 ***
để biết thêm chi tiết.",,,,,,1,1,1,1,1
https://batdongsan.com.vn/ban-nha-biet-thu-lien-ke-duong-t10-phuong-long-thanh-my-the-manhattan-vinhomes-grand-park/ban-pho-126m2-gia-tot-nhat-khu-mua-au-tu-hay-o-eu-phu-hop-pr45275735,"Bán nhà phố Vinhomes Grand Park giá tốt nhất khu cùng diện tích.

- Diện tích: 126m².
- Xây dựng: 5 tầng + 1 tum.
- Pháp lý: Đã có sổ công chứng mua bán nhanh gọn.
- Khu vực không gian yên tĩnh, mát mẻ, an ninh, gần nhiều tiện ích, nhà đẹp.
- Giá tốt đầu tư ngon, có thể tích trữ tài sản, đầu tư cho thuê, kinh doanh, đầu tư tăng giá, mua ở cũng rất phù hợp.
- Di chuyển thuân tiện các tiện ích: Công viên 36ha, trung tâm thương mại Vincom, trường học Vinschool, bệnh viện Vinmec.

Giá bán: 20 tỷ.
Anh chị quan tâm liên hệ em Thắng
0932 601 ***
gọi hoặc nhắn zalo em gửi căn anh chị xem.
-----------------------

* Xin chào anh chị, em là Nguyễn Thắng chuyên tư vấn mua bán các sản phẩm nhà phố, biệt thự, shophouse, boutique tại Vinhomes Grand Park.

Em làm ở thị trường này đã lâu em xin đảm bảo cung cấp sản phẩm đến anh chị:
- Giá tốt nhất, phù hợp với nhu cầu.
- Vị trí đẹp.
- Tiềm năng tăng giá cao.
- Thủ tục nhanh gọn, rõ ràng.

Anh chị mới tìm hiểu đang tham khảo kết nối Zalo với em nhé, em tư vấn gửi đầy đủ thông tin, hình ảnh để anh chị nắm được hết các sản phẩm, khi kết nối zalo sẽ được em cập nhật sớm nhất căn giá rẻ khi chủ nhà gửi bán.

Anh chị kết nối với em Thắng
0932 601 ***
gọi hoặc nhắn Zalo đều được.

Văn phòng em ở tại dự án luôn nên anh chị đến xem thực tế khi nào cũng được.
------------------------------------------

Anh chị xem video em quay ở trên để thấy hình ảnh thực tế và thông tin nhiều dòng sản phẩm nhé, cảm ơn anh chị đã xem tin đăng của em Thắng.",,,,,,0,1,1,1,1
https://batdongsan.com.vn/ban-nha-rieng-duong-tran-hung-dao-phuong-cau-kho-53/quan1-no-hau-tai-loc-2-tang-o-ngay-hem-4m-gan-o-to-sat-trung-tam-5-5-ty-tl-pr45680437,"Quận 1 nở hậu tài lộc 2 tầng ở ngay hẻm 4m gần ô tô sát trung tâm 5.5 tỷ TL.
3.6 x 6.5m (nở hậu đẹp) 2 tầng.
Trần Hưng Đạo, P. Cầu Kho, giáp Quận 5, Quận 3, Quận 7, Quận 4...
3 phút ra Chợ Bến Thành lõi trung tâm.
Khu dân trí cao giữ g. Iá tốt tiềm năng tăng.
BV Răng Hàm Mặt TW.
Co. Opmart Cống Quỳnh.
ĐH Sài Gòn.
BX Chợ Lớn.
CV 23/9.
Sổ riêng công chứng ngay.
5.5 tỷ (thương lượng mạnh).
LH: Trân tròn trịa (nói ko với tin ảo).
Cần tìm nhà tốt, đến chốt cùng trân.
Nhận mua bán, ký gửi nhà đất, tư vấn và hỗ trợ pháp lý.",,,,,,1,0,0,1,0
https://batdongsan.com.vn/ban-nha-mat-pho-duong-so-7-phuong-binh-tri-dong-b-65/ban-khu-ten-lua-mt-uong-7-dt-6-x-21m-cap-4-gia-27-5-ty-co-3-can-pr45520899,"+ Tuyến đường chính sầm uất nhất khu vực, tiện kinh doanh mua bán mọi ngành nghề...
+ Gần ngã tư đường Số 7 - đường Số 6.
+ Khu Tên Lửa đầy đủ tiện ích hiện hữu xung quanh: Aeon Mall, CoopMart, Phố ăn uống, BV Quốc tế CIH, Gia An 115, Highland, Phúc Long, ngân hàng, chợ, trường học... Bán kính 1km.

- Vị trí: MT đường Số 7, P. Bình Trị Đông B, Q. Bình Tân.
- Diện tích: 6 x 21m.
- Kết cấu: Cấp 4.
Giá: 27.5 tỷ (thương lượng).

LH:
0911 394 ***
(Tín Hưng).
Giới thiệu, Phân tích, So sánh.
Anh Chị chọn BĐS phù hợp nhu cầu, giá hợp lý so với thị trường.
Xin cám ơn!",,,,,,0,1,1,1,1
https://batdongsan.com.vn/ban-nha-rieng-duong-le-van-sy-phuong-14-1-55/quan-3-61-2m2-10-ty-at-vuong-vuc-hem-o-to-tranh-2-tang-thoang-pr45366159,"Quận 3 - Lê Văn Sỹ - 61.2m² - 10 tỷ - hẻm ô tô tránh - 2 tầng thoáng.

Vị trí: Hẻm ô tô tránh nhau đường Lê Văn Sỹ, Phường 14, Quận 3. Hẻm thông thoáng, sát mặt tiền, khu dân trí cao và thuận tiện di chuyển.

Diện tích: Công nhận 61.2m², đất vuông vức.

Kết cấu: Nhà 2 tầng thiết kế lệch tầng thông thoáng gồm phòng khách, bếp, 3 phòng ngủ, 4WC, ban công và sân thượng trước sau.

Khai thác: Nhà còn mới, phù hợp ở lâu dài, làm văn phòng mini hoặc kinh doanh online. Không gian tối ưu, thoáng rộng.

Pháp lý: Sổ hồng riêng, pháp lý chuẩn.

Liên hệ:
0901 337 ***
- Mr Quốc Đại, Banker mê nhà, hỗ trợ xem nhà và tư vấn giải pháp tài chính tốt nhất.",,,,,,1,0,0,0,0
https://batdongsan.com.vn/ban-nha-rieng-duong-hau-giang-phuong-12-3-58/quan-6-hem-truoc-3m-100m-ra-mat-tien-chi-hon-4-ty-pr45645034,"Hậu Giang Quận 6 - hẻm trước nhà 3m - 100m ra mặt tiền.
Diện tích: 3.7 x 11m.
Kết cấu: 1 trệt 1 lầu đúc BTCT 2 phòng ngủ.
Ưu điểm nổi bật:
Vị trí cực đẹp ngay trục Hậu Giang, sát chợ, trường học, bệnh viện, UBND Quận.
Khu dân cư an ninh, dân trí cao, nhà cửa xây dựng đồng đều.
Gần Chợ Lớn, di chuyển về trung tâm cực nhanh.
Chỉ 4,2 tỷ thương lượng nhẹ.
Pháp lý: Sổ hồng riêng hoàng công đủ, công chứng nhanh.
Liên hệ: (Đạt).
Chuyên nhà chính chủ hỗ trợ xem nhà nhanh, làm việc uy tín.",,,,,,1,0,0,1,0
https://batdongsan.com.vn/ban-nha-rieng-duong-nguyen-van-tao-xa-long-thoi-76/ban-dep-5-19-5m-xe-hoi-10m-4-ty-bot-loc-be-so-rieng-pr44261566,"Bán nhà đẹp 5*19,5m = 103m², đường 10m, xe hơi tới nơi, Nguyễn Văn Tạo Long Thới Nhà Bè, 4 tỷ, sổ hồng riêng.
Hỗ trợ bank.
Gần khu công nghiệp, chợ, trường.
A Ba
0988 052 ***
.",,,,,,1,0,0,0,0
https://batdongsan.com.vn/ban-nha-rieng-duong-tran-binh-trong-phuong-5-14-66/ban-moi-hem-o-to-4-tang-btct-5pn-full-noi-that-khu-vuc-phan-van-tri-thanh-gia-8-65-ty-pr45476906,"Nhà mới 4 tầng bê tông cố thép tại hẻm Trần Bình Trọng, TT khu vực Bình Thạnh thuận tiện di chuyển qua Phan Văn Trị, Phạm Văn Đồng, Công viên Gia Định...

Diện tích: 3.9 x 13m vuông vức, nở hậu nhẹ.
Công nhận: ~50m².

Kết cấu:
- Nhà 4 tầng bê tông cốt thép kiên cố.
- 5 phòng ngủ, 4 WC.
- Phòng khách rộng, bếp thoáng.
- Ban công lớn thích hợp làm BBQ, chill cuối tuần.
- Hoàn công đầy đủ.

Vị trí cực kỳ tiện lợi:
- Gần ga tàu Gò Vấp.
- Gần PCCC Nguyễn Văn Đậu.
- Gần trường học: Yên Thế, Nguyễn Văn Bé.
- Gần chợ Cây Thị, chợ Hoàng Hoa Thám.
- Gần Công an phường khu an ninh tốt.

Hẻm:
- Hẻm 3m, cách hẻm nhựa xe tải chỉ vài bước.
- Khu dân cư hiện hữu, yên tĩnh.

Điểm nổi bật:
Không dính lộ giới.
Nhà đẹp vào ở ngay.
Phù hợp ở gia đình hoặc khai thác cho thuê.

Liên hệ ngay để xem nhà và thương lượng trực tiếp.

Trọng Nghĩa:
0909 162 ***
- Chuyên nhà phố Bình Thạnh, Phú Nhuận...",,,,,,1,0,0,0,0
https://batdongsan.com.vn/ban-nha-mat-pho-duong-nguyen-trong-tuyen-phuong-10-9-68/mt-ngay-van-troi-81m2-5-5x15-3-tang-sieu-vi-tri-kinh-doanh-tot-pr45189911,"- DT 81.3m² (5.5x15).
- KC 1T 2L căn góc rất đẹp tiện kinh doanh đa ngành.
- Vị trí đẹp nhất đường sát Nguyễn Văn Trỗi.
- Sổ hồng riêng, hoàn công đủ.
------------
* Gọi hoặc inbox zalo ngay:
0777 088 ***
- Tuấn Nhà Phố.
- Nhận ký gửi - mua bán nhà đất - dịch vụ pháp lý, tài chính.",,,,,,1,1,1,1,1
https://batdongsan.com.vn/ban-nha-mat-pho-thi-tran-hoc-mon/tien-le-ri-vua-o-vua-kinh-doanh-64m2-ngay-trung-tam-benh-vien-dong-tien-8tr-t-pr45677825,"Nhà mặt tiền Lê Thị Ri vừa ở vừa kinh doanh - 64m² - ngay trung tâm, bệnh viện Hóc Môn - dòng tiền ổn định 8tr/tháng - chỉ 4.8 tỷ TL.
Vị trí vàng trung tâm Hóc Môn ngay khu sầm uất, gần bệnh viện Hóc Môn, chợ Hóc Môn, trục đường lớn Bà Triệu Quang Trung.
+ Thông tin chi tiết:
Diện tích: 4,2 x 15m, khu dân cư hiện hữu.
- Hiện trạng: Nhà cấp 4, 2 phòng ngủ, ô tô ngủ trong nhà, nhà còn mới vào ở ngay. Đang cho thuê 8 triệu/tháng.
- Tiện ích: Gần chợ Hóc Môn, trung tâm văn hóa, bệnh viện, tiện ích đầy đủ.
- Sổ hồng riêng, Chủ đang vay ngân hàng.
- Giá: 4.8 tỷ thương lượng.
- Quý anh chị quan tâm liên hệ em Luật Nhà Phố.
- Điện thoại /Zalo:
0903 718 ***
.",,,,,,0,1,1,1,0
https://batdongsan.com.vn/ban-nha-mat-pho-duong-tran-thi-do-phuong-hiep-thanh-3-64/tien-q12-74m2-kinh-doanh-inh-sat-cho-ang-thu-nhap-10-5tr-th-chi-4-8-ty-tl-pr45442197,"Siêu phẩm mặt tiền Trần Thị Do - lô góc thoáng mát - dòng tiền sẵn 10.5 triệu/tháng.

Cơ hội hiếm có để sở hữu nhà mặt tiền đường nhựa 12m ngay trung tâm Hiệp Thành, Quận 12. Vị trí ""vàng"" sát bên Chợ Giản Dân, cực kỳ sầm uất, thuận tiện kinh doanh đa ngành nghề.

Thông tin chi tiết:
- Địa chỉ: Đường Trần Thị Do, P. Hiệp Thành, Quận 12.
- Kích thước: 3.7m x 20m. CN 34m².
- Giá bán: 4,8 tỷ TL (giá cực tốt cho nhà mặt tiền kinh doanh).

Phân tích chuyên sâu.

- Vị trí kinh doanh đắc địa: Mặt tiền đường nhựa 12m (Trần Thị Do - HT19), ngay sát chợ Giản Dân, siêu thị, ngân hàng và hệ thống trường học liên cấp. Phù hợp mở tiệm thuốc tây, spa, salon tóc hoặc văn phòng công ty.

- Lợi thế lô góc 2 mặt thoáng: Nhà lô góc nên cực kỳ thông thoáng, đón ánh sáng tự nhiên. Xe hơi ngủ trong nhà thoải mái, giao thông cực kỳ thuận tiện.

- Công năng kép - dòng tiền ổn định: Gồm 1 căn trệt lửng mới tinh phía trước và 1 căn trệt lầu phía sau. Đang cho thuê thu nhập sẵn 10.5 triệu/tháng vừa giữ tài sản vừa có lãi hàng tháng.

- Pháp lý chuẩn chỉnh: Sổ hồng riêng chính chủ, pháp lý sạch, công chứng ngay trong ngày. Hỗ trợ vay ngân hàng cho khách có nhu cầu.",,,,,,0,1,1,1,0
https://batdongsan.com.vn/ban-nha-rieng-duong-so-25-phuong-hiep-binh-chanh-71/chu-can-ban-ep-uong-25-khu-ben-song-6-8x17-gan-gigamall-pham-van-ong-shr-pr45415908,"Bán nhà khu vip bên sông đường 25 Phạm Văn Đồng, Hiệp Bình Chánh, Thủ Đức.

Vị trí: Đường 25 khu bên sông - Hiệp Bình Chánh - Thủ Đức.
- Diện tích: 6.8x17m (DTSD 379.76m²).
Giá: 17,6 tỷ TL.
- Kết cấu: 1 trệt + 2 lầu + áp mái (4PN, 5WC, sân thượng, phòng thờ, bếp).
- Hướng: Đông Nam.
- Đường trước nhà 12m xe hơi tránh nhau.
- Vị trí đẹp, ngay khu biệt thự đường của đường 25, sát bên sông Sài Gòn, thoáng mát.
Làm việc trực tiếp chủ đươc giá tốt.

Liên hệ em
0931 889 ***
hỗ trợ anh chị xem nhà và sổ thực tế.",,,,,,0,1,1,1,1
https://batdongsan.com.vn/ban-nha-rieng-duong-huynh-tan-phat-thi-tran-nha-be-76/sieu-pham-4-tang-mat-tien-uong-8m-khu-dan-cu-cao-cap-gan-q7-pr45579042,"Nhà 3 lầu xây dựng mới khu dân cư cao cấp, đường Huỳnh Tấn Phát - Thị Trấn Nhà Bè - xe hơi đậu trong nhà.

Đường trải nhựa 8m - Khu dân trí cao - Khu vực an ninh - Xung quanh đầy đủ tiện ích - Cách Q7 Chỉ 1.5km.

- DT: 4.2m x 16m.
- Kết cấu: 1 Trệt - 2 Lầu - Sân thượng - Phòng thờ - 4PN - 5WC - Gara xe hơi đậu trong nhà - Trang bị full nội thất cao cấp.
- Pháp lý: Sổ hồng riêng. Hoàn công. Hỗ trợ vay ngân hàng.

Liên hệ:
0938 266 ***
Hải - Gặp và làm việc chính chủ.

Thông tin hình ảnh về ngôi nhà chuẩn 100% nói kg với tin đăng ảo.
Cảm ơn anh chị đã xem tin.

Nhận ký gửi mua bán nhà đất. Tìm nhà theo yêu cầu. Khu vực Q7 - Nhà Bè.",,,,,,0,1,1,1,0
https://batdongsan.com.vn/ban-nha-rieng-duong-hau-giang-phuong-11-3-58/ban-can-goc-4-tang-quan-6-sat-mat-tien-55-8m-4pn-so-moi-2025-o-ngay-6-5-ty-pr45629142,"* Vị trí cực phẩm: Hẻm ba gác thông thoáng, cách mặt tiền Hậu Giang sầm uất chỉ 10m
Không gian ""chữa lành"": Lợi thế căn góc hai mặt tiền hẻm hiếm có, hưởng trọn gió lộng mát mẻ từ trục kênh Lò Gốm.

*Thông số vàng, công năng hoàn hảo
Diện tích: 55.8m² (ngang 3.5m x dài 16m), cực kỳ vuông vức.
Kết cấu: 1 trệt, 3 lầu đúc BTCT kiên cố., có 4 P.Ngủ lớn, 3 WC, Khách và Bếp rộng rãi.
Thiết kế: Tận dụng tối đa lợi thế căn góc, giếng trời và sân thượng trước sau giúp nhà luôn ngập tràn ánh sáng tự nhiên, đập tan mọi nỗi lo nhà hẻm bí bách.
Nhà cực mới và đầm chắc, xách vali dọn vào ở ngay, không tốn thêm một đồng sửa chữa.

* Sống tiện nghi, pháp lý an tâm tuyệt đối
Tiện ích bủa vây: Khu dân cư văn minh, vài phút di chuyển tới Chợ Bình Tây, Co.opmart, BV Chợ Rẫy, ĐH Y Dược và trường điểm THPT Mạc Đĩnh Chi.

* Pháp lý: Sổ hồng riêng mới tinh vừa ra lò năm 2025, hoàn công đầy đủ diện tích.

* Giá chào: 6,5 tỷ (TL với Khách thiện chí)
Liên hệ ngay Mr. Brook -
0913 201 ***
(Hữu Hiệp) để xem nhà thực tế và nhận giá tốt nhất!

Tổ ấm lý tưởng, an cư bền vững đang chờ đợi gia đình mình. Đừng để lỡ mất ""deal"" ngon này!",,,,,,0,1,1,1,0
https://batdongsan.com.vn/ban-nha-rieng-duong-thich-quang-duc-phuong-5-16-68/55m2-ngang-4m-so-no-hau-hem-oto-thong-uc-pr45651775,"Nhà 55m², ngang 4m, sổ vuông nở hậu tài lộc - hẻm oto thông - oto vào nhà Thích Quảng Đức.

- Diện tích: 55m², sổ vuông đẹp, nở hậu tài lộc.
- Kết cấu: 2 tầng rộng rãi thoáng mát, phòng khách lớn có thể làm văn phòng, kinh doanh tại nhà, bếp sẵn nội thất hiện đại, 3 phòng ngủ sẵn nội thât mới hiện đại, phòng nào cũng có bancon đón gió và nắng tăng cường sinh khí cho ngôi nhà!
* Vị trí vừa ở vừa kinh doanh rất thuận lợi, oto đỗ cửa vào nhà thoải mái.
* Phù hợp mua ở hoặc cho thuê giữ tiền. Sau này có thể xây dựng mới, khu vực xây dựng cao tầng.
Giá chào bán: 9.8 tỷ còn thương lượng (~178tr/m²).

0788 788 ***
(em Long).
Tiktok: Longhouse.
Nhà thật - giá tốt - pháp lý chuẩn.",,,,,,1,0,0,0,0
https://batdongsan.com.vn/ban-nha-rieng-duong-phan-huy-ich-phuong-15-8-69/hxh-3-tam-3pn-3wc-ke-ben-emart-xe-oto-o-cua-gan-cho-bao-ngoc-pr45600215,"- Kết cấu: 1 trệt 2 lầu + sân thượng, hoàn công đủ.
- Gồm: 3 phòng ngủ cực rộng (có phòng ngủ dưới trệt), 3WC khép kín, sân phơi, sân thượng, phòng thờ. Có khoảng sân rộng đậu xe thoải mái.
- Gần Emart, 200m ra Trường Chinh, gần chợ Bảo Ngọc.
- Khu dân cư mới Huỳnh Văn Nghệ.",,,,,,1,1,0,0,0
https://batdongsan.com.vn/ban-nha-rieng-duong-bui-vien-phuong-pham-ngu-lao-1-53/ban-goc-2-mat-thoang-pho-quan-1-dong-tien-20tr-th-3-tang-moi-dep-full-noi-that-pr44808126,"Bán nhà góc 2 mặt thoáng phố Bùi Viện Quận 1, dòng tiền 20tr/th, 3 tầng nhà mới đẹp full nội thất.
--
Vị trí đắc địa:
Trung tâm Phố Tây 183 Bùi Viện P. Bến Thành mới Q. 1, khu du lịch sầm uất bậc nhất TP. HCM.
Căn góc 2 mặt hẻm thông, cực thoáng, phù hợp lưu trú kinh doanh dịch vụ.
Khu vực tập trung khách Tây, nhu cầu Airbnb Homestay CHDV Bar mini rất cao.

Dòng tiền hấp dẫn:
Đang cho thuê nguyên căn 20 triệu/tháng, hợp đồng dài hạn.
Tăng giá thuê 5% mỗi năm.
Tự khai thác Airbnb/Homestay doanh thu ~60 triệu/tháng.
DT 25,2m².
Giá 8.45 tỷ.
----
Liên hệ:
0903 717 ***
để sở hữu nhà này.",,,,,,0,1,1,1,1
https://batdongsan.com.vn/ban-nha-mat-pho-duong-so-2-cu-xa-lu-gia-phuong-15-4-63/ban-can-goc-uong-2-14x22-329m2-88-bot-loc-pr45729033,"Góc 2 mặt tiền Cư Xá Lữ Gia, Q11.

Vị trí cực đẹp: Đường số 2 Cư xá Lữ Gia, P. 15, Quận 11.
Ngay trục Lý Thường Kiệt, sát bên Đại học Bách Khoa TP. HCM.
Khu dân cư trí thức, yên tĩnh, an ninh cao.

Thông tin chi tiết:

Diện tích: 14m x 22m.
Công nhận: 329m².
Kết cấu: Biệt thự sang trọng.
Đặc biệt: Góc 2 mặt tiền cực thoáng hiếm có khu Lữ Gia.

Ưu điểm nổi bật:
Khu vực toàn biệt thự dân trí cao.
Phù hợp: Ở, làm văn phòng, showroom, hoặc đầu tư giữ tài sản.
Giá trị tăng trưởng ổn định theo khu vực trung tâm.

Giá bán: 88 tỷ (thương lượng chính chủ).",,,,,,0,1,1,1,1
https://batdongsan.com.vn/ban-nha-rieng-duong-huynh-tan-phat-phuong-phu-my-9-59/2-tang-dien-tich-to-ung-75m2-q7-canh-hung-pr45695301,"Nhà 2 Tầng Diện Tích To Đùng 75m² Huỳnh Tấn Phát Q7 - Cạnh Phú Mỹ Hưng

- Vị trí thuộc khu dân cư hiện hữu, Cách đường chính chỉ 90m, Cạnh Phú Mỹ Hưng

- Diện tích đất 75m² - 1 Trệt - 1 Lầu - 2PN - 2WC - Sân để xe rộng rãi
- Pháp lý: Sổ hồng riêng. Hỗ trợ vay ngân
- Giá: 4 Tỷ 390 - TL

Liên hế:
0938 266 ***
Hải

Thông tin hình ảnh về ngôi nhà chuẩn 100% nói kg với tin đăng ảo.
Cảm ơn anh chị đã xem tin.

Nhận Ký Gửi Mua Bán Nhà Đất. Tìm Nhà Theo Yêu Cầu. Khu Vực Q7 - Nhà Bè.",,,,,,0,1,1,1,1
https://batdongsan.com.vn/ban-nha-rieng-duong-lac-long-quan-phuong-8-14/4-tang-ngang-6m-hiem-67m-full-noi-that-gia-8-7-ty-pr45681658,"Nhà 4 tầng Lạc Long Quân ngang 6m full nội thất chỉ 8.68 tỷ.
Nhà rộng ngang hiếm full nội thất phù hợp gia đình ở ngay hoặc khai thác tốt.

Diện tích: 67m² (cn 64.1m², ngang 6m).
DTSD: ~200m (1 trệt 2 lầu + sân thượng).
Kết cấu: 4 tầng kiên cố.
4 phòng ngủ.
4 WC.
Sân thượng + không gian thoáng.

Ưu điểm nổi bật:
Ngang 6m hiếm không gian cực rộng, dễ bố trí.
Nhà mới full nội thất, vào ở ngay.
Hẻm 4m thông di chuyển thuận tiện.
Phù hợp ở gia đình đông người hoặc khai thác cho thuê.

Tiện ích xung quanh:
Gần chợ Tân Bình, trường học các cấp.
Khu dân cư hiện hữu đầy đủ dịch vụ.
Di chuyển nhanh Quận 10, Quận 11.

Pháp lý: Sổ hồng riêng 2026 hoàn công đầy đủ.
Giá bán: 8.68 tỷ (thương lượng).
Liên hệ xem nhà ngang lớn hiếm, full nội thất, dễ mua dễ khai thác.
Alô Huy Nhà Thật xem ngay.
0984 295 ***
.",,,,,,1,1,1,1,1
https://batdongsan.com.vn/ban-nha-mat-pho-duong-le-thi-hong-gam-phuong-cau-ong-lanh-53/sieu-pham-ben-thanh-tien-143-quan-1-5-lau-thang-may-gia-32-ty-pr45415031,"Siêu phẩm mặt tiền 143 Lê Thị Hồng Gấm (Phường Bến Thành mới), vị trí kim cương giữa trung tâm Quận 1.

- Vị trí kim cương hiếm có trên thị trường.
Chỉ cần bước 500m là chạm vào trái tim Sài Gòn: Chợ Bến Thành Ga Metro trung tâm Bến Thành, Takashimaya Saigon Centre Vincom.
- Thông tin tài sản.
Diện tích thực tế: 4 x 11m. DTCN 38.6m².
Kết cấu: Trệt + 4 lầu + sân thượng, kiến trúc hiện đại.
Trang bị: Thang máy lồng kính cao cấp, nội thất hoàn thiện.
Tình trạng: Nhà mới 100%, đã hoàn công.
- Giá bán: 32 tỷ còn thương lượng.
* Liên hệ:
0919 274 ***
Thiên Vũ.",,,,,,0,1,1,1,1
https://batdongsan.com.vn/ban-nha-mat-pho-pho-ly-thuong-kiet-phuong-7-7-62/ban-tien-26-ngay-bv-cho-ray-dt-4-x-17m-tret-5-lau-st-quan-10-gia-33-ty-pr45693037,"Bán nhà mặt tiền 26 Lý Thường Kiệt, Phường 7, Quận 10 tuyến đường kinh doanh sầm uất bậc nhất trung tâm!

- DT: 4m x 17m tổng diện tích sử dụng 64m².

- Kết cấu: 1 trệt, 5 lầu, 1 sân thượng. Nhà được 8 phòng, 6 vệ nhà vệ sinh, 1 phòng tắm lớn có bồn tắm nằm, 1 phòng xông hơi, 1 phòng thờ, phòng giặt đồ, sân thượng trước đang làm sân vườn trồng cây.

- Nhà đã hoàn công đầy đủ, tổng diện tích sàn 360m².

- Nhà đang mở spa, kinh doanh có thu nhập 100 triệu/tháng.

- Đặc điểm: Nhà sắt bênh bệnh viện Hùng Vương, đại học Y Dược, Phạm Ngọc Thạch, cách vài căn đến siêu thị Coop Mart, sát bên trung tâm thương mại Hùng Vương, đối diện ngân hàng.

- Giá: 33 tỷ còn thương lượng.

* Liên hệ:
0919 274 ***
Thiên Vũ.",,,,,,0,1,1,1,0
https://batdongsan.com.vn/ban-nha-rieng-duong-tinh-lo-10-phuong-binh-tri-dong-b-65/ban-tai-uong-10-4-2-ty-54m2-view-ep-gia-sieu-hoi-pr45706058,"Nhà riêng tại đường Tỉnh Lộ 10, Phường An Lạc, Hồ Chí Minh (cũ: Quận Bình Tân, Hồ Chí Minh) với diện tích 54m², 1 tầng, 2PN, 2WC, pháp lý đầy đủ.
Mặt tiền 3.8m, ngõ vào rộng 6m, thuận tiện cho xe hơi ra vào.
Phong thủy tốt, phù hợp cho gia đình.
Giá bán 4,2 tỷ VND, cơ hội đầu tư hấp dẫn.

Cách trường học 1km, cách chợ/siêu thị 1km, cách công viên 2km.

Liên hệ ngay
0934 022 ***
với Trần Thiên Phú để biết thêm chi tiết.",,,,,,1,0,0,1,0
https://batdongsan.com.vn/ban-nha-rieng-duong-truong-chinh-phuong-13-10-69/3-tang-can-goc-hem-xe-hoi-thong-gan-san-bay-p13-tan-binh-pr42585581,"Bán nhà gần sân bay Tân Sơn Nhất, đầu đường vào ga T3, căn góc, kinh doanh đa ngành nghề.

Vị trí đắc địa: Trường Chinh, P. 13, Q. Tân Bình. Khu kinh doanh sầm uất, tiềm năng tăng giá mạnh.

Diện tích: Rộng 4 * dài 18m 67.1m².

Kết cấu đẹp: 1 trệt, 2 lầu, ban công rộng rãi, 4PN, 3WC, bếp, mặt bằng kinh doanh đa ngành nghề.
Tiềm năng đầu tư: Tương lai mở đường 60m, vị trí vàng cho kinh doanh & tích lũy tài sản!
Sổ hồng riêng pháp lý chuẩn công chứng ngay.
9,5 tỷ, TL.
Liên hệ:
0853 771 ***
em Hoàng tư vấn và mở cửa xem nhà ngay nhé.
Cảm ơn anh / chị đã xem tin.",,,,,,1,0,0,0,0
https://batdongsan.com.vn/ban-nha-rieng-phuong-cat-lai/ep-5-tang-60m2-5pn-6wc-can-goc-thoang-o-to-au-trong-chi-9-x-ty-pr45316321,"* Nhà 5 tầng 84m² 5PN, 6WC, căn góc thoáng, ô tô thông cách Nguyễn Thị Định 400m.

- Diện tích: 4.3 x 20m 84m².
- Xây 5 tầng: 1 trệt, lửng 2 lầu, tum sân thượng, ô tô đậu trong nhà.
- Kết cấu: Gồm PN master rộng rãi khép kín, 6 WC.
- Mặt tiền đẹp, nhà mới tinh. Chính chủ xây dựng tâm huyết để ở, BTCT kiên cố - chắc chắn - bền bỉ, từng chi tiết đều chăm chút.
- Vị trí ngay tại Cát Lái thông Nguyễn Thị Định, Lê Văn Thịnh. Thuận tiện di chuyển.
- Sổ đẹp, hoàn công chuẩn, công chứng ngay.

* Giá 8.48 tỷ (thương lượng).
0906 666 ***
.",,,,,,1,0,0,1,1
https://batdongsan.com.vn/ban-nha-rieng-pho-dang-dung-phuong-tan-dinh-2-53/hem-oto-quan-1-ngang-9-6m-khu-hiem-ban-phu-hop-o-gia-18-ty-pr45007591,"Nhà HXH trung tâm Quận 1 ở ổn định - giữ dòng tiền tài sản trung tâm.

- Vị trí: Đặng Dung, Phường Tân Định, Quận 1.
Hẻm xe hơi, hẻm nội bộ yên tĩnh, dân cư ổn định.

Diện tích đất: 43.5m², ngang 9.6m hiếm.
Có sân đang sử dụng ~14m (ngoài sổ) tạo không gian thoáng mát.

Kết cấu: Trệt + 2 lầu.
Công năng: 3 phòng ngủ 3 WC.
Phù hợp gia đình ở lâu dài, có thể vừa ở vừa làm việc tại nhà.

- Khai thác:
Hiện đang cho thuê ~300 triệu/năm.
Khách mua có thể tiếp tục cho thuê hoặc ở ngay, dòng tiền ổn định.

- Pháp lý sạch, sổ hồng riêng mua bán nhanh gọn.

Giá trị mang lại:
Trung tâm Quận 1 nhưng không ồn ào.
Ngang lớn, dễ cải tạo nâng cấp khi cần.
Ở ổn định giữ tiền có sẵn dòng tiền.
Phù hợp khách gia đình, chuyên gia, người giữ tài sản.

Liên hệ: Hà Phiếu -
0382 794 ***
(call / Zalo) để được tư vấn, xem thực tế và chốt nhà ưng giá tốt.",,,,,,1,0,0,0,0
https://batdongsan.com.vn/ban-nha-rieng-duong-dien-bien-phu-phuong-17-1-66/hot-hot-60-m2-gia-dinh-moi-ngay-q1-ngang-khung-6m-rat-hiem-pr43691212,"Hot Hot! 60 m² Điện Biên Phủ Phường Gia Định (mới) Ngay Q1 ngang khủng 6m rất hiếm.
Đẹp nhất thế gian.
Vị trí: Đường Điện Biên Phủ ngay vòng xoay MacDonal sầm uất.
- Di chuyển vào các quận trung tâm cực kì tiện lợi khi cách Quận 1 chỉ 100m.
- Diện tích đẹp 60 m² ngang đẹp & khủng tận 6m.
- Thổ cư 100% - sổ đẹp & nở hậu.
- DT thự 60m² - CN: 52,3m².
- Khu dân cư an ninh & yên tĩnh.
- Đặt biệt vừa ở vừa cho thuê, mỗi tháng có dòng tiền đều đặn.
- Xung quanh là chợ Phan Văn Hâm - Trường Cấp 2 - 3 Phan Chu Trinh không thiếu 1 thứ gì.
LH E Tùng để đi xem gấp.",,,,,,0,1,0,1,0
https://batdongsan.com.vn/ban-nha-rieng-duong-to-hien-thanh-phuong-14-5-62/mat-tien-hem-kinh-doanh-sat-cu-xa-ong-tien-thai-5tang-gia-11-ty-pr45681518,"Mặt tiền hẻm kinh doanh - sát cư xá Đồng Tiến Thành Thái - 5 tầng - giá 11 tỷ.
6018 - hẻm 10m, thông Tô Hiến Thành, Thành Thái, gần trường Đại Học Hoa Sen, Đại Học Bách Khoa, Trường Quốc Tế Á Châu, Bệnh Viện 115, Siêu Thị Trung Tâm Thương Mại... Khu sầm uất trung tâm, không thiếu thứ gì.
Ngang 6,1m DT 24m² x 5 tầng BTCT kiên cố, 4PN, 5WC.
Pháp lý: Sổ hồng riêng - sẵn.
Liên hệ:
0901 187 ***
Ninh Huệ, hỗ trợ gặp chính chủ đàm phán.",,,,,,1,1,1,1,1
https://batdongsan.com.vn/ban-nha-rieng-duong-huynh-tan-phat-phuong-phu-thuan-3-59/3-tang-full-noi-that-ngang-6m-q7-canh-my-hung-pr45728174,"Nhà 3 tầng full nội thất ngang 6m Huỳnh Tấn Phát Q7 - Cạnh Phú Mỹ Hưng.

- Khu dân cư hiện hữu, hẻm 3.5m mới nâng sạch đẹp, Sát MT đường chính thuận tiện di chuyển.

- DT: 6m x 7m - DTCN 40.5m² - DTSD 110m².
- Cấu trúc: Trệt - 2 lầu - 4PN - 3WC - Thiết kế hiện đại - Full nội thất cao cấp.
- Pháp lý: Sổ hồng riêng. Hoàn công đầy đủ.
- Giá: 6 tỷ 800 - Thương lượng.

Liên hệ:
0938 266 ***
Hải.

Thông tin hình ảnh về ngôi nhà chuẩn 100% nói kg với tin đăng ảo.
Cảm ơn anh chị đã xem tin.

Nhận ký gửi mua bán nhà đất. Tìm nhà theo yêu cầu. Khu vực Q7 - Nhà Bè.",,,,,,1,1,1,1,1
https://batdongsan.com.vn/ban-nha-rieng-phuong-tan-hung-14/ep-khu-biet-thu-kieu-am-5-tang-shr2025-hoan-cong-chuan-chi-9-ty-nhinh-pr45156037,"Nhà mới - khu Kiều Đàm - Giáp Lotte Mart, KDC Him Lam - Khu vực hiếm nhà bán - Giá tốt.
- Kết cấu: 1 trệt 3 lầu, sân thượng. Gồm: 5 phòng ngủ, 6 vệ sinh khép kín, sân thượng, phòng thờ, giếng trời.
- Hẻm tải tránh, ô tô bỏ trong nhà, thẳng 1 trục.
- Pháp lý: Sổ hồng chính chủ 2025, hoàn công đầy đủ.",,,,,,1,1,1,1,1
https://batdongsan.com.vn/ban-nha-rieng-phuong-phu-tho-hoa/ban-tan-hem-xe-hoi-phap-ly-chuan-vuon-lai-4x10-40m2-5-49t-tl-pr45748980,"- Vị trí cách 1 căn ra hẻm xe tải tránh.
- Nhà 2 tầng còn cứng cáp chỉ cần sơn sửa nhẹ có thể ở được ngay hoặc xây mới theo ý thích.
- Hướng Đông Nam.
- Hẻm xe tải tới nhà.
- Khu vực dân trí.
- Sổ hồng riêng, pháp lý chuẩn.
Kết nối nhanh Lê Văn Phan - Vườn Lài - Lũy Bán Bích - Phú Thọ Hòa - Lê Thúc Hoạch - Tân Hương - Âu Cơ.
Trung Tâm Quận Tân Phú cũ di chuyển nhanh qua Tân Bình - Quận 6.
Cách ủy ban Tân Phú 400m.
Giá chào 5,49tỷ(TL).
Liên Hệ Hiếu Lô Góc:
0971 393 ***
xem nhà gặp chính chủ thương lượng.",,,,,,1,0,0,0,0
https://batdongsan.com.vn/ban-nha-rieng-duong-tran-khac-chan-phuong-tan-dinh-2-53/villa-pho-be-ngang-14m-hem-sang-8m-quan-1-14mx20m-villa-ham-5-tang-ho-boi-360-o-pr45665587,"Đẳng cấp thượng lưu - Villa Phố - Hẻm Sang 8m - Đường Trần Khắc Chân, Phường Tân Định, Quận 1.

Đây là một căn Villa Phố đẹp, lộng lẫy, nguy nga, tráng lệ còn sót lại, núp trong hẻm sang, sạch sẽ, dân trí cao, ko hàng hàng quán cóc.

Chiều ngang bề thế 14m x 20m. Kết cấu: Hầm + 5 tầng + sân thượng. DTCN: 263,5m². DTS hơn 1000m². Hồ bơi vô cực.

Cam kết làm việc chính chủ tài sản.

Giá: 115 tỷ về 85 tỷ còn TL - Mong gặp Anh/Chị thực sự quân tâm.

Liên hệ:
0917 750 ***
gặp Thuận Lê I Bighouses + Làm việc trưc tiếp chủ tài sản.",,,,,,1,0,0,0,0
https://batdongsan.com.vn/ban-nha-mat-pho-duong-nguyen-kiem-phuong-4-19-68/tien-120m2-re-nhat-phu-nhuan-mt-ngang-to-4-5x23m-kc-2-tang-22ty-ha-ve-16-8ty-pr45504643,"+ Mặt tiền giá rẻ nhất đường Nguyễn Kiệm, Phường 4, Quận Phú Nhuận, khuôn đất vuông vức, 2 mặt tiền trước sau.

+ Diện tích (4,5 x 23m) - DTCN: 113,8m².

+ Hiện trạng: Nhà cũ 2 tầng - tiện sửa chữa hoặc xây mới theo ý.

+ Vị trí đất trung tâm, đầy đủ tất cả tiện ích, gần ngã tư Phú Nhuận, 10p ra SB TSN,...

+ Liên hê:
0917 750 ***
gặp Thuận Lê I Bighouses - Chuyên BĐS trung tâm giá tốt.",,,,,,0,1,1,1,1
https://batdongsan.com.vn/ban-nha-mat-pho-phuong-tan-quy/tien-kinh-doanh-ngang-5m-hiem-khong-co-can-thu-2-pr45675540,"Mặt tiền kinh doanh Tân Quy, ngang 5m hiếm, không có căn thứ 2.

- Giá: 20.2 tỷ (thương lượng mạnh).

- Vị trí vàng:
Mặt tiền khu Tân Quy Quận 7.
Cách Lotte Mart Quận 7 chỉ ~500m.
Kết nối cực nhanh: Nguyễn Thị Thập Nguyễn Hữu Thọ Lê Văn Lương Bế Văn Cấm.
Chỉ 2 phút qua Quận 4 (cầu Kênh Tẻ), 10 phút đến Quận 1.

- Diện tích: 80.9m².

- Kết cấu:
Nhà 4 tầng mới, xây dựng kiên cố thiết kế hiện đại.
Phù hợp vừa ở vừa kinh doanh, mở văn phòng, spa, showroom.

- Ưu điểm nổi bật:
Ngang 5m cực hiếm tại khu Tân Quy.
Đường rộng, vỉa hè thoáng kinh doanh đa ngành nghề.
Khu dân cư đông đúc, sầm uất, giá trị tăng trưởng tốt.

- Pháp lý:
Sổ hồng riêng, hoàn công đầy đủ.
Công chứng nhanh gọn.

- Liên hệ:
0385 462 ***
.
Thành Tạp hoá BĐS.",,,,,,0,1,1,1,1
https://batdongsan.com.vn/ban-nha-biet-thu-lien-ke-duong-5-phuong-hiep-binh-phuoc-khu-do-thi-van-phuc-city/can-goc-2-mat-tien-k-t-ang-co-san-dong-tien-90tr-thang-pr45679195,"* Căn góc 2 mặt tiền KĐT Vạn Phúc City, đang có sẵn dòng tiền 90tr/tháng - Giá 35tỷ TL!
Nhà KĐT Vạn Phúc, Hiệp Bình Phước, Thủ Đức.
- Đối diện khu Trường học Quốc Tế, Bệnh viện Vạn Phúc. Ngay kế cổng chính Nguyễn Thị Nhung.

Khu kinh doanh sầm uất, đông người qua lại. Thích hợp mua vừa ở, vừa kinh doanh/ cho thuê sinh lời lâu dài ổn định!
- DT: 8x19m (139,5m²) - Nhà 5 tầng + lửng.

- Giá bán 35 tỷ còn thương lượng cho khách thiện chí mua nhanh!
* Liên hệ
0939 322 ***
để hẹn xem nhà và trao đổi thêm với chủ!",,,,,,0,1,1,1,1
https://batdongsan.com.vn/ban-nha-rieng-duong-dang-van-ngu-phuong-10-9-68/pho-biet-thu-3-lau-khu-noi-bo-le-sy-8x-23m-chi-35-8-ty-co-mac-ca-pr42806581,"Anh chị chủ nhà cần bán nhanh căn biệt thự nội khu ngay Lê Văn Sỹ - Đặng Văn Ngữ, Q. Phú nhuận. Khu sang trọng an ninh. Thông tin như sau:
- Diện tích: 8 x 23m công nhận: 175m².
- Hiện trạng: 3 lầu còn mới đẹp, xây dựng chắc chắn.
- Ngôi biệt thự toạ lạc tại trục đường Đặng Văn Ngữ giao Lê Văn Sỹ. Khu vực sang trọng, an ninh tuyệt đối. Cách sân bay Tân Sân Nhất chỉ 5p oto, đường vào nhà oto 6m trải nhựa. Khuôn viên sân chung 8m đậu oto thoải mái cá ngày lẫn đêm.
- Giá bán hiện tại từ: 39 tỷ hạ về 34.6tỷ còn thương lượng nhẹ cho khách.
- Liên hệ trực tiếp:
0909 567 ***
gặp e Đạt trao đổi trực tiếp chính chủ.",,,,,,0,1,1,1,0
https://batdongsan.com.vn/ban-nha-mat-pho-duong-to-ky-phuong-dong-hung-thuan-a-64/hiem-3-75-ty-2-tien-tien-15tr-thang-pr45477965,"Chủ ngộp ngân hàng gấp bán.
Nhà 2 mặt tiền đường Tô Ký, đang cho thuê 15tr/tháng.
- Vị trí: Mặt tiền đường Tô Ký, kết nối nhanh Gò Vấp, Nguyễn Ảnh Thủ, An Sương, kinh doanh khai thác đa ngành nghề.
- Diện tích: 4x8m. CN 31.9m².
- Kết cấu: Trệt 1 lầu 2PN, khách, bếp, WC.
- Sổ hồng riêng, hoàn công đủ.
- Giá bán: 3 tỷ 750 (thương lượng).

Liên hệ xem nhà và làm việc chính chủ.",,,,,,0,1,1,1,1
https://batdongsan.com.vn/ban-nha-rieng-duong-dien-bien-phu-phuong-15-5-66/vi-tri-sat-q-1-gia-re-hxh-uong-ien-p15-q-bt-4-6x32m-ctxd-7tang-chi-15-5ty-con-tl-pr45612265,"Vị trí đẹp, hiếm thấy, giá tốt nhất đường Điện Biên Phủ, Phường 15, Bình Thạnh - Sát bên P. Đakao, Quận 1.

* Diện tích: 4,6m x 32m; DTCN đủ: 130,3m² (Ko LG).
* Cách mặt tiền Điện Biên Phủ chỉ 100m.
* Vị trí thuận tiện di chuyển: Chỉ 5 phút di chuyển, Quận 1, 3, Phú Nhuận, sân bay chỉ 15 phút di chuyển.
* Phù hợp để ở hoặc cho thuê CHDV, kinh doanh shop, càfe, văn phòng,...
* CTXD: 7tầng + Mái che thang.

* Giá tốt nhất khu vực chỉ: 15,5 tỷ còn TL - Rất mong gặp Quý Khách thiện chí!

Liên hệ làm việc trực tiếp chính chủ qua sdt:
0917 750 ***
Thuận Lê I Bighouses.",,,,,,0,1,1,1,0
https://batdongsan.com.vn/ban-nha-rieng-phuong-tan-hung-14/3-tang-lo-goc-2-mat-tien-him-lam-quan-7-dt-70m2-chi-11-5-ty-pr44661735,"Nhà 3 tầng lô góc 2 mặt tiền ngay Him Lam quận 7 - DT thực tế 70m². DTCN 57m², 44m² ODT. Chỉ 11.5 tỷ.
Lợi thế vàng:
Nhà lô góc 2 mặt tiền, thoáng sáng tự nhiên cả ngày, cực kỳ thuận tiện kinh doanh đa ngành nghề: Spa, nail, shop thời trang, VP công ty, Café đều phù hợp.
Vị trí cách Hoàng Trọng Mậu chỉ 3 bước chân, sát bên khu VIP Him Lam khu dân cư tri thức, an ninh chuẩn từng centimet.
Khu vực sầm uất, xe cộ qua lại đông, nhu cầu kinh doanh cực cao.
Kết cấu vững chắc:
1 trệt 2 lầu thiết kế hiện đại, tối ưu công năng.
Mặt bằng rộng rãi tiện mở cửa hàng.
Tầng trên gồm phòng ngủ, phòng sinh hoạt phù hợp vừa kinh doanh vừa ở.
Tiện ích xung quanh:
Gần Lotte Mart, Sunrise City, hệ thống trường học siêu thị café phòng gym.
Khu dân cư hiện hữu 100%, hẻm thông thoáng, xe hơi chạy vô tư.
Pháp lý:
Sổ hồng riêng, hoàn công đủ, công chứng ngay.
Giá chỉ: 11.5 tỷ giá tốt nhất khu vực lô góc gần Him Lam!
Ai tìm nhà vừa ở vừa kinh doanh Quận 7 thì đừng bỏ lỡ siêu phẩm này.

Liên hệ em Trang nhà đẹp xem nhà:
Cam kết thông tin thật dẫn khách mua thật.",,,,,,0,1,1,1,0
https://batdongsan.com.vn/ban-nha-mat-pho-duong-so-22-phuong-11-3-58/ban-khu-binh-phu-mt-uong-22-dt-4-x-19m-3-5-tam-12-5-ty-gan-st-mega-pr45695981,"+ Đường rộng thông thoáng đông đúc, cách công viên 50m, khu nhà cao tầng đồng bộ sang đẹp.
+ Khu dân cư đầy đủ tiện ích xung quanh, hệ thống các ngân hàng, trường học các cấp, siêu thị Mega, bệnh viện quốc tế, chuỗi quán ăn uống thương hiệu...
+ Anh Chủ nhà thiện chí bán.

- Vị trí: MT đường Số 22, khu Bình Phú, Phường 11, Quận 6.
- Diện tích: 4 x 19m.
- Kết cấu: 4.5 tấm.
Giá: 12.5 tỷ (thương lượng).

LH:
0911 394 ***
(Huy - Tín Hưng).
Giới thiệu, Phân tích, So sánh.
Anh Chị chọn bđs phù hợp nhu cầu, giá hợp lý so với thị trường.",,,,,,0,1,1,1,1
https://batdongsan.com.vn/ban-nha-rieng-duong-ba-hat-phuong-9-9-62/hem-gan-mt-dt-3-25mx13-8m-cn-41-9m2-san-3-25mx1m-tret-lau-lung-bt-gia-ban-5-1-ty-pr45707358,"Nhà bán gần MT đường Bà Hạt, phường Vườn Lài (P9 - Q10).

Gần hẻm ba gác thông thoáng.
- Diện tích công nhận: 41,9m² (3,25mx13,8m). Có thêm sân để xe riêng (3,25mx1m).
Trệt + lầu + lửng BT, gồm 5PN (1PN dưới trệt) + 2WC. Có giếng trời lấy sáng và gió.
- Nhà mới tinh vào ở liền, chủ tặng nội thất (máy lạnh, máy giặt, bếp).

Giá bán: 5,1 tỷ (thương lượng chủ).
- Chủ bán cho con du học.
Pháp lý: Sổ hồng mới 2025, sang tên ngay.
Gần Chợ Nhật Tảo, chung cư Ấn Quang, BV Nhi Đồng 1, siêu thị Sài Gòn, ĐH Kinh Tế,...
Xin MTG_QC.
Cảm ơn quý khách đã xem tin!",,,,,,0,1,1,1,1
https://batdongsan.com.vn/ban-nha-rieng-duong-thich-quang-duc-phuong-5-16-68/moi-5-tang-ngang-gan-6m-hiem-o-to-thong-gan-ubnd-p-uc-nhuan-chi-8-6-ty-pr45618984,"Nhà mới 5 tầng ngang khủng gần UBND P. Đức Nhuận TP HCM.
Vị trí: 56/ Thích Quảng Đức, phường Đức Nhuận.
Diện tích: 5.85 x 6.35m 29.7m²(ngang gần 6m hiếm).
Kết cấu: Trệt + lửng + 3 lầu.
Công năng: 4PN full nội thất dọn vào ở ngay.
Nhà mới đẹp, hoàn công đầy đủ.
Hẻm ô tô thông thoáng khu dân trí cao.
Pháp lý chuẩn sổ hồng riêng công chứng ngay.
Giá: 8.6 tỷ (còn thương lượng).
Liên hệ sđt / Zalo
0853 771 ***
gặp Hoàng để được tư vấn và xem nhà hoàn toàn miễn phí.",,,,,,0,1,1,1,1
https://batdongsan.com.vn/ban-nha-rieng-duong-cach-mang-thang-tam-phuong-13-5-62/quan-10-chi-hon-3-ty-hiem-ban-3-tang-san-thuong-28m2-ay-u-cong-nang-pr45240090,"- Vị trí: CMT8 Quận 10, cách trung tâm SG 5p đi xe.
- Diện tích: 28m², ngang 4.5m dài 7m.
- Kết cấu: 3 tầng, 1 trệt 1 lầu sân thượng, 2 phòng ngủ, 2 wc, phòng khách, bếp.
- Hẻm thông thoáng, hàng xóm thân thiện vui vẻ.
- Tiện ích: Gần công viên, ga xe lửa, chợ Hoà Hưng, siêu thị.
- Pháp lý chuẩn, hoàn công đầy đủ, công chứng mua bán trong ngày.
Chủ chào giá 3.9 tỷ.",,,,,,0,1,1,1,1
https://batdongsan.com.vn/ban-nha-rieng-duong-le-van-khuong-phuong-thoi-an-1-64/ban-xay-moi-4-5m-x15m-uc-4-tam-uong-7m-cach-50m-q12-pr45299036,"Đường Lê Văn Khương, P. Thới An, Q12 - 64m² - hẻm 6m.
Giá bán: 6tỷ950 triệu (còn bớt).
- Diện tích: 4,5m x 15m. 64m² CN 56m².
- Kết cấu nhà xây: 1 lửng 3 lầu, gồm gara xe rộng. 4PN, 5WC. Phòng thờ. Sân thượng trước sau.
- Hẻm nhựa xe tải 6m 1/ thẳng tắp ra Lê Văn Khương chỉ 70m. Ngay BX Buýt Thới An. Chợ Thới An.
Khu nhà lầu an ninh. Thích Vừa ở vừa làm VP công ty...
- Nhà xây mới nội thất bàn giao full.
- Pháp lý: Sổ hồng riêng. Đã hoàn công.
Liên hệ:
0902 683 ***
. Xem nhà.",,,,,,0,1,1,1,1
https://batdongsan.com.vn/ban-nha-rieng-duong-tran-phu-phuong-4-13-57/ban-can-goc-quan-5-ngang-5-1m-hiem-dong-tien-400tr-nam-sat-mat-tien-gia-9-29-ty-pr45400362,"Mr. Brook gửi anh/chị nhà đầu tư căn góc hiếm, hẻm Trần Phú, cách mặt tiền chỉ 10m, vị trí luôn kín khách thuê.

* Thông tin nhà.
DT thực tế: 66m² (5,1m x 13m), DT công nhận: 43,7m².
Trệt, 2 lầu, sân thượng, gồm: 7 P. Ngủ, 8WC, ban công thoáng.
Căn góc bốn phía thoáng, không chung tường.
Sổ hồng riêng, hoàn công đủ.

* Dòng tiền & giá trị:
Thu nhập sẵn ~400 triệu/năm (đang thuê khoán).
Suất sinh lời ~6%/năm, có thể tối ưu thêm.
Vị trí sát mặt tiền, dễ thanh khoản, giữ giá tốt.

* Tiện ích xung quanh: Gần ĐH Y Dược, ĐH Sài Gòn, ĐH Sư Phạm, Gần BV Chợ Rẫy, BV ĐH Y Dược, kế NowZone, Nguyễn Trãi, chợ Nhật Tảo, khu ẩm thực Nguyễn Tri Phương luôn đông khách.

* Tại sao nên đầu tư?
Ngang 5,1m hiếm + căn góc lợi thế tăng giá dài hạn.
Khu trung tâm Quận 5, nhu cầu thuê cực cao, ổn định.
Sản phẩm có sẵn dòng tiền giảm rủi ro, vào tiền là có thu nhập.
Phù hợp giữ tài sản + khai thác lâu dài.

* Giá chào 9,29 tỷ (thương lượng nhẹ).
Liên hệ
0909 061 ***
Hữu Hiệp - Mr. Brook xem nhà và chốt ""Deal ngon"" nhé!",,,,,,0,1,1,1,0
https://batdongsan.com.vn/ban-nha-rieng-duong-le-van-sy-phuong-11-9-68/chinh-chu-62m2-2-tang-2-mat-hem-7-x-ty-pr45542387,"Diện tích trên sổ 48m² diện tích sử dụng 64m².
Ngang 3.5m dài 17m công nhận đủ 48m² sở hữu hẻm bên hông hai mặt thoáng nhà vuông góc.
Kết cấu trệt + lầu + sân trước để xe, phòng khách - phòng bếp 2 phòng ngủ.
Mặt tiền 3.5m thoáng gần sát đường Lê Văn Sỹ.
Sổ hồng riêng chính chủ lâu đời sẵn sàng giao dịch nhanh.",,,,,,1,1,1,1,1
https://batdongsan.com.vn/ban-shophouse-nha-pho-thuong-mai-duong-song-hanh-phuong-an-phu-khu-do-thi-lakeview-city/ban-hang-hiem-re-hon-vuc-8-10-ty-mat-tien-lh-pr45528605,"* Shophouse mặt tiền Song Hành - căn hiếm giá tốt nhất khu vực.

- Mặt tiền đường Song Hành - trục kinh doanh sầm uất, nhận diện cực cao.
- Kết nối nhanh cao tốc, Thủ Thiêm, Quận 1 - dòng khách di chuyển liên tục.
- Liền kề Senturia An Phú, Palm City, Global City - sẵn cộng đồng cư dân & khách hàng cao cấp.

Khai thác đa dạng: Showroom, café, văn phòng, spa dòng tiền ổn định.
Nhà hiện hữu - vào vận hành ngay, không chờ đợi, không rủi ro.
Quỹ sản phẩm mặt tiền ngày càng khan hiếm - giữ tài sản cực tốt.

Giá chỉ 26,99 tỷ - thấp hơn khu vực 8 - 10 tỷ, biên độ tăng giá rõ ràng.

- Chọn căn này vì: Vị trí đẹp hơn - giá tốt hơn - khai thác ngay - an toàn hơn so với các dự án xung quanh.

* Liên hệ Mr Năng:
0911 738 ***
- xem nhà & chốt căn đẹp nhất!",,,,,,0,1,1,1,1
https://batdongsan.com.vn/ban-nha-rieng-duong-thanh-xuan-31-phuong-thanh-xuan-64/ban-gap-shr-1-xec-ngan-31-ngay-uy-ban-51-3m2-uong-5m-pr45528055,"E Long còn căn nhà 2 tầng 1 xẹc ngắn đường Thạnh Xuân 31, P. Thạnh Xuân, quận 12.
* Liên hệ em Long xem nhà:
0965 738 ***
.
* Diện tích: 51,3m², full thổ cư, không lộ giới.
* Thiết kế: Nhà 2 tầng chủ xây ở BTCT kiên cố.
* Đường 5m thông.
* Vị trí: Chỉ 1 xẹc ngắn đường Thạnh Xuân 31, cách mặt tiền TX31 50m, cách tuyến đường TX25 100M, sát bên chợ Thạnh Xuân, Uỷ ban Thạnh Xuân, thuận tiện để di chuyển qua Gò Vấp và sân bay.
* Tiện ích có trường học các cấp, siêu thị, chợ trong bán kính chỉ 200M.
* Khu dân cư khép kín rất an ninh và sạch sẽ.
* Cam kết sổ hồng riêng, hoàn công đầy đủ, pháp lý rõ ràng.
Gọi hoặc liên hệ em Long:
0965 738 ***
.",,,,,,1,0,0,1,1
https://batdongsan.com.vn/ban-nha-rieng-duong-ly-chinh-thang-phuong-vo-thi-sau-55/hxh-8m-8x18m-3-lau-khu-vuc-dep-ngay-hai-ba-trung-gia-35-ty-tl-pr44984569,"Bán nhà hẻm xe hơi đường Lý Chính Thắng Quận 3. Nhà vị trí đẹp, hẻm thông thoáng, nhà gần mặt tiền đường thuận tiện sử dụng để ở và khai thác kinh doanh nhiều loại hình dịch vụ.
Diện tích: 8 x 18m, nhà 3 lầu sân thượng.
Sổ hồng chính chủ thuận tiện mua bán sang tên.
Giá bán: 35 tỷ thương lượng.
Liên hệ:
0937 865 ***
Thanh Tùng để hỗ trợ xem nhà.
Nhận hỗ trợ ký gởi mua bán, tư vấn pháp lý nhà phố Quận trung tâm.",,,,,,0,1,1,1,0
https://batdongsan.com.vn/ban-nha-rieng-duong-bui-dinh-tuy-phuong-12-7-66/3-lau-cuc-hiem-2-mat-4-5x20m-gia-17-5-ty-hem-xe-tai-10m-ngay-inh-p12-binh-thanh-pr45722205,"- Bán nhà hẻm xe tải 10m gần mặt tiền, có 2 mặt trước sau cực hiếm nằm tại Bùi Đình Túy, P12, Bình Thạnh (nay là phường Bình Thạnh.
- DT: 4,5x20m, công nhận 90m², 2 mặt trước sau rộng rãi, hẻm trước nhà 10m, hẻm sau 5m.
- Kết cấu trệt 3 lầu đúc kiên cố với 4 phòng ngủ lớn và 4 toilet, có chỗ lắp thang máy, sân trước nhà để xe.
- Khu đồng bộ toàn nhà cao tầng, dân trí cao, an ninh, gần mặt tiền Bùi Đình Túy buôn bán sầm uất.
- Gía 17,5 tỷ thương lượng cho khách thiện chí.
- Anh chị xem nhà liên hệ Hoàng Phúc
0932 143 ***
và làm việc chính chủ.
- Sổ hoàn công đầy đủ, công chứng trong ngày.",,,,,,1,0,0,0,0
https://batdongsan.com.vn/ban-nha-biet-thu-lien-ke-duong-nguyen-chi-thanh-phuong-9-6-57/ban-8x20-3-tang-co-thang-may-moi-dep-32-5-ti-moi-dep-pr43714148,"Bán biệt thự Quận 5 đường Nguyễn Chí Thanh gần Nguyễn Tri Phương 8x20m 3 lầu giá chỉ 32,5 tỷ.
- Diện tích: 8x20m không lộ giới CN 149.9m².
- Kết cấu: 3 tầng BTCT nhà mới đẹp.
Vị trí: Hẻm vip nhất Quận 5, khu biệt thự cao cấp, khu an ninh dân trí cao, thích hợp cho khách mua ở, an cư lâu dài.
Hàng 8m cực hiếm không có căn so sánh.
Cần bán gấp giá ưu đãi chỉ 32.5 tỷ.
- Liên hệ làm việc chính chủ:
0902 757 ***
.
Hoàng Nguyên.
Cảm ơn Quý khách đã xem tin.",,,,,,1,1,1,1,1
https://batdongsan.com.vn/ban-nha-rieng-duong-pham-van-chieu-phuong-16-3-67/mat-tien-hem-thang-may-450kg-6-tang-be-the-gia-chi-9-95-ty-pr45427397,"Siêu phẩm 6 tầng thang máy - mặt tiền hẻm kinh doanh Phạm Văn Chiêu Gò Vấp.
Diện tích & Kết cấu: Đúc kiên cố 6 tầng (Trệt, lửng, 3 lầu, sân thượng). Thiết kế hiện đại, tối ưu diện tích.
Tiện ích đặc biệt: Trang bị Thang máy 450kg cao cấp, vận hành êm ái Giải pháp hoàn hảo cho gia đình có người lớn tuổi hoặc làm văn phòng công ty.
Công năng: 4 PN (có 2 phòng Master cực rộng), 5 WC, phòng khách sang trọng, bếp thoáng đãng.
Vị trí vàng: Phạm Văn Chiêu, P16, ngay sát Lê Văn Thọ. Hẻm thông, xe hơi tránh nhau, khu dân trí cao, kinh doanh sầm uất.
Pháp lý: Sổ hồng chính chủ, hoàn công đầy đủ, không lỗi phong thủy, không lộ giới.
Giá cực tốt: 9 tỷ 950 triệu (Thương lượng chính chủ).
Liên hệ ngay:
0962 374 ***
(Văn Sơn).",,,,,,1,0,0,1,0
https://batdongsan.com.vn/ban-nha-rieng-duong-cach-mang-thang-tam-phuong-11-1-55/ban-trung-quan-3-oi-dien-cho-hoa-hung-hem-1-truc-4-ty-7-pr45189411,"Bán nhà Quận 3, Cách Mạng Tháng 8, 20m ra mặt tiền.
Kết cấu 3 tầng, 2PN, 3WC phòng ngủ có ban công rất thoáng, nhà mới đẹp dọn vào ở ngay.
Hẻm 1 sẹc, dân cư đông đúc, nhộn nhịp vừa ở, vừa kinh doanh, đầu tư cho thuê làm tiệm nail, spa, phun xăm...
Vị trí trung tâm đối diện chợ Hòa Hưng, gần bệnh viện, trường học...
Trước nhà có dòng tiền 17tr/ tháng, hiện tại nhà đang trống thuận tiện việc xem nhà.
Giá 4 Tỷ 7 thương lượng. Chủ thiện chí bán.
Xem nhà chi tiết Em An
0937 254 ***
.",,,,,,1,1,0,1,1
https://batdongsan.com.vn/ban-nha-rieng-phuong-hiep-binh-chanh/khong-oi-thu-can-goc-ngang-7m-thang-may-4-tang-ben-song-hbc-ngay-cho-truong-hoc-pr45520915,"Siêu phẩm căn góc hiếm có 2 mặt tiền đường lớn vip nhất khu bên sông, Hiệp Bình Chánh, Thủ Đức.
- Vị trí đẹp, khu dân cư cao cấp ven sông, không gian thoáng mát, yên tĩnh, ngay chợ Hiệp Bình Chánh, trường tiểu học Hiệp Bình Chánh...
- Nhà góc 2 mặt tiền hiếm, thích hợp ở làm văn phòng công ty showroom đầu tư cho thuê.
- Thông tin chi tiết:
Diện tích đất: 106,5m² (ngang 7m).
Diện tích sử dụng: ~270m².
Kết cấu: 1 trệt 3 lầu.
Hiện trạng: Đang sử dụng làm văn phòng công ty.
Trang bị: Thang máy, gara ô tô.
Nhà xây kiên cố, thiết kế hiện đại, vào sử dụng ngay.

- Giá bán: 19 tỷ 500 (thương lượng giá tốt - anh chị thiện chí qua gặp nhanh nhé ạ).
- Anh chị còn chần chừ gì nữa, liên hệ / Zalo:
0939 189 ***
ngay gặp Tùng xem nhà và làm việc nhanh gọn với chủ ạ.
- Tư vấn đo đạc và các DV liên quan: Chuyển nhượng nhanh, hoàn công nhà, lập bản vẽ nội nghiệp, cấp mới / cấp đổi sổ, tách thửa chuyển mục đích sử dụng đất,..",,,,,,0,1,1,0,0
https://batdongsan.com.vn/ban-nha-mat-pho-phuong-linh-dong/sieu-pham-4-tang-tien-ngay-pham-van-ong-co-thang-may-hoan-cong-ay-u-pr45724310,"Nhà mặt tiền đường kinh doanh ngay chung cư 4S Linh Đông TP Thủ Đức - vị trí đẹp, giá tốt.

Chỉ cách Phạm Văn Đồng khoảng 100m, di chuyển sân bay Bình Thạnh trung tâm TP cực nhanh.

Thông tin căn nhà:
Diện tích: 5.5m x 20m (110m²).
Kết cấu: Trệt + 3 lầu kiên cố.
- Giá: 10,8 tỷ.
Đường trước nhà rộng 6m, xe hơi lưu thông thoải mái.
Phù hợp ở kết hợp mở văn phòng, kinh doanh, cho thuê.

Ưu điểm nổi bật:
Khu dân cư hiện hữu, an ninh.
Giao thông thuận tiện vào trung tâm thành phố.
Gần chợ, trường học, Gigamall, Phạm Văn Đồng.
Nhà đẹp vào ở ngay.
Quý khách hàng quan tâm vui lòng LH Mai Hằng
0909 128 ***
để được tư vấn, xem nhà đất và làm việc trực tiếp với chính chủ.
Hỗ trợ check QH - XD - Đăng Bộ miễn phí.",,,,,,1,1,1,1,1
https://batdongsan.com.vn/ban-nha-mat-pho-duong-so-9-phuong-thao-dien-1-71/ban-tai-uong-9-ien-36-8-ty-99m2-gia-thuc-gap-chu-truc-tiep-pr45631088,"Bán nhà mặt phố tại đường Số 9, Phường Thảo Điền, giá 36,8 tỷ, diện tích 99m², chính chủ hot!

Nhanh tay sở hữu căn nhà mặt phố tuyệt đẹp tại đường Số 9, Phường An Khánh, Hồ Chí Minh - Thành phố Thủ Đức, Hồ Chí Minh cũ với những đặc điểm nổi bật như sau:

- Diện tích đất 99m², diện tích sử dụng 250m². 3 tầng, 5PN, 4WC.
- Mặt tiền rộng 6,3m, đường 8m.
- Pháp lý đầy đủ, sổ hồng.

Ưu điểm:
- Không gian sống lý tưởng, phù hợp cho gia đình hoặc kinh doanh. Mở Vp Cty.
- Khu vực sầm uất, dễ dàng thu hút khách hàng.
- Đang cho thuê làm spa, tóc.

Gần các tiện ích:
- Khu vực trung tâm Thảo Điền.
- Siêu thị Vincom Thảo Điền 100m. Siêu thị mega MM an phú 300m.
- Trạm metro An Phú 100m.
- Các trường học quóc tế, trung tâm thương mại bao quanh.

Liên hệ ngay ĐT/Zalo
0835 016 ***
- Trần Hữu Tùng để biết thêm thông tin chi tiết.",,,,,,0,1,1,1,1
https://batdongsan.com.vn/ban-nha-rieng-duong-thanh-loc-15-phuong-thanh-loc-3-64/hiem-moi-3-phong-ngu-1pn-duoi-gan-cho-cau-ong-tl15-vuon-lai-noi-dai-pr45710781,"Vị trí: Hẻm 17 Cầu Hai Cứng, đường Thạnh Lộc 15, P. Thạnh Lộc, Q12.
Hẻm xe hơi vào tận cửa, khu dân cư an ninh, thuận tiện di chuyển.

Diện tích: 4 x 13.5m.
Diện tích sử dụng: 96m².

Kết cấu: 1 lầu.
Công năng gồm:
3 phòng ngủ (có 1 phòng ngủ dưới trệt).

Phòng khách rộng, bếp gọn gàng.
Tặng full nội thất.
Có máy nước nóng năng lượng mặt trời.

Giá bán: 4.38 tỷ thương lượng cho khách thiện chí.

Liên hệ xem nhà:
0906 710 ***
(Sáng BĐS).",,,,,,0,1,0,0,0
https://batdongsan.com.vn/ban-nha-mat-pho-duong-bui-thi-xuan-phuong-pham-ngu-lao-1-53/tien-quan-1-4-lau-vi-tri-dac-dia-gia-29-ty-tl-pr44646439,"Bán gấp nhà mặt tiền đường Bùi Thị Xuân, Quận 1. Nhà vị trí đắc địa khu thương mại sầm uất, cách chợ Bến Thành chỉ 5 phút thuận tiện sử dụng khai thác, kinh doanh cho thuê nhiều loại hình dịch vụ.
Diện tích: 4.2 x 18m 69m², nhà 4 lầu.
Sổ hồng chính chủ thuận tiện mua bán sang tên.
Giá bán: 29 tỷ thương lượng.
Vui lòng liên hệ:
0937 865 ***
Thanh Tùng để hỗ trợ xem nhà.
Nhận tư vấn pháp lý, ký gửi mua bán nhà phố Quận trung tâm.",,,,,,0,1,1,1,1
https://batdongsan.com.vn/ban-nha-rieng-duong-13-phuong-binh-trung-tay-54/ban-quan-2-hem-7m-uong-so-13-p-quan-2-3-tang-gan-nguyen-duy-trinh-pr45727825,"Bán nhà phố liền kề hẻm 7m đường số 13 P. Bình Trưng Tây, quận 2.
Diện tích: 52m (4x13m) hướng Tây Bắc.
Kết cấu: 1 trệt 2 lầu sân thượng, gồm 3PN 4WC.
Diện tích sử dụng: 117,8m.
Hẻm rộng 7m, ô tô xe tải vào tận cửa.
Khu dân cư an ninh, gần chợ, trường học, thuận tiện di chuyển.
Giá bán: 7,5 tỷ thương lượng chính chủ.
Tel.",,,,,,1,1,0,0,0
https://batdongsan.com.vn/ban-nha-rieng-duong-thanh-nien-1-xa-pham-van-hai-72/ban-ep-uong-vinh-loc-hxh-6m-tang-het-noi-that-60m2-4x15m-gia-2-89-ty-tl-pr45438097,"Bình Chánh - nhà đẹp full nội thất, SHR giá 2 tỷ 890 triệu (TL).

- Diện tích: 4 x 15m, CN 59m².
- Kết cấu BTCT (đúc bê tông 1 lầu).
- Bao gồm: 2 phòng ngủ, 2WC, nhà đẹp mới xây vào ở ngay, gia chủ tặng combo nội thất đẹp mới sắm.
- Đường đẹp Ôtô vào nhà có sân sau mát mẻ, view trước nhà có cây ăn quả, hồ cá.
- Vị trí thuận tiện ra chợ Cầu Xáng (5p), hoặc về Nguyễn Văn Bứa, Hóc Môn(9p).

Sổ hồng riêng, hoàn công đủ, không lỗi phong thủy, không quy hoạch, khu vực tăng giá cao khi mở đường lớn hoàn thành.",,,,,,0,1,0,0,0
https://batdongsan.com.vn/ban-nha-rieng-duong-so-8-phuong-11-8-67/moi-don-vo-o-ngay-duoc-2-tang-lau-kien-co-hong-hem-sach-se-dg-8-thong-nhat-pr45088684,"+ Diện tích: 3,5x8m CN 26m².
+ Trệt lầu 2 phòng ngủ 2 wc.
+ Pháp lý sổ hồng riêng.
+ Khu dân trí, nhiều tiện ích quán xá, trường học, siêu thị.
+ Giá 4,25 tỷ thương lượng.
+ Alo:
0935 826 ***
- Khang xem nhà (zalo).",,,,,,1,0,0,0,0
https://batdongsan.com.vn/ban-nha-mat-pho-duong-tam-dao-phuong-15-3-62/ban-5-lau-tien-cu-xa-bac-hai-q10-gan-su-van-hanh-gia-18-ty-pr44888767,"Bán nhà mặt tiền đường khu Cư Xá Bắc Hải - Tam Đảo Q10 gần Sư Vạn Hạnh.
DT: 4.3x16m CN 62.4m².
1 trệt, 5 lầu.
Giá 16 tỷ.
LH:
0906 274 ***
Hùng.",,,,,,0,1,1,1,0
https://batdongsan.com.vn/ban-nha-mat-pho-duong-lien-xa-xa-tan-hiep-75/tien-kinh-doanh-cuc-inh-vi-tri-vip-gan-cho-hoc-mon-shr-tho-cu-100-pr45446462,"Bán gấp nhà mặt tiền đường Liên Xã (gần chợ Hóc Môn), Tân Hiệp, Hóc Môn, TP. HCM.
Diện tích: 4x38m=184m² nở hậu 5,3m tài lộc.
Kết cấu: Nhà C4 chắc chắn. Gồm mặt bằng KD phía trước, nhà phía sau PK + bếp, 2PN, sân rộng rãi thoáng mát.
Pháp lý: Sổ hồng riêng, pháp lý chuẩn, thổ cư 100%, sẵn sàng giao dịch.
Mô tả:
- Mặt tiền đường lớn đông đúc người xe qua lại tấp nập ngày đêm KD buôn bán đa ngành nghề.
- Vị trí cực đỉnh, diện tích lớn gần Chợ Hóc Môn, đường Quang Trung khu TT Hành chính Hóc Môn cũ.
- Đường Liên Xã Thị Trấn Tân Hiệp là tuyến đường huyết mạch Thị trấn Hóc Môn người xe qua lại tấp nập ngày đêm làm gì cũng thuận tiện.
- Khu dân cư đông đúc, an ninh, hàng xóm thân thiện, dân trí cao.
- Kết nối Quang Trung, Lý Thường Kiệt, Lê Thị Hà, Đỗ Văn Dậy, QL22 giao thông cực kỳ thuận tiện.
- Thuận tiện di chuyển các hướng.
Giá bán: 7,2 tỷ còn thương lượng khách thiện chí.
Liên hệ:
0901 423 ***
để được tư vấn cũng như hỗ trợ tốt nhất.",,,,,,0,1,1,0,0
https://batdongsan.com.vn/ban-nha-mat-pho-duong-le-thi-rieng-phuong-ben-thanh-53/duy-nhat-goc-3mt-bui-xuan-ngang-13m-ctxd-moi-ham-11-tang-vi-tri-ep-goc-ton-that-tung-pr45680897,"Duy nhất góc 3MT Lê Thị Riêng ngang 13m CTXD hầm 11 tầng.

- Vị trí: Góc 3MT Lê Thị Riêng Tôn Thất Tùng, khu chợ Bến Thành.

- Diện tích: 13 x 5m.
- Công nhận: 40.2 m².
- Kết cấu: 2 tầng.

- Chỉ tiêu xây dựng: Hầm + 11 tầng.

Vị trí: Lõi trung tâm Q1 khu kinh doanh, du lịch sầm uất.
Ưu điểm: Góc 3MT cực hiếm ngang 13m duy nhất khu vực, nhận diện đỉnh cao.

Giá: 37 tỷ.

ZALO / SDT:
0937 699 ***
- Em Tiến Bất Động Sản cam kết đăng nhà thật, thông tin thật, giá thật, sống thật, đã đăng là làm việc được, tránh mất thời gian của Quý Anh Chị Khách Hàng.

Em Tiến có hàng cực kỳ chất lượng tại khu trung tâm - dòng tiền - giữ tiền.

Quý Anh Chị Khách Hàng có nhu cầu mua bán, xin hãy cho Em Tiến cơ hội, Em Tiến Trung Thực, Tận Tâm, Trách Nhiệm & Quyết Liệt làm việc cho Quý Anh Chị khi cần thiết.",,,,,,0,1,0,0,0
https://batdongsan.com.vn/ban-nha-rieng-duong-so-3-phuong-hiep-binh-phuoc-71/dep-gan-cong-chinh-van-phuc-city-80-1m2-dat-gia-chi-10ty8-pr44964676,"Nhà hẻm xe hơi đường số 3, ngay cổng Vạn Phúc City - 80.1m² đất - giá 10tỷ8 TL.
Địa chỉ: Đường số 3 Hiệp Bình Phước - Sát cổng chính Nguyễn Thị Nhung KĐT Vạn Phúc.

- Chủ để lại toàn bộ nội thất.
- Chủ làm cung cấp VLXD, nhà xây để ở nên kiên cố, chất lượng.
- Diện tích: 4,5m x 17.82m/ DTS: 215m².
- XD: 1 trệt 2 lầu ST, 1 sân xe hơi, xe máy, 1pk, 1pb, 4PN, 5WC.
- Hướng: Tây Bắc.

- Giá: 10.8 tỷ TL nhẹ.
* Liên hệ:
0768 478 ***
để hẹn xem nhà và trao đổi thêm với chủ!",,,,,,0,0,0,0,1
https://batdongsan.com.vn/ban-nha-rieng-duong-huynh-tan-phat-thi-tran-nha-be-76/pho-hien-ai-xay-dung-moi-tam-huyet-uong-nhua-12m-1979-khu-dan-tri-rat-cao-pr45513095,"Nhà phố hiện đại sang trọng xây dựng mới. Tọa lạc tại mặt tiền đường nhựa 12m 1979 Huỳnh Tấn Phát Thị Trấn Nhà Bè cách cầu Phú Xuân Quận 07 200m.
- Diện tích: 4m x 16m 64m² CN 61.7m² 01 trệt 02 lầu sân thượng, đầy đủ nội thất hiện đại, đúc kiên cố chắc chắn, ép cọc tim đôi, chủ nhà tâm huyết.
- Với 04 phòng ngủ, toilet riêng đầy đủ công năng, gara xe, sân phơi, sân trồng cây, camera 24/24.
- Đường nhựa 12m thông thoáng, vừa nâng đường, làm mới đẹp, không ngập. Khu dân cư hiện hữu, nhà cao tầng đồng bộ. Thuận tiện ở, kinh doanh nail, spa, văn phòng cho thuê...
- Ngay trung tâm hành chính, vị trí đắc địa bậc nhất khu vực Nhà Bè, di chuyển qua các quận trung tâm rất nhanh chóng, Quận 07, Quận 01, chợ Bến Thành, sân bay Tân Sơn Nhất chỉ 10km.
- Pháp lý: Sổ hồng riêng, hoàn công đủ công chứng sang tên ngay.
Ngân hàng hỗ trợ khách mua có nhu cầu lên tới 70% tài chính với lãi suất ưu đãi.
- Giá: 9 tỷ 690 triệu còn thương lượng chính chủ.
Liên hệ: Huy Đại Dương tư vấn thêm thông tin và xem nhà thực tế.
Xin cảm ơn Quý Khách đã xem tin!",,,,,,0,1,1,1,1
https://batdongsan.com.vn/ban-nha-rieng-duong-nguyen-van-dau-phuong-5-14/au-2-tang-hxh-gan-mat-tien-52-6m-4-7-ty-pr45600437,"Vị trí: Đường Nguyễn Văn Đậu, Phường Bình Lợi Trung, Quận Bình Thạnh.
Diện tích: 52.6 m² (3 x 16).
Kết cấu: 2 tầng BTCT, gồm 3 PN, 2 WC.
Hẻm khu vực: Hẻm xe hơi, gần mặt tiền, hẻm thông thoáng, khu dân cư đẹp.
Tiện ích: Gần chợ, trường học, siêu thị, thuận tiện kết nối Phan Văn Trị, Phạm Văn Đồng, trung tâm thành phố.
Điểm mạnh: Diện tích lớn trong tầm giá dưới 5 tỷ, vị trí đẹp, dễ mua dễ khai thác.
Khai thác: Phù hợp ở gia đình, cho thuê hoặc cải tạo nâng giá trị.
Pháp lý: Sổ hồng riêng, nở hậu, công chứng nhanh.
Giá: 4.7 tỷ (thương lượng).",,,,,,0,1,1,1,1
https://batdongsan.com.vn/ban-nha-biet-thu-lien-ke-duong-so-45-phuong-tan-quy-59/mat-tien-nam-long-lam-van-ben-quan-7-hien-ai-co-thang-may-pr45543341,"Biệt thự MT Đường số Tân Quy Quận 7.
DT: 12x20 (240m²) CN 210m², 3 tầng mới.
5PN, 7WC, gara 3 xe, thang máy.
Có karaoke, xông hơi, BBQ.
Vị trí Tân Quy, gần Phú Mỹ Hưng.
SHR, hoàn công, mua bán ngay.",,,,,,0,1,1,1,1
https://batdongsan.com.vn/ban-nha-rieng-duong-thich-quang-duc-phuong-4-19-68/phu-nhuan-hem-oto-uc-dong-tien-khung-850trieu-nam-50m2-5-tang-9pn-co-gp-pccc-pr45665442,"Đầu tư lợi nhuận khủng, dòng tiền 850 triệu/năm, thu nhập đều ổn định, giá trị tài sản tăng dần theo thời gian.
+ Vị trí đẹp hẻm oto trung tâm Phú Nhuận, ra Quận 1, Quận 3, Bình Thạnh, Tân Bình chĩ 5 phút. Gần siêu thị CoopMart, công viên Gia Định, sân bay TSN.
+ Diện tích to 50m², ngang 4.1m, dài 14m, sổ vuông, không lỗi phong thủy, không lộ giới.
+ Kết cấu đúc 5 tầng kiên cố: 1 trệt 4 lầu (gồm: 9 phòng ngủ 9wc được trang bị full nội thất, giường, nệm, máy giặt riêng, bếp riêng, tất cả mọi thứ riêng biệt).
+ 7 phòng full giá từ 7 - 8tr 1 phòng, 2 phòng chủ Kinh doanh AirBNB khoảng 10 - 15tr 1 Phòng.
+ 3 lối thoát hiểm 2 mặt hẻm, phòng cháy chữa cháy đầy đủ.
+ Giá chỉ 13.5 tỷ, thương lượng mạnh cùng chủ nhà thân thiện.
+ Cam kết 100% nhà chính chủ, sổ hồng pháp lý chuẩn, hoàn công đầy đủ. Đảm bảo giao dịch mua bán công chứng nhanh, an toàn.
+ Xem nhà thực tế, nhận thông tin nhà, gọi ngay cho Hưng nhé
0904 673 ***
.
+ Tận tình hỗ trợ miễn phí 24/24 các thủ tục công chứng nhanh gọn.
+ Nhận ký gửi mua bán nhà phố tại TP. Hồ Chí Minh, hỗ trợ thủ tục mua bán nhanh.",,,,,,1,0,0,0,0
https://batdongsan.com.vn/ban-nha-mat-pho-duong-tan-trang_1-phuong-9-13-69/ban-tien-ngay-cu-xa-lu-gia-8x18-5-tang-chi-24-ti-thue-120tr-thang-pr45441035,"Bán nhà mặt tiền ngay Cư Xá Lữ Gia - Lý Thường Kiệt 28 tỷ giảm còn 24 tỷ.

- Diện tích: 8 x 18m.
- Công nhận: 132.4m².
- Kết cấu: 5 tầng.
- Khai thác cho thuê 120 triệu/tháng.
- Giá bán: 28 tỷ thương lượng giảm 24 tỷ.
Liên hệ làm việc trực tiếp chủ nhà:
0902 757 ***
.
Hoàng Nguyên.",,,,,,0,1,1,1,0
https://batdongsan.com.vn/ban-nha-mat-pho-duong-tan-thoi-nhat-2-phuong-tan-thoi-nhat-1-64/tien-kd-sam-uat-02-doan-ttn1-va-ttn8-thu-nhap-17tr-th-4x27-pr44772828,"Bán căn nhà mặt tiền KD sầm uất ở phường Tân Thới Nhất.
Mặt tiền Tân Thới Nhất 02, đoạn TTN01 với TTN08.
Sát bên 2 chợ Lạc Quang - Phú Cường, trường TH Thuận Kiều, THCS Trần Phú.
Mặt đường đông đúc kinh doanh ngày đêm.
4x27m CN 92m² vuông vức gồm 1 kiot và 5 phòng trọ cho thuê tổng 17tr/th.
Tầm giá này rẻ so với thị trường, thu nhập tốt.",,,,,,0,1,1,1,1
https://batdongsan.com.vn/ban-nha-rieng-duong-phan-van-tri-phuong-10-8-67/ban-ngay-cf-me-pr45059651,"Bán nhà Phan Văn Trị, P. 10, Gò Vấp - sổ hồng đầy đủ - giá 5.59 tỷ(TL). Vị trí: Đường Phan Văn Trị, P. 10, Gò Vấp.

Diện tích: 49,7 m².

Kết cấu: 1 trệt 1 lầu gồm 3PN, 2WC, 2 phòng khách.

Pháp lý: Sổ hồng chính chủ.",,,,,,1,1,1,1,1
https://batdongsan.com.vn/ban-nha-rieng-duong-tran-thanh-tong-phuong-15-8-69/dt-76m-5x15-1-8ty-15-tan-binh-pr45676563,"Nhà đẹp 4 tầng - Trần Thánh Tông, Tân Bình - hẻm xe hơi - 75.3m² (5x15.1m) x 4 tầng - sổ hồng riêng hoàn công đủ - chỉ 8 tỷ.
Phù hợp ở, đầu tư giữ tiền, hoặc cho thuê CHDV cực ngon.
Hẻm xe hơi.
Diện tích đẹp, công nhận đủ 75.3m² (ngang bề thế 5m x dài 15.1m).
Kết cấu: 1 trệt + 1 lửng + 2 lầu + sân thượng (4 tầng kiên cố).
Công năng 4 phòng ngủ, 3WC, phòng khách rộng, bếp thoáng.",,,,,,1,1,1,1,1
https://batdongsan.com.vn/ban-nha-rieng-duong-van-chung-phuong-13-10-69/ngang-lon-5-2-x-14m-dt-70m2-tai-p13-tb-ga-t3-2-tang-3pn-gia-chi-7-8-ty-tl-pr45710251,"Chính chủ thiện chí gửi bán nhà đường Văn Chung, Phường Tân Bình, Hồ Chí Minh - Phường 13, Quận Tân Bình, Hồ Chí Minh cũ.

- Diện tích: 5.2 x 14m - 70m² công nhận 64m², sổ đẹp vuông vức.

- Kết cấu: Trệt lầu BTCT kiên cố, bao gồm 3 phòng ngủ và 2 toilet, khu vực được phép xây dựng 1 trệt - 2 lầu - sân thượng.

- Phù hợp cho thuê tạo dòng tiền, cải tạo lại để ở, hoặc thuận tiện xây mới theo ý thích.

- Vị trí đắc địa: Chỉ cách hẻm xe hơi 1 căn nhà, đi ra mặt tiền đường Văn Chung chỉ 50m, di chuyển đến nhà ga T3 chỉ khoảng 500m.

- Pháp lý đầy đủ, sổ hồng riêng.

- Tiện ích xung quanh đầy đủ, gần nhiều bệnh viện và trường học các cấp.

- Giá bán: Chỉ 7.8 tỷ còn thương lượng cho khách hàng thiện chí.

Liên hệ ngay để xem nhà và biết thêm chi tiết: Đào Hoàng Hà Victory Real -
0388 936 ***
.

Nhận mua bán ký gửi nhà phố Tân Bình.

Cảm ơn vì đã xem tin!",,,,,,0,1,1,1,1
https://batdongsan.com.vn/ban-nha-rieng-duong-le-van-luong-xa-phuoc-kieng-76/ban-dat-tang-c4-5x17-5-ty-75-7m-pr44857943,"1368 Lê Văn Lương, Phước Kiển.
Diện tích 5x17m CN 85m².
Xây dựng tự do.
Đón đầu tuyến GS Metro.
Khu vực đông dân cư, hiện hữu.
Giá 5,75 tỷ thương lượng.
Liên hệ:
0963 096 ***
Châu.
Xem nhà thương lượng chính chủ.
Xin cảm ơn.",,,,,,1,1,1,1,1
https://batdongsan.com.vn/ban-nha-rieng-duong-nguyen-kiem-phuong-3-20-67/giam-manh-con-9-ty-5-hem-thong-6m-90m-p3-pr45542056,"Ngay Công viên Gia Định, giáp Phú Nhuận, Tân Bình.
Khu trung tâm, gần Chợ Tân Sơn, BV 175, Sân bay..
- Hẻm xe hơi 6m thông, 1 trục thẳng gần MT
- DT: 5 x 16m, nở hậu đẹp
- Nhà 2 tầng, các phòng rộng rãi, sân để 2 oto

LH:
0982 850 ***
- Mr Tuyền",,,,,,1,0,0,0,0
https://batdongsan.com.vn/ban-nha-mat-pho-duong-hong-bang-phuong-1-19-63/ban-tai-788-34-ty-143-m2-5pn-2wc-pr45692420,"Nhà mặt tiền số 788 Đường Hồng Bàng, Phường Minh Phụng, Hồ Chí Minh (địa chỉ cũ: Quận 11, Hồ Chí Minh) với thiết kế hiện đại, 3PN + 2WC/PT + bếp, phù hợp cho gia đình lớn hoặc kinh doanh. Giá bán 34 tỷ VND (còn TL), diện tích 143m² (công nhận đủ), 6X22 nở hậu 7m. Thuận tiện xây Building Office, CHDV cao cấp, Thẩm mỹ,...

Pháp lý đầy đủ, sẵn sàng giao dịch. Khu vực này có nhiều tiện ích xung quanh như:
+ Gần bệnh viện An Bình, Chợ Rẫy, Nguyễn Tri Phương.
+ Gần siêu thị thực phẩm sạch Lekhamart, mẹ bầu & em bé Con Cưng, Satramart.
+ Gần trường mầm non Hoa Mai và trường mẫu giáo Hương Sen.

Liên hệ ngay để biết thêm thông tin chi tiết qua số điện thoại
0387 818 ***
A. Sơn.",,,,,,1,1,1,1,1
https://batdongsan.com.vn/ban-nha-rieng-pho-phan-dang-luu-phuong-3-19-66/ang-61m2-khu-lo-hem-6m-thiet-ke-khac-biet-10-98-ty-pr45420277,"Phan Đăng Lưu - 57m² - Khu phân lô - hẻm 6m - thiết kế khác biệt - 10,98 tỷ.

Đẹp như hoa hậu, gần mặt tiền Phan Đăng Lưu, tiện ích bao la bát ngát. Khu nhiều cây xanh, mát thoáng ngay trung tâm, Giáp Quận 1, đi đâu cần gì cân hết.
- Diện tích: 57m² - 4mx15m, sử dụng 61m² vuông vức.
- Chính chủ tự xây kết cấu; trệt + 2 lầu + sân thượng trước sau có 4PN, 5WC, phòng thờ.
- Khu dân trí cao, yên tĩnh, đối diện trung tâm hành chính Bình Thạnh, kết nối trực tiếp về Q1 siêu gần.
- Giá chỉ 10,98 tỷ TL.
-
0979 686 ***
Duy Huỳnh.",,,,,,1,1,1,1,1
https://batdongsan.com.vn/ban-nha-rieng-duong-phan-huy-ich-phuong-12-8/ban-32m2-ngang-6-3m-3pn-4wc-hxh-chi-4-ty-pr45381253,"Bán nhà 32m² HXH ô tô vào nhà ngang 6.3m
1 trệt 2 lầu ST, 3PN, 4WC
Nhà mới, hoàn công, pháp lý chuẩn
Hẻm xe hơi, khu an ninh, gần Emart

Đang cho thuê: 12tr/tháng
Sổ vuông, hoàn công, pháp lý chuẩn
Hướng: Tây Bắc

Phù hợp ở + đầu tư.

Liên hệ:
0909 819 ***
xem nhà thương lượng chính chủ.",,,,,,1,1,1,1,1
https://batdongsan.com.vn/ban-nha-rieng-duong-bui-dinh-tuy-phuong-12-7-66/inh-hem-xe-hoi-5-tang-co-ham-80m2-15-19-ty-pr45643645,"Vị trí: Đường Bùi Đình Tuý, Phường Bình Thạnh, Quận Bình Thạnh.
Diện tích: 78.3m²(5x16m).
Kết cấu: 1 hầm + trệt + lửng + 2 lầu (6PN, 5WC) + Sân thượng trước sau.

Lợi thế nổi bật:
Ngang 5m cực hiếm dễ thiết kế, tối ưu công năng.
Phù hợp ở.
+ Mở văn phòng.
+ Cho thuê dòng tiên.
Khu dân cư an ninh, tiện ích vây quanh Pháp lý chuẩn: Sổ vuông vức, hoàn công đầy đủ.
Giá: 15.19 tỷ (thương lượng).",,,,,,1,0,0,0,0
https://batdongsan.com.vn/ban-nha-rieng-duong-go-dau-phuong-phu-tho-hoa-70/ban-hem-5m-uong-tan-dt-4-2x13m-2tang-2pn-gia-5-2-ty-pr45586580,"+ Hẻm 4m xe hơi đậu cửa đường Gò Dầu, Tân Phú, kết nối đường Tân Sơn Nhì, Lũy Bán Bích.
+ Diện tích: 4,2 x 13m.
+ Kết cấu 1 trệt, 1lầu gồm phòng khách, 2 PN, 2WC bếp, ban công thoáng mát.
+ Sổ hồng riêng, hoàn công đủ, công chứng ngay.
+ Giá: 5,2 tỷ (TL).
Liên hệ: Tuấn Nhà Phố.
Ms: Tp56.14726.",,,,,,1,0,0,1,0
https://batdongsan.com.vn/ban-nha-rieng-duong-ut-tich_1-phuong-4-20-69/khan-hiem-nhinh-11-ty-ban-khu-vip-de-nhat-khach-san-hoang-viet-tich-5x14-3-tang-pr43640447,"- Bán nhà HXH khu vip đệ nhất khách sạn, 4 x 16m 65m².
Kết cấu trệt 2 lầu nhà xây kiên cố, chắc chắn nhà đẹp, chủ ở 1 đời kỹ nên nhà rât sạch sẽ.

- Nổi tiếng khu dân trí cao, sang đẹp. Tài sản vừa ở vừa kinh doanh phù hợp đa ngành ngề, kinh doanh online, spa, naill room, cty...

- Tiện ích kế Vincom Cộng Hoà, nhà hàng tiệc cưới Pandora - đê nhất khách sạn, 3' ra sân bay Tân Sơn Nhất, kế BV Quốc Tế Tâm Anh, 15' về trung tâm Sài Gòn...

- Cam kết 100% BĐS thật, giá trị thật, liên hệ em Ngân nhà phố Sài Gòn Newhouse
0909 153 ***
để thương lượng chính chủ ạ.",,,,,,0,1,1,1,0
https://batdongsan.com.vn/ban-nha-rieng-duong-so-19-phuong-6-15-69/sieu-pham-gan-aeon-tan-phu-moi-vao-o-ngay-gia-chi-7-6ty-pr45671210,"Siêu phẩm gần Aeon Tân Phú dọn về ở ngay.

Địa chỉ: Đường 19 (1/ Tân Kỳ Tân Quý).

* Diện tích: 4m x 14m. 55.9m².
* Kết cấu: 1 trệt 1 lửng 3 lầu sân thượng.
* Nhà full nội thất cao cấp, chỉ xách vali vào ở.
* Hẻm ô tô 5m, thông tứ hướng, khu dân cư an ninh.

Pháp lý: Sổ hồng riêng, hoàn công đầy đủ công chứng ngay.

Giá bán: 7,6 tỷ (thương lượng).

Vị trí cực đẹp: Gần Aeon Mall Tân Phú Celadon, thuận tiện di chuyển các quận Tân Phú, Bình Tân.
0909 860 ***
.
Lụm - Dứt - Bùng Nổ.",,,,,,0,1,0,0,0
https://batdongsan.com.vn/ban-nha-rieng-duong-binh-long-phuong-tan-quy-2-70/p-gan-go-dau-4tang-4-2x18-khong-lg-hem-oto-vao-nha-pr45714801,"P. Tân Quý - gần Gò Dầu - 4 tầng - 4,2x18m - Không LG - hẻm oto vào nhà.
(Kết bạn Zalo)
0962 728 ***
em Đức chuyên - Tân - Phú để theo dõi những căn nhà ngon nhất Tân Phú luôn được update hàng ngày nhé ạ.",,,,,,1,1,0,0,0
https://batdongsan.com.vn/ban-nha-biet-thu-lien-ke-duong-pham-hung-xa-binh-hung-1-dai-phuc-green-villas/ban-kdc-ai-4-lau-ho-boi-212m2-chi-33-ty-pr45556385,"Vị trí: KDC Đại Phúc Green Villas Bình Hưng Bình Chánh. Khu compound cao cấp, an ninh, không gian sống xanh ven sông. Kết nối nhanh Quận 7 Quận 8 Quận 5 Quận 10, di chuyển thuận tiện về trung tâm.

Diện tích: 10m x 21m 212m².
Kết cấu: 1 trệt, 2 lầu, áp mái. Tổng diện tích sử dụng hơn 500m².
Công năng: 3 phòng ngủ lớn, nhiều không gian sinh hoạt riêng biệt như các căn hộ thu nhỏ; khu sinh hoạt chung, bếp ăn, thư giãn, giải trí.
Điểm nhấn:
Thiết kế Scandi kết hợp Tropical tối ưu khí hậu Việt Nam.
Không gian mở, giếng trời, đón gió tự nhiên nhà luôn mát, thoáng.
Hồ bơi riêng, jacuzzi, xông hơi chuẩn nghỉ dưỡng tại gia.",,,,,,0,1,1,1,1
https://batdongsan.com.vn/ban-nha-rieng-duong-quoc-lo-1k-phuong-linh-xuan-71/ep-5x10m-1-lau-1-tret-gan-sau-lung-ien-may-cho-lon-sat-bv-hoan-my-pr45688061,"Nhà diện tích đẹp ngang 5m dài 10m, thiết kế 1 lầu 1 trệt rộng rãi, hẻm ba gác thông thoáng.
Vị trí cực tiện:
Cách Quốc lộ 1K chỉ vài phút.
200m tới Bệnh viện Hoàn Mỹ Thủ Đức.
300m tới siêu thị Go! Dĩ An.
Sau lưng Điện Máy Chợ Lớn, tiện ích xung quanh đầy đủ.
Phù hợp ở gia đình nhỏ, đi làm Thủ Đức Dĩ An cực thuận tiện.
Lh; aduong
0975 289 ***
.",,,,,,0,1,0,1,0
https://batdongsan.com.vn/ban-nha-rieng-duong-tan-thoi-nhat-phuong-tan-thoi-nhat-1-64/ban-3-tang-hem-oto-gan-cau-tham-luong-5-8-ty-pr45227904,"- Vị trí: Khu nhà cao tầng, dân trí, hẻm rộng có chỗ quay đầu xe oto.
- Kết cấu trệt + 2 lầu có 4 phòng ngủ WC riêng, sân thượng rộng rãi.
- Diện tích 4m x 18m vuông vắn.
- Sổ hồng riêng công nhận 74m².
- Giá 5 tỷ 800.
- Liên hệ
0936 017 ***
- Nhật (Tư vấn và hỗ trợ xem thực tế. Xin cảm ơn).",,,,,,1,1,0,0,0
https://batdongsan.com.vn/ban-nha-rieng-duong-tran-quang-khai-phuong-tan-dinh-2-53/ban-chdv-canh-mt-q1-44m2-4x11-4-tang-8phong-gia-chi-11-9-ty-pr44702632,"Nhà hẻm ô tô vài bước ra mặt tiền Trần Quang Khải gần chợ Tân Định & BV Quận 1.
Dòng tiền thực 30 + triệu/tháng 4 tầng 8PN 9WC.

Vị trí trung tâm Quận 1.
Hẻm ô tô sạch đẹp, chỉ sau 1 căn mặt tiền Trần Quang Khải.
Vài bước ra chợ Tân Định, gần BV Quận 1, nhà thờ Tân Định.
Khu thời trang ăn uống dịch vụ sầm uất, kết nối nhanh Hai Bà Trưng, Đặng Dung.

Thông tin nhà.
DT: 44m² (4 x 11m)vuông vức.
Kết cấu: 4 tầng kiên cố, 8 phòng ngủ 9 vệ sinh.
Đang cho thuê 30 + triệu/tháng, khách ổn định.
Thiết kế hiện đại, WC riêng từng phòng, thích hợp căn hộ dịch vụ.
Hẻm thẳng, xe hơi tới cửa.

Tiện ích xung quanh.
1 phút đến chợ Tân Định, 2 phút nhà thờ, 3 phút BV Quận 1.
Gần trường học, siêu thị, gym spa café.

Tài sản hiếm, khai thác cực tốt phù hợp đầu tư giữ tài sản hoặc cho thuê dòng tiền.

LH ngay
0368 700 ***
- Em Đạo Nhà Phố 68 xem nhà thương lượng chính chủ.",,,,,,0,1,1,1,1
https://batdongsan.com.vn/ban-nha-mat-pho-duong-ha-chuong-phuong-trung-my-tay-64/toa-tien-q12-112m2-ngang-gan-6m-5-tang-thang-may-sat-nguyen-anh-thu-pr45718381,"Chính chủ gửi bán siêu phẩm mặt tiền kinh doanh trục Hà Chương, Trung Mỹ Tây, Quận 12.
- Diện tích: 5.7 x 20m. Thế đất vuông vức, ngang lớn hiếm có.
Kết cấu: 1 trệt 4 lầu (5 tầng). Nhà xây dựng tâm huyết, thiết kế hiện đại, thang máy chạy êm du.
Vị trí đắc địa: Cách Nguyễn Ảnh Thủ chỉ 100m. Khu vực tập trung nhiều công ty, ngân hàng, dịch vụ cao cấp.
Tiện ích: Gần ngay chợ Trung Chánh, Co. Op Mart, trường Đại học GTVT, ĐH Lao động Xã hội...
Phù hợp: Làm trụ sở công ty, Spa, thẩm mỹ viện, phòng khám, hoặc cải tạo thành 15 - 18 CHDV cao cấp cho dòng tiền lớn.
Pháp lý: Sổ hồng chính chủ, hoàn công đủ, sẵn sàng giao dịch.
Giá bán: 13.3 tỷ (thương lượng chính chủ).
Liên hệ xem nhà thực tế:
0907 442 ***
Hoàng Nhà Phố.",,,,,,0,1,1,1,0
https://batdongsan.com.vn/ban-nha-rieng-duong-go-xoai-phuong-binh-hung-hoa-a-65/4-tang-le-van-quoi-4x16-5m-no-hau-nhe-gia-ep-7-ty-hon-ti-ngay-cho-xoai-pr45567796,"Nhà 4 tầng Gò Xoài - Lê Văn Quới - DT 4 x 16,5m, nở hậu nhẹ.
Giá 7.3 tỷ (thương lượng).
1 trệt 1 lửng 2 lầu, 3PN 4WC, sân thượng trước sau.
Hẻm nhựa 8m, khu nhà cao tầng-cạnh chợ Gò Xoài, 5 phút qua Aeon Tân Phú.
Sổ đẹp vuông vức, không lộ giới, hoàn công đủ.
Ngọc:
0702 027 ***
.
AGA.AĐ.HB.",,,,,,0,1,1,1,1
https://batdongsan.com.vn/ban-nha-rieng-duong-no-trang-long-phuong-13-7-66/ban-nhua-8m-binh-thanh-5x18m-hau-7m-gan-h-van-lang-xd-ham-6-tang-nhinh-13-ty-pr45604278,"Bán nhà hẻm xe hơi 8m đường Nơ Trang Long Phường Bình Lợi Trung (P13). Bình Thạnh xây dựng mới hầm 6 tầng nhỉnh 13 tỷ.

- Diện tích 5x18m nở hậu 7m.
- Nhà cấp 4 tiện xây dựng mới.
- Quy mô xây dựng Hầm 6 Tầng.
- Vị trí: Gần mặt tiền, đi 2 phút tới Đại Học Văn Lang kế bên, gần chợ, siêu thị Emart, Vincom, trường học các cấp, 10 phút ra sân bay Tân Sơn Nhất.
- Phù hợp khách mua xây ở làm văn phòng công ty hoặc khai thác cho thuê căn hộ dịch vụ luôn full phòng.
- Pháp lý sổ hồng chính chủ mua bán nhanh lẹ trong ngày.
- Giá 13.5 tỷ Thương lượng cho khách thiện chí.

Liên hệ zalo /SDT: Bảo Ly -
0799 805 ***
Để xem và mua được nhà giá tốt nhất.",,,,,,0,1,1,1,1
https://batdongsan.com.vn/ban-nha-rieng-duong-nguyen-thi-minh-khai-phuong-da-kao-53/hxh-4-5x18m-quan-1-tret-3-lau-st-gia-22-ty-tl-pr44851825,"Bán nhà hẻm xe hơi đường Nguyễn Thị Minh Khai, Quận 1. Nhà vị trí đẹp, hẻm thông thoáng thuận tiện khai thác kinh doanh nhiều loại hình dịch vụ.
Diện tích: 4.5 x 18m 68.85m², nhà trệt 3 lầu sân thượng.
Sổ hồng pháp lý chuẩn thuận tiện giao dịch mua bán.
Giá bán: 22 tỷ thương lượng.
Vui lòng liên hệ:
0937 865 ***
Thanh Tùng để hỗ trợ xem nhà.
Nhận hỗ trợ ký gởi mua bán nhà đất, tư vấn thủ tục pháp lý nhà phố quận trung tâm.",,,,,,1,1,1,1,1
https://batdongsan.com.vn/ban-nha-rieng-duong-hoang-hoa-tham-phuong-5-16-68/90m2-hem-xe-hoi-phu-nhuan-5-tang-chinh-chu-lau-oi-16-5-ty-pr45659441,"Giảm chào thêm 1 tỷ đồng, quyết bán nhanh, chủ đã đổi luôn sổ mới 2026 từ bộ sổ 1999.
Hoàng Hoa Thám thông Thích Quảng Đức - Hẻm xe tải - ô tô nằm nhà - 5tầng BTCT - 87m² - sổ vuông nở hậu đẹp - chính chủ xưa nay - 16,5 tỷ TL.

- Diện tích: 87m² (4.5m/4.55m x 20m) | 279m² sàn xây dưng.
- Kết cấu: 1 trệt, 1 lửng, 2 lầu sân thượng, 6 phòng ngủ lớn 6WC, phòng khách, bếp, phòng giặt, phòng thờ, sân để xe, nhà có nhiều không gian trống có thể cải tạo thêm 3 - 4 phòng.
- Hẻm trải nhựa sạch đẹp, xe hơi 7 chỗ thông Thích Quãng Đức.
- Khu an ninh dân trí, toàn nhà cao tầng.
- Sổ vuông nở hậu nhẹ, phong thuỷ tài lộc.
- Không quy hoạch lộ giới.
- Đông Tứ Trạch.
0979 686 ***
- Duy hình thật, nhà thật.",,,,,,1,0,0,0,0
https://batdongsan.com.vn/ban-nha-rieng-duong-bui-quang-la-phuong-12-8-67/pho-ngay-emart-61m2-5-5-x-11-4-pn-4-wc-pr45379623,"Ngay Bùi Quang Là, kế Emart 2.
Thông Phan Huy Ích, Phạm Văn Chiêu.
Kết cấu 3 tầng BTCT full nội thất.
Diện tích lớn 61m² (5,5 x 11) - 4 PN - 4 WC phù hợp gia đình đông người.
Sân thượng có khu giặt phơi riêng. Có thể thiết kế thêm 1 sân thượng nhỏ trên tầng để két nước.
SHR, hoàn công đủ.
Giá 6,5 tỷ (TL).",,,,,,1,1,1,1,1
https://batdongsan.com.vn/ban-shophouse-nha-pho-thuong-mai-duong-nguyen-xien-phuong-long-thanh-my-the-rainbow-vinhomes-grand-park/14-ty-san-hop-ong-40-trieu-park-pr45730973,"Bán shophouse Vinhomes Grand Park.
Bên dưới shop: 56.7m².
Bên trên house: 53.8m² (thiết kế 2 phòng ngủ - 1 phòng khách - 1 toilet).

- Đang cho thuê tổng giá 40 triệu/tháng.
- Giá bán: 14 tỷ.
- Nhà đã có sổ hồng sở hữu lâu dài.

- Vị trí đường lớn, đường chính, mặt sảnh căn hộ.
Cô chú anh chị quan tâm căn này liên hệ em Dung
0902 572 ***
.",,,,,,1,1,1,1,1
https://batdongsan.com.vn/ban-nha-mat-pho-phuong-thanh-loc-3/hiem-cap-xay-moi-tien-song-vam-thuat-ha-huy-giap-thong-ra-song-sg-4x25m-pr45221695,"Nhà mới mặt tiền sông Vàm Thuật ngay trục chính Hà Huy Giáp.

Giá chỉ 6,35 tỷ, hàng hiếm khó có căn thứ 2.

Một căn nhà hội tụ 2 giá trị vàng song song mà khu Hà Huy Giáp rất hiếm gặp:
Mặt tiền sông Vàm Thuật thoáng mát, view sông trước nhà, phong thuỷ vượng khí.
Ngay trục chính Hà Huy Giáp kết nối nhanh Gò Vấp Bình Thạnh trung tâm.
Vị trí đắc địa.
Phường Thạnh Lộc (khu cũ) Quận 12.
Sát đại lộ Hà Huy Giáp.
Di chuyển Gò Vấp Bình Thạnh chỉ vài phút.
Khu dân cư hiện hữu, yên tĩnh, an ninh cao.
Điểm mạnh nổi bật.

Mặt tiền sông Vàm Thuật cực hiếm.
Không gian sống thoáng mát quanh năm.
View sông rộng, không nhà che chắn.
Phù hợp an cư lâu dài hoặc nghỉ dưỡng.

Trục chính Hà Huy Giáp giá trị tăng trưởng cao.
Đường lớn, hạ tầng hoàn chỉnh.
Vừa ở vừa làm văn phòng, đầu tư giữ tiền cực tốt.

Thông tin chi tiết căn nhà.

Diện tích: 4m x 25m. Có 54m² thổ cư.
Kết cấu: Trệt + 2 lầu nhà xây mới.
Có sân vườn + sân xe riêng.
3 Phòng ngủ.
4 Toilet.
Phòng khách & bếp rộng thiết kế thông thoáng.

Pháp lý: Sổ riêng hoàn công đầy đủ.

Giá bán: Chỉ 6,35 tỷ còn thương lượng tốt cho khách thiện chí.

Liên hệ xem nhà 24/7:
0906 710 ***
(Sáng BĐS).",,,,,,1,1,1,1,1
https://batdongsan.com.vn/ban-nha-rieng-duong-huynh-tan-phat-thi-tran-nha-be-76/tuan-hailongreal-ep-gia-re-4-5-ty-cho-can-moi-ep-hem-rong-sat-uong-ganq7-pr45446993,"Nhà được thiết kế theo phong cách Mộc pha lẫn hiện đại trẻ trung rất lạ và đẹp.
- Giá: 4tỷ500. Còn thương lượng.
- Diện tích: 5,2m x 12,2m. CN 63,5m².
- Hiện trạng: Cấp 4 có 2 phòng ngủ, WC, sân trước sân sau rộng rãi).
- Khu dân cư hiện hữu, an ninh, yên tĩnh, gần đường Huỳnh Tấn Phát ngay trung tâm Nhà Bè đầy đủ tiện ích sống đi Phú Mỹ Hưng 5 phút đi siêu thị 3 phút đi học 2 phút và di chuyển thuận tiện nhanh chóng vào trung tâm để học tập và làm việc.
- Pháp lý: Sổ hồng riêng. Hỗ trợ vay ngân hàng.
- Liên hệ
0931 168 ***
Tuấn.",,,,,,0,1,1,1,1
https://batdongsan.com.vn/ban-nha-mat-pho-duong-luu-chi-hieu-phuong-tay-thanh-70/ban-nhanh-trong-tuan-2-tang-huu-tan-phu-gia-8-ty-pr45492659,"- Anh tôi chuyển công tác cần bán căn nhà mặt phố 2 tầng kinh doanh đường Lưu Chí Hiếu, phường Tây Thạnh, quận Tân Phú, Tp Hồ chí Minh.
- Chỉ 130m ra đường Tây Thạnh, 5 phút ra đường Trường Chinh, 25 phút vô quận 1. Tiện ích khu này đầy đủ.
- Nhà đẹp chắc chắn. Kinh doanh đỉnh. Tuyến đường có nhiều cây xanh mát. DT CN 41.7m².
- Sổ đẹp, hoàn công đủ.
- Nhà đang cho thuê kinh doanh ổn định.
- Liên hệ Mr Thức Villa chuyên nhà mặt phố Sài Gòn Saigon Mansion.",,,,,,1,1,1,1,1
https://batdongsan.com.vn/ban-nha-mat-pho-duong-vo-thi-sau-phuong-tan-dinh-2-53/tien-thut-q1-7-2-x-14-5m-cn-104-5m2-gia-au-tu-chi-23-ty-220tr-m2-pr45665317,"Địa chỉ: 76D Võ Thị Sáu, Phường Tân Định, Quận 1.

Thông số vàng: 7,2m x 14,5m công nhận đủ: 104,5 m² đất thổ cư.

Kết cấu: 3 tầng nhà cũ thuận tiện xây mới theo ý thích.

Vị thế: Đối diện công viên Lê Văn Tám, gần nút giao Hai Bà Trưng, khu vực tập trung nhiều văn phòng công ty và thương hiệu lớn.

Có hẻm thông ra đường Đinh Công Tráng.

Giá: 27 tỷ giảm về còn 23 tỷ. Đơn giá chỉ 220tr/m².

Gọi ngay em Long
0901 353 ***
(viber/zalo 24/7) tận tâm, tận tình, trách nhiệm, vui vẻ phục vụ anh chị hiểu rõ về sản phẩm, xem nhà và chốt sản phẩm cực xinh này ạ.

Cảm ơn anh chị đã xem tin ạ!",,,,,,0,1,1,1,1
https://batdongsan.com.vn/ban-nha-rieng-duong-ba-le-chan-phuong-tan-dinh-2-53/quan-1-trung-tam-hem-4m-cach-mt-40m-4-lau-67-1m2-15-5-ty-pr44907856,"Quận 1 - trung tâm Tân Định - Bà Lê Chân - hẻm 4m cách MT 40m - 4 lầu - 67.1m² - 15.3 tỷ!

Vị trí: Nhà hẻm đường Bà Lê Chân, Phường Tân Định, Quận 1. Ngay chợ Tân Định, khu vực trung tâm Quận 1. Cách mặt tiền đường lớn chỉ 40m, đường trước nhà rộng 4m. Giao thông thuận tiện, tiếp giáp các đường lớn.

Diện tích: Công nhận 67.1m² (kích thước 3.8m x 19m).

Kết cấu và công năng: Kết cấu 4 tầng (trệt, 3 lầu) kiên cố, chắc chắn. Gồm 4 phòng ngủ, 5WC, bếp, phòng khách, có ban công thoáng mát. Phù hợp khách mua ở, kinh doanh hoặc mở văn phòng công ty. Khu vực hiếm nhà bán.

Pháp lý: Sổ hồng riêng, hoàn công đầy đủ. Pháp lý chuẩn.

Liên hệ:
0901 337 ***
- Mr Quốc Đại để xem nhà và nhận tư vấn giải pháp tài chính, sở hữu nhà trung tâm miễn phí.",,,,,,1,0,0,0,0
https://batdongsan.com.vn/ban-nha-rieng-duong-tinh-lo-10-phuong-binh-tri-dong-b-65/ban-1lau-tai-uong-10-p-hung-hoa-gia-4-19-ty-dt-54m2-shr-lh-pr45706119,"Nhà riêng tại đường Tỉnh Lộ 10, Phường Bình Tân, Hồ Chí Minh (Quận Bình Tân, Hồ Chí Minh cũ).
Diện tích sàn 92m², được thiết kế hiện đại và tiện nghi.

- Giá bán: 4,19 tỷ VND.
- 2 phòng ngủ và 2 phòng tắm, thích hợp cho gia đình nhỏ.
- Nhà có 1 lầu, không gian sống thoáng đãng và ấm cúng.
- Pháp lý đầy đủ, đảm bảo an toàn cho người mua.

Tiện ích xung quanh:
- Gần công viên phường Tân Tạo và công viên Võ Trần Chí, không gian xanh lý tưởng cho gia đình.
- Tiện lợi với nhiều siêu thị Bách Hóa Xanh gần đó như Bách Hóa Xanh - Lê Đình Cẩn.
- Các trường học như Mầm Non Á Châu và Anh Ngữ Bvec phục vụ cho nhu cầu giáo dục.
- Bệnh viện Đa Khoa Bình Tân và Bệnh Viện Đa Khoa Quốc Ánh gần kề, đảm bảo sức khỏe cho cả gia đình.

Liên hệ để biết thêm chi tiết:
0909 583 ***
Nhân.",,,,,,0,1,1,1,0
https://batdongsan.com.vn/ban-nha-mat-pho-duong-go-dau-phuong-tan-quy-2-70/ban-tien-uong-vi-tri-kinh-doanh-gan-aeon-mall-phu-gia-12-5-ty-pr45516975,"Bán nhà mặt tiền đường Gò Dầu, vị trí kinh doanh, gần Aeon Mall Tân Phú, giá 12.5 tỷ.
- Diện tích: 4.3x17m. Nở hậu. CN 67.76m².
- Nhà đất đủ lộ giới, không lỗi phong thủy.
- Kết cấu: 4 tầng.
- Vị trí đẹp, buôn bán đông đúc.
- Giá: 12.5 tỷ.
Liên hệ xem nhà:
0911 626 ***
Tài Nhà Tốt.
Sài Gòn King Land chi nhánh Tân Phú - 77 Tân Kỳ Tân Quý.",,,,,,0,1,1,1,1
https://batdongsan.com.vn/ban-nha-rieng-phuong-thanh-my-loi/goc-2-mat-tien-87m2-4x19m-no-hau-5-65m-3-tang-3-pn-o-to-ne-nhau-chi-7-x-ty-pr45489229,"* Nhà 3 tầng - mặt tiền lô góc 87m 4 x19m nở hậu 5.65m ô tô thông, Thạnh Mỹ Lợi, Quận 2.

- Diện tích: 87m² = 4x19m (nở hậu 5.65m).
- Quy cách: 1 trệt 2 lầu.
- Công năng: 3PN, phòng khách, bếp, phòng thờ, sân thượng.
- Nhà xây chắc chắn, vào ở ngay. Đường 2 mặt thông ô tô né nhau.
- Kết nối Nguyễn Thị Định, Đồng Văn Cống, Đảo Kim Cuong thuận tiện. Tiện ích đầy đủ.

* Giá 7.5 tỷ (Thương lượng).
0906 666 ***
.",,,,,,0,1,1,1,0
https://batdongsan.com.vn/ban-nha-mat-pho-duong-le-quang-dinh-phuong-5-14-66/ban-449-binh-thanh-dt-7-3m-no-hau-10m-x-32m-cap-4-dang-co-hd-thue-80tr-th-pr44126737,"Chính chủ gửi bán 449 Lê Quang Định, Phường 5, Bình Thạnh.

Diện tích: 9 x 32m, nở hậu đều 10m. CN: 246m².
Kết cấu: Nhà cấp 4, đang cho thuê 80tr/th. Khu vực được phép xây hầm 8 tầng.
Gía bán 54 tỷ.
Đơn giá cực kỳ tốt 219tr/m², mức giá quá thơm, chủ đời đầu, thích hợp mua đầu cơ sang tay.

Liên hệ
0903 939 ***
Thắng.",,,,,,0,1,1,1,0
https://batdongsan.com.vn/ban-nha-mat-pho-duong-tran-thi-co-1-phuong-thoi-an-1-64/mtkd-5x25m-ngay-cho-uong-quan-12-gia-12-9-ty-pr45251312,"Cần bán gấp MTKD chợ đường Trần Thị Cờ, phường Thới An. DT 5m x 25m giá 9.999 tỷ TL.

- Diện tích: 5,1m x 25m, công nhận trên sổ 99,7m².

- Kết cấu: Nhà 1 trệt 1 lầu, phù hợp ở kết hợp kinh doanh, mở cửa hàng, văn phòng hoặc cho thuê.

- Đường trước nhà rộng, xe hơi lưu thông thuận tiện.

- Giá bán: 9.999 tỷ (còn thương lượng).

Liên hệ Hòa chuyên môi giới bất động sản & hỗ trợ pháp lý nhà đất.",,,,,,0,1,1,1,0
https://batdongsan.com.vn/ban-nha-rieng-duong-binh-long-phuong-binh-hung-hoa-a-65/goc-2-mat-tien-hem-kinh-doanh-uong-bhh-quan-tan-co-thang-may-pr45590236,"Nhà góc 2 mặt tiền hẻm kinh doanh đường Bình Long, Phường BHH A, Quận Bình Tân.
Hẻm thông kinh doanh 10m - 12m.
DT 5m x 16m, 71.2m² có thang máy đúc 4 tấm, 8PN, 7 WC.
Nhà mới tinh ra thêm bancon 1m20. cách ngã tư Bình Long - Văn cao 200m.
Giá: 9,9 tỷ bớt nhẹ.
LH:
0902 264 ***
.",,,,,,1,1,1,1,1
