,Diện tích,Số tầng,Đường vào,Latitude,Longitude,Loại đường vào,loai_duong_null_flag,duong_vao_null_flag,Tổng số phòng,Pháp lý_Sổ đỏ,Pháp lý_không có,Nội thất_Cơ bản,Nội thất_Trống / Nhà thô,Nội thất_Đầy đủ
613,0.04445490123643577,0.23076923076923078,0.3690306097293516,10.6845526357741,106.749897387049,3.0,0,0,0.11316161425994499,0.0,0.0,0.0,0.0,1.0
3944,-0.3992422225807697,0.07692307692307693,-1.7072229052631471,10.692053460301,106.736480948767,0.0,1,0,-0.3306552193971129,1.0,0.0,0.0,0.0,0.0
2346,0.385278357028152,0.23076923076923078,-0.13659775324274978,10.8772868576618,106.673217232289,0.0,1,0,0.11316161425994499,0.0,0.0,0.0,0.0,1.0
2098,-0.4750780736920162,0.23076923076923078,0.1302907279796492,10.7732037776844,106.655044652219,3.0,0,0,0.11316161425994499,0.0,0.0,0.0,1.0,0.0
3277,0.3560006685276249,0.23076923076923078,1.287787426350749,10.8302470707975,106.702545639252,0.0,1,0,0.30272686033993124,0.0,0.0,0.0,0.0,1.0
5677,1.1230242988994874,0.6153846153846154,0.1302907279796492,10.8350828479258,106.684002691481,3.0,0,0,2.426586790265584,0.0,0.0,0.0,1.0,0.0
505,-0.6986692748486453,0.15384615384615385,2.3527842153990464,10.78116236116044,106.63178262154628,3.0,0,0,-1.265459390571404,0.0,0.0,0.0,1.0,0.0
1902,-0.8577985162466776,0.15384615384615385,-0.4391709580720064,10.7920154647131,106.688933423002,2.0,0,1,-0.5962397703258719,0.0,0.0,0.0,0.0,1.0
272,0.5626351999909364,0.23076923076923078,-1.7072229052631471,10.7184498473234,106.62982415835,3.0,0,0,0.30272686033993124,1.0,0.0,0.0,1.0,0.0
5589,-1.375564037342406,0.15384615384615385,-0.13659775324274978,10.7919292269559,106.696682250328,0.0,1,1,-0.3306552193971129,1.0,0.0,0.0,1.0,0.0
3946,-1.375564037342406,0.07692307692307693,-0.13659775324274978,10.7572407651045,106.713988646991,0.0,1,1,-1.265459390571404,0.0,0.0,0.0,1.0,0.0
1872,0.5235542914366881,0.23076923076923078,-0.7884660886417492,10.8136193350281,106.689907196467,2.0,0,0,0.30272686033993124,0.0,0.0,0.0,0.0,1.0
2252,0.4139875106418454,0.07692307692307693,-1.2015945422910468,10.7476763927508,106.71948959228,3.0,0,0,-0.9028346336956022,0.0,0.0,1.0,0.0,0.0
5522,-0.7291543745677658,0.07692307692307693,0.5849971026224333,10.7995917638636,106.641375968557,3.0,0,0,-0.09639304316274322,0.0,1.0,0.0,1.0,0.0
1867,0.6499966829618635,0.07692307692307693,0.5849971026224333,10.8163155205366,106.715053685036,3.0,0,0,0.9196032047928032,0.0,0.0,0.0,1.0,0.0
106,0.6378280961214066,0.15384615384615385,0.5849971026224333,10.8413803342132,106.725187154484,0.0,1,0,0.30272686033993124,0.0,0.0,1.0,0.0,0.0
2579,-0.5826509567402912,0.23076923076923078,-0.4391709580720064,10.8059439620207,106.681455225238,2.0,0,1,0.11316161425994499,0.0,0.0,0.0,0.0,1.0
1360,-0.10929128578611225,0.23076923076923078,-0.4391709580720064,10.6924937675446,106.74088825112,3.0,0,0,0.11316161425994499,0.0,0.0,0.0,0.0,1.0
2732,-0.37480406362233243,0.15384615384615385,-1.2015945422910468,10.8076416784537,106.703162834828,0.0,1,0,-0.09639304316274322,0.0,0.0,0.0,0.0,1.0
952,-0.5012464551475065,0.23076923076923078,0.1302907279796492,10.7497397434052,106.644089412309,3.0,0,1,-0.3306552193971129,0.0,0.0,0.0,0.0,1.0
1383,-0.3271071868061051,0.23076923076923078,0.5849971026224333,10.8244756899721,106.717040938248,3.0,0,0,-0.09639304316274322,0.0,0.0,0.0,1.0,0.0
1983,-0.5550151062263636,0.23076923076923078,-0.7884660886417492,10.8362201494589,106.726902381648,2.0,0,0,-0.09639304316274322,0.0,0.0,0.0,0.0,1.0
1370,0.16700223033751904,0.15384615384615385,0.1302907279796492,10.7793613452089,106.769162844974,3.0,0,1,-0.3306552193971129,0.0,0.0,0.0,1.0,0.0
2264,-0.011343228479551189,0.0,-0.4391709580720064,10.7266093311904,106.733563377514,2.0,0,1,-0.09639304316274322,0.0,0.0,0.0,1.0,0.0
5607,0.5366963775693665,0.23076923076923078,-0.13659775324274978,10.6929421400292,106.740826576037,0.0,1,1,0.11316161425994499,0.0,0.0,0.0,0.0,0.0
4868,-0.7602813127840508,0.0,-0.4391709580720064,10.823968438281,106.775203557751,0.0,1,0,-1.709276224228461,0.0,0.0,0.0,1.0,0.0
4738,0.1330128034148692,0.15384615384615385,0.1302907279796492,10.817515799509698,106.68903440237044,3.0,0,1,0.11316161425994499,0.0,0.0,0.0,0.0,1.0
1024,0.310967493112446,0.0,-1.7072229052631471,10.8798084409142,106.764491507313,0.0,1,0,0.30272686033993124,0.0,0.0,0.0,1.0,0.0
2094,-0.3271071868061051,0.23076923076923078,0.963530485543728,10.7515112562729,106.721766372861,3.0,0,0,0.11316161425994499,0.0,0.0,0.0,1.0,0.0
2268,0.4281357043022882,0.15384615384615385,-0.4391709580720064,10.8018590207954,106.8127242528,3.0,0,0,0.11316161425994499,0.0,0.0,0.0,1.0,0.0
416,-1.6356139825265459,0.15384615384615385,-1.2015945422910468,10.7640870192078,106.644711536571,2.0,0,0,-0.3306552193971129,0.0,0.0,0.0,1.0,0.0
1535,-0.17133430316050988,0.23076923076923078,1.5713987371125986,10.7699101271216,106.68858384739,3.0,0,0,0.782381234505476,0.0,0.0,0.0,1.0,0.0
6042,-1.8168784451644522,0.15384615384615385,-1.7072229052631471,10.8482722418565,106.642342120847,0.0,1,0,-0.3306552193971129,0.0,0.0,0.0,0.0,1.0
2522,-1.5260472017317033,0.15384615384615385,-1.2015945422910468,10.7971632092102,106.672863195429,3.0,0,0,-0.5962397703258719,0.0,0.0,0.0,0.0,1.0
564,-0.7291543745677658,0.23076923076923078,1.434027398777648,10.7444508426577,106.732984648917,3.0,0,0,0.11316161425994499,0.0,0.0,0.0,0.0,1.0
478,0.6378280961214066,0.07692307692307693,1.5713987371125986,10.8505473347913,106.795959376022,3.0,0,0,1.5888228250383352,0.0,0.0,0.0,0.0,1.0
4585,-0.04974733457061966,0.0,-0.7884660886417492,10.7969172992678,106.664897659777,3.0,0,0,-2.28145563852695,0.0,0.0,0.0,1.0,0.0
1203,-0.17133430316050988,0.3076923076923077,0.1302907279796492,10.7940555531389,106.674867448105,3.0,0,1,0.30272686033993124,0.0,0.0,1.0,0.0,0.0
4229,-0.6986692748486453,0.23076923076923078,-1.7072229052631471,10.7971804305777,106.681240362888,0.0,1,0,-0.09639304316274322,0.0,0.0,0.0,0.0,1.0
142,-0.8577985162466776,0.15384615384615385,-1.7072229052631471,10.7585521117095,106.645887670004,3.0,0,0,-0.3306552193971129,0.0,0.0,0.0,1.0,0.0
3328,2.3101835745616155,0.23076923076923078,0.1302907279796492,10.7584649965115,106.764788454753,3.0,0,1,1.0479657854342355,0.0,0.0,0.0,1.0,0.0
3871,0.2487067167045892,0.3076923076923077,-0.7884660886417492,10.7616007360089,106.690136269538,3.0,0,0,2.2307964070632096,0.0,0.0,0.0,1.0,0.0
5319,-0.5012464551475065,0.38461538461538464,0.1302907279796492,10.8290620084939,106.689348870624,0.0,1,0,0.11316161425994499,0.0,1.0,0.0,1.0,0.0
3475,-0.5012464551475065,0.23076923076923078,-0.7884660886417492,10.7695642916571,106.612928089678,3.0,0,0,0.4757863711357461,0.0,0.0,0.0,1.0,0.0
605,-0.2360953837240995,0.23076923076923078,0.1302907279796492,10.6928391084013,106.740861887214,3.0,0,0,0.11316161425994499,0.0,0.0,0.0,0.0,1.0
1194,-0.4750780736920162,0.3076923076923077,-0.4391709580720064,10.8632807018781,106.63941803443,3.0,0,0,0.11316161425994499,0.0,0.0,0.0,0.0,1.0
1322,0.7324828108776685,0.3076923076923077,-0.13659775324274978,10.7985761572329,106.630438530429,0.0,1,1,0.4757863711357461,1.0,0.0,0.0,1.0,0.0
2225,-0.6986692748486453,0.23076923076923078,0.1302907279796492,10.7692700939212,106.697511939828,3.0,0,1,-0.3306552193971129,0.0,0.0,0.0,1.0,0.0
1721,-0.4493648176687783,0.3076923076923077,-0.4391709580720064,10.805684503851,106.605347487786,2.0,0,0,0.4757863711357461,0.0,0.0,0.0,0.0,1.0
497,-0.011343228479551189,0.23076923076923078,-0.13659775324274978,10.7677770370564,106.595382277741,0.0,1,0,-0.09639304316274322,0.0,0.0,0.0,0.0,1.0
3616,1.304965564000573,0.15384615384615385,1.5713987371125986,10.81067,106.789,3.0,0,0,0.30272686033993124,0.0,0.0,0.0,1.0,0.0
2609,1.5082129806834967,0.6153846153846154,0.1302907279796492,10.7641890647208,106.69410971356,3.0,0,1,3.0142443347171786,0.0,0.0,0.0,1.0,0.0
5881,1.5350950840717457,0.3076923076923077,0.1302907279796492,10.7674683889313,106.69738112558,3.0,0,1,-0.09639304316274322,0.0,1.0,0.0,1.0,0.0
2799,-0.5278863642596802,0.15384615384615385,0.1302907279796492,10.8444059211117,106.733193696348,3.0,0,1,-0.3306552193971129,0.0,0.0,1.0,0.0,0.0
2655,0.29564637201642957,0.23076923076923078,0.1302907279796492,10.7549818130859,106.619749462724,3.0,0,1,0.11316161425994499,0.0,0.0,1.0,0.0,0.0
721,0.8639894412629446,0.3076923076923077,1.8234285872700184,10.7668210804116,106.691084901206,3.0,0,0,3.6094174118945572,0.0,0.0,0.0,0.0,1.0
5842,-0.10929128578611225,0.3076923076923077,0.1302907279796492,10.7722102587974,106.669400857382,3.0,0,1,0.11316161425994499,0.0,1.0,0.0,1.0,0.0
1025,-0.3992422225807697,0.15384615384615385,-0.7884660886417492,10.8597981582172,106.738634603699,2.0,0,0,-0.5962397703258719,0.0,0.0,0.0,0.0,1.0
2833,0.29564637201642957,0.23076923076923078,0.1302907279796492,10.6965918230511,106.740549700119,3.0,0,1,-0.09639304316274322,0.0,0.0,0.0,1.0,0.0
1295,-0.3992422225807697,0.07692307692307693,-0.7884660886417492,10.7896526653665,106.679030979104,3.0,0,0,-0.9028346336956022,0.0,0.0,0.0,0.0,1.0
2523,-0.6395223895560433,0.23076923076923078,0.1302907279796492,10.8125333494646,106.68502334892,3.0,0,1,0.30272686033993124,0.0,0.0,1.0,0.0,0.0
2045,-2.353425128614761,0.07692307692307693,0.1302907279796492,10.784935272794,106.648229162358,3.0,0,1,-1.265459390571404,0.0,0.0,0.0,1.0,0.0
2942,0.7664722378003171,0.4615384615384616,-0.13659775324274978,10.8040118014214,106.644956400416,0.0,1,1,1.5888228250383352,0.0,0.0,0.0,1.0,0.0
1354,-0.5278863642596802,0.3076923076923077,0.1302907279796492,10.7932583037954,106.640202947743,3.0,0,1,0.30272686033993124,0.0,0.0,0.0,1.0,0.0
2133,-0.5012464551475065,0.23076923076923078,-0.4391709580720064,10.7724552077819,106.684824266293,2.0,0,1,0.11316161425994499,0.0,0.0,0.0,1.0,0.0
2457,-0.2360953837240995,0.3076923076923077,2.0502110105697895,10.7626067450978,106.690020342219,0.0,1,0,-0.09639304316274322,0.0,0.0,0.0,1.0,0.0
5072,-0.15036267557913827,0.23076923076923078,-0.13659775324274978,10.8402418553276,106.713802538313,2.0,0,0,0.11316161425994499,1.0,0.0,0.0,1.0,0.0
1302,-0.15036267557913827,0.07692307692307693,0.1302907279796492,10.80388987194,106.62929061703,1.0,0,0,-1.709276224228461,0.0,0.0,1.0,0.0,0.0
2034,1.265537228595943,0.0,0.1302907279796492,10.8560199194482,106.596870654405,3.0,0,0,-1.265459390571404,0.0,0.0,0.0,1.0,0.0
5631,-1.154485113689163,0.23076923076923078,-0.4391709580720064,10.8325172906654,106.638811373716,2.0,0,0,-0.3306552193971129,0.0,0.0,0.0,1.0,0.0
2464,0.7209771111378261,0.4615384615384616,-0.13659775324274978,10.7697416324461,106.688361032705,0.0,1,1,0.11316161425994499,0.0,0.0,0.0,1.0,0.0
2945,-0.7291543745677658,0.15384615384615385,0.1302907279796492,10.7792870337532,106.647290509566,3.0,0,1,-0.09639304316274322,0.0,0.0,0.0,1.0,0.0
2182,-0.37480406362233243,0.23076923076923078,1.5713987371125986,10.7975767486355,106.689460964561,3.0,0,0,-0.3306552193971129,0.0,0.0,0.0,0.0,1.0
1978,-0.6688000780565717,0.3076923076923077,0.1302907279796492,10.7612922360614,106.590779807841,2.0,0,0,-0.09639304316274322,0.0,0.0,0.0,0.0,1.0
336,0.08051705379647196,0.23076923076923078,-0.13659775324274978,10.67841317159632,106.75400285073236,0.0,1,1,0.11316161425994499,0.0,0.0,0.0,1.0,0.0
5518,-0.6108132359423499,0.15384615384615385,-0.13659775324274978,10.8442825940127,106.715981475692,0.0,1,1,-0.5962397703258719,0.0,0.0,0.0,1.0,0.0
2245,-0.10929128578611225,0.07692307692307693,-0.4391709580720064,10.7872567152836,106.651453144701,2.0,0,0,-1.265459390571404,0.0,0.0,0.0,1.0,0.0
5886,1.3881753703228958,0.3076923076923077,0.1302907279796492,10.8058722070346,106.668405566338,3.0,0,1,1.0479657854342355,0.0,1.0,0.0,1.0,0.0
5001,-0.9265771942689038,0.15384615384615385,-0.7884660886417492,10.7957132251962,106.621994311236,0.0,1,0,-0.5962397703258719,0.0,0.0,0.0,1.0,0.0
5411,0.21656469094070732,0.07692307692307693,0.5849971026224333,10.7703495730236,106.632209012729,3.0,0,0,-1.265459390571404,0.0,0.0,0.0,1.0,0.0
4040,1.8782671900078807,0.0,2.0502110105697895,10.8429524482172,106.820171608213,3.0,0,0,0.30272686033993124,0.0,0.0,0.0,1.0,0.0
2751,-0.7602813127840508,0.15384615384615385,-0.13659775324274978,10.7860218191773,106.671587186393,0.0,1,1,0.4757863711357461,0.0,0.0,0.0,0.0,1.0
6018,0.3707119834879608,0.15384615384615385,0.1302907279796492,10.7513468088802,106.593822709259,3.0,0,1,-0.09639304316274322,0.0,0.0,0.0,1.0,0.0
3341,0.4281357043022882,0.07692307692307693,0.963530485543728,10.8296753358196,106.702488961944,3.0,0,0,-0.5962397703258719,0.0,0.0,1.0,0.0,0.0
724,-0.37480406362233243,0.23076923076923078,0.1302907279796492,10.8298100181314,106.702253812716,0.0,1,0,-0.09639304316274322,0.0,0.0,0.0,1.0,0.0
765,0.08051705379647196,0.15384615384615385,-1.2015945422910468,10.8198627626357,106.702744157471,3.0,0,0,0.11316161425994499,0.0,0.0,1.0,0.0,0.0
286,-0.3992422225807697,0.23076923076923078,-1.2015945422910468,10.7914516544104,106.675114022052,0.0,1,0,0.4757863711357461,0.0,0.0,0.0,1.0,0.0
3270,0.3707119834879608,0.23076923076923078,0.963530485543728,10.7983886274373,106.827481054886,3.0,0,0,-0.09639304316274322,0.0,0.0,0.0,0.0,1.0
307,-0.2360953837240995,0.07692307692307693,-1.2015945422910468,10.7906584336231,106.573007777838,0.0,1,0,-1.265459390571404,0.0,0.0,0.0,1.0,0.0
3221,-0.069330070593773,0.23076923076923078,-0.7884660886417492,10.8255988612542,106.689963225037,2.0,0,0,1.9355994527483495,0.0,0.0,0.0,0.0,1.0
2436,-0.6395223895560433,0.23076923076923078,-1.2015945422910468,10.7931499864306,106.676504865055,0.0,1,0,-0.09639304316274322,0.0,0.0,0.0,0.0,1.0
4896,-0.7291543745677658,0.0,-1.7072229052631471,10.792079783346,106.691889422074,3.0,0,0,-1.265459390571404,0.0,0.0,0.0,1.0,0.0
5297,0.3707119834879608,0.23076923076923078,-0.4391709580720064,10.79850062581,106.591726575181,3.0,0,0,0.11316161425994499,0.0,0.0,0.0,1.0,0.0
4410,-0.28090108395535385,0.15384615384615385,-0.4391709580720064,10.7985522024726,106.606603283537,3.0,0,0,-0.09639304316274322,0.0,0.0,0.0,0.0,1.0
5707,0.1330128034148692,0.3076923076923077,1.287787426350749,10.841459669827964,106.7104876067132,0.0,1,0,0.11316161425994499,0.0,0.0,0.0,1.0,0.0
3290,0.48341223409930084,0.23076923076923078,0.1302907279796492,10.8379371750268,106.611878314304,3.0,0,1,0.6349856886503463,1.0,0.0,0.0,1.0,0.0
4370,0.9847483644909514,0.23076923076923078,0.1302907279796492,10.7428815553156,106.729292482289,3.0,0,0,-0.3306552193971129,0.0,0.0,0.0,1.0,0.0
4414,0.5754359289154177,0.3076923076923077,-0.13659775324274978,10.7986335341482,106.692965876655,0.0,1,1,3.1911546302336715,0.0,0.0,0.0,0.0,0.0
5339,-1.424042969164965,0.07692307692307693,0.1302907279796492,10.8556431126228,106.761493916623,3.0,0,1,-1.709276224228461,0.0,0.0,1.0,0.0,0.0
2259,-1.424042969164965,0.07692307692307693,-0.7884660886417492,10.7921516205217,106.677722084051,3.0,0,0,-1.265459390571404,0.0,0.0,1.0,0.0,0.0
71,0.6740374558259857,0.07692307692307693,-0.13659775324274978,10.7460756626888,106.705656722188,3.0,0,0,1.5888228250383352,0.0,0.0,0.0,1.0,0.0
4596,-0.03042058936361902,0.23076923076923078,-0.4391709580720064,10.84360668045008,106.68168882374748,2.0,0,1,-0.09639304316274322,0.0,0.0,0.0,1.0,0.0
711,1.985191476882123,0.07692307692307693,0.1302907279796492,10.7591359971385,106.687555768279,3.0,0,1,2.7153435996542745,0.0,0.0,0.0,1.0,0.0
421,0.21656469094070732,0.15384615384615385,0.1302907279796492,10.8083396615452,106.684204967681,3.0,0,1,1.8544073759670945,0.0,0.0,0.0,0.0,1.0
1020,-0.3271071868061051,0.23076923076923078,-0.13659775324274978,10.8198293808424,106.702951132345,0.0,1,1,-0.09639304316274322,0.0,0.0,0.0,0.0,1.0
1695,0.21656469094070732,0.23076923076923078,0.963530485543728,10.8302075396223,106.705517109526,0.0,1,0,0.11316161425994499,0.0,0.0,0.0,0.0,1.0
3532,-0.04974733457061966,0.23076923076923078,-0.13659775324274978,10.6972044761898,106.740397074378,0.0,1,0,-0.09639304316274322,0.0,0.0,0.0,0.0,1.0
2570,-0.15036267557913827,0.07692307692307693,-0.13659775324274978,10.77446,106.6357,0.0,1,1,-1.265459390571404,0.0,0.0,0.0,1.0,0.0
737,0.4139875106418454,0.3076923076923077,-0.13659775324274978,10.8590406866448,106.756435906335,0.0,1,1,0.9196032047928032,0.0,0.0,0.0,0.0,1.0
2600,1.2167918808874494,0.15384615384615385,-0.7884660886417492,10.8813660032511,106.676943968659,0.0,1,0,-0.5962397703258719,0.0,0.0,0.0,1.0,0.0
2345,0.26451943380014525,0.15384615384615385,0.1302907279796492,10.7628915194142,106.630053624683,3.0,0,1,0.30272686033993124,0.0,0.0,0.0,1.0,0.0
5525,0.9053480809024144,0.4615384615384616,0.1302907279796492,10.7694438886114,106.690455631328,3.0,0,1,1.769759295385021,0.0,1.0,0.0,1.0,0.0
3479,-1.0361439750637471,0.07692307692307693,-1.7072229052631471,10.7765733981852,106.605641773778,3.0,0,0,-1.265459390571404,0.0,0.0,0.0,1.0,0.0
5846,-0.6986692748486453,0.15384615384615385,0.1302907279796492,10.7768893461534,106.65447596527,0.0,1,0,-0.3306552193971129,0.0,0.0,0.0,0.0,1.0
1835,1.373390497564838,0.5384615384615385,0.1302907279796492,10.8358600886007,106.66109683051,0.0,1,0,5.525626877637214,0.0,0.0,0.0,0.0,1.0
4498,1.0601009748869976,0.3076923076923077,0.1302907279796492,10.838877848321,106.648830636088,3.0,0,0,1.0479657854342355,0.0,0.0,0.0,0.0,1.0
1210,-0.7291543745677658,0.15384615384615385,-0.7884660886417492,10.7710554857348,106.643704722429,2.0,0,0,-0.3306552193971129,0.0,0.0,1.0,0.0,0.0
3768,2.1869059540379316,0.15384615384615385,-0.13659775324274978,10.783029226215,106.686796228061,0.0,1,1,0.11316161425994499,0.0,0.0,0.0,1.0,0.0
1095,0.8534664434236847,0.07692307692307693,1.287787426350749,10.8739263042032,106.767648162645,3.0,0,0,0.11316161425994499,0.0,0.0,0.0,0.0,1.0
3767,-0.04974733457061966,0.15384615384615385,-0.13659775324274978,10.69898,106.6419,0.0,1,1,-0.5962397703258719,0.0,0.0,1.0,0.0,0.0
2328,0.3411414986789205,0.15384615384615385,0.1302907279796492,10.7654724037317,106.663321051459,3.0,0,1,0.30272686033993124,0.0,0.0,0.0,0.0,1.0
3275,0.9053480809024144,0.15384615384615385,0.963530485543728,10.7807912908168,106.79210719153,3.0,0,0,-0.09639304316274322,0.0,0.0,0.0,0.0,1.0
2770,-0.5826509567402912,0.0,-0.7884660886417492,10.8290656930809,106.772948889954,2.0,0,0,-1.265459390571404,0.0,0.0,0.0,0.0,1.0
4939,1.3881753703228958,0.15384615384615385,-0.13659775324274978,10.836193146819996,106.84216655722793,0.0,1,1,-0.09639304316274322,0.0,0.0,0.0,1.0,0.0
978,-0.37480406362233243,0.23076923076923078,0.1302907279796492,10.7932242888024,106.687243834243,3.0,0,1,0.11316161425994499,0.0,0.0,1.0,0.0,0.0
4461,3.3349843211458117,0.07692307692307693,-0.13659775324274978,10.7868327038361,106.729760638267,0.0,1,1,3.5748264585073763,0.0,0.0,0.0,1.0,0.0
1412,-2.660414729110742,0.15384615384615385,-0.13659775324274978,10.8084075653761,106.687810652099,0.0,1,1,-1.265459390571404,0.0,0.0,0.0,1.0,0.0
5362,0.1330128034148692,0.15384615384615385,-0.13659775324274978,10.8351927713619,106.683670639215,0.0,1,1,-0.09639304316274322,0.0,1.0,0.0,1.0,0.0
3904,-0.3271071868061051,0.23076923076923078,0.963530485543728,10.6919146667698,106.736218337204,3.0,0,0,0.11316161425994499,0.0,0.0,0.0,0.0,1.0
3016,-1.6356139825265459,0.07692307692307693,-0.13659775324274978,10.7502657802172,106.631856427016,0.0,1,1,-1.265459390571404,0.0,0.0,0.0,1.0,0.0
5545,-0.15036267557913827,0.15384615384615385,-0.4391709580720064,10.7844734660736,106.650923966714,2.0,0,1,-0.5962397703258719,0.0,0.0,0.0,1.0,0.0
344,0.20022778488202966,0.3076923076923077,-0.13659775324274978,10.7955208927378,106.680124163984,0.0,1,1,1.9355994527483495,0.0,0.0,0.0,0.0,1.0
2451,0.29564637201642957,0.07692307692307693,0.1302907279796492,10.7901211179294,106.589225045521,3.0,0,0,0.6349856886503463,0.0,0.0,0.0,1.0,0.0
911,-1.2831292553680742,0.23076923076923078,-1.7072229052631471,10.8016222564963,106.687612201687,3.0,0,0,-0.3306552193971129,0.0,0.0,1.0,0.0,0.0
2584,0.3707119834879608,0.3076923076923077,0.1302907279796492,10.8006897706791,106.642988836649,3.0,0,1,1.1685438955241836,0.0,0.0,0.0,0.0,1.0
47,1.807979093830051,0.07692307692307693,0.5849971026224333,10.7815421740068,106.527196166558,3.0,0,0,-0.5962397703258719,0.0,0.0,1.0,0.0,0.0
2644,0.4281357043022882,0.23076923076923078,-1.7072229052631471,10.724317878708,106.726464408095,3.0,0,0,0.9196032047928032,0.0,0.0,0.0,1.0,0.0
5455,1.1317986567300606,0.15384615384615385,-0.13659775324274978,10.788597071525718,106.80042908787392,0.0,1,1,0.11316161425994499,0.0,0.0,0.0,0.0,1.0
1350,0.7887053628600965,0.23076923076923078,0.5849971026224333,10.8077237677945,106.645930672131,3.0,0,0,0.6349856886503463,0.0,0.0,0.0,0.0,1.0
443,-0.28090108395535385,0.23076923076923078,0.963530485543728,10.6927206131217,106.741057034401,3.0,0,0,0.11316161425994499,0.0,0.0,0.0,0.0,1.0
2414,0.3707119834879608,0.15384615384615385,0.1302907279796492,10.7438970976317,106.608921639358,3.0,0,1,0.11316161425994499,0.0,0.0,1.0,0.0,0.0
1061,0.11572050155235063,0.3076923076923077,-0.13659775324274978,10.83554285270771,106.84372023571056,0.0,1,1,0.30272686033993124,0.0,0.0,0.0,1.0,0.0
3481,-0.4750780736920162,0.23076923076923078,-0.13659775324274978,10.7620215919937,106.667186392024,0.0,1,1,0.9196032047928032,0.0,0.0,0.0,1.0,0.0
5700,-0.5826509567402912,0.23076923076923078,-0.7884660886417492,10.7843673717223,106.778986187145,2.0,0,0,0.11316161425994499,0.0,0.0,1.0,0.0,0.0
5671,0.3707119834879608,0.23076923076923078,2.0502110105697895,10.7558129898221,106.606477744459,0.0,1,0,0.11316161425994499,0.0,0.0,0.0,0.0,1.0
2417,1.1833785954106828,0.38461538461538464,0.5849971026224333,10.8083101680578,106.687979480697,0.0,1,0,1.1685438955241836,0.0,0.0,0.0,0.0,1.0
3893,0.29564637201642957,0.4615384615384616,0.1302907279796492,10.7637712980099,106.686251971999,3.0,0,1,0.30272686033993124,0.0,0.0,0.0,1.0,0.0
2549,0.21656469094070732,0.07692307692307693,-0.4391709580720064,10.8391823331996,106.781535596121,3.0,0,0,-0.9028346336956022,0.0,0.0,1.0,0.0,0.0
2741,0.29564637201642957,0.07692307692307693,0.1302907279796492,10.8203349421179,106.703945064519,2.0,0,0,-0.5962397703258719,0.0,0.0,1.0,0.0,0.0
2807,0.5366963775693665,0.23076923076923078,-0.13659775324274978,10.7902444881553,106.693840851733,0.0,1,1,0.4757863711357461,0.0,0.0,0.0,0.0,1.0
4320,-1.6356139825265459,0.07692307692307693,-0.13659775324274978,10.7593632570059,106.687816746859,0.0,1,1,-1.265459390571404,0.0,0.0,0.0,1.0,0.0
1055,-0.2360953837240995,0.0,-1.7072229052631471,10.7033675228425,106.703876423949,3.0,0,0,-0.09639304316274322,0.0,0.0,1.0,0.0,0.0
848,-0.1926076911174569,0.07692307692307693,-0.13659775324274978,10.8712828261615,106.631176806986,3.0,0,0,-1.265459390571404,0.0,0.0,0.0,0.0,1.0
2988,-1.113976416559445,0.15384615384615385,-1.7072229052631471,10.8249780315671,106.688238891375,1.0,0,1,-0.5962397703258719,0.0,0.0,0.0,1.0,0.0
3703,-0.04974733457061966,0.07692307692307693,-0.4391709580720064,10.7347279784393,106.613154513247,2.0,0,1,-0.9028346336956022,0.0,0.0,0.0,1.0,0.0
1294,-0.5826509567402912,0.15384615384615385,-0.13659775324274978,10.7974748607388,106.696075508584,0.0,1,1,-0.3306552193971129,0.0,0.0,0.0,1.0,0.0
3803,-1.5798158528105595,0.07692307692307693,-0.13659775324274978,10.7821461133585,106.673176308747,0.0,1,1,-0.9028346336956022,0.0,0.0,0.0,1.0,0.0
5288,0.4281357043022882,0.15384615384615385,0.1302907279796492,10.8589520810071,106.756438018946,3.0,0,1,-0.09639304316274322,0.0,0.0,0.0,1.0,0.0
6027,0.6378280961214066,0.23076923076923078,-1.2015945422910468,10.7992051520477,106.650553810107,2.0,0,0,0.9196032047928032,0.0,0.0,0.0,1.0,0.0
5993,-0.5012464551475065,0.23076923076923078,0.1302907279796492,10.8654417211459,106.614464290022,2.0,0,0,0.11316161425994499,0.0,0.0,0.0,0.0,1.0
4489,1.883538051044993,0.5384615384615385,0.1302907279796492,10.7481881717709,106.71587604964,3.0,0,1,0.30272686033993124,0.0,0.0,0.0,1.0,0.0
4667,0.7093811696941079,0.3076923076923077,0.1302907279796492,10.8053268828039,106.698885168493,3.0,0,1,0.11316161425994499,0.0,1.0,0.0,1.0,0.0
1112,-0.4240911260771986,0.3076923076923077,0.1302907279796492,10.8800251214573,106.665589162296,3.0,0,0,0.30272686033993124,0.0,0.0,0.0,0.0,1.0
4844,1.0601009748869976,0.0,2.0502110105697895,10.8289812780777,106.642580499946,3.0,0,0,-2.28145563852695,0.0,0.0,0.0,0.0,1.0
776,-0.3038236354463698,0.23076923076923078,0.1302907279796492,10.7650971211566,106.616524736616,0.0,1,0,-0.09639304316274322,0.0,0.0,0.0,0.0,1.0
5957,0.18370833978305584,0.23076923076923078,-0.13659775324274978,10.8265195514828,106.819936185314,0.0,1,1,0.4757863711357461,0.0,0.0,0.0,1.0,0.0
183,-0.28090108395535385,0.3076923076923077,-0.7884660886417492,10.8257668191059,106.631456427276,2.0,0,0,-0.09639304316274322,0.0,0.0,0.0,0.0,1.0
4291,-0.37480406362233243,0.07692307692307693,1.9396557617497485,10.879043,106.55251,3.0,0,0,-0.9028346336956022,0.0,1.0,0.0,0.0,1.0
4302,0.09822355231529148,0.23076923076923078,0.1302907279796492,10.7613277078276,106.690051545918,3.0,0,1,1.1685438955241836,0.0,0.0,0.0,0.0,1.0
1507,-0.9265771942689038,0.07692307692307693,-1.7072229052631471,10.7516952438894,106.728664476505,2.0,0,0,-0.9028346336956022,0.0,0.0,0.0,0.0,1.0
3181,-0.3271071868061051,0.38461538461538464,-0.7884660886417492,10.812880773716,106.709334067507,2.0,0,0,1.5888228250383352,0.0,0.0,0.0,1.0,0.0
734,-1.375564037342406,0.23076923076923078,-0.13659775324274978,10.8108545843353,106.70180765453,0.0,1,1,-0.3306552193971129,0.0,0.0,0.0,0.0,1.0
2002,-1.5260472017317033,0.15384615384615385,-1.7072229052631471,10.8147979932786,106.672280291467,3.0,0,0,-0.5962397703258719,0.0,0.0,0.0,0.0,1.0
5002,-1.1961350497447065,0.15384615384615385,0.1302907279796492,10.7935415085438,106.689504201488,3.0,0,1,-0.9028346336956022,0.0,0.0,0.0,1.0,0.0
1168,-0.4240911260771986,0.07692307692307693,-0.7884660886417492,10.8715567146331,106.677831149338,3.0,0,0,-0.9028346336956022,0.0,0.0,0.0,1.0,0.0
3837,0.8639894412629446,0.23076923076923078,-0.13659775324274978,10.7957026509482,106.775844596923,0.0,1,1,0.11316161425994499,0.0,1.0,0.0,0.0,0.0
5875,1.3881753703228958,0.4615384615384616,0.1302907279796492,10.8153336594215,106.673087994832,3.0,0,1,1.0479657854342355,0.0,0.0,0.0,1.0,0.0
2991,0.3560006685276249,0.07692307692307693,0.5849971026224333,10.8880406184903,106.620476614,3.0,0,0,-1.265459390571404,0.0,0.0,0.0,1.0,0.0
4144,0.7093811696941079,0.23076923076923078,0.963530485543728,10.7779444235626,106.747389593819,3.0,0,0,-0.09639304316274322,0.0,1.0,1.0,0.0,0.0
3109,-0.8917879431693261,0.23076923076923078,0.1302907279796492,10.7519161925297,106.645630156605,2.0,0,0,0.4757863711357461,0.0,0.0,0.0,0.0,1.0
2410,-0.28090108395535385,0.23076923076923078,3.566232722406522,10.83552113798,106.660959435348,3.0,0,0,-0.09639304316274322,0.0,0.0,0.0,0.0,1.0
485,-0.17133430316050988,0.07692307692307693,-0.13659775324274978,10.7809348594499,106.676347035284,0.0,1,1,-0.5962397703258719,1.0,0.0,0.0,1.0,0.0
5820,0.5754359289154177,0.15384615384615385,0.1302907279796492,10.8055440100515,106.717789669664,3.0,0,1,0.6349856886503463,0.0,1.0,0.0,1.0,0.0
452,-0.10929128578611225,0.15384615384615385,0.1302907279796492,10.7965167618534,106.675649605645,3.0,0,1,-0.5962397703258719,0.0,0.0,0.0,1.0,0.0
4379,-0.2360953837240995,0.3076923076923077,0.1302907279796492,10.7919378860355,106.691408358523,3.0,0,1,-0.09639304316274322,0.0,1.0,0.0,1.0,0.0
3126,-0.2360953837240995,0.07692307692307693,-1.2015945422910468,10.7937365944551,106.642324779593,0.0,1,0,-0.5962397703258719,0.0,0.0,0.0,1.0,0.0
4817,-1.154485113689163,0.07692307692307693,-0.13659775324274978,10.8031409372034,106.716579378709,0.0,1,1,-0.5962397703258719,0.0,1.0,0.0,1.0,0.0
3820,1.2167918808874494,0.15384615384615385,-0.13659775324274978,10.7738908241205,106.628185740838,0.0,1,1,-0.5962397703258719,0.0,1.0,0.0,1.0,0.0
30,0.09822355231529148,0.07692307692307693,-0.13659775324274978,10.6668783989554,106.72414150089,0.0,1,1,0.30272686033993124,0.0,0.0,1.0,0.0,0.0
789,-1.2831292553680742,0.07692307692307693,-1.7072229052631471,10.7402904424503,106.735842361381,3.0,0,0,-1.265459390571404,0.0,0.0,0.0,0.0,1.0
4487,1.149192680354979,0.3076923076923077,0.1302907279796492,10.7415791159822,106.698957377089,3.0,0,1,1.1685438955241836,0.0,0.0,0.0,0.0,1.0
2927,1.1405212481365465,0.23076923076923078,0.1302907279796492,10.789910798387,106.702479528527,2.0,0,0,-0.5962397703258719,0.0,0.0,0.0,1.0,0.0
1554,1.7283496603720232,0.07692307692307693,0.963530485543728,10.7142211144008,106.737025395632,0.0,1,0,0.30272686033993124,0.0,0.0,0.0,0.0,1.0
2873,-1.5798158528105595,0.15384615384615385,-1.7072229052631471,10.793208025232,106.687284978366,1.0,0,0,-0.9028346336956022,0.0,0.0,1.0,0.0,0.0
1509,-1.0361439750637471,0.3076923076923077,-0.13659775324274978,10.8318354458161,106.690179180086,0.0,1,1,0.11316161425994499,0.0,0.0,0.0,0.0,1.0
1109,-0.7291543745677658,0.23076923076923078,0.1302907279796492,10.793858046038,106.668502749181,3.0,0,1,-0.09639304316274322,0.0,1.0,0.0,1.0,0.0
100,-0.5012464551475065,0.23076923076923078,-0.4391709580720064,10.7432718196136,106.722533665431,2.0,0,1,-0.09639304316274322,0.0,0.0,0.0,0.0,1.0
5094,-1.113976416559445,0.15384615384615385,-1.2015945422910468,10.8203086496271,106.703651707435,3.0,0,0,0.11316161425994499,0.0,0.0,0.0,0.0,1.0
4450,0.7093811696941079,0.4615384615384616,0.1302907279796492,10.7915588922281,106.691771824472,3.0,0,1,0.11316161425994499,0.0,1.0,0.0,1.0,0.0
3519,-0.4240911260771986,0.23076923076923078,-0.7884660886417492,10.8381291777216,106.636864357635,3.0,0,0,0.11316161425994499,0.0,0.0,0.0,0.0,1.0
1443,-0.3992422225807697,0.07692307692307693,-0.4391709580720064,10.7976157016747,106.696110607234,2.0,0,0,-0.9028346336956022,0.0,0.0,1.0,0.0,0.0
2338,-0.10929128578611225,0.15384615384615385,0.1302907279796492,10.79085389855,106.672519374167,3.0,0,1,0.30272686033993124,0.0,0.0,0.0,1.0,0.0
6199,0.1330128034148692,0.07692307692307693,-0.4391709580720064,10.795875187327,106.706867931159,2.0,0,1,-0.09639304316274322,0.0,0.0,0.0,1.0,0.0
6056,0.48341223409930084,0.15384615384615385,-0.4391709580720064,10.7952267064578,106.791366074783,3.0,0,0,-0.09639304316274322,0.0,1.0,0.0,0.0,1.0
1083,2.4019013463594336,0.0,0.1302907279796492,10.7995564060878,106.589327531089,3.0,0,1,-0.09639304316274322,0.0,0.0,0.0,0.0,1.0
3734,2.8898079826429384,0.0,0.1302907279796492,21.0289486097874,105.852447225903,3.0,0,1,0.30272686033993124,0.0,1.0,1.0,0.0,0.0
861,0.7664722378003171,0.15384615384615385,-0.13659775324274978,10.7573085423198,106.678093703598,0.0,1,0,0.4757863711357461,0.0,0.0,1.0,0.0,0.0
1891,0.6378280961214066,0.3076923076923077,0.1302907279796492,10.8849447214438,106.680936638736,3.0,0,1,0.9196032047928032,1.0,0.0,0.0,1.0,0.0
903,-0.8245729617021663,0.23076923076923078,-0.4391709580720064,10.7968372968183,106.683207117876,2.0,0,1,-0.09639304316274322,0.0,0.0,0.0,0.0,1.0
2284,-0.37480406362233243,0.3076923076923077,-0.13659775324274978,10.7762169557499,106.611136058299,0.0,1,1,0.782381234505476,0.0,0.0,0.0,1.0,0.0
109,-5.427827368367348,0.07692307692307693,0.1302907279796492,10.8219412576951,106.765586314147,3.0,0,1,0.9196032047928032,0.0,0.0,1.0,0.0,0.0
2996,-0.21419165043464608,0.23076923076923078,-1.2015945422910468,10.7842932049288,106.65109550811,2.0,0,0,-0.09639304316274322,0.0,0.0,0.0,0.0,1.0
1961,-0.35076329075821017,0.15384615384615385,-0.7884660886417492,10.8574805636241,106.626742121255,2.0,0,0,-0.3306552193971129,0.0,0.0,1.0,0.0,0.0
5303,-0.9622048207552769,0.23076923076923078,0.1302907279796492,10.7887887112421,106.69859737995,3.0,0,1,-0.9028346336956022,1.0,0.0,0.0,1.0,0.0
1558,0.21656469094070732,0.23076923076923078,2.0502110105697895,10.846718320959,106.722816489637,3.0,0,0,0.30272686033993124,0.0,0.0,0.0,1.0,0.0
3089,1.2413654375249032,0.3076923076923077,0.963530485543728,10.7757021702104,106.640818172967,0.0,1,0,1.9355994527483495,0.0,0.0,0.0,1.0,0.0
2227,-0.9622048207552769,0.07692307692307693,-2.3590912406621465,10.8455060562132,106.642407898547,0.0,1,0,-1.265459390571404,0.0,0.0,0.0,0.0,1.0
6116,1.2085090863672519,0.15384615384615385,1.434027398777648,10.8045403973595,106.79315461159,0.0,1,0,-0.09639304316274322,0.0,0.0,0.0,1.0,0.0
3910,-0.37480406362233243,0.23076923076923078,-0.4391709580720064,10.8821334410621,106.681401315115,0.0,1,0,0.30272686033993124,0.0,0.0,0.0,0.0,1.0
6153,0.1330128034148692,0.07692307692307693,0.1302907279796492,10.7265591351054,106.612052946714,3.0,0,0,-0.5962397703258719,0.0,0.0,1.0,0.0,0.0
927,0.04445490123643577,0.23076923076923078,1.287787426350749,10.7424066599051,106.71048392374,3.0,0,0,0.4757863711357461,0.0,0.0,0.0,0.0,1.0
5027,-0.7291543745677658,0.3076923076923077,-0.13659775324274978,10.7930703405847,106.669516983272,0.0,1,0,-0.09639304316274322,0.0,0.0,0.0,1.0,0.0
3194,0.1330128034148692,0.23076923076923078,-1.2015945422910468,10.8623121425639,106.723200831451,2.0,0,0,-0.3306552193971129,0.0,0.0,0.0,1.0,0.0
4012,-0.28090108395535385,0.15384615384615385,2.0502110105697895,10.7344319933194,106.657651005296,3.0,0,0,0.11316161425994499,0.0,0.0,0.0,0.0,1.0
2233,-0.37480406362233243,0.07692307692307693,-0.13659775324274978,10.7326292390927,106.628354717471,0.0,1,1,-1.265459390571404,0.0,0.0,0.0,1.0,0.0
1501,0.18370833978305584,0.4615384615384616,2.0502110105697895,10.8123125419805,106.688496805429,3.0,0,0,2.0136066934816945,0.0,0.0,0.0,0.0,1.0
2299,0.2487067167045892,0.23076923076923078,-0.4391709580720064,10.7921530998996,106.688136347388,3.0,0,0,0.4757863711357461,0.0,0.0,0.0,1.0,0.0
5917,0.8639894412629446,0.15384615384615385,0.963530485543728,10.70401,106.7127,0.0,1,0,0.11316161425994499,0.0,0.0,0.0,0.0,1.0
5444,0.8428680112644017,0.3076923076923077,-0.4391709580720064,10.7476226589953,106.685426398336,3.0,0,0,1.2822279616686043,0.0,0.0,0.0,1.0,0.0
1094,-1.424042969164965,0.07692307692307693,-1.7072229052631471,10.7543838071531,106.651879400819,3.0,0,0,-1.265459390571404,0.0,0.0,0.0,0.0,1.0
1121,0.04445490123643577,0.23076923076923078,-0.13659775324274978,10.87627363089,106.773076486965,0.0,1,1,0.11316161425994499,0.0,0.0,0.0,1.0,0.0
2603,-0.7602813127840508,0.15384615384615385,-0.13659775324274978,10.7265791790959,106.733651258275,0.0,1,1,-0.3306552193971129,0.0,0.0,0.0,0.0,1.0
1782,0.4139875106418454,0.0,0.5849971026224333,10.6511725450656,106.730036501086,0.0,1,0,0.4757863711357461,0.0,0.0,0.0,1.0,0.0
5151,-0.9622048207552769,0.23076923076923078,-1.2015945422910468,10.776355589655,106.610787260548,3.0,0,0,-0.09639304316274322,0.0,0.0,0.0,1.0,0.0
809,-0.5012464551475065,0.23076923076923078,-0.4391709580720064,10.8870634355757,106.724181442973,3.0,0,0,-0.09639304316274322,0.0,0.0,0.0,1.0,0.0
1578,-1.375564037342406,0.23076923076923078,0.1302907279796492,10.7883653635417,106.669777093566,3.0,0,1,-0.9028346336956022,0.0,0.0,1.0,0.0,0.0
1545,-0.12968436710496703,0.23076923076923078,0.1302907279796492,10.8591136054967,106.721690875761,3.0,0,1,0.4757863711357461,0.0,0.0,0.0,0.0,1.0
6093,0.6378280961214066,0.3076923076923077,-0.4391709580720064,10.7855352066543,106.698888237916,0.0,1,0,0.9196032047928032,0.0,0.0,0.0,0.0,1.0
5154,0.18370833978305584,0.3076923076923077,2.0502110105697895,10.7900947514626,106.696400382127,3.0,0,0,0.4757863711357461,0.0,0.0,0.0,1.0,0.0
6203,-1.6936008246407677,0.15384615384615385,-1.2015945422910468,10.7648098299732,106.615906910863,2.0,0,0,-0.5962397703258719,0.0,0.0,0.0,1.0,0.0
4412,-0.10929128578611225,0.23076923076923078,0.1302907279796492,10.8383688295943,106.636509355943,3.0,0,1,0.11316161425994499,0.0,0.0,0.0,1.0,0.0
4815,-0.4750780736920162,0.15384615384615385,-0.13659775324274978,10.8734978936253,106.768388488288,0.0,1,0,-0.09639304316274322,0.0,0.0,1.0,0.0,0.0
5933,-0.10929128578611225,0.38461538461538464,-0.13659775324274978,10.7932646520408,106.717814111965,0.0,1,1,1.6813478651712797,0.0,0.0,0.0,0.0,1.0
4556,-0.7602813127840508,0.23076923076923078,-0.7884660886417492,10.8426225601186,106.642683406051,0.0,1,0,0.11316161425994499,0.0,0.0,0.0,0.0,1.0
4192,3.256032610177421,0.15384615384615385,-0.4391709580720064,10.8122729733641,106.687940800439,2.0,0,0,2.2307964070632096,0.0,0.0,1.0,0.0,0.0
5349,0.6378280961214066,0.15384615384615385,2.2563469756017906,10.767900483332,106.777781991364,0.0,1,0,-0.3306552193971129,0.0,0.0,0.0,1.0,0.0
5322,0.06259592582891907,0.3076923076923077,0.1302907279796492,10.8156537890808,106.60171702589,3.0,0,0,0.4757863711357461,0.0,0.0,0.0,0.0,1.0
3951,-0.011343228479551189,0.15384615384615385,-0.13659775324274978,10.7978780065197,106.704989690601,0.0,1,1,-0.09639304316274322,0.0,0.0,0.0,0.0,1.0
6266,-0.15036267557913827,0.23076923076923078,0.5849971026224333,10.7978595795945,106.658393647776,3.0,0,0,0.11316161425994499,0.0,0.0,1.0,0.0,0.0
5364,0.21656469094070732,0.15384615384615385,0.1302907279796492,10.8083396615452,106.684204967681,3.0,0,1,1.8544073759670945,0.0,0.0,0.0,0.0,1.0
2350,-0.10929128578611225,0.23076923076923078,-1.2015945422910468,10.8646481774056,106.640368126535,2.0,0,0,-0.09639304316274322,0.0,0.0,0.0,0.0,1.0
3172,-0.37480406362233243,0.07692307692307693,2.0502110105697895,10.7317278634584,106.74479821006,3.0,0,0,-1.265459390571404,0.0,0.0,0.0,1.0,0.0
3340,-0.08917566997524837,0.23076923076923078,0.5849971026224333,10.8055353313323,106.605114951119,3.0,0,0,0.11316161425994499,0.0,0.0,0.0,0.0,1.0
4567,-0.5826509567402912,0.15384615384615385,-0.13659775324274978,10.7876093875014,106.601509662527,0.0,1,1,-0.3306552193971129,0.0,0.0,0.0,1.0,0.0
1922,-0.4750780736920162,0.15384615384615385,-0.7884660886417492,10.7320310474063,106.74516703866,0.0,1,0,-0.3306552193971129,0.0,0.0,0.0,0.0,1.0
5409,-0.6986692748486453,0.15384615384615385,-0.4391709580720064,10.7720640253178,106.646025060065,0.0,1,0,-0.3306552193971129,0.0,0.0,0.0,1.0,0.0
5526,1.3881753703228958,0.5384615384615385,0.1302907279796492,10.7797170767124,106.686579303672,3.0,0,1,1.0479657854342355,0.0,1.0,0.0,1.0,0.0
1204,-0.35076329075821017,0.15384615384615385,-1.2015945422910468,10.7870203022379,106.758318596416,2.0,0,0,-1.265459390571404,0.0,0.0,0.0,0.0,1.0
5907,-0.8917879431693261,0.07692307692307693,-1.2015945422910468,10.6845568805857,106.750107102523,0.0,1,0,-1.265459390571404,0.0,0.0,1.0,0.0,0.0
2124,-0.5278863642596802,0.3076923076923077,0.1302907279796492,10.7605466555315,106.666288491674,3.0,0,1,0.11316161425994499,0.0,0.0,0.0,1.0,0.0
4274,2.0335119525708834,0.15384615384615385,-0.4391709580720064,10.7874609779698,106.764411699045,3.0,0,0,-0.09639304316274322,0.0,0.0,1.0,0.0,0.0
4216,0.2487067167045892,0.23076923076923078,0.5849971026224333,10.7693677627841,106.690553580204,2.0,0,0,0.4757863711357461,0.0,0.0,0.0,1.0,0.0
1755,2.8683415444859395,0.15384615384615385,2.9327121238363367,10.80624,106.7784,0.0,1,0,0.30272686033993124,0.0,0.0,0.0,0.0,0.0
2004,-0.15036267557913827,0.3076923076923077,0.1302907279796492,10.7983176841059,106.616476984431,3.0,0,1,0.30272686033993124,0.0,0.0,0.0,1.0,0.0
6264,1.1317986567300606,0.15384615384615385,0.1302907279796492,10.7503688891128,106.613695513245,3.0,0,1,0.11316161425994499,0.0,0.0,0.0,1.0,0.0
518,0.11572050155235063,0.3076923076923077,-1.2015945422910468,10.7999182062934,106.6737475314,3.0,0,0,0.6349856886503463,0.0,0.0,0.0,0.0,1.0
829,-0.12968436710496703,0.07692307692307693,-0.4391709580720064,10.7836436555464,106.777912135832,3.0,0,0,-0.9028346336956022,0.0,0.0,1.0,0.0,0.0
1870,-0.08917566997524837,0.23076923076923078,0.963530485543728,10.8123631279318,106.709638258204,3.0,0,0,0.11316161425994499,0.0,0.0,0.0,0.0,1.0
4204,1.0783539839487635,0.23076923076923078,-0.13659775324274978,10.7982736077226,106.666068354944,0.0,1,1,1.0479657854342355,0.0,1.0,0.0,1.0,0.0
438,0.3261314717355513,0.38461538461538464,-0.4391709580720064,10.7894755025649,106.693426064115,2.0,0,0,2.0136066934816945,0.0,0.0,0.0,1.0,0.0
627,-0.28090108395535385,0.3076923076923077,-0.13659775324274978,10.8180698581665,106.693168506616,0.0,1,1,0.11316161425994499,0.0,0.0,0.0,0.0,1.0
6075,0.6740374558259857,0.38461538461538464,0.1302907279796492,10.7664283438785,106.682714065274,3.0,0,0,1.6813478651712797,0.0,0.0,0.0,0.0,1.0
3765,0.7093811696941079,0.23076923076923078,-0.13659775324274978,10.7116031968332,106.661082760143,0.0,1,1,0.11316161425994499,0.0,1.0,0.0,1.0,0.0
925,-0.9622048207552769,0.07692307692307693,-1.2015945422910468,10.7403926492488,106.735921281116,2.0,0,0,-0.5962397703258719,0.0,0.0,0.0,0.0,1.0
3365,-0.6395223895560433,0.07692307692307693,2.9327121238363367,10.7938976400364,106.705517428899,0.0,1,0,-0.3306552193971129,0.0,0.0,0.0,0.0,1.0
295,-0.6395223895560433,0.07692307692307693,0.1302907279796492,10.7826524129203,106.647731896905,3.0,0,1,-0.09639304316274322,0.0,0.0,0.0,0.0,1.0
1052,0.5754359289154177,0.23076923076923078,2.0502110105697895,10.830793759576,106.728864607411,3.0,0,0,0.11316161425994499,0.0,0.0,1.0,0.0,0.0
4031,2.047705421145356,0.15384615384615385,1.287787426350749,21.02894860978742,105.85244722590336,0.0,1,0,0.11316161425994499,0.0,1.0,0.0,1.0,0.0
2728,-0.9622048207552769,0.0,-1.7072229052631471,10.7890266154185,106.661504412283,3.0,0,0,-1.265459390571404,0.0,0.0,1.0,0.0,0.0
1173,-0.5826509567402912,0.07692307692307693,-0.13659775324274978,10.7843752584089,106.75951999019,2.0,0,0,-0.3306552193971129,1.0,0.0,0.0,1.0,0.0
4207,-0.37480406362233243,0.15384615384615385,-0.4391709580720064,10.8483904577749,106.642325761843,2.0,0,0,-0.09639304316274322,0.0,0.0,0.0,0.0,1.0
2432,0.7324828108776685,0.15384615384615385,1.434027398777648,10.815498350612,106.807340668009,3.0,0,0,-0.9028346336956022,0.0,0.0,0.0,0.0,1.0
3055,0.21656469094070732,0.15384615384615385,-0.4391709580720064,10.8056814121876,106.605051306519,2.0,0,0,-0.09639304316274322,0.0,0.0,0.0,0.0,1.0
944,2.2863366873387125,0.15384615384615385,0.1302907279796492,10.830520291593,106.731758559275,3.0,0,1,0.782381234505476,0.0,0.0,0.0,1.0,0.0
5004,3.1074049152154046,0.15384615384615385,-0.13659775324274978,10.7248125,106.66439,0.0,1,1,0.30272686033993124,0.0,0.0,0.0,1.0,0.0
2881,0.3707119834879608,0.23076923076923078,0.963530485543728,10.751328770973,106.60867625357,0.0,1,0,0.4757863711357461,0.0,0.0,0.0,1.0,0.0
12,-0.12968436710496703,0.07692307692307693,-1.2015945422910468,21.0289486097874,105.852447225903,2.0,0,0,-0.9028346336956022,0.0,0.0,1.0,0.0,0.0
1117,0.3411414986789205,0.23076923076923078,-0.13659775324274978,10.6511093728527,106.730144412541,0.0,1,1,0.30272686033993124,0.0,0.0,0.0,0.0,1.0
4575,0.29564637201642957,0.23076923076923078,-0.4391709580720064,10.8159449208433,106.68842678257,3.0,0,0,0.30272686033993124,0.0,0.0,0.0,1.0,0.0
2862,-0.04974733457061966,0.3076923076923077,-0.4391709580720064,10.8070096768834,106.695053518476,3.0,0,0,1.3897638631431688,0.0,0.0,0.0,1.0,0.0
3349,-0.5550151062263636,0.15384615384615385,0.1302907279796492,10.8244870471438,106.680815435607,3.0,0,1,0.30272686033993124,0.0,0.0,0.0,1.0,0.0
642,0.7209771111378261,0.0,2.0502110105697895,10.7402987025343,106.623707256249,3.0,0,0,-0.9028346336956022,0.0,0.0,1.0,0.0,0.0
4624,1.0601009748869976,0.3076923076923077,1.5713987371125986,10.8154756617058,106.59113681764,3.0,0,0,1.0479657854342355,0.0,0.0,0.0,1.0,0.0
1728,-1.113976416559445,0.23076923076923078,-1.2015945422910468,10.8201542246818,106.70374091612,0.0,1,0,-0.5962397703258719,0.0,0.0,0.0,1.0,0.0
3049,-0.5826509567402912,0.07692307692307693,0.1302907279796492,10.8181896548873,106.678832041102,3.0,0,1,-0.5962397703258719,0.0,0.0,0.0,1.0,0.0
4010,-2.448843715749161,0.07692307692307693,-2.3590912406621465,10.7649459614468,106.619040006068,3.0,0,0,-0.9028346336956022,0.0,0.0,0.0,0.0,1.0
1319,-0.7602813127840508,0.15384615384615385,-1.2015945422910468,10.7920375371992,106.715997153951,0.0,1,0,-0.09639304316274322,0.0,0.0,0.0,0.0,1.0
5538,0.8639894412629446,0.3076923076923077,-0.13659775324274978,10.846246435197743,106.71219185180664,0.0,1,1,0.6349856886503463,0.0,0.0,0.0,1.0,0.0
4520,1.994982737534955,0.0,0.1302907279796492,10.7429445147102,106.725300059256,3.0,0,1,0.30272686033993124,0.0,0.0,0.0,0.0,1.0
5761,0.5754359289154177,0.15384615384615385,-0.13659775324274978,10.79589,106.7922,0.0,1,1,0.6349856886503463,0.0,0.0,0.0,1.0,0.0
3396,-1.8825992628308728,0.15384615384615385,-1.2015945422910468,10.756039717736,106.681448181621,0.0,1,0,-0.9028346336956022,0.0,0.0,0.0,0.0,1.0
3841,0.04445490123643577,0.23076923076923078,0.5849971026224333,10.881638523495,106.637886682912,3.0,0,0,0.30272686033993124,0.0,0.0,0.0,0.0,1.0
4526,1.985191476882123,0.0,3.566232722406522,10.8292276080257,106.688994420986,3.0,0,0,2.7153435996542745,0.0,0.0,0.0,1.0,0.0
4305,-0.21419165043464608,0.3076923076923077,-0.4391709580720064,10.7900867568752,106.690327527664,3.0,0,0,0.6349856886503463,0.0,0.0,0.0,1.0,0.0
4319,2.2123975330302423,0.3076923076923077,0.5849971026224333,10.8106757861373,106.713794879353,0.0,1,0,3.5748264585073763,0.0,0.0,0.0,1.0,0.0
2960,0.04445490123643577,0.07692307692307693,0.963530485543728,10.8425124250108,106.650973991655,3.0,0,0,-1.265459390571404,0.0,0.0,0.0,1.0,0.0
653,1.9703819211193994,0.0,-0.7884660886417492,10.8654916813416,106.670803146114,0.0,1,0,2.487789455704138,0.0,0.0,0.0,1.0,0.0
429,0.7093811696941079,0.15384615384615385,-0.13659775324274978,10.7482857220434,106.619340100525,0.0,1,1,0.11316161425994499,0.0,1.0,0.0,1.0,0.0
5968,2.48125319188634,0.23076923076923078,-0.13659775324274978,10.7703132805891,106.552450693443,0.0,1,1,1.1685438955241836,0.0,1.0,1.0,0.0,0.0
4523,1.2575237945881357,0.38461538461538464,2.5341556375641257,10.8453772689787,106.726230735947,3.0,0,0,-2.28145563852695,0.0,0.0,0.0,1.0,0.0
5786,-0.5278863642596802,0.3076923076923077,-0.7884660886417492,10.781350920849,106.653430020694,2.0,0,0,-0.09639304316274322,0.0,0.0,1.0,0.0,0.0
4441,0.7324828108776685,0.6153846153846154,0.1302907279796492,10.808930567943,106.664597351658,3.0,0,1,0.4757863711357461,0.0,0.0,0.0,0.0,1.0
3634,0.9053480809024144,0.3076923076923077,-0.13659775324274978,10.8359547395213,106.843016346979,0.0,1,1,1.769759295385021,0.0,0.0,1.0,0.0,0.0
2306,1.373390497564838,0.23076923076923078,-0.13659775324274978,10.8411092910772,106.725230781151,0.0,1,1,0.11316161425994499,0.0,0.0,0.0,1.0,0.0
6052,-0.3271071868061051,0.23076923076923078,-0.13659775324274978,10.8797072782806,106.665684261327,0.0,1,0,0.30272686033993124,0.0,0.0,0.0,0.0,1.0
838,-1.2831292553680742,0.15384615384615385,0.1302907279796492,10.800263223944,106.690415332418,3.0,0,1,-0.9028346336956022,0.0,0.0,0.0,0.0,1.0
1087,-0.12968436710496703,0.3076923076923077,0.1302907279796492,10.7898197377859,106.674766733255,3.0,0,1,1.3897638631431688,0.0,0.0,0.0,1.0,0.0
3650,1.0783539839487635,0.3076923076923077,2.9327121238363367,10.840561739654,106.844748492001,0.0,1,0,-0.3306552193971129,0.0,1.0,0.0,1.0,0.0
4578,-0.9622048207552769,0.07692307692307693,-0.13659775324274978,10.848507009105,106.718213308746,0.0,1,1,-1.709276224228461,0.0,0.0,0.0,1.0,0.0
1665,0.21656469094070732,0.07692307692307693,0.1302907279796492,10.798454476125,106.63056499783,3.0,0,0,-1.265459390571404,0.0,0.0,0.0,0.0,1.0
3237,-2.353425128614761,0.07692307692307693,-1.7072229052631471,10.7748983691264,106.660091978983,3.0,0,0,-1.265459390571404,0.0,0.0,1.0,0.0,0.0
856,-0.5012464551475065,0.23076923076923078,0.1302907279796492,10.7489093647944,106.639426135034,3.0,0,1,-0.3306552193971129,0.0,0.0,1.0,0.0,0.0
3285,-0.4750780736920162,0.23076923076923078,-0.4391709580720064,10.6848487991242,106.750214510086,0.0,1,0,0.11316161425994499,0.0,0.0,0.0,1.0,0.0
2275,-0.37480406362233243,0.3076923076923077,0.1302907279796492,10.7760854482495,106.610181773413,3.0,0,1,0.782381234505476,0.0,0.0,0.0,1.0,0.0
1448,-0.17133430316050988,0.07692307692307693,0.1302907279796492,10.8770416790451,106.64173522824,3.0,0,1,-1.265459390571404,0.0,0.0,0.0,1.0,0.0
3076,0.28016481741637705,0.15384615384615385,2.0502110105697895,10.7917426494981,106.674884853485,3.0,0,0,-0.09639304316274322,0.0,0.0,0.0,1.0,0.0
2618,-0.2360953837240995,0.23076923076923078,0.1302907279796492,10.7584550488217,106.646369912688,3.0,0,0,-0.09639304316274322,0.0,0.0,0.0,1.0,0.0
4563,-1.375564037342406,0.23076923076923078,0.1302907279796492,10.7954394588923,106.679817856192,3.0,0,1,-0.09639304316274322,0.0,0.0,0.0,0.0,1.0
5251,0.9155094607980837,0.23076923076923078,0.1302907279796492,10.7640427443874,106.700428400514,3.0,0,0,3.0142443347171786,0.0,0.0,0.0,0.0,0.0
3757,1.373390497564838,0.4615384615384616,0.1302907279796492,10.7614695360818,106.692380360812,3.0,0,1,0.9196032047928032,0.0,0.0,0.0,1.0,0.0
5587,0.5366963775693665,0.15384615384615385,1.5713987371125986,10.8398863869849,106.772284825492,3.0,0,0,-0.3306552193971129,0.0,0.0,1.0,0.0,0.0
693,-0.9622048207552769,0.07692307692307693,-1.7072229052631471,10.7401407019243,106.735628238759,1.0,0,0,-0.5962397703258719,0.0,0.0,0.0,0.0,1.0
4734,-0.37480406362233243,0.3076923076923077,-0.4391709580720064,10.8146063699949,106.689729273479,2.0,0,0,0.30272686033993124,0.0,0.0,0.0,1.0,0.0
2954,0.4281357043022882,0.23076923076923078,-0.7884660886417492,10.7320574699921,106.731702755195,0.0,1,0,0.9196032047928032,0.0,0.0,0.0,1.0,0.0
3792,2.182614296583261,0.4615384615384616,2.9327121238363367,10.8085445523063,106.687994858118,3.0,0,0,0.30272686033993124,0.0,0.0,0.0,0.0,1.0
188,-0.9622048207552769,0.07692307692307693,-1.7072229052631471,10.731909678911,106.731655441563,3.0,0,0,-1.265459390571404,0.0,0.0,0.0,0.0,1.0
287,-1.375564037342406,0.3076923076923077,-0.4391709580720064,10.7870631326408,106.651588713034,2.0,0,0,-0.09639304316274322,1.0,0.0,0.0,1.0,0.0
3783,0.04445490123643577,0.3076923076923077,-0.4391709580720064,10.8459567463984,106.652423674287,2.0,0,1,0.30272686033993124,0.0,0.0,0.0,0.0,1.0
2879,-0.9622048207552769,0.15384615384615385,-1.7072229052631471,10.8197417480912,106.690395869204,0.0,1,0,0.30272686033993124,0.0,0.0,1.0,0.0,0.0
169,1.965412252725916,0.0,0.1302907279796492,10.8137751996357,106.689782062311,3.0,0,1,2.6048190729938816,0.0,0.0,0.0,1.0,0.0
3058,-1.3286243820305652,0.15384615384615385,0.1302907279796492,10.7453532219343,106.689991751021,2.0,0,0,-0.5962397703258719,0.0,0.0,0.0,0.0,1.0
3209,-0.069330070593773,0.0,0.1302907279796492,10.7929190313921,106.623240587172,0.0,1,0,-2.28145563852695,0.0,0.0,0.0,1.0,0.0
3149,1.0601009748869976,0.3076923076923077,0.1302907279796492,10.7589610616969,106.591613257881,3.0,0,1,0.782381234505476,0.0,0.0,1.0,0.0,0.0
1586,-0.8917879431693261,0.07692307692307693,-0.13659775324274978,10.7933678945323,106.717905691907,0.0,1,1,-1.265459390571404,0.0,0.0,0.0,0.0,1.0
6101,0.21656469094070732,0.07692307692307693,-1.2015945422910468,10.8060617403113,106.711920860371,2.0,0,0,0.30272686033993124,0.0,0.0,0.0,1.0,0.0
1338,-0.10929128578611225,0.23076923076923078,-0.7884660886417492,10.7317845749598,106.744830010203,0.0,1,0,-0.3306552193971129,0.0,0.0,0.0,0.0,1.0
2312,0.7324828108776685,0.0,-0.4391709580720064,10.7909926404247,106.758596836593,2.0,0,0,-2.28145563852695,0.0,0.0,0.0,0.0,1.0
2617,-0.5012464551475065,0.23076923076923078,0.1302907279796492,10.8165730342512,106.683895788488,3.0,0,1,0.11316161425994499,0.0,0.0,0.0,1.0,0.0
5911,0.310967493112446,0.15384615384615385,0.1302907279796492,21.02894860978742,105.85244722590336,3.0,0,1,0.11316161425994499,0.0,0.0,0.0,1.0,0.0
2366,-0.03042058936361902,0.15384615384615385,-0.4391709580720064,10.8746236326445,106.628515342097,2.0,0,1,-0.3306552193971129,0.0,0.0,0.0,1.0,0.0
4648,-1.6356139825265459,0.15384615384615385,-0.7884660886417492,10.7940064408578,106.680821814869,3.0,0,0,-1.265459390571404,0.0,0.0,1.0,0.0,0.0
3321,0.3997026173414371,0.15384615384615385,-0.7884660886417492,10.7960091513086,106.707005322403,0.0,1,0,0.4757863711357461,0.0,0.0,1.0,0.0,0.0
210,2.0335119525708834,0.38461538461538464,1.434027398777648,10.7423625402593,106.710563088951,0.0,1,0,4.56977563506502,0.0,0.0,0.0,0.0,1.0
1807,-0.25832850878387886,0.07692307692307693,-0.4391709580720064,10.7402944858646,106.736068019666,0.0,1,0,-1.265459390571404,0.0,0.0,0.0,0.0,1.0
1672,0.4560322857850593,0.15384615384615385,-0.7884660886417492,10.7970571943514,106.68402839452,3.0,0,0,-0.3306552193971129,0.0,0.0,0.0,1.0,0.0
5086,-1.154485113689163,0.23076923076923078,0.1302907279796492,10.8159019823596,106.694197316728,3.0,0,1,0.4757863711357461,0.0,1.0,0.0,1.0,0.0
1666,-2.263793143603038,0.23076923076923078,-0.13659775324274978,10.7628913850143,106.686336992179,0.0,1,1,-1.265459390571404,0.0,0.0,1.0,0.0,0.0
73,1.6317618561304268,0.15384615384615385,1.5713987371125986,10.7858077567268,106.621873730322,3.0,0,0,-0.9028346336956022,0.0,0.0,0.0,1.0,0.0
3779,-5.097915216380351,0.15384615384615385,0.1302907279796492,10.7880943608427,106.629956261004,3.0,0,1,-0.5962397703258719,0.0,0.0,0.0,0.0,1.0
2840,2.4203134766563528,0.07692307692307693,0.1302907279796492,10.8289286776959,106.571779705723,3.0,0,1,0.11316161425994499,0.0,0.0,0.0,0.0,1.0
3786,0.5754359289154177,0.3076923076923077,0.1302907279796492,10.8227863537834,106.639831792563,2.0,0,0,2.2982242096241516,0.0,0.0,0.0,0.0,1.0
3858,-0.04974733457061966,0.15384615384615385,2.445284124721849,10.7992248170444,106.798211820774,3.0,0,0,-0.5962397703258719,0.0,0.0,0.0,0.0,1.0
1789,-0.1926076911174569,0.15384615384615385,-0.4391709580720064,10.7782736155057,106.613214600116,3.0,0,0,-0.3306552193971129,0.0,0.0,0.0,1.0,0.0
5827,1.6565067844550418,0.23076923076923078,-0.13659775324274978,10.7379383692129,106.720857193366,0.0,1,1,3.0142443347171786,0.0,0.0,0.0,0.0,1.0
2921,-0.6108132359423499,0.07692307692307693,-1.7072229052631471,10.7383680509875,106.659047779644,1.0,0,0,-0.09639304316274322,0.0,0.0,0.0,1.0,0.0
5571,-0.9622048207552769,0.15384615384615385,-0.4391709580720064,10.8132636081283,106.709268673547,3.0,0,0,-0.9028346336956022,0.0,0.0,0.0,1.0,0.0
4002,-0.28090108395535385,0.23076923076923078,0.963530485543728,10.7558770637852,106.606037210579,3.0,0,0,-0.09639304316274322,0.0,0.0,0.0,1.0,0.0
3671,0.7093811696941079,0.6153846153846154,2.9327121238363367,10.769262188504,106.690636890369,0.0,1,0,3.8963197412543162,0.0,0.0,0.0,1.0,0.0
5871,1.745777857722022,0.23076923076923078,-0.4391709580720064,10.8106966178739,106.713711101241,2.0,0,1,3.983440077825231,0.0,1.0,0.0,1.0,0.0
3917,-0.5278863642596802,0.15384615384615385,0.1302907279796492,10.7612479135434,106.660637780858,2.0,0,0,0.11316161425994499,0.0,0.0,0.0,0.0,1.0
1231,-1.375564037342406,0.15384615384615385,-0.13659775324274978,10.7919292269559,106.696682250328,0.0,1,1,-0.3306552193971129,0.0,1.0,0.0,1.0,0.0
6167,0.09822355231529148,0.3076923076923077,0.1302907279796492,10.7614207371296,106.690179650632,3.0,0,1,1.9355994527483495,0.0,0.0,0.0,0.0,1.0
3669,-0.7920776985802562,0.15384615384615385,-0.13659775324274978,10.8423813988474,106.642591890513,0.0,1,1,-0.5962397703258719,0.0,0.0,0.0,0.0,1.0
4296,-0.069330070593773,0.23076923076923078,0.963530485543728,10.7780271186361,106.76899658516,3.0,0,0,-0.3306552193971129,0.0,0.0,1.0,0.0,0.0
1820,0.310967493112446,0.15384615384615385,0.1302907279796492,10.7648822612813,106.694973154272,3.0,0,1,-0.09639304316274322,0.0,0.0,0.0,0.0,1.0
6159,-0.6395223895560433,0.07692307692307693,0.1302907279796492,10.6847544690029,106.75017370631,3.0,0,1,-0.9028346336956022,0.0,0.0,0.0,1.0,0.0
1379,-1.3286243820305652,0.23076923076923078,-0.13659775324274978,10.7992329290772,106.683375611901,0.0,1,1,0.30272686033993124,0.0,0.0,0.0,0.0,1.0
3955,0.21656469094070732,0.15384615384615385,1.434027398777648,10.7078327676071,106.734716341764,0.0,1,0,0.11316161425994499,0.0,0.0,0.0,0.0,1.0
3033,-1.6936008246407677,0.07692307692307693,0.1302907279796492,10.7925723685788,106.606806169747,3.0,0,1,-1.265459390571404,0.0,0.0,0.0,1.0,0.0
113,-0.35076329075821017,0.15384615384615385,-0.13659775324274978,10.7055295204486,106.740579826678,0.0,1,1,0.11316161425994499,0.0,0.0,0.0,0.0,1.0
5340,0.3560006685276249,0.07692307692307693,-0.13659775324274978,10.8141446673568,106.623718375878,0.0,1,1,-0.9028346336956022,0.0,0.0,0.0,0.0,1.0
1438,-1.5798158528105595,0.15384615384615385,-0.13659775324274978,10.8026328319038,106.676969546645,0.0,1,1,-0.9028346336956022,0.0,0.0,1.0,0.0,0.0
4600,1.3881753703228958,0.07692307692307693,-0.13659775324274978,10.7787921846674,106.705214728529,0.0,1,1,1.0479657854342355,0.0,1.0,0.0,1.0,0.0
3550,0.5102943374875497,0.15384615384615385,0.1302907279796492,10.692855215052,106.740839080049,3.0,0,0,0.11316161425994499,0.0,0.0,0.0,0.0,0.0
1657,0.3707119834879608,0.0,1.5713987371125986,10.8638482662683,106.625039114727,3.0,0,0,-1.709276224228461,0.0,0.0,0.0,1.0,0.0
4155,0.3707119834879608,0.23076923076923078,2.0502110105697895,10.77787739019773,106.74716224746264,3.0,0,0,0.11316161425994499,0.0,1.0,0.0,1.0,0.0
2114,-1.0745480811548156,0.07692307692307693,-1.2015945422910468,10.7526572300598,106.728380396962,3.0,0,0,-1.265459390571404,0.0,0.0,1.0,0.0,0.0
507,0.7093811696941079,0.07692307692307693,-0.13659775324274978,10.7513282540626,106.615183397346,0.0,1,1,-1.265459390571404,0.0,0.0,0.0,1.0,0.0
3312,-0.6986692748486453,0.23076923076923078,-0.7884660886417492,10.7232933555925,106.61987815742,2.0,0,0,-0.09639304316274322,0.0,0.0,1.0,0.0,0.0
1886,2.9877218867494153,0.5384615384615385,0.1302907279796492,10.7854140947643,106.64062322705,3.0,0,1,5.589999152809419,0.0,0.0,0.0,0.0,1.0
4864,-0.2360953837240995,0.15384615384615385,0.1302907279796492,10.7793222016551,106.662628648484,3.0,0,1,-0.09639304316274322,0.0,1.0,0.0,1.0,0.0
4764,-0.3271071868061051,0.23076923076923078,-0.4391709580720064,10.7940806926535,106.6685952769,2.0,0,1,-0.09639304316274322,1.0,0.0,0.0,1.0,0.0
4159,0.3997026173414371,0.3076923076923077,1.1314541939483909,10.8449855888911,106.717982289132,0.0,1,0,0.30272686033993124,0.0,0.0,0.0,0.0,1.0
2063,-0.6108132359423499,0.07692307692307693,-0.4391709580720064,10.8592493045587,106.75693061396,2.0,0,1,-1.265459390571404,0.0,0.0,1.0,0.0,0.0
4954,0.6378280961214066,0.15384615384615385,-0.4391709580720064,10.767278,106.77869,3.0,0,0,0.11316161425994499,0.0,0.0,0.0,0.0,1.0
252,-0.25832850878387886,0.15384615384615385,0.1302907279796492,10.7762273257571,106.763921740807,3.0,0,0,-1.265459390571404,0.0,0.0,0.0,1.0,0.0
4842,2.356753564924664,0.6923076923076923,2.9327121238363367,10.762538935515,106.686733086945,0.0,1,0,1.5888228250383352,0.0,1.0,0.0,1.0,0.0
350,0.4421497898439041,0.23076923076923078,0.5849971026224333,10.7904462146746,106.687663237701,3.0,0,0,0.782381234505476,0.0,0.0,0.0,1.0,0.0
3078,-0.9265771942689038,0.07692307692307693,-1.7072229052631471,10.7489253323345,106.639365727825,0.0,1,0,-1.265459390571404,0.0,0.0,0.0,1.0,0.0
2829,0.8744380710050577,0.23076923076923078,1.5713987371125986,10.8108234878693,106.666371295388,0.0,1,0,0.11316161425994499,0.0,0.0,0.0,0.0,1.0
1941,-0.1926076911174569,0.23076923076923078,-0.4391709580720064,10.7662841256484,106.600367402674,3.0,0,0,0.11316161425994499,0.0,0.0,0.0,0.0,1.0
457,-0.03042058936361902,0.23076923076923078,-1.2015945422910468,10.7930377935136,106.615529278342,3.0,0,0,-0.09639304316274322,0.0,0.0,0.0,1.0,0.0
3545,-0.3271071868061051,0.23076923076923078,-1.2015945422910468,10.7054135836954,106.740452323653,0.0,1,0,0.11316161425994499,0.0,0.0,0.0,0.0,1.0
479,1.0416197973067034,0.3076923076923077,0.963530485543728,10.7884797174652,106.703361289575,0.0,1,0,0.11316161425994499,0.0,0.0,0.0,0.0,1.0
1114,-0.6395223895560433,0.3076923076923077,0.1302907279796492,10.8008153362509,106.688348715173,3.0,0,1,0.11316161425994499,0.0,0.0,0.0,1.0,0.0
798,-0.3038236354463698,0.07692307692307693,-0.4391709580720064,10.8143110152196,106.623698808418,2.0,0,0,-0.3306552193971129,0.0,0.0,0.0,0.0,1.0
4428,-0.4240911260771986,0.23076923076923078,-0.4391709580720064,10.7985449147451,106.606239918614,2.0,0,0,-0.3306552193971129,0.0,0.0,0.0,0.0,1.0
298,-0.5278863642596802,0.3076923076923077,1.5713987371125986,10.760201396191,106.666578562579,3.0,0,0,1.2822279616686043,0.0,0.0,0.0,1.0,0.0
3203,-1.4741655642529736,0.23076923076923078,-1.2015945422910468,10.7610761473037,106.660213097833,3.0,0,0,-0.09639304316274322,0.0,0.0,1.0,0.0,0.0
26,1.4173088244001117,0.23076923076923078,0.1302907279796492,10.8044869693421,106.728806977526,3.0,0,1,0.6349856886503463,0.0,0.0,0.0,1.0,0.0
3422,-0.011343228479551189,0.0,-1.2015945422910468,10.8368442836009,106.841070244036,2.0,0,0,-1.709276224228461,0.0,0.0,1.0,0.0,0.0
2110,0.28016481741637705,0.07692307692307693,0.1302907279796492,10.819702563574,106.70408948708,3.0,0,0,-2.28145563852695,0.0,0.0,0.0,1.0,0.0
3176,-0.4493648176687783,0.07692307692307693,-0.13659775324274978,10.8503082353135,106.764502724353,0.0,1,1,-1.265459390571404,0.0,0.0,0.0,1.0,0.0
3941,-0.6108132359423499,0.15384615384615385,-0.13659775324274978,10.7296729283168,106.632374602739,0.0,1,1,-0.3306552193971129,0.0,0.0,0.0,1.0,0.0
2118,-0.011343228479551189,0.23076923076923078,-0.4391709580720064,10.7606248916707,106.691677006126,2.0,0,1,0.11316161425994499,0.0,0.0,0.0,1.0,0.0
1287,0.1501051897940211,0.23076923076923078,0.1302907279796492,10.8290714618754,106.641172394156,3.0,0,1,0.11316161425994499,0.0,0.0,1.0,0.0,0.0
1281,0.4560322857850593,0.07692307692307693,-0.4391709580720064,10.795538452695,106.642995003366,3.0,0,0,-0.5962397703258719,0.0,0.0,0.0,0.0,1.0
229,-0.5826509567402912,0.15384615384615385,-1.7072229052631471,10.7493864972042,106.639562408156,2.0,0,0,-0.9028346336956022,0.0,0.0,1.0,0.0,0.0
2929,1.6988382024101818,0.07692307692307693,-0.4391709580720064,10.8054816400508,106.641292194939,3.0,0,0,-1.265459390571404,0.0,0.0,0.0,1.0,0.0
3240,-2.263793143603038,0.15384615384615385,-0.4391709580720064,10.78488140456,106.672952553777,3.0,0,0,-1.265459390571404,0.0,0.0,0.0,1.0,0.0
4353,0.7664722378003171,0.23076923076923078,0.5849971026224333,10.791164382014,106.698995491759,2.0,0,0,1.0479657854342355,0.0,0.0,0.0,0.0,1.0
2706,-1.424042969164965,0.15384615384615385,0.1302907279796492,10.7976740841396,106.672582040648,3.0,0,1,-0.5962397703258719,0.0,0.0,1.0,0.0,0.0
3977,-0.10929128578611225,0.0,2.0502110105697895,10.7938630143229,106.620661513549,3.0,0,0,-1.709276224228461,0.0,0.0,1.0,0.0,0.0
5410,-0.9622048207552769,0.07692307692307693,2.9327121238363367,10.756932018493,106.646769613576,3.0,0,0,-1.265459390571404,0.0,0.0,0.0,1.0,0.0
4947,0.1330128034148692,0.15384615384615385,0.963530485543728,10.770321,106.77801,3.0,0,0,-0.09639304316274322,0.0,0.0,0.0,1.0,0.0
3429,-1.8825992628308728,0.3076923076923077,-1.2015945422910468,10.7582193601247,106.684737845135,2.0,0,0,0.11316161425994499,0.0,0.0,0.0,0.0,1.0
3997,-0.6395223895560433,0.23076923076923078,0.963530485543728,10.857079382425,106.699133852371,0.0,1,0,0.9196032047928032,0.0,0.0,0.0,0.0,1.0
3250,-0.6108132359423499,0.15384615384615385,0.1302907279796492,10.8109174021435,106.701954311893,3.0,0,1,0.30272686033993124,0.0,0.0,0.0,1.0,0.0
5186,-0.7291543745677658,0.38461538461538464,-1.2015945422910468,10.7683935275571,106.647946779762,2.0,0,0,-0.5962397703258719,0.0,0.0,0.0,1.0,0.0
4190,0.4281357043022882,0.3076923076923077,-0.7884660886417492,10.7979499608298,106.699330551569,2.0,0,0,0.9196032047928032,0.0,0.0,0.0,0.0,1.0
1614,-0.5012464551475065,0.23076923076923078,0.1302907279796492,10.7696466788796,106.612770174134,2.0,0,0,0.11316161425994499,0.0,0.0,0.0,1.0,0.0
607,-1.5260472017317033,0.15384615384615385,-0.4391709580720064,10.815989375472,106.695168093027,2.0,0,0,-0.5962397703258719,0.0,0.0,0.0,0.0,1.0
5822,0.7093811696941079,0.15384615384615385,-0.13659775324274978,10.7263497261029,106.693565803492,0.0,1,1,0.11316161425994499,0.0,0.0,0.0,1.0,0.0
4789,1.2971635672408903,0.15384615384615385,0.1302907279796492,10.8079293291623,106.68836427816,3.0,0,1,0.11316161425994499,0.0,0.0,0.0,1.0,0.0
3774,0.04445490123643577,0.4615384615384616,0.1302907279796492,10.7612383716737,106.660598061092,3.0,0,1,1.9355994527483495,0.0,0.0,0.0,0.0,1.0
1859,0.18370833978305584,0.5384615384615385,2.0502110105697895,10.7702153463585,106.671039264752,3.0,0,0,0.4757863711357461,0.0,0.0,0.0,1.0,0.0
3407,0.20022778488202966,0.07692307692307693,-0.4391709580720064,10.7548513041562,106.680465524768,3.0,0,0,-0.5962397703258719,0.0,0.0,0.0,0.0,1.0
4604,0.6378280961214066,0.23076923076923078,2.0502110105697895,10.860060920907,106.601774268828,0.0,1,0,0.9196032047928032,0.0,0.0,0.0,1.0,0.0
5096,0.7093811696941079,0.15384615384615385,-0.13659775324274978,10.7248125,106.66439,0.0,1,1,0.11316161425994499,0.0,0.0,1.0,0.0,0.0
6189,0.4421497898439041,0.23076923076923078,0.5849971026224333,10.7873010239422,106.678131041026,2.0,0,0,-0.09639304316274322,0.0,0.0,0.0,0.0,1.0
3612,-0.8917879431693261,0.0,-0.7884660886417492,10.7672237620955,106.6095136351,0.0,1,0,-1.265459390571404,0.0,0.0,0.0,1.0,0.0
3989,0.5102943374875497,0.3076923076923077,0.1302907279796492,10.7517019462368,106.609252014073,3.0,0,1,0.11316161425994499,0.0,0.0,0.0,1.0,0.0
203,-0.5826509567402912,0.15384615384615385,-0.7884660886417492,10.7869510672708,106.76362445578,2.0,0,0,-0.3306552193971129,0.0,0.0,0.0,0.0,1.0
339,0.21656469094070732,0.3076923076923077,-1.7072229052631471,10.7667055072752,106.683653709313,2.0,0,0,1.2822279616686043,0.0,0.0,0.0,1.0,0.0
4742,0.48341223409930084,0.23076923076923078,0.1302907279796492,10.7941325036472,106.680912077456,3.0,0,1,0.4757863711357461,0.0,0.0,0.0,1.0,0.0
837,-0.7920776985802562,0.23076923076923078,-0.13659775324274978,10.7967616758426,106.683094480511,0.0,1,1,-0.09639304316274322,0.0,0.0,0.0,0.0,1.0
4689,-0.069330070593773,0.23076923076923078,0.1302907279796492,10.7918571099957,106.650724056911,3.0,0,1,0.30272686033993124,0.0,0.0,0.0,1.0,0.0
5971,0.7324828108776685,0.3076923076923077,-0.4391709580720064,10.7727835676092,106.602064424781,0.0,1,0,0.4757863711357461,0.0,0.0,0.0,1.0,0.0
387,-0.4493648176687783,0.23076923076923078,-0.4391709580720064,10.8011714074988,106.695013381541,3.0,0,0,0.11316161425994499,0.0,0.0,0.0,0.0,1.0
1747,-1.424042969164965,0.23076923076923078,-1.2015945422910468,10.7720122163975,106.679709174845,2.0,0,0,-0.5962397703258719,0.0,0.0,0.0,0.0,0.0
4768,-0.1926076911174569,0.07692307692307693,-0.13659775324274978,10.7927633129186,106.622517833778,3.0,0,0,-0.9028346336956022,0.0,0.0,0.0,1.0,0.0
3248,-0.9987122300435685,0.3076923076923077,-0.4391709580720064,10.8024664168908,106.695564674734,2.0,0,0,0.4757863711357461,0.0,0.0,0.0,0.0,1.0
2882,-0.1926076911174569,0.07692307692307693,-1.7072229052631471,10.7514714555538,106.719285361469,0.0,1,0,-1.265459390571404,0.0,0.0,0.0,0.0,1.0
1609,-0.25832850878387886,0.15384615384615385,-0.7884660886417492,10.7278919785998,106.735985924134,0.0,1,0,-0.5962397703258719,0.0,0.0,0.0,0.0,1.0
5342,0.04445490123643577,0.15384615384615385,-0.13659775324274978,10.7960321500411,106.626498678071,0.0,1,1,0.11316161425994499,0.0,1.0,0.0,1.0,0.0
4228,-1.2389923970188421,0.15384615384615385,-1.2015945422910468,10.8157263932752,106.695145728855,2.0,0,0,-0.5962397703258719,0.0,0.0,0.0,0.0,1.0
3799,0.29564637201642957,0.3076923076923077,2.0502110105697895,21.0289486097874,105.852447225903,3.0,0,0,0.30272686033993124,0.0,0.0,0.0,1.0,0.0
5165,3.00753424292512,0.07692307692307693,-0.13659775324274978,10.7839012974498,106.694650769998,0.0,1,1,0.30272686033993124,0.0,0.0,0.0,1.0,0.0
2303,-0.6986692748486453,0.23076923076923078,0.963530485543728,10.7785485699879,106.642940987469,2.0,0,0,-0.3306552193971129,1.0,0.0,0.0,1.0,0.0
5996,-0.4750780736920162,0.23076923076923078,1.287787426350749,10.865710834553,106.614269795573,0.0,1,0,0.11316161425994499,0.0,0.0,0.0,0.0,1.0
5497,1.7743759438410165,0.3076923076923077,0.1302907279796492,10.874972369623,106.65820789094,3.0,0,0,0.6349856886503463,0.0,0.0,0.0,0.0,1.0
2498,-0.25832850878387886,0.15384615384615385,0.1302907279796492,10.8076525139195,106.666583589833,3.0,0,1,-0.09639304316274322,0.0,0.0,0.0,0.0,1.0
5304,0.4560322857850593,0.23076923076923078,2.0502110105697895,10.8256671754028,106.816880386323,0.0,1,0,0.4757863711357461,0.0,0.0,0.0,1.0,0.0
5416,-0.8245729617021663,0.3076923076923077,-0.4391709580720064,10.7674010529667,106.65341465353,2.0,0,0,0.4757863711357461,0.0,0.0,1.0,0.0,0.0
3886,1.0134575181046448,0.23076923076923078,2.0502110105697895,10.7811738030075,106.751911855904,0.0,1,0,0.11316161425994499,0.0,0.0,0.0,1.0,0.0
677,0.3707119834879608,0.23076923076923078,0.1302907279796492,10.8412591900436,106.72577718037,3.0,0,0,0.30272686033993124,0.0,0.0,0.0,0.0,1.0
1951,-0.5550151062263636,0.23076923076923078,-0.4391709580720064,10.7728855407808,106.627499121645,3.0,0,0,-0.3306552193971129,0.0,0.0,1.0,0.0,0.0
4652,0.04445490123643577,0.3076923076923077,0.5849971026224333,10.731052018508,106.732384137993,0.0,1,0,0.11316161425994499,0.0,0.0,0.0,0.0,1.0
2484,-0.6108132359423499,0.07692307692307693,0.1302907279796492,10.7694023644931,106.622560142367,0.0,1,0,-1.265459390571404,0.0,0.0,0.0,1.0,0.0
61,1.985191476882123,0.07692307692307693,0.1302907279796492,10.8302588673135,106.627425931631,3.0,0,0,2.2307964070632096,0.0,0.0,1.0,0.0,0.0
1864,-0.03042058936361902,0.15384615384615385,-0.4391709580720064,10.8028425619943,106.705054495631,3.0,0,0,0.11316161425994499,0.0,0.0,0.0,1.0,0.0
3780,0.04445490123643577,0.23076923076923078,-1.7072229052631471,10.7917449473474,106.6748754902,3.0,0,0,0.6349856886503463,0.0,0.0,0.0,1.0,0.0
4342,-0.3271071868061051,0.07692307692307693,2.9327121238363367,10.7511696615258,106.728626358553,3.0,0,0,-0.5962397703258719,0.0,0.0,0.0,1.0,0.0
2210,0.3261314717355513,0.23076923076923078,-0.13659775324274978,10.7720818654959,106.669665352257,0.0,1,1,0.6349856886503463,0.0,0.0,0.0,1.0,0.0
4812,-0.15036267557913827,0.15384615384615385,-0.7884660886417492,10.8413461317364,106.725494011501,0.0,1,0,0.30272686033993124,0.0,0.0,0.0,1.0,0.0
790,-0.6108132359423499,0.07692307692307693,-0.13659775324274978,10.7315367121125,106.745007026292,0.0,1,1,-0.5962397703258719,0.0,0.0,0.0,1.0,0.0
4936,-0.069330070593773,0.15384615384615385,-1.2015945422910468,10.7738216283891,106.697024097908,2.0,0,0,1.4917826190912926,0.0,0.0,0.0,1.0,0.0
4814,-0.8245729617021663,0.07692307692307693,-0.4391709580720064,10.7835552829047,106.647499927481,2.0,0,1,-1.265459390571404,0.0,0.0,1.0,0.0,0.0
5706,-0.6108132359423499,0.07692307692307693,-0.13659775324274978,10.7883059061476,106.652675967422,0.0,1,1,-0.5962397703258719,0.0,0.0,0.0,0.0,1.0
6191,1.149192680354979,0.23076923076923078,0.1302907279796492,10.80115,106.7381,3.0,0,1,1.1685438955241836,0.0,0.0,0.0,0.0,1.0
5046,0.11572050155235063,0.07692307692307693,1.434027398777648,10.8420208103814,106.630759092507,3.0,0,0,-1.265459390571404,0.0,0.0,0.0,1.0,0.0
3547,0.4560322857850593,0.23076923076923078,-0.7884660886417492,10.6926581822356,106.740859029124,0.0,1,0,0.4757863711357461,0.0,0.0,0.0,1.0,0.0
1359,-0.3992422225807697,0.07692307692307693,0.1302907279796492,10.7915171113043,106.685239894814,3.0,0,1,-0.9028346336956022,0.0,0.0,0.0,1.0,0.0
1905,-0.5012464551475065,0.07692307692307693,-0.13659775324274978,10.8656144551465,106.670645887321,3.0,0,0,-0.9028346336956022,0.0,0.0,0.0,0.0,1.0
4610,1.459960098086208,0.4615384615384616,-0.13659775324274978,10.8082603281337,106.732811438541,0.0,1,1,2.9195154941516295,0.0,1.0,0.0,1.0,0.0
6270,-0.37480406362233243,0.23076923076923078,1.287787426350749,10.87904,106.5525,3.0,0,0,0.30272686033993124,0.0,0.0,0.0,1.0,0.0
4253,-0.9622048207552769,0.23076923076923078,0.1302907279796492,10.7890396740683,106.698909482339,3.0,0,1,1.1685438955241836,0.0,0.0,0.0,0.0,1.0
5859,2.0986125612000346,0.15384615384615385,1.5713987371125986,10.7045535593773,106.712931038592,0.0,1,0,0.30272686033993124,0.0,0.0,0.0,1.0,0.0
733,-0.5278863642596802,0.23076923076923078,-0.4391709580720064,10.7626014746377,106.670939812217,2.0,0,1,0.11316161425994499,1.0,0.0,0.0,1.0,0.0
5603,-0.2360953837240995,0.07692307692307693,-1.2015945422910468,10.8004040218692,106.716569617167,0.0,1,0,-0.9028346336956022,0.0,0.0,0.0,1.0,0.0
4092,3.0535511009813745,0.0,0.1302907279796492,10.8067796753212,106.718638772516,3.0,0,1,0.6349856886503463,0.0,0.0,0.0,1.0,0.0
4770,-0.5826509567402912,0.23076923076923078,-0.4391709580720064,10.8411195627825,106.716757655678,0.0,1,0,-0.09639304316274322,0.0,0.0,1.0,0.0,0.0
1260,0.04445490123643577,0.38461538461538464,2.0502110105697895,10.7317818355557,106.621285919522,3.0,0,0,0.30272686033993124,0.0,1.0,0.0,1.0,0.0
5343,-0.28090108395535385,0.23076923076923078,-0.4391709580720064,10.802731021898,106.63019008724,2.0,0,0,0.11316161425994499,0.0,1.0,0.0,1.0,0.0
2177,0.9053480809024144,0.3076923076923077,-0.4391709580720064,10.7958030708001,106.641146348302,2.0,0,1,2.9195154941516295,0.0,0.0,0.0,0.0,1.0
2827,-1.3286243820305652,0.23076923076923078,-1.2015945422910468,10.7641513657595,106.695032264886,3.0,0,0,-0.3306552193971129,0.0,0.0,0.0,1.0,0.0
1543,0.48341223409930084,0.3076923076923077,0.1302907279796492,10.7630997222793,106.687170689963,0.0,1,0,2.2982242096241516,0.0,0.0,0.0,1.0,0.0
527,-1.375564037342406,0.15384615384615385,-0.7884660886417492,10.7995515816374,106.686099752082,2.0,0,0,-0.3306552193971129,0.0,0.0,0.0,0.0,1.0
4803,-0.5278863642596802,0.07692307692307693,-0.7884660886417492,21.02894860978742,105.85244722590336,3.0,0,0,-0.5962397703258719,0.0,0.0,0.0,0.0,1.0
5602,1.5217151289087116,0.23076923076923078,2.9327121238363367,10.7536422858148,106.646895850547,3.0,0,0,0.30272686033993124,0.0,0.0,0.0,1.0,0.0
4507,0.1330128034148692,0.3076923076923077,2.0502110105697895,10.7939421459031,106.66277018215,3.0,0,0,1.5888228250383352,0.0,0.0,0.0,0.0,1.0
1468,0.385278357028152,0.15384615384615385,-0.4391709580720064,10.8057748355091,106.605093295656,2.0,0,0,-0.3306552193971129,0.0,0.0,1.0,0.0,0.0
3733,1.7743759438410165,0.15384615384615385,-0.13659775324274978,10.727806,106.7149,0.0,1,1,2.0886695522014636,0.0,0.0,0.0,1.0,0.0
5436,1.2332195493977356,0.15384615384615385,0.5849971026224333,10.7272443410133,106.715047231313,0.0,1,0,0.11316161425994499,0.0,0.0,0.0,0.0,1.0
4148,-0.04974733457061966,0.15384615384615385,0.1302907279796492,10.7939959809492,106.668434739231,3.0,0,0,0.30272686033993124,0.0,0.0,0.0,0.0,1.0
1912,-0.4750780736920162,0.23076923076923078,-0.13659775324274978,10.8739432663768,106.652917506058,2.0,0,0,0.11316161425994499,0.0,0.0,0.0,0.0,1.0
5372,0.04445490123643577,0.23076923076923078,-0.13659775324274978,10.7938582942555,106.680636979479,2.0,0,0,0.4757863711357461,0.0,0.0,0.0,0.0,1.0
4103,-0.28090108395535385,0.15384615384615385,0.1302907279796492,10.8046057388232,106.815555532038,3.0,0,1,-0.3306552193971129,0.0,0.0,0.0,1.0,0.0
2099,-1.4741655642529736,0.15384615384615385,-0.7884660886417492,10.7799461820591,106.668148126881,0.0,1,0,-0.9028346336956022,0.0,0.0,1.0,0.0,0.0
803,-0.8577985162466776,0.23076923076923078,0.1302907279796492,10.7617092170445,106.67817331341,3.0,0,1,1.0479657854342355,0.0,0.0,0.0,0.0,1.0
857,0.21656469094070732,0.23076923076923078,0.1302907279796492,10.7908495092333,106.692414369092,3.0,0,1,0.30272686033993124,0.0,0.0,0.0,1.0,0.0
1599,1.2413654375249032,0.07692307692307693,-0.4391709580720064,10.851566741004,106.768860950108,2.0,0,0,1.1685438955241836,0.0,0.0,1.0,0.0,0.0
5425,1.3281275252492162,0.23076923076923078,-0.13659775324274978,10.7432492542514,106.732982920464,0.0,1,1,-0.09639304316274322,0.0,0.0,0.0,1.0,0.0
5357,-0.03042058936361902,0.07692307692307693,-0.13659775324274978,10.7532418122255,106.629108806071,0.0,1,1,-2.28145563852695,1.0,0.0,0.0,1.0,0.0
6228,0.5626351999909364,0.3076923076923077,-0.13659775324274978,10.7845701318181,106.672817620158,0.0,1,1,2.9195154941516295,0.0,0.0,0.0,1.0,0.0
1423,0.4139875106418454,0.38461538461538464,-0.7884660886417492,10.7965093968835,106.677739549895,3.0,0,0,1.5888228250383352,0.0,0.0,0.0,0.0,1.0
4907,-1.424042969164965,0.07692307692307693,0.1302907279796492,10.7711621652865,106.673079452359,3.0,0,1,-1.265459390571404,0.0,0.0,0.0,1.0,0.0
1465,-0.6688000780565717,0.23076923076923078,-1.2015945422910468,10.7437372923449,106.683792100142,2.0,0,0,-0.5962397703258719,0.0,0.0,1.0,0.0,0.0
3560,-1.3286243820305652,0.07692307692307693,-2.3590912406621465,10.7627325110583,106.662901713856,3.0,0,0,-1.265459390571404,0.0,0.0,1.0,0.0,0.0
219,-0.5012464551475065,0.07692307692307693,-0.13659775324274978,10.8054664155777,106.682100678044,0.0,1,0,-0.5962397703258719,0.0,0.0,0.0,0.0,1.0
2018,0.9652944659873779,0.3076923076923077,0.1302907279796492,10.8787897621388,106.649196561363,3.0,0,1,1.2822279616686043,0.0,0.0,0.0,1.0,0.0
1288,-1.0745480811548156,0.15384615384615385,-2.3590912406621465,10.8417338508775,106.676947013395,0.0,1,0,-0.3306552193971129,0.0,0.0,0.0,0.0,1.0
1115,-0.04974733457061966,0.38461538461538464,2.0502110105697895,10.7949974776719,106.652836061721,3.0,0,0,1.5888228250383352,0.0,0.0,0.0,0.0,1.0
582,-0.2360953837240995,0.3076923076923077,0.1302907279796492,10.7933653220656,106.642337933323,3.0,0,1,0.6349856886503463,0.0,0.0,0.0,0.0,1.0
3513,-0.08917566997524837,0.23076923076923078,-0.13659775324274978,10.7775404361365,106.649636468043,0.0,1,1,-0.09639304316274322,1.0,0.0,0.0,1.0,0.0
1564,1.0322918486676274,0.23076923076923078,2.0502110105697895,10.80599,106.79,0.0,1,0,0.30272686033993124,0.0,0.0,0.0,1.0,0.0
43,2.2415926274716456,0.15384615384615385,-0.13659775324274978,10.7912032537364,106.71812213973,0.0,1,1,-0.09639304316274322,0.0,0.0,0.0,1.0,0.0
3483,-0.5278863642596802,0.3076923076923077,-1.2015945422910468,10.7824069405989,106.608981184399,0.0,1,0,0.4757863711357461,0.0,0.0,0.0,0.0,1.0
4766,2.5159607705674465,0.15384615384615385,1.1314541939483909,10.8499209425027,106.695250422085,0.0,1,0,0.6349856886503463,0.0,0.0,0.0,0.0,1.0
3025,-0.7920776985802562,0.0,0.1302907279796492,10.823136177216,106.68209484291,3.0,0,1,-1.709276224228461,0.0,0.0,1.0,0.0,0.0
3877,0.3707119834879608,0.15384615384615385,0.1302907279796492,10.7441154379681,106.684276884374,0.0,1,0,1.8544073759670945,0.0,1.0,0.0,1.0,0.0
1744,-0.4240911260771986,0.38461538461538464,-0.7884660886417492,10.7872142084217,106.647511716898,2.0,0,0,0.30272686033993124,0.0,0.0,0.0,0.0,1.0
2925,-0.4493648176687783,0.3076923076923077,1.5713987371125986,10.772634613087,106.684148020687,3.0,0,0,0.4757863711357461,0.0,0.0,0.0,1.0,0.0
1918,-0.069330070593773,0.23076923076923078,0.1302907279796492,10.7944504680533,106.681217853033,3.0,0,1,0.11316161425994499,0.0,0.0,0.0,1.0,0.0
2132,0.1501051897940211,0.15384615384615385,-0.4391709580720064,10.7674177628188,106.653356295661,2.0,0,1,0.11316161425994499,0.0,0.0,0.0,1.0,0.0
5606,0.04445490123643577,0.07692307692307693,-0.7884660886417492,10.794776999944416,106.6427688831459,3.0,0,0,-1.265459390571404,0.0,0.0,1.0,0.0,0.0
1452,-0.1926076911174569,0.07692307692307693,-1.2015945422910468,10.838902585753,106.648879142395,3.0,0,0,-0.5962397703258719,0.0,0.0,0.0,1.0,0.0
3657,0.04445490123643577,0.07692307692307693,-0.13659775324274978,10.8615470088289,106.571502182112,0.0,1,0,-1.709276224228461,0.0,0.0,1.0,0.0,0.0
3428,-0.6395223895560433,0.23076923076923078,0.1302907279796492,10.6888881588229,106.745419081379,3.0,0,0,0.11316161425994499,0.0,0.0,0.0,0.0,1.0
5510,0.5102943374875497,0.07692307692307693,-0.4391709580720064,10.8801976664549,106.650931431211,2.0,0,0,-0.09639304316274322,0.0,0.0,1.0,0.0,0.0
1224,-0.37480406362233243,0.07692307692307693,0.1302907279796492,10.7346794379706,106.620296993556,3.0,0,1,-1.265459390571404,0.0,0.0,0.0,1.0,0.0
3123,-0.15036267557913827,0.0,-0.13659775324274978,10.7794378859194,106.667733232697,0.0,1,1,-0.09639304316274322,0.0,0.0,0.0,1.0,0.0
2202,-1.9513779408530998,0.15384615384615385,0.1302907279796492,10.7935202024395,106.691563332565,3.0,0,1,-0.9028346336956022,0.0,0.0,0.0,1.0,0.0
1071,-0.6395223895560433,0.23076923076923078,-0.4391709580720064,10.7967960232532,106.68334257544,2.0,0,1,0.11316161425994499,0.0,0.0,0.0,1.0,0.0
718,0.1501051897940211,0.23076923076923078,-0.7884660886417492,10.8295054892714,106.640203110874,3.0,0,0,0.11316161425994499,0.0,0.0,0.0,0.0,1.0
5976,-0.37480406362233243,0.15384615384615385,-0.13659775324274978,10.790871440042,106.637672736781,0.0,1,1,-0.09639304316274322,0.0,1.0,0.0,1.0,0.0
5040,-0.9622048207552769,0.07692307692307693,-1.2015945422910468,10.8072031587506,106.62355000944,2.0,0,0,-1.265459390571404,0.0,0.0,0.0,1.0,0.0
1505,-0.3992422225807697,0.15384615384615385,-0.7884660886417492,10.740067541465,106.736262511899,3.0,0,0,-0.5962397703258719,0.0,0.0,0.0,1.0,0.0
4546,0.9652944659873779,0.4615384615384616,-0.13659775324274978,10.7902315883558,106.68661950747,0.0,1,1,1.2822279616686043,0.0,0.0,0.0,1.0,0.0
670,0.3261314717355513,0.38461538461538464,0.1302907279796492,10.7898371773342,106.693804484995,2.0,0,0,1.8544073759670945,0.0,0.0,0.0,0.0,1.0
347,0.7996977923448291,0.15384615384615385,2.0502110105697895,10.7842390086039,106.696743534488,3.0,0,0,0.11316161425994499,0.0,0.0,0.0,1.0,0.0
5082,0.29564637201642957,0.3076923076923077,1.5713987371125986,10.8026534792809,106.777214844296,3.0,0,0,0.11316161425994499,0.0,0.0,0.0,1.0,0.0
6069,-0.15036267557913827,0.07692307692307693,-0.13659775324274978,10.7846566414128,106.770712468851,0.0,1,1,-0.9028346336956022,0.0,0.0,0.0,1.0,0.0
5140,0.7093811696941079,0.07692307692307693,0.963530485543728,10.7349546360919,106.70785885535,0.0,1,0,-0.3306552193971129,0.0,0.0,0.0,1.0,0.0
3217,-1.7539551211519617,0.23076923076923078,2.0502110105697895,10.7921264828662,106.691236309377,3.0,0,0,-0.9028346336956022,0.0,0.0,0.0,0.0,1.0
897,-0.6688000780565717,0.3076923076923077,-1.7072229052631471,10.8077240770136,106.703900524078,3.0,0,0,1.3897638631431688,0.0,0.0,1.0,0.0,0.0
1258,-0.37480406362233243,0.23076923076923078,0.963530485543728,10.7790498109419,106.679193403058,3.0,0,0,-0.09639304316274322,0.0,0.0,0.0,0.0,1.0
5133,-0.28090108395535385,0.23076923076923078,-0.4391709580720064,10.7795460249331,106.667096111901,0.0,1,0,0.4757863711357461,0.0,0.0,0.0,0.0,1.0
95,-0.1926076911174569,0.23076923076923078,-0.7884660886417492,10.806884675556,106.68552339077,2.0,0,0,0.11316161425994499,0.0,0.0,0.0,0.0,1.0
2463,0.3707119834879608,0.23076923076923078,-0.4391709580720064,10.8434323925947,106.65042772835,2.0,0,0,-0.09639304316274322,0.0,0.0,1.0,0.0,0.0
3424,-0.5012464551475065,0.15384615384615385,-0.13659775324274978,10.8708257584932,106.685561447789,3.0,0,0,-0.3306552193971129,0.0,0.0,0.0,0.0,1.0
5566,-0.25832850878387886,0.3076923076923077,-0.4391709580720064,10.8379279759456,106.636602423273,2.0,0,0,0.30272686033993124,0.0,0.0,0.0,0.0,1.0
842,-1.2831292553680742,0.23076923076923078,-1.2015945422910468,10.801772872258,106.687562951009,3.0,0,0,-0.09639304316274322,0.0,0.0,0.0,0.0,1.0
1595,0.4281357043022882,0.07692307692307693,-1.2015945422910468,10.7843701652447,106.759576066709,2.0,0,0,-0.9028346336956022,0.0,0.0,1.0,0.0,0.0
5144,-0.1926076911174569,0.15384615384615385,-0.4391709580720064,10.8481564559758,106.64238587069,2.0,0,1,-0.09639304316274322,0.0,0.0,0.0,1.0,0.0
5067,1.2814349619334375,0.23076923076923078,0.1302907279796492,10.8937983957002,106.583293224149,3.0,0,1,-0.09639304316274322,1.0,0.0,0.0,1.0,0.0
4326,1.8623409144073342,0.07692307692307693,-0.4391709580720064,10.7426946625182,106.729843797137,3.0,0,0,2.9195154941516295,0.0,0.0,0.0,1.0,0.0
6297,0.5235542914366881,0.23076923076923078,1.5713987371125986,10.7953075144311,106.641140433951,3.0,0,0,0.4757863711357461,0.0,1.0,0.0,1.0,0.0
4518,0.7552290280664897,0.4615384615384616,0.1302907279796492,10.7657820357712,106.673171927885,3.0,0,1,0.6349856886503463,0.0,1.0,0.0,1.0,0.0
2439,-0.4240911260771986,0.23076923076923078,-0.13659775324274978,10.7952987456192,106.677324251504,0.0,1,1,0.11316161425994499,0.0,0.0,0.0,1.0,0.0
3898,1.1663844433065083,0.23076923076923078,-0.13659775324274978,10.8032073250253,106.716393904025,0.0,1,1,-0.5962397703258719,0.0,0.0,0.0,1.0,0.0
2095,2.4528882939742513,0.15384615384615385,0.1302907279796492,10.7824937573199,106.686608984572,3.0,0,1,0.782381234505476,0.0,0.0,0.0,1.0,0.0
4852,-0.37480406362233243,0.15384615384615385,-0.13659775324274978,10.8072105313383,106.623494844906,0.0,1,1,0.11316161425994499,0.0,1.0,0.0,1.0,0.0
322,-0.4750780736920162,0.15384615384615385,-0.4391709580720064,10.6929811896161,106.740466786766,2.0,0,1,-0.09639304316274322,0.0,0.0,0.0,1.0,0.0
1756,-0.9622048207552769,0.07692307692307693,-0.4391709580720064,10.7451655312671,106.630003148715,0.0,1,0,-1.265459390571404,0.0,0.0,0.0,1.0,0.0
1769,-1.3286243820305652,0.23076923076923078,0.1302907279796492,10.7585880144626,106.687912841307,3.0,0,1,-0.5962397703258719,0.0,0.0,0.0,1.0,0.0
5966,1.5284202422377637,0.0,0.963530485543728,10.7562556901399,106.715581130267,0.0,1,0,-2.28145563852695,0.0,0.0,1.0,0.0,0.0
4313,-0.3038236354463698,0.3076923076923077,0.1302907279796492,10.7698843001299,106.613217838152,2.0,0,0,0.6349856886503463,0.0,0.0,0.0,0.0,1.0
4258,0.9652944659873779,0.3076923076923077,-0.13659775324274978,10.7952839026856,106.648476772429,0.0,1,1,1.2822279616686043,0.0,1.0,0.0,1.0,0.0
334,-0.6986692748486453,0.23076923076923078,-1.2015945422910468,10.7401607107992,106.735843528788,2.0,0,0,0.11316161425994499,0.0,0.0,0.0,0.0,1.0
2955,-0.5826509567402912,0.3076923076923077,-1.2015945422910468,10.8266553743306,106.635429263759,2.0,0,0,-0.09639304316274322,0.0,0.0,1.0,0.0,0.0
332,-1.6356139825265459,0.07692307692307693,-1.7072229052631471,10.7585753100872,106.630798978728,2.0,0,0,-1.265459390571404,0.0,0.0,1.0,0.0,0.0
833,-1.4741655642529736,0.0,-0.13659775324274978,10.8025821048449,106.685759632004,0.0,1,1,-1.709276224228461,0.0,0.0,0.0,1.0,0.0
2836,0.3707119834879608,0.23076923076923078,-0.13659775324274978,10.7956656789355,106.775858358096,0.0,1,1,0.30272686033993124,0.0,1.0,0.0,1.0,0.0
5081,-0.3038236354463698,0.3076923076923077,-0.13659775324274978,10.7942935496102,106.668516860902,3.0,0,0,-0.09639304316274322,0.0,0.0,0.0,0.0,1.0
2525,0.11572050155235063,0.38461538461538464,0.963530485543728,10.8359222966861,106.842860391205,0.0,1,0,0.30272686033993124,0.0,0.0,0.0,1.0,0.0
3246,-0.10929128578611225,0.15384615384615385,-0.4391709580720064,10.7764568168977,106.643334299971,0.0,1,0,-0.9028346336956022,0.0,0.0,1.0,0.0,0.0
3921,-0.6986692748486453,0.23076923076923078,-1.7072229052631471,10.7403954519483,106.735580304345,1.0,0,0,-0.09639304316274322,0.0,0.0,0.0,0.0,1.0
731,2.9292363180475682,0.15384615384615385,0.1302907279796492,10.6688922410986,106.560181803387,3.0,0,0,-0.5962397703258719,0.0,0.0,0.0,1.0,0.0
2083,0.21656469094070732,0.38461538461538464,0.1302907279796492,10.8155981736514,106.698733204516,0.0,1,0,2.2307964070632096,0.0,0.0,0.0,1.0,0.0
291,0.884813376425733,0.23076923076923078,0.1302907279796492,10.7916783501769,106.685309984503,3.0,0,0,0.782381234505476,0.0,0.0,0.0,1.0,0.0
184,0.8639894412629446,0.3076923076923077,2.9327121238363367,10.84709,106.7096,3.0,0,0,0.11316161425994499,0.0,0.0,0.0,1.0,0.0
4956,0.6740374558259857,0.0,-0.13659775324274978,21.0289486097874,105.852447225903,0.0,1,1,0.11316161425994499,0.0,0.0,0.0,1.0,0.0
4558,0.5235542914366881,0.3076923076923077,-0.13659775324274978,10.7297528167877,106.70785340058364,0.0,1,1,0.4757863711357461,0.0,0.0,0.0,1.0,0.0
2213,-0.6688000780565717,0.07692307692307693,-0.4391709580720064,10.7831540004212,106.602280101172,3.0,0,0,-1.265459390571404,0.0,0.0,1.0,0.0,0.0
533,0.3707119834879608,0.15384615384615385,1.287787426350749,10.7496640062444,106.608889941427,3.0,0,0,0.11316161425994499,0.0,0.0,1.0,0.0,0.0
1671,0.28016481741637705,0.15384615384615385,0.1302907279796492,10.8113792696114,106.728770185497,3.0,0,1,-0.09639304316274322,0.0,0.0,0.0,1.0,0.0
2578,-0.7920776985802562,0.3076923076923077,-1.2015945422910468,10.7735672245606,106.677606625406,0.0,1,0,0.30272686033993124,0.0,0.0,0.0,0.0,1.0
4787,1.0783539839487635,0.15384615384615385,-0.4391709580720064,10.8000022005954,106.64494408393,2.0,0,1,1.0479657854342355,0.0,0.0,0.0,1.0,0.0
3437,0.3411414986789205,0.38461538461538464,1.434027398777648,10.7942521037229,106.689419411487,3.0,0,0,2.0886695522014636,0.0,0.0,0.0,0.0,1.0
2348,-0.04974733457061966,0.07692307692307693,-0.13659775324274978,10.7742131982208,106.679461671147,0.0,1,1,-0.9028346336956022,0.0,0.0,1.0,0.0,0.0
3520,-0.3271071868061051,0.15384615384615385,-0.7884660886417492,10.8713773035108,106.628844326354,2.0,0,0,-0.9028346336956022,0.0,0.0,1.0,0.0,0.0
657,-0.4240911260771986,0.07692307692307693,-1.2015945422910468,10.7375792263193,106.628265873616,2.0,0,0,-0.9028346336956022,1.0,0.0,0.0,1.0,0.0
1255,0.2487067167045892,0.07692307692307693,-0.7884660886417492,10.8229481610068,106.780289489548,2.0,0,0,-0.3306552193971129,0.0,0.0,1.0,0.0,0.0
2798,-0.8577985162466776,0.07692307692307693,-0.7884660886417492,10.7916461403185,106.670102308871,3.0,0,0,-1.265459390571404,1.0,0.0,0.0,1.0,0.0
2794,-1.375564037342406,0.07692307692307693,-0.4391709580720064,10.8006898381021,106.689129729772,2.0,0,1,-1.265459390571404,0.0,0.0,1.0,0.0,0.0
2776,-0.3038236354463698,0.15384615384615385,0.963530485543728,10.8391580845101,106.778227227216,0.0,1,0,-0.5962397703258719,0.0,0.0,0.0,0.0,1.0
4151,1.0039496078129824,0.23076923076923078,0.1302907279796492,10.7760603812551,106.611114149507,2.0,0,0,0.4757863711357461,0.0,0.0,0.0,0.0,1.0
3276,-0.7602813127840508,0.23076923076923078,-0.4391709580720064,10.7848990139072,106.668674626888,2.0,0,1,0.11316161425994499,0.0,0.0,0.0,1.0,0.0
898,-0.2360953837240995,0.0,-0.7884660886417492,10.808259569687,106.688076896935,3.0,0,0,-0.9028346336956022,0.0,0.0,0.0,1.0,0.0
6263,-0.6395223895560433,0.23076923076923078,-0.4391709580720064,10.8515946946845,106.658543826287,2.0,0,1,-0.3306552193971129,0.0,0.0,0.0,0.0,1.0
428,0.2487067167045892,0.6153846153846154,0.1302907279796492,10.7762906450539,106.70095843254,3.0,0,1,0.4757863711357461,1.0,0.0,0.0,1.0,0.0
5515,-0.5826509567402912,0.23076923076923078,-0.13659775324274978,10.8444035669189,106.716156109555,0.0,1,1,0.11316161425994499,0.0,0.0,1.0,0.0,0.0
4656,-0.6986692748486453,0.23076923076923078,1.5713987371125986,10.7914016112549,106.663315745015,3.0,0,0,-0.3306552193971129,0.0,0.0,0.0,0.0,1.0
4922,0.21656469094070732,0.23076923076923078,-0.13659775324274978,10.7444028445569,106.630190987609,0.0,1,1,0.11316161425994499,0.0,0.0,0.0,1.0,0.0
1436,1.1053178003806678,0.4615384615384616,0.1302907279796492,10.8062700602427,106.681566244589,3.0,0,1,2.3634408616661546,0.0,0.0,0.0,0.0,1.0
5701,1.6565067844550418,0.8461538461538463,2.0502110105697895,10.7693412660248,106.690659139095,0.0,1,0,5.168229271436142,0.0,0.0,0.0,0.0,1.0
1222,-0.17133430316050988,0.23076923076923078,0.1302907279796492,10.8045518931274,106.625467314942,3.0,0,1,-0.09639304316274322,0.0,0.0,0.0,1.0,0.0
6298,-0.9622048207552769,0.07692307692307693,-1.2015945422910468,10.7985184680121,106.606346341556,2.0,0,0,-1.265459390571404,0.0,0.0,0.0,1.0,0.0
2029,0.48341223409930084,0.5384615384615385,0.963530485543728,10.7711132914757,106.686566388322,3.0,0,0,0.9196032047928032,0.0,0.0,0.0,0.0,1.0
4753,0.21656469094070732,0.07692307692307693,-0.13659775324274978,10.8144324801558,106.775318522697,0.0,1,1,-0.5962397703258719,0.0,0.0,0.0,1.0,0.0
3375,-0.37480406362233243,0.3076923076923077,-0.7884660886417492,10.7764820060198,106.612059483062,0.0,1,0,0.782381234505476,0.0,0.0,0.0,1.0,0.0
5503,-0.6986692748486453,0.07692307692307693,-0.13659775324274978,10.738778316904,106.711238114783,0.0,1,1,-0.3306552193971129,0.0,0.0,0.0,0.0,1.0
4974,0.4421497898439041,0.3076923076923077,-0.13659775324274978,10.7919203098568,106.69121957697,0.0,1,1,-1.265459390571404,0.0,0.0,0.0,0.0,1.0
3739,-0.069330070593773,0.3076923076923077,-0.5384247714052057,10.806229963949,106.616062673224,3.0,0,0,1.6813478651712797,0.0,1.0,0.0,0.0,1.0
5402,0.04445490123643577,0.23076923076923078,-0.13659775324274978,10.8284209195345,106.768370565945,0.0,1,1,0.11316161425994499,0.0,0.0,0.0,0.0,1.0
5853,0.3997026173414371,0.15384615384615385,-0.13659775324274978,10.8069373694437,106.788151803466,0.0,1,1,-0.09639304316274322,0.0,0.0,0.0,0.0,1.0
4677,-0.011343228479551189,0.0,-0.7884660886417492,10.7935143178421,106.642697697284,2.0,0,0,-2.28145563852695,0.0,0.0,1.0,0.0,0.0
2313,0.4139875106418454,0.07692307692307693,0.1302907279796492,10.7809148647696,106.635321401262,3.0,0,1,-1.265459390571404,0.0,0.0,0.0,1.0,0.0
2543,-0.2360953837240995,0.15384615384615385,-1.7072229052631471,10.7147500671381,106.736877573588,3.0,0,0,0.6349856886503463,0.0,0.0,0.0,0.0,1.0
2746,-0.04974733457061966,0.0,0.1302907279796492,10.7640929935802,106.624092791017,3.0,0,1,-0.3306552193971129,0.0,0.0,0.0,1.0,0.0
1096,-0.011343228479551189,0.07692307692307693,0.1302907279796492,10.8386517052955,106.676559085976,2.0,0,0,-0.9028346336956022,0.0,0.0,0.0,0.0,1.0
4399,0.4421497898439041,0.3076923076923077,0.1302907279796492,10.8159185616772,106.695212277834,3.0,0,1,-0.09639304316274322,0.0,0.0,0.0,1.0,0.0
2223,-0.5826509567402912,0.0,-0.4391709580720064,10.8442596439445,106.756890937686,2.0,0,1,-1.709276224228461,0.0,0.0,0.0,1.0,0.0
5688,0.8428680112644017,0.23076923076923078,0.1302907279796492,10.7867456640562,106.678070245158,3.0,0,1,1.2822279616686043,0.0,0.0,0.0,1.0,0.0
3606,1.1053178003806678,0.15384615384615385,2.0502110105697895,10.806091,106.78285,3.0,0,0,1.6813478651712797,0.0,0.0,0.0,1.0,0.0
5206,0.4697856403578324,0.15384615384615385,-0.4391709580720064,10.7377957226098,106.722802266628,0.0,1,0,0.30272686033993124,0.0,0.0,0.0,0.0,1.0
3006,-0.10929128578611225,0.15384615384615385,-0.7884660886417492,10.7990495739804,106.694027203598,3.0,0,0,0.11316161425994499,0.0,0.0,0.0,0.0,1.0
1652,1.5082129806834967,0.6923076923076923,2.0502110105697895,10.7649597654336,106.695232404231,0.0,1,0,3.709720833810584,0.0,0.0,0.0,0.0,1.0
5974,-0.15036267557913827,0.07692307692307693,0.1302907279796492,10.7808260283109,106.650456887364,3.0,0,1,-0.09639304316274322,0.0,0.0,0.0,1.0,0.0
1230,-1.5798158528105595,0.07692307692307693,-1.7072229052631471,10.8447774241188,106.660645263811,0.0,1,0,-1.265459390571404,0.0,0.0,0.0,0.0,1.0
1410,-0.10929128578611225,0.15384615384615385,0.963530485543728,10.8139079953995,106.775305188536,3.0,0,0,-0.3306552193971129,0.0,0.0,0.0,0.0,1.0
1788,0.09822355231529148,0.0,0.5849971026224333,10.7823664517884,106.609038761232,3.0,0,0,-1.709276224228461,0.0,0.0,1.0,0.0,0.0
4552,-0.04974733457061966,0.07692307692307693,-0.4391709580720064,10.8228202910113,106.6855939149,0.0,1,0,-0.3306552193971129,0.0,0.0,0.0,1.0,0.0
3393,-5.325034826021873,0.6153846153846154,0.1302907279796492,10.7316559401263,106.731316297793,3.0,0,1,5.615175814137,0.0,0.0,0.0,1.0,0.0
2592,0.3261314717355513,0.23076923076923078,0.1302907279796492,10.7750233234238,106.664419884161,0.0,1,0,1.5888228250383352,0.0,0.0,0.0,1.0,0.0
3856,1.7856620670050765,0.15384615384615385,2.445284124721849,10.8136384014399,106.775252284111,0.0,1,0,-0.3306552193971129,0.0,0.0,0.0,0.0,0.0
3101,-0.3271071868061051,0.15384615384615385,0.5849971026224333,10.867711967103,106.626582868703,3.0,0,0,-0.3306552193971129,0.0,0.0,0.0,0.0,1.0
2519,0.29564637201642957,0.23076923076923078,-0.13659775324274978,10.8748161832296,106.657964537809,2.0,0,0,0.30272686033993124,0.0,0.0,0.0,0.0,1.0
192,1.087396672413115,0.23076923076923078,0.1302907279796492,10.8505668528113,106.695380870075,0.0,1,0,3.1046658001570098,0.0,0.0,0.0,0.0,1.0
2465,-0.5012464551475065,0.07692307692307693,-0.13659775324274978,10.8052810921129,106.682338953751,2.0,0,0,-0.5962397703258719,0.0,0.0,0.0,0.0,1.0
1126,0.9256014791983493,0.07692307692307693,0.1302907279796492,10.6786351108618,106.703520193673,3.0,0,1,-0.5962397703258719,0.0,0.0,0.0,1.0,0.0
3796,3.170424041914143,0.0,2.9327121238363367,10.7441672603196,106.630592504246,3.0,0,0,-2.28145563852695,0.0,0.0,0.0,0.0,1.0
5044,0.04445490123643577,0.23076923076923078,0.5849971026224333,10.8670536650804,106.626225752869,0.0,1,0,0.30272686033993124,0.0,0.0,0.0,0.0,0.0
3707,-0.04974733457061966,0.15384615384615385,-0.13659775324274978,10.80709,106.7999,0.0,1,1,-0.3306552193971129,0.0,0.0,0.0,0.0,1.0
3002,-0.3271071868061051,0.23076923076923078,-0.4391709580720064,10.8514196214614,106.651930930978,2.0,0,0,0.9196032047928032,0.0,0.0,0.0,0.0,1.0
304,-0.04974733457061966,0.0,-0.4391709580720064,10.8773203624547,106.681253370959,3.0,0,0,-0.5962397703258719,0.0,0.0,0.0,1.0,0.0
1817,-0.069330070593773,0.07692307692307693,-0.7884660886417492,10.7883239028849,106.658607235801,2.0,0,0,-0.3306552193971129,0.0,0.0,0.0,0.0,0.0
4439,-0.28090108395535385,0.07692307692307693,0.1302907279796492,10.7895700891438,106.702488049862,3.0,0,1,-1.709276224228461,0.0,0.0,1.0,0.0,0.0
1292,0.3411414986789205,0.15384615384615385,0.1302907279796492,10.770980779046,106.690535674825,3.0,0,1,-0.09639304316274322,0.0,0.0,0.0,0.0,1.0
70,-1.2389923970188421,0.15384615384615385,-0.13659775324274978,10.7811754479325,106.641157250661,0.0,1,1,-0.5962397703258719,0.0,0.0,0.0,1.0,0.0
4032,0.9053480809024144,0.3076923076923077,-0.13659775324274978,10.8359547395213,106.843016346979,0.0,1,1,1.769759295385021,0.0,0.0,1.0,0.0,0.0
1305,-0.03042058936361902,0.07692307692307693,0.5849971026224333,10.770840647383,106.686747168286,1.0,0,0,0.11316161425994499,0.0,0.0,0.0,1.0,0.0
3103,-0.3992422225807697,0.15384615384615385,2.0502110105697895,10.7925274216949,106.668092041873,3.0,0,0,0.11316161425994499,0.0,0.0,1.0,0.0,0.0
3320,-0.5278863642596802,0.07692307692307693,-0.13659775324274978,10.8500844419687,106.695352788304,0.0,1,1,-0.9028346336956022,0.0,0.0,0.0,1.0,0.0
5865,0.7093811696941079,0.3076923076923077,0.3690306097293516,10.8358438490215,106.842885633907,0.0,1,0,-0.3306552193971129,0.0,0.0,1.0,0.0,0.0
3571,1.2085090863672519,0.0,-1.2015945422910468,10.9065672475182,106.646737980349,3.0,0,0,-1.709276224228461,0.0,0.0,0.0,1.0,0.0
1340,0.21656469094070732,0.15384615384615385,0.963530485543728,10.727949736475916,106.73541272133755,0.0,1,0,-0.09639304316274322,0.0,0.0,0.0,1.0,0.0
831,-0.6395223895560433,0.07692307692307693,0.1302907279796492,10.8024292516822,106.689834815069,3.0,0,1,-0.09639304316274322,0.0,0.0,0.0,0.0,1.0
3617,0.9652944659873779,0.07692307692307693,-0.4391709580720064,10.8489848397267,106.693018975443,3.0,0,0,-0.5962397703258719,0.0,0.0,0.0,0.0,1.0
1456,-0.6986692748486453,0.07692307692307693,0.1302907279796492,10.7477470964608,106.715999242248,0.0,1,0,-1.265459390571404,0.0,0.0,0.0,0.0,1.0
2170,-0.12968436710496703,0.23076923076923078,2.0502110105697895,10.7732893180411,106.676176147981,3.0,0,0,0.11316161425994499,0.0,0.0,0.0,1.0,0.0
4235,0.6131862764484118,0.23076923076923078,-0.4391709580720064,10.8123878451955,106.668783032353,0.0,1,0,0.782381234505476,0.0,0.0,1.0,0.0,0.0
238,-0.6108132359423499,0.07692307692307693,-0.7884660886417492,10.8105942414806,106.713444016992,2.0,0,0,-1.265459390571404,0.0,0.0,0.0,1.0,0.0
92,0.1501051897940211,0.23076923076923078,0.963530485543728,10.7714966138803,106.67097111139,3.0,0,0,0.782381234505476,0.0,0.0,0.0,1.0,0.0
3831,0.16700223033751904,0.15384615384615385,0.963530485543728,10.726815166410894,106.66804334073268,0.0,1,0,-0.09639304316274322,0.0,1.0,0.0,1.0,0.0
2157,-0.9987122300435685,0.23076923076923078,-0.4391709580720064,10.7614080179491,106.6671111075,3.0,0,0,-0.3306552193971129,0.0,0.0,0.0,1.0,0.0
5944,1.265537228595943,0.0,2.9327121238363367,10.8005983951294,106.62216733734,0.0,1,0,-2.28145563852695,0.0,0.0,0.0,1.0,0.0
5729,-0.5012464551475065,0.15384615384615385,-0.13659775324274978,10.828756841271266,106.62004362791777,0.0,1,1,0.11316161425994499,0.0,0.0,0.0,1.0,0.0
3501,0.385278357028152,0.23076923076923078,0.963530485543728,10.795401168616,106.77582869581,0.0,1,0,0.11316161425994499,0.0,1.0,0.0,1.0,0.0
6043,-0.28090108395535385,0.15384615384615385,-0.4391709580720064,10.7826340987026,106.608908544969,3.0,0,0,-0.9028346336956022,0.0,0.0,1.0,0.0,0.0
2446,-1.2389923970188421,0.15384615384615385,0.963530485543728,10.7664024154093,106.642535408317,3.0,0,0,-0.5962397703258719,0.0,0.0,0.0,1.0,0.0
3813,0.4281357043022882,0.0,0.1302907279796492,10.7579237471949,106.657277719987,3.0,0,1,-2.28145563852695,0.0,0.0,0.0,1.0,0.0
1001,-1.154485113689163,0.15384615384615385,0.1302907279796492,10.7723291306035,106.680805085515,3.0,0,1,-0.9028346336956022,0.0,0.0,0.0,1.0,0.0
2287,-0.3992422225807697,0.07692307692307693,-0.13659775324274978,10.8713944596543,106.677420334698,0.0,1,1,-0.9028346336956022,0.0,0.0,0.0,0.0,1.0
5880,0.4421497898439041,0.15384615384615385,2.0502110105697895,10.7998669964764,106.650713453729,3.0,0,0,0.6349856886503463,0.0,0.0,0.0,0.0,1.0
4053,1.8299642566326462,0.15384615384615385,-0.13659775324274978,10.7777280712134,106.759474934071,0.0,1,1,0.11316161425994499,0.0,0.0,0.0,0.0,1.0
2232,-0.5826509567402912,0.23076923076923078,-0.13659775324274978,10.8824762737538,106.681541953636,2.0,0,0,0.11316161425994499,0.0,0.0,0.0,0.0,1.0
1504,-0.7920776985802562,0.07692307692307693,-1.2015945422910468,10.7243241950328,106.726467791429,0.0,1,0,-1.265459390571404,0.0,0.0,0.0,0.0,1.0
957,-0.35076329075821017,0.3076923076923077,-1.7072229052631471,10.8420570469151,106.650911438845,0.0,1,0,0.30272686033993124,0.0,0.0,0.0,0.0,1.0
4746,-0.9622048207552769,0.23076923076923078,-0.4391709580720064,10.8184191220424,106.678183060144,2.0,0,1,-0.5962397703258719,0.0,0.0,1.0,0.0,0.0
5885,1.985191476882123,0.15384615384615385,0.1302907279796492,10.7675642949975,106.686389338945,3.0,0,1,2.7153435996542745,0.0,0.0,0.0,1.0,0.0
4987,0.7776305923124383,0.23076923076923078,-0.4391709580720064,10.769214240946,106.682923339278,2.0,0,0,0.11316161425994499,0.0,0.0,0.0,0.0,1.0
1532,-2.0993488277390115,0.07692307692307693,-1.2015945422910468,10.8060004941636,106.605386279032,3.0,0,0,-1.709276224228461,0.0,0.0,0.0,1.0,0.0
3541,-0.35076329075821017,0.15384615384615385,-0.4391709580720064,10.692577367348,106.741197049553,0.0,1,0,-0.3306552193971129,0.0,0.0,0.0,0.0,1.0
6146,-0.9622048207552769,0.15384615384615385,-0.13659775324274978,10.7308809155901,106.732348604755,0.0,1,1,-0.3306552193971129,0.0,0.0,0.0,0.0,1.0
5777,0.3997026173414371,0.0,-0.13659775324274978,10.6138543109302,106.739654438328,0.0,1,0,-0.9028346336956022,0.0,0.0,1.0,0.0,0.0
411,0.20022778488202966,0.3076923076923077,0.1302907279796492,10.8356509203537,106.69730130583,3.0,0,1,2.6048190729938816,0.0,1.0,0.0,1.0,0.0
1405,-0.6986692748486453,0.07692307692307693,-0.7884660886417492,10.8023901725496,106.590310631074,3.0,0,0,-1.265459390571404,0.0,0.0,0.0,0.0,1.0
1934,-0.25832850878387886,0.23076923076923078,-0.4391709580720064,10.7701238839993,106.694214883991,3.0,0,0,0.6349856886503463,0.0,0.0,0.0,1.0,0.0
2995,-0.4750780736920162,0.23076923076923078,0.1302907279796492,10.799632247981,106.619348400801,2.0,0,0,0.782381234505476,0.0,0.0,0.0,1.0,0.0
6045,-0.15036267557913827,0.15384615384615385,-0.4391709580720064,10.8057941092351,106.668373884667,3.0,0,0,-0.5962397703258719,0.0,0.0,1.0,0.0,0.0
4760,-0.03042058936361902,0.07692307692307693,1.5713987371125986,10.8154016834754,106.775100247643,0.0,1,0,-0.5962397703258719,0.0,0.0,1.0,0.0,0.0
1992,0.3261314717355513,0.23076923076923078,2.0502110105697895,10.7665769226386,106.659577872069,0.0,1,0,0.4757863711357461,0.0,0.0,0.0,1.0,0.0
3682,-0.37480406362233243,0.23076923076923078,1.434027398777648,21.02894860978742,105.85244722590336,0.0,1,0,-0.5962397703258719,0.0,1.0,0.0,1.0,0.0
5922,1.5284202422377637,0.23076923076923078,-0.13659775324274978,10.7377,106.726,0.0,1,1,-0.09639304316274322,0.0,0.0,0.0,0.0,1.0
1702,-0.6986692748486453,0.07692307692307693,-0.13659775324274978,10.7963369302653,106.707067132611,0.0,1,1,-0.3306552193971129,0.0,0.0,0.0,0.0,1.0
2333,-0.5278863642596802,0.07692307692307693,-0.7884660886417492,10.7450996586907,106.610660852438,3.0,0,0,-1.265459390571404,0.0,0.0,1.0,0.0,0.0
1034,0.49691438232451574,0.23076923076923078,-0.13659775324274978,10.7912188792243,106.645304364064,0.0,1,1,1.8544073759670945,0.0,0.0,0.0,0.0,1.0
5531,0.3411414986789205,0.07692307692307693,0.5849971026224333,10.651106550057,106.729875083998,0.0,1,0,-1.265459390571404,0.0,0.0,1.0,0.0,0.0
5891,-0.25832850878387886,0.23076923076923078,0.1302907279796492,10.7913939876798,106.663171764151,3.0,0,1,-0.09639304316274322,0.0,1.0,0.0,1.0,0.0
2877,-0.1926076911174569,0.23076923076923078,-1.2015945422910468,10.864885206941,106.613883197915,0.0,1,0,-0.09639304316274322,0.0,0.0,0.0,1.0,0.0
2271,-0.28090108395535385,0.23076923076923078,-0.13659775324274978,10.7900743980527,106.621788890196,0.0,1,1,0.11316161425994499,1.0,0.0,0.0,1.0,0.0
931,-0.21419165043464608,0.3076923076923077,0.1302907279796492,10.7802166484573,106.624679790529,3.0,0,1,0.4757863711357461,0.0,0.0,0.0,0.0,1.0
5744,-0.15036267557913827,0.23076923076923078,-1.7072229052631471,10.785336446052536,106.78410858040334,0.0,1,0,0.782381234505476,0.0,0.0,0.0,1.0,0.0
6276,1.6565067844550418,0.4615384615384616,-0.13659775324274978,10.7426328499709,106.710299111724,0.0,1,1,3.0142443347171786,0.0,1.0,0.0,1.0,0.0
4078,-0.04974733457061966,0.23076923076923078,0.1302907279796492,10.386480948271007,106.91987393433833,3.0,0,1,-0.3306552193971129,0.0,1.0,0.0,1.0,0.0
633,-0.6108132359423499,0.0,-0.4391709580720064,10.8200799015657,106.704002182638,2.0,0,0,-2.28145563852695,0.0,0.0,0.0,1.0,0.0
4993,0.29564637201642957,0.3076923076923077,3.566232722406522,10.800038315199,106.777840087868,3.0,0,0,0.4757863711357461,0.0,0.0,1.0,0.0,0.0
498,-0.03042058936361902,0.23076923076923078,1.434027398777648,10.7309832346589,106.73246469909,3.0,0,0,0.11316161425994499,0.0,0.0,1.0,0.0,0.0
937,0.3261314717355513,0.15384615384615385,-0.4391709580720064,10.8061580270926,106.605088901728,0.0,1,0,-0.09639304316274322,0.0,0.0,0.0,0.0,1.0
415,0.04445490123643577,0.3076923076923077,0.5849971026224333,10.8615762969391,106.611331487335,3.0,0,0,0.30272686033993124,0.0,0.0,0.0,0.0,1.0
2611,0.6378280961214066,0.4615384615384616,0.1302907279796492,10.7934173428061,106.688600152156,3.0,0,1,2.820048284014553,0.0,0.0,0.0,1.0,0.0
5275,2.2415926274716456,0.15384615384615385,-0.13659775324274978,10.7912032537364,106.71812213973,0.0,1,1,-0.09639304316274322,0.0,0.0,0.0,1.0,0.0
720,-0.08917566997524837,0.0,-0.4391709580720064,10.7354871451976,106.605568356052,2.0,0,1,-0.9028346336956022,0.0,0.0,0.0,1.0,0.0
2187,0.29564637201642957,0.07692307692307693,-0.4391709580720064,10.8199641248378,106.703845598261,2.0,0,0,-0.9028346336956022,0.0,0.0,0.0,1.0,0.0
3442,-0.011343228479551189,0.07692307692307693,2.445284124721849,10.8093,106.6085,3.0,0,0,-0.5962397703258719,0.0,0.0,0.0,1.0,0.0
757,0.08051705379647196,0.3076923076923077,0.963530485543728,10.7847851405637,106.668516430205,3.0,0,0,0.11316161425994499,0.0,0.0,0.0,0.0,1.0
2031,1.8676687578485975,0.15384615384615385,0.1302907279796492,10.7918935062259,106.691267291493,3.0,0,1,2.2307964070632096,0.0,0.0,0.0,1.0,0.0
2115,0.21656469094070732,0.3076923076923077,0.963530485543728,10.830000998011,106.702596003063,0.0,1,0,0.782381234505476,0.0,0.0,0.0,0.0,1.0
1041,0.9652944659873779,0.4615384615384616,1.287787426350749,10.7989123757517,106.630126665664,3.0,0,0,3.233028380798443,0.0,0.0,0.0,1.0,0.0
5170,0.7209771111378261,0.6153846153846154,2.9327121238363367,10.7693697020845,106.688246730473,3.0,0,0,1.2822279616686043,0.0,0.0,0.0,1.0,0.0
3297,-0.3038236354463698,0.15384615384615385,-1.2015945422910468,10.8300595660842,106.691582607584,2.0,0,0,-0.5962397703258719,0.0,0.0,0.0,0.0,1.0
3454,-0.6395223895560433,0.15384615384615385,0.1302907279796492,10.756659884463,106.585732133111,3.0,0,1,-0.3306552193971129,0.0,0.0,0.0,0.0,1.0
5629,-0.6688000780565717,0.15384615384615385,0.1302907279796492,10.7857300096037,106.670843434595,3.0,0,1,-0.3306552193971129,0.0,0.0,0.0,1.0,0.0
596,0.385278357028152,0.07692307692307693,0.1302907279796492,10.8160554199295,106.693594743926,0.0,1,0,-1.265459390571404,0.0,0.0,0.0,1.0,0.0
5399,-0.7920776985802562,0.07692307692307693,0.1302907279796492,10.6929762330576,106.740578921326,3.0,0,1,-0.9028346336956022,0.0,0.0,0.0,0.0,1.0
4908,0.4421497898439041,0.15384615384615385,-0.13659775324274978,10.769905,106.553215,0.0,1,1,-0.3306552193971129,0.0,1.0,0.0,1.0,0.0
4374,1.312726605208099,0.0,-1.2015945422910468,10.7393429375499,106.706831545983,3.0,0,0,0.6349856886503463,0.0,0.0,0.0,1.0,0.0
1068,-1.2831292553680742,0.07692307692307693,-1.7072229052631471,10.8462554058182,106.642956792867,0.0,1,0,-0.9028346336956022,0.0,0.0,0.0,0.0,1.0
1942,-0.5826509567402912,0.23076923076923078,0.5849971026224333,10.8814835593463,106.637648587763,0.0,1,0,0.30272686033993124,0.0,0.0,1.0,0.0,0.0
1647,1.312726605208099,0.23076923076923078,0.963530485543728,10.7521410315136,106.617163383976,3.0,0,0,0.30272686033993124,0.0,0.0,0.0,1.0,0.0
2845,-0.8917879431693261,0.07692307692307693,0.1302907279796492,10.7665032296315,106.627340184513,3.0,0,1,-1.265459390571404,0.0,0.0,1.0,0.0,0.0
3382,0.310967493112446,0.3076923076923077,-0.13659775324274978,10.7662045567229,106.600421658011,3.0,0,0,0.782381234505476,0.0,0.0,0.0,0.0,1.0
2375,-0.21419165043464608,0.3076923076923077,-0.13659775324274978,10.7524463361194,106.674768882277,0.0,1,1,0.11316161425994499,0.0,0.0,0.0,1.0,0.0
5595,-0.37480406362233243,0.23076923076923078,-0.7884660886417492,10.7316321300212,106.745060332089,0.0,1,0,0.11316161425994499,0.0,0.0,0.0,0.0,1.0
652,-0.35076329075821017,0.3076923076923077,-0.4391709580720064,10.7973996308131,106.695724453211,0.0,1,0,0.11316161425994499,0.0,0.0,0.0,1.0,0.0
4996,0.9847483644909514,0.23076923076923078,-0.13659775324274978,10.806187,106.76898,0.0,1,1,0.30272686033993124,0.0,1.0,0.0,1.0,0.0
1700,0.16700223033751904,0.15384615384615385,0.1302907279796492,10.7672593923299,106.653541435512,2.0,0,0,0.11316161425994499,0.0,0.0,0.0,0.0,1.0
4848,-0.37480406362233243,0.23076923076923078,-0.7884660886417492,10.8389670189029,106.648733028988,2.0,0,0,0.30272686033993124,0.0,0.0,1.0,0.0,0.0
5048,-0.28090108395535385,0.3076923076923077,-0.13659775324274978,10.8476077784879,106.790829776061,0.0,1,1,-0.09639304316274322,0.0,0.0,0.0,0.0,1.0
5940,0.3707119834879608,0.23076923076923078,-0.13659775324274978,10.715980283488,106.63160911367,0.0,1,1,0.11316161425994499,0.0,0.0,0.0,0.0,1.0
2754,-0.15036267557913827,0.07692307692307693,-0.4391709580720064,10.819237205755,106.702965706467,3.0,0,0,-0.9028346336956022,0.0,0.0,0.0,1.0,0.0
2948,-0.5550151062263636,0.23076923076923078,0.1302907279796492,10.8086381221266,106.687984248305,3.0,0,1,-0.3306552193971129,0.0,0.0,0.0,1.0,0.0
2357,-0.5012464551475065,0.23076923076923078,0.1302907279796492,10.7662124354692,106.683310264423,3.0,0,1,0.30272686033993124,0.0,0.0,0.0,0.0,1.0
2775,0.3707119834879608,0.0,0.1302907279796492,10.7982902580811,106.59196202618,0.0,1,0,0.30272686033993124,0.0,0.0,0.0,1.0,0.0
4941,-1.113976416559445,0.07692307692307693,0.1302907279796492,10.7689266546858,106.678861587694,3.0,0,1,-1.265459390571404,0.0,0.0,0.0,1.0,0.0
2803,-0.6395223895560433,0.15384615384615385,0.1302907279796492,10.7933056240088,106.687240005631,3.0,0,1,0.30272686033993124,0.0,0.0,0.0,0.0,1.0
2676,-0.25832850878387886,0.15384615384615385,0.1302907279796492,10.7977304825655,106.658407593251,0.0,1,0,0.11316161425994499,0.0,0.0,0.0,0.0,1.0
75,-0.03042058936361902,0.23076923076923078,-1.2015945422910468,10.7712364229155,106.690819015907,3.0,0,0,1.0479657854342355,0.0,0.0,0.0,0.0,1.0
4407,-0.6688000780565717,0.07692307692307693,-0.4391709580720064,10.7437170940951,106.684631693165,3.0,0,0,-1.265459390571404,0.0,0.0,0.0,1.0,0.0
3992,0.3261314717355513,0.0,1.5713987371125986,10.7842536923883,106.759519652471,3.0,0,0,-1.265459390571404,0.0,0.0,0.0,1.0,0.0
5446,1.5014153827090437,0.15384615384615385,0.1302907279796492,10.7533991315616,106.614252373578,3.0,0,1,0.30272686033993124,0.0,0.0,0.0,1.0,0.0
5307,0.8534664434236847,0.23076923076923078,-0.13659775324274978,10.76041950505405,106.68169705507502,2.0,0,0,1.1685438955241836,0.0,0.0,0.0,1.0,0.0
5793,-0.10929128578611225,0.07692307692307693,0.1302907279796492,10.8153499442062,106.707843701799,0.0,1,0,-1.265459390571404,0.0,0.0,0.0,1.0,0.0
4246,0.3560006685276249,0.15384615384615385,0.1302907279796492,10.7473281128874,106.616604670207,3.0,0,1,-0.5962397703258719,0.0,0.0,0.0,1.0,0.0
3680,0.1501051897940211,0.07692307692307693,0.1302907279796492,10.7409015638911,106.646725025507,3.0,0,1,-0.5962397703258719,0.0,1.0,0.0,1.0,0.0
3755,1.3881753703228958,0.23076923076923078,2.9327121238363367,10.7660698249658,106.659533973101,3.0,0,0,0.30272686033993124,0.0,0.0,0.0,1.0,0.0
2780,-0.5012464551475065,0.07692307692307693,-0.4391709580720064,10.8054867304414,106.682145580379,2.0,0,0,-0.5962397703258719,0.0,0.0,0.0,0.0,1.0
108,-1.2831292553680742,0.07692307692307693,-1.7072229052631471,10.740195719639,106.735866931612,3.0,0,0,-1.265459390571404,0.0,0.0,0.0,0.0,1.0
1010,2.009549111075147,0.07692307692307693,-0.13659775324274978,10.7705574369517,106.689092550594,0.0,1,1,2.870403623922641,0.0,0.0,0.0,1.0,0.0
1029,0.21656469094070732,0.23076923076923078,-0.13659775324274978,10.7545111653255,106.619268188866,0.0,1,1,0.782381234505476,0.0,1.0,0.0,1.0,0.0
2447,-1.2831292553680742,0.07692307692307693,0.1302907279796492,10.8205330643125,106.775203740593,0.0,1,0,-1.265459390571404,0.0,0.0,1.0,0.0,0.0
828,-0.011343228479551189,0.38461538461538464,3.566232722406522,10.8091557926265,106.677142185899,3.0,0,0,1.5888228250383352,0.0,0.0,0.0,0.0,1.0
3023,0.20022778488202966,0.15384615384615385,0.1302907279796492,10.8108543690188,106.666629354455,3.0,0,1,0.6349856886503463,0.0,0.0,0.0,1.0,0.0
4224,0.7093811696941079,0.23076923076923078,0.963530485543728,10.711925973750049,106.66104514562193,3.0,0,0,-0.3306552193971129,0.0,1.0,0.0,1.0,0.0
96,-1.113976416559445,0.0,-0.13659775324274978,10.7530694638578,106.588467584253,0.0,1,1,-2.28145563852695,0.0,0.0,0.0,1.0,0.0
3439,-0.4240911260771986,0.23076923076923078,0.1302907279796492,10.7988932190235,106.630118115521,0.0,1,0,-0.09639304316274322,0.0,0.0,0.0,0.0,0.0
5270,-0.15036267557913827,0.23076923076923078,0.1302907279796492,10.873095046571,106.768128675707,3.0,0,1,0.11316161425994499,0.0,0.0,0.0,0.0,1.0
4609,1.4529364508864842,0.4615384615384616,-0.13659775324274978,10.8008888861303,106.732296108523,0.0,1,1,2.3634408616661546,0.0,1.0,0.0,1.0,0.0
1385,-0.5012464551475065,0.07692307692307693,-0.13659775324274978,10.8067366305876,106.68445950698,0.0,1,0,-0.5962397703258719,0.0,0.0,0.0,0.0,1.0
1200,2.182614296583261,0.3076923076923077,0.1302907279796492,10.8041820692662,106.641727003959,3.0,0,1,0.30272686033993124,1.0,0.0,0.0,1.0,0.0
2025,1.0039496078129824,0.23076923076923078,0.1302907279796492,10.8322257024211,106.618404133199,3.0,0,1,0.4757863711357461,1.0,0.0,0.0,1.0,0.0
621,-0.08917566997524837,0.07692307692307693,-1.2015945422910468,10.8103225866822,106.713307802268,0.0,1,0,-0.9028346336956022,0.0,0.0,1.0,0.0,0.0
6078,2.080303039832055,0.23076923076923078,2.5341556375641257,10.80324519330725,106.8010794791004,0.0,1,0,0.9196032047928032,0.0,0.0,0.0,0.0,1.0
566,1.5417399265153626,0.23076923076923078,-0.13659775324274978,10.7769991878537,106.638679834894,0.0,1,1,0.782381234505476,0.0,0.0,0.0,1.0,0.0
1837,0.18370833978305584,0.0,-0.4391709580720064,10.7505478094123,106.735960815453,0.0,1,0,0.4757863711357461,0.0,0.0,0.0,1.0,0.0
1334,-0.08917566997524837,0.0,-0.13659775324274978,10.8289809629327,106.689196608997,0.0,1,0,-1.709276224228461,0.0,0.0,0.0,1.0,0.0
2402,1.2814349619334375,0.38461538461538464,0.1302907279796492,10.8041562609188,106.659148010137,3.0,0,1,-0.09639304316274322,0.0,0.0,0.0,1.0,0.0
2619,-0.8917879431693261,0.07692307692307693,-0.13659775324274978,10.7810666651558,106.649754873201,3.0,0,0,-0.9028346336956022,0.0,0.0,0.0,0.0,1.0
4537,-1.2389923970188421,0.3076923076923077,-0.13659775324274978,10.7658046538604,106.663559425778,0.0,1,1,-0.5962397703258719,0.0,0.0,0.0,1.0,0.0
3660,0.11572050155235063,0.3076923076923077,-0.13659775324274978,21.0289486097874,105.852447225903,0.0,1,1,0.30272686033993124,0.0,0.0,0.0,1.0,0.0
3905,1.2971635672408903,0.07692307692307693,0.1302907279796492,10.8079060467587,106.688448791328,3.0,0,1,0.11316161425994499,0.0,0.0,0.0,1.0,0.0
745,-0.3271071868061051,0.07692307692307693,0.1302907279796492,10.7735749672915,106.643537335567,2.0,0,0,-0.5962397703258719,0.0,0.0,0.0,1.0,0.0
195,0.310967493112446,0.23076923076923078,2.9327121238363367,10.798260102138,106.737929270074,3.0,0,0,0.30272686033993124,0.0,0.0,0.0,0.0,1.0
4383,2.080303039832055,0.6923076923076923,0.1302907279796492,10.7561152637228,106.689462087754,3.0,0,1,0.30272686033993124,0.0,0.0,0.0,1.0,0.0
4365,0.49691438232451574,0.6153846153846154,0.963530485543728,10.7299597329512,106.632425505774,3.0,0,0,3.35360649088839,0.0,0.0,0.0,1.0,0.0
4160,1.883538051044993,0.23076923076923078,2.9327121238363367,10.7786032746917,106.746839555277,0.0,1,0,0.30272686033993124,0.0,1.0,1.0,0.0,0.0
802,-0.5550151062263636,0.15384615384615385,-0.13659775324274978,10.7991513889674,106.717912793405,0.0,1,1,-0.3306552193971129,0.0,0.0,0.0,0.0,1.0
3626,0.7324828108776685,0.15384615384615385,0.963530485543728,10.7562428643471,106.651058812227,3.0,0,0,0.4757863711357461,0.0,0.0,1.0,0.0,0.0
5159,0.29564637201642957,0.3076923076923077,0.1302907279796492,10.7658057390432,106.663718865342,3.0,0,1,-0.09639304316274322,0.0,0.0,0.0,1.0,0.0
4857,-0.5012464551475065,0.15384615384615385,-0.4391709580720064,10.8299703824549,106.702491945719,2.0,0,1,0.11316161425994499,0.0,0.0,0.0,0.0,1.0
644,-2.448843715749161,0.07692307692307693,-1.2015945422910468,10.7570213677335,106.638716045429,2.0,0,0,-1.265459390571404,0.0,0.0,1.0,0.0,0.0
5564,0.4421497898439041,0.07692307692307693,-0.7884660886417492,10.8025027546927,106.663200647217,0.0,1,0,-0.9028346336956022,0.0,0.0,0.0,1.0,0.0
4709,-2.179285860273359,0.15384615384615385,-0.13659775324274978,10.7926179467488,106.623547347895,0.0,1,1,-0.9028346336956022,0.0,0.0,1.0,0.0,0.0
3518,-0.8917879431693261,0.15384615384615385,-0.13659775324274978,10.7937463780265,106.662875104678,0.0,1,1,-0.09639304316274322,0.0,0.0,0.0,0.0,1.0
4362,-2.0993488277390115,0.3076923076923077,0.1302907279796492,10.7399381232469,106.725387905941,3.0,0,0,-0.3306552193971129,0.0,0.0,0.0,1.0,0.0
120,0.5102943374875497,0.07692307692307693,-0.4391709580720064,10.6780355937382,106.703386403707,0.0,1,0,1.2822279616686043,0.0,0.0,0.0,1.0,0.0
1777,1.807979093830051,0.07692307692307693,-0.4391709580720064,10.7524929274356,106.543448608222,3.0,0,0,-0.5962397703258719,0.0,0.0,1.0,0.0,0.0
6292,0.6378280961214066,0.23076923076923078,-0.13659775324274978,10.8422718421073,106.630570913092,0.0,1,1,0.9196032047928032,0.0,0.0,0.0,1.0,0.0
5058,-0.5826509567402912,0.3076923076923077,-0.13659775324274978,10.7856781359975,106.657766688802,0.0,1,1,0.30272686033993124,0.0,0.0,0.0,0.0,1.0
2615,-0.6986692748486453,0.23076923076923078,0.5849971026224333,10.7434101233389,106.722771151207,0.0,1,0,0.11316161425994499,0.0,0.0,0.0,0.0,1.0
3593,0.007491102083431382,0.15384615384615385,-0.4391709580720064,10.7662485898002,106.600245312282,2.0,0,0,-0.09639304316274322,0.0,0.0,0.0,0.0,1.0
134,-1.1961350497447065,0.23076923076923078,0.1302907279796492,10.7636960178576,106.648907966983,3.0,0,0,-0.09639304316274322,0.0,0.0,0.0,1.0,0.0
3864,1.4173088244001117,0.15384615384615385,2.0502110105697895,10.8068756852924,106.788265637579,0.0,1,0,0.30272686033993124,0.0,0.0,0.0,0.0,1.0
3268,-0.15036267557913827,0.07692307692307693,-0.4391709580720064,10.8194846161339,106.702877770799,3.0,0,0,-0.9028346336956022,0.0,0.0,1.0,0.0,0.0
2480,-0.5826509567402912,0.15384615384615385,2.0502110105697895,10.8354350390628,106.683770342281,3.0,0,0,-0.3306552193971129,0.0,0.0,0.0,0.0,1.0
62,-2.179285860273359,0.15384615384615385,-1.2015945422910468,10.8378748657483,106.636381966285,2.0,0,0,-1.265459390571404,1.0,0.0,0.0,1.0,0.0
5477,1.6065957173672503,0.07692307692307693,0.1302907279796492,10.8584589694821,106.642435615606,3.0,0,0,-0.5962397703258719,0.0,0.0,0.0,0.0,1.0
2787,1.0601009748869976,0.3076923076923077,-0.13659775324274978,10.8015438771867,106.649533969514,0.0,1,1,2.9195154941516295,0.0,0.0,0.0,1.0,0.0
2691,-0.5826509567402912,0.23076923076923078,-0.4391709580720064,10.6846850748236,106.750129064134,0.0,1,0,0.11316161425994499,0.0,0.0,0.0,0.0,1.0
679,2.3452478651848216,0.07692307692307693,-0.7884660886417492,10.6637190249719,106.597550622983,3.0,0,0,-0.09639304316274322,0.0,0.0,0.0,0.0,1.0
4189,0.6378280961214066,0.0,-1.7072229052631471,10.7935855205184,106.718285172199,0.0,1,0,0.30272686033993124,0.0,0.0,1.0,0.0,0.0
4087,0.21656469094070732,0.23076923076923078,0.1302907279796492,10.8072330530847,106.787382099481,3.0,0,1,0.30272686033993124,0.0,1.0,0.0,1.0,0.0
1211,-0.21419165043464608,0.23076923076923078,-0.4391709580720064,10.8065035436317,106.684472353021,2.0,0,1,0.782381234505476,0.0,0.0,0.0,1.0,0.0
2952,0.11572050155235063,0.3076923076923077,-0.13659775324274978,10.8356881835267,106.842559958072,0.0,1,1,0.30272686033993124,0.0,0.0,0.0,1.0,0.0
4290,-1.0361439750637471,0.3076923076923077,-1.2015945422910468,10.8553142827302,106.655479306699,0.0,1,0,-0.3306552193971129,0.0,0.0,1.0,0.0,0.0
567,0.06259592582891907,0.23076923076923078,0.5849971026224333,10.7967269562337,106.652747427794,0.0,1,0,0.4757863711357461,0.0,0.0,0.0,1.0,0.0
1873,0.06259592582891907,0.23076923076923078,-0.7884660886417492,10.8196561312508,106.703022088861,3.0,0,0,0.30272686033993124,0.0,0.0,0.0,0.0,1.0
5989,-5.427827368367348,0.15384615384615385,-0.13659775324274978,10.7971183629033,106.823440391337,3.0,0,0,0.11316161425994499,0.0,0.0,0.0,1.0,0.0
1717,0.884813376425733,0.07692307692307693,0.1302907279796492,10.7852620425471,106.61582518369,3.0,0,0,-0.3306552193971129,0.0,0.0,1.0,0.0,0.0
1392,-0.4493648176687783,0.3076923076923077,-0.4391709580720064,10.7827445377228,106.609139648536,2.0,0,0,0.30272686033993124,0.0,0.0,0.0,0.0,1.0
4717,-0.4240911260771986,0.07692307692307693,4.060780705754394,10.8088781099488,106.686518904477,3.0,0,0,-1.265459390571404,0.0,0.0,0.0,0.0,1.0
5110,-1.113976416559445,0.15384615384615385,-0.4391709580720064,10.8201094855074,106.703995225335,0.0,1,0,-0.5962397703258719,0.0,0.0,0.0,0.0,1.0
489,0.08051705379647196,0.3076923076923077,0.1302907279796492,10.7930049515336,106.687517000227,3.0,0,1,0.11316161425994499,0.0,0.0,0.0,0.0,1.0
3210,-0.35076329075821017,0.15384615384615385,-0.4391709580720064,10.7848588402824,106.641943424893,3.0,0,0,-0.5962397703258719,0.0,0.0,0.0,1.0,0.0
690,-0.9265771942689038,0.23076923076923078,-0.4391709580720064,10.7470311071977,106.728668104538,3.0,0,0,0.11316161425994499,0.0,0.0,0.0,0.0,1.0
5884,0.4281357043022882,0.23076923076923078,0.1302907279796492,10.7698722885721,106.671057499649,3.0,0,1,-0.09639304316274322,0.0,0.0,0.0,1.0,0.0
602,0.04445490123643577,0.07692307692307693,-0.4391709580720064,10.8016352806291,106.699905507021,0.0,1,0,-0.9028346336956022,0.0,0.0,1.0,0.0,0.0
4081,1.4173088244001117,0.4615384615384616,1.434027398777648,10.7393547259529,106.709509261393,3.0,0,0,1.2822279616686043,0.0,0.0,0.0,1.0,0.0
4531,1.4458792777974638,0.07692307692307693,-0.13659775324274978,10.8160961918039,106.811904478428,3.0,0,0,-1.265459390571404,0.0,0.0,0.0,1.0,0.0
4833,0.21656469094070732,0.15384615384615385,0.1302907279796492,10.7667151756493,106.659369998421,3.0,0,1,0.30272686033993124,0.0,0.0,0.0,1.0,0.0
4449,-0.08917566997524837,0.23076923076923078,-0.13659775324274978,10.7501398541568,106.632039995294,0.0,1,1,0.11316161425994499,1.0,0.0,0.0,1.0,0.0
1187,-0.4750780736920162,0.23076923076923078,-1.7072229052631471,10.7499827892807,106.723068827563,1.0,0,0,0.11316161425994499,0.0,0.0,0.0,0.0,1.0
274,-0.4750780736920162,0.23076923076923078,0.1302907279796492,10.7448485612524,106.695922697638,3.0,0,1,-0.3306552193971129,0.0,0.0,0.0,0.0,1.0
4958,0.23272304800393967,0.23076923076923078,-0.13659775324274978,10.8225919536422,106.618119582448,0.0,1,1,-0.09639304316274322,0.0,1.0,0.0,1.0,0.0
1361,-1.113976416559445,0.07692307692307693,-1.7072229052631471,10.8314197322681,106.670563331608,0.0,1,0,-1.265459390571404,0.0,0.0,0.0,1.0,0.0
4687,0.5102943374875497,0.3076923076923077,0.1302907279796492,10.7721122433244,106.672229186074,3.0,0,1,0.11316161425994499,0.0,1.0,0.0,1.0,0.0
1526,-0.10929128578611225,0.0,-1.2015945422910468,10.8540482739512,106.677479734851,3.0,0,0,-1.265459390571404,0.0,0.0,0.0,1.0,0.0
4262,0.3707119834879608,0.23076923076923078,0.1302907279796492,10.7484615866452,106.619437152855,3.0,0,1,0.11316161425994499,0.0,1.0,0.0,1.0,0.0
4847,0.04445490123643577,0.3076923076923077,0.1302907279796492,10.8649072095218,106.634097801312,0.0,1,0,0.30272686033993124,0.0,0.0,0.0,1.0,0.0
3352,0.28016481741637705,0.3076923076923077,0.1302907279796492,10.7745988509829,106.664562901058,0.0,1,0,0.9196032047928032,0.0,0.0,0.0,1.0,0.0
2571,0.4281357043022882,0.23076923076923078,-0.13659775324274978,10.7896833888872,106.693463607359,0.0,1,1,0.4757863711357461,0.0,0.0,0.0,1.0,0.0
3317,-0.10929128578611225,0.07692307692307693,-1.2015945422910468,10.8674858147955,106.628354765552,3.0,0,0,-0.9028346336956022,0.0,0.0,0.0,1.0,0.0
5924,1.0601009748869976,0.23076923076923078,0.1302907279796492,10.8195585122828,106.702928131138,3.0,0,1,3.5748264585073763,0.0,0.0,0.0,1.0,0.0
5769,0.21656469094070732,0.23076923076923078,0.1302907279796492,10.8589191042009,106.777836685645,0.0,1,0,0.11316161425994499,0.0,0.0,0.0,0.0,1.0
945,-0.6395223895560433,0.15384615384615385,-1.2015945422910468,10.8677419024088,106.676918603457,2.0,0,0,0.11316161425994499,0.0,0.0,0.0,0.0,1.0
5981,-1.7539551211519617,0.15384615384615385,-2.3590912406621465,10.8778780086341,106.637635573354,0.0,1,0,-0.9028346336956022,0.0,0.0,1.0,0.0,0.0
6074,0.7664722378003171,0.15384615384615385,-1.2015945422910468,10.7711736153572,106.690827932122,0.0,1,0,-0.5962397703258719,0.0,0.0,0.0,0.0,1.0
3505,0.5366963775693665,0.0,-1.7072229052631471,10.8324932593742,106.723018424633,3.0,0,0,-0.5962397703258719,0.0,0.0,0.0,1.0,0.0
68,0.007491102083431382,0.15384615384615385,-0.7884660886417492,10.7882357271985,106.62994972047,2.0,0,0,-0.5962397703258719,0.0,0.0,0.0,0.0,1.0
4602,-0.5550151062263636,0.3076923076923077,-0.4391709580720064,10.8788835556872,106.669460083198,0.0,1,0,0.11316161425994499,0.0,0.0,0.0,0.0,1.0
4464,0.7552290280664897,0.15384615384615385,-1.2015945422910468,10.8519980471124,106.768697565445,2.0,0,0,1.3897638631431688,0.0,0.0,1.0,0.0,0.0
1598,0.7209771111378261,0.23076923076923078,0.1302907279796492,10.7819666924514,106.758807878941,3.0,0,0,0.11316161425994499,0.0,0.0,1.0,0.0,0.0
2650,-0.6395223895560433,0.23076923076923078,-0.4391709580720064,10.7139136227739,106.737774845452,2.0,0,0,-0.09639304316274322,0.0,0.0,0.0,1.0,0.0
5912,-1.2831292553680742,0.07692307692307693,-0.4391709580720064,10.6928461538267,106.74058246812,3.0,0,0,-1.265459390571404,0.0,0.0,0.0,1.0,0.0
5457,-0.21419165043464608,0.15384615384615385,2.445284124721849,10.7535970736378,106.614612639791,3.0,0,0,0.11316161425994499,0.0,1.0,0.0,0.0,1.0
1503,0.18370833978305584,0.23076923076923078,-0.13659775324274978,10.7838095439946,106.69461716278,0.0,1,1,0.4757863711357461,0.0,0.0,0.0,0.0,1.0
2316,-0.5012464551475065,0.23076923076923078,-0.4391709580720064,10.7614338234842,106.590270992384,2.0,0,0,0.30272686033993124,0.0,0.0,0.0,0.0,1.0
150,-0.5012464551475065,0.07692307692307693,0.1302907279796492,10.7588721251256,106.677588592348,3.0,0,1,0.11316161425994499,0.0,0.0,0.0,0.0,1.0
2086,-1.5260472017317033,0.15384615384615385,-1.2015945422910468,10.7920635541699,106.671627965478,2.0,0,0,-0.5962397703258719,0.0,0.0,0.0,0.0,1.0
6132,-0.1926076911174569,0.15384615384615385,0.1302907279796492,10.8147839837264,106.632541955312,2.0,0,0,-0.09639304316274322,0.0,0.0,1.0,0.0,0.0
2516,-0.7602813127840508,0.07692307692307693,-0.4391709580720064,10.8024984683175,106.695857223674,3.0,0,0,-0.9028346336956022,0.0,0.0,0.0,1.0,0.0
2276,-0.7602813127840508,0.15384615384615385,-0.7884660886417492,10.8663923656783,106.68466928587,2.0,0,0,-0.5962397703258719,0.0,0.0,1.0,0.0,0.0
859,-1.0361439750637471,0.07692307692307693,0.1302907279796492,10.7992144714162,106.686488458173,3.0,0,1,-0.9028346336956022,0.0,0.0,0.0,1.0,0.0
2941,1.0322918486676274,0.23076923076923078,-0.13659775324274978,10.79975871696,106.792263145233,0.0,1,1,0.11316161425994499,0.0,0.0,0.0,0.0,1.0
3822,-0.03042058936361902,0.23076923076923078,0.1302907279796492,10.7601147098409,106.613687854409,3.0,0,1,0.11316161425994499,0.0,0.0,0.0,1.0,0.0
2559,0.3707119834879608,0.23076923076923078,-0.13659775324274978,10.753800866858,106.61053191611,0.0,1,1,0.11316161425994499,0.0,0.0,0.0,0.0,1.0
366,0.29564637201642957,0.07692307692307693,-0.4391709580720064,10.8078878334204,106.703359785111,2.0,0,0,-1.265459390571404,0.0,0.0,0.0,0.0,1.0
1432,-1.2831292553680742,0.07692307692307693,-1.7072229052631471,10.7475858603767,106.685434396223,0.0,1,0,-1.265459390571404,0.0,0.0,0.0,1.0,0.0
4457,0.06259592582891907,0.3076923076923077,0.5849971026224333,10.8736148973659,106.767667652881,3.0,0,0,0.11316161425994499,0.0,0.0,0.0,0.0,1.0
1779,-0.011343228479551189,0.07692307692307693,-0.4391709580720064,10.7264898233497,106.73377788694,2.0,0,1,-0.3306552193971129,0.0,0.0,0.0,0.0,1.0
3590,-0.011343228479551189,0.07692307692307693,-1.2015945422910468,10.846839478854,106.746874510215,2.0,0,0,-0.5962397703258719,0.0,0.0,0.0,1.0,0.0
2981,0.04445490123643577,0.23076923076923078,-0.4391709580720064,10.8300881049326,106.627122219941,0.0,1,0,0.30272686033993124,0.0,0.0,0.0,0.0,1.0
1818,-0.9987122300435685,0.07692307692307693,-1.7072229052631471,10.7146218666764,106.737055315561,0.0,1,0,-0.9028346336956022,0.0,0.0,0.0,1.0,0.0
3929,-0.6986692748486453,0.07692307692307693,-0.13659775324274978,10.7440570857108,106.69696642212,0.0,1,1,-0.9028346336956022,0.0,0.0,0.0,0.0,1.0
841,0.6131862764484118,0.23076923076923078,-0.13659775324274978,10.8299746119677,106.702616180705,0.0,1,1,2.2307964070632096,0.0,0.0,0.0,0.0,1.0
1189,2.5159607705674465,0.07692307692307693,0.5849971026224333,10.85036,106.6937,0.0,1,0,0.6349856886503463,0.0,0.0,0.0,1.0,0.0
175,1.965412252725916,0.07692307692307693,2.0502110105697895,10.8062602349875,106.789903651599,0.0,1,0,2.6048190729938816,0.0,0.0,0.0,1.0,0.0
3618,-1.1961350497447065,0.0,-1.7072229052631471,10.7501020599546,106.679531294824,1.0,0,0,-1.709276224228461,0.0,0.0,1.0,0.0,0.0
2093,0.9455811745352034,0.23076923076923078,2.0502110105697895,10.8060106682998,106.790248918548,0.0,1,0,0.11316161425994499,0.0,0.0,0.0,0.0,1.0
6061,1.4945863869420284,0.0,0.5849971026224333,10.7478765678259,106.540521978824,3.0,0,0,1.6813478651712797,0.0,0.0,1.0,0.0,0.0
3269,0.1330128034148692,0.23076923076923078,0.963530485543728,10.8297832877191,106.702540279848,0.0,1,0,0.4757863711357461,0.0,0.0,0.0,0.0,1.0
2972,-0.5550151062263636,0.23076923076923078,0.1302907279796492,10.8867513252931,106.723884846958,3.0,0,1,-0.9028346336956022,0.0,0.0,0.0,1.0,0.0
1030,-0.6395223895560433,0.15384615384615385,0.1302907279796492,10.7932980450909,106.687098902595,3.0,0,1,0.30272686033993124,0.0,0.0,0.0,0.0,1.0
4139,1.6565067844550418,0.3076923076923077,0.1302907279796492,10.7630316591014,106.686852472972,3.0,0,1,3.0142443347171786,0.0,1.0,0.0,1.0,0.0
300,-0.37480406362233243,0.0,0.1302907279796492,10.8077752250044,106.703521092561,0.0,1,0,-2.28145563852695,0.0,0.0,1.0,0.0,0.0
1472,1.273507463288785,0.15384615384615385,0.963530485543728,10.7626287809534,106.686792464318,2.0,0,0,0.30272686033993124,0.0,0.0,0.0,1.0,0.0
283,0.5366963775693665,0.15384615384615385,-0.13659775324274978,10.693796219712,106.653719887645,0.0,1,1,-0.09639304316274322,1.0,0.0,0.0,1.0,0.0
3664,-0.9622048207552769,0.23076923076923078,-0.7884660886417492,10.7688695324866,106.68750810278,3.0,0,0,0.11316161425994499,0.0,0.0,0.0,1.0,0.0
4914,-0.4750780736920162,0.23076923076923078,-0.13659775324274978,10.7613921619997,106.666949708833,0.0,1,1,1.1685438955241836,0.0,0.0,0.0,1.0,0.0
4989,0.7093811696941079,0.07692307692307693,0.1302907279796492,10.734664,106.70855,0.0,1,0,-0.09639304316274322,0.0,0.0,0.0,1.0,0.0
1813,0.23272304800393967,0.23076923076923078,0.1302907279796492,10.8122554958413,106.695588498954,3.0,0,1,1.1685438955241836,0.0,0.0,0.0,1.0,0.0
1271,-0.011343228479551189,0.3076923076923077,-0.4391709580720064,10.8135691458309,106.689844398532,3.0,0,0,1.2822279616686043,0.0,0.0,0.0,1.0,0.0
2181,-0.28090108395535385,0.3076923076923077,-0.13659775324274978,10.7777557552574,106.64590196684,0.0,1,1,0.6349856886503463,0.0,0.0,0.0,0.0,1.0
3994,-0.25832850878387886,0.07692307692307693,0.1302907279796492,10.7732240262789,106.627446964731,0.0,1,0,-0.9028346336956022,0.0,0.0,0.0,0.0,1.0
2916,-5.264901213883801,0.3076923076923077,-0.13659775324274978,10.8655377076318,106.670214652689,0.0,1,1,-0.09639304316274322,0.0,0.0,0.0,1.0,0.0
2008,-0.1926076911174569,0.23076923076923078,0.1302907279796492,10.7951061770475,106.629108823836,3.0,0,1,0.11316161425994499,1.0,0.0,0.0,1.0,0.0
5155,-0.6986692748486453,0.23076923076923078,0.1302907279796492,10.7692700939212,106.697511939828,3.0,0,1,-0.3306552193971129,0.0,0.0,0.0,1.0,0.0
3787,1.5549406834532222,0.23076923076923078,0.5849971026224333,10.8305036686409,106.705633924961,3.0,0,0,-0.09639304316274322,0.0,0.0,0.0,1.0,0.0
5737,2.7384683105797905,0.07692307692307693,2.9327121238363367,10.8443448456921,106.762266328009,3.0,0,0,-1.265459390571404,0.0,1.0,0.0,1.0,0.0
5278,1.459960098086208,0.15384615384615385,0.963530485543728,10.7888102483748,106.661435911076,0.0,1,0,3.983440077825231,0.0,0.0,0.0,0.0,1.0
99,-0.6986692748486453,0.23076923076923078,-2.3590912406621465,10.8759582236028,106.74735194876,0.0,1,0,-0.09639304316274322,0.0,0.0,0.0,0.0,1.0
5956,-0.6108132359423499,0.0,0.5849971026224333,10.779144980912,106.679050115464,3.0,0,0,-2.28145563852695,0.0,0.0,0.0,0.0,1.0
744,-1.2389923970188421,0.07692307692307693,0.1302907279796492,10.8196927703066,106.674713427539,3.0,0,1,-0.5962397703258719,0.0,0.0,0.0,0.0,1.0
5828,-0.37480406362233243,0.3076923076923077,-0.4391709580720064,10.8638725874756,106.624905450444,0.0,1,0,0.30272686033993124,0.0,0.0,0.0,0.0,1.0
480,-0.8917879431693261,0.07692307692307693,-0.13659775324274978,10.7627757598868,106.686838667875,0.0,1,1,-0.9028346336956022,0.0,0.0,0.0,1.0,0.0
4961,0.11572050155235063,0.07692307692307693,-0.4391709580720064,10.8593883551094,106.644372278167,2.0,0,0,-0.9028346336956022,0.0,0.0,0.0,1.0,0.0
6119,1.985191476882123,0.15384615384615385,0.1302907279796492,10.7621563606044,106.768137570542,3.0,0,1,0.6349856886503463,0.0,0.0,0.0,1.0,0.0
5419,-0.2360953837240995,0.07692307692307693,-1.7072229052631471,10.8481171245365,106.648199156522,3.0,0,0,-0.5962397703258719,0.0,1.0,0.0,1.0,0.0
1157,-0.37480406362233243,0.3076923076923077,0.5849971026224333,10.7722156627837,106.669595484885,0.0,1,0,1.9355994527483495,0.0,0.0,1.0,0.0,0.0
1437,0.11572050155235063,0.23076923076923078,-0.13659775324274978,10.8357780632664,106.842815161407,0.0,1,1,0.30272686033993124,0.0,0.0,0.0,1.0,0.0
5020,0.5102943374875497,0.15384615384615385,-0.4391709580720064,10.8073903137904,106.718813190329,2.0,0,0,0.9196032047928032,0.0,0.0,0.0,0.0,1.0
402,0.9256014791983493,0.23076923076923078,0.1302907279796492,10.7580733688594,106.617184965332,0.0,1,0,0.6349856886503463,0.0,0.0,1.0,0.0,0.0
949,0.3997026173414371,0.0,0.1302907279796492,10.8839703701422,106.673079693132,3.0,0,1,-1.709276224228461,0.0,0.0,0.0,1.0,0.0
2067,0.2487067167045892,0.23076923076923078,1.434027398777648,10.6783687756031,106.753491444688,3.0,0,0,0.11316161425994499,0.0,0.0,0.0,0.0,1.0
4392,0.7776305923124383,0.07692307692307693,0.1302907279796492,10.8758686047317,106.746064705993,3.0,0,1,0.30272686033993124,0.0,0.0,1.0,0.0,0.0
668,-0.04974733457061966,0.3076923076923077,-0.13659775324274978,10.7984336824801,106.667705197542,0.0,1,1,0.11316161425994499,0.0,0.0,0.0,1.0,0.0
218,-1.6356139825265459,0.23076923076923078,0.1302907279796492,10.803390067495,106.711658725605,3.0,0,1,-0.9028346336956022,0.0,0.0,0.0,0.0,1.0
1962,-0.37480406362233243,0.07692307692307693,-0.4391709580720064,10.8717575013348,106.67786128058,2.0,0,1,-0.9028346336956022,0.0,0.0,0.0,0.0,1.0
5166,-0.28090108395535385,0.15384615384615385,-0.13659775324274978,10.7817884359414,106.653565417827,0.0,1,1,0.11316161425994499,0.0,1.0,0.0,1.0,0.0
3728,1.3881753703228958,0.15384615384615385,0.1302907279796492,10.88045749331716,106.81803595768945,3.0,0,1,1.0479657854342355,0.0,0.0,0.0,1.0,0.0
3258,-0.3992422225807697,0.07692307692307693,-1.2015945422910468,10.8360683405809,106.661403462669,3.0,0,0,-0.09639304316274322,0.0,0.0,1.0,0.0,0.0
4620,0.21656469094070732,0.3076923076923077,-0.13659775324274978,10.7702396253444,106.688491955452,0.0,1,1,0.30272686033993124,0.0,1.0,0.0,1.0,0.0
6021,-0.15036267557913827,0.15384615384615385,-0.13659775324274978,10.8304403460239,106.632992226205,0.0,1,1,-0.09639304316274322,0.0,0.0,0.0,1.0,0.0
4157,-0.28090108395535385,0.3076923076923077,-0.13659775324274978,10.787210250776,106.601603444468,3.0,0,0,0.30272686033993124,0.0,0.0,0.0,0.0,1.0
2145,0.7324828108776685,0.23076923076923078,2.9327121238363367,10.8022011990814,106.641563537337,3.0,0,0,-0.3306552193971129,0.0,0.0,1.0,0.0,0.0
777,-1.8168784451644522,0.07692307692307693,-1.7072229052631471,10.7469499306309,106.729208593705,0.0,1,0,-1.265459390571404,0.0,0.0,0.0,0.0,1.0
3131,-0.28090108395535385,0.15384615384615385,-0.13659775324274978,10.8194428002268,106.702691310982,0.0,1,1,-0.09639304316274322,0.0,0.0,0.0,0.0,1.0
4932,0.3707119834879608,0.07692307692307693,1.434027398777648,10.8805598331062,106.650853539387,0.0,1,0,0.11316161425994499,0.0,0.0,0.0,1.0,0.0
3558,-0.7291543745677658,0.23076923076923078,0.1302907279796492,10.8385586912366,106.65993591627,3.0,0,1,-0.3306552193971129,0.0,0.0,0.0,0.0,1.0
1491,0.5497226728921797,0.07692307692307693,-0.4391709580720064,10.8485548515305,106.601813294876,3.0,0,0,-0.5962397703258719,0.0,0.0,0.0,0.0,1.0
4478,0.5366963775693665,0.23076923076923078,0.5849971026224333,10.845426250139,106.758618063965,3.0,0,0,1.1685438955241836,0.0,0.0,0.0,0.0,1.0
2298,0.23272304800393967,0.0,-0.4391709580720064,10.7882692922416,106.704047582148,3.0,0,0,-2.28145563852695,0.0,0.0,0.0,1.0,0.0
4827,0.7552290280664897,0.07692307692307693,-0.7884660886417492,10.7492925722145,106.639320170388,0.0,1,0,-0.5962397703258719,0.0,0.0,0.0,1.0,0.0
4703,-0.2360953837240995,0.07692307692307693,-1.2015945422910468,10.7437335267595,106.684217521569,3.0,0,0,-1.265459390571404,0.0,0.0,1.0,0.0,0.0
5199,-0.25832850878387886,0.15384615384615385,-0.4391709580720064,10.7921222896533,106.668101832843,2.0,0,1,0.782381234505476,0.0,0.0,0.0,1.0,0.0
517,0.007491102083431382,0.15384615384615385,-1.2015945422910468,10.8116240809639,106.72816710299,3.0,0,0,0.30272686033993124,0.0,0.0,0.0,1.0,0.0
5341,0.18370833978305584,0.15384615384615385,-0.13659775324274978,10.7960267883996,106.62653985484,0.0,1,1,0.4757863711357461,0.0,1.0,0.0,1.0,0.0
5861,0.04445490123643577,0.3076923076923077,1.1314541939483909,10.7035774096433,106.703744733062,3.0,0,0,0.782381234505476,0.0,0.0,0.0,0.0,1.0
4303,-4.973218940745423,0.07692307692307693,2.0502110105697895,10.8056716682615,106.749761852785,3.0,0,0,0.30272686033993124,0.0,1.0,0.0,1.0,0.0
4091,-0.7920776985802562,0.07692307692307693,-0.13659775324274978,10.7324391057387,106.616150387862,3.0,0,0,-1.709276224228461,0.0,0.0,0.0,1.0,0.0
6029,-0.04974733457061966,0.23076923076923078,0.1302907279796492,10.7995869152094,106.650877522402,3.0,0,1,0.11316161425994499,0.0,0.0,1.0,0.0,0.0
568,-0.08917566997524837,0.15384615384615385,0.1302907279796492,10.798206053211,106.704889957015,3.0,0,1,-0.09639304316274322,0.0,0.0,0.0,1.0,0.0
360,-0.9265771942689038,0.23076923076923078,-1.2015945422910468,10.8083208666934,106.688183418818,3.0,0,0,-0.3306552193971129,0.0,0.0,1.0,0.0,0.0
5454,-0.5826509567402912,0.07692307692307693,-0.4391709580720064,10.7580839821814,106.612371680278,0.0,1,0,-0.3306552193971129,0.0,0.0,0.0,0.0,1.0
759,0.6255585240034263,0.3076923076923077,0.1302907279796492,10.7715803110695,106.670687119773,3.0,0,1,0.9196032047928032,0.0,0.0,0.0,1.0,0.0
5988,-0.3271071868061051,0.23076923076923078,-0.13659775324274978,10.7143203137937,106.737152431409,0.0,1,1,0.11316161425994499,0.0,0.0,0.0,0.0,1.0
5921,0.6378280961214066,0.23076923076923078,-0.13659775324274978,10.7436357025331,106.732903572098,0.0,1,1,-0.09639304316274322,0.0,0.0,0.0,0.0,1.0
4098,1.5082129806834967,0.6153846153846154,2.9327121238363367,10.7641548497774,106.693898455191,3.0,0,0,3.709720833810584,0.0,0.0,0.0,0.0,1.0
214,-0.5826509567402912,0.15384615384615385,0.1302907279796492,10.8479853370775,106.759729821467,0.0,1,0,-0.5962397703258719,0.0,0.0,0.0,0.0,1.0
3252,-0.37480406362233243,0.3076923076923077,-0.13659775324274978,10.7766526013749,106.781908763594,0.0,1,1,0.4757863711357461,0.0,0.0,0.0,1.0,0.0
5428,-0.28090108395535385,0.0,0.1302907279796492,10.7567493595893,106.586015503173,3.0,0,0,-1.265459390571404,0.0,0.0,0.0,1.0,0.0
2254,0.3261314717355513,0.07692307692307693,-1.7072229052631471,10.8570247683898,106.613753857594,2.0,0,0,0.30272686033993124,0.0,0.0,0.0,1.0,0.0
3377,-0.6108132359423499,0.07692307692307693,-1.2015945422910468,10.7958061467877,106.622031541294,2.0,0,0,-1.265459390571404,0.0,0.0,0.0,0.0,1.0
725,0.06259592582891907,0.07692307692307693,-0.13659775324274978,10.7876833342593,106.678179021946,0.0,1,1,-0.9028346336956022,0.0,0.0,0.0,1.0,0.0
5396,0.2487067167045892,0.23076923076923078,0.1302907279796492,10.8689453747185,106.813968013923,3.0,0,1,0.4757863711357461,0.0,1.0,0.0,1.0,0.0
49,-0.17133430316050988,0.23076923076923078,-0.4391709580720064,10.7891939126751,106.69831855413,0.0,1,0,1.3897638631431688,0.0,0.0,0.0,0.0,1.0
4925,-0.011343228479551189,0.15384615384615385,2.0502110105697895,10.7857251515412,106.775059446135,3.0,0,0,-0.09639304316274322,0.0,0.0,0.0,1.0,0.0
887,-1.0361439750637471,0.15384615384615385,-0.4391709580720064,10.7901370729579,106.688079986145,2.0,0,0,-0.9028346336956022,0.0,0.0,0.0,1.0,0.0
5507,1.883538051044993,0.15384615384615385,0.963530485543728,10.7771240494986,106.787529422361,3.0,0,0,-0.09639304316274322,0.0,1.0,0.0,1.0,0.0
5676,1.3881753703228958,0.15384615384615385,-0.13659775324274978,10.703801309618052,106.71226497963966,0.0,1,1,1.0479657854342355,0.0,1.0,0.0,1.0,0.0
516,-0.3992422225807697,0.23076923076923078,0.1302907279796492,10.829000169439,106.689228602162,3.0,0,1,-0.09639304316274322,0.0,0.0,1.0,0.0,0.0
3646,0.3560006685276249,0.07692307692307693,0.1302907279796492,10.845280361826758,106.71573909076322,3.0,0,0,-0.9028346336956022,0.0,0.0,0.0,0.0,1.0
139,-0.6986692748486453,0.07692307692307693,-0.13659775324274978,10.7440570857108,106.69696642212,0.0,1,1,-0.9028346336956022,0.0,0.0,0.0,0.0,1.0
2406,0.8639894412629446,0.23076923076923078,1.5713987371125986,10.715708497727,106.631807545187,3.0,0,0,0.11316161425994499,0.0,0.0,0.0,1.0,0.0
2716,-1.154485113689163,0.07692307692307693,-0.13659775324274978,10.7453602808786,106.63461261811,3.0,0,0,-1.709276224228461,0.0,0.0,1.0,0.0,0.0
2795,0.3261314717355513,0.0,-0.13659775324274978,10.7778790860189,106.650245225783,0.0,1,1,-2.28145563852695,0.0,0.0,0.0,1.0,0.0
463,-1.375564037342406,0.07692307692307693,0.1302907279796492,10.7647976493766,106.695315188081,3.0,0,1,-2.28145563852695,0.0,0.0,0.0,1.0,0.0
4376,-0.9622048207552769,0.07692307692307693,-1.2015945422910468,10.7515968442749,106.695548817515,0.0,1,0,-1.265459390571404,0.0,0.0,0.0,1.0,0.0
5965,0.3411414986789205,0.0,-0.4391709580720064,10.7873250455211,106.76416465437,3.0,0,0,-2.28145563852695,0.0,0.0,0.0,1.0,0.0
594,0.3261314717355513,0.23076923076923078,0.1302907279796492,10.6894753116056,106.647341351484,3.0,0,0,-0.3306552193971129,0.0,0.0,0.0,1.0,0.0
450,0.11572050155235063,0.23076923076923078,0.963530485543728,10.6783964683558,106.753125292508,3.0,0,0,0.11316161425994499,0.0,0.0,0.0,0.0,1.0
3008,-0.25832850878387886,0.3076923076923077,2.9327121238363367,10.7931825251591,106.687208180764,0.0,1,0,0.11316161425994499,0.0,0.0,0.0,1.0,0.0
2821,0.5235542914366881,0.38461538461538464,1.287787426350749,10.7372349998088,106.718081196057,3.0,0,0,0.4757863711357461,0.0,0.0,0.0,1.0,0.0
312,0.18370833978305584,0.3076923076923077,0.1302907279796492,10.792302602072,106.689189879485,3.0,0,1,0.4757863711357461,1.0,0.0,0.0,1.0,0.0
3010,-1.6356139825265459,0.07692307692307693,-1.7072229052631471,10.750231931677,106.631789006598,0.0,1,0,-1.265459390571404,0.0,0.0,0.0,1.0,0.0
3529,0.9155094607980837,0.23076923076923078,0.1302907279796492,10.8206141841894,106.777190937754,3.0,0,0,1.4917826190912926,0.0,0.0,0.0,1.0,0.0
451,0.8428680112644017,0.23076923076923078,1.434027398777648,10.6928357691972,106.740820682453,3.0,0,0,1.2822279616686043,0.0,0.0,0.0,0.0,1.0
5084,0.3261314717355513,0.3076923076923077,2.0502110105697895,10.7985745887986,106.619459893808,0.0,1,0,2.7683848679745173,0.0,0.0,0.0,0.0,1.0
890,-0.9622048207552769,0.15384615384615385,0.1302907279796492,10.7887887112421,106.69859737995,3.0,0,1,-0.9028346336956022,1.0,0.0,0.0,1.0,0.0
3182,-1.424042969164965,0.07692307692307693,0.1302907279796492,10.8556431126228,106.761493916623,3.0,0,1,-1.709276224228461,0.0,0.0,1.0,0.0,0.0
4860,-0.28090108395535385,0.15384615384615385,0.1302907279796492,10.764215327115,106.66967712896,3.0,0,1,0.11316161425994499,0.0,1.0,0.0,1.0,0.0
4448,-0.2360953837240995,0.07692307692307693,0.1302907279796492,10.7711670417712,106.691055834037,3.0,0,1,-1.265459390571404,0.0,0.0,1.0,0.0,0.0
5893,-0.37480406362233243,0.0,-1.7072229052631471,10.8836195773002,106.670273388452,0.0,1,0,-1.265459390571404,0.0,0.0,0.0,1.0,0.0
999,-0.4493648176687783,0.23076923076923078,0.963530485543728,10.7882130955474,106.677255361786,3.0,0,0,-0.09639304316274322,0.0,0.0,0.0,1.0,0.0
389,-0.8577985162466776,0.23076923076923078,-1.7072229052631471,10.8059057610897,106.697000455033,0.0,1,0,0.6349856886503463,0.0,0.0,0.0,1.0,0.0
1476,0.23272304800393967,0.07692307692307693,0.1302907279796492,10.7643127484888,106.655788276884,3.0,0,1,0.30272686033993124,0.0,0.0,0.0,0.0,1.0
2240,0.9455811745352034,0.0,1.287787426350749,10.7800862117295,106.62465890575,3.0,0,0,0.11316161425994499,0.0,0.0,0.0,1.0,0.0
5668,-0.15036267557913827,0.23076923076923078,1.287787426350749,10.7375931545908,106.627207967987,3.0,0,0,-0.3306552193971129,0.0,0.0,1.0,0.0,0.0
5252,-0.7602813127840508,0.23076923076923078,-0.13659775324274978,10.7379989814909,106.721184497054,0.0,1,1,0.11316161425994499,0.0,0.0,0.0,0.0,0.0
5391,0.48341223409930084,0.23076923076923078,0.5849971026224333,10.7913270032492,106.645130229191,3.0,0,0,0.6349856886503463,0.0,0.0,0.0,0.0,1.0
5361,-0.5012464551475065,0.23076923076923078,-0.13659775324274978,10.7919044945516,106.671031567151,0.0,1,0,0.11316161425994499,0.0,1.0,0.0,1.0,0.0
4015,-0.1926076911174569,0.23076923076923078,-0.13659775324274978,10.7819248306033,106.651459136112,0.0,1,1,0.11316161425994499,0.0,0.0,0.0,1.0,0.0
3129,-0.3271071868061051,0.15384615384615385,-0.7884660886417492,10.8377781248536,106.636607112014,3.0,0,0,-0.3306552193971129,0.0,0.0,1.0,0.0,0.0
5509,1.2971635672408903,0.07692307692307693,0.5849971026224333,10.7932492828009,106.691485909337,2.0,0,0,0.11316161425994499,0.0,0.0,0.0,1.0,0.0
1293,-0.3038236354463698,0.07692307692307693,-1.2015945422910468,10.7985614387593,106.60587707016,3.0,0,0,-0.3306552193971129,0.0,0.0,0.0,0.0,1.0
5549,1.7283496603720232,0.23076923076923078,-0.13659775324274978,10.816323116888448,106.77555710077286,0.0,1,1,0.11316161425994499,0.0,0.0,0.0,0.0,1.0
5608,-0.35076329075821017,0.15384615384615385,-0.4391709580720064,10.787625974324,106.764392930397,2.0,0,1,-0.5962397703258719,0.0,0.0,0.0,1.0,0.0
1907,0.5235542914366881,0.23076923076923078,-0.13659775324274978,10.7598751295916,106.67908108076,0.0,1,1,0.4757863711357461,0.0,0.0,0.0,1.0,0.0
4323,0.6976935597780909,0.0,0.963530485543728,10.8488169758077,106.781668364468,3.0,0,0,-2.28145563852695,0.0,0.0,0.0,1.0,0.0
4358,0.18370833978305584,0.07692307692307693,0.963530485543728,10.7469915010063,106.66582294733,3.0,0,0,-0.5962397703258719,0.0,0.0,0.0,1.0,0.0
368,0.4697856403578324,0.3076923076923077,-0.13659775324274978,10.8088644282294,106.696717832121,0.0,1,1,1.9355994527483495,0.0,0.0,0.0,0.0,1.0
1937,-0.25832850878387886,0.07692307692307693,-0.4391709580720064,10.8121989931633,106.695168800538,2.0,0,0,-1.265459390571404,0.0,0.0,1.0,0.0,0.0
1151,-2.448843715749161,0.07692307692307693,-1.7072229052631471,10.8021603875691,106.687804568849,3.0,0,0,-1.709276224228461,0.0,0.0,0.0,0.0,1.0
3887,-1.2831292553680742,0.23076923076923078,-0.13659775324274978,10.809511,106.67444,0.0,1,1,-0.3306552193971129,0.0,0.0,1.0,0.0,0.0
3464,1.4173088244001117,0.23076923076923078,-0.13659775324274978,10.8040447642793,106.728745344333,0.0,1,1,1.2822279616686043,0.0,1.0,0.0,1.0,0.0
6198,-0.5278863642596802,0.23076923076923078,-0.4391709580720064,10.7430455692677,106.72586041216,3.0,0,0,0.30272686033993124,0.0,0.0,0.0,0.0,1.0
191,-0.28090108395535385,0.0,-0.4391709580720064,10.787024124117,106.618610102505,3.0,0,0,-0.9028346336956022,0.0,0.0,0.0,1.0,0.0
4245,0.7552290280664897,0.07692307692307693,0.1302907279796492,10.7979476884217,106.704641396004,3.0,0,1,0.4757863711357461,0.0,0.0,1.0,0.0,0.0
5717,-0.4750780736920162,0.23076923076923078,-0.13659775324274978,10.7342456814125,106.657951333285,0.0,1,1,-0.09639304316274322,0.0,0.0,0.0,0.0,1.0
174,-0.9622048207552769,0.07692307692307693,-0.7884660886417492,10.7863351201636,106.62788367015,0.0,1,0,-1.265459390571404,0.0,0.0,0.0,1.0,0.0
4870,-0.8245729617021663,0.23076923076923078,-0.13659775324274978,10.8416341758951,106.65714157498,0.0,1,1,0.11316161425994499,0.0,0.0,0.0,1.0,0.0
3950,-0.5012464551475065,0.07692307692307693,0.1302907279796492,10.7828159977853,106.626543634405,3.0,0,1,-0.9028346336956022,0.0,0.0,0.0,1.0,0.0
4161,2.5764522741647222,0.23076923076923078,1.8234285872700184,10.7785235877283,106.747545129807,3.0,0,0,0.6349856886503463,0.0,1.0,0.0,0.0,1.0
5703,1.0039496078129824,0.23076923076923078,1.287787426350749,10.84488,106.7182,3.0,0,0,0.4757863711357461,0.0,0.0,0.0,0.0,1.0
5480,0.6378280961214066,0.23076923076923078,-0.4391709580720064,10.8751352343193,106.658157912016,3.0,0,0,0.11316161425994499,0.0,0.0,0.0,0.0,1.0
6130,-0.04974733457061966,0.3076923076923077,-0.4391709580720064,10.8215718524518,106.654841391021,0.0,1,0,0.30272686033993124,0.0,0.0,0.0,1.0,0.0
3148,-0.37480406362233243,0.07692307692307693,-0.13659775324274978,10.8418121229684,106.661931226973,0.0,1,1,-1.709276224228461,0.0,0.0,0.0,1.0,0.0
2850,-0.5826509567402912,0.23076923076923078,-1.2015945422910468,10.7340240623323,106.657486693453,0.0,1,0,0.4757863711357461,0.0,0.0,0.0,0.0,1.0
1164,-0.03042058936361902,0.07692307692307693,0.1302907279796492,10.7317826978895,106.744604141123,2.0,0,0,-1.265459390571404,0.0,0.0,1.0,0.0,0.0
3007,-0.1926076911174569,0.3076923076923077,0.1302907279796492,10.8407957242002,106.641967567342,2.0,0,0,0.4757863711357461,0.0,0.0,0.0,0.0,1.0
4942,0.6255585240034263,0.23076923076923078,2.2563469756017906,10.770683112253,106.785877403798,3.0,0,0,0.9196032047928032,0.0,1.0,0.0,1.0,0.0
4997,0.18370833978305584,0.0,0.5849971026224333,21.0289486097874,105.852447225903,0.0,1,0,-2.28145563852695,0.0,0.0,0.0,1.0,0.0
1661,0.1501051897940211,0.0,-0.4391709580720064,10.8877794192261,106.681242543726,3.0,0,0,0.30272686033993124,0.0,0.0,0.0,1.0,0.0
508,-0.3271071868061051,0.15384615384615385,0.1302907279796492,10.7701160473399,106.675180178892,3.0,0,1,0.30272686033993124,1.0,0.0,0.0,1.0,0.0
166,0.06259592582891907,0.15384615384615385,-0.13659775324274978,10.7985619128206,106.669153159261,0.0,1,1,-0.5962397703258719,0.0,0.0,0.0,1.0,0.0
2589,-0.28090108395535385,0.23076923076923078,0.1302907279796492,10.7857612810986,106.632543416995,3.0,0,0,-0.09639304316274322,0.0,0.0,0.0,1.0,0.0
4316,-1.3286243820305652,0.15384615384615385,0.1302907279796492,10.7626208730884,106.643354830343,3.0,0,1,-0.3306552193971129,0.0,0.0,0.0,0.0,1.0
3705,1.2332195493977356,0.4615384615384616,0.1302907279796492,10.7907473191176,106.637345742439,3.0,0,1,1.6813478651712797,0.0,1.0,0.0,1.0,0.0
4233,1.0601009748869976,0.15384615384615385,0.1302907279796492,10.7727141067085,106.704984656484,3.0,0,1,0.11316161425994499,0.0,0.0,0.0,0.0,1.0
103,-0.2360953837240995,0.3076923076923077,0.963530485543728,10.754997382997,106.629307213319,0.0,1,0,0.4757863711357461,0.0,0.0,0.0,1.0,0.0
5591,2.134565091534545,0.07692307692307693,0.1302907279796492,10.7830955759734,106.626810081253,3.0,0,1,0.782381234505476,0.0,0.0,0.0,1.0,0.0
4904,0.3707119834879608,0.15384615384615385,0.1302907279796492,10.7913067757418,106.661918961629,3.0,0,1,0.782381234505476,0.0,0.0,0.0,1.0,0.0
5163,2.398191244149034,0.07692307692307693,0.1302907279796492,10.7793091246874,106.662392365665,3.0,0,1,-0.09639304316274322,0.0,0.0,0.0,1.0,0.0
1752,-0.5826509567402912,0.15384615384615385,-0.7884660886417492,10.8676817318612,106.635014752056,0.0,1,0,-0.3306552193971129,0.0,0.0,0.0,0.0,1.0
5621,1.4028138557984755,0.07692307692307693,0.963530485543728,10.7036191460786,106.703431517253,3.0,0,0,-0.9028346336956022,0.0,0.0,1.0,0.0,0.0
3026,-0.6108132359423499,0.23076923076923078,-1.7072229052631471,10.8128262418088,106.685310018759,3.0,0,0,0.30272686033993124,0.0,0.0,1.0,0.0,0.0
1658,0.21656469094070732,0.23076923076923078,0.5849971026224333,10.8077960471417,106.703158094734,3.0,0,0,-0.09639304316274322,0.0,0.0,0.0,1.0,0.0
152,-0.35076329075821017,0.15384615384615385,-1.7072229052631471,10.835409056715,106.639865656417,0.0,1,0,-0.09639304316274322,0.0,0.0,0.0,0.0,1.0
6088,1.2332195493977356,0.4615384615384616,0.1302907279796492,10.7886802198108,106.661525331879,3.0,0,1,0.782381234505476,0.0,1.0,0.0,1.0,0.0
1583,-1.7539551211519617,0.15384615384615385,-2.3590912406621465,10.8778780086341,106.637635573354,0.0,1,0,-0.9028346336956022,0.0,0.0,1.0,0.0,0.0
3441,-1.6356139825265459,0.07692307692307693,-1.7072229052631471,10.8001420033606,106.692631818343,0.0,1,0,-0.9028346336956022,0.0,0.0,0.0,0.0,1.0
4332,-0.6108132359423499,0.15384615384615385,0.1302907279796492,10.8434589505756,106.650373262479,3.0,0,1,0.11316161425994499,0.0,0.0,0.0,1.0,0.0
4615,-0.5550151062263636,0.3076923076923077,-0.7884660886417492,10.7995669350669,106.641188274475,3.0,0,0,0.30272686033993124,0.0,0.0,0.0,0.0,1.0
4445,0.4697856403578324,0.3076923076923077,0.1302907279796492,10.7894781034461,106.698580206941,3.0,0,1,0.782381234505476,0.0,0.0,0.0,1.0,0.0
2209,-0.6108132359423499,0.07692307692307693,-1.2015945422910468,10.8494668828868,106.650951745678,0.0,1,0,-1.265459390571404,0.0,0.0,0.0,0.0,1.0
2957,-0.7602813127840508,0.07692307692307693,-1.2015945422910468,10.8656629068183,106.621837335665,2.0,0,0,-1.265459390571404,0.0,0.0,0.0,0.0,1.0
3892,1.7341819162783039,0.5384615384615385,0.1302907279796492,10.8109791914592,106.713683413555,3.0,0,1,-0.3306552193971129,0.0,0.0,0.0,1.0,0.0
1822,1.265537228595943,0.38461538461538464,0.1302907279796492,10.7692496455059,106.700594547117,2.0,0,0,2.426586790265584,0.0,0.0,0.0,1.0,0.0
4851,0.04445490123643577,0.15384615384615385,0.963530485543728,10.6945118300093,106.640155925306,0.0,1,0,0.11316161425994499,0.0,0.0,0.0,1.0,0.0
3477,-0.8245729617021663,0.07692307692307693,-0.13659775324274978,10.8771476052276,106.641956289558,0.0,1,1,-1.265459390571404,0.0,0.0,0.0,1.0,0.0
309,-0.3992422225807697,0.07692307692307693,-0.4391709580720064,10.8310137959551,106.525089824767,2.0,0,0,-1.265459390571404,0.0,0.0,0.0,0.0,1.0
4902,0.3411414986789205,0.23076923076923078,2.0502110105697895,10.8049943500241,106.696264904267,3.0,0,0,0.4757863711357461,0.0,0.0,0.0,0.0,1.0
2722,-0.8917879431693261,0.15384615384615385,0.5849971026224333,10.7645443832185,106.651487352581,3.0,0,0,-0.5962397703258719,0.0,0.0,0.0,1.0,0.0
5941,-0.6108132359423499,0.07692307692307693,-0.4391709580720064,10.8592582479376,106.756752058107,2.0,0,1,-1.265459390571404,0.0,0.0,0.0,1.0,0.0
495,-1.1961350497447065,0.15384615384615385,0.1302907279796492,10.7612450264896,106.692369335341,3.0,0,1,-0.5962397703258719,0.0,0.0,0.0,1.0,0.0
205,1.174905936378217,0.15384615384615385,-1.2015945422910468,10.7794437650285,106.758671421558,2.0,0,0,0.11316161425994499,0.0,0.0,1.0,0.0,0.0
1434,1.2001796279697954,0.23076923076923078,0.1302907279796492,10.7762318052996,106.640964637159,3.0,0,1,0.6349856886503463,0.0,0.0,0.0,1.0,0.0
1135,1.5417399265153626,0.23076923076923078,-0.13659775324274978,10.6755060253716,106.698158728389,0.0,1,0,0.782381234505476,0.0,0.0,0.0,1.0,0.0
868,0.385278357028152,0.38461538461538464,-0.7884660886417492,10.7854460512709,106.699053851403,0.0,1,0,0.4757863711357461,0.0,0.0,0.0,0.0,1.0
305,1.304965564000573,0.07692307692307693,-0.13659775324274978,10.8410426054517,106.725515001124,0.0,1,1,-0.09639304316274322,0.0,0.0,0.0,1.0,0.0
1849,-0.10929128578611225,0.15384615384615385,-0.4391709580720064,10.7838920343243,106.694828713893,0.0,1,0,-0.3306552193971129,0.0,0.0,0.0,1.0,0.0
3039,0.5881267789832482,0.07692307692307693,-0.4391709580720064,10.8069437678138,106.694969117475,2.0,0,1,-1.265459390571404,0.0,0.0,0.0,1.0,0.0
1988,-4.8622551023008285,0.0,-1.2015945422910468,10.6834895278508,106.596666301202,3.0,0,0,-1.265459390571404,0.0,0.0,0.0,1.0,0.0
3065,-0.069330070593773,0.3076923076923077,-0.4391709580720064,10.7897400082984,106.691347763931,3.0,0,0,1.3897638631431688,0.0,0.0,0.0,0.0,1.0
1534,-1.1961350497447065,0.15384615384615385,0.1302907279796492,10.7612650981019,106.691983359131,3.0,0,1,-1.265459390571404,0.0,0.0,0.0,0.0,1.0
843,-0.5550151062263636,0.3076923076923077,0.1302907279796492,10.8020482089618,106.688003431815,3.0,0,1,0.30272686033993124,0.0,0.0,0.0,1.0,0.0
1987,-0.5550151062263636,0.07692307692307693,-0.7884660886417492,10.8776851452117,106.628052973584,2.0,0,0,-0.9028346336956022,0.0,0.0,1.0,0.0,0.0
6142,0.04445490123643577,0.15384615384615385,0.1302907279796492,10.6930773421311,106.740994267829,3.0,0,0,0.11316161425994499,0.0,0.0,0.0,0.0,1.0
4217,-0.10929128578611225,0.23076923076923078,1.5713987371125986,10.7615196394195,106.690121296497,3.0,0,0,0.782381234505476,0.0,0.0,0.0,1.0,0.0
5839,-0.8917879431693261,0.15384615384615385,-0.13659775324274978,10.771989953317,106.669281929842,0.0,1,1,-0.09639304316274322,0.0,1.0,0.0,1.0,0.0
6206,0.09822355231529148,0.15384615384615385,-0.13659775324274978,10.7880919533425,106.629297678231,3.0,0,0,-0.09639304316274322,0.0,0.0,0.0,1.0,0.0
1538,-0.6986692748486453,0.07692307692307693,-0.7884660886417492,10.76148452841,106.690238369822,2.0,0,0,-0.5962397703258719,0.0,0.0,0.0,1.0,0.0
211,-0.5826509567402912,0.07692307692307693,-0.4391709580720064,10.7718192791385,106.627071518451,0.0,1,0,-0.9028346336956022,0.0,0.0,0.0,0.0,1.0
1957,1.0963843897873138,0.5384615384615385,2.5341556375641257,10.8077383852892,106.703046806728,3.0,0,0,0.9196032047928032,0.0,0.0,0.0,0.0,1.0
4112,-0.6108132359423499,0.0,-1.7072229052631471,10.7812017598643,106.759502068162,0.0,1,0,-1.265459390571404,0.0,0.0,1.0,0.0,0.0
3611,3.1074049152154046,0.15384615384615385,0.1302907279796492,10.8397025787867,106.779790967703,3.0,0,1,0.30272686033993124,0.0,0.0,1.0,0.0,0.0
3024,-0.011343228479551189,0.38461538461538464,-0.4391709580720064,10.7604133642437,106.688651011072,2.0,0,0,0.11316161425994499,0.0,0.0,0.0,0.0,1.0
1349,-1.1961350497447065,0.15384615384615385,0.1302907279796492,10.7795208776626,106.647453768886,3.0,0,0,-0.5962397703258719,0.0,0.0,0.0,0.0,1.0
6280,0.3261314717355513,0.4615384615384616,0.1302907279796492,10.7678712744894,106.67153585608,3.0,0,1,2.0136066934816945,0.0,0.0,0.0,0.0,1.0
4810,1.3881753703228958,0.5384615384615385,0.963530485543728,10.8024020847169,106.641712934696,3.0,0,0,1.3897638631431688,0.0,0.0,0.0,0.0,1.0
680,0.385278357028152,0.23076923076923078,-0.7884660886417492,10.8717277211673,106.620015405617,0.0,1,0,0.4757863711357461,0.0,0.0,0.0,1.0,0.0
180,-0.069330070593773,0.23076923076923078,0.1302907279796492,10.7917026167998,106.691718515633,3.0,0,1,0.30272686033993124,0.0,0.0,0.0,1.0,0.0
5999,-0.37480406362233243,0.23076923076923078,0.1302907279796492,10.8800307404173,106.665595880607,2.0,0,0,0.30272686033993124,0.0,0.0,0.0,0.0,1.0
3966,-0.6108132359423499,0.3076923076923077,-0.13659775324274978,10.8063933688464,106.697749917385,0.0,1,1,-2.28145563852695,1.0,0.0,0.0,1.0,0.0
5460,-1.2831292553680742,0.0,-1.7072229052631471,10.7566232398692,106.586053209652,3.0,0,0,-0.5962397703258719,0.0,0.0,0.0,1.0,0.0
278,0.9652944659873779,0.3076923076923077,-0.4391709580720064,10.8472014306231,106.612577161017,3.0,0,0,1.2822279616686043,1.0,0.0,0.0,1.0,0.0
289,-0.25832850878387886,0.23076923076923078,0.1302907279796492,10.7881878725017,106.604271735996,2.0,0,0,-0.3306552193971129,0.0,0.0,1.0,0.0,0.0
6120,0.21656469094070732,0.23076923076923078,2.0502110105697895,10.7559269365563,106.60609644608,0.0,1,0,0.11316161425994499,0.0,0.0,0.0,0.0,1.0
993,1.304965564000573,0.15384615384615385,-0.13659775324274978,10.8408896343807,106.725547812812,0.0,1,1,-0.3306552193971129,0.0,0.0,0.0,1.0,0.0
2236,-0.04974733457061966,0.15384615384615385,-0.4391709580720064,10.8404645520508,106.751084290445,2.0,0,1,-0.5962397703258719,0.0,0.0,1.0,0.0,0.0
5269,0.04445490123643577,0.3076923076923077,0.963530485543728,10.7884999340346,106.661621601862,0.0,1,0,0.4757863711357461,0.0,0.0,0.0,0.0,1.0
4447,-0.5826509567402912,0.23076923076923078,0.1302907279796492,10.8279319698601,106.777840961655,0.0,1,0,-0.5962397703258719,0.0,0.0,0.0,1.0,0.0
4603,0.4421497898439041,0.15384615384615385,0.1302907279796492,10.69898,106.6419,3.0,0,1,-0.5962397703258719,0.0,0.0,0.0,1.0,0.0
5045,0.08051705379647196,0.3076923076923077,0.1302907279796492,10.7936243160035,106.590552953337,0.0,1,0,0.11316161425994499,0.0,0.0,0.0,0.0,1.0
270,-0.4493648176687783,0.15384615384615385,-0.13659775324274978,10.8503684448819,106.695458868092,2.0,0,0,0.11316161425994499,0.0,0.0,0.0,0.0,1.0
2405,0.04445490123643577,0.15384615384615385,0.1302907279796492,10.7846758166927,106.800751006624,0.0,1,0,-0.3306552193971129,0.0,0.0,0.0,0.0,1.0
5143,0.5626351999909364,0.38461538461538464,0.1302907279796492,10.8267240016789,106.686537449865,3.0,0,1,2.3634408616661546,0.0,1.0,0.0,1.0,0.0
2515,-0.011343228479551189,0.38461538461538464,0.1302907279796492,10.7795628456432,106.667427129377,3.0,0,0,1.3897638631431688,0.0,0.0,0.0,1.0,0.0
4886,-0.6688000780565717,0.23076923076923078,0.1302907279796492,10.77628561695,106.643655173441,3.0,0,0,0.6349856886503463,0.0,0.0,0.0,1.0,0.0
111,-0.4750780736920162,0.15384615384615385,-0.4391709580720064,10.689560788446,106.745578664563,2.0,0,0,0.30272686033993124,0.0,0.0,0.0,0.0,1.0
1391,1.0508892631248228,0.3076923076923077,0.1302907279796492,10.7736552434629,106.767024295277,3.0,0,1,0.11316161425994499,0.0,0.0,0.0,1.0,0.0
220,2.6874295892897986,0.23076923076923078,-1.2015945422910468,10.8004187621028,106.690309464323,3.0,0,0,1.5888228250383352,0.0,0.0,0.0,1.0,0.0
3740,0.3707119834879608,0.23076923076923078,0.1302907279796492,10.8300323054479,106.702756788818,3.0,0,1,0.11316161425994499,0.0,0.0,0.0,1.0,0.0
83,0.29564637201642957,0.23076923076923078,0.5849971026224333,10.7842888780504,106.759294890954,3.0,0,0,0.11316161425994499,0.0,0.0,1.0,0.0,0.0
3807,0.04445490123643577,0.23076923076923078,0.963530485543728,10.8041527464998,106.717083962428,3.0,0,0,0.9196032047928032,0.0,0.0,1.0,0.0,0.0
3770,-4.801013583673871,0.4615384615384616,2.9327121238363367,10.7760785505203,106.612264081208,0.0,1,0,-2.28145563852695,0.0,0.0,0.0,1.0,0.0
461,-1.113976416559445,0.23076923076923078,-0.13659775324274978,10.8157537294806,106.695361587706,0.0,1,1,-0.09639304316274322,0.0,0.0,0.0,0.0,1.0
5533,1.0783539839487635,0.15384615384615385,2.0502110105697895,10.750556,106.73569,0.0,1,0,-0.09639304316274322,0.0,0.0,0.0,0.0,1.0
551,0.310967493112446,0.23076923076923078,0.1302907279796492,10.8035682854439,106.704896006583,3.0,0,1,2.3634408616661546,0.0,0.0,0.0,1.0,0.0
2471,1.312726605208099,0.15384615384615385,0.1302907279796492,10.7455651862072,106.614059153641,3.0,0,1,-0.09639304316274322,0.0,0.0,0.0,1.0,0.0
3551,0.1501051897940211,0.4615384615384616,0.5849971026224333,10.7871349816685,106.666178614072,3.0,0,0,2.3634408616661546,0.0,0.0,0.0,1.0,0.0
5669,1.087396672413115,0.3076923076923077,0.5849971026224333,10.7889224217189,106.661087839497,0.0,1,0,0.6349856886503463,0.0,0.0,0.0,1.0,0.0
5465,-0.04974733457061966,0.15384615384615385,0.963530485543728,10.7348160215692,106.613154329177,3.0,0,0,-0.5962397703258719,0.0,0.0,1.0,0.0,0.0
4921,-1.2831292553680742,0.07692307692307693,-1.7072229052631471,10.7380480925804,106.662887990489,3.0,0,0,-1.265459390571404,0.0,0.0,0.0,0.0,1.0
3085,-1.2831292553680742,0.23076923076923078,0.5849971026224333,10.7565208823847,106.704243378285,3.0,0,0,-0.3306552193971129,0.0,0.0,0.0,0.0,1.0
2329,0.6378280961214066,0.23076923076923078,-0.13659775324274978,10.8413306847185,106.725743309905,0.0,1,1,0.11316161425994499,0.0,0.0,0.0,1.0,0.0
2146,0.21656469094070732,0.38461538461538464,0.1302907279796492,10.8033642630018,106.645110827273,3.0,0,1,2.2307964070632096,0.0,0.0,0.0,0.0,1.0
3206,0.02608851654062688,0.23076923076923078,-0.7884660886417492,10.7931802881832,106.627909892075,0.0,1,0,0.4757863711357461,0.0,0.0,0.0,0.0,1.0
2913,0.8428680112644017,0.23076923076923078,-0.4391709580720064,10.7886246639476,106.673932704533,2.0,0,0,2.0886695522014636,0.0,0.0,0.0,0.0,1.0
650,-0.9622048207552769,0.23076923076923078,-0.4391709580720064,10.8026081995326,106.695744194785,2.0,0,1,-0.9028346336956022,0.0,0.0,0.0,0.0,1.0
708,-0.9265771942689038,0.07692307692307693,-1.2015945422910468,10.8453425207284,106.665067124268,2.0,0,0,-1.265459390571404,0.0,0.0,0.0,0.0,1.0
5379,1.3881753703228958,0.38461538461538464,0.1302907279796492,10.7907473191176,106.637345742439,3.0,0,1,1.6813478651712797,1.0,0.0,0.0,1.0,0.0
3130,0.20022778488202966,0.15384615384615385,-3.2778480572835442,10.8159770069302,106.771276295185,3.0,0,0,-0.3306552193971129,0.0,0.0,0.0,0.0,1.0
5829,0.11572050155235063,0.07692307692307693,0.1302907279796492,10.7480641822605,106.615798655459,3.0,0,1,-1.265459390571404,0.0,0.0,0.0,1.0,0.0
4211,-0.6986692748486453,0.23076923076923078,-0.4391709580720064,10.8164768046307,106.706174706743,2.0,0,1,-0.3306552193971129,0.0,0.0,0.0,0.0,1.0
1424,-0.1926076911174569,0.38461538461538464,-1.2015945422910468,10.7935899318363,106.679054544265,0.0,1,0,1.9355994527483495,0.0,0.0,0.0,0.0,1.0
1216,0.04445490123643577,0.23076923076923078,-0.4391709580720064,10.8348056267141,106.664222777813,0.0,1,0,0.11316161425994499,0.0,0.0,0.0,0.0,1.0
5821,-0.3271071868061051,0.23076923076923078,-0.13659775324274978,10.771074714151,106.690686748625,0.0,1,1,0.11316161425994499,0.0,0.0,0.0,1.0,0.0
1924,0.3707119834879608,0.0,-1.2015945422910468,10.6963303486261,106.744400070696,0.0,1,0,0.6349856886503463,0.0,0.0,0.0,0.0,1.0
3075,0.5754359289154177,0.23076923076923078,0.963530485543728,10.8329326871238,106.727180210751,0.0,1,0,0.11316161425994499,0.0,0.0,0.0,1.0,0.0
5804,0.4421497898439041,0.15384615384615385,0.1302907279796492,10.769905,106.553215,3.0,0,1,-0.3306552193971129,0.0,0.0,0.0,1.0,0.0
314,1.6503592705876222,0.0,0.1302907279796492,10.7934814998922,106.691317164744,3.0,0,1,-0.09639304316274322,0.0,0.0,0.0,0.0,1.0
4231,-0.4240911260771986,0.07692307692307693,-0.13659775324274978,10.8001200775413,106.690644232097,0.0,1,1,-0.5962397703258719,0.0,0.0,0.0,0.0,1.0
1427,-0.17133430316050988,0.07692307692307693,-0.7884660886417492,10.8761665430278,106.773426504647,0.0,1,0,-0.09639304316274322,0.0,0.0,0.0,1.0,0.0
5992,0.8214404629449784,0.6923076923076923,0.1302907279796492,10.7721418779458,106.669729465062,3.0,0,1,1.1685438955241836,0.0,0.0,1.0,0.0,0.0
3583,-1.4741655642529736,0.23076923076923078,-1.2015945422910468,10.7881803139323,106.652490949703,0.0,1,0,-0.5962397703258719,0.0,0.0,0.0,0.0,1.0
3154,-0.28090108395535385,0.07692307692307693,-1.2015945422910468,10.867650199971,106.63465653933,3.0,0,0,-0.9028346336956022,0.0,0.0,1.0,0.0,0.0
5813,0.29564637201642957,0.07692307692307693,-1.2015945422910468,10.8064200658847,106.732010902719,2.0,0,0,-0.9028346336956022,0.0,0.0,0.0,0.0,1.0
5213,1.4028138557984755,0.07692307692307693,-0.13659775324274978,10.8542599044534,106.756521709048,0.0,1,1,-0.09639304316274322,0.0,0.0,1.0,0.0,0.0
3570,0.5366963775693665,0.15384615384615385,-0.4391709580720064,10.7897908003313,106.702358881849,2.0,0,0,-0.09639304316274322,1.0,0.0,1.0,0.0,0.0
4626,2.2123975330302423,0.23076923076923078,1.434027398777648,10.8156917872252,106.5913028517,3.0,0,0,2.0886695522014636,0.0,0.0,0.0,1.0,0.0
3652,0.9053480809024144,0.3076923076923077,-0.13659775324274978,21.0289486097874,105.852447225903,0.0,1,1,1.769759295385021,0.0,1.0,0.0,0.0,1.0
6299,0.11572050155235063,0.07692307692307693,1.434027398777648,10.8420208103814,106.630759092507,3.0,0,0,-1.265459390571404,0.0,0.0,0.0,1.0,0.0
2825,0.26451943380014525,0.23076923076923078,0.1302907279796492,10.7693323454737,106.678611846658,3.0,0,1,-0.3306552193971129,0.0,0.0,1.0,0.0,0.0
684,-0.8245729617021663,0.23076923076923078,0.1302907279796492,10.7886490880428,106.683474740303,3.0,0,1,0.11316161425994499,0.0,0.0,1.0,0.0,0.0
4605,-3.6736604061189997,0.0,0.1302907279796492,10.7931700844827,106.797389142193,3.0,0,1,-2.28145563852695,0.0,0.0,0.0,1.0,0.0
2453,-0.3038236354463698,0.38461538461538464,0.5849971026224333,10.7898258789755,106.604288117455,0.0,1,0,0.9196032047928032,0.0,0.0,0.0,0.0,1.0
5667,1.0601009748869976,0.3076923076923077,0.1302907279796492,10.7922600141732,106.643267598668,2.0,0,0,1.0479657854342355,0.0,0.0,0.0,0.0,1.0
2542,-0.8245729617021663,0.07692307692307693,-2.3590912406621465,10.7834876673972,106.612625859249,0.0,1,0,-1.265459390571404,0.0,0.0,1.0,0.0,0.0
326,-0.04974733457061966,0.23076923076923078,0.1302907279796492,10.7722233361155,106.66938075836,2.0,0,0,0.782381234505476,0.0,0.0,0.0,1.0,0.0
5265,-0.04974733457061966,0.15384615384615385,0.1302907279796492,10.7367370690024,106.671513861358,3.0,0,1,-0.3306552193971129,0.0,0.0,0.0,1.0,0.0
3817,0.8106090961495499,0.0,0.1302907279796492,10.7545552315845,106.638288442233,3.0,0,1,-2.28145563852695,0.0,0.0,0.0,1.0,0.0
2900,-0.17133430316050988,0.23076923076923078,0.963530485543728,10.794035184262,106.675043242655,0.0,1,0,-0.09639304316274322,0.0,0.0,0.0,0.0,1.0
5445,-0.10929128578611225,0.3076923076923077,-0.13659775324274978,10.7994790421344,106.686891136977,0.0,1,1,1.1685438955241836,0.0,0.0,0.0,1.0,0.0
3487,-0.10929128578611225,0.07692307692307693,-0.13659775324274978,10.8584222839836,106.642574272744,0.0,1,1,-1.265459390571404,0.0,0.0,0.0,1.0,0.0
5060,1.6002366754996136,0.23076923076923078,-0.13659775324274978,10.7808614391025,106.720341025029,0.0,1,1,-0.3306552193971129,0.0,1.0,0.0,1.0,0.0
2627,-1.375564037342406,0.23076923076923078,-1.7072229052631471,10.7918684806463,106.650859747069,3.0,0,0,-0.5962397703258719,0.0,0.0,0.0,0.0,1.0
1676,-0.7291543745677658,0.07692307692307693,-0.13659775324274978,10.8707067850047,106.68862897179,0.0,1,1,-0.9028346336956022,0.0,0.0,0.0,1.0,0.0
348,0.310967493112446,0.3076923076923077,0.1302907279796492,10.8119804415208,106.692368845155,3.0,0,1,0.30272686033993124,0.0,0.0,1.0,0.0,0.0
1626,-0.4750780736920162,0.15384615384615385,-0.13659775324274978,10.799515163864,106.619315342165,0.0,1,1,-0.09639304316274322,0.0,0.0,0.0,1.0,0.0
3580,-0.5826509567402912,0.23076923076923078,0.3690306097293516,10.7986182708939,106.813175354186,0.0,1,0,-0.3306552193971129,0.0,0.0,0.0,1.0,0.0
2758,0.11572050155235063,0.07692307692307693,-0.4391709580720064,10.8078257080642,106.702940396773,2.0,0,1,0.9196032047928032,0.0,0.0,0.0,1.0,0.0
871,0.5235542914366881,0.23076923076923078,-0.13659775324274978,10.7883923385894,106.658873968723,0.0,1,1,-0.5962397703258719,0.0,0.0,1.0,0.0,0.0
4104,0.26451943380014525,0.23076923076923078,0.963530485543728,10.6751728753686,106.698024655517,3.0,0,0,0.11316161425994499,0.0,0.0,1.0,0.0,0.0
6054,0.7552290280664897,0.23076923076923078,-0.4391709580720064,10.8465656583232,106.76444398484,2.0,0,1,-0.09639304316274322,0.0,0.0,0.0,1.0,0.0
3386,2.7086593380267114,0.23076923076923078,1.5713987371125986,10.8055937102491,106.749479469214,3.0,0,0,0.4757863711357461,0.0,0.0,0.0,1.0,0.0
2218,0.8639894412629446,0.07692307692307693,-0.13659775324274978,10.839048378918772,106.83121795879453,0.0,1,1,0.6349856886503463,0.0,0.0,0.0,1.0,0.0
5868,1.149192680354979,0.3076923076923077,-0.13659775324274978,10.8024053238791,106.641532993353,0.0,1,1,1.1685438955241836,0.0,1.0,0.0,1.0,0.0
2121,0.09822355231529148,0.23076923076923078,0.1302907279796492,10.7514080436114,106.665478182716,3.0,0,1,0.11316161425994499,0.0,0.0,0.0,1.0,0.0
6166,0.3560006685276249,0.15384615384615385,-0.13659775324274978,10.806083912138,106.690506515333,0.0,1,1,-0.5962397703258719,0.0,0.0,0.0,1.0,0.0
85,-0.8577985162466776,0.07692307692307693,-1.2015945422910468,10.7973411962209,106.681197959535,3.0,0,0,-1.265459390571404,0.0,0.0,0.0,1.0,0.0
3142,-0.6395223895560433,0.23076923076923078,-0.13659775324274978,10.7676628297188,106.686273631763,0.0,1,1,-0.09639304316274322,0.0,0.0,0.0,1.0,0.0
1877,-0.6108132359423499,0.15384615384615385,-1.7072229052631471,10.7627852637527,106.672521070245,3.0,0,0,-0.09639304316274322,0.0,0.0,1.0,0.0,0.0
4966,0.4697856403578324,0.23076923076923078,-0.4391709580720064,10.7737906750866,106.683013416113,2.0,0,1,0.782381234505476,0.0,1.0,0.0,1.0,0.0
5765,1.410079103612348,0.15384615384615385,-0.4391709580720064,10.8491756032791,106.747135061178,0.0,1,0,0.4757863711357461,0.0,0.0,0.0,1.0,0.0
5636,-0.5826509567402912,0.23076923076923078,2.9327121238363367,10.7846803044242,106.65078823446,3.0,0,0,0.11316161425994499,0.0,0.0,0.0,1.0,0.0
494,-1.424042969164965,0.07692307692307693,-1.7072229052631471,10.7517086510092,106.701602718934,1.0,0,0,-1.265459390571404,0.0,0.0,0.0,0.0,1.0
3306,0.4281357043022882,0.07692307692307693,0.5849971026224333,10.8003043455269,106.609742899747,3.0,0,0,-0.09639304316274322,0.0,0.0,0.0,1.0,0.0
3459,-0.069330070593773,0.07692307692307693,-1.7072229052631471,10.7828787125432,106.776355680275,0.0,1,0,-0.3306552193971129,0.0,0.0,0.0,0.0,1.0
5687,0.04445490123643577,0.0,2.0502110105697895,10.6512243904278,106.730122400762,3.0,0,0,-2.28145563852695,0.0,0.0,0.0,1.0,0.0
5077,-0.15036267557913827,0.07692307692307693,0.1302907279796492,10.8251812549554,106.684577345742,3.0,0,1,-0.09639304316274322,0.0,1.0,0.0,1.0,0.0
1270,-0.28090108395535385,0.15384615384615385,0.1302907279796492,10.8066511284907,106.662514217538,3.0,0,1,0.11316161425994499,0.0,0.0,0.0,0.0,1.0
2966,0.007491102083431382,0.3076923076923077,-0.13659775324274978,10.8343541315414,106.639517987385,0.0,1,1,0.11316161425994499,0.0,0.0,0.0,1.0,0.0
2944,0.6859128205146215,0.15384615384615385,-0.4391709580720064,10.7865000850496,106.690834143804,0.0,1,0,-0.3306552193971129,0.0,0.0,0.0,1.0,0.0
5205,0.3997026173414371,0.07692307692307693,-1.2015945422910468,10.7519331611334,106.701562117478,0.0,1,0,-0.5962397703258719,0.0,0.0,0.0,0.0,1.0
618,-0.5826509567402912,0.23076923076923078,-0.4391709580720064,10.7667184864657,106.600480739887,0.0,1,0,-0.3306552193971129,0.0,0.0,0.0,0.0,1.0
5385,0.6499966829618635,0.3076923076923077,0.1302907279796492,10.7937841515297,106.708631159818,3.0,0,1,0.9196032047928032,0.0,0.0,0.0,0.0,0.0
3337,-0.5012464551475065,0.3076923076923077,-0.7884660886417492,10.8055999973561,106.604982142827,2.0,0,0,0.11316161425994499,0.0,0.0,1.0,0.0,0.0
4898,-0.10929128578611225,0.23076923076923078,-0.4391709580720064,10.8580416473375,106.768435051151,0.0,1,0,0.4757863711357461,0.0,0.0,1.0,0.0,0.0
3849,-0.6395223895560433,0.15384615384615385,-0.4391709580720064,10.7746899615824,106.664309291771,2.0,0,1,-0.09639304316274322,0.0,0.0,0.0,1.0,0.0
4129,-0.4493648176687783,0.15384615384615385,0.1302907279796492,10.7318491572817,106.74502610366,2.0,0,0,-0.3306552193971129,0.0,0.0,0.0,0.0,1.0
3400,-1.154485113689163,0.15384615384615385,-0.4391709580720064,10.7631164528973,106.64216474629,2.0,0,0,-0.3306552193971129,0.0,0.0,0.0,1.0,0.0
1413,0.3707119834879608,0.23076923076923078,0.1302907279796492,10.8074505124735,106.703960003951,3.0,0,0,0.9196032047928032,0.0,0.0,0.0,0.0,1.0
2201,-0.5012464551475065,0.3076923076923077,-0.13659775324274978,10.7617894507432,106.613644830334,0.0,1,1,0.11316161425994499,0.0,0.0,0.0,0.0,1.0
3585,-0.3271071868061051,0.0,1.434027398777648,10.7937664056364,106.689233872668,3.0,0,0,-1.709276224228461,0.0,0.0,0.0,1.0,0.0
4692,1.4028138557984755,0.23076923076923078,0.1302907279796492,10.8105143070381,106.727141846225,3.0,0,1,0.6349856886503463,0.0,0.0,0.0,1.0,0.0
869,0.7664722378003171,0.23076923076923078,-0.7884660886417492,10.7657175409324,106.66344784341,0.0,1,0,1.1685438955241836,0.0,0.0,0.0,1.0,0.0
2358,-0.8245729617021663,0.3076923076923077,-0.4391709580720064,10.7739751335495,106.677834722263,2.0,0,1,0.30272686033993124,0.0,0.0,0.0,1.0,0.0
2006,-0.5278863642596802,0.38461538461538464,2.9327121238363367,10.753993284189,106.65886162063,3.0,0,0,0.782381234505476,0.0,0.0,0.0,0.0,1.0
5267,1.9352382471594414,0.15384615384615385,-1.2015945422910468,10.7384040752559,106.634259196514,3.0,0,0,1.2822279616686043,0.0,0.0,0.0,1.0,0.0
4352,-0.35076329075821017,0.0,-0.13659775324274978,10.7975883246558,106.696058720532,0.0,1,1,-1.709276224228461,0.0,0.0,0.0,0.0,1.0
356,-0.7920776985802562,0.23076923076923078,-0.13659775324274978,10.8065276114248,106.71140950003,0.0,1,1,0.11316161425994499,0.0,0.0,0.0,0.0,1.0
1162,-0.8577985162466776,0.23076923076923078,-1.7072229052631471,10.7472190146274,106.71967883936,3.0,0,0,-0.3306552193971129,0.0,0.0,1.0,0.0,0.0
4776,-0.4493648176687783,0.15384615384615385,0.1302907279796492,10.8592595043768,106.754538260866,3.0,0,1,-0.3306552193971129,0.0,0.0,0.0,1.0,0.0
3413,0.1501051897940211,0.07692307692307693,0.1302907279796492,10.7450787259748,106.610640638869,2.0,0,0,-0.9028346336956022,0.0,0.0,0.0,0.0,1.0
6211,-0.4750780736920162,0.23076923076923078,-0.7884660886417492,10.8354324270323,106.754046866907,0.0,1,0,0.11316161425994499,0.0,0.0,0.0,1.0,0.0
1890,-1.5260472017317033,0.23076923076923078,0.963530485543728,10.7441647835323,106.684190951546,3.0,0,0,-0.3306552193971129,0.0,0.0,1.0,0.0,0.0
579,-0.5278863642596802,0.23076923076923078,-0.4391709580720064,10.7874692822186,106.651271953711,3.0,0,0,-0.09639304316274322,0.0,0.0,0.0,1.0,0.0
3336,-0.37480406362233243,0.23076923076923078,0.1302907279796492,10.7017411110822,106.740883555074,3.0,0,0,0.11316161425994499,0.0,0.0,0.0,0.0,1.0
2857,0.9652944659873779,0.07692307692307693,0.1302907279796492,10.6962140963242,106.744606159168,3.0,0,1,-0.3306552193971129,0.0,0.0,0.0,1.0,0.0
1691,-0.7291543745677658,0.3076923076923077,-0.4391709580720064,10.8233642185054,106.701833738118,0.0,1,0,0.4757863711357461,0.0,0.0,0.0,1.0,0.0
862,2.1739934269391736,0.0,1.5713987371125986,10.7746590446889,106.664410330036,3.0,0,0,-2.28145563852695,0.0,0.0,0.0,1.0,0.0
4254,1.5014153827090437,0.23076923076923078,-1.7072229052631471,10.8128899525103,106.696942975506,3.0,0,0,1.1685438955241836,0.0,0.0,0.0,0.0,1.0
3670,-0.6108132359423499,0.15384615384615385,-0.7884660886417492,10.8408831187938,106.623731878359,0.0,1,0,-0.5962397703258719,0.0,0.0,0.0,1.0,0.0
2380,-0.5278863642596802,0.15384615384615385,-0.4391709580720064,10.7998272534687,106.630513022428,3.0,0,0,0.11316161425994499,0.0,0.0,0.0,1.0,0.0
2378,0.6007096205069974,0.07692307692307693,-1.2015945422910468,10.8069923085861,106.695134954481,0.0,1,0,-0.5962397703258719,0.0,0.0,1.0,0.0,0.0
4901,0.18370833978305584,0.3076923076923077,0.1302907279796492,10.8094015063632,106.68499035137,3.0,0,1,1.3897638631431688,0.0,0.0,0.0,0.0,1.0
4872,0.5497226728921797,0.38461538461538464,0.963530485543728,10.8738198305834,106.624550072354,3.0,0,0,2.547164900355532,0.0,0.0,0.0,0.0,1.0
1116,0.7438996626288421,0.15384615384615385,-0.13659775324274978,10.6748473561654,106.698688826558,0.0,1,1,-0.09639304316274322,0.0,0.0,0.0,1.0,0.0
1541,-1.3286243820305652,0.23076923076923078,-0.4391709580720064,10.8060640095381,106.711533032075,3.0,0,0,1.0479657854342355,0.0,0.0,0.0,1.0,0.0
5401,-0.7920776985802562,0.07692307692307693,-0.13659775324274978,10.7634097072863,106.642422275656,0.0,1,0,-0.9028346336956022,0.0,0.0,0.0,1.0,0.0
4839,-0.15036267557913827,0.07692307692307693,-0.7884660886417492,10.6783193888758,106.753291442197,3.0,0,0,-0.5962397703258719,0.0,0.0,0.0,0.0,1.0
6188,0.8639894412629446,0.38461538461538464,1.5713987371125986,10.8448728028125,106.718208932664,0.0,1,0,0.6349856886503463,0.0,0.0,0.0,1.0,0.0
5201,-0.8245729617021663,0.38461538461538464,0.1302907279796492,10.7180220838363,106.623037601293,0.0,1,0,0.30272686033993124,0.0,0.0,0.0,1.0,0.0
6070,-0.7291543745677658,0.23076923076923078,0.1302907279796492,10.7854629749077,106.766582356714,3.0,0,1,-0.3306552193971129,0.0,0.0,0.0,1.0,0.0
2638,-0.8577985162466776,0.15384615384615385,-0.4391709580720064,10.8418734357344,106.630457077961,2.0,0,1,-0.5962397703258719,1.0,0.0,0.0,0.0,0.0
4200,0.2487067167045892,0.23076923076923078,-0.13659775324274978,10.8359286719766,106.661283318946,0.0,1,1,0.30272686033993124,0.0,0.0,0.0,0.0,1.0
2500,0.9053480809024144,0.38461538461538464,2.445284124721849,10.836765078285843,106.84301407351784,0.0,1,0,0.30272686033993124,0.0,0.0,0.0,1.0,0.0
5562,0.7093811696941079,0.15384615384615385,-0.13659775324274978,10.72481,106.6644,0.0,1,1,0.11316161425994499,0.0,0.0,0.0,1.0,0.0
3014,-0.6395223895560433,0.07692307692307693,-0.13659775324274978,10.8015029215836,106.821870514023,0.0,1,1,-0.5962397703258719,0.0,0.0,0.0,1.0,0.0
5579,0.6378280961214066,0.07692307692307693,1.5713987371125986,10.8505473347913,106.795959376022,3.0,0,0,1.5888228250383352,0.0,0.0,0.0,0.0,1.0
6200,-0.7291543745677658,0.23076923076923078,-0.7884660886417492,10.7381042385576,106.637295527794,2.0,0,0,0.30272686033993124,0.0,0.0,0.0,0.0,1.0
2689,-1.7539551211519617,0.23076923076923078,-0.7884660886417492,10.7396419649671,106.706527623334,2.0,0,0,-0.3306552193971129,0.0,0.0,0.0,0.0,1.0
4733,-0.8577985162466776,0.23076923076923078,-2.3590912406621465,10.7155348360801,106.631845233598,3.0,0,0,-0.3306552193971129,0.0,0.0,1.0,0.0,0.0
6008,2.7384683105797905,0.15384615384615385,2.0502110105697895,10.7739476811249,106.677852154493,3.0,0,0,-0.3306552193971129,0.0,0.0,1.0,0.0,0.0
5185,-0.3271071868061051,0.15384615384615385,-0.4391709580720064,10.81854829568487,106.633166000247,3.0,0,0,-0.09639304316274322,0.0,0.0,0.0,1.0,0.0
5420,0.3411414986789205,0.07692307692307693,-1.2015945422910468,10.87488402442,106.658231478737,2.0,0,0,-0.9028346336956022,0.0,0.0,0.0,0.0,1.0
5310,-1.1961350497447065,0.15384615384615385,0.1302907279796492,10.7613673576183,106.691979637369,3.0,0,1,-0.5962397703258719,0.0,0.0,0.0,1.0,0.0
4174,0.4421497898439041,0.07692307692307693,-1.2015945422910468,10.793670773675,106.718037552508,2.0,0,0,-0.09639304316274322,0.0,0.0,1.0,0.0,0.0
6041,-0.5826509567402912,0.07692307692307693,-1.2015945422910468,10.7648238585238,106.616205171925,1.0,0,0,-0.5962397703258719,0.0,0.0,1.0,0.0,0.0
2052,0.08051705379647196,0.07692307692307693,-0.13659775324274978,10.8458199146789,106.718175529127,3.0,0,0,-0.9028346336956022,0.0,0.0,1.0,0.0,0.0
1776,-0.37480406362233243,0.15384615384615385,0.5849971026224333,10.8946333482022,106.668339500488,0.0,1,0,-0.3306552193971129,0.0,0.0,0.0,0.0,1.0
4025,-0.28090108395535385,0.07692307692307693,-0.13659775324274978,10.791413766736,106.663531796395,0.0,1,1,-0.9028346336956022,0.0,0.0,0.0,1.0,0.0
4512,-0.37480406362233243,0.15384615384615385,-0.13659775324274978,10.7937199304527,106.64025981115,0.0,1,1,-0.09639304316274322,0.0,0.0,0.0,1.0,0.0
1592,0.06259592582891907,0.23076923076923078,-0.4391709580720064,10.8231227399032,106.636296421346,0.0,1,0,0.11316161425994499,0.0,0.0,0.0,1.0,0.0
1723,0.6378280961214066,0.3076923076923077,0.1302907279796492,10.8008239243165,106.688133598659,3.0,0,0,0.9196032047928032,0.0,0.0,0.0,1.0,0.0
4923,-0.37480406362233243,0.23076923076923078,-0.13659775324274978,21.02894860978742,105.85244722590336,0.0,1,1,-0.09639304316274322,0.0,1.0,0.0,1.0,0.0
4273,0.6499966829618635,0.23076923076923078,-0.13659775324274978,10.8386041739181,106.831554390262,0.0,1,1,0.9196032047928032,0.0,0.0,1.0,0.0,0.0
490,1.3881753703228958,0.23076923076923078,0.5849971026224333,10.8302981828474,106.702921684944,3.0,0,0,0.11316161425994499,0.0,0.0,1.0,0.0,0.0
5295,-0.5012464551475065,0.23076923076923078,-0.4391709580720064,10.7646996157519,106.618881953938,2.0,0,0,-0.5962397703258719,0.0,0.0,0.0,1.0,0.0
1006,0.3261314717355513,0.0,-0.4391709580720064,10.857148344718,106.61365335256,2.0,0,1,0.30272686033993124,0.0,0.0,0.0,1.0,0.0
4838,0.4139875106418454,0.07692307692307693,0.5849971026224333,10.8593213190873,106.756839732788,0.0,1,0,-0.5962397703258719,0.0,0.0,1.0,0.0,0.0
2503,-0.6108132359423499,0.07692307692307693,-1.2015945422910468,10.8447335886993,106.660529149461,0.0,1,0,-1.265459390571404,0.0,0.0,0.0,1.0,0.0
6223,-0.1926076911174569,0.15384615384615385,-0.13659775324274978,10.8298404981657,106.730843525525,0.0,1,1,-0.09639304316274322,1.0,0.0,0.0,1.0,0.0
2314,0.5754359289154177,0.23076923076923078,-0.13659775324274978,10.8329822700863,106.727177107907,0.0,1,1,0.11316161425994499,0.0,0.0,0.0,1.0,0.0
1417,-1.3286243820305652,0.07692307692307693,0.1302907279796492,10.8405445859805,106.740776454413,3.0,0,1,-0.5962397703258719,0.0,0.0,0.0,1.0,0.0
25,0.3707119834879608,0.3076923076923077,0.1302907279796492,10.7491057387446,106.655029047987,3.0,0,1,0.11316161425994499,0.0,0.0,0.0,1.0,0.0
2409,-0.9622048207552769,0.07692307692307693,2.9327121238363367,10.7710969001053,106.690434650876,0.0,1,0,-0.9028346336956022,0.0,0.0,0.0,1.0,0.0
1113,-0.15036267557913827,0.23076923076923078,0.1302907279796492,10.811717125424,106.709381198976,2.0,0,0,0.6349856886503463,0.0,0.0,0.0,0.0,1.0
3395,-0.069330070593773,0.3076923076923077,-0.4391709580720064,10.7993149317963,106.650479494146,0.0,1,0,0.782381234505476,0.0,0.0,0.0,1.0,0.0
1552,-0.03042058936361902,0.23076923076923078,0.1302907279796492,10.7574517371516,106.702372457494,3.0,0,1,0.30272686033993124,0.0,0.0,0.0,0.0,0.0
5377,-0.5826509567402912,0.07692307692307693,-1.7072229052631471,10.685427,106.73825,0.0,1,0,-0.5962397703258719,0.0,0.0,0.0,0.0,1.0
4698,-0.6395223895560433,0.23076923076923078,0.963530485543728,10.8572696686304,106.699309163073,0.0,1,0,0.9196032047928032,0.0,0.0,0.0,0.0,1.0
433,-1.6356139825265459,0.15384615384615385,-0.13659775324274978,10.7668538869145,106.692635673208,0.0,1,1,-0.5962397703258719,1.0,0.0,0.0,0.0,1.0
3263,-1.5798158528105595,0.07692307692307693,-1.7072229052631471,10.8379212358774,106.636949437251,0.0,1,0,-1.265459390571404,0.0,0.0,1.0,0.0,0.0
3132,-0.3271071868061051,0.07692307692307693,-1.2015945422910468,10.7927429040222,106.623575169233,2.0,0,0,-1.265459390571404,0.0,0.0,1.0,0.0,0.0
4260,-0.9987122300435685,0.07692307692307693,-0.7884660886417492,10.8418239937458,106.676670205911,3.0,0,0,-1.265459390571404,0.0,0.0,0.0,0.0,1.0
3303,-0.28090108395535385,0.15384615384615385,-1.2015945422910468,10.8196821640328,106.702875551582,3.0,0,0,-0.09639304316274322,0.0,0.0,0.0,0.0,1.0
3447,0.16700223033751904,0.23076923076923078,0.1302907279796492,10.7665995298787,106.677651107157,3.0,0,1,0.30272686033993124,0.0,0.0,0.0,1.0,0.0
6175,-0.3271071868061051,0.3076923076923077,-0.7884660886417492,10.7889081564156,106.698209329535,0.0,1,0,0.4757863711357461,0.0,0.0,0.0,0.0,1.0
4669,0.1501051897940211,0.15384615384615385,0.5849971026224333,10.7227932254468,106.606311023683,3.0,0,0,-0.5962397703258719,0.0,0.0,0.0,0.0,1.0
3362,-0.6395223895560433,0.15384615384615385,-0.13659775324274978,10.8436262853659,106.845518912421,0.0,1,1,-0.09639304316274322,0.0,1.0,0.0,1.0,0.0
2518,-0.25832850878387886,0.15384615384615385,0.1302907279796492,10.684862843080452,106.74674978293052,0.0,1,0,-0.09639304316274322,0.0,0.0,1.0,0.0,0.0
6055,-0.5278863642596802,0.15384615384615385,-0.13659775324274978,10.8546603728122,106.768448394077,0.0,1,1,0.11316161425994499,0.0,1.0,0.0,1.0,0.0
1102,-0.6395223895560433,0.23076923076923078,-0.4391709580720064,10.842344978211,106.642709895538,2.0,0,0,0.11316161425994499,0.0,0.0,0.0,0.0,1.0
3470,0.04445490123643577,0.23076923076923078,0.5849971026224333,10.6845163062838,106.750153223359,3.0,0,0,0.11316161425994499,0.0,0.0,0.0,0.0,1.0
4325,-0.6108132359423499,0.23076923076923078,0.1302907279796492,10.8501897861235,106.694991136275,0.0,1,0,-0.09639304316274322,0.0,0.0,1.0,0.0,0.0
4664,-0.7602813127840508,0.07692307692307693,-1.7072229052631471,10.8106715623739,106.713628158009,3.0,0,0,-0.9028346336956022,0.0,0.0,0.0,1.0,0.0
4367,0.29564637201642957,0.15384615384615385,0.1302907279796492,10.6846221205136,106.750155154798,2.0,0,0,0.11316161425994499,0.0,0.0,0.0,0.0,1.0
194,-1.1961350497447065,0.15384615384615385,0.1302907279796492,10.7610677410809,106.692407027713,3.0,0,1,-0.9028346336956022,0.0,0.0,1.0,0.0,0.0
615,-0.069330070593773,0.0,-0.7884660886417492,10.9025251845016,106.55260907606,3.0,0,0,-1.709276224228461,0.0,0.0,0.0,1.0,0.0
643,0.8534664434236847,0.3076923076923077,0.1302907279796492,10.8444892923174,106.7174798014,3.0,0,1,0.782381234505476,0.0,0.0,0.0,0.0,1.0
4519,3.394865429957337,0.6923076923076923,-0.13659775324274978,10.7751362820668,106.671743519044,0.0,1,1,3.5037857036596853,0.0,1.0,0.0,1.0,0.0
6172,0.21656469094070732,0.0,0.1302907279796492,10.8830238359736,106.770841349035,0.0,1,0,-1.265459390571404,0.0,0.0,0.0,1.0,0.0
5324,0.04445490123643577,0.23076923076923078,-0.13659775324274978,10.7826562381209,106.769541649314,3.0,0,0,0.11316161425994499,0.0,0.0,0.0,0.0,1.0
330,-0.4750780736920162,0.15384615384615385,-0.4391709580720064,10.7893109616076,106.675164208888,0.0,1,0,0.30272686033993124,0.0,0.0,0.0,1.0,0.0
3918,-0.04974733457061966,0.15384615384615385,-0.4391709580720064,10.7017345004417,106.740926790991,0.0,1,0,-0.09639304316274322,0.0,0.0,0.0,0.0,1.0
4943,-2.0993488277390115,0.15384615384615385,0.1302907279796492,10.7843564491209,106.672963007409,3.0,0,1,-0.9028346336956022,0.0,0.0,0.0,0.0,1.0
3463,0.21656469094070732,0.23076923076923078,-0.4391709580720064,10.6930113711449,106.740769148516,0.0,1,0,0.9196032047928032,0.0,0.0,0.0,0.0,1.0
3668,0.5626351999909364,0.23076923076923078,1.5713987371125986,10.7389600569167,106.709744348169,3.0,0,0,1.6813478651712797,0.0,0.0,0.0,0.0,1.0
483,0.04445490123643577,0.0,0.963530485543728,10.7379724639035,106.722872636508,3.0,0,0,-1.265459390571404,0.0,0.0,1.0,0.0,0.0
2420,1.1578135499990652,0.23076923076923078,2.0502110105697895,10.7282790588534,106.600305313812,3.0,0,0,0.11316161425994499,0.0,0.0,0.0,1.0,0.0
719,0.18370833978305584,0.23076923076923078,-0.13659775324274978,10.783844834362,106.694822247086,0.0,1,0,0.4757863711357461,0.0,0.0,0.0,1.0,0.0
2763,-0.6688000780565717,0.23076923076923078,-0.7884660886417492,10.7489333166922,106.682229196723,2.0,0,0,-0.09639304316274322,0.0,0.0,1.0,0.0,0.0
2059,-0.4493648176687783,0.0,-0.4391709580720064,10.8833033560954,106.770221541349,0.0,1,0,-0.09639304316274322,0.0,0.0,0.0,1.0,0.0
2566,-1.6356139825265459,0.23076923076923078,-1.2015945422910468,10.8205580896455,106.685162099022,0.0,1,0,-0.3306552193971129,0.0,0.0,1.0,0.0,0.0
4198,0.5102943374875497,0.23076923076923078,-0.4391709580720064,10.77272778165,106.676487307531,2.0,0,0,0.11316161425994499,0.0,0.0,0.0,1.0,0.0
32,0.3707119834879608,0.23076923076923078,0.1302907279796492,10.7417524931347,106.715774202812,3.0,0,1,0.11316161425994499,0.0,0.0,0.0,1.0,0.0
664,-0.03042058936361902,0.07692307692307693,-0.13659775324274978,10.7532418122255,106.629108806071,0.0,1,1,-2.28145563852695,1.0,0.0,0.0,1.0,0.0
4950,0.6378280961214066,0.15384615384615385,0.963530485543728,10.771362,106.776474,0.0,1,0,-0.5962397703258719,0.0,0.0,0.0,0.0,1.0
3866,-0.6395223895560433,0.07692307692307693,0.963530485543728,10.879043,106.55251,0.0,1,0,-1.265459390571404,0.0,0.0,1.0,0.0,0.0
1444,-0.5550151062263636,0.07692307692307693,-2.3590912406621465,10.7477549424238,106.715791654817,2.0,0,0,-0.5962397703258719,0.0,0.0,0.0,0.0,1.0
2688,0.04445490123643577,0.23076923076923078,0.1302907279796492,10.6787527785887,106.753379761221,0.0,1,0,0.11316161425994499,0.0,0.0,0.0,0.0,1.0
2670,0.04445490123643577,0.15384615384615385,-0.4391709580720064,10.7911559792701,106.699124015888,2.0,0,0,0.4757863711357461,0.0,0.0,0.0,0.0,1.0
6143,-0.10929128578611225,0.15384615384615385,0.1302907279796492,10.7294171272509,106.632221599871,3.0,0,0,-0.9028346336956022,0.0,0.0,0.0,1.0,0.0
1705,1.7800297746506857,0.4615384615384616,0.1302907279796492,10.8459040445004,106.795975178462,3.0,0,1,2.2307964070632096,0.0,0.0,0.0,1.0,0.0
2678,0.1501051897940211,0.3076923076923077,0.1302907279796492,10.7883714816183,106.669809577957,0.0,1,0,0.4757863711357461,0.0,0.0,0.0,0.0,1.0
6250,1.0039496078129824,0.15384615384615385,0.1302907279796492,10.7732796005253,106.686832667738,3.0,0,1,0.4757863711357461,0.0,1.0,0.0,1.0,0.0
4004,-2.179285860273359,0.15384615384615385,-0.13659775324274978,10.7404229743635,106.735462426922,0.0,1,1,-1.265459390571404,0.0,0.0,0.0,1.0,0.0
3932,-0.5826509567402912,0.3076923076923077,-0.7884660886417492,10.7997329087674,106.641443999945,2.0,0,0,0.4757863711357461,0.0,0.0,0.0,0.0,1.0
2277,0.4281357043022882,0.15384615384615385,0.1302907279796492,10.8737003529816,106.631053665807,3.0,0,1,-0.09639304316274322,1.0,0.0,0.0,1.0,0.0
1401,-0.10929128578611225,0.23076923076923078,2.9327121238363367,10.7806874971532,106.636155975424,3.0,0,0,0.4757863711357461,0.0,0.0,0.0,1.0,0.0
3710,-0.37480406362233243,0.23076923076923078,-1.7072229052631471,10.8290574052755,106.772727685651,0.0,1,0,0.30272686033993124,0.0,0.0,0.0,0.0,1.0
2456,-1.375564037342406,0.15384615384615385,-0.13659775324274978,10.7629390465607,106.686994883596,0.0,1,1,0.11316161425994499,0.0,0.0,1.0,0.0,0.0
170,-0.9622048207552769,0.15384615384615385,-0.7884660886417492,10.7503114223177,106.719615645531,2.0,0,0,-0.3306552193971129,0.0,0.0,0.0,0.0,1.0
540,-1.4741655642529736,0.23076923076923078,0.1302907279796492,10.7553194873269,106.676973512356,3.0,0,1,-0.3306552193971129,0.0,0.0,0.0,0.0,1.0
5767,-0.2360953837240995,0.0,-1.7072229052631471,10.8540378354924,106.762838924584,0.0,1,0,-1.265459390571404,0.0,0.0,0.0,1.0,0.0
4712,-0.5012464551475065,0.15384615384615385,-0.13659775324274978,10.7968692476931,106.636002861412,0.0,1,1,-0.09639304316274322,0.0,0.0,1.0,0.0,0.0
2753,-0.9987122300435685,0.15384615384615385,-2.3590912406621465,10.8067061889747,106.678878700933,3.0,0,0,-0.5962397703258719,0.0,0.0,0.0,0.0,1.0
3034,0.04445490123643577,0.23076923076923078,-0.13659775324274978,10.807742997141,106.70303194695,0.0,1,1,-0.09639304316274322,0.0,0.0,0.0,0.0,1.0
674,-0.37480406362233243,0.3076923076923077,0.1302907279796492,10.8802255327052,106.6655351133,3.0,0,0,0.30272686033993124,0.0,0.0,0.0,0.0,1.0
5790,0.7093811696941079,0.23076923076923078,0.7821590633786486,21.02894860978742,105.85244722590336,0.0,1,0,0.11316161425994499,0.0,1.0,0.0,1.0,0.0
5312,-0.1926076911174569,0.23076923076923078,0.3690306097293516,10.838113125192,106.636585516509,0.0,1,0,-0.09639304316274322,0.0,0.0,0.0,0.0,1.0
1815,0.04445490123643577,0.23076923076923078,0.963530485543728,10.732416826009,106.734347762379,0.0,1,0,-0.09639304316274322,0.0,0.0,0.0,0.0,1.0
2859,-0.3271071868061051,0.15384615384615385,-1.2015945422910468,10.7772103783161,106.766259726137,2.0,0,0,-0.9028346336956022,0.0,0.0,1.0,0.0,0.0
2100,1.6379870230326077,0.38461538461538464,0.1302907279796492,10.7593623481701,106.687589212551,0.0,1,0,-0.5962397703258719,0.0,0.0,0.0,1.0,0.0
5167,-0.15036267557913827,0.07692307692307693,0.1302907279796492,10.7691642202055,106.700833399135,3.0,0,1,-1.265459390571404,0.0,0.0,0.0,1.0,0.0
5306,0.06259592582891907,0.15384615384615385,-0.4391709580720064,10.8494320136808,106.650922660828,2.0,0,1,-0.09639304316274322,0.0,0.0,0.0,1.0,0.0
2101,0.7324828108776685,0.5384615384615385,-0.13659775324274978,10.8029170288379,106.663597394846,0.0,1,1,0.4757863711357461,1.0,0.0,0.0,1.0,0.0
5678,1.3659422452631165,0.23076923076923078,0.1302907279796492,10.8294328860095,106.671145077815,3.0,0,1,1.769759295385021,0.0,1.0,0.0,1.0,0.0
3127,0.1330128034148692,0.23076923076923078,0.1302907279796492,10.6429797631213,106.729197464883,3.0,0,1,-0.3306552193971129,0.0,0.0,0.0,0.0,1.0
1548,0.3411414986789205,0.3076923076923077,-0.4391709580720064,10.8321778907289,106.638803087541,2.0,0,0,0.30272686033993124,0.0,0.0,0.0,0.0,1.0
3309,-1.2831292553680742,0.3076923076923077,0.1302907279796492,10.7909904128131,106.699365320716,3.0,0,1,-0.3306552193971129,1.0,0.0,0.0,1.0,0.0
2668,0.6740374558259857,0.07692307692307693,0.1302907279796492,21.0289486097874,105.852447225903,3.0,0,1,-0.3306552193971129,0.0,0.0,0.0,1.0,0.0
355,-1.113976416559445,0.15384615384615385,-1.2015945422910468,10.8156544780022,106.695455052577,3.0,0,0,-0.3306552193971129,0.0,0.0,0.0,0.0,1.0
3494,-0.28090108395535385,0.15384615384615385,-0.13659775324274978,10.7844151290383,106.642187749648,0.0,1,0,0.11316161425994499,0.0,0.0,0.0,1.0,0.0
3418,-1.4741655642529736,0.15384615384615385,-0.13659775324274978,10.7818498594335,106.674574844464,0.0,1,1,-1.265459390571404,0.0,0.0,0.0,0.0,1.0
3758,0.48341223409930084,0.38461538461538464,0.963530485543728,10.8434100795482,106.634331315166,3.0,0,0,1.2822279616686043,0.0,0.0,0.0,1.0,0.0
2535,1.373390497564838,0.23076923076923078,0.1302907279796492,10.8328855112459,106.73218654262,0.0,1,0,-0.09639304316274322,0.0,0.0,0.0,0.0,1.0
5574,-0.37480406362233243,0.23076923076923078,-1.2015945422910468,10.8412860734266,106.725424782835,3.0,0,0,-0.3306552193971129,0.0,0.0,0.0,0.0,1.0
4482,0.6976935597780909,0.0,2.0502110105697895,10.854708202138,106.768297640467,3.0,0,0,-1.709276224228461,0.0,0.0,0.0,0.0,1.0
2373,-1.4741655642529736,0.15384615384615385,-1.7072229052631471,10.7505391595491,106.735941469093,3.0,0,0,-0.3306552193971129,0.0,0.0,0.0,0.0,1.0
1051,-0.3038236354463698,0.38461538461538464,-0.4391709580720064,10.8058620739812,106.711679799592,0.0,1,0,1.5888228250383352,0.0,0.0,0.0,0.0,1.0
2321,-0.5278863642596802,0.07692307692307693,-0.4391709580720064,10.7581284368821,106.612728981138,2.0,0,1,-1.265459390571404,0.0,0.0,0.0,1.0,0.0
3940,-0.5278863642596802,0.0,0.1302907279796492,10.8184184886235,106.722414321982,3.0,0,0,-1.709276224228461,0.0,0.0,1.0,0.0,0.0
4013,2.134565091534545,0.23076923076923078,-0.13659775324274978,10.8108872472188,106.666426226917,0.0,1,1,0.782381234505476,0.0,0.0,0.0,0.0,0.0
1751,-0.9622048207552769,0.23076923076923078,-0.13659775324274978,10.7571571696365,106.703238029013,0.0,1,0,-0.3306552193971129,0.0,0.0,0.0,0.0,1.0
2759,-0.069330070593773,0.3076923076923077,-0.4391709580720064,10.7529650348671,106.67148414808,2.0,0,1,0.30272686033993124,0.0,0.0,0.0,1.0,0.0
1772,-0.011343228479551189,0.38461538461538464,0.1302907279796492,10.7601657089246,106.688367307124,3.0,0,1,0.11316161425994499,1.0,0.0,0.0,1.0,0.0
1196,-1.0745480811548156,0.23076923076923078,-1.7072229052631471,10.8483159715024,106.648018452302,0.0,1,0,-0.3306552193971129,0.0,0.0,0.0,0.0,1.0
1878,-1.0361439750637471,0.07692307692307693,-1.7072229052631471,10.7436637533669,106.684627811567,0.0,1,0,-1.265459390571404,0.0,0.0,0.0,0.0,1.0
2016,0.48341223409930084,0.3076923076923077,0.1302907279796492,10.8298466789126,106.578771585131,0.0,1,0,0.782381234505476,0.0,0.0,0.0,0.0,1.0
2005,0.3707119834879608,0.23076923076923078,2.0502110105697895,10.7921878248166,106.691304424336,3.0,0,0,-0.3306552193971129,0.0,0.0,0.0,1.0,0.0
5108,-0.6395223895560433,0.15384615384615385,-1.2015945422910468,10.8108521682104,106.713317929236,0.0,1,0,-0.3306552193971129,0.0,0.0,0.0,0.0,1.0
1482,-0.5278863642596802,0.23076923076923078,0.963530485543728,10.8232976307181,106.704498982494,3.0,0,0,-0.09639304316274322,0.0,0.0,0.0,1.0,0.0
328,0.6131862764484118,0.38461538461538464,1.287787426350749,10.6028078989156,106.858986373991,3.0,0,0,0.6349856886503463,0.0,0.0,1.0,0.0,0.0
648,-0.10929128578611225,0.15384615384615385,-0.13659775324274978,10.8695408689041,106.673778872379,3.0,0,0,0.11316161425994499,0.0,0.0,1.0,0.0,0.0
4801,-0.21419165043464608,0.23076923076923078,-0.13659775324274978,10.7610895113927,106.644314643131,0.0,1,0,0.11316161425994499,0.0,1.0,0.0,1.0,0.0
1123,1.373390497564838,0.07692307692307693,0.963530485543728,10.6750061298765,106.698472179435,0.0,1,0,-0.3306552193971129,0.0,0.0,0.0,1.0,0.0
3098,-0.6688000780565717,0.07692307692307693,-1.7072229052631471,10.7577766648086,106.614505816787,1.0,0,0,-1.265459390571404,0.0,0.0,1.0,0.0,0.0
4118,1.1141975565327964,0.15384615384615385,1.287787426350749,10.7449085498638,106.610445468526,3.0,0,0,0.11316161425994499,0.0,0.0,0.0,0.0,1.0
2755,-1.0361439750637471,0.07692307692307693,-0.7884660886417492,10.7836275864778,106.771511368323,0.0,1,0,-1.265459390571404,0.0,0.0,0.0,0.0,1.0
3169,-2.179285860273359,0.3076923076923077,0.1302907279796492,10.7423277511815,106.72491618009,3.0,0,1,-0.3306552193971129,0.0,0.0,0.0,1.0,0.0
5439,0.8639894412629446,0.15384615384615385,0.5849971026224333,10.7276662752456,106.71421776336,0.0,1,0,-0.3306552193971129,0.0,0.0,0.0,0.0,1.0
5273,0.7552290280664897,0.3076923076923077,-0.13659775324274978,10.806036161543,106.668389394586,0.0,1,1,1.1685438955241836,0.0,0.0,0.0,0.0,1.0
1259,0.4697856403578324,0.3076923076923077,0.1302907279796492,10.77383652357,106.682959026655,2.0,0,0,1.1685438955241836,0.0,0.0,0.0,1.0,0.0
4545,0.6131862764484118,0.23076923076923078,0.1302907279796492,10.7958551888778,106.631955834992,0.0,1,0,0.4757863711357461,0.0,0.0,0.0,0.0,1.0
3784,0.16700223033751904,0.07692307692307693,0.1302907279796492,10.7226454528441,106.612365737681,0.0,1,0,-0.09639304316274322,0.0,0.0,0.0,0.0,1.0
3011,-1.2831292553680742,0.07692307692307693,-0.4391709580720064,10.7924030856062,106.62246185726,2.0,0,1,-1.265459390571404,0.0,0.0,1.0,0.0,0.0
1519,0.04445490123643577,0.07692307692307693,-0.4391709580720064,10.7447846731698,106.715874823047,0.0,1,0,-0.9028346336956022,0.0,0.0,0.0,0.0,1.0
1378,-0.7602813127840508,0.23076923076923078,-1.7072229052631471,10.822602189521,106.632231250405,2.0,0,0,0.11316161425994499,0.0,0.0,0.0,0.0,1.0
4591,0.6255585240034263,0.15384615384615385,0.5849971026224333,10.8328174344636,106.684036234082,3.0,0,0,1.0479657854342355,0.0,0.0,0.0,0.0,1.0
1023,-0.069330070593773,0.3076923076923077,-0.13659775324274978,10.8298219827463,106.702496544222,0.0,1,1,0.30272686033993124,0.0,0.0,0.0,1.0,0.0
3167,-1.6936008246407677,0.07692307692307693,-1.7072229052631471,10.8111975950183,106.693422085156,1.0,0,0,-0.9028346336956022,0.0,0.0,0.0,1.0,0.0
3204,-1.2831292553680742,0.0,0.5849971026224333,10.7699006180099,106.647876283847,3.0,0,0,-1.265459390571404,0.0,0.0,0.0,1.0,0.0
6186,-0.6395223895560433,0.15384615384615385,-0.13659775324274978,10.7379382410689,106.66277739786,0.0,1,1,-0.09639304316274322,0.0,0.0,0.0,1.0,0.0
5218,1.9096141230099288,0.5384615384615385,0.1302907279796492,10.8082982081673,106.684094644723,3.0,0,1,1.5888228250383352,1.0,0.0,0.0,1.0,0.0
912,-0.6688000780565717,0.23076923076923078,-0.13659775324274978,10.797809176627,106.689199176688,0.0,1,1,-0.3306552193971129,0.0,0.0,0.0,1.0,0.0
4271,1.4173088244001117,0.3076923076923077,0.963530485543728,10.8577228458258,106.741088695733,3.0,0,0,3.0599688700026273,0.0,0.0,0.0,1.0,0.0
1675,-1.2389923970188421,0.07692307692307693,0.1302907279796492,10.7651302850905,106.616026987995,3.0,0,0,-1.265459390571404,0.0,0.0,0.0,1.0,0.0
1746,0.21656469094070732,0.23076923076923078,0.963530485543728,10.7079728597894,106.734817659228,0.0,1,0,0.11316161425994499,0.0,0.0,0.0,0.0,1.0
5071,0.1330128034148692,0.3076923076923077,-0.4391709580720064,10.7836606303915,106.647457102227,0.0,1,0,0.6349856886503463,0.0,0.0,0.0,0.0,1.0
1736,-0.5826509567402912,0.23076923076923078,-0.13659775324274978,10.8796236104576,106.660833990075,0.0,1,0,0.11316161425994499,0.0,0.0,0.0,1.0,0.0
1629,2.7086593380267114,0.07692307692307693,-0.13659775324274978,10.8057082323929,106.74973226419,0.0,1,1,1.0479657854342355,0.0,1.0,0.0,1.0,0.0
4147,0.7552290280664897,0.3076923076923077,0.963530485543728,10.7919833689608,106.643012460372,3.0,0,0,0.6349856886503463,0.0,0.0,0.0,0.0,1.0
430,-3.5756486949000945,0.15384615384615385,-1.7072229052631471,10.8193625533972,106.702385622116,3.0,0,0,-1.709276224228461,0.0,0.0,0.0,0.0,1.0
1808,-0.35076329075821017,0.23076923076923078,0.1302907279796492,10.7265759170098,106.733601385881,0.0,1,0,0.11316161425994499,0.0,0.0,1.0,0.0,0.0
3912,-0.3038236354463698,0.23076923076923078,3.566232722406522,10.7447704194112,106.683721441553,3.0,0,0,0.30272686033993124,0.0,0.0,0.0,0.0,1.0
2673,-0.7920776985802562,0.23076923076923078,-1.7072229052631471,10.6931711133021,106.740973178286,3.0,0,0,0.11316161425994499,0.0,0.0,0.0,0.0,1.0
6295,0.6378280961214066,0.4615384615384616,0.1302907279796492,10.7628424556361,106.670705159445,3.0,0,1,0.9196032047928032,0.0,1.0,0.0,1.0,0.0
3861,2.48125319188634,0.3076923076923077,0.1302907279796492,10.8151953613871,106.672991527392,3.0,0,1,1.2822279616686043,0.0,0.0,0.0,1.0,0.0
3832,-2.660414729110742,0.07692307692307693,-1.2015945422910468,10.8659609309227,106.614348714608,0.0,1,0,-1.265459390571404,0.0,0.0,0.0,1.0,0.0
2222,-0.03042058936361902,0.23076923076923078,2.445284124721849,10.7591580922517,106.687578296492,3.0,0,0,0.4757863711357461,0.0,0.0,0.0,1.0,0.0
3608,-0.4240911260771986,0.3076923076923077,-1.2015945422910468,10.7724115975861,106.601940620789,3.0,0,0,0.4757863711357461,0.0,0.0,0.0,0.0,1.0
3589,0.6859128205146215,0.0,-0.7884660886417492,10.8169205371987,106.7767829703,3.0,0,0,-1.265459390571404,0.0,0.0,0.0,1.0,0.0
5617,0.21656469094070732,0.07692307692307693,-0.4391709580720064,10.8211235961495,106.635652761437,3.0,0,0,0.30272686033993124,0.0,0.0,0.0,1.0,0.0
4041,-0.011343228479551189,0.07692307692307693,-0.4391709580720064,10.7984589835078,106.698135108209,2.0,0,1,0.11316161425994499,0.0,0.0,0.0,1.0,0.0
5524,-0.15036267557913827,0.15384615384615385,-0.13659775324274978,10.788526940925262,106.75172278424624,0.0,1,1,-0.09639304316274322,0.0,1.0,0.0,1.0,0.0
5590,0.4281357043022882,0.23076923076923078,-1.2015945422910468,10.7804865836723,106.768888575879,2.0,0,0,0.11316161425994499,0.0,0.0,0.0,0.0,1.0
3691,1.7224943063622868,0.15384615384615385,1.9396557617497485,10.7210162643813,106.731965156038,0.0,1,0,0.11316161425994499,0.0,0.0,0.0,0.0,1.0
1995,-0.9622048207552769,0.3076923076923077,-0.4391709580720064,10.8108406639983,106.70186243186,0.0,1,0,-0.09639304316274322,0.0,0.0,0.0,0.0,1.0
2671,-0.8245729617021663,0.23076923076923078,-1.2015945422910468,10.6929407150495,106.740414114661,3.0,0,0,0.11316161425994499,0.0,0.0,0.0,0.0,1.0
5866,0.310967493112446,0.15384615384615385,0.963530485543728,10.69125,106.7212,0.0,1,0,0.30272686033993124,0.0,0.0,0.0,1.0,0.0
2224,0.21656469094070732,0.07692307692307693,0.963530485543728,10.8119322810745,106.692572748081,3.0,0,0,-1.265459390571404,0.0,0.0,0.0,1.0,0.0
1106,-0.5826509567402912,0.07692307692307693,-0.4391709580720064,10.8653364289795,106.686387425047,2.0,0,1,-0.5962397703258719,1.0,0.0,0.0,0.0,1.0
6296,0.3707119834879608,0.3076923076923077,1.287787426350749,10.84488,106.7182,0.0,1,0,0.11316161425994499,0.0,0.0,0.0,0.0,1.0
818,-0.069330070593773,0.23076923076923078,0.963530485543728,10.7797851765505,106.770257808329,3.0,0,0,-0.3306552193971129,0.0,0.0,0.0,0.0,1.0
3288,-1.424042969164965,0.23076923076923078,-1.2015945422910468,10.7541677470525,106.682111917818,3.0,0,0,-0.5962397703258719,0.0,0.0,0.0,1.0,0.0
4288,0.4281357043022882,0.23076923076923078,-0.4391709580720064,10.7900101190743,106.693869559756,0.0,1,0,0.4757863711357461,0.0,0.0,0.0,1.0,0.0
4568,-0.37480406362233243,0.3076923076923077,-0.4391709580720064,10.7898877300169,106.621802843501,2.0,0,0,0.11316161425994499,0.0,0.0,1.0,0.0,0.0
1697,-0.9622048207552769,0.23076923076923078,0.1302907279796492,10.7890396740683,106.698909482339,3.0,0,1,1.1685438955241836,0.0,0.0,0.0,0.0,1.0
2843,-2.263793143603038,0.07692307692307693,0.1302907279796492,10.7920868125539,106.677572903962,3.0,0,1,-1.265459390571404,0.0,0.0,0.0,1.0,0.0
136,-1.6356139825265459,0.15384615384615385,-1.7072229052631471,10.7624423046765,106.643009748438,3.0,0,0,-0.3306552193971129,0.0,0.0,0.0,0.0,1.0
5381,0.7093811696941079,0.23076923076923078,0.1302907279796492,10.7942331409816,106.708721566707,3.0,0,1,0.11316161425994499,0.0,0.0,0.0,1.0,0.0
5043,-0.9987122300435685,0.07692307692307693,-1.2015945422910468,10.8056934452082,106.615718427086,3.0,0,0,-1.265459390571404,0.0,0.0,1.0,0.0,0.0
3256,-1.4741655642529736,0.07692307692307693,-1.2015945422910468,10.759124635316,106.687485793337,2.0,0,0,-1.265459390571404,0.0,0.0,0.0,1.0,0.0
5582,0.3707119834879608,0.07692307692307693,-0.13659775324274978,10.7984769605765,106.751656194587,0.0,1,1,-0.5962397703258719,0.0,1.0,0.0,1.0,0.0
1180,-0.069330070593773,0.07692307692307693,-0.13659775324274978,10.8288775579152,106.689227372923,2.0,0,0,-0.9028346336956022,0.0,0.0,0.0,0.0,1.0
3808,0.8639894412629446,0.23076923076923078,1.5713987371125986,10.71134,106.6936,3.0,0,0,0.30272686033993124,0.0,0.0,0.0,0.0,1.0
888,-0.5012464551475065,0.07692307692307693,-0.4391709580720064,10.8057857524285,106.682393591102,2.0,0,1,-0.5962397703258719,1.0,0.0,0.0,0.0,1.0
3018,0.7996977923448291,0.07692307692307693,0.1302907279796492,10.7843833512075,106.641949558919,3.0,0,1,-0.9028346336956022,0.0,0.0,0.0,1.0,0.0
2437,0.3411414986789205,0.23076923076923078,-0.7884660886417492,10.8287096336828,106.689005708297,2.0,0,0,0.11316161425994499,0.0,0.0,0.0,1.0,0.0
2860,-0.12968436710496703,0.07692307692307693,-0.4391709580720064,10.8258101437259,106.701455982526,2.0,0,0,-0.9028346336956022,0.0,0.0,1.0,0.0,0.0
3226,-0.069330070593773,0.15384615384615385,-0.13659775324274978,10.8292718698448,106.614349281084,0.0,1,1,0.11316161425994499,0.0,0.0,0.0,1.0,0.0
817,0.08051705379647196,0.23076923076923078,1.8234285872700184,10.7475945050343,106.715806710863,2.0,0,0,0.11316161425994499,0.0,0.0,0.0,0.0,1.0
1111,-0.6688000780565717,0.23076923076923078,-0.7884660886417492,10.7520556442012,106.662012944289,3.0,0,0,-0.09639304316274322,0.0,0.0,0.0,1.0,0.0
3785,1.1317986567300606,0.15384615384615385,0.963530485543728,10.801392916952349,106.79036268103611,0.0,1,0,0.782381234505476,0.0,0.0,0.0,1.0,0.0
2341,0.04445490123643577,0.23076923076923078,0.1302907279796492,10.8115839793572,106.70906295319,0.0,1,0,-0.09639304316274322,0.0,0.0,0.0,0.0,1.0
4639,-0.7602813127840508,0.23076923076923078,0.963530485543728,10.7984680843923,106.655486251653,3.0,0,0,0.30272686033993124,0.0,0.0,0.0,0.0,1.0
4127,0.1330128034148692,0.23076923076923078,2.0502110105697895,10.735764416880585,106.73986061489964,0.0,1,0,0.11316161425994499,0.0,0.0,0.0,0.0,1.0
1264,-0.5550151062263636,0.23076923076923078,-0.13659775324274978,10.772360022471,106.684432692155,0.0,1,1,-0.09639304316274322,0.0,0.0,0.0,1.0,0.0
990,-0.069330070593773,0.07692307692307693,-0.13659775324274978,10.7692105519491,106.674926097187,0.0,1,1,-0.9028346336956022,0.0,0.0,0.0,1.0,0.0
3592,-0.3271071868061051,0.3076923076923077,0.963530485543728,10.8816566089825,106.637669464305,0.0,1,0,0.11316161425994499,0.0,0.0,0.0,1.0,0.0
1739,1.2893201803843413,0.23076923076923078,3.566232722406522,10.776352426973,106.758594783098,0.0,1,0,0.30272686033993124,0.0,0.0,0.0,1.0,0.0
3372,-0.7602813127840508,0.23076923076923078,-0.13659775324274978,10.8359396342246,106.84727625793,0.0,1,1,0.11316161425994499,0.0,1.0,0.0,1.0,0.0
353,0.04445490123643577,0.23076923076923078,-0.13659775324274978,10.8113554327728,106.701957610647,0.0,1,1,0.11316161425994499,0.0,0.0,0.0,0.0,1.0
4794,-0.7920776985802562,0.15384615384615385,-0.13659775324274978,10.7492507270565,106.710161425684,0.0,1,1,-0.5962397703258719,0.0,0.0,0.0,1.0,0.0
4691,-0.6395223895560433,0.23076923076923078,-0.7884660886417492,10.7683497741895,106.647809601934,3.0,0,0,-0.09639304316274322,0.0,0.0,0.0,0.0,1.0
4855,0.21656469094070732,0.15384615384615385,-0.13659775324274978,10.809241,106.7806,0.0,1,1,0.11316161425994499,0.0,0.0,0.0,1.0,0.0
1489,-0.6688000780565717,0.07692307692307693,-2.3590912406621465,10.7582332283249,106.706613035098,1.0,0,0,-0.9028346336956022,0.0,0.0,0.0,0.0,1.0
4210,0.884813376425733,0.3076923076923077,0.1302907279796492,10.7992624810978,106.648081705713,3.0,0,1,1.9355994527483495,0.0,0.0,1.0,0.0,0.0
1228,-1.5798158528105595,0.15384615384615385,-2.3590912406621465,10.7582373205293,106.706312837783,3.0,0,0,-0.9028346336956022,0.0,0.0,0.0,0.0,1.0
5936,0.9155094607980837,0.23076923076923078,0.1302907279796492,10.7892475480384,106.698432871403,3.0,0,1,-0.3306552193971129,0.0,0.0,0.0,0.0,1.0
5190,2.2702223593692765,0.3076923076923077,-0.13659775324274978,10.7805465469669,106.70139992004,0.0,1,1,2.7683848679745173,0.0,0.0,0.0,1.0,0.0
5964,-0.5826509567402912,0.23076923076923078,-0.7884660886417492,10.8482341835395,106.647990949798,2.0,0,0,-0.3306552193971129,0.0,0.0,0.0,0.0,1.0
5894,1.7856620670050765,0.4615384615384616,2.0502110105697895,10.8297305069241,106.637857444564,3.0,0,0,-1.265459390571404,0.0,0.0,0.0,0.0,1.0
52,0.9155094607980837,0.4615384615384616,0.1302907279796492,10.8086870976286,106.699531850057,3.0,0,1,3.1046658001570098,0.0,0.0,0.0,0.0,1.0
3907,-0.37480406362233243,0.23076923076923078,-0.13659775324274978,10.8783912627115,106.65176380661,0.0,1,1,0.11316161425994499,0.0,0.0,0.0,0.0,1.0
4220,0.16700223033751904,0.15384615384615385,0.1302907279796492,10.7875953753101,106.677821713564,3.0,0,0,-0.3306552193971129,0.0,0.0,0.0,1.0,0.0
159,-0.7291543745677658,0.23076923076923078,0.1302907279796492,10.7854629749077,106.766582356714,3.0,0,1,-0.3306552193971129,0.0,0.0,0.0,1.0,0.0
3688,-0.3992422225807697,0.23076923076923078,0.1302907279796492,10.8480194081482,106.690105609596,3.0,0,1,1.0479657854342355,1.0,0.0,0.0,1.0,0.0
4050,-0.17133430316050988,0.15384615384615385,0.1302907279796492,10.841083095567154,106.6443214779069,3.0,0,1,0.4757863711357461,0.0,0.0,0.0,0.0,1.0
1589,3.675111860259584,0.0,0.1302907279796492,10.8741828143208,106.598771363497,3.0,0,0,-0.3306552193971129,0.0,0.0,0.0,1.0,0.0
1479,-1.8825992628308728,0.07692307692307693,-0.7884660886417492,10.75435717413,106.651870089897,0.0,1,0,-1.265459390571404,0.0,0.0,0.0,1.0,0.0
1469,0.2487067167045892,0.23076923076923078,0.1302907279796492,10.8079060482868,106.702922333341,2.0,0,0,-0.5962397703258719,0.0,0.0,0.0,0.0,1.0
3414,2.505633778953451,0.23076923076923078,-0.13659775324274978,10.835965105565789,106.84268119309388,0.0,1,1,0.9196032047928032,0.0,0.0,0.0,1.0,0.0
3100,-0.4750780736920162,0.15384615384615385,-1.7072229052631471,10.8293789013136,106.671230449446,2.0,0,0,-0.3306552193971129,0.0,0.0,0.0,0.0,1.0
5296,-0.6395223895560433,0.15384615384615385,-0.4391709580720064,10.7616377978794,106.689950320093,2.0,0,1,-0.3306552193971129,0.0,0.0,0.0,0.0,1.0
2078,-1.5798158528105595,0.07692307692307693,-0.4391709580720064,10.7929570022209,106.641249108311,2.0,0,0,-1.265459390571404,0.0,0.0,0.0,1.0,0.0
3826,-0.37480406362233243,0.23076923076923078,-0.13659775324274978,10.7889043194225,106.695839214783,0.0,1,1,-0.09639304316274322,0.0,1.0,0.0,1.0,0.0
6207,-0.5826509567402912,0.07692307692307693,-0.4391709580720064,10.7302848319065,106.738917004218,2.0,0,0,-0.09639304316274322,0.0,0.0,0.0,1.0,0.0
2905,-0.6395223895560433,0.23076923076923078,0.5849971026224333,10.8538227639104,106.651637897442,0.0,1,0,0.11316161425994499,0.0,0.0,0.0,0.0,1.0
436,0.5626351999909364,0.0,0.1302907279796492,10.8703149514718,106.729341375736,3.0,0,0,-2.28145563852695,0.0,0.0,0.0,1.0,0.0
3214,-0.7920776985802562,0.07692307692307693,-0.7884660886417492,10.7657138085234,106.644765430122,0.0,1,0,-1.265459390571404,0.0,0.0,1.0,0.0,0.0
4187,0.04445490123643577,0.23076923076923078,-0.4391709580720064,10.8377977556155,106.636445726068,2.0,0,0,-0.09639304316274322,0.0,0.0,0.0,0.0,1.0
1588,0.18370833978305584,0.15384615384615385,-0.4391709580720064,10.810849678258,106.701558657145,2.0,0,0,-0.3306552193971129,0.0,0.0,0.0,1.0,0.0
4630,0.9652944659873779,0.4615384615384616,0.1302907279796492,10.7792026016844,106.679315123273,3.0,0,1,1.2822279616686043,0.0,1.0,0.0,1.0,0.0
1590,0.3707119834879608,0.15384615384615385,0.1302907279796492,10.766653990181,106.59997649827,0.0,1,0,-0.09639304316274322,0.0,0.0,0.0,0.0,1.0
5490,-0.4750780736920162,0.23076923076923078,1.5713987371125986,10.8140912449418,106.62388012169,3.0,0,0,-0.09639304316274322,0.0,0.0,0.0,0.0,1.0
973,-1.8168784451644522,0.23076923076923078,0.1302907279796492,10.7916155569149,106.694246589725,3.0,0,1,-0.9028346336956022,0.0,0.0,0.0,0.0,1.0
1238,-0.6108132359423499,0.23076923076923078,-0.4391709580720064,10.8502566186693,106.695283480353,2.0,0,0,-0.09639304316274322,0.0,0.0,0.0,0.0,1.0
2342,1.2332195493977356,0.0,2.9327121238363367,10.787559248576,106.764501497576,0.0,1,0,-2.28145563852695,0.0,0.0,0.0,1.0,0.0
4608,0.385278357028152,0.4615384615384616,-0.13659775324274978,10.8054464296632,106.731410972538,0.0,1,1,0.11316161425994499,0.0,0.0,0.0,1.0,0.0
3458,-1.8168784451644522,0.3076923076923077,-0.4391709580720064,10.7591853837044,106.687804597978,3.0,0,0,-0.5962397703258719,0.0,0.0,0.0,0.0,1.0
3978,-0.37480406362233243,0.3076923076923077,-0.13659775324274978,10.7798737097747,106.772971586994,0.0,1,1,0.4757863711357461,0.0,0.0,0.0,1.0,0.0
5374,1.9504022257825453,0.5384615384615385,0.1302907279796492,10.7911001415258,106.637098912041,3.0,0,1,0.6349856886503463,0.0,0.0,0.0,1.0,0.0
2231,0.3261314717355513,0.07692307692307693,-0.13659775324274978,10.8472893782321,106.747067869632,0.0,1,1,-1.265459390571404,0.0,0.0,0.0,0.0,1.0
4172,1.0601009748869976,0.07692307692307693,2.0502110105697895,10.8119429321954,106.69211911902,3.0,0,0,-0.9028346336956022,0.0,0.0,1.0,0.0,0.0
1497,-0.5826509567402912,0.23076923076923078,-0.13659775324274978,10.7931536530769,106.676831615197,0.0,1,1,0.11316161425994499,1.0,0.0,0.0,1.0,0.0
449,-0.4240911260771986,0.23076923076923078,-1.7072229052631471,10.7261940876045,106.73338564985,1.0,0,0,0.11316161425994499,0.0,0.0,0.0,0.0,1.0
2369,-0.8917879431693261,0.07692307692307693,-1.2015945422910468,10.7899933418536,106.686513461941,2.0,0,0,-1.265459390571404,0.0,0.0,0.0,1.0,0.0
3732,-0.04974733457061966,0.15384615384615385,-0.13659775324274978,10.7955406168361,106.792527380043,0.0,1,1,-0.09639304316274322,0.0,0.0,1.0,0.0,0.0
2422,-0.6395223895560433,0.23076923076923078,-0.13659775324274978,10.7935641305551,106.82207012453,2.0,0,0,-0.09639304316274322,0.0,0.0,0.0,0.0,1.0
5653,-0.3271071868061051,0.15384615384615385,-0.7884660886417492,10.8079069131916,106.688574250872,0.0,1,0,-0.9028346336956022,0.0,0.0,0.0,1.0,0.0
3334,-0.5278863642596802,0.07692307692307693,-0.13659775324274978,10.8782966039673,106.678181227533,0.0,1,1,-0.9028346336956022,0.0,0.0,0.0,1.0,0.0
1551,-0.37480406362233243,0.23076923076923078,-0.7884660886417492,10.8193238179776,106.702486515769,2.0,0,0,-0.09639304316274322,0.0,0.0,0.0,0.0,1.0
5584,0.06259592582891907,0.15384615384615385,0.1302907279796492,10.7314859510382,106.632472406458,3.0,0,1,0.11316161425994499,0.0,0.0,0.0,1.0,0.0
1146,-0.6986692748486453,0.07692307692307693,-0.4391709580720064,10.7382041649123,106.722538102554,2.0,0,1,-0.3306552193971129,0.0,0.0,0.0,1.0,0.0
4119,-0.15036267557913827,0.07692307692307693,2.9327121238363367,10.7381479400275,106.63725088183,3.0,0,0,-0.9028346336956022,0.0,0.0,0.0,0.0,1.0
2092,0.16700223033751904,0.15384615384615385,0.1302907279796492,10.7875953753101,106.677821713564,3.0,0,0,-0.3306552193971129,0.0,0.0,0.0,1.0,0.0
1313,-1.154485113689163,0.15384615384615385,-0.4391709580720064,10.8161609078915,106.69514493613,3.0,0,0,-0.5962397703258719,0.0,0.0,0.0,0.0,1.0
2015,-0.2360953837240995,0.3076923076923077,0.963530485543728,10.7913823320993,106.694200519295,3.0,0,0,0.4757863711357461,0.0,0.0,0.0,1.0,0.0
3628,1.335768239696642,0.07692307692307693,0.963530485543728,10.7251395875202,106.664158210499,0.0,1,0,0.30272686033993124,0.0,0.0,0.0,1.0,0.0
3045,-0.8917879431693261,0.3076923076923077,-0.13659775324274978,10.7659633446694,106.64225951417,0.0,1,1,-0.09639304316274322,0.0,0.0,0.0,0.0,1.0
3350,-0.28090108395535385,0.3076923076923077,2.9327121238363367,10.7982786609842,106.688667315324,3.0,0,0,0.11316161425994499,0.0,0.0,1.0,0.0,0.0
1381,-0.12968436710496703,0.23076923076923078,-0.4391709580720064,10.8079021409583,106.678616050561,2.0,0,0,0.30272686033993124,0.0,0.0,0.0,0.0,1.0
3605,-0.12968436710496703,0.0,-0.13659775324274978,10.7143755872995,106.736711349713,0.0,1,1,-1.709276224228461,0.0,0.0,0.0,1.0,0.0
413,-0.17133430316050988,0.23076923076923078,-0.4391709580720064,10.7700626054842,106.688699699349,2.0,0,0,0.30272686033993124,0.0,0.0,0.0,0.0,1.0
941,-0.9265771942689038,0.23076923076923078,-0.4391709580720064,10.8061098825357,106.690706481312,0.0,1,0,-0.09639304316274322,0.0,0.0,0.0,0.0,1.0
801,0.9943801572205769,0.38461538461538464,0.1302907279796492,10.8215647127996,106.631356215137,3.0,0,0,2.2982242096241516,0.0,0.0,0.0,0.0,1.0
2750,-0.15036267557913827,0.15384615384615385,-0.4391709580720064,10.8364612252338,106.72619743735,2.0,0,1,-0.09639304316274322,1.0,0.0,0.0,1.0,0.0
2801,-0.6395223895560433,0.3076923076923077,-0.7884660886417492,10.8451570915588,106.678267040608,3.0,0,0,0.11316161425994499,0.0,0.0,0.0,0.0,1.0
3658,0.3707119834879608,0.23076923076923078,0.1302907279796492,10.7957467023475,106.791984722979,3.0,0,1,-0.09639304316274322,0.0,0.0,0.0,1.0,0.0
256,0.4281357043022882,0.15384615384615385,2.9327121238363367,10.78996249585,106.693902641182,0.0,1,0,-0.5962397703258719,0.0,0.0,1.0,0.0,0.0
6181,-0.03042058936361902,0.15384615384615385,-0.13659775324274978,10.7315444965521,106.731641711556,0.0,1,1,-0.3306552193971129,0.0,0.0,0.0,1.0,0.0
2235,-0.2360953837240995,0.23076923076923078,-1.2015945422910468,10.8634475159516,106.639009829262,3.0,0,0,-0.3306552193971129,0.0,0.0,0.0,0.0,1.0
647,-0.2360953837240995,0.23076923076923078,-0.4391709580720064,10.8460896314653,106.723814286143,2.0,0,1,-0.09639304316274322,0.0,0.0,0.0,0.0,1.0
1767,0.06259592582891907,0.3076923076923077,-0.4391709580720064,10.7690488114077,106.700590894922,3.0,0,0,0.9196032047928032,1.0,0.0,0.0,1.0,0.0
4309,-0.3038236354463698,0.3076923076923077,0.1302907279796492,10.7696190761009,106.613411595643,0.0,1,0,0.30272686033993124,0.0,0.0,0.0,0.0,1.0
2789,0.04445490123643577,0.15384615384615385,0.1302907279796492,10.6986918356106,106.642020027349,3.0,0,1,-0.5962397703258719,0.0,0.0,0.0,0.0,1.0
3323,0.23272304800393967,0.3076923076923077,0.1302907279796492,10.7613038842314,106.660408992314,3.0,0,1,-0.09639304316274322,1.0,0.0,0.0,1.0,0.0
3914,-0.069330070593773,0.15384615384615385,0.1302907279796492,10.6928494726684,106.740967719247,2.0,0,0,0.11316161425994499,0.0,0.0,0.0,0.0,1.0
24,1.9250418277454682,0.3076923076923077,0.963530485543728,10.7722259701923,106.672391987965,0.0,1,0,0.6349856886503463,0.0,0.0,0.0,1.0,0.0
1088,-0.9622048207552769,0.23076923076923078,-1.2015945422910468,10.7825296279607,106.608779271217,2.0,0,0,-0.5962397703258719,0.0,0.0,0.0,0.0,1.0
3163,0.1330128034148692,0.07692307692307693,-0.7884660886417492,10.8180485841567,106.693071122087,2.0,0,0,-0.09639304316274322,0.0,0.0,0.0,0.0,1.0
2694,0.06259592582891907,0.23076923076923078,0.1302907279796492,10.6916966403593,106.736623378915,0.0,1,0,0.11316161425994499,0.0,0.0,0.0,0.0,1.0
2943,-0.5012464551475065,0.3076923076923077,-0.7884660886417492,10.7910953190993,106.608536350213,2.0,0,0,0.11316161425994499,0.0,0.0,0.0,0.0,1.0
112,0.5102943374875497,0.15384615384615385,-0.13659775324274978,10.7047146909984,106.734885859117,0.0,1,1,0.11316161425994499,0.0,0.0,0.0,0.0,1.0
2311,-0.5278863642596802,0.07692307692307693,-0.13659775324274978,10.7585585423307,106.612849394181,0.0,1,1,-1.265459390571404,0.0,0.0,0.0,1.0,0.0
3090,-0.8577985162466776,0.15384615384615385,-0.4391709580720064,10.7636867969499,106.652670636562,2.0,0,1,-0.09639304316274322,0.0,0.0,0.0,1.0,0.0
56,0.3997026173414371,0.0,0.5849971026224333,10.8001374132342,106.63061742492,0.0,1,0,-1.709276224228461,0.0,0.0,1.0,0.0,0.0
1309,0.23272304800393967,0.23076923076923078,0.1302907279796492,10.8135692739215,106.6897750333,3.0,0,0,0.11316161425994499,0.0,0.0,1.0,0.0,0.0
695,0.21656469094070732,0.23076923076923078,0.963530485543728,10.7338230191083,106.697152947806,0.0,1,0,0.11316161425994499,0.0,0.0,0.0,0.0,1.0
4576,2.7676881342653377,0.7692307692307694,0.1302907279796492,10.7587056575668,106.680013897454,3.0,0,1,-0.09639304316274322,0.0,1.0,0.0,1.0,0.0
1227,0.5881267789832482,0.15384615384615385,-0.7884660886417492,10.748221887933,106.716540120542,0.0,1,0,0.30272686033993124,0.0,0.0,0.0,0.0,1.0
1999,-0.35076329075821017,0.23076923076923078,-0.4391709580720064,10.766123776978,106.68345986571,3.0,0,0,0.4757863711357461,0.0,0.0,0.0,1.0,0.0
276,-0.5012464551475065,0.23076923076923078,0.1302907279796492,10.7498183131518,106.644134961588,3.0,0,1,-0.3306552193971129,0.0,0.0,0.0,1.0,0.0
4490,3.4687122372979435,0.0,0.1302907279796492,10.8059442472834,106.711389761559,3.0,0,1,3.5037857036596853,0.0,1.0,0.0,0.0,1.0
4867,-0.6395223895560433,0.15384615384615385,-1.7072229052631471,10.7447742879497,106.67580959132,3.0,0,0,-0.3306552193971129,0.0,0.0,1.0,0.0,0.0
1833,0.4697856403578324,0.15384615384615385,0.963530485543728,10.8482712615791,106.667552560721,3.0,0,0,0.4757863711357461,0.0,0.0,0.0,0.0,1.0
682,-0.8917879431693261,0.3076923076923077,0.1302907279796492,10.8047674852971,106.680204893384,3.0,0,1,0.11316161425994499,1.0,0.0,0.0,1.0,0.0
3491,1.593850164683375,0.23076923076923078,0.1302907279796492,10.7447440450088,106.610774066647,3.0,0,1,0.11316161425994499,0.0,0.0,0.0,0.0,1.0
5517,0.06259592582891907,0.15384615384615385,-0.13659775324274978,10.8866054777511,106.767932515472,0.0,1,1,-0.9028346336956022,0.0,0.0,0.0,1.0,0.0
3193,1.0601009748869976,0.15384615384615385,-0.13659775324274978,10.7539346530695,106.611004691242,0.0,1,1,0.6349856886503463,0.0,0.0,0.0,1.0,0.0
1137,-0.5278863642596802,0.23076923076923078,-0.13659775324274978,10.8786148362323,106.66892086639,0.0,1,1,0.11316161425994499,1.0,0.0,0.0,1.0,0.0
2767,0.9652944659873779,0.3076923076923077,0.5849971026224333,10.8542833914549,106.657326722107,3.0,0,0,3.6768452144554993,0.0,0.0,0.0,0.0,1.0
4205,1.0783539839487635,0.23076923076923078,-0.13659775324274978,10.796756526263,106.665483982435,0.0,1,1,1.0479657854342355,0.0,1.0,0.0,1.0,0.0
3949,-0.6395223895560433,0.15384615384615385,-0.4391709580720064,10.7455018305876,106.730782428933,3.0,0,0,0.11316161425994499,0.0,0.0,0.0,1.0,0.0
3353,-1.113976416559445,0.15384615384615385,0.1302907279796492,10.7746173910582,106.682501433313,3.0,0,1,-0.9028346336956022,0.0,0.0,0.0,1.0,0.0
3795,-0.03042058936361902,0.3076923076923077,-0.4391709580720064,10.7900015324192,106.686323440386,3.0,0,0,0.11316161425994499,0.0,0.0,0.0,1.0,0.0
5725,2.6057945263000564,0.0,2.0502110105697895,10.7599926719877,106.673152516105,3.0,0,0,-2.28145563852695,0.0,0.0,1.0,0.0,0.0
1346,0.3707119834879608,0.15384615384615385,0.963530485543728,10.717925555997,106.623163856357,3.0,0,0,-0.09639304316274322,0.0,0.0,0.0,1.0,0.0
2855,-0.6108132359423499,0.07692307692307693,-0.7884660886417492,10.852342057041,106.784976408516,3.0,0,0,-0.3306552193971129,0.0,0.0,1.0,0.0,0.0
3286,-1.7539551211519617,0.15384615384615385,-1.7072229052631471,10.7529870360364,106.672033042193,0.0,1,0,-0.5962397703258719,0.0,0.0,0.0,1.0,0.0
2784,0.49691438232451574,0.3076923076923077,0.1302907279796492,10.7569086924667,106.586170731805,3.0,0,1,1.8544073759670945,0.0,0.0,0.0,1.0,0.0
3125,-0.37480406362233243,0.15384615384615385,-0.13659775324274978,10.8480516351379,106.64228028593,0.0,1,1,-0.09639304316274322,0.0,0.0,0.0,0.0,1.0
2384,0.21656469094070732,0.15384615384615385,-0.4391709580720064,10.8096414032424,106.670822935189,2.0,0,0,0.6349856886503463,0.0,0.0,0.0,1.0,0.0
115,2.1565994033142566,0.7692307692307694,2.0502110105697895,10.7877582974191,106.686056081704,0.0,1,0,5.104578089515836,0.0,0.0,0.0,1.0,0.0
4381,0.04445490123643577,0.07692307692307693,-0.13659775324274978,10.8945642556987,106.628034016116,0.0,1,1,-0.5962397703258719,0.0,0.0,1.0,0.0,0.0
6267,0.29564637201642957,0.15384615384615385,0.1302907279796492,10.6846221205136,106.750155154798,2.0,0,0,0.11316161425994499,0.0,0.0,0.0,0.0,1.0
3613,-0.9622048207552769,0.23076923076923078,0.1302907279796492,10.7890538036947,106.698929208258,3.0,0,1,-0.9028346336956022,0.0,0.0,1.0,0.0,0.0
2917,0.08051705379647196,0.23076923076923078,-0.4391709580720064,10.8482564600589,106.642355065085,2.0,0,0,0.11316161425994499,0.0,0.0,0.0,1.0,0.0
5612,-0.04974733457061966,0.15384615384615385,1.434027398777648,10.8102198245764,106.790796009378,0.0,1,0,-0.3306552193971129,0.0,0.0,0.0,1.0,0.0
2819,-0.15036267557913827,0.23076923076923078,0.1302907279796492,10.7975657858347,106.67942115494,3.0,0,1,0.6349856886503463,0.0,0.0,0.0,0.0,1.0
2874,-1.2389923970188421,0.23076923076923078,-1.7072229052631471,10.8010482136427,106.688068538779,3.0,0,0,-0.3306552193971129,1.0,0.0,0.0,0.0,1.0
5130,-0.28090108395535385,0.38461538461538464,2.0502110105697895,10.7344674416865,106.62046784035,3.0,0,0,0.30272686033993124,0.0,1.0,1.0,0.0,0.0
5239,1.265537228595943,0.6153846153846154,0.1302907279796492,10.7690999252111,106.678643756549,3.0,0,1,1.2822279616686043,0.0,0.0,0.0,1.0,0.0
5843,0.8639894412629446,0.23076923076923078,0.1302907279796492,10.7809047038391,106.675971888078,3.0,0,1,0.6349856886503463,0.0,1.0,0.0,1.0,0.0
81,0.06259592582891907,0.3076923076923077,0.1302907279796492,10.8032172035616,106.684644397179,3.0,0,0,0.11316161425994499,0.0,0.0,1.0,0.0,0.0
1972,-1.113976416559445,0.3076923076923077,0.1302907279796492,10.7939224182527,106.669118462488,3.0,0,1,-0.5962397703258719,0.0,0.0,1.0,0.0,0.0
1714,-0.4750780736920162,0.38461538461538464,0.5849971026224333,10.7611604334838,106.699745400862,0.0,1,0,-0.09639304316274322,0.0,0.0,0.0,0.0,1.0
3970,-0.6108132359423499,0.07692307692307693,-0.13659775324274978,10.7315367121125,106.745007026292,0.0,1,1,-0.5962397703258719,0.0,0.0,0.0,1.0,0.0
4730,-0.35076329075821017,0.15384615384615385,-0.13659775324274978,10.7055295204486,106.740579826678,0.0,1,1,0.11316161425994499,0.0,0.0,0.0,0.0,1.0
3114,-0.37480406362233243,0.07692307692307693,0.1302907279796492,10.7914284771677,106.685498488925,0.0,1,0,-0.9028346336956022,0.0,0.0,0.0,1.0,0.0
4299,0.09822355231529148,0.23076923076923078,2.0502110105697895,10.7794280091691,106.638441953642,3.0,0,0,0.11316161425994499,0.0,0.0,0.0,1.0,0.0
1946,-0.6986692748486453,0.15384615384615385,-1.2015945422910468,10.7797417351622,106.646936819159,3.0,0,0,-0.09639304316274322,0.0,0.0,0.0,0.0,1.0
3684,0.29564637201642957,0.23076923076923078,0.1302907279796492,10.8041362085332,106.617776065086,3.0,0,1,0.30272686033993124,0.0,0.0,1.0,0.0,0.0
3295,0.04445490123643577,0.23076923076923078,0.1302907279796492,10.8360014626884,106.848046240343,3.0,0,1,0.11316161425994499,0.0,1.0,0.0,1.0,0.0
4409,-1.154485113689163,0.23076923076923078,0.1302907279796492,10.755577998662,106.707538117376,3.0,0,1,0.11316161425994499,0.0,0.0,0.0,1.0,0.0
1610,0.23272304800393967,0.0,-0.4391709580720064,10.8153275731914,106.774868191595,0.0,1,0,-1.265459390571404,0.0,0.0,1.0,0.0,0.0
5797,1.0601009748869976,0.15384615384615385,-0.13659775324274978,21.02894860978742,105.85244722590336,0.0,1,1,1.0479657854342355,0.0,0.0,0.0,1.0,0.0
3220,0.3707119834879608,0.23076923076923078,0.5849971026224333,10.7038670736913,106.631059661778,3.0,0,0,0.11316161425994499,0.0,0.0,1.0,0.0,0.0
4240,-0.9622048207552769,0.07692307692307693,-1.7072229052631471,10.7401407019243,106.735628238759,1.0,0,0,-0.5962397703258719,0.0,0.0,0.0,0.0,1.0
6155,-0.37480406362233243,0.23076923076923078,-1.7072229052631471,10.7404357118301,106.735900792417,1.0,0,0,0.11316161425994499,0.0,0.0,0.0,1.0,0.0
5634,-0.2360953837240995,0.23076923076923078,-1.2015945422910468,10.8453708985956,106.642691219967,2.0,0,0,-0.09639304316274322,0.0,0.0,0.0,1.0,0.0
5824,0.21656469094070732,0.15384615384615385,0.963530485543728,10.726220382740312,106.69390357170496,0.0,1,0,0.30272686033993124,0.0,0.0,0.0,0.0,1.0
665,0.8639894412629446,0.23076923076923078,1.287787426350749,10.6987056044484,106.685858612469,3.0,0,0,0.6349856886503463,0.0,0.0,0.0,1.0,0.0
2194,-1.2831292553680742,0.23076923076923078,-0.7884660886417492,10.7934533799678,106.624735189489,3.0,0,0,-0.3306552193971129,0.0,0.0,1.0,0.0,0.0
5888,1.3881753703228958,0.38461538461538464,-0.13659775324274978,10.8029746144983,106.716101033604,0.0,1,1,1.0479657854342355,0.0,0.0,0.0,1.0,0.0
5354,-0.5012464551475065,0.23076923076923078,0.3690306097293516,10.8457956306734,106.718264976582,0.0,1,0,-0.09639304316274322,0.0,0.0,1.0,0.0,0.0
1017,-0.8245729617021663,0.23076923076923078,0.1302907279796492,10.7751423367778,106.65250422433,3.0,0,0,-0.09639304316274322,0.0,0.0,0.0,0.0,1.0
557,1.3881753703228958,0.3076923076923077,0.1302907279796492,10.824462960523,106.766485732163,3.0,0,1,1.5888228250383352,0.0,0.0,0.0,1.0,0.0
4141,1.4387882572260413,0.23076923076923078,1.8234285872700184,10.7784145569929,106.747046456092,3.0,0,0,0.6349856886503463,0.0,1.0,0.0,0.0,1.0
5718,-1.2389923970188421,0.15384615384615385,4.060780705754394,10.8069433971328,106.695108229485,2.0,0,0,-0.09639304316274322,0.0,0.0,1.0,0.0,0.0
1207,0.4139875106418454,0.07692307692307693,-0.7884660886417492,10.8045823286786,106.661375183208,2.0,0,0,0.4757863711357461,0.0,0.0,1.0,0.0,0.0
3196,-0.37480406362233243,0.0,0.1302907279796492,10.8052985488614,106.66208146899,3.0,0,1,-2.28145563852695,0.0,0.0,0.0,0.0,1.0
6076,3.074858554789062,0.0,0.1302907279796492,10.7389844599036,106.709650047302,3.0,0,1,0.6349856886503463,0.0,0.0,0.0,1.0,0.0
1510,0.3560006685276249,0.23076923076923078,-0.4391709580720064,10.7928914767681,106.619123838252,2.0,0,1,0.30272686033993124,0.0,0.0,0.0,0.0,1.0
3621,-0.5278863642596802,0.15384615384615385,-0.13659775324274978,10.8015803503429,106.822062313458,0.0,1,0,-0.09639304316274322,1.0,0.0,0.0,1.0,0.0
4088,1.1405212481365465,0.15384615384615385,-0.13659775324274978,10.8073961014443,106.787181388759,0.0,1,1,-0.09639304316274322,0.0,0.0,0.0,0.0,1.0
4283,2.4092937365352536,0.07692307692307693,-0.13659775324274978,10.7641250229818,106.632288462514,0.0,1,1,2.820048284014553,0.0,1.0,0.0,1.0,0.0
5623,0.1330128034148692,0.15384615384615385,-0.4391709580720064,10.882552277156,106.772978873113,0.0,1,0,0.11316161425994499,0.0,0.0,0.0,0.0,1.0
266,-0.28090108395535385,0.23076923076923078,1.434027398777648,10.7962609299495,106.690530195564,3.0,0,0,0.782381234505476,0.0,0.0,0.0,0.0,1.0
6044,-0.28090108395535385,0.15384615384615385,-0.13659775324274978,10.7922933916761,106.689077623483,0.0,1,1,0.11316161425994499,0.0,0.0,0.0,1.0,0.0
3715,0.5235542914366881,0.15384615384615385,0.1302907279796492,10.72437652662115,106.6686330905044,3.0,0,1,0.4757863711357461,0.0,1.0,0.0,1.0,0.0
2111,0.21656469094070732,0.23076923076923078,0.1302907279796492,10.8197414075094,106.702748559991,3.0,0,0,0.30272686033993124,0.0,0.0,0.0,0.0,1.0
3773,3.6061840146082145,0.6153846153846154,0.1302907279796492,10.7895335911572,106.778854608774,3.0,0,1,1.3897638631431688,0.0,1.0,0.0,1.0,0.0
1909,-0.8917879431693261,0.15384615384615385,-0.13659775324274978,10.7643711661197,106.651409009117,0.0,1,1,-0.3306552193971129,0.0,0.0,0.0,0.0,1.0
3455,-2.353425128614761,0.07692307692307693,-1.2015945422910468,10.8326375126606,106.661007279471,3.0,0,0,-1.265459390571404,0.0,0.0,1.0,0.0,0.0
5368,1.1918029769217138,0.0,-1.2015945422910468,10.6846573804845,106.572993270918,0.0,1,0,-1.265459390571404,0.0,0.0,0.0,0.0,1.0
656,-0.12968436710496703,0.07692307692307693,-0.4391709580720064,10.7837393683568,106.777743192644,3.0,0,0,-0.9028346336956022,0.0,0.0,1.0,0.0,0.0
5266,-0.10929128578611225,0.07692307692307693,-0.13659775324274978,10.7398202895953,106.678056934103,0.0,1,1,-0.5962397703258719,0.0,0.0,0.0,1.0,0.0
4443,-0.5550151062263636,0.3076923076923077,-1.2015945422910468,10.8095542493968,106.689471945826,3.0,0,0,0.782381234505476,0.0,0.0,1.0,0.0,0.0
3960,-0.3992422225807697,0.07692307692307693,0.1302907279796492,10.800321840295,106.690337739739,3.0,0,1,-0.5962397703258719,0.0,0.0,0.0,0.0,1.0
998,-0.35076329075821017,0.07692307692307693,0.1302907279796492,10.7883888748536,106.677599007461,3.0,0,1,-0.3306552193971129,0.0,0.0,0.0,1.0,0.0
3573,-1.113976416559445,0.15384615384615385,-0.13659775324274978,10.8200439986361,106.704022845421,0.0,1,1,-0.5962397703258719,0.0,0.0,0.0,1.0,0.0
2834,-0.37480406362233243,0.07692307692307693,-0.13659775324274978,10.794005764064,106.705537633568,0.0,1,1,-0.3306552193971129,0.0,0.0,0.0,0.0,1.0
2809,0.18370833978305584,0.3076923076923077,0.5849971026224333,10.792039509007,106.689129687227,3.0,0,0,0.4757863711357461,0.0,0.0,0.0,1.0,0.0
1784,-0.37480406362233243,0.23076923076923078,0.1302907279796492,10.790138049973,106.692504128794,3.0,0,1,-0.09639304316274322,0.0,0.0,0.0,1.0,0.0
1237,0.5102943374875497,0.07692307692307693,-0.13659775324274978,10.8402596395482,106.837573796511,0.0,1,1,-1.709276224228461,0.0,0.0,1.0,0.0,0.0
5242,1.459960098086208,0.38461538461538464,-0.13659775324274978,10.7884003593871,106.683673774247,0.0,1,1,2.9195154941516295,0.0,0.0,0.0,1.0,0.0
5394,0.29564637201642957,0.38461538461538464,2.0502110105697895,10.801814589096567,106.7769621185092,0.0,1,0,0.30272686033993124,0.0,1.0,0.0,1.0,0.0
5047,-0.8577985162466776,0.07692307692307693,-0.13659775324274978,10.7918148110128,106.67118386444,0.0,1,1,-1.709276224228461,0.0,0.0,0.0,1.0,0.0
5424,-0.28090108395535385,0.07692307692307693,-1.2015945422910468,10.7289768378416,106.656684872472,2.0,0,0,-0.9028346336956022,0.0,1.0,0.0,0.0,1.0
6216,-0.6108132359423499,0.0,1.434027398777648,10.84372960870643,106.84594004338132,0.0,1,0,-2.28145563852695,0.0,1.0,1.0,0.0,0.0
2186,-0.8577985162466776,0.15384615384615385,-2.3590912406621465,10.747093381339,106.659869015912,0.0,1,0,-0.5962397703258719,0.0,0.0,1.0,0.0,0.0
5458,-0.4750780736920162,0.23076923076923078,0.963530485543728,10.8456358621869,106.796258906739,3.0,0,0,0.782381234505476,0.0,0.0,0.0,0.0,1.0
908,-0.12968436710496703,0.23076923076923078,-0.7884660886417492,10.7989227992042,106.693639570775,3.0,0,0,-0.09639304316274322,0.0,0.0,1.0,0.0,0.0
5918,2.434879850196544,0.15384615384615385,-0.4391709580720064,10.8093193516806,106.684895863751,3.0,0,0,0.9196032047928032,0.0,0.0,0.0,1.0,0.0
1303,0.06259592582891907,0.07692307692307693,-0.7884660886417492,10.7990018602259,106.634502964675,3.0,0,0,-1.265459390571404,0.0,0.0,1.0,0.0,0.0
5878,1.6565067844550418,0.15384615384615385,-0.13659775324274978,10.8174379081475,106.588339415401,3.0,0,0,-0.3306552193971129,0.0,0.0,0.0,1.0,0.0
1627,-0.9987122300435685,0.15384615384615385,0.963530485543728,10.804301125837,106.647792253643,3.0,0,0,-0.9028346336956022,0.0,0.0,0.0,0.0,1.0
1522,-0.8577985162466776,0.23076923076923078,-0.4391709580720064,10.7839041965372,106.64768807593,2.0,0,0,0.30272686033993124,0.0,0.0,0.0,0.0,1.0
835,-0.5550151062263636,0.15384615384615385,0.1302907279796492,10.7688279573313,106.675339197537,3.0,0,1,-0.09639304316274322,0.0,0.0,0.0,1.0,0.0
358,-0.10929128578611225,0.15384615384615385,-0.7884660886417492,10.7990495739804,106.694027203598,3.0,0,0,0.11316161425994499,0.0,0.0,0.0,0.0,1.0
138,2.1869059540379316,0.15384615384615385,0.1302907279796492,10.7827763959363,106.687135382735,3.0,0,1,0.11316161425994499,0.0,0.0,0.0,0.0,1.0
299,2.1869059540379316,0.15384615384615385,-0.13659775324274978,10.783029226215,106.686796228061,0.0,1,1,0.11316161425994499,0.0,0.0,0.0,1.0,0.0
1556,1.373390497564838,0.23076923076923078,0.963530485543728,10.8325746683208,106.732305831871,0.0,1,0,0.30272686033993124,0.0,0.0,0.0,0.0,1.0
1003,1.7856620670050765,0.0,-0.7884660886417492,10.7612063463144,106.690205346901,0.0,1,0,-0.5962397703258719,0.0,0.0,1.0,0.0,0.0
382,-0.3038236354463698,0.0,-1.2015945422910468,10.8490419546447,106.692964684192,0.0,1,0,-1.709276224228461,0.0,0.0,1.0,0.0,0.0
3116,-0.5826509567402912,0.15384615384615385,-0.4391709580720064,10.7994664574946,106.641176712678,0.0,1,0,-0.3306552193971129,1.0,0.0,0.0,0.0,1.0
761,-0.04974733457061966,0.15384615384615385,1.434027398777648,10.877337452842,106.673042461923,3.0,0,0,-0.3306552193971129,0.0,0.0,1.0,0.0,0.0
4001,0.08051705379647196,0.23076923076923078,0.1302907279796492,10.7838496114682,106.765070628893,3.0,0,1,0.11316161425994499,0.0,0.0,0.0,1.0,0.0
5091,-0.15036267557913827,0.38461538461538464,-0.7884660886417492,10.8227936607879,106.704451603384,3.0,0,0,1.2822279616686043,0.0,0.0,0.0,0.0,1.0
6079,1.149192680354979,0.15384615384615385,-0.13659775324274978,10.8439298128714,106.762040365917,0.0,1,1,0.11316161425994499,0.0,0.0,0.0,1.0,0.0
5090,0.8534664434236847,0.3076923076923077,0.1302907279796492,10.84488,106.7182,3.0,0,1,1.769759295385021,0.0,1.0,0.0,0.0,1.0
4811,1.265537228595943,0.38461538461538464,0.963530485543728,10.8568514657799,106.80135185829,3.0,0,0,1.2822279616686043,0.0,0.0,0.0,1.0,0.0
1402,0.1330128034148692,0.15384615384615385,-0.4391709580720064,10.8874457900052,106.770324610887,2.0,0,0,-0.5962397703258719,0.0,0.0,0.0,1.0,0.0
3235,-2.448843715749161,0.15384615384615385,-1.7072229052631471,10.7707873981856,106.672813278933,3.0,0,0,-1.265459390571404,0.0,0.0,0.0,0.0,1.0
5403,0.4281357043022882,0.23076923076923078,0.1302907279796492,10.7245811999016,106.726596516365,3.0,0,1,0.9196032047928032,0.0,0.0,0.0,1.0,0.0
2721,-0.03042058936361902,0.23076923076923078,-0.4391709580720064,10.8392913561712,106.796725262131,0.0,1,0,0.11316161425994499,0.0,0.0,0.0,1.0,0.0
1932,0.29564637201642957,0.07692307692307693,0.5849971026224333,10.8199702260738,106.703773397615,3.0,0,0,-1.265459390571404,0.0,0.0,0.0,1.0,0.0
4601,0.21656469094070732,0.23076923076923078,0.1302907279796492,10.8756625387441,106.685356370704,0.0,1,0,0.11316161425994499,0.0,0.0,1.0,0.0,0.0
5214,-0.28090108395535385,0.23076923076923078,-0.4391709580720064,10.7489551983675,106.710033406598,2.0,0,0,0.30272686033993124,0.0,0.0,0.0,0.0,1.0
5012,-0.28090108395535385,0.3076923076923077,-0.13659775324274978,10.8263050075554,106.635800202103,0.0,1,0,0.11316161425994499,0.0,0.0,0.0,1.0,0.0
5417,-1.375564037342406,0.15384615384615385,2.445284124721849,10.7639691905444,106.632779594258,0.0,1,0,-1.265459390571404,0.0,0.0,0.0,0.0,1.0
3151,1.0322918486676274,0.0,-0.4391709580720064,10.8924947365976,106.612653783457,2.0,0,1,-1.709276224228461,0.0,0.0,0.0,1.0,0.0
4650,-0.9265771942689038,0.15384615384615385,-0.7884660886417492,10.7610759744758,106.661020820188,3.0,0,0,-0.3306552193971129,0.0,0.0,0.0,1.0,0.0
2685,-0.7291543745677658,0.23076923076923078,-1.7072229052631471,10.7266390242156,106.733727325174,0.0,1,0,-0.09639304316274322,0.0,0.0,1.0,0.0,0.0
3074,-0.5550151062263636,0.15384615384615385,-0.4391709580720064,10.8455729658423,106.718327285866,2.0,0,1,-0.3306552193971129,0.0,0.0,0.0,0.0,1.0
58,-0.17133430316050988,0.23076923076923078,-2.3590912406621465,10.7873400435659,106.575899265355,3.0,0,0,-0.09639304316274322,0.0,0.0,0.0,1.0,0.0
76,-0.17133430316050988,0.23076923076923078,2.0502110105697895,10.7697282410956,106.688294106531,3.0,0,0,0.4757863711357461,0.0,0.0,0.0,1.0,0.0
796,1.2971635672408903,0.07692307692307693,0.1302907279796492,10.8079060467587,106.688448791328,3.0,0,1,0.11316161425994499,0.0,0.0,0.0,1.0,0.0
2416,1.6441860885294195,0.6923076923076923,2.9327121238363367,10.7842631425165,106.641961247476,0.0,1,0,0.11316161425994499,0.0,0.0,0.0,1.0,0.0
3326,0.7324828108776685,0.3076923076923077,1.287787426350749,10.8305753710283,106.705723779432,0.0,1,0,0.30272686033993124,0.0,0.0,0.0,0.0,1.0
4597,-0.28090108395535385,0.3076923076923077,0.1302907279796492,10.8754931548077,106.685496094606,3.0,0,0,0.30272686033993124,0.0,0.0,0.0,0.0,1.0
785,-0.3992422225807697,0.07692307692307693,-1.7072229052631471,10.692053460301,106.736480948767,0.0,1,0,-0.3306552193971129,1.0,0.0,0.0,0.0,0.0
5441,-0.03042058936361902,0.23076923076923078,0.1302907279796492,10.7548054916977,106.617750396403,3.0,0,1,0.11316161425994499,0.0,0.0,0.0,1.0,0.0
6135,-0.37480406362233243,0.23076923076923078,-0.7884660886417492,10.8021403024924,106.641548289589,0.0,1,0,0.11316161425994499,0.0,0.0,0.0,1.0,0.0
5561,-0.6108132359423499,0.15384615384615385,0.1302907279796492,10.8776468926616,106.677816471144,0.0,1,0,0.11316161425994499,0.0,0.0,1.0,0.0,0.0
2217,-0.5278863642596802,0.3076923076923077,0.1302907279796492,10.8774845511157,106.672899223462,3.0,0,0,0.11316161425994499,0.0,0.0,0.0,0.0,0.0
3106,0.6255585240034263,0.23076923076923078,3.566232722406522,10.8009382255178,106.656188056741,3.0,0,0,0.9196032047928032,0.0,0.0,0.0,1.0,0.0
4168,0.7093811696941079,0.07692307692307693,1.287787426350749,10.843111066935,106.733355376374,0.0,1,0,0.6349856886503463,0.0,0.0,1.0,0.0,0.0
4513,-0.7920776985802562,0.23076923076923078,-1.7072229052631471,10.6931711133021,106.740973178286,3.0,0,0,0.11316161425994499,0.0,0.0,0.0,0.0,1.0
3063,-0.5826509567402912,0.23076923076923078,0.1302907279796492,10.8013799777979,106.800700500145,0.0,1,0,-0.5962397703258719,0.0,0.0,0.0,0.0,1.0
3718,-0.04974733457061966,0.15384615384615385,0.963530485543728,10.785036005499263,106.7901994998357,3.0,0,0,-0.3306552193971129,0.0,0.0,1.0,0.0,0.0
4863,0.385278357028152,0.3076923076923077,-0.13659775324274978,10.7981774535958,106.686281729149,0.0,1,0,0.11316161425994499,0.0,0.0,0.0,0.0,1.0
910,-0.21419165043464608,0.38461538461538464,-0.13659775324274978,10.7934894537693,106.678810328569,0.0,1,1,1.9355994527483495,0.0,0.0,1.0,0.0,0.0
2172,-0.8917879431693261,0.07692307692307693,-0.4391709580720064,10.8299213339836,106.671579124937,2.0,0,1,-0.5962397703258719,0.0,0.0,0.0,0.0,1.0
3903,-0.4240911260771986,0.23076923076923078,-1.7072229052631471,10.7313192454088,106.745015382473,1.0,0,0,0.11316161425994499,0.0,0.0,0.0,0.0,1.0
2309,0.02608851654062688,0.3076923076923077,1.287787426350749,10.72962484018756,106.73554892762074,3.0,0,0,0.11316161425994499,0.0,0.0,0.0,1.0,0.0
5896,-0.17133430316050988,0.3076923076923077,-0.13659775324274978,10.8120853622268,106.688377144182,0.0,1,1,0.11316161425994499,0.0,0.0,0.0,0.0,1.0
1257,2.9902129993101116,0.5384615384615385,2.0502110105697895,10.7850333841231,106.6404645657,3.0,0,0,5.055466219286847,0.0,0.0,0.0,1.0,0.0
2495,-2.0993488277390115,0.3076923076923077,0.1302907279796492,10.7399381232469,106.725387905941,3.0,0,0,-0.3306552193971129,0.0,0.0,0.0,1.0,0.0
4739,-0.5012464551475065,0.23076923076923078,-0.13659775324274978,10.829090124222596,106.67090333998205,0.0,1,1,0.11316161425994499,0.0,0.0,0.0,0.0,1.0
5505,1.6002366754996136,0.07692307692307693,0.963530485543728,10.8494944547116,106.678248737007,0.0,1,0,0.11316161425994499,0.0,0.0,0.0,1.0,0.0
1178,-0.5012464551475065,0.23076923076923078,-0.4391709580720064,10.8078651097693,106.702905567072,2.0,0,1,-0.09639304316274322,0.0,0.0,0.0,0.0,1.0
4732,-1.0361439750637471,0.07692307692307693,-0.13659775324274978,10.7875853199583,106.698349069064,0.0,1,1,-1.265459390571404,0.0,0.0,0.0,0.0,1.0
5146,-0.2360953837240995,0.15384615384615385,0.1302907279796492,10.7650580519486,106.695114679103,3.0,0,1,-0.09639304316274322,0.0,0.0,0.0,1.0,0.0
442,-0.37480406362233243,0.07692307692307693,1.434027398777648,10.8029104307102,106.70050016015,3.0,0,0,-0.09639304316274322,0.0,0.0,0.0,0.0,1.0
1399,0.2487067167045892,0.23076923076923078,-0.13659775324274978,10.7884718024745,106.669692126659,0.0,1,1,0.11316161425994499,0.0,0.0,0.0,0.0,1.0
4619,-0.37480406362233243,0.07692307692307693,-0.13659775324274978,10.879043,106.55251,0.0,1,1,-0.09639304316274322,0.0,1.0,1.0,0.0,0.0
3381,-0.8245729617021663,0.38461538461538464,0.1302907279796492,10.7658258865313,106.645159884189,3.0,0,0,0.6349856886503463,0.0,0.0,0.0,1.0,0.0
4086,-0.37480406362233243,0.23076923076923078,-0.13659775324274978,21.0289486097874,105.852447225903,0.0,1,1,-0.09639304316274322,0.0,1.0,0.0,1.0,0.0
6004,2.1256585889674184,0.07692307692307693,3.8269721276221884,10.8024549173438,106.641742920529,3.0,0,0,0.9196032047928032,0.0,0.0,0.0,1.0,0.0
1054,1.7283496603720232,0.15384615384615385,-0.13659775324274978,21.0289486097874,105.852447225903,0.0,1,1,0.11316161425994499,0.0,0.0,0.0,1.0,0.0
5682,0.04445490123643577,0.0,2.0502110105697895,10.6511416043479,106.73005141987,3.0,0,0,-2.28145563852695,0.0,0.0,1.0,0.0,0.0
4819,-0.6395223895560433,0.07692307692307693,1.287787426350749,10.747700418118,106.704564698089,2.0,0,0,-0.9028346336956022,0.0,0.0,0.0,1.0,0.0
3388,0.04445490123643577,0.23076923076923078,-0.7884660886417492,10.7267558823816,106.733591000379,0.0,1,0,0.4757863711357461,0.0,0.0,0.0,0.0,1.0
1415,-0.4493648176687783,0.15384615384615385,-1.2015945422910468,10.8712238267797,106.628763496033,0.0,1,0,-0.3306552193971129,0.0,0.0,0.0,1.0,0.0
2372,-0.4240911260771986,0.15384615384615385,-0.4391709580720064,10.724754789067,106.62170978263,3.0,0,0,-0.09639304316274322,0.0,0.0,0.0,1.0,0.0
4628,-0.7602813127840508,0.07692307692307693,0.1302907279796492,10.8027377241045,106.695609025918,3.0,0,1,-0.9028346336956022,0.0,0.0,0.0,0.0,1.0
3313,0.3261314717355513,0.07692307692307693,-0.4391709580720064,10.8405234807343,106.751205325127,2.0,0,1,-0.9028346336956022,0.0,0.0,0.0,1.0,0.0
4467,-0.04974733457061966,0.3076923076923077,0.1302907279796492,10.7864570979646,106.690643064605,3.0,0,1,-0.3306552193971129,0.0,1.0,0.0,1.0,0.0
3105,-0.28090108395535385,0.3076923076923077,-0.7884660886417492,10.8196302862649,106.674956596717,2.0,0,0,0.30272686033993124,0.0,0.0,0.0,0.0,1.0
6031,0.04445490123643577,0.23076923076923078,0.1302907279796492,10.8797779842153,106.665574435278,2.0,0,0,0.30272686033993124,0.0,0.0,0.0,0.0,1.0
5075,0.7093811696941079,0.23076923076923078,1.5713987371125986,10.7016294495465,106.741220968855,3.0,0,0,0.11316161425994499,0.0,0.0,0.0,0.0,1.0
1502,-0.9622048207552769,0.23076923076923078,0.1302907279796492,10.7890995565951,106.698913564303,3.0,0,1,-0.9028346336956022,1.0,0.0,0.0,1.0,0.0
5766,1.0601009748869976,0.3076923076923077,-0.13659775324274978,10.8070014677516,106.788710470545,0.0,1,1,1.0479657854342355,0.0,1.0,0.0,1.0,0.0
4166,-0.04974733457061966,0.3076923076923077,0.1302907279796492,10.7308530002121,106.73248681139,0.0,1,0,0.30272686033993124,0.0,0.0,0.0,0.0,1.0
2011,-0.04974733457061966,0.15384615384615385,0.1302907279796492,10.7906085414252,106.623438099314,2.0,0,0,-0.3306552193971129,0.0,0.0,0.0,1.0,0.0
4765,0.21656469094070732,0.0,2.9327121238363367,10.8619542070599,106.61147243271,3.0,0,0,-2.28145563852695,0.0,0.0,0.0,0.0,1.0
4818,-0.6395223895560433,0.07692307692307693,-0.13659775324274978,10.7932848387471,106.687324772504,0.0,1,1,-0.09639304316274322,0.0,0.0,0.0,0.0,1.0
3185,-1.375564037342406,0.07692307692307693,0.963530485543728,10.7459564848326,106.708052215045,3.0,0,0,-1.265459390571404,0.0,0.0,0.0,1.0,0.0
5076,0.21656469094070732,0.23076923076923078,-0.4391709580720064,10.8267781452408,106.721137929613,2.0,0,1,0.30272686033993124,1.0,0.0,0.0,1.0,0.0
4750,-5.310623955811925,0.07692307692307693,-0.7884660886417492,10.840774987141,106.741299559395,3.0,0,0,-0.5962397703258719,0.0,0.0,0.0,1.0,0.0
6165,-1.424042969164965,0.23076923076923078,-1.4403344240407487,10.7445990029644,106.696936721817,3.0,0,0,-0.3306552193971129,0.0,0.0,0.0,0.0,1.0
6,-1.0361439750637471,0.3076923076923077,-1.2015945422910468,10.7875639139339,106.671253109639,0.0,1,0,1.4917826190912926,0.0,0.0,0.0,0.0,1.0
2980,-0.1926076911174569,0.23076923076923078,0.1302907279796492,10.7863398702724,106.646157162844,3.0,0,0,-0.09639304316274322,0.0,0.0,1.0,0.0,0.0
2487,0.1501051897940211,0.23076923076923078,0.1302907279796492,10.7602059635293,106.669912117894,3.0,0,1,0.782381234505476,0.0,0.0,0.0,1.0,0.0
678,-0.35076329075821017,0.07692307692307693,0.1302907279796492,10.7262516703306,106.733568547539,3.0,0,1,-0.9028346336956022,0.0,0.0,0.0,1.0,0.0
1943,-0.8577985162466776,0.07692307692307693,-1.2015945422910468,10.8401210997324,106.741220873898,3.0,0,0,-0.09639304316274322,0.0,0.0,0.0,1.0,0.0
4540,-1.0745480811548156,0.23076923076923078,-0.13659775324274978,10.7760208179009,106.663290444782,0.0,1,1,0.11316161425994499,0.0,1.0,0.0,0.0,1.0
5796,-0.10929128578611225,0.15384615384615385,0.1302907279796492,10.7578759603242,106.657331829097,3.0,0,1,0.11316161425994499,0.0,0.0,0.0,1.0,0.0
5874,-0.28090108395535385,0.23076923076923078,0.1302907279796492,10.806061245291,106.6682886233,3.0,0,1,0.11316161425994499,0.0,1.0,0.0,1.0,0.0
4991,1.3881753703228958,0.15384615384615385,-0.13659775324274978,10.7672777175903,106.778686523438,0.0,1,1,1.0479657854342355,0.0,0.0,0.0,0.0,1.0
4128,0.11572050155235063,0.3076923076923077,1.287787426350749,10.7449276584689,106.610301566288,0.0,1,0,0.782381234505476,0.0,0.0,0.0,0.0,1.0
2607,0.2487067167045892,0.6153846153846154,0.1302907279796492,10.7762946174789,106.700956199693,3.0,0,1,0.4757863711357461,0.0,0.0,0.0,0.0,1.0
3948,0.5754359289154177,0.23076923076923078,-0.13659775324274978,10.84488,106.7182,0.0,1,1,0.6349856886503463,0.0,0.0,0.0,1.0,0.0
5792,-0.7920776985802562,0.15384615384615385,0.1302907279796492,10.7570734382697,106.703840975339,3.0,0,0,-0.3306552193971129,0.0,0.0,0.0,0.0,1.0
1064,-0.4493648176687783,0.15384615384615385,0.1302907279796492,10.8014870118234,106.800793542689,0.0,1,0,-0.5962397703258719,0.0,0.0,0.0,0.0,1.0
2894,-0.10929128578611225,0.15384615384615385,-0.13659775324274978,10.7458804052489,106.64508190333,0.0,1,1,0.11316161425994499,0.0,0.0,0.0,1.0,0.0
6272,1.3881753703228958,0.15384615384615385,0.1302907279796492,10.739021364217,106.709810242584,3.0,0,1,-0.09639304316274322,0.0,0.0,1.0,0.0,0.0
2242,-0.5550151062263636,0.07692307692307693,0.5849971026224333,10.8652489483524,106.684227291442,0.0,1,0,-0.9028346336956022,0.0,0.0,0.0,0.0,1.0
1474,-0.7602813127840508,0.23076923076923078,-0.4391709580720064,10.8010417191414,106.656472737563,3.0,0,0,0.11316161425994499,0.0,0.0,1.0,0.0,0.0
5158,-0.37480406362233243,0.4615384615384616,0.1302907279796492,10.7672866835504,106.700061181449,3.0,0,1,-0.09639304316274322,0.0,0.0,0.0,1.0,0.0
1889,0.6620659332917171,0.23076923076923078,-0.13659775324274978,10.7578292038537,106.706445288116,0.0,1,1,2.2307964070632096,0.0,0.0,0.0,0.0,1.0
3830,0.8639894412629446,0.23076923076923078,2.5341556375641257,10.8449171664143,106.718240081853,0.0,1,0,0.6349856886503463,0.0,0.0,0.0,1.0,0.0
2021,0.7438996626288421,0.23076923076923078,2.5341556375641257,21.0289486097874,105.852447225903,3.0,0,0,0.6349856886503463,0.0,0.0,0.0,1.0,0.0
4949,-0.7920776985802562,0.0,-0.13659775324274978,10.7206355183424,106.655892514171,0.0,1,1,-1.709276224228461,0.0,1.0,0.0,0.0,1.0
4479,0.21656469094070732,0.23076923076923078,0.1302907279796492,10.8588749366556,106.777894988391,0.0,1,0,0.11316161425994499,0.0,0.0,0.0,0.0,1.0
2658,0.9554706759904229,0.15384615384615385,-0.13659775324274978,10.7602873947292,106.67013477122,0.0,1,1,1.1685438955241836,0.0,0.0,0.0,1.0,0.0
2467,0.5626351999909364,0.07692307692307693,2.9327121238363367,10.8072205704188,106.678237532205,0.0,1,0,-0.09639304316274322,0.0,0.0,0.0,0.0,1.0
4762,0.5497226728921797,0.5384615384615385,0.1302907279796492,10.8072622233077,106.678464026369,3.0,0,1,0.6349856886503463,1.0,0.0,0.0,1.0,0.0
1130,0.29564637201642957,0.23076923076923078,-0.13659775324274978,10.8098351306027,106.671388761492,3.0,0,0,1.9355994527483495,0.0,0.0,0.0,0.0,1.0
1461,-2.353425128614761,0.07692307692307693,-1.7072229052631471,10.7647430030796,106.619200322172,1.0,0,0,-1.265459390571404,0.0,0.0,0.0,0.0,1.0
3504,-0.6986692748486453,0.0,-0.7884660886417492,10.8143307689252,106.623526297081,3.0,0,0,-1.265459390571404,0.0,0.0,0.0,1.0,0.0
5702,-0.5826509567402912,0.3076923076923077,0.1302907279796492,10.7396070241325,106.617161261605,0.0,1,0,0.30272686033993124,0.0,0.0,0.0,0.0,1.0
3674,-0.37480406362233243,0.15384615384615385,-1.7072229052631471,10.7265018804854,106.733968339772,3.0,0,0,-0.3306552193971129,0.0,0.0,0.0,0.0,1.0
3620,2.8438132868069173,0.23076923076923078,0.1302907279796492,10.7948398558032,106.657652735785,3.0,0,1,2.3634408616661546,0.0,0.0,0.0,1.0,0.0
2968,0.007491102083431382,0.07692307692307693,-1.2015945422910468,10.8094597722238,106.693154839469,3.0,0,0,-0.9028346336956022,0.0,0.0,1.0,0.0,0.0
222,-0.6395223895560433,0.23076923076923078,0.963530485543728,10.8570856958381,106.699208391614,0.0,1,0,0.9196032047928032,1.0,0.0,0.0,0.0,1.0
5838,2.220797981510299,0.23076923076923078,-0.13659775324274978,10.7767154770732,106.687584185948,0.0,1,1,2.0886695522014636,0.0,1.0,0.0,1.0,0.0
48,2.810462813589272,0.3076923076923077,0.1302907279796492,10.8708231728285,106.68882127147,3.0,0,1,0.6349856886503463,0.0,0.0,0.0,1.0,0.0
573,-2.0993488277390115,0.23076923076923078,-2.3590912406621465,10.784579730731,106.668293625306,0.0,1,0,-0.9028346336956022,0.0,0.0,0.0,0.0,1.0
1236,-0.5278863642596802,0.07692307692307693,0.1302907279796492,10.7728773287423,106.65518620237,3.0,0,0,-1.265459390571404,0.0,0.0,0.0,0.0,1.0
4783,-1.6936008246407677,0.07692307692307693,0.1302907279796492,10.7933324402385,106.619883803842,3.0,0,1,-1.709276224228461,0.0,0.0,0.0,1.0,0.0
6104,-0.35076329075821017,0.0,0.1302907279796492,10.8121929702149,106.700522541527,3.0,0,0,-2.28145563852695,0.0,0.0,1.0,0.0,0.0
5656,-0.08917566997524837,0.15384615384615385,-0.13659775324274978,10.8675474802148,106.735110486405,0.0,1,1,-0.3306552193971129,0.0,0.0,0.0,0.0,1.0
2282,0.5497226728921797,0.07692307692307693,-0.4391709580720064,10.8061972940294,106.69072097647,2.0,0,0,-0.09639304316274322,1.0,0.0,0.0,1.0,0.0
4256,0.04445490123643577,0.0,0.1302907279796492,10.8459018729703,106.664538541827,3.0,0,1,0.11316161425994499,0.0,0.0,0.0,1.0,0.0
267,0.2487067167045892,0.23076923076923078,0.7821590633786486,10.7146089269621,106.734114628433,3.0,0,0,0.4757863711357461,0.0,0.0,0.0,0.0,0.0
1104,0.3560006685276249,0.15384615384615385,0.1302907279796492,10.8037250923206,106.745677924178,3.0,0,0,0.11316161425994499,0.0,0.0,0.0,1.0,0.0
2305,-0.04974733457061966,0.07692307692307693,-0.13659775324274978,10.7076532166745,106.735006504165,0.0,1,1,-0.9028346336956022,0.0,0.0,0.0,1.0,0.0
5543,-0.37480406362233243,0.3076923076923077,-0.13659775324274978,10.7762120363718,106.612186640629,0.0,1,1,0.30272686033993124,0.0,0.0,0.0,0.0,1.0
1935,-1.1961350497447065,0.07692307692307693,-1.7072229052631471,10.769022162929,106.646919991508,1.0,0,0,-0.9028346336956022,0.0,0.0,1.0,0.0,0.0
386,-0.37480406362233243,0.07692307692307693,2.0502110105697895,10.829940602006,106.671291637918,3.0,0,0,-0.5962397703258719,0.0,0.0,0.0,0.0,1.0
1701,-0.5550151062263636,0.23076923076923078,-0.4391709580720064,10.8121666534358,106.700529364792,2.0,0,1,-0.09639304316274322,0.0,0.0,0.0,1.0,0.0
1628,1.0229046745611603,0.23076923076923078,-0.13659775324274978,10.8123878451955,106.668783032353,2.0,0,0,0.782381234505476,0.0,0.0,1.0,0.0,0.0
3555,0.2487067167045892,0.07692307692307693,-1.7072229052631471,10.7534858351677,106.713392941114,3.0,0,0,-1.265459390571404,0.0,0.0,0.0,1.0,0.0
2714,0.4281357043022882,0.15384615384615385,0.1302907279796492,10.866139836655,106.614506532916,3.0,0,1,-0.09639304316274322,1.0,0.0,0.0,1.0,0.0
5923,-0.25832850878387886,0.23076923076923078,0.1302907279796492,10.835413711381523,106.66425548493862,2.0,0,0,0.4757863711357461,0.0,1.0,0.0,1.0,0.0
5506,0.6378280961214066,0.15384615384615385,1.287787426350749,10.8029081945733,106.776789784562,0.0,1,0,0.9196032047928032,0.0,1.0,0.0,1.0,0.0
1563,1.3808014151118195,0.4615384615384616,-0.13659775324274978,10.7953260596445,106.690479133397,0.0,1,1,2.0886695522014636,0.0,0.0,0.0,1.0,0.0
2760,-0.10929128578611225,0.23076923076923078,-1.2015945422910468,10.7590863719543,106.687419006152,2.0,0,0,0.30272686033993124,0.0,0.0,0.0,0.0,1.0
3968,-0.7602813127840508,0.23076923076923078,-0.4391709580720064,10.7879833771044,106.678243361849,2.0,0,1,0.11316161425994499,0.0,0.0,0.0,1.0,0.0
209,0.02608851654062688,0.15384615384615385,-0.13659775324274978,10.7951222305704,106.677118176575,0.0,1,1,-0.3306552193971129,0.0,0.0,0.0,1.0,0.0
909,-0.6395223895560433,0.23076923076923078,-0.7884660886417492,10.7993430054523,106.686968160718,3.0,0,0,-0.09639304316274322,0.0,0.0,1.0,0.0,0.0
1289,-0.5278863642596802,0.15384615384615385,0.1302907279796492,10.850059047538,106.695133919682,2.0,0,0,-0.3306552193971129,0.0,0.0,0.0,0.0,1.0
4747,-0.35076329075821017,0.3076923076923077,-0.4391709580720064,10.7741552994805,106.677701382177,3.0,0,0,1.1685438955241836,0.0,0.0,0.0,1.0,0.0
1866,-0.069330070593773,0.23076923076923078,0.963530485543728,10.8118516208175,106.708962660079,3.0,0,0,0.11316161425994499,0.0,0.0,0.0,0.0,1.0
1842,0.29564637201642957,0.15384615384615385,-0.13659775324274978,10.7876277836352,106.686342497606,3.0,0,0,0.11316161425994499,0.0,0.0,0.0,1.0,0.0
2497,-1.0745480811548156,0.23076923076923078,0.5849971026224333,10.7545482568104,106.637307045409,3.0,0,0,-0.09639304316274322,0.0,0.0,0.0,1.0,0.0
5153,-1.2389923970188421,0.07692307692307693,-0.4391709580720064,10.7688986730781,106.638050083947,2.0,0,1,-1.265459390571404,0.0,0.0,0.0,1.0,0.0
4034,0.6378280961214066,0.07692307692307693,2.9327121238363367,10.869658312224,106.763431235861,0.0,1,0,-0.5962397703258719,0.0,0.0,0.0,0.0,1.0
958,-0.37480406362233243,0.23076923076923078,-0.7884660886417492,10.7516014274156,106.701722631529,0.0,1,0,0.30272686033993124,0.0,0.0,0.0,1.0,0.0
1793,1.473908078467857,0.0,0.5849971026224333,10.8190745877806,106.603477163389,0.0,1,0,-1.265459390571404,0.0,0.0,0.0,1.0,0.0
2088,0.28016481741637705,0.0,-0.13659775324274978,10.8201083612193,106.704439427562,0.0,1,0,-1.265459390571404,0.0,0.0,1.0,0.0,0.0
2702,-1.5798158528105595,0.15384615384615385,-1.7072229052631471,10.810961109389,106.684619322416,3.0,0,0,-0.09639304316274322,0.0,0.0,0.0,0.0,1.0
331,-2.0993488277390115,0.15384615384615385,-0.4391709580720064,10.7844350165409,106.668995301333,2.0,0,1,-0.9028346336956022,1.0,0.0,0.0,0.0,1.0
5118,0.8639894412629446,0.15384615384615385,-0.13659775324274978,10.7040071487427,106.71265411377,0.0,1,1,-0.09639304316274322,0.0,0.0,0.0,0.0,1.0
4554,-0.1926076911174569,0.15384615384615385,0.1302907279796492,10.8042276978865,106.819896195084,0.0,1,0,-0.3306552193971129,0.0,0.0,0.0,0.0,1.0
3332,-0.4493648176687783,0.38461538461538464,0.1302907279796492,10.7639550829101,106.690803694119,3.0,0,1,0.30272686033993124,1.0,0.0,0.0,1.0,0.0
2459,-0.4750780736920162,0.23076923076923078,-2.3590912406621465,10.7646130819987,106.652753696944,3.0,0,0,0.11316161425994499,0.0,0.0,0.0,0.0,1.0
1774,-1.4741655642529736,0.07692307692307693,-0.7884660886417492,10.8939324079833,106.603888785686,3.0,0,0,-1.265459390571404,0.0,0.0,0.0,0.0,1.0
4417,-1.1961350497447065,0.23076923076923078,-0.4391709580720064,10.8389825357571,106.648719929254,0.0,1,0,-0.3306552193971129,0.0,0.0,0.0,0.0,1.0
3731,0.21656469094070732,0.23076923076923078,1.5713987371125986,10.7025028618746,106.728438269243,3.0,0,0,0.11316161425994499,0.0,0.0,0.0,0.0,1.0
4105,-0.15036267557913827,0.15384615384615385,-0.4391709580720064,10.7033247905795,106.703751905369,3.0,0,0,0.4757863711357461,0.0,0.0,1.0,0.0,0.0
4876,-0.5012464551475065,0.23076923076923078,-0.4391709580720064,10.8632853384209,106.639431562803,2.0,0,1,0.11316161425994499,0.0,0.0,0.0,0.0,1.0
5111,0.04445490123643577,0.0,-0.7884660886417492,10.8257432919112,106.640109745884,2.0,0,0,-1.265459390571404,0.0,0.0,0.0,1.0,0.0
5689,1.3955127300721568,0.07692307692307693,0.1302907279796492,10.8406446790791,106.647282442842,3.0,0,0,-0.9028346336956022,0.0,0.0,0.0,1.0,0.0
4301,-0.15036267557913827,0.07692307692307693,-0.4391709580720064,10.7284491246902,106.612391511263,2.0,0,0,-0.5962397703258719,0.0,0.0,0.0,0.0,1.0
2897,-0.2360953837240995,0.07692307692307693,0.1302907279796492,10.7711670417712,106.691055834037,3.0,0,1,-1.265459390571404,0.0,0.0,1.0,0.0,0.0
3133,-0.12968436710496703,0.3076923076923077,0.1302907279796492,10.8831082957452,106.629725163575,3.0,0,0,0.30272686033993124,0.0,0.0,1.0,0.0,0.0
1710,-0.069330070593773,0.23076923076923078,0.5849971026224333,10.8116634164719,106.708795474055,1.0,0,0,-0.09639304316274322,0.0,0.0,0.0,0.0,1.0
5041,0.04445490123643577,0.3076923076923077,0.1302907279796492,10.8652157721439,106.618352828365,2.0,0,0,0.6349856886503463,0.0,0.0,0.0,0.0,1.0
2478,-0.5550151062263636,0.15384615384615385,-0.4391709580720064,10.8425719920083,106.642599558947,2.0,0,1,0.11316161425994499,0.0,0.0,0.0,0.0,0.0
4476,2.69656540592837,0.07692307692307693,-0.13659775324274978,10.7809476603169,106.686073560478,0.0,1,1,1.0479657854342355,0.0,1.0,0.0,1.0,0.0
1366,-0.5278863642596802,0.23076923076923078,0.1302907279796492,10.795895934177,106.678109732769,3.0,0,1,0.11316161425994499,0.0,0.0,0.0,1.0,0.0
173,-0.5550151062263636,0.07692307692307693,0.1302907279796492,10.7912168825301,106.685654572913,3.0,0,1,-0.9028346336956022,0.0,0.0,0.0,1.0,0.0
858,-0.9987122300435685,0.15384615384615385,-0.13659775324274978,10.7530904604259,106.672005452818,0.0,1,1,-0.9028346336956022,0.0,0.0,1.0,0.0,0.0
5382,1.2332195493977356,0.3076923076923077,-0.13659775324274978,10.7670330851886,106.694934579712,0.0,1,1,0.782381234505476,0.0,0.0,0.0,1.0,0.0
3227,1.459960098086208,0.4615384615384616,-0.13659775324274978,10.8048925489774,106.662305410014,0.0,1,1,3.6434170378842112,0.0,0.0,0.0,1.0,0.0
5487,-0.28090108395535385,0.15384615384615385,0.1302907279796492,10.739752501101,106.677896804604,3.0,0,1,0.11316161425994499,0.0,0.0,0.0,1.0,0.0
3789,-2.179285860273359,0.23076923076923078,0.1302907279796492,10.7991386562527,106.686679862439,0.0,1,0,-1.265459390571404,0.0,0.0,1.0,0.0,0.0
1952,0.6007096205069974,0.3076923076923077,-0.7884660886417492,10.8688367305673,106.608127727468,3.0,0,0,1.2822279616686043,0.0,0.0,0.0,0.0,1.0
3559,-0.1926076911174569,0.07692307692307693,-1.2015945422910468,10.7794250639276,106.667600462197,2.0,0,0,-0.9028346336956022,0.0,0.0,0.0,1.0,0.0
3720,0.7664722378003171,0.07692307692307693,-0.13659775324274978,10.8151475383831,106.774919389943,0.0,1,1,-0.3306552193971129,0.0,0.0,0.0,1.0,0.0
2036,0.6859128205146215,0.3076923076923077,-0.13659775324274978,10.7903759534208,106.692444188507,0.0,1,1,-0.3306552193971129,0.0,0.0,0.0,1.0,0.0
4930,-0.6688000780565717,0.23076923076923078,-0.4391709580720064,10.7975143319428,106.689171964948,2.0,0,1,0.4757863711357461,0.0,0.0,0.0,1.0,0.0
6046,-0.5826509567402912,0.07692307692307693,0.1302907279796492,10.7910061297522,106.649489388107,3.0,0,1,-0.3306552193971129,0.0,1.0,0.0,1.0,0.0
5783,-0.3038236354463698,0.07692307692307693,-0.4391709580720064,10.8082278240989,106.687975400641,2.0,0,0,0.4757863711357461,0.0,0.0,1.0,0.0,0.0
18,1.807979093830051,0.07692307692307693,0.5849971026224333,10.7816340367156,106.527356753801,3.0,0,0,-0.9028346336956022,0.0,0.0,0.0,0.0,1.0
0,0.21656469094070732,0.15384615384615385,0.1302907279796492,10.8083396615452,106.684204967681,3.0,0,1,1.8544073759670945,0.0,0.0,0.0,0.0,1.0
2174,0.08051705379647196,0.3076923076923077,0.1302907279796492,10.8799285338715,106.66549511298,2.0,0,0,0.30272686033993124,0.0,0.0,0.0,0.0,1.0
1356,0.29564637201642957,0.3076923076923077,-0.4391709580720064,10.8142932562028,106.623811500366,2.0,0,1,0.4757863711357461,0.0,0.0,0.0,1.0,0.0
4679,0.4560322857850593,0.07692307692307693,-0.4391709580720064,10.7933140802267,106.64248907703,2.0,0,0,-0.5962397703258719,0.0,0.0,1.0,0.0,0.0
3534,-0.011343228479551189,0.07692307692307693,-0.4391709580720064,10.7956416531491,106.622228575698,2.0,0,1,-1.265459390571404,0.0,0.0,0.0,1.0,0.0
2826,-0.6108132359423499,0.3076923076923077,-0.13659775324274978,10.7982439782269,106.592186680068,0.0,1,0,0.11316161425994499,0.0,0.0,0.0,1.0,0.0
5321,0.9652944659873779,0.07692307692307693,-0.13659775324274978,10.7371630136666,106.669822967808,0.0,1,1,-0.5962397703258719,0.0,0.0,0.0,1.0,0.0
396,0.21656469094070732,0.23076923076923078,-0.4391709580720064,10.810000850189,106.67131577961,3.0,0,0,0.30272686033993124,0.0,0.0,0.0,1.0,0.0
4725,0.9053480809024144,0.15384615384615385,2.0502110105697895,10.795985740062354,106.7927588032174,3.0,0,0,-0.09639304316274322,0.0,1.0,0.0,1.0,0.0
3708,0.3707119834879608,0.15384615384615385,0.1302907279796492,10.82310149069184,106.71985085549272,0.0,1,0,-0.09639304316274322,0.0,0.0,0.0,0.0,1.0
4975,1.2167918808874494,0.15384615384615385,0.1302907279796492,10.7941399168406,106.66846947502,3.0,0,1,-0.5962397703258719,0.0,1.0,0.0,1.0,0.0
1812,-0.9622048207552769,0.3076923076923077,-0.7884660886417492,10.8349694048916,106.68388667487,0.0,1,0,-0.09639304316274322,0.0,0.0,0.0,0.0,1.0
4477,3.394865429957337,0.7692307692307694,0.1302907279796492,10.7907921264924,106.637353940447,3.0,0,1,3.5037857036596853,0.0,1.0,0.0,1.0,0.0
4559,-0.37480406362233243,0.23076923076923078,-0.13659775324274978,10.878525109276696,106.55288550022988,0.0,1,1,-0.09639304316274322,0.0,1.0,0.0,1.0,0.0
816,0.11572050155235063,0.3076923076923077,2.0502110105697895,10.7498431366779,106.722747093185,0.0,1,0,0.6349856886503463,0.0,0.0,1.0,0.0,0.0
1572,-0.28090108395535385,0.07692307692307693,-0.4391709580720064,10.795463270714,106.621916123883,3.0,0,0,-1.265459390571404,0.0,0.0,1.0,0.0,0.0
4355,-0.28090108395535385,0.3076923076923077,0.963530485543728,10.7664156644057,106.659266324182,1.0,0,0,0.11316161425994499,0.0,0.0,0.0,0.0,1.0
1800,-0.28090108395535385,0.23076923076923078,0.5849971026224333,10.6843627620128,106.750404595503,0.0,1,0,0.11316161425994499,0.0,0.0,0.0,0.0,1.0
2280,-0.5826509567402912,0.07692307692307693,-0.4391709580720064,10.8866705523229,106.724066046204,2.0,0,1,-0.9028346336956022,0.0,0.0,0.0,1.0,0.0
2429,0.6740374558259857,0.07692307692307693,-0.7884660886417492,10.7961242853376,106.6086351797,2.0,0,0,-0.5962397703258719,0.0,0.0,0.0,1.0,0.0
4977,-1.0361439750637471,0.38461538461538464,-0.13659775324274978,10.7690012346872,106.69715593648,0.0,1,1,-0.9028346336956022,0.0,0.0,0.0,1.0,0.0
4201,1.0601009748869976,0.3076923076923077,-0.4391709580720064,10.8153704960895,106.707747331751,3.0,0,0,3.4301132187727936,0.0,0.0,0.0,0.0,1.0
5950,0.895116379479229,0.23076923076923078,-0.13659775324274978,10.830793497682,106.705474069222,0.0,1,1,0.9196032047928032,0.0,0.0,0.0,1.0,0.0
3648,-0.9622048207552769,0.15384615384615385,-0.13659775324274978,10.7319268005554,106.745346109219,0.0,1,1,-0.3306552193971129,0.0,0.0,0.0,0.0,1.0
5431,-0.4750780736920162,0.23076923076923078,0.1302907279796492,10.7732261697139,106.62787378533,3.0,0,0,-0.3306552193971129,0.0,0.0,0.0,0.0,1.0
4173,1.4458792777974638,0.4615384615384616,-0.13659775324274978,10.8006191894654,106.732129930727,0.0,1,1,2.870403623922641,0.0,0.0,0.0,1.0,0.0
3829,-0.10929128578611225,0.23076923076923078,0.1302907279796492,10.7920358207835,106.674827491171,3.0,0,1,0.11316161425994499,0.0,0.0,0.0,1.0,0.0
5291,0.3707119834879608,0.23076923076923078,0.5849971026224333,10.795374250666,106.659189826152,0.0,1,0,0.9196032047928032,0.0,0.0,0.0,0.0,1.0
5219,1.3881753703228958,0.07692307692307693,0.1302907279796492,10.8299686940983,106.702632385343,3.0,0,1,1.0479657854342355,0.0,1.0,0.0,1.0,0.0
4398,0.3707119834879608,0.3076923076923077,3.566232722406522,10.74134,106.6986,3.0,0,0,0.6349856886503463,0.0,0.0,0.0,0.0,1.0
4508,-0.6395223895560433,0.23076923076923078,-0.7884660886417492,10.7863108226601,106.758275249009,0.0,1,0,0.30272686033993124,0.0,0.0,0.0,1.0,0.0
554,2.2702223593692765,0.07692307692307693,-0.13659775324274978,10.8557693018901,106.772623831859,3.0,0,0,2.9195154941516295,0.0,0.0,0.0,1.0,0.0
1159,-0.2360953837240995,0.07692307692307693,-1.7072229052631471,10.6917157635831,106.735936691597,0.0,1,0,-0.9028346336956022,0.0,0.0,0.0,0.0,1.0
1213,-0.03042058936361902,0.23076923076923078,-0.4391709580720064,10.8080786581548,106.702751472795,2.0,0,0,2.0886695522014636,0.0,0.0,0.0,0.0,1.0
3482,-0.7920776985802562,0.07692307692307693,-1.7072229052631471,10.7427805642912,106.729592154482,1.0,0,0,-0.9028346336956022,0.0,0.0,0.0,0.0,1.0
1325,-0.7602813127840508,0.23076923076923078,-0.13659775324274978,10.7297396227084,106.63256410031,0.0,1,1,-0.3306552193971129,0.0,0.0,0.0,1.0,0.0
3651,0.04445490123643577,0.38461538461538464,0.1302907279796492,10.7752326235545,106.630301283836,3.0,0,1,0.11316161425994499,0.0,0.0,0.0,1.0,0.0
4095,0.3411414986789205,0.23076923076923078,-0.4391709580720064,10.8585002227221,106.623088379414,3.0,0,0,0.30272686033993124,0.0,0.0,0.0,1.0,0.0
700,0.04445490123643577,0.0,0.5849971026224333,10.8413630436596,106.725435274347,0.0,1,0,-0.09639304316274322,1.0,0.0,0.0,1.0,0.0
2700,1.1230242988994874,0.23076923076923078,2.9327121238363367,10.8000676944298,106.674005997774,3.0,0,0,0.782381234505476,0.0,0.0,1.0,0.0,0.0
4503,0.3707119834879608,0.23076923076923078,0.963530485543728,10.8157840587756,106.626075809365,3.0,0,0,0.782381234505476,0.0,0.0,1.0,0.0,0.0
1847,0.29564637201642957,0.07692307692307693,-0.4391709580720064,10.8555791967509,106.656916787668,2.0,0,0,-0.5962397703258719,0.0,0.0,0.0,1.0,0.0
4617,-0.03042058936361902,0.07692307692307693,0.1302907279796492,10.807536107651,106.678456946439,3.0,0,1,-0.3306552193971129,0.0,0.0,0.0,1.0,0.0
2796,-0.5012464551475065,0.23076923076923078,0.5849971026224333,10.7935381894536,106.730613248077,0.0,1,0,-0.09639304316274322,0.0,0.0,0.0,0.0,1.0
1455,-0.5278863642596802,0.07692307692307693,-0.4391709580720064,10.8067392370899,106.684458946381,2.0,0,0,-0.5962397703258719,1.0,0.0,0.0,0.0,1.0
5271,-0.6108132359423499,0.07692307692307693,2.9327121238363367,10.8072368981353,106.623390272089,3.0,0,0,-1.265459390571404,0.0,0.0,1.0,0.0,0.0
3289,-0.37480406362233243,0.23076923076923078,-1.2015945422910468,10.7946190551013,106.70885985985,0.0,1,0,0.782381234505476,0.0,0.0,0.0,0.0,1.0
3189,0.26451943380014525,0.23076923076923078,0.1302907279796492,10.8078945047594,106.703897766325,3.0,0,0,0.30272686033993124,0.0,0.0,0.0,1.0,0.0
866,-0.10929128578611225,0.3076923076923077,0.5849971026224333,10.7657579840671,106.663394688203,3.0,0,0,0.11316161425994499,0.0,0.0,0.0,1.0,0.0
5198,-0.15036267557913827,0.23076923076923078,0.1302907279796492,10.819872646608,106.702417398967,3.0,0,1,0.782381234505476,0.0,0.0,0.0,0.0,1.0
1644,3.2663933740558413,0.15384615384615385,0.1302907279796492,10.8560750246003,106.618742585599,3.0,0,1,0.4757863711357461,0.0,0.0,0.0,0.0,0.0
2140,1.0783539839487635,0.3076923076923077,-0.13659775324274978,10.835891,106.842865,0.0,1,1,1.0479657854342355,0.0,0.0,0.0,1.0,0.0
5816,1.8940237329756933,0.0,0.1302907279796492,10.8571754102494,106.803262371704,0.0,1,0,1.769759295385021,0.0,0.0,0.0,1.0,0.0
3821,0.5102943374875497,0.23076923076923078,0.1302907279796492,10.8341625588924,106.667966236534,3.0,0,1,0.11316161425994499,0.0,0.0,0.0,1.0,0.0
1490,-0.6108132359423499,0.23076923076923078,-0.4391709580720064,10.7986570133479,106.683024007814,3.0,0,0,-0.3306552193971129,0.0,0.0,0.0,1.0,0.0
5695,1.6988382024101818,0.0,2.0502110105697895,10.687390503703796,106.5849240548028,3.0,0,0,-0.9028346336956022,0.0,0.0,0.0,0.0,1.0
729,1.424503363925633,0.15384615384615385,-0.4391709580720064,10.7898051124563,106.693823052444,2.0,0,0,-0.3306552193971129,0.0,0.0,0.0,0.0,1.0
4607,3.411805493823016,0.6923076923076923,0.1302907279796492,10.8355684070939,106.661379105246,3.0,0,1,3.5037857036596853,0.0,0.0,0.0,1.0,0.0
3882,1.7283496603720232,0.07692307692307693,-0.4391709580720064,10.7873445443245,106.686045857837,0.0,1,0,-0.09639304316274322,0.0,0.0,0.0,1.0,0.0
2620,-0.5550151062263636,0.15384615384615385,-1.2015945422910468,10.7992021790946,106.718365805642,2.0,0,0,-0.3306552193971129,0.0,0.0,0.0,0.0,1.0
1936,-0.3038236354463698,0.15384615384615385,-0.4391709580720064,10.8196027180477,106.702678987257,2.0,0,0,-0.3306552193971129,0.0,0.0,0.0,0.0,1.0
3497,0.3707119834879608,0.3076923076923077,0.1302907279796492,10.752110463916,106.60872665328,3.0,0,1,0.4757863711357461,0.0,0.0,1.0,0.0,0.0
1110,-0.6108132359423499,0.15384615384615385,0.1302907279796492,10.7947930670967,106.657106885139,3.0,0,1,0.11316161425994499,0.0,0.0,0.0,0.0,1.0
5114,0.04445490123643577,0.23076923076923078,-0.7884660886417492,10.8452943970434,106.758408036205,3.0,0,0,0.11316161425994499,0.0,0.0,0.0,0.0,1.0
5627,-0.03042058936361902,0.15384615384615385,0.1302907279796492,10.8737169273913,106.630777200439,3.0,0,1,-0.3306552193971129,0.0,0.0,0.0,1.0,0.0
2998,-0.5550151062263636,0.23076923076923078,-0.13659775324274978,10.8425429094058,106.642783048063,0.0,1,1,0.11316161425994499,0.0,0.0,0.0,1.0,0.0
2394,2.1256585889674184,0.15384615384615385,0.5849971026224333,10.7914676968809,106.605176067913,3.0,0,0,0.30272686033993124,0.0,0.0,0.0,0.0,1.0
1185,2.061763926009933,0.4615384615384616,0.1302907279796492,10.8300156642644,106.702156634826,3.0,0,1,0.6349856886503463,0.0,0.0,0.0,1.0,0.0
2007,-0.1926076911174569,0.3076923076923077,-0.4391709580720064,10.7869450304287,106.701648048075,2.0,0,1,1.2822279616686043,0.0,0.0,0.0,1.0,0.0
193,0.49691438232451574,0.15384615384615385,-0.4391709580720064,10.8094037755999,106.692987638139,2.0,0,1,0.11316161425994499,0.0,0.0,0.0,1.0,0.0
1515,-0.9622048207552769,0.07692307692307693,0.1302907279796492,10.764653867162,106.616330924929,0.0,1,0,-0.9028346336956022,0.0,0.0,0.0,0.0,1.0
5157,-0.8917879431693261,0.3076923076923077,2.9327121238363367,10.7639133869527,106.686545909123,3.0,0,0,-0.5962397703258719,0.0,0.0,0.0,1.0,0.0
578,-0.3038236354463698,0.15384615384615385,-0.4391709580720064,10.8194563115793,106.70239742241,2.0,0,0,-0.5962397703258719,0.0,0.0,0.0,0.0,1.0
2123,0.04445490123643577,0.23076923076923078,-0.4391709580720064,10.7799550689986,106.667702058295,2.0,0,1,0.11316161425994499,0.0,0.0,0.0,1.0,0.0
1429,-1.3286243820305652,0.23076923076923078,-1.7072229052631471,10.7560503710224,106.685806896739,0.0,1,0,-0.9028346336956022,0.0,0.0,0.0,1.0,0.0
771,0.5235542914366881,0.15384615384615385,-0.4391709580720064,10.6847263503291,106.750437934007,2.0,0,0,0.4757863711357461,0.0,0.0,0.0,0.0,1.0
5755,-0.10929128578611225,0.0,-0.4391709580720064,10.7968556806462,106.807949603531,0.0,1,0,-1.265459390571404,0.0,0.0,0.0,1.0,0.0
2395,0.310967493112446,0.3076923076923077,0.963530485543728,10.835173191880347,106.84300452456652,0.0,1,0,-1.265459390571404,0.0,0.0,1.0,0.0,0.0
6237,-5.193806991214421,0.15384615384615385,-0.13659775324274978,10.8049232002024,106.74048254215,0.0,1,1,-0.5962397703258719,0.0,1.0,0.0,1.0,0.0
1846,1.3584562801307782,0.07692307692307693,0.5849971026224333,10.8474158647529,106.717030834063,0.0,1,0,2.0136066934816945,0.0,0.0,1.0,0.0,0.0
131,-0.9622048207552769,0.3076923076923077,-2.3590912406621465,10.7556265216306,106.701330165796,0.0,1,0,0.11316161425994499,0.0,0.0,0.0,0.0,1.0
178,-0.4493648176687783,0.3076923076923077,0.1302907279796492,10.7635899272574,106.678441504783,3.0,0,1,0.30272686033993124,0.0,0.0,0.0,1.0,0.0
5622,-0.2360953837240995,0.15384615384615385,0.1302907279796492,10.7507439167346,106.735831535434,3.0,0,1,-0.09639304316274322,0.0,0.0,0.0,1.0,0.0
1811,0.7776305923124383,0.3076923076923077,0.1302907279796492,10.7788494584226,106.654940876372,3.0,0,1,2.3634408616661546,0.0,0.0,0.0,1.0,0.0
4287,-1.0361439750637471,0.3076923076923077,0.1302907279796492,10.8016419890692,106.687328575793,3.0,0,1,0.11316161425994499,0.0,0.0,0.0,1.0,0.0
2580,-0.1926076911174569,0.07692307692307693,-0.4391709580720064,10.791865742659,106.671827306486,2.0,0,0,-0.9028346336956022,0.0,0.0,0.0,0.0,1.0
4019,0.21656469094070732,0.23076923076923078,0.1302907279796492,10.8113865401573,106.610543510236,2.0,0,0,0.11316161425994499,0.0,0.0,0.0,0.0,1.0
3722,-0.6395223895560433,0.15384615384615385,-0.13659775324274978,10.7954652756294,106.690736067772,0.0,1,1,-0.09639304316274322,0.0,0.0,0.0,1.0,0.0
2652,1.1833785954106828,0.15384615384615385,0.1302907279796492,10.7930908880571,106.670255185453,3.0,0,1,1.1685438955241836,0.0,0.0,0.0,1.0,0.0
5203,0.11572050155235063,0.15384615384615385,-1.2015945422910468,10.751652996333,106.701553779972,0.0,1,0,-0.3306552193971129,0.0,0.0,1.0,0.0,0.0
2073,-0.8245729617021663,0.07692307692307693,0.1302907279796492,10.8294979663295,106.670844215129,3.0,0,1,-0.5962397703258719,0.0,0.0,0.0,0.0,1.0
658,-0.3992422225807697,0.0,-0.13659775324274978,10.7845983326923,106.759100808423,0.0,1,1,-1.709276224228461,0.0,0.0,0.0,0.0,1.0
1896,1.2575237945881357,0.23076923076923078,1.5713987371125986,10.8118929570403,106.624022138732,3.0,0,0,-1.265459390571404,0.0,0.0,0.0,1.0,0.0
4622,0.8428680112644017,0.3076923076923077,-0.4391709580720064,10.7873841041335,106.698462603197,3.0,0,0,1.769759295385021,0.0,0.0,0.0,0.0,1.0
2606,-0.5012464551475065,0.07692307692307693,-0.13659775324274978,10.747161031725,106.728973001023,0.0,1,1,-0.9028346336956022,0.0,0.0,0.0,0.0,1.0
2221,-0.21419165043464608,0.0,-0.13659775324274978,10.7033195850195,106.703738662411,0.0,1,1,-0.3306552193971129,0.0,0.0,0.0,1.0,0.0
5960,0.48341223409930084,0.3076923076923077,0.963530485543728,10.835679,106.842766,0.0,1,0,0.6349856886503463,0.0,1.0,0.0,1.0,0.0
2379,0.11572050155235063,0.4615384615384616,0.1302907279796492,10.7691396320491,106.67848067886,2.0,0,0,0.9196032047928032,0.0,0.0,0.0,0.0,1.0
1447,-0.08917566997524837,0.15384615384615385,-0.13659775324274978,10.7976639404631,106.658036063039,0.0,1,1,-0.09639304316274322,0.0,0.0,0.0,0.0,1.0
342,-0.37480406362233243,0.23076923076923078,-0.4391709580720064,10.7580202517648,106.688917431552,2.0,0,1,1.0479657854342355,1.0,0.0,0.0,1.0,0.0
3996,-1.8168784451644522,0.07692307692307693,-1.2015945422910468,10.7883755742269,106.678115049159,2.0,0,0,-2.28145563852695,0.0,0.0,0.0,1.0,0.0
5547,-0.10929128578611225,0.15384615384615385,-0.13659775324274978,10.8298100181314,106.702253812716,0.0,1,1,-0.09639304316274322,0.0,0.0,0.0,1.0,0.0
2527,-0.4750780736920162,0.38461538461538464,0.1302907279796492,10.8350484724194,106.683996561903,2.0,0,0,0.30272686033993124,0.0,0.0,1.0,0.0,0.0
727,-0.8245729617021663,0.07692307692307693,-0.13659775324274978,10.8159383491271,106.69520963293,0.0,1,1,-0.9028346336956022,0.0,0.0,0.0,0.0,1.0
4952,0.6255585240034263,0.3076923076923077,0.963530485543728,10.772299,106.78784,3.0,0,0,1.1685438955241836,0.0,0.0,0.0,0.0,1.0
976,-0.7291543745677658,0.23076923076923078,0.1302907279796492,10.7925503215616,106.668067402961,3.0,0,1,0.11316161425994499,0.0,0.0,0.0,1.0,0.0
4861,0.7552290280664897,0.0,-0.13659775324274978,10.7545034235837,106.638154672117,0.0,1,1,-1.265459390571404,0.0,1.0,0.0,1.0,0.0
4366,1.4529364508864842,0.15384615384615385,3.566232722406522,10.7141086590414,106.737175090012,0.0,1,0,2.9674438298696835,0.0,0.0,0.0,1.0,0.0
1928,-0.8917879431693261,0.15384615384615385,-0.13659775324274978,10.7908885789972,106.714371822547,0.0,1,1,-0.5962397703258719,0.0,0.0,0.0,0.0,1.0
4101,-0.04974733457061966,0.15384615384615385,-0.13659775324274978,10.8591762384213,106.722245323336,0.0,1,1,-0.5962397703258719,0.0,0.0,0.0,1.0,0.0
6136,-0.069330070593773,0.15384615384615385,0.1302907279796492,10.7604582043446,106.613591677518,3.0,0,1,-0.09639304316274322,0.0,0.0,0.0,0.0,1.0
6047,-0.8245729617021663,0.07692307692307693,-2.3590912406621465,10.7823808229015,106.648224976318,0.0,1,0,-1.265459390571404,0.0,0.0,1.0,0.0,0.0
1299,-2.179285860273359,0.3076923076923077,-2.3590912406621465,10.7664128733139,106.694588464907,0.0,1,0,-0.09639304316274322,0.0,0.0,0.0,1.0,0.0
4378,-1.4741655642529736,0.15384615384615385,-0.13659775324274978,10.8268325167657,106.687643559675,3.0,0,0,-0.5962397703258719,0.0,0.0,0.0,0.0,1.0
5784,-0.2360953837240995,0.23076923076923078,-1.2015945422910468,10.8075567237242,106.70291172448,3.0,0,0,0.6349856886503463,0.0,0.0,1.0,0.0,0.0
660,0.8639894412629446,0.0,2.0502110105697895,10.7897425814385,106.734800857103,3.0,0,0,0.6349856886503463,0.0,0.0,0.0,0.0,1.0
1790,1.3955127300721568,0.07692307692307693,-1.7072229052631471,10.8062252325995,106.705210380667,2.0,0,0,0.782381234505476,0.0,0.0,0.0,1.0,0.0
3759,-1.5260472017317033,0.07692307692307693,-1.7072229052631471,10.7752479152519,106.671718662511,0.0,1,0,-0.9028346336956022,0.0,0.0,0.0,1.0,0.0
4222,-0.37480406362233243,0.07692307692307693,-0.13659775324274978,10.7941687018047,106.70540424859,0.0,1,1,-0.3306552193971129,0.0,0.0,1.0,0.0,0.0
493,0.8214404629449784,0.15384615384615385,-0.13659775324274978,10.7815621711029,106.674395039335,0.0,1,1,-0.3306552193971129,0.0,0.0,0.0,1.0,0.0
5078,0.1330128034148692,0.23076923076923078,0.1302907279796492,10.7035593312649,106.703978222391,0.0,1,0,0.11316161425994499,0.0,0.0,0.0,0.0,1.0
4419,-0.25832850878387886,0.38461538461538464,-0.13659775324274978,10.7934316273842,106.687240714622,0.0,1,1,-0.09639304316274322,0.0,0.0,0.0,1.0,0.0
3460,-0.9622048207552769,0.15384615384615385,-0.13659775324274978,10.8893232591721,106.683642292646,0.0,1,1,-0.9028346336956022,1.0,0.0,0.0,1.0,0.0
5849,0.3707119834879608,0.15384615384615385,2.9327121238363367,21.02894860978742,105.85244722590336,0.0,1,0,-0.09639304316274322,0.0,0.0,0.0,0.0,1.0
5798,-0.5278863642596802,0.23076923076923078,-0.13659775324274978,10.7929480193124,106.640646852292,0.0,1,1,0.11316161425994499,0.0,1.0,0.0,1.0,0.0
5333,0.04445490123643577,0.0,-0.4391709580720064,10.8435753355724,106.64918703357,2.0,0,1,0.11316161425994499,0.0,0.0,0.0,1.0,0.0
1085,-0.069330070593773,0.23076923076923078,0.1302907279796492,10.8543076316193,106.762778791029,3.0,0,1,0.30272686033993124,0.0,0.0,0.0,1.0,0.0
5943,-5.3072134007701255,0.07692307692307693,2.9327121238363367,10.7444521954236,106.696732596193,3.0,0,0,2.9195154941516295,0.0,0.0,1.0,0.0,0.0
3409,-0.15036267557913827,0.07692307692307693,-0.13659775324274978,10.7842560923208,106.759526448062,0.0,1,1,-0.9028346336956022,0.0,0.0,0.0,1.0,0.0
694,0.04445490123643577,0.3076923076923077,0.963530485543728,10.7310382071678,106.73211068743,0.0,1,0,0.11316161425994499,0.0,0.0,0.0,0.0,1.0
1278,-1.2389923970188421,0.23076923076923078,0.1302907279796492,10.8464245964094,106.642525832167,3.0,0,1,0.11316161425994499,0.0,0.0,0.0,1.0,0.0
3198,-0.3038236354463698,0.07692307692307693,0.5849971026224333,10.8386907920757,106.660007032094,3.0,0,0,-0.09639304316274322,0.0,0.0,0.0,1.0,0.0
4436,0.4560322857850593,0.3076923076923077,0.1302907279796492,10.8031083961953,106.716090017117,3.0,0,1,0.4757863711357461,0.0,0.0,0.0,1.0,0.0
1621,0.5102943374875497,0.15384615384615385,0.1302907279796492,10.8099085194908,106.670926140566,3.0,0,1,-0.5962397703258719,0.0,0.0,0.0,0.0,1.0
2561,0.04445490123643577,0.3076923076923077,2.9327121238363367,10.826106823489,106.816541045198,3.0,0,0,0.782381234505476,0.0,0.0,0.0,1.0,0.0
4393,0.04445490123643577,0.07692307692307693,0.1302907279796492,10.8225056649411,106.686918820263,3.0,0,1,0.11316161425994499,0.0,0.0,0.0,1.0,0.0
4791,-5.295000137564421,0.5384615384615385,0.1302907279796492,10.7845563127764,106.644233192178,3.0,0,1,1.1685438955241836,0.0,1.0,0.0,1.0,0.0
67,-0.8577985162466776,0.15384615384615385,0.1302907279796492,10.731477733384,106.745320880545,3.0,0,1,-0.5962397703258719,0.0,0.0,0.0,1.0,0.0
4994,2.9057057159804316,0.15384615384615385,0.1302907279796492,10.84096,106.8515,3.0,0,1,0.4757863711357461,0.0,1.0,1.0,0.0,0.0
4017,-0.04974733457061966,0.23076923076923078,-0.4391709580720064,10.80682383119,106.623760298838,0.0,1,0,0.6349856886503463,0.0,0.0,0.0,0.0,1.0
2269,-0.4493648176687783,0.15384615384615385,0.5849971026224333,10.7846673984279,106.779076555845,3.0,0,0,-0.5962397703258719,0.0,0.0,0.0,0.0,1.0
6168,0.1330128034148692,0.15384615384615385,0.1302907279796492,10.7732749073453,106.705238890057,3.0,0,1,-0.09639304316274322,0.0,0.0,0.0,1.0,0.0
5900,-0.6986692748486453,0.15384615384615385,0.1302907279796492,10.8122374839329,106.70063551595,3.0,0,1,-0.09639304316274322,0.0,0.0,0.0,1.0,0.0
4955,1.0601009748869976,0.3076923076923077,2.0502110105697895,10.7274964076932,106.722857656574,3.0,0,0,1.0479657854342355,0.0,1.0,1.0,0.0,0.0
820,-1.2831292553680742,0.23076923076923078,-0.4391709580720064,10.7875723059612,106.604493353516,3.0,0,0,-0.3306552193971129,0.0,0.0,0.0,0.0,1.0
1226,-0.25832850878387886,0.23076923076923078,0.963530485543728,10.8453950214658,106.71845179214,3.0,0,0,0.30272686033993124,0.0,0.0,0.0,0.0,1.0
1677,-1.2389923970188421,0.23076923076923078,-1.7072229052631471,10.8317063683241,106.670981441826,0.0,1,0,-0.3306552193971129,0.0,0.0,0.0,0.0,1.0
5263,-0.6395223895560433,0.23076923076923078,-1.7072229052631471,10.7358653886775,106.621190011714,2.0,0,0,-0.09639304316274322,0.0,0.0,1.0,0.0,0.0
2867,-0.37480406362233243,0.15384615384615385,0.1302907279796492,10.7889916708021,106.800139594908,3.0,0,0,-0.3306552193971129,0.0,0.0,1.0,0.0,0.0
4586,-0.6395223895560433,0.23076923076923078,0.1302907279796492,10.6927158192011,106.740649633862,3.0,0,1,-0.3306552193971129,0.0,0.0,0.0,0.0,1.0
2367,-0.17133430316050988,0.15384615384615385,-0.7884660886417492,10.8746101907828,106.627181078236,2.0,0,0,-0.09639304316274322,0.0,0.0,1.0,0.0,0.0
3383,0.02608851654062688,0.07692307692307693,-0.4391709580720064,10.803217527652,106.700405645068,2.0,0,0,-1.265459390571404,0.0,0.0,1.0,0.0,0.0
5641,2.4092937365352536,0.38461538461538464,0.1302907279796492,10.7844694465467,106.642119305642,3.0,0,1,2.820048284014553,0.0,0.0,0.0,1.0,0.0
2512,-0.10929128578611225,0.15384615384615385,-0.4391709580720064,10.7840363965089,106.694535135773,2.0,0,0,0.4757863711357461,0.0,0.0,0.0,1.0,0.0
4881,-0.37480406362233243,0.23076923076923078,-0.7884660886417492,10.7960820148256,106.626233434499,2.0,0,0,-0.09639304316274322,0.0,0.0,1.0,0.0,0.0
2723,1.4173088244001117,0.7692307692307694,0.1302907279796492,10.7855517246083,106.698657074559,3.0,0,1,1.2822279616686043,0.0,0.0,0.0,1.0,0.0
5610,-0.5278863642596802,0.23076923076923078,-0.13659775324274978,10.788640696044425,106.66134861158724,0.0,1,1,0.11316161425994499,0.0,0.0,0.0,0.0,1.0
5544,-0.3992422225807697,0.07692307692307693,-0.13659775324274978,10.7493823386316,106.635416053729,0.0,1,1,-0.5962397703258719,0.0,0.0,0.0,1.0,0.0
4647,1.0601009748869976,0.3076923076923077,3.566232722406522,10.8016685176263,106.649655194413,3.0,0,0,1.0479657854342355,0.0,0.0,0.0,0.0,1.0
1143,-0.37480406362233243,0.23076923076923078,-0.4391709580720064,10.807095142245,106.718741185482,3.0,0,0,0.9196032047928032,0.0,0.0,0.0,0.0,1.0
397,-1.0745480811548156,0.15384615384615385,-0.4391709580720064,10.792058272143,106.677792139696,3.0,0,0,-0.5962397703258719,0.0,0.0,1.0,0.0,0.0
5803,0.5754359289154177,0.15384615384615385,0.3690306097293516,10.8411557606621,106.725486384357,0.0,1,0,0.30272686033993124,0.0,0.0,1.0,0.0,0.0
5102,-0.8917879431693261,0.15384615384615385,0.1302907279796492,10.8049111275169,106.681855825945,3.0,0,1,-0.5962397703258719,0.0,0.0,0.0,0.0,1.0
786,-0.28090108395535385,0.07692307692307693,-0.13659775324274978,10.7515046216888,106.722039309986,0.0,1,1,-1.265459390571404,0.0,0.0,0.0,1.0,0.0
5395,-0.6395223895560433,0.07692307692307693,0.1302907279796492,10.757818149189,106.614288997565,3.0,0,1,-0.5962397703258719,0.0,0.0,0.0,1.0,0.0
6001,1.5082129806834967,0.3076923076923077,0.1302907279796492,10.7963236939692,106.648242794679,3.0,0,1,2.6048190729938816,0.0,1.0,0.0,1.0,0.0
1398,0.3997026173414371,0.23076923076923078,0.1302907279796492,10.8085660016134,106.688563352022,3.0,0,1,0.6349856886503463,0.0,0.0,0.0,1.0,0.0
1659,-0.3271071868061051,0.07692307692307693,-0.4391709580720064,10.7879183549337,106.662734072021,2.0,0,1,-0.5962397703258719,0.0,0.0,0.0,0.0,1.0
4562,0.06259592582891907,0.23076923076923078,0.1302907279796492,10.6844849026911,106.749857700367,3.0,0,0,0.11316161425994499,0.0,0.0,0.0,0.0,1.0
3134,-0.9265771942689038,0.07692307692307693,-1.7072229052631471,10.7991252537805,106.68749594823,0.0,1,0,-0.09639304316274322,0.0,0.0,0.0,1.0,0.0
2220,0.3560006685276249,0.07692307692307693,0.5849971026224333,10.7984043148382,106.81325282319,3.0,0,0,-0.3306552193971129,0.0,0.0,0.0,0.0,1.0
979,0.3560006685276249,0.15384615384615385,0.1302907279796492,10.8065946164864,106.678045780321,3.0,0,1,-0.5962397703258719,1.0,0.0,0.0,1.0,0.0
2331,0.5626351999909364,0.23076923076923078,0.1302907279796492,10.8413223776329,106.711204076965,0.0,1,0,-0.3306552193971129,0.0,0.0,0.0,1.0,0.0
1298,0.6378280961214066,0.0,2.0502110105697895,10.7420180968561,106.715650921765,0.0,1,0,0.9196032047928032,0.0,0.0,0.0,1.0,0.0
3578,-0.6688000780565717,0.15384615384615385,-0.4391709580720064,10.805918558762,106.711701350784,0.0,1,0,-0.5962397703258719,0.0,0.0,0.0,0.0,0.0
5421,-1.4741655642529736,0.07692307692307693,-0.13659775324274978,10.7660286111774,106.642453381891,0.0,1,1,-1.265459390571404,0.0,0.0,1.0,0.0,0.0
4676,-0.28090108395535385,0.07692307692307693,0.1302907279796492,10.7416508466396,106.620710532002,0.0,1,0,-0.9028346336956022,0.0,0.0,0.0,1.0,0.0
82,-1.3286243820305652,0.15384615384615385,-0.4391709580720064,10.7847179384228,106.627139003478,2.0,0,1,-1.265459390571404,0.0,0.0,0.0,1.0,0.0
5176,1.4529364508864842,0.15384615384615385,0.1302907279796492,21.02894860978742,105.85244722590336,3.0,0,1,-0.09639304316274322,0.0,0.0,0.0,1.0,0.0
3862,1.3281275252492162,0.23076923076923078,-0.13659775324274978,10.804447965571764,106.74722546499208,0.0,1,1,-0.5962397703258719,0.0,0.0,1.0,0.0,0.0
4918,-1.6936008246407677,0.07692307692307693,-0.13659775324274978,10.7899025545015,106.696237679805,2.0,0,0,-1.265459390571404,0.0,0.0,0.0,1.0,0.0
4214,-0.011343228479551189,0.38461538461538464,0.1302907279796492,10.7795628456432,106.667427129377,3.0,0,0,1.3897638631431688,0.0,0.0,0.0,1.0,0.0
4951,0.4421497898439041,0.07692307692307693,2.0502110105697895,10.68678227191234,106.5852450409788,0.0,1,0,-0.5962397703258719,0.0,0.0,1.0,0.0,0.0
4979,1.2332195493977356,0.15384615384615385,-0.4391709580720064,10.780674098341,106.686006806227,2.0,0,0,0.782381234505476,0.0,1.0,0.0,1.0,0.0
2903,0.5754359289154177,0.23076923076923078,-0.4391709580720064,10.7836219612393,106.76867203787,3.0,0,0,0.6349856886503463,0.0,0.0,1.0,0.0,0.0
423,-0.7602813127840508,0.15384615384615385,-1.2015945422910468,10.7648698957839,106.677070158256,3.0,0,0,-0.3306552193971129,0.0,0.0,1.0,0.0,0.0
6288,-0.8917879431693261,0.15384615384615385,-0.7884660886417492,10.8531101124544,106.638438217342,2.0,0,0,-0.5962397703258719,0.0,0.0,0.0,1.0,0.0
1904,-0.5550151062263636,0.07692307692307693,0.1302907279796492,10.7517144643179,106.701406412187,0.0,1,0,-0.5962397703258719,0.0,0.0,1.0,0.0,0.0
5711,-0.10929128578611225,0.15384615384615385,0.1302907279796492,10.72978177581,106.632359769563,3.0,0,0,-0.9028346336956022,0.0,0.0,0.0,1.0,0.0
1530,0.48341223409930084,0.07692307692307693,-0.4391709580720064,10.7574338109402,106.677963686473,2.0,0,0,-1.265459390571404,0.0,0.0,0.0,0.0,1.0
4879,0.9455811745352034,0.15384615384615385,0.1302907279796492,10.73905702300181,106.70815654098988,0.0,1,0,0.30272686033993124,0.0,0.0,0.0,0.0,1.0
1565,-0.35076329075821017,0.15384615384615385,-1.2015945422910468,10.7843172870125,106.759116994146,0.0,1,0,-1.265459390571404,0.0,0.0,1.0,0.0,0.0
4649,-0.12968436710496703,0.23076923076923078,0.1302907279796492,10.7904485378758,106.631881934159,3.0,0,1,0.30272686033993124,0.0,0.0,0.0,1.0,0.0
2749,0.4421497898439041,0.23076923076923078,0.1302907279796492,10.8016945642427,106.687597591033,3.0,0,1,-0.5962397703258719,0.0,0.0,0.0,1.0,0.0
839,-1.375564037342406,0.23076923076923078,-0.13659775324274978,10.8010195144913,106.684157721441,0.0,1,1,-0.3306552193971129,0.0,0.0,0.0,0.0,1.0
500,-0.9265771942689038,0.07692307692307693,-0.13659775324274978,10.810558061141,106.713160439036,0.0,1,1,-0.5962397703258719,0.0,0.0,0.0,0.0,1.0
4306,1.2332195493977356,0.15384615384615385,0.1302907279796492,10.8155159962929,106.707810449876,3.0,0,0,0.11316161425994499,0.0,0.0,0.0,1.0,0.0
141,-0.7920776985802562,0.3076923076923077,0.1302907279796492,10.8553734572057,106.655569248182,3.0,0,0,-0.3306552193971129,0.0,0.0,0.0,0.0,1.0
5200,-0.8577985162466776,0.15384615384615385,-0.4391709580720064,10.7516344798607,106.701631323896,2.0,0,0,-0.3306552193971129,0.0,0.0,0.0,0.0,1.0
2605,0.007491102083431382,0.23076923076923078,0.5849971026224333,10.7761898357679,106.612302148292,0.0,1,0,0.6349856886503463,0.0,0.0,0.0,1.0,0.0
3889,-0.9622048207552769,0.3076923076923077,-0.4391709580720064,10.8050981796346,106.681946375619,2.0,0,0,-0.9028346336956022,0.0,0.0,0.0,1.0,0.0
1377,0.1501051897940211,0.23076923076923078,0.963530485543728,10.6969588629116,106.740769535334,0.0,1,0,0.11316161425994499,0.0,0.0,0.0,1.0,0.0
4888,0.3261314717355513,0.0,-0.13659775324274978,10.8160965062392,106.603463235518,2.0,0,0,-1.265459390571404,0.0,0.0,0.0,1.0,0.0
6176,-0.04974733457061966,0.23076923076923078,0.1302907279796492,10.7984026643529,106.630183815716,3.0,0,0,0.4757863711357461,0.0,0.0,0.0,0.0,1.0
2266,0.04445490123643577,0.23076923076923078,-0.13659775324274978,10.7938582942555,106.680636979479,2.0,0,0,0.4757863711357461,0.0,0.0,0.0,0.0,1.0
4633,0.6378280961214066,0.15384615384615385,2.9327121238363367,10.7872021333239,106.806221527599,3.0,0,0,-0.09639304316274322,0.0,0.0,1.0,0.0,0.0
1138,0.02608851654062688,0.23076923076923078,0.3690306097293516,10.8682220007976,106.687917262316,0.0,1,0,0.30272686033993124,1.0,0.0,0.0,0.0,1.0
2257,2.0429893885820567,0.3076923076923077,0.1302907279796492,10.7792376895766,106.754196342089,3.0,0,1,0.6349856886503463,0.0,0.0,0.0,1.0,0.0
5493,-0.28090108395535385,0.15384615384615385,-0.4391709580720064,10.7824909222675,106.608659990741,0.0,1,0,-0.3306552193971129,0.0,0.0,0.0,0.0,1.0
3995,-0.25832850878387886,0.15384615384615385,-0.13659775324274978,10.7766629696863,106.652052528165,0.0,1,1,-0.09639304316274322,0.0,0.0,0.0,1.0,0.0
1787,1.791272984384513,0.38461538461538464,-0.13659775324274978,10.7933655259352,106.691594200297,0.0,1,1,0.9196032047928032,0.0,0.0,0.0,0.0,1.0
4030,0.6976935597780909,0.38461538461538464,0.1302907279796492,10.7494262616914,106.730312928557,0.0,1,0,3.8963197412543162,0.0,0.0,0.0,0.0,1.0
550,-0.3271071868061051,0.3076923076923077,-0.7884660886417492,10.7889081564156,106.698209329535,0.0,1,0,0.4757863711357461,0.0,0.0,0.0,0.0,1.0
459,0.1330128034148692,0.0,-0.4391709580720064,10.6751312886105,106.698475439082,2.0,0,0,-2.28145563852695,0.0,0.0,0.0,1.0,0.0
2019,0.9652944659873779,0.23076923076923078,0.1302907279796492,10.8560412485426,106.61877036967,3.0,0,0,0.11316161425994499,0.0,0.0,0.0,0.0,1.0
948,0.5235542914366881,0.3076923076923077,2.0502110105697895,10.7369583000698,106.71831255728,3.0,0,0,0.4757863711357461,0.0,0.0,0.0,0.0,1.0
3574,0.02608851654062688,0.15384615384615385,0.1302907279796492,10.7927237390064,106.591234828623,3.0,0,0,-0.3306552193971129,0.0,0.0,0.0,0.0,1.0
4985,1.4945863869420284,0.15384615384615385,-0.13659775324274978,10.7707588683748,106.776179421785,0.0,1,1,2.820048284014553,0.0,0.0,0.0,1.0,0.0
532,-0.21419165043464608,0.15384615384615385,0.1302907279796492,10.8327387531846,106.672531142458,3.0,0,1,-0.09639304316274322,0.0,0.0,0.0,0.0,1.0
3262,-1.1961350497447065,0.07692307692307693,-0.4391709580720064,10.7870872094234,106.760315790275,0.0,1,0,-0.9028346336956022,0.0,0.0,1.0,0.0,0.0
6196,0.7664722378003171,0.5384615384615385,0.1302907279796492,10.7937039626998,106.718144652547,3.0,0,1,0.6349856886503463,0.0,1.0,0.0,1.0,0.0
1829,-0.35076329075821017,0.07692307692307693,0.963530485543728,10.7458265832591,106.689829097873,3.0,0,0,-0.9028346336956022,0.0,0.0,0.0,0.0,1.0
4314,-0.37480406362233243,0.07692307692307693,-0.4391709580720064,10.7317272486577,106.616336988622,2.0,0,0,-0.5962397703258719,0.0,0.0,0.0,0.0,1.0
5556,-0.21419165043464608,0.23076923076923078,-1.2015945422910468,10.797400879663606,106.64478797546484,2.0,0,0,-0.09639304316274322,0.0,1.0,0.0,1.0,0.0
5009,-0.37480406362233243,0.23076923076923078,-0.13659775324274978,10.8609180662515,106.711480954085,0.0,1,1,0.11316161425994499,0.0,0.0,0.0,0.0,1.0
6102,-0.37480406362233243,0.15384615384615385,-0.4391709580720064,10.7957896177058,106.706763879864,2.0,0,0,0.30272686033993124,0.0,0.0,0.0,0.0,1.0
1602,-0.37480406362233243,0.07692307692307693,-0.4391709580720064,10.8106770234224,106.7135944295,2.0,0,0,-0.5962397703258719,0.0,0.0,0.0,0.0,1.0
2238,-0.10929128578611225,0.3076923076923077,0.1302907279796492,10.7919034157596,106.643535018314,3.0,0,1,0.11316161425994499,0.0,0.0,0.0,0.0,1.0
639,1.6928645581017916,0.15384615384615385,0.1302907279796492,10.8457896183705,106.718265432334,3.0,0,1,2.547164900355532,0.0,0.0,0.0,1.0,0.0
6081,0.7552290280664897,0.4615384615384616,0.1302907279796492,10.7692039823815,106.690307187657,3.0,0,1,0.6349856886503463,0.0,1.0,0.0,1.0,0.0
967,-0.12968436710496703,0.38461538461538464,0.963530485543728,10.7800262172076,106.679929568829,3.0,0,0,1.1685438955241836,0.0,0.0,0.0,1.0,0.0
5568,0.8639894412629446,0.23076923076923078,1.5713987371125986,10.7113058382974,106.694051582731,3.0,0,0,0.11316161425994499,0.0,0.0,0.0,0.0,1.0
123,0.04445490123643577,0.23076923076923078,-0.13659775324274978,10.6846924092939,106.749962080305,0.0,1,1,-0.3306552193971129,0.0,0.0,0.0,0.0,1.0
1683,-0.37480406362233243,0.23076923076923078,-0.4391709580720064,10.8409956733585,106.650975425804,2.0,0,0,0.11316161425994499,0.0,0.0,1.0,0.0,0.0
2248,-0.069330070593773,0.07692307692307693,-0.13659775324274978,10.8484381049726,106.647701102346,0.0,1,1,-0.5962397703258719,0.0,0.0,0.0,0.0,1.0
4331,-0.15036267557913827,0.23076923076923078,2.0502110105697895,10.7971977490211,106.679214599809,3.0,0,0,0.6349856886503463,0.0,0.0,0.0,1.0,0.0
5626,1.2085090863672519,0.15384615384615385,0.1302907279796492,10.8447048074181,106.753486494065,3.0,0,1,-0.09639304316274322,0.0,1.0,0.0,1.0,0.0
3686,0.4560322857850593,0.3076923076923077,0.1302907279796492,10.7695936903314,106.675930864993,0.0,1,0,2.820048284014553,0.0,0.0,0.0,0.0,1.0
155,0.6976935597780909,0.38461538461538464,0.1302907279796492,10.7978976679507,106.671455386853,3.0,0,0,2.0886695522014636,0.0,0.0,0.0,1.0,0.0
2295,0.6378280961214066,0.38461538461538464,-0.4391709580720064,10.798843102586,106.693517683266,2.0,0,1,3.1911546302336715,0.0,0.0,0.0,0.0,1.0
3908,2.182614296583261,0.15384615384615385,0.1302907279796492,10.8038389197882,106.641788412873,3.0,0,1,0.30272686033993124,0.0,0.0,0.0,1.0,0.0
4990,-0.28090108395535385,0.15384615384615385,-1.2015945422910468,10.7870962432011,106.72962800685,2.0,0,0,0.9196032047928032,0.0,0.0,0.0,0.0,1.0
1089,-0.3038236354463698,0.23076923076923078,0.1302907279796492,10.8081096241733,106.702650869839,2.0,0,0,-0.3306552193971129,0.0,0.0,0.0,0.0,1.0
5137,-0.35076329075821017,0.07692307692307693,-0.13659775324274978,10.7927917785168,106.707331415211,0.0,1,1,-0.3306552193971129,0.0,0.0,0.0,0.0,1.0
2319,-0.3992422225807697,0.0,-2.3590912406621465,10.7956285428752,106.738189158142,0.0,1,0,-1.709276224228461,0.0,0.0,0.0,0.0,1.0
2940,-0.7920776985802562,0.07692307692307693,-0.13659775324274978,10.7785582046046,106.672746566275,0.0,1,1,-1.265459390571404,0.0,0.0,0.0,0.0,1.0
5325,0.21656469094070732,0.3076923076923077,0.1302907279796492,10.7876149929008,106.764441727158,3.0,0,1,0.11316161425994499,0.0,0.0,0.0,0.0,1.0
288,-1.3286243820305652,0.15384615384615385,-0.4391709580720064,10.841638256054,106.647368622164,0.0,1,0,-0.3306552193971129,0.0,0.0,0.0,0.0,1.0
930,-0.8245729617021663,0.07692307692307693,-0.7884660886417492,10.8290367325285,106.689120980128,2.0,0,0,-1.265459390571404,0.0,0.0,0.0,1.0,0.0
2909,-0.6395223895560433,0.23076923076923078,-1.2015945422910468,10.781598235369,106.664589666445,3.0,0,0,0.11316161425994499,0.0,0.0,0.0,0.0,0.0
3975,-0.03042058936361902,0.15384615384615385,-0.4391709580720064,10.8174062548267,106.588741318124,2.0,0,0,0.11316161425994499,0.0,0.0,0.0,1.0,0.0
4883,-0.15036267557913827,0.07692307692307693,-0.4391709580720064,10.8210587444088,106.777273714874,2.0,0,1,-0.5962397703258719,0.0,1.0,0.0,1.0,0.0
2884,-0.37480406362233243,0.23076923076923078,0.5849971026224333,10.8300415829467,106.702547174139,3.0,0,0,0.9196032047928032,0.0,0.0,0.0,0.0,1.0
5773,-0.3271071868061051,0.15384615384615385,-0.13659775324274978,10.8054477781343,106.682114924738,0.0,1,1,0.30272686033993124,0.0,0.0,0.0,0.0,1.0
4913,0.23272304800393967,0.15384615384615385,-0.13659775324274978,10.7918213926122,106.597889252007,3.0,0,0,-0.3306552193971129,0.0,0.0,0.0,0.0,1.0
3247,0.3411414986789205,0.3076923076923077,0.1302907279796492,10.7985601646935,106.68751546022,3.0,0,1,2.0136066934816945,0.0,0.0,0.0,0.0,1.0
5716,0.7552290280664897,0.07692307692307693,-0.4391709580720064,10.8465360145766,106.76464766511,2.0,0,0,1.0479657854342355,0.0,0.0,0.0,1.0,0.0
3000,0.3707119834879608,0.23076923076923078,-0.4391709580720064,10.8787213541508,106.776472069323,2.0,0,1,0.11316161425994499,0.0,0.0,0.0,1.0,0.0
4663,0.6620659332917171,0.07692307692307693,0.1302907279796492,10.7909924313091,106.645429225911,3.0,0,0,-0.9028346336956022,0.0,0.0,1.0,0.0,0.0
3717,1.3881753703228958,0.5384615384615385,1.5713987371125986,10.7955615674736,106.706987751003,3.0,0,0,2.3634408616661546,0.0,0.0,0.0,1.0,0.0
6209,-0.37480406362233243,0.23076923076923078,-0.4391709580720064,10.8638367381174,106.624979330549,3.0,0,0,0.30272686033993124,0.0,0.0,0.0,0.0,1.0
942,1.487725701986062,0.15384615384615385,0.1302907279796492,10.8507551138429,106.763083946641,3.0,0,1,0.6349856886503463,0.0,0.0,0.0,1.0,0.0
2354,-1.2831292553680742,0.07692307692307693,-1.7072229052631471,10.8567444850654,106.621230537092,2.0,0,0,-1.265459390571404,0.0,0.0,1.0,0.0,0.0
4999,-0.04974733457061966,0.23076923076923078,-0.4391709580720064,10.779879156882,106.768676461637,3.0,0,0,-0.3306552193971129,0.0,0.0,0.0,0.0,1.0
5432,-0.6986692748486453,0.07692307692307693,0.1302907279796492,10.7658842746335,106.644873221442,2.0,0,0,-0.9028346336956022,0.0,0.0,0.0,0.0,1.0
5870,1.2575237945881357,0.15384615384615385,-0.13659775324274978,10.8061768719999,106.668187633344,0.0,1,1,-1.265459390571404,0.0,1.0,0.0,1.0,0.0
1698,2.5159607705674465,0.23076923076923078,2.0502110105697895,10.7700910710874,106.688367459774,3.0,0,0,0.782381234505476,0.0,0.0,0.0,1.0,0.0
5926,0.8639894412629446,0.3076923076923077,0.1302907279796492,10.8094742855928,106.689836831452,3.0,0,0,3.0142443347171786,0.0,0.0,0.0,1.0,0.0
4343,0.5626351999909364,0.15384615384615385,-1.2015945422910468,10.7426777317198,106.729670293034,3.0,0,0,0.30272686033993124,0.0,0.0,0.0,1.0,0.0
3931,0.4421497898439041,0.15384615384615385,-0.7884660886417492,10.8106213381568,106.713206206977,2.0,0,0,0.4757863711357461,0.0,0.0,1.0,0.0,0.0
4239,-0.5012464551475065,0.3076923076923077,-0.13659775324274978,10.7762664104077,106.700774957355,0.0,1,1,0.30272686033993124,0.0,0.0,0.0,1.0,0.0
4434,0.895116379479229,0.38461538461538464,-0.4391709580720064,10.8389487968058,106.665010684822,3.0,0,0,2.9674438298696835,0.0,0.0,0.0,0.0,1.0
5735,0.1330128034148692,0.15384615384615385,0.963530485543728,10.7363452911377,106.739738464355,0.0,1,0,-0.09639304316274322,0.0,1.0,0.0,1.0,0.0
985,-0.25832850878387886,0.38461538461538464,0.1302907279796492,10.7932844266854,106.687284794903,3.0,0,1,-0.09639304316274322,0.0,0.0,0.0,1.0,0.0
1821,0.2487067167045892,0.23076923076923078,0.5849971026224333,10.7695550651351,106.690451167975,2.0,0,0,0.4757863711357461,0.0,0.0,0.0,1.0,0.0
6091,1.3881753703228958,0.6153846153846154,-0.13659775324274978,10.7708608192096,106.690658869155,0.0,1,1,1.0479657854342355,0.0,1.0,0.0,1.0,0.0
5351,-0.4750780736920162,0.23076923076923078,0.1302907279796492,10.7957251787299,106.631733650267,2.0,0,0,0.11316161425994499,0.0,0.0,0.0,0.0,1.0
6011,0.3707119834879608,0.23076923076923078,0.1302907279796492,10.7383604418736,106.578061187304,3.0,0,1,0.11316161425994499,0.0,0.0,0.0,1.0,0.0
981,-1.0361439750637471,0.07692307692307693,0.1302907279796492,10.8065660541183,106.681405468071,3.0,0,1,-0.9028346336956022,0.0,0.0,0.0,1.0,0.0
5762,-0.5550151062263636,0.23076923076923078,-0.7884660886417492,10.7869287667243,106.651615695109,3.0,0,0,0.11316161425994499,0.0,0.0,0.0,1.0,0.0
3622,0.7324828108776685,0.3076923076923077,1.434027398777648,10.8007571564893,106.622819552839,0.0,1,0,0.4757863711357461,0.0,0.0,0.0,1.0,0.0
5731,-0.15036267557913827,0.23076923076923078,0.5849971026224333,10.8298004954975,106.702668926005,3.0,0,0,0.11316161425994499,0.0,0.0,0.0,0.0,1.0
3816,-0.15036267557913827,0.07692307692307693,2.0502110105697895,10.7828262119694,106.687234086984,3.0,0,0,-2.28145563852695,0.0,0.0,1.0,0.0,0.0
4506,-0.10929128578611225,0.15384615384615385,-0.13659775324274978,10.7983640782517,106.667471221333,0.0,1,1,0.11316161425994499,0.0,1.0,0.0,1.0,0.0
3880,1.0601009748869976,0.0,0.963530485543728,10.7444489082807,106.683442215247,0.0,1,0,-1.265459390571404,0.0,0.0,0.0,1.0,0.0
1473,-1.5260472017317033,0.15384615384615385,0.1302907279796492,10.7833951928641,106.676818205092,3.0,0,1,-0.9028346336956022,0.0,0.0,1.0,0.0,0.0
4771,-0.10929128578611225,0.23076923076923078,-0.7884660886417492,10.7962041140684,106.626451501624,0.0,1,0,0.30272686033993124,0.0,0.0,0.0,1.0,0.0
6020,-0.37480406362233243,0.23076923076923078,0.1302907279796492,10.8657648961044,106.6709217487,2.0,0,0,0.11316161425994499,0.0,0.0,0.0,0.0,1.0
5825,1.5284202422377637,0.15384615384615385,-0.13659775324274978,10.71354527159868,106.73427832925572,0.0,1,1,0.30272686033993124,0.0,0.0,0.0,0.0,1.0
1457,-0.4493648176687783,0.07692307692307693,-1.2015945422910468,10.7516040483782,106.701752634996,0.0,1,0,-0.5962397703258719,0.0,0.0,0.0,0.0,1.0
1395,0.49691438232451574,0.23076923076923078,2.5341556375641257,10.8306744695848,106.705461512626,3.0,0,0,0.30272686033993124,0.0,0.0,0.0,0.0,1.0
264,-0.6986692748486453,0.23076923076923078,0.1302907279796492,10.799627086485,106.589191662581,2.0,0,0,-0.3306552193971129,0.0,0.0,1.0,0.0,0.0
2748,-2.448843715749161,0.15384615384615385,-1.2015945422910468,10.7641629597523,106.646996742988,2.0,0,0,-1.265459390571404,0.0,0.0,0.0,1.0,0.0
5779,0.6378280961214066,0.3076923076923077,0.1302907279796492,10.7727056938817,106.687195201081,3.0,0,1,0.9196032047928032,0.0,1.0,0.0,1.0,0.0
2692,0.04445490123643577,0.23076923076923078,-0.4391709580720064,10.6928649766471,106.740825703405,0.0,1,0,0.11316161425994499,0.0,0.0,0.0,0.0,1.0
5181,-0.9622048207552769,0.3076923076923077,0.5849971026224333,10.7599160424071,106.645976222599,3.0,0,0,0.11316161425994499,0.0,1.0,0.0,0.0,1.0
929,-0.5826509567402912,0.38461538461538464,-0.13659775324274978,10.7792196916598,106.637801193791,0.0,1,0,0.4757863711357461,0.0,0.0,0.0,1.0,0.0
4427,0.4139875106418454,0.07692307692307693,-1.2015945422910468,10.6490119674495,106.625594479091,3.0,0,0,-0.9028346336956022,0.0,0.0,0.0,1.0,0.0
5560,1.3659422452631165,0.23076923076923078,0.1302907279796492,10.7906929843669,106.657437715951,2.0,0,0,1.769759295385021,0.0,0.0,0.0,1.0,0.0
2400,-1.6936008246407677,0.23076923076923078,0.1302907279796492,10.7666653755619,106.670975605376,3.0,0,1,-0.5962397703258719,0.0,0.0,1.0,0.0,0.0
2178,1.0322918486676274,0.3076923076923077,2.9327121238363367,10.8260697600058,106.765423594195,3.0,0,0,1.2822279616686043,0.0,0.0,0.0,0.0,1.0
4536,-0.2360953837240995,0.07692307692307693,-1.7072229052631471,10.7661282858062,106.642158458443,2.0,0,0,-1.265459390571404,0.0,0.0,0.0,1.0,0.0
246,-0.17133430316050988,0.38461538461538464,-0.13659775324274978,10.7919538304808,106.67159487086,0.0,1,1,2.0886695522014636,0.0,0.0,0.0,0.0,1.0
1594,-0.4240911260771986,0.15384615384615385,-0.4391709580720064,10.8675882227472,106.635052907532,2.0,0,0,-0.3306552193971129,0.0,0.0,0.0,0.0,1.0
1758,-0.37480406362233243,0.23076923076923078,-0.4391709580720064,10.7629702497816,106.686758684584,2.0,0,1,-0.09639304316274322,0.0,0.0,0.0,1.0,0.0
6126,0.6378280961214066,0.3076923076923077,0.5849971026224333,10.8011609823262,106.688859135397,3.0,0,0,0.9196032047928032,0.0,0.0,0.0,0.0,0.0
4856,-0.28090108395535385,0.07692307692307693,-1.7072229052631471,10.7263487447187,106.73349972603,0.0,1,0,-0.9028346336956022,0.0,0.0,0.0,0.0,1.0
923,-0.4750780736920162,0.07692307692307693,-1.7072229052631471,10.7515719624438,106.72886951647,0.0,1,0,-0.9028346336956022,0.0,0.0,0.0,0.0,1.0
3689,-0.12968436710496703,0.23076923076923078,-0.13659775324274978,10.8415378029097,106.725384742814,0.0,1,1,0.11316161425994499,0.0,0.0,0.0,0.0,1.0
4645,-0.069330070593773,0.0,-0.13659775324274978,10.8186824730969,106.599669573001,2.0,0,0,-1.265459390571404,0.0,0.0,0.0,1.0,0.0
268,-0.2360953837240995,0.07692307692307693,-0.4391709580720064,10.7516360510882,106.701764704307,0.0,1,0,-1.265459390571404,0.0,0.0,0.0,0.0,1.0
669,1.791272984384513,0.3076923076923077,0.963530485543728,10.7934264555922,106.691339305944,2.0,0,0,0.11316161425994499,0.0,0.0,0.0,1.0,0.0
4182,-0.04974733457061966,0.15384615384615385,-1.7072229052631471,10.7978633116561,106.70503819197,3.0,0,0,1.3897638631431688,0.0,0.0,0.0,0.0,1.0
1910,-1.5260472017317033,0.15384615384615385,-1.7072229052631471,10.7724060645513,106.668947390239,0.0,1,0,-0.5962397703258719,0.0,0.0,0.0,0.0,1.0
5007,0.4421497898439041,0.23076923076923078,1.287787426350749,10.8448071089136,106.718193926109,0.0,1,0,0.11316161425994499,0.0,0.0,0.0,0.0,1.0
4372,-0.25832850878387886,0.0,0.1302907279796492,10.7456394536587,106.712825466302,3.0,0,0,-2.28145563852695,0.0,0.0,0.0,1.0,0.0
1152,-0.6986692748486453,0.15384615384615385,-0.4391709580720064,10.8122467094363,106.686432181442,2.0,0,1,-0.09639304316274322,0.0,0.0,0.0,1.0,0.0
5782,-0.4240911260771986,0.23076923076923078,-0.7884660886417492,10.8135600114191,106.689881122225,0.0,1,0,0.11316161425994499,0.0,0.0,0.0,1.0,0.0
5168,1.985191476882123,0.15384615384615385,0.1302907279796492,10.7817406375312,106.663220598809,3.0,0,1,-1.265459390571404,0.0,0.0,0.0,1.0,0.0
6059,0.6378280961214066,0.3076923076923077,0.963530485543728,10.737964994499142,106.69018898620996,3.0,0,0,0.4757863711357461,0.0,0.0,0.0,0.0,1.0
5371,2.2415926274716456,0.23076923076923078,-0.13659775324274978,10.7934758328669,106.718273976689,0.0,1,1,0.30272686033993124,0.0,0.0,0.0,0.0,1.0
2696,-0.25832850878387886,0.07692307692307693,-1.7072229052631471,10.6924813391351,106.741020119047,0.0,1,0,-0.9028346336956022,0.0,0.0,0.0,0.0,1.0
2591,-0.25832850878387886,0.23076923076923078,-0.13659775324274978,10.7931299319634,106.687341103185,0.0,1,1,-0.09639304316274322,1.0,0.0,0.0,1.0,0.0
5326,0.3707119834879608,0.0,0.1302907279796492,10.7845389183885,106.778689804875,3.0,0,1,-1.709276224228461,0.0,0.0,0.0,1.0,0.0
1781,-0.6395223895560433,0.23076923076923078,0.963530485543728,10.866496,106.68464,0.0,1,0,0.11316161425994499,0.0,0.0,0.0,0.0,1.0
2413,0.04445490123643577,0.3076923076923077,0.5849971026224333,10.7826969790206,106.609064470382,3.0,0,0,0.4757863711357461,0.0,0.0,0.0,0.0,0.0
3013,-0.5012464551475065,0.15384615384615385,-1.7072229052631471,10.8107506204282,106.66638442458,0.0,1,0,0.6349856886503463,0.0,0.0,0.0,0.0,1.0
5499,0.3707119834879608,0.23076923076923078,2.0502110105697895,10.8813300158916,106.637659696471,3.0,0,0,0.11316161425994499,0.0,0.0,0.0,1.0,0.0
2307,0.1330128034148692,0.07692307692307693,-0.7884660886417492,10.7859749744478,106.768085396118,2.0,0,0,0.30272686033993124,0.0,0.0,0.0,0.0,1.0
3544,1.7856620670050765,0.07692307692307693,0.1302907279796492,10.7499153691233,106.644394713834,3.0,0,1,-0.5962397703258719,0.0,0.0,1.0,0.0,0.0
687,-0.5278863642596802,0.38461538461538464,2.9327121238363367,10.7836173383842,106.697280825313,3.0,0,0,0.11316161425994499,0.0,0.0,0.0,1.0,0.0
1915,-0.6986692748486453,0.23076923076923078,-0.4391709580720064,10.7418649890129,106.638651666497,2.0,0,1,0.11316161425994499,0.0,0.0,0.0,1.0,0.0
5925,-0.3992422225807697,0.3076923076923077,-1.2015945422910468,10.8158082419029,106.69384299115,3.0,0,0,0.9196032047928032,0.0,0.0,0.0,0.0,1.0
612,0.04445490123643577,0.23076923076923078,0.1302907279796492,10.6925167069562,106.740939603671,3.0,0,0,0.11316161425994499,0.0,0.0,0.0,0.0,1.0
3071,-0.10929128578611225,0.07692307692307693,-0.7884660886417492,10.7842614456114,106.759413884314,3.0,0,0,-1.265459390571404,0.0,0.0,1.0,0.0,0.0
5569,-0.15036267557913827,0.15384615384615385,-0.13659775324274978,21.02894860978742,105.85244722590336,0.0,1,1,-0.09639304316274322,0.0,1.0,0.0,1.0,0.0
3200,-0.7920776985802562,0.15384615384615385,-1.2015945422910468,10.8708522868049,106.628422089567,2.0,0,0,-0.9028346336956022,0.0,0.0,0.0,1.0,0.0
2267,-0.8245729617021663,0.23076923076923078,0.963530485543728,10.7315738808673,106.744878353215,0.0,1,0,-0.3306552193971129,0.0,0.0,0.0,0.0,1.0
6039,0.20022778488202966,0.4615384615384616,0.1302907279796492,10.767814019108,106.691144388189,3.0,0,1,0.782381234505476,0.0,1.0,0.0,1.0,0.0
2533,-0.12968436710496703,0.23076923076923078,1.5713987371125986,10.7645971584415,106.627036314458,3.0,0,0,0.4757863711357461,0.0,0.0,0.0,0.0,1.0
39,1.304965564000573,0.15384615384615385,1.5713987371125986,10.8106845968801,106.789022922617,0.0,1,0,0.4757863711357461,0.0,0.0,0.0,0.0,1.0
1898,0.04445490123643577,0.23076923076923078,0.963530485543728,10.73968604092,106.678100548582,3.0,0,0,1.3897638631431688,0.0,0.0,0.0,1.0,0.0
1649,-0.4493648176687783,0.15384615384615385,-0.13659775324274978,10.759778221068,106.70967721647,0.0,1,1,-0.3306552193971129,0.0,0.0,0.0,0.0,1.0
5406,-0.9622048207552769,0.07692307692307693,0.5849971026224333,10.7568414928991,106.647178640679,3.0,0,0,-1.265459390571404,0.0,0.0,0.0,1.0,0.0
258,1.424503363925633,0.15384615384615385,2.0502110105697895,10.7423564274956,106.716838616201,0.0,1,0,0.30272686033993124,0.0,0.0,0.0,0.0,1.0
2924,-0.8245729617021663,0.07692307692307693,0.5849971026224333,10.7512925748966,106.728562176528,0.0,1,0,-0.5962397703258719,0.0,0.0,1.0,0.0,0.0
2434,0.3997026173414371,0.23076923076923078,0.1302907279796492,10.7962821653159,106.608722087168,0.0,1,0,1.1685438955241836,0.0,0.0,0.0,0.0,1.0
847,-0.25832850878387886,0.23076923076923078,0.1302907279796492,10.7695955617023,106.67573847309,3.0,0,1,0.4757863711357461,0.0,0.0,0.0,1.0,0.0
2822,-1.7539551211519617,0.07692307692307693,-0.13659775324274978,10.8109915226687,106.693761576322,0.0,1,1,-1.265459390571404,0.0,0.0,0.0,1.0,0.0
5221,-1.3286243820305652,0.15384615384615385,-0.13659775324274978,10.7833663940565,106.647389873156,0.0,1,1,-0.5962397703258719,0.0,1.0,0.0,0.0,1.0
3339,-0.37480406362233243,0.3076923076923077,0.1302907279796492,10.7473543150005,106.699225784596,3.0,0,0,-0.09639304316274322,0.0,0.0,1.0,0.0,0.0
5338,0.5366963775693665,0.15384615384615385,-0.13659775324274978,10.7997114467576,106.630669400271,0.0,1,1,0.11316161425994499,0.0,0.0,0.0,1.0,0.0
5479,-0.9622048207552769,0.0,0.5849971026224333,10.7335978163695,106.627925208075,3.0,0,0,-1.265459390571404,0.0,0.0,1.0,0.0,0.0
4184,0.3707119834879608,0.0,-0.4391709580720064,10.7956443869004,106.70697351206,2.0,0,0,-0.5962397703258719,0.0,0.0,1.0,0.0,0.0
1233,-1.424042969164965,0.23076923076923078,-0.4391709580720064,10.762932852486,106.703121968538,2.0,0,1,-0.3306552193971129,0.0,0.0,0.0,0.0,1.0
1127,0.4560322857850593,0.07692307692307693,-0.4391709580720064,10.7939639064912,106.642170172643,3.0,0,0,-1.709276224228461,0.0,0.0,0.0,0.0,1.0
3870,-0.8917879431693261,0.07692307692307693,-1.7072229052631471,10.812228764494,106.728607717956,0.0,1,0,-1.265459390571404,0.0,0.0,0.0,0.0,1.0
1967,1.0692556478206303,0.3076923076923077,2.5341556375641257,10.8449317475125,106.718189297864,3.0,0,0,0.11316161425994499,0.0,0.0,0.0,1.0,0.0
558,0.007491102083431382,0.3076923076923077,0.1302907279796492,10.8031167839739,106.716472915271,2.0,0,0,2.0886695522014636,0.0,0.0,0.0,0.0,1.0
904,-0.9622048207552769,0.38461538461538464,-0.7884660886417492,10.8028403005009,106.69561576175,3.0,0,0,0.11316161425994499,0.0,0.0,0.0,0.0,1.0
2614,0.6499966829618635,0.4615384615384616,0.1302907279796492,10.7937355785327,106.689684947752,3.0,0,1,0.9196032047928032,0.0,0.0,0.0,0.0,1.0
3143,0.23272304800393967,0.07692307692307693,2.9327121238363367,10.7640353875986,106.656269852432,0.0,1,0,-0.5962397703258719,0.0,0.0,0.0,0.0,1.0
484,-0.4240911260771986,0.07692307692307693,-1.2015945422910468,10.7234549783007,106.61980629095,0.0,1,0,-0.9028346336956022,0.0,0.0,0.0,0.0,1.0
2211,-0.28090108395535385,0.23076923076923078,2.0502110105697895,10.7643159840979,106.690628284959,3.0,0,0,0.4757863711357461,0.0,0.0,0.0,1.0,0.0
1320,0.09822355231529148,0.07692307692307693,-1.2015945422910468,10.7930286328162,106.623508437277,0.0,1,0,-2.28145563852695,0.0,0.0,1.0,0.0,0.0
3699,2.253930459473521,0.38461538461538464,0.1302907279796492,10.8286733001631,106.683718938262,3.0,0,1,-0.09639304316274322,0.0,0.0,0.0,1.0,0.0
2555,-0.6395223895560433,0.15384615384615385,-0.4391709580720064,10.684911659544,106.750353002475,3.0,0,0,-0.3306552193971129,0.0,0.0,0.0,0.0,0.0
7,0.1330128034148692,0.3076923076923077,1.1314541939483909,10.8455916369224,106.717976140987,0.0,1,0,0.4757863711357461,0.0,0.0,0.0,0.0,0.0
2315,0.6499966829618635,0.0,0.1302907279796492,10.7749255821307,106.664684535871,3.0,0,1,-0.9028346336956022,0.0,0.0,1.0,0.0,0.0
5332,2.1565994033142566,0.23076923076923078,0.1302907279796492,10.8548451122484,106.768144419657,3.0,0,1,4.093964604485624,0.0,0.0,0.0,1.0,0.0
4594,-0.9265771942689038,0.23076923076923078,-1.7072229052631471,10.8385769606873,106.651907361081,0.0,1,0,0.6349856886503463,0.0,0.0,0.0,0.0,1.0
4525,1.7743759438410165,0.0,2.9327121238363367,10.804416066651,106.815755976623,0.0,1,0,1.0479657854342355,1.0,0.0,0.0,1.0,0.0
5529,-0.03042058936361902,0.07692307692307693,0.1302907279796492,10.7456765968145,106.619132375675,3.0,0,1,-1.265459390571404,0.0,0.0,0.0,1.0,0.0
1450,0.21656469094070732,0.23076923076923078,0.963530485543728,10.7648505716688,106.616301783203,0.0,1,0,0.4757863711357461,0.0,0.0,1.0,0.0,0.0
1201,0.7552290280664897,0.38461538461538464,-0.13659775324274978,10.8118770788486,106.667014875472,0.0,1,1,2.6048190729938816,1.0,0.0,0.0,1.0,0.0
2426,-1.0745480811548156,0.07692307692307693,-0.13659775324274978,10.8390139843943,106.665176852533,0.0,1,1,-1.709276224228461,0.0,0.0,0.0,1.0,0.0
2648,0.5102943374875497,0.15384615384615385,0.1302907279796492,10.8756463218889,106.685561133607,3.0,0,0,1.1685438955241836,0.0,0.0,0.0,1.0,0.0
1814,0.28016481741637705,0.23076923076923078,0.1302907279796492,10.783015404209,106.658444985281,3.0,0,1,1.0479657854342355,0.0,0.0,0.0,0.0,1.0
2726,-1.5260472017317033,0.07692307692307693,-0.4391709580720064,10.7920426063142,106.671516085911,0.0,1,0,-1.709276224228461,0.0,0.0,1.0,0.0,0.0
773,0.21656469094070732,0.15384615384615385,1.434027398777648,10.7078327676071,106.734716341764,0.0,1,0,0.11316161425994499,0.0,0.0,0.0,0.0,1.0
2274,-0.6688000780565717,0.07692307692307693,-0.13659775324274978,10.7806083234068,106.655172351748,0.0,1,1,-0.5962397703258719,0.0,0.0,0.0,0.0,1.0
1011,1.9504022257825453,0.6153846153846154,-0.13659775324274978,10.811048007719,106.666175271472,0.0,1,1,0.6349856886503463,0.0,1.0,0.0,1.0,0.0
4244,0.5497226728921797,0.07692307692307693,-0.4391709580720064,10.8061972940294,106.69072097647,2.0,0,0,-0.09639304316274322,1.0,0.0,0.0,1.0,0.0
3168,-0.7291543745677658,0.07692307692307693,-1.7072229052631471,10.726538981071,106.733593924958,0.0,1,0,-1.265459390571404,0.0,0.0,0.0,0.0,1.0
3844,0.18370833978305584,0.23076923076923078,0.963530485543728,10.7818141363758,106.765302101846,3.0,0,0,0.6349856886503463,0.0,0.0,0.0,0.0,1.0
1991,-0.5826509567402912,0.07692307692307693,-1.7072229052631471,10.8499427114754,106.695487390052,1.0,0,0,-0.9028346336956022,0.0,0.0,0.0,0.0,1.0
1277,-0.6688000780565717,0.07692307692307693,-0.4391709580720064,10.8379965797248,106.636668253295,2.0,0,1,-1.265459390571404,0.0,0.0,0.0,1.0,0.0
1783,-0.35076329075821017,0.23076923076923078,-1.2015945422910468,21.0289486097874,105.852447225903,2.0,0,0,0.30272686033993124,0.0,0.0,0.0,0.0,1.0
4462,2.1211851363715097,0.15384615384615385,-0.13659775324274978,10.8052665980474,106.740492743873,0.0,1,1,1.9355994527483495,0.0,1.0,0.0,1.0,0.0
446,0.4421497898439041,0.23076923076923078,0.1302907279796492,10.763169223956,106.687118171078,3.0,0,1,-0.09639304316274322,0.0,0.0,0.0,0.0,1.0
880,1.8299642566326462,0.07692307692307693,2.9327121238363367,10.8111440703938,106.610681422968,3.0,0,0,-0.5962397703258719,0.0,0.0,0.0,1.0,0.0
4880,0.7552290280664897,0.0,2.9327121238363367,10.7128924707691,106.58124698326,0.0,1,0,-2.28145563852695,0.0,0.0,0.0,1.0,0.0
5613,1.0601009748869976,0.15384615384615385,1.5713987371125986,10.8185680528374,106.781284559642,0.0,1,0,0.11316161425994499,0.0,0.0,0.0,1.0,0.0
2727,-0.37480406362233243,0.07692307692307693,-0.4391709580720064,10.7368209315643,106.704751738775,0.0,1,0,-1.265459390571404,0.0,0.0,1.0,0.0,0.0
3048,-0.5550151062263636,0.23076923076923078,-0.7884660886417492,10.8481249767119,106.642570104993,3.0,0,0,0.11316161425994499,0.0,0.0,1.0,0.0,0.0
5050,1.1230242988994874,0.3076923076923077,-0.4391709580720064,10.8511472045542,106.764769523024,3.0,0,0,3.5037857036596853,0.0,0.0,0.0,0.0,1.0
781,-1.424042969164965,0.23076923076923078,0.1302907279796492,10.7445990029644,106.696936721817,3.0,0,1,-0.3306552193971129,0.0,0.0,0.0,0.0,1.0
2651,-1.0745480811548156,0.3076923076923077,-0.7884660886417492,10.8054488300738,106.682169600556,0.0,1,0,-0.09639304316274322,0.0,0.0,0.0,0.0,1.0
6117,-0.15036267557913827,0.23076923076923078,-0.4391709580720064,10.8469851163765,106.757590855999,0.0,1,0,-0.09639304316274322,0.0,0.0,0.0,0.0,1.0
1749,0.04445490123643577,0.23076923076923078,0.963530485543728,10.7050523902962,106.735080930397,0.0,1,0,0.11316161425994499,0.0,0.0,0.0,0.0,1.0
2126,-0.6688000780565717,0.23076923076923078,0.5849971026224333,10.7975757940965,106.688746655024,3.0,0,0,0.11316161425994499,0.0,0.0,0.0,0.0,1.0
4076,-0.5012464551475065,0.23076923076923078,-0.4391709580720064,10.8870634355757,106.724181442973,3.0,0,0,-0.09639304316274322,0.0,0.0,0.0,1.0,0.0
2791,-0.1926076911174569,0.15384615384615385,-0.13659775324274978,10.895373075425049,106.57423820346594,0.0,1,1,-0.09639304316274322,0.0,0.0,0.0,1.0,0.0
2423,0.29564637201642957,0.07692307692307693,0.1302907279796492,10.7898575380314,106.589661584153,2.0,0,0,0.6349856886503463,0.0,0.0,1.0,0.0,0.0
6148,-0.28090108395535385,0.23076923076923078,-0.4391709580720064,10.749210449716,106.710085550474,3.0,0,0,0.30272686033993124,0.0,0.0,0.0,0.0,1.0
5426,-1.8825992628308728,0.23076923076923078,0.1302907279796492,10.7717425031749,106.645864029425,2.0,0,0,-0.9028346336956022,0.0,0.0,1.0,0.0,0.0
883,-0.9622048207552769,0.3076923076923077,-1.2015945422910468,10.8024092693849,106.695561628936,0.0,1,0,0.4757863711357461,0.0,0.0,0.0,0.0,1.0
5638,-0.37480406362233243,0.23076923076923078,-0.13659775324274978,10.7438471837232,106.630706778547,0.0,1,1,0.11316161425994499,0.0,0.0,0.0,1.0,0.0
1091,-0.9622048207552769,0.07692307692307693,-1.7072229052631471,10.7402091560475,106.735851266903,1.0,0,0,-0.9028346336956022,0.0,0.0,0.0,1.0,0.0
6213,0.7209771111378261,0.15384615384615385,0.1302907279796492,10.882215582066,106.77272331011,3.0,0,1,0.11316161425994499,0.0,0.0,0.0,1.0,0.0
4329,0.7887053628600965,0.0,-0.13659775324274978,10.7300450702541,106.699985323364,0.0,1,1,-2.28145563852695,0.0,0.0,0.0,1.0,0.0
531,-0.5826509567402912,0.15384615384615385,-0.13659775324274978,10.8782426752442,106.770028188637,2.0,0,0,-0.5962397703258719,0.0,0.0,0.0,1.0,0.0
5491,-0.37480406362233243,0.07692307692307693,-0.4391709580720064,10.7866681215783,106.627584014242,0.0,1,0,-0.9028346336956022,0.0,0.0,0.0,0.0,1.0
2438,-0.011343228479551189,0.3076923076923077,-0.4391709580720064,10.8499776103379,106.651755461044,0.0,1,0,0.11316161425994499,0.0,0.0,0.0,0.0,1.0
5105,-0.3992422225807697,0.07692307692307693,0.1302907279796492,10.8084228703447,106.688628652314,3.0,0,1,-0.09639304316274322,0.0,0.0,0.0,0.0,1.0
5899,-0.4750780736920162,0.07692307692307693,-1.2015945422910468,10.6928607738248,106.740881596835,0.0,1,0,-0.9028346336956022,0.0,0.0,0.0,1.0,0.0
2608,-1.424042969164965,0.3076923076923077,-1.2015945422910468,10.8063374037674,106.684464852513,2.0,0,0,0.11316161425994499,0.0,0.0,0.0,0.0,1.0
5160,0.9053480809024144,0.3076923076923077,1.1314541939483909,10.841423,106.84012,3.0,0,0,1.769759295385021,0.0,1.0,0.0,1.0,0.0
2290,-0.6395223895560433,0.3076923076923077,-0.13659775324274978,10.851383364223,106.658520871717,0.0,1,1,-0.3306552193971129,0.0,0.0,0.0,0.0,1.0
1727,0.3707119834879608,0.23076923076923078,0.1302907279796492,10.6927937999711,106.7410722292,0.0,1,0,0.11316161425994499,0.0,0.0,0.0,0.0,1.0
610,-0.6986692748486453,0.07692307692307693,-0.4391709580720064,10.8147774168062,106.689121607081,2.0,0,0,-1.265459390571404,0.0,0.0,1.0,0.0,0.0
570,-0.6986692748486453,0.07692307692307693,-0.13659775324274978,10.8378763031867,106.636641917965,0.0,1,1,-1.265459390571404,0.0,0.0,0.0,1.0,0.0
1979,1.3881753703228958,0.07692307692307693,2.9327121238363367,10.8441505749706,106.778696308084,3.0,0,0,-1.265459390571404,0.0,0.0,0.0,0.0,1.0
1317,-0.1926076911174569,0.0,-0.4391709580720064,10.9023970966215,106.552753037312,2.0,0,1,-1.709276224228461,0.0,0.0,0.0,1.0,0.0
343,-0.35076329075821017,0.07692307692307693,-0.4391709580720064,10.8079739499987,106.702956532544,2.0,0,1,-0.09639304316274322,1.0,0.0,0.0,1.0,0.0
587,-0.03042058936361902,0.07692307692307693,-1.7072229052631471,10.8139111548125,106.624155242684,0.0,1,0,-0.09639304316274322,0.0,0.0,0.0,0.0,1.0
4905,0.8639894412629446,0.38461538461538464,3.2715410320204437,10.844811932164,106.70887463349,3.0,0,0,0.6349856886503463,0.0,0.0,0.0,0.0,1.0
636,-0.10929128578611225,0.07692307692307693,0.1302907279796492,10.8895588328799,106.683619741368,3.0,0,0,-0.5962397703258719,0.0,0.0,0.0,0.0,1.0
434,-0.37480406362233243,0.15384615384615385,-0.4391709580720064,10.7301012688637,106.738665293908,2.0,0,0,0.11316161425994499,0.0,0.0,0.0,0.0,1.0
1903,-0.28090108395535385,0.15384615384615385,0.1302907279796492,10.8632751158267,106.639298089163,3.0,0,1,-0.9028346336956022,0.0,0.0,0.0,1.0,0.0
3215,-0.5278863642596802,0.07692307692307693,-1.2015945422910468,10.7960286136698,106.621996420302,3.0,0,0,-1.265459390571404,0.0,0.0,0.0,1.0,0.0
97,-0.5826509567402912,0.3076923076923077,-0.13659775324274978,10.7825822310955,106.608989930644,0.0,1,0,0.11316161425994499,0.0,0.0,0.0,0.0,0.0
5184,0.21656469094070732,0.23076923076923078,0.1302907279796492,10.7554383513197,106.606132348345,3.0,0,1,0.30272686033993124,0.0,0.0,0.0,1.0,0.0
5059,-0.04974733457061966,0.15384615384615385,0.1302907279796492,10.79408782685,106.668278958688,2.0,0,0,-0.3306552193971129,0.0,0.0,0.0,1.0,0.0
3749,-5.286913654570458,0.07692307692307693,-0.13659775324274978,10.8433670553981,106.63447349491,0.0,1,0,0.11316161425994499,0.0,0.0,0.0,1.0,0.0
5998,0.385278357028152,0.23076923076923078,-0.13659775324274978,10.8694356096724,106.673828132878,0.0,1,1,0.11316161425994499,0.0,0.0,0.0,0.0,1.0
2069,0.09822355231529148,0.23076923076923078,0.963530485543728,10.6845567834267,106.750009770425,3.0,0,0,0.11316161425994499,0.0,0.0,0.0,0.0,1.0
1537,-0.28090108395535385,0.07692307692307693,-0.4391709580720064,10.7632499553397,106.686829267876,2.0,0,0,-0.9028346336956022,0.0,0.0,0.0,1.0,0.0
3806,0.6499966829618635,0.3076923076923077,-0.13659775324274978,10.7937841515297,106.708631159818,0.0,1,1,0.9196032047928032,0.0,0.0,0.0,0.0,0.0
4338,0.11572050155235063,0.07692307692307693,0.1302907279796492,10.7480641822605,106.615798655459,3.0,0,1,-1.265459390571404,0.0,0.0,0.0,1.0,0.0
5006,-0.6986692748486453,0.23076923076923078,-0.4391709580720064,10.7514681230014,106.70179720716,0.0,1,0,0.11316161425994499,0.0,0.0,0.0,0.0,1.0
3690,1.5417399265153626,0.23076923076923078,-0.13659775324274978,10.729378828058,106.707415289916,0.0,1,1,0.782381234505476,0.0,0.0,0.0,0.0,1.0
1517,-0.4240911260771986,0.23076923076923078,0.1302907279796492,10.7891270864866,106.756360363215,3.0,0,0,-0.09639304316274322,0.0,0.0,0.0,0.0,1.0
965,-0.6395223895560433,0.15384615384615385,-0.7884660886417492,10.8378833944635,106.636311071457,3.0,0,0,-0.3306552193971129,0.0,0.0,1.0,0.0,0.0
5537,1.2332195493977356,0.38461538461538464,3.2715410320204437,10.8455795719031,106.718144904718,0.0,1,0,0.782381234505476,0.0,0.0,0.0,0.0,1.0
528,-0.28090108395535385,0.0,0.963530485543728,10.8874565293383,106.595655266073,3.0,0,0,-1.709276224228461,0.0,0.0,0.0,1.0,0.0
176,-1.424042969164965,0.07692307692307693,-0.13659775324274978,10.8442723300725,106.668197884521,0.0,1,1,-1.265459390571404,0.0,0.0,0.0,1.0,0.0
2470,-1.9513779408530998,0.07692307692307693,-1.7072229052631471,10.841877784493,106.676932875241,1.0,0,1,-1.265459390571404,0.0,0.0,0.0,1.0,0.0
4740,1.6192323323713378,0.15384615384615385,0.1302907279796492,10.8131272141816,106.696634933409,3.0,0,1,0.11316161425994499,0.0,1.0,0.0,0.0,1.0
6007,0.08051705379647196,0.23076923076923078,-0.4391709580720064,10.8674535923002,106.626668380379,2.0,0,1,0.11316161425994499,0.0,0.0,0.0,0.0,1.0
3001,-0.7920776985802562,0.07692307692307693,-0.4391709580720064,10.7837505428291,106.658430784394,0.0,1,0,0.11316161425994499,0.0,0.0,0.0,1.0,0.0
5389,0.04445490123643577,0.23076923076923078,0.1302907279796492,10.8000280460014,106.650704397356,0.0,1,0,0.11316161425994499,0.0,1.0,0.0,0.0,1.0
3425,1.5809937797158604,0.6923076923076923,-0.13659775324274978,10.7777759,106.628972,0.0,1,1,5.66459275832731,0.0,0.0,0.0,0.0,1.0
572,-1.0745480811548156,0.15384615384615385,-0.4391709580720064,10.792058272143,106.677792139696,3.0,0,0,-0.5962397703258719,0.0,0.0,1.0,0.0,0.0
3625,0.2487067167045892,0.07692307692307693,2.5341556375641257,10.8136816065677,106.689737812715,3.0,0,0,0.11316161425994499,0.0,0.0,1.0,0.0,0.0
592,-0.3271071868061051,0.15384615384615385,0.5849971026224333,10.8068257953787,106.64795374765,3.0,0,0,-0.5962397703258719,0.0,0.0,0.0,1.0,0.0
5850,-0.10929128578611225,0.07692307692307693,2.0502110105697895,10.8197631161434,106.675078055988,0.0,1,0,-0.5962397703258719,0.0,0.0,0.0,0.0,1.0
3062,0.06259592582891907,0.0,-1.2015945422910468,10.8389094697383,106.669351275404,2.0,0,0,1.1685438955241836,0.0,0.0,0.0,1.0,0.0
5913,1.807979093830051,0.5384615384615385,0.1302907279796492,10.7949978997779,106.687671013053,3.0,0,1,-0.09639304316274322,0.0,0.0,0.0,1.0,0.0
2374,-1.113976416559445,0.07692307692307693,0.1302907279796492,10.779719231487,106.761329473009,3.0,0,1,-1.265459390571404,0.0,0.0,1.0,0.0,0.0
3064,-0.069330070593773,0.07692307692307693,1.434027398777648,10.7904002978812,106.707839993032,0.0,1,0,-0.9028346336956022,0.0,0.0,0.0,1.0,0.0
5906,1.0601009748869976,0.38461538461538464,-0.13659775324274978,10.8018372420631,106.649986981276,0.0,1,1,1.0479657854342355,0.0,1.0,0.0,1.0,0.0
5482,0.04445490123643577,0.07692307692307693,-0.4391709580720064,10.7597770817222,106.599026122819,3.0,0,0,-1.265459390571404,0.0,0.0,0.0,1.0,0.0
4055,-0.011343228479551189,0.3076923076923077,-0.13659775324274978,10.807721533041,106.702839663672,0.0,1,1,0.11316161425994499,0.0,0.0,0.0,1.0,0.0
4403,-0.25832850878387886,0.07692307692307693,-0.4391709580720064,10.8436389015568,106.634181166187,2.0,0,1,-0.9028346336956022,0.0,0.0,0.0,1.0,0.0
2208,-0.011343228479551189,0.23076923076923078,0.1302907279796492,10.8075166052677,106.678461285032,3.0,0,0,0.30272686033993124,0.0,0.0,0.0,1.0,0.0
6118,0.23272304800393967,0.23076923076923078,-0.13659775324274978,10.7971308808599,106.679429419041,0.0,1,1,0.11316161425994499,0.0,0.0,0.0,0.0,1.0
2492,-0.8577985162466776,0.15384615384615385,-1.7072229052631471,10.8061389787926,106.697139844745,3.0,0,0,0.6349856886503463,0.0,0.0,0.0,1.0,0.0
4195,-1.8168784451644522,0.15384615384615385,0.1302907279796492,10.7873371060843,106.698468200687,3.0,0,1,-1.265459390571404,0.0,1.0,0.0,1.0,0.0
383,-0.7602813127840508,0.0,0.1302907279796492,10.8196797989061,106.702665228633,3.0,0,1,-0.9028346336956022,0.0,0.0,0.0,1.0,0.0
852,-0.4493648176687783,0.15384615384615385,-1.2015945422910468,10.7918931228845,106.715752853542,0.0,1,0,-0.5962397703258719,0.0,0.0,0.0,0.0,1.0
1880,-0.4750780736920162,0.23076923076923078,0.963530485543728,10.7904786802833,106.692400102067,3.0,0,0,0.4757863711357461,0.0,0.0,0.0,1.0,0.0
370,-0.9622048207552769,0.3076923076923077,0.1302907279796492,10.8289883660567,106.689193914141,2.0,0,0,0.11316161425994499,0.0,0.0,1.0,0.0,0.0
5789,0.4139875106418454,0.07692307692307693,0.1302907279796492,10.812304764939,106.692606512283,0.0,1,0,-0.9028346336956022,0.0,0.0,0.0,1.0,0.0
4438,0.6859128205146215,0.15384615384615385,1.287787426350749,10.7447752580652,106.708784450053,3.0,0,0,-0.09639304316274322,0.0,0.0,0.0,0.0,1.0
5464,-0.8245729617021663,0.0,2.0502110105697895,10.8712000896548,106.637190855,3.0,0,0,-2.28145563852695,0.0,0.0,0.0,1.0,0.0
5429,-0.5826509567402912,0.23076923076923078,-0.7884660886417492,10.7929447226808,106.647504255328,0.0,1,0,0.6349856886503463,0.0,0.0,0.0,1.0,0.0
1105,-0.3992422225807697,0.3076923076923077,-0.7884660886417492,10.8494927042599,106.65076485735,2.0,0,0,0.30272686033993124,0.0,0.0,0.0,0.0,1.0
4038,-0.8577985162466776,0.38461538461538464,-1.2015945422910468,10.835937479428,106.661248721324,0.0,1,0,-0.3306552193971129,0.0,0.0,0.0,0.0,1.0
2361,0.5754359289154177,0.3076923076923077,2.9327121238363367,10.799478,106.6193525,0.0,1,0,0.782381234505476,0.0,0.0,1.0,0.0,0.0
5061,0.4281357043022882,0.3076923076923077,1.5713987371125986,10.7777686855291,106.628936515494,3.0,0,0,0.4757863711357461,0.0,0.0,1.0,0.0,0.0
1336,-0.3038236354463698,0.07692307692307693,-1.7072229052631471,10.7318524718392,106.731462223863,3.0,0,0,-1.265459390571404,0.0,0.0,1.0,0.0,0.0
2189,-0.6108132359423499,0.07692307692307693,-1.7072229052631471,10.8511159048162,106.637308001518,2.0,0,0,-1.265459390571404,0.0,0.0,0.0,1.0,0.0
5778,-1.5260472017317033,0.07692307692307693,-0.4391709580720064,10.7920426063142,106.671516085911,0.0,1,0,-1.709276224228461,0.0,0.0,1.0,0.0,0.0
5673,-1.8825992628308728,0.07692307692307693,-1.2015945422910468,10.8805163608587,106.630713570794,0.0,1,0,-1.265459390571404,1.0,0.0,1.0,0.0,0.0
3659,0.1330128034148692,0.3076923076923077,1.1314541939483909,10.8455916369224,106.717976140987,0.0,1,0,0.4757863711357461,0.0,0.0,0.0,0.0,0.0
2246,-1.4741655642529736,0.23076923076923078,-0.13659775324274978,10.8402599753503,106.664034470126,0.0,1,1,-0.3306552193971129,0.0,0.0,0.0,1.0,0.0
4322,0.5497226728921797,0.07692307692307693,-0.7884660886417492,10.8586411177396,106.778045199233,2.0,0,0,0.6349856886503463,0.0,0.0,0.0,1.0,0.0
6100,0.1330128034148692,0.3076923076923077,-0.4391709580720064,10.8109847884414,106.713227170704,0.0,1,0,1.2822279616686043,0.0,0.0,0.0,0.0,1.0
1171,-0.5826509567402912,0.3076923076923077,0.1302907279796492,10.7396070241325,106.617161261605,0.0,1,0,0.30272686033993124,0.0,0.0,0.0,0.0,1.0
3274,-0.6395223895560433,0.15384615384615385,-0.7884660886417492,10.785850182069,106.698551943771,0.0,1,0,0.6349856886503463,0.0,0.0,0.0,0.0,1.0
5983,0.09822355231529148,0.15384615384615385,0.1302907279796492,10.807087066818,106.799857799221,3.0,0,1,0.11316161425994499,0.0,0.0,1.0,0.0,0.0
2001,-0.7291543745677658,0.15384615384615385,-0.4391709580720064,10.7671331052975,106.613259847131,0.0,1,0,-0.3306552193971129,0.0,0.0,0.0,0.0,1.0
1422,-0.35076329075821017,0.15384615384615385,-0.7884660886417492,10.849586666481,106.743630773658,2.0,0,0,-0.5962397703258719,0.0,0.0,0.0,1.0,0.0
2686,-0.5278863642596802,0.23076923076923078,0.1302907279796492,10.7375576047633,106.722865397676,0.0,1,0,-0.09639304316274322,0.0,0.0,0.0,0.0,1.0
5647,0.08051705379647196,0.23076923076923078,0.1302907279796492,10.840577456363,106.624016164742,3.0,0,1,0.11316161425994499,0.0,1.0,0.0,1.0,0.0
3685,-0.6108132359423499,0.23076923076923078,-0.4391709580720064,10.8002036077275,106.716304100615,3.0,0,0,-0.5962397703258719,0.0,0.0,0.0,0.0,1.0
4122,0.310967493112446,0.23076923076923078,2.0502110105697895,10.69145270272812,106.7217124852213,0.0,1,0,0.11316161425994499,1.0,0.0,0.0,0.0,1.0
5224,3.00753424292512,0.8461538461538463,3.566232722406522,10.818434719052,106.692488140797,3.0,0,0,2.9195154941516295,0.0,0.0,1.0,0.0,0.0
1464,0.21656469094070732,0.0,0.1302907279796492,10.8297433560485,106.730562853322,2.0,0,0,-1.709276224228461,0.0,0.0,1.0,0.0,0.0
874,-1.6356139825265459,0.07692307692307693,-0.7884660886417492,10.8060387988898,106.711395599264,2.0,0,0,-0.9028346336956022,0.0,0.0,0.0,1.0,0.0
2297,0.4697856403578324,0.07692307692307693,0.963530485543728,10.7346146167712,106.668105876247,3.0,0,0,-0.9028346336956022,0.0,0.0,1.0,0.0,0.0
2643,-1.424042969164965,0.23076923076923078,-0.4391709580720064,10.7720162270286,106.68011595796,2.0,0,1,-0.5962397703258719,0.0,0.0,0.0,0.0,1.0
3667,0.9554706759904229,0.23076923076923078,0.1302907279796492,10.8435812202444,106.649631677143,3.0,0,1,2.9195154941516295,0.0,0.0,0.0,1.0,0.0
6128,0.3707119834879608,0.07692307692307693,0.1302907279796492,10.8300251152966,106.637973974053,2.0,0,0,-1.265459390571404,0.0,0.0,0.0,1.0,0.0
1251,-0.4493648176687783,0.3076923076923077,-0.4391709580720064,10.8480137550746,106.647824824502,2.0,0,0,0.4757863711357461,0.0,0.0,0.0,0.0,1.0
3693,1.4945863869420284,0.3076923076923077,-0.13659775324274978,10.8456755643783,106.656976493451,0.0,1,1,4.273732147565671,0.0,0.0,0.0,0.0,1.0
840,-0.6986692748486453,0.07692307692307693,-1.2015945422910468,10.8077487362856,106.70316242613,3.0,0,0,-1.265459390571404,0.0,0.0,1.0,0.0,0.0
4959,-0.8577985162466776,0.3076923076923077,0.1302907279796492,10.7622172574159,106.670473488424,3.0,0,1,-0.09639304316274322,0.0,0.0,0.0,1.0,0.0
581,0.23272304800393967,0.07692307692307693,-1.2015945422910468,10.7477143740776,106.715937047964,0.0,1,0,-0.09639304316274322,0.0,0.0,0.0,1.0,0.0
204,0.16700223033751904,0.3076923076923077,-0.13659775324274978,10.7793202412389,106.667467698808,0.0,1,0,0.30272686033993124,0.0,0.0,0.0,0.0,1.0
1641,-0.069330070593773,0.23076923076923078,0.963530485543728,10.760098341283,106.613290433334,3.0,0,0,0.11316161425994499,0.0,0.0,1.0,0.0,0.0
2014,-0.10929128578611225,0.23076923076923078,0.1302907279796492,10.766333672084,106.659838605832,3.0,0,0,1.2822279616686043,0.0,0.0,0.0,1.0,0.0
3253,-1.1961350497447065,0.23076923076923078,-0.4391709580720064,10.8389825357571,106.648719929254,0.0,1,0,-0.3306552193971129,0.0,0.0,0.0,0.0,1.0
4634,0.6378280961214066,0.15384615384615385,2.9327121238363367,10.786999770755465,106.80602862403514,0.0,1,0,-0.09639304316274322,0.0,0.0,1.0,0.0,0.0
905,-0.6688000780565717,0.07692307692307693,0.1302907279796492,10.7938257417787,106.705514716604,3.0,0,1,-0.3306552193971129,0.0,0.0,0.0,0.0,1.0
631,0.04445490123643577,0.23076923076923078,0.1302907279796492,10.6777483321242,106.754082503751,3.0,0,0,0.11316161425994499,0.0,0.0,0.0,0.0,1.0
6034,-0.6395223895560433,0.15384615384615385,-0.13659775324274978,10.7529588518578,106.676031606929,0.0,1,1,-0.09639304316274322,0.0,1.0,0.0,1.0,0.0
6289,-0.37480406362233243,0.23076923076923078,-1.7072229052631471,10.8292864281362,106.688975133943,1.0,0,0,-0.09639304316274322,0.0,1.0,0.0,1.0,0.0
1974,0.3707119834879608,0.15384615384615385,0.5849971026224333,10.7425023432269,106.710459437053,3.0,0,0,-0.09639304316274322,0.0,0.0,0.0,0.0,1.0
162,0.11572050155235063,0.38461538461538464,2.0502110105697895,10.7920967541155,106.691541271509,3.0,0,0,2.0136066934816945,0.0,0.0,0.0,1.0,0.0
6187,0.3707119834879608,0.23076923076923078,2.5341556375641257,21.0289486097874,105.852447225903,3.0,0,0,0.11316161425994499,0.0,1.0,0.0,1.0,0.0
4280,1.8299642566326462,0.3076923076923077,0.1302907279796492,10.7935794606527,106.717864141966,3.0,0,1,1.1685438955241836,0.0,0.0,0.0,1.0,0.0
5655,-0.7291543745677658,0.15384615384615385,-0.13659775324274978,10.7671453867423,106.700395992461,0.0,1,1,-0.09639304316274322,0.0,0.0,0.0,1.0,0.0
3979,-0.7291543745677658,0.0,-0.13659775324274978,10.8414689835059,106.725470387356,0.0,1,1,-1.709276224228461,0.0,0.0,1.0,0.0,0.0
617,0.21656469094070732,0.23076923076923078,0.963530485543728,10.702578707068,106.728504871006,0.0,1,0,0.11316161425994499,0.0,0.0,0.0,0.0,1.0
875,-0.6688000780565717,0.15384615384615385,0.1302907279796492,10.8050442678532,106.639527550322,3.0,0,0,-0.5962397703258719,0.0,0.0,0.0,1.0,0.0
1431,-1.0361439750637471,0.3076923076923077,0.1302907279796492,10.8016419890692,106.687328575793,3.0,0,1,0.11316161425994499,0.0,0.0,0.0,1.0,0.0
2973,-0.37480406362233243,0.23076923076923078,-0.13659775324274978,10.7777251290674,106.64863168061,0.0,1,1,-0.3306552193971129,0.0,0.0,1.0,0.0,0.0
4351,0.04445490123643577,0.23076923076923078,0.1302907279796492,10.8263254119993,106.765185474836,3.0,0,1,0.11316161425994499,0.0,0.0,0.0,0.0,1.0
547,-1.4741655642529736,0.4615384615384616,0.1302907279796492,10.7922431651835,106.691338785773,3.0,0,1,0.9196032047928032,0.0,0.0,0.0,0.0,1.0
4635,0.1330128034148692,0.07692307692307693,0.1302907279796492,10.7795836266037,106.624072881247,3.0,0,1,-1.265459390571404,0.0,1.0,0.0,1.0,0.0
5722,1.0508892631248228,0.4615384615384616,3.566232722406522,10.778582,106.75448,3.0,0,0,1.6813478651712797,0.0,0.0,1.0,0.0,0.0
5643,0.21656469094070732,0.23076923076923078,-0.4391709580720064,10.7887880869281,106.661717661135,2.0,0,1,0.30272686033993124,0.0,0.0,0.0,0.0,1.0
3614,1.4028138557984755,0.3076923076923077,-0.13659775324274978,10.8356042571605,106.794656313015,0.0,1,1,2.1610022393368244,0.0,0.0,0.0,0.0,1.0
3750,0.7093811696941079,0.23076923076923078,-0.13659775324274978,10.7942331409816,106.708721566707,0.0,1,1,0.11316161425994499,0.0,0.0,0.0,1.0,0.0
3435,-1.1961350497447065,0.15384615384615385,-0.13659775324274978,10.8197882614596,106.674801255784,0.0,1,1,-0.5962397703258719,0.0,0.0,0.0,1.0,0.0
1851,0.9750534120135763,0.15384615384615385,-1.2015945422910468,10.8433965451461,106.733423892373,3.0,0,0,-0.3306552193971129,0.0,0.0,0.0,0.0,1.0
3891,2.220797981510299,0.07692307692307693,0.1302907279796492,10.7931021479382,106.669967388602,3.0,0,1,2.0886695522014636,0.0,0.0,0.0,1.0,0.0
5136,-0.6688000780565717,0.07692307692307693,-0.13659775324274978,10.7941757009473,106.668797609092,0.0,1,1,-0.3306552193971129,0.0,0.0,0.0,1.0,0.0
2856,0.29564637201642957,0.3076923076923077,4.060780705754394,10.7997281736711,106.778774410486,0.0,1,0,0.30272686033993124,0.0,0.0,0.0,1.0,0.0
1861,-0.9987122300435685,0.07692307692307693,-2.3590912406621465,10.8298344365766,106.671374795729,0.0,1,0,-1.265459390571404,0.0,0.0,0.0,0.0,1.0
2659,-0.6688000780565717,0.23076923076923078,-1.2015945422910468,10.8413769351952,106.63556530984,2.0,0,0,0.11316161425994499,0.0,0.0,0.0,0.0,1.0
3384,-1.154485113689163,0.07692307692307693,-1.7072229052631471,10.7427949391148,106.729549929212,1.0,0,0,-0.3306552193971129,0.0,0.0,0.0,0.0,1.0
5781,0.18370833978305584,0.23076923076923078,-0.4391709580720064,10.7500575528565,106.59045684895,3.0,0,0,2.0886695522014636,0.0,0.0,0.0,0.0,1.0
640,-0.8917879431693261,0.15384615384615385,-0.4391709580720064,10.8379551323376,106.636465278716,2.0,0,1,-0.5962397703258719,0.0,0.0,0.0,1.0,0.0
4149,1.3584562801307782,0.0,0.963530485543728,10.8426190181474,106.733987280439,0.0,1,0,0.30272686033993124,0.0,0.0,0.0,1.0,0.0
1009,-0.9622048207552769,0.07692307692307693,0.1302907279796492,10.7737597435265,106.677540391687,3.0,0,1,-1.265459390571404,0.0,0.0,0.0,0.0,1.0
3366,-0.6108132359423499,0.07692307692307693,-0.4391709580720064,10.8560736603331,106.772445966357,3.0,0,0,-1.265459390571404,0.0,0.0,0.0,0.0,1.0
6154,-0.04974733457061966,0.23076923076923078,0.1302907279796492,10.7262758215628,106.73366930962,0.0,1,0,0.11316161425994499,0.0,0.0,0.0,0.0,1.0
637,0.21656469094070732,0.07692307692307693,0.1302907279796492,10.8245468667452,106.718992493744,3.0,0,1,0.30272686033993124,0.0,0.0,0.0,1.0,0.0
3331,1.7743759438410165,0.0,0.963530485543728,10.8519761322237,106.615010490452,3.0,0,0,-2.28145563852695,0.0,0.0,0.0,1.0,0.0
6133,-0.37480406362233243,0.23076923076923078,-1.2015945422910468,10.8215961641782,106.654778931545,3.0,0,0,-0.09639304316274322,0.0,0.0,0.0,1.0,0.0
4722,-0.5278863642596802,0.15384615384615385,-0.4391709580720064,10.781512381339,106.65351529287,2.0,0,1,0.30272686033993124,0.0,1.0,0.0,1.0,0.0
2308,0.18370833978305584,0.23076923076923078,0.963530485543728,10.8712058145517,106.62871376124,3.0,0,0,0.4757863711357461,0.0,0.0,0.0,0.0,1.0
3145,-0.5826509567402912,0.15384615384615385,-0.7884660886417492,10.786767891448,106.7743330468,0.0,1,0,-0.09639304316274322,0.0,0.0,1.0,0.0,0.0
5459,2.253930459473521,0.0,1.5713987371125986,10.8686009979242,106.64410724624,3.0,0,0,-2.28145563852695,0.0,0.0,0.0,1.0,0.0
2096,-0.4493648176687783,0.15384615384615385,-1.2015945422910468,10.7054657330934,106.740795455249,0.0,1,0,-0.3306552193971129,0.0,0.0,0.0,1.0,0.0
3896,2.29830820987298,0.4615384615384616,-0.13659775324274978,10.8120230323208,106.692373101133,0.0,1,1,0.9196032047928032,0.0,0.0,0.0,1.0,0.0
1956,-3.0483137232119595,0.07692307692307693,-1.7072229052631471,10.80498654012,106.680106296225,2.0,0,0,-1.709276224228461,0.0,0.0,0.0,0.0,1.0
1372,0.1501051897940211,0.3076923076923077,0.1302907279796492,10.7885431873066,106.669633365151,0.0,1,0,0.30272686033993124,0.0,0.0,0.0,0.0,1.0
5819,0.8639894412629446,0.15384615384615385,-0.13659775324274978,10.70401,106.7127,0.0,1,1,0.11316161425994499,0.0,0.0,0.0,0.0,0.0
921,-0.10929128578611225,0.15384615384615385,-1.7072229052631471,10.7316751830777,106.745225668891,0.0,1,0,-0.5962397703258719,0.0,0.0,0.0,0.0,1.0
5756,0.48341223409930084,0.15384615384615385,-0.13659775324274978,10.7623644236834,106.767033181473,0.0,1,1,0.6349856886503463,0.0,0.0,0.0,1.0,0.0
546,1.0963843897873138,0.3076923076923077,1.5713987371125986,10.7366859380014,106.671511045931,3.0,0,0,1.6813478651712797,1.0,0.0,0.0,1.0,0.0
1449,-0.2360953837240995,0.23076923076923078,0.5849971026224333,10.685141444618951,106.74725821075135,0.0,1,0,0.11316161425994499,0.0,0.0,0.0,0.0,1.0
2804,-0.7291543745677658,0.15384615384615385,-0.13659775324274978,10.7452083555539,106.690069316397,0.0,1,1,-0.3306552193971129,0.0,0.0,1.0,0.0,0.0
2610,-0.8577985162466776,0.07692307692307693,0.1302907279796492,10.7665085537739,106.670269154655,3.0,0,1,-1.265459390571404,0.0,0.0,0.0,1.0,0.0
1900,0.007491102083431382,0.23076923076923078,-0.4391709580720064,10.8350343995987,106.754086861989,3.0,0,0,0.11316161425994499,0.0,0.0,0.0,0.0,1.0
2757,-0.6395223895560433,0.23076923076923078,0.3690306097293516,10.85520359569,106.655268020637,2.0,0,0,0.782381234505476,0.0,0.0,0.0,0.0,1.0
2028,0.18370833978305584,0.3076923076923077,2.0502110105697895,10.7900947514626,106.696400382127,3.0,0,0,0.4757863711357461,0.0,0.0,0.0,1.0,0.0
2301,-1.2389923970188421,0.38461538461538464,0.963530485543728,10.7706924831577,106.679774823678,3.0,0,0,-0.5962397703258719,0.0,0.0,0.0,1.0,0.0
1885,1.95542251907819,0.07692307692307693,0.1302907279796492,10.7853256719705,106.624785009477,3.0,0,1,0.9196032047928032,0.0,0.0,0.0,1.0,0.0
1642,-0.15036267557913827,0.3076923076923077,0.1302907279796492,10.8731388392055,106.626777459045,3.0,0,0,0.11316161425994499,0.0,0.0,0.0,0.0,1.0
972,2.4166493484983955,0.23076923076923078,-0.13659775324274978,10.8454565960496,106.718082487204,0.0,1,1,3.9548218907492285,0.0,0.0,1.0,0.0,0.0
6051,-0.37480406362233243,0.23076923076923078,-0.13659775324274978,10.8632766179477,106.641130655824,3.0,0,0,0.30272686033993124,0.0,0.0,0.0,0.0,1.0
2097,0.1330128034148692,0.07692307692307693,-1.2015945422910468,10.8328262741799,106.621671404424,3.0,0,0,-0.9028346336956022,0.0,0.0,0.0,1.0,0.0
5469,-0.17133430316050988,0.07692307692307693,0.1302907279796492,10.7596023831874,106.599067994081,3.0,0,1,-0.9028346336956022,0.0,0.0,1.0,0.0,0.0
5654,-0.1926076911174569,0.15384615384615385,0.963530485543728,10.7766293918556,106.619531968951,3.0,0,0,-0.3306552193971129,0.0,0.0,0.0,1.0,0.0
6256,0.5102943374875497,0.3076923076923077,-0.4391709580720064,10.8217974300875,106.654589165867,2.0,0,1,0.11316161425994499,0.0,0.0,0.0,0.0,1.0
836,-0.6986692748486453,0.23076923076923078,-0.4391709580720064,10.7975212799208,106.676227982292,3.0,0,0,0.30272686033993124,0.0,0.0,0.0,1.0,0.0
3471,-0.28090108395535385,0.23076923076923078,-0.4391709580720064,10.7644623311687,106.619173942995,2.0,0,0,0.11316161425994499,0.0,0.0,1.0,0.0,0.0
601,-0.4750780736920162,0.23076923076923078,-0.4391709580720064,10.7825634204382,106.609325318818,2.0,0,0,-0.09639304316274322,0.0,0.0,0.0,0.0,1.0
2184,-2.263793143603038,0.15384615384615385,-0.13659775324274978,10.7848683316369,106.648590765471,0.0,1,1,-1.265459390571404,0.0,0.0,0.0,0.0,1.0
5003,0.8534664434236847,0.0,-0.13659775324274978,10.8207522680967,106.63583322373,0.0,1,0,0.6349856886503463,0.0,0.0,0.0,1.0,0.0
3901,0.04445490123643577,0.07692307692307693,0.963530485543728,10.7402413867901,106.715796616382,0.0,1,0,-0.9028346336956022,0.0,0.0,0.0,0.0,1.0
5405,-0.1926076911174569,0.15384615384615385,-0.4391709580720064,10.7717804284846,106.646222195856,2.0,0,0,-0.3306552193971129,0.0,0.0,0.0,1.0,0.0
1582,1.6129275255674442,0.23076923076923078,0.1302907279796492,10.8029629822772,106.630510504554,3.0,0,0,0.782381234505476,0.0,0.0,0.0,1.0,0.0
5355,0.8214404629449784,0.15384615384615385,0.1302907279796492,10.7496197302095,106.628791464756,3.0,0,1,0.6349856886503463,0.0,0.0,1.0,0.0,0.0
3973,-0.4750780736920162,0.07692307692307693,-1.7072229052631471,10.7768708012356,106.639000686189,3.0,0,0,-0.9028346336956022,0.0,0.0,0.0,1.0,0.0
2010,-0.6395223895560433,0.3076923076923077,-0.7884660886417492,10.7718386635673,106.586382293258,0.0,1,0,0.30272686033993124,0.0,0.0,0.0,0.0,1.0
1070,-0.2360953837240995,0.3076923076923077,-0.4391709580720064,10.8658134132343,106.67052914155,3.0,0,0,0.11316161425994499,0.0,0.0,0.0,0.0,1.0
1775,-4.988517413807876,0.15384615384615385,2.9327121238363367,10.8058366585891,106.749542170979,3.0,0,0,0.4757863711357461,0.0,0.0,0.0,0.0,1.0
6050,0.9652944659873779,0.6153846153846154,-0.13659775324274978,10.7603832231903,106.688611209925,0.0,1,1,1.2822279616686043,0.0,0.0,0.0,1.0,0.0
1283,-0.7291543745677658,0.15384615384615385,-0.4391709580720064,10.8120711982163,106.624400891081,2.0,0,1,-0.5962397703258719,0.0,0.0,0.0,0.0,1.0
5238,0.16700223033751904,0.23076923076923078,0.1302907279796492,10.7728775445107,106.68677843978,3.0,0,1,-0.3306552193971129,0.0,0.0,0.0,1.0,0.0
5982,1.4028138557984755,0.15384615384615385,0.1302907279796492,21.0289486097874,105.852447225903,3.0,0,1,-0.09639304316274322,0.0,0.0,0.0,0.0,1.0
1836,-0.6108132359423499,0.07692307692307693,-0.7884660886417492,10.8718379765399,106.666757261166,3.0,0,0,-0.9028346336956022,0.0,0.0,1.0,0.0,0.0
5327,0.7552290280664897,0.3076923076923077,2.0502110105697895,10.7546146850792,106.638285845147,3.0,0,0,0.6349856886503463,0.0,0.0,0.0,1.0,0.0
1019,0.09822355231529148,0.23076923076923078,0.963530485543728,10.823300389354,106.704589069941,2.0,0,0,-0.09639304316274322,0.0,1.0,0.0,1.0,0.0
970,0.04445490123643577,0.15384615384615385,0.1302907279796492,10.6928876938162,106.741042960169,3.0,0,0,0.11316161425994499,0.0,0.0,0.0,1.0,0.0
1326,-0.4750780736920162,0.23076923076923078,0.1302907279796492,10.6847396192732,106.750190746144,3.0,0,0,0.11316161425994499,0.0,0.0,0.0,0.0,1.0
3700,-0.3271071868061051,0.23076923076923078,0.1302907279796492,10.7796942706241,106.668339176494,2.0,0,0,-0.09639304316274322,0.0,0.0,0.0,0.0,1.0
475,-0.28090108395535385,0.23076923076923078,-0.13659775324274978,10.8017087302432,106.618942174431,0.0,1,1,0.11316161425994499,0.0,0.0,0.0,1.0,0.0
2810,0.04445490123643577,0.3076923076923077,0.3690306097293516,10.8226197633296,106.830551856424,0.0,1,0,0.11316161425994499,0.0,0.0,0.0,1.0,0.0
4713,1.3659422452631165,0.23076923076923078,0.1302907279796492,10.8443802584137,106.769047767366,3.0,0,1,1.769759295385021,0.0,0.0,0.0,1.0,0.0
1651,0.007491102083431382,0.07692307692307693,0.1302907279796492,10.7646691833268,106.625404389152,2.0,0,0,0.11316161425994499,1.0,0.0,0.0,1.0,0.0
5845,1.0601009748869976,0.3076923076923077,0.1302907279796492,10.7700276430512,106.693829834828,3.0,0,1,1.0479657854342355,0.0,1.0,0.0,1.0,0.0
5375,3.6968773946405564,0.23076923076923078,0.963530485543728,10.7398149767313,106.617115400511,3.0,0,0,1.0479657854342355,0.0,0.0,0.0,0.0,1.0
2528,0.8639894412629446,0.23076923076923078,-0.13659775324274978,21.0289486097874,105.852447225903,0.0,1,1,0.6349856886503463,0.0,1.0,0.0,1.0,0.0
4093,1.2332195493977356,0.15384615384615385,-0.13659775324274978,10.8077137748647,106.787620514436,0.0,1,1,0.782381234505476,0.0,0.0,0.0,0.0,1.0
6253,-0.6395223895560433,0.23076923076923078,-1.7072229052631471,10.7991620482278,106.703058037688,3.0,0,0,0.11316161425994499,0.0,0.0,0.0,0.0,1.0
4056,-0.6986692748486453,0.38461538461538464,-0.13659775324274978,10.8029886625381,106.704746806849,0.0,1,1,-0.5962397703258719,0.0,0.0,0.0,1.0,0.0
1373,-1.375564037342406,0.23076923076923078,0.1302907279796492,10.7962331924518,106.703413242727,3.0,0,1,-0.09639304316274322,0.0,0.0,0.0,0.0,1.0
739,-0.5826509567402912,0.23076923076923078,-0.4391709580720064,10.783443530526,106.765596929916,2.0,0,1,-0.3306552193971129,0.0,0.0,0.0,0.0,1.0
4832,0.6378280961214066,0.15384615384615385,0.963530485543728,10.70276,106.6216,3.0,0,0,0.11316161425994499,0.0,0.0,0.0,0.0,1.0
3833,-0.6986692748486453,0.23076923076923078,-0.13659775324274978,10.8213928093979,106.631289702376,0.0,1,1,-0.3306552193971129,0.0,1.0,0.0,0.0,1.0
867,0.26451943380014525,0.38461538461538464,-0.13659775324274978,10.7847326687479,106.668741815896,0.0,1,0,1.9355994527483495,0.0,0.0,1.0,0.0,0.0
2974,1.8190125402227213,0.07692307692307693,-0.13659775324274978,10.7877588603419,106.685827597542,0.0,1,0,1.9355994527483495,1.0,0.0,0.0,1.0,0.0
1140,-0.6108132359423499,0.23076923076923078,-0.13659775324274978,10.8757694907269,106.686654612422,0.0,1,0,0.11316161425994499,1.0,0.0,0.0,0.0,0.0
997,-0.5278863642596802,0.07692307692307693,0.1302907279796492,10.7740386436299,106.697667012456,3.0,0,1,0.11316161425994499,0.0,0.0,0.0,1.0,0.0
1337,1.249466690424663,0.07692307692307693,1.434027398777648,10.6927113529124,106.741219845115,3.0,0,0,-0.9028346336956022,0.0,0.0,1.0,0.0,0.0
541,-0.5012464551475065,0.07692307692307693,-0.13659775324274978,10.7588806700008,106.677566403592,0.0,1,1,0.11316161425994499,0.0,0.0,0.0,0.0,1.0
1099,-0.10929128578611225,0.15384615384615385,-0.13659775324274978,10.8692332459329,106.674146712011,2.0,0,0,0.11316161425994499,0.0,0.0,0.0,0.0,1.0
1132,-0.37480406362233243,0.15384615384615385,-0.13659775324274978,10.8610011677424,106.711531388343,0.0,1,0,-0.09639304316274322,0.0,0.0,0.0,0.0,1.0
6105,-0.7602813127840508,0.23076923076923078,-1.2015945422910468,10.8199227668777,106.704042705585,3.0,0,0,-0.09639304316274322,0.0,1.0,0.0,0.0,1.0
4165,2.8683415444859395,0.15384615384615385,2.9327121238363367,10.80624,106.7784,0.0,1,0,0.30272686033993124,0.0,0.0,0.0,0.0,0.0
2258,-0.6108132359423499,0.07692307692307693,-0.13659775324274978,10.8594604201212,106.738366756561,0.0,1,1,-1.265459390571404,0.0,1.0,0.0,1.0,0.0
5093,-1.6936008246407677,0.07692307692307693,-0.13659775324274978,10.8291242236537,106.689149779043,0.0,1,1,-1.265459390571404,0.0,0.0,0.0,1.0,0.0
3390,-1.8825992628308728,0.15384615384615385,-0.7884660886417492,10.7914333640768,106.633547922327,2.0,0,0,-0.5962397703258719,1.0,0.0,0.0,1.0,0.0
2962,-1.154485113689163,0.07692307692307693,0.1302907279796492,10.8067416606011,106.680657312196,3.0,0,1,-1.265459390571404,0.0,0.0,0.0,1.0,0.0
59,-1.113976416559445,0.3076923076923077,-1.2015945422910468,10.8316044133625,106.690065390334,3.0,0,0,0.11316161425994499,0.0,0.0,0.0,0.0,1.0
3259,-0.6688000780565717,0.15384615384615385,0.1302907279796492,10.8110084563479,106.693689278197,3.0,0,0,-0.3306552193971129,0.0,0.0,0.0,1.0,0.0
2206,-0.5550151062263636,0.3076923076923077,0.963530485543728,10.7564654689728,106.681271299344,3.0,0,0,-0.3306552193971129,0.0,0.0,0.0,1.0,0.0
1938,-0.08917566997524837,0.23076923076923078,0.963530485543728,10.8299861999584,106.702564671429,0.0,1,0,0.6349856886503463,0.0,0.0,0.0,1.0,0.0
4047,-0.3038236354463698,0.15384615384615385,-0.13659775324274978,10.801084790383,106.80979449302,0.0,1,1,-0.3306552193971129,0.0,0.0,0.0,0.0,1.0
6219,1.2413654375249032,0.07692307692307693,-1.2015945422910468,10.777592272555,106.759057612281,2.0,0,0,-1.265459390571404,0.0,0.0,0.0,1.0,0.0
4071,0.21656469094070732,0.23076923076923078,0.963530485543728,10.7338230191083,106.697152947806,0.0,1,0,0.11316161425994499,0.0,0.0,0.0,0.0,1.0
2813,-1.2389923970188421,0.3076923076923077,0.1302907279796492,10.7975397793436,106.684527109075,3.0,0,1,0.782381234505476,0.0,0.0,0.0,1.0,0.0
5451,0.09822355231529148,0.07692307692307693,0.5849971026224333,10.8582747841995,106.642311936238,3.0,0,0,-0.3306552193971129,0.0,0.0,0.0,0.0,1.0
3793,0.6378280961214066,0.23076923076923078,2.0502110105697895,10.86417,106.728,3.0,0,0,1.0479657854342355,0.0,0.0,0.0,0.0,1.0
1078,-0.5550151062263636,0.15384615384615385,-0.7884660886417492,10.7829181733985,106.608726576553,2.0,0,0,-0.5962397703258719,0.0,0.0,0.0,0.0,1.0
4751,-0.7291543745677658,0.15384615384615385,-1.7072229052631471,10.7695531345517,106.678176037312,3.0,0,0,-0.09639304316274322,0.0,0.0,0.0,1.0,0.0
5780,0.6976935597780909,0.07692307692307693,-0.4391709580720064,10.8085429257693,106.6878560729,3.0,0,0,-0.5962397703258719,0.0,0.0,1.0,0.0,0.0
3586,-1.3286243820305652,0.07692307692307693,-1.7072229052631471,10.8484668075213,106.647732299081,3.0,0,0,-0.9028346336956022,0.0,0.0,1.0,0.0,0.0
4481,-0.15036267557913827,0.15384615384615385,-0.13659775324274978,10.879444984821472,106.55228057312924,0.0,1,1,-0.09639304316274322,0.0,1.0,0.0,1.0,0.0
4162,-1.6936008246407677,0.07692307692307693,-0.4391709580720064,10.8247904284326,106.687685843571,3.0,0,0,-1.265459390571404,0.0,0.0,1.0,0.0,0.0
6107,-0.5826509567402912,0.23076923076923078,-0.7884660886417492,10.8060383724902,106.711417332551,2.0,0,0,0.9196032047928032,0.0,0.0,0.0,0.0,1.0
2630,-0.5278863642596802,0.07692307692307693,-1.2015945422910468,10.7903166843798,106.708869811721,0.0,1,0,-0.5962397703258719,0.0,0.0,1.0,0.0,0.0
5039,-0.6986692748486453,0.07692307692307693,-0.13659775324274978,10.7943780319211,106.669404305655,0.0,1,0,-1.709276224228461,0.0,0.0,0.0,1.0,0.0
3909,-0.4750780736920162,0.23076923076923078,-0.13659775324274978,10.8797555246746,106.660604393339,2.0,0,0,0.11316161425994499,0.0,0.0,0.0,0.0,1.0
4453,0.4281357043022882,0.07692307692307693,-0.4391709580720064,10.7034033802694,106.703711503718,2.0,0,0,-0.5962397703258719,0.0,0.0,0.0,1.0,0.0
940,0.28016481741637705,0.3076923076923077,-0.4391709580720064,10.7744600497742,106.664306801221,2.0,0,0,1.3897638631431688,0.0,0.0,1.0,0.0,0.0
1080,-0.011343228479551189,0.23076923076923078,0.1302907279796492,10.8574239777691,106.836159573687,3.0,0,1,0.11316161425994499,0.0,0.0,0.0,1.0,0.0
187,-0.069330070593773,0.23076923076923078,0.963530485543728,10.7780271186361,106.76899658516,3.0,0,0,-0.3306552193971129,0.0,0.0,1.0,0.0,0.0
1795,-0.4240911260771986,0.23076923076923078,-1.7072229052631471,10.7313192454088,106.745015382473,1.0,0,0,0.11316161425994499,0.0,0.0,0.0,0.0,1.0
4336,-0.6688000780565717,0.3076923076923077,0.5849971026224333,10.7994001239626,106.693785840598,0.0,1,0,0.11316161425994499,0.0,0.0,0.0,0.0,1.0
2085,0.49691438232451574,0.6153846153846154,0.963530485543728,10.7299597329512,106.632425505774,3.0,0,0,3.35360649088839,0.0,0.0,0.0,1.0,0.0
2249,-0.03042058936361902,0.5384615384615385,2.0502110105697895,10.7639639471912,106.695954492552,0.0,1,0,0.11316161425994499,0.0,0.0,0.0,1.0,0.0
4348,0.9053480809024144,0.3076923076923077,0.1302907279796492,10.7344114717191,106.657580311257,0.0,1,0,3.0599688700026273,0.0,0.0,0.0,0.0,1.0
6161,0.04445490123643577,0.15384615384615385,0.1302907279796492,10.6928876938162,106.741042960169,3.0,0,0,0.11316161425994499,0.0,0.0,0.0,1.0,0.0
2023,1.0601009748869976,0.07692307692307693,0.963530485543728,10.65088940127,106.730000046635,0.0,1,0,1.0479657854342355,0.0,0.0,0.0,1.0,0.0
4354,0.21656469094070732,0.07692307692307693,0.963530485543728,10.8119434279291,106.624304217114,0.0,1,0,-1.265459390571404,0.0,0.0,0.0,1.0,0.0
1492,-0.4240911260771986,0.07692307692307693,-1.7072229052631471,10.8042164957455,106.696481882114,3.0,0,0,-1.265459390571404,0.0,0.0,0.0,1.0,0.0
4825,-0.25832850878387886,0.23076923076923078,0.1302907279796492,10.7970796171253,106.680810687819,3.0,0,1,-0.09639304316274322,0.0,0.0,0.0,1.0,0.0
4272,0.4281357043022882,0.23076923076923078,0.1302907279796492,10.7823726131238,106.769499573273,3.0,0,1,0.11316161425994499,0.0,0.0,0.0,1.0,0.0
226,3.537327195154454,0.23076923076923078,-0.13659775324274978,10.8556410173032,106.6557323386,0.0,1,1,1.3897638631431688,0.0,0.0,0.0,1.0,0.0
1013,0.3707119834879608,0.3076923076923077,-0.4391709580720064,10.8189786602683,106.678698797365,2.0,0,1,0.4757863711357461,0.0,0.0,0.0,1.0,0.0
2583,0.6976935597780909,0.3076923076923077,0.5849971026224333,10.7931344548897,106.730047039242,2.0,0,0,1.1685438955241836,0.0,0.0,0.0,0.0,1.0
1929,-0.21419165043464608,0.23076923076923078,-0.4391709580720064,10.8043082726262,106.700329925098,2.0,0,1,1.4917826190912926,0.0,0.0,0.0,0.0,1.0
5476,-1.375564037342406,0.07692307692307693,-0.13659775324274978,10.7516798214031,106.701374639129,0.0,1,1,-1.265459390571404,0.0,0.0,0.0,1.0,0.0
5649,1.3584562801307782,0.23076923076923078,0.1302907279796492,10.8398511935103,106.618769522995,3.0,0,1,1.769759295385021,0.0,0.0,0.0,1.0,0.0
1404,1.6317618561304268,0.07692307692307693,1.287787426350749,10.7859453869646,106.621678145887,3.0,0,0,-1.265459390571404,0.0,0.0,0.0,1.0,0.0
3956,0.3707119834879608,0.15384615384615385,-0.13659775324274978,10.7547858437414,106.680418564974,0.0,1,1,-0.09639304316274322,0.0,0.0,0.0,0.0,1.0
2179,-0.5012464551475065,0.07692307692307693,-0.7884660886417492,10.8055390787919,106.681834209392,0.0,1,0,-0.5962397703258719,0.0,0.0,0.0,0.0,1.0
697,0.1330128034148692,0.15384615384615385,0.1302907279796492,10.6847240178985,106.749750779143,0.0,1,0,0.11316161425994499,0.0,0.0,0.0,0.0,1.0
1124,0.1330128034148692,0.0,0.1302907279796492,10.6748235634058,106.698374320748,0.0,1,0,-1.709276224228461,0.0,0.0,0.0,1.0,0.0
3282,-0.3271071868061051,0.07692307692307693,0.963530485543728,10.7860924632299,106.77248842136,3.0,0,0,-0.9028346336956022,0.0,0.0,0.0,0.0,1.0
1093,-0.9265771942689038,0.07692307692307693,1.5713987371125986,10.8131952150563,106.625734024515,3.0,0,0,-0.9028346336956022,0.0,0.0,1.0,0.0,0.0
4315,0.21656469094070732,0.3076923076923077,0.1302907279796492,10.7035495054954,106.703776599568,0.0,1,0,0.4757863711357461,0.0,0.0,0.0,0.0,1.0
1778,-0.7920776985802562,0.07692307692307693,-1.7072229052631471,10.7050296291559,106.734597733772,0.0,1,0,-0.9028346336956022,0.0,0.0,0.0,0.0,1.0
2634,1.5745234194763758,0.15384615384615385,-0.13659775324274978,10.7996415500761,106.641069514501,0.0,1,1,1.1685438955241836,1.0,0.0,0.0,1.0,0.0
3091,1.3881753703228958,0.15384615384615385,0.1302907279796492,10.7502265343484,106.619291300444,3.0,0,1,0.4757863711357461,0.0,0.0,0.0,0.0,1.0
5360,0.5366963775693665,0.38461538461538464,0.5849971026224333,10.8486887597434,106.666839095103,1.0,0,0,0.782381234505476,0.0,1.0,0.0,1.0,0.0
4727,1.985191476882123,0.23076923076923078,-0.13659775324274978,10.8562677756113,106.751848841575,0.0,1,1,1.3897638631431688,0.0,0.0,0.0,1.0,0.0
3489,-1.154485113689163,0.07692307692307693,-1.2015945422910468,10.8408624772007,106.642114565989,0.0,1,0,-0.5962397703258719,0.0,0.0,0.0,0.0,1.0
1656,0.09822355231529148,0.23076923076923078,0.963530485543728,10.7886935961157,106.62264693934,3.0,0,0,-0.09639304316274322,0.0,0.0,0.0,1.0,0.0
1037,-0.3271071868061051,0.15384615384615385,0.5849971026224333,10.8477493091332,106.642107325676,0.0,1,0,1.2822279616686043,0.0,0.0,0.0,0.0,1.0
5245,1.8729774707515832,0.15384615384615385,2.6196726966214445,21.02894860978742,105.85244722590336,0.0,1,0,0.11316161425994499,0.0,1.0,0.0,1.0,0.0
2256,-0.37480406362233243,0.3076923076923077,-0.4391709580720064,10.7614894793202,106.59049370291,2.0,0,0,0.11316161425994499,0.0,0.0,0.0,1.0,0.0
4196,-0.6108132359423499,0.15384615384615385,-1.2015945422910468,10.8359520773843,106.661071079675,2.0,0,0,-0.3306552193971129,0.0,0.0,0.0,0.0,1.0
6225,-0.15036267557913827,0.38461538461538464,-0.4391709580720064,10.8232880161174,106.704085289619,2.0,0,0,0.30272686033993124,0.0,0.0,0.0,1.0,0.0
313,2.1869059540379316,0.15384615384615385,-0.13659775324274978,10.7827876580166,106.686774655783,0.0,1,1,0.11316161425994499,0.0,0.0,0.0,1.0,0.0
2649,1.0416197973067034,0.3076923076923077,0.1302907279796492,10.7887625236026,106.703007708456,3.0,0,1,0.11316161425994499,0.0,0.0,0.0,1.0,0.0
2281,0.9750534120135763,0.15384615384615385,1.5713987371125986,10.869856565276,106.624796899862,3.0,0,0,-0.3306552193971129,0.0,0.0,1.0,0.0,0.0
4096,0.21656469094070732,0.23076923076923078,1.287787426350749,10.8077279894387,106.787458697579,0.0,1,0,0.30272686033993124,0.0,0.0,0.0,1.0,0.0
5552,0.5102943374875497,0.3076923076923077,0.1302907279796492,10.7828113348833,106.776590273101,3.0,0,1,0.30272686033993124,0.0,0.0,0.0,1.0,0.0
2547,-0.25832850878387886,0.23076923076923078,1.5713987371125986,10.7878198235836,106.629332251832,3.0,0,0,-0.09639304316274322,0.0,0.0,0.0,1.0,0.0
1416,0.08051705379647196,0.07692307692307693,-0.4391709580720064,10.6749745115819,106.698200939349,3.0,0,0,-0.9028346336956022,0.0,0.0,1.0,0.0,0.0
1036,-1.0745480811548156,0.23076923076923078,-0.4391709580720064,10.7650990900712,106.667963659795,3.0,0,0,0.4757863711357461,0.0,0.0,0.0,0.0,1.0
2159,0.11572050155235063,0.3076923076923077,-1.2015945422910468,10.7758391923197,106.769319456071,3.0,0,0,0.4757863711357461,0.0,0.0,1.0,0.0,0.0
2984,-1.2389923970188421,0.3076923076923077,-1.7072229052631471,10.7988134248123,106.686455381373,2.0,0,0,0.11316161425994499,0.0,0.0,1.0,0.0,0.0
3137,-2.0993488277390115,0.3076923076923077,0.5849971026224333,10.7424225497245,106.724846607886,3.0,0,0,-0.3306552193971129,0.0,0.0,0.0,1.0,0.0
6097,2.3336519237411033,0.4615384615384616,-0.13659775324274978,10.7735888153191,106.677765096749,0.0,1,1,0.4757863711357461,0.0,0.0,0.0,1.0,0.0
1754,-1.5798158528105595,0.15384615384615385,0.1302907279796492,10.7972926594776,106.658476318084,3.0,0,1,-1.265459390571404,0.0,0.0,0.0,1.0,0.0
4471,2.22915096957625,0.4615384615384616,0.1302907279796492,10.7954396662009,106.690389157732,3.0,0,1,2.2307964070632096,0.0,0.0,0.0,1.0,0.0
4241,-0.069330070593773,0.23076923076923078,-0.13659775324274978,10.7837622280641,106.657491663242,0.0,1,1,0.30272686033993124,0.0,0.0,1.0,0.0,0.0
1428,0.26451943380014525,0.0,-1.2015945422910468,10.7927828407964,106.615391457867,2.0,0,0,-1.265459390571404,0.0,0.0,0.0,1.0,0.0
4022,0.26451943380014525,0.07692307692307693,-0.4391709580720064,10.8283744046595,106.639059986919,3.0,0,0,-0.5962397703258719,0.0,0.0,0.0,0.0,1.0
2520,1.745777857722022,0.23076923076923078,0.1302907279796492,10.8068078834174,106.675864513642,3.0,0,1,2.547164900355532,0.0,0.0,0.0,1.0,0.0
3967,-0.5826509567402912,0.23076923076923078,-0.13659775324274978,10.7931536530769,106.676831615197,0.0,1,1,0.11316161425994499,1.0,0.0,0.0,1.0,0.0
873,1.5680246180015942,0.15384615384615385,0.1302907279796492,10.82729670451,106.760719069752,3.0,0,1,-0.3306552193971129,0.0,0.0,0.0,1.0,0.0
4643,-0.5012464551475065,0.23076923076923078,0.5849971026224333,10.8500572478647,106.69531466973,3.0,0,0,0.30272686033993124,0.0,0.0,0.0,0.0,1.0
4705,1.8190125402227213,0.5384615384615385,-0.13659775324274978,10.8021232464237,106.700239449724,0.0,1,1,3.1911546302336715,0.0,1.0,0.0,1.0,0.0
1506,-0.37480406362233243,0.15384615384615385,-0.4391709580720064,10.6929533280383,106.740461014011,2.0,0,0,0.11316161425994499,0.0,0.0,0.0,0.0,1.0
5902,-0.7920776985802562,0.07692307692307693,-1.7072229052631471,10.7975954525927,106.710974952917,1.0,0,0,-0.9028346336956022,0.0,0.0,0.0,0.0,1.0
1923,-0.069330070593773,0.07692307692307693,-1.2015945422910468,10.6919641418375,106.736046797625,3.0,0,0,-0.9028346336956022,0.0,0.0,0.0,0.0,1.0
448,-0.5826509567402912,0.23076923076923078,-0.4391709580720064,10.7970881029699,106.823389334393,0.0,1,0,-0.9028346336956022,0.0,0.0,0.0,0.0,1.0
3836,-0.5012464551475065,0.23076923076923078,0.1302907279796492,10.791546842685,106.671417212366,3.0,0,1,-0.09639304316274322,0.0,0.0,1.0,0.0,0.0
4618,0.3707119834879608,0.07692307692307693,0.1302907279796492,10.879043,106.55251,3.0,0,1,-0.09639304316274322,0.0,1.0,0.0,1.0,0.0
6258,0.5754359289154177,0.23076923076923078,2.0502110105697895,10.8151321398871,106.672987961269,3.0,0,0,0.6349856886503463,0.0,0.0,0.0,1.0,0.0
4028,-0.3038236354463698,0.23076923076923078,-0.13659775324274978,10.7438471837232,106.630706778547,0.0,1,1,0.11316161425994499,0.0,0.0,0.0,1.0,0.0
3655,-0.04974733457061966,0.15384615384615385,-0.13659775324274978,10.7831095689713,106.764525678009,3.0,0,0,-0.5962397703258719,0.0,0.0,1.0,0.0,0.0
3727,0.4560322857850593,0.15384615384615385,2.0502110105697895,10.6908312500403,106.721112325995,0.0,1,0,0.11316161425994499,0.0,0.0,0.0,1.0,0.0
3257,-0.3992422225807697,0.15384615384615385,-0.4391709580720064,10.6968334434718,106.740503470024,2.0,0,0,0.11316161425994499,0.0,0.0,0.0,0.0,1.0
361,-0.3992422225807697,0.23076923076923078,-1.2015945422910468,10.8193368096943,106.702411183011,0.0,1,0,0.11316161425994499,0.0,0.0,0.0,0.0,1.0
2183,-1.9513779408530998,0.23076923076923078,-0.4391709580720064,10.8070927644667,106.695407072586,2.0,0,1,-0.3306552193971129,0.0,0.0,0.0,1.0,0.0
1134,0.4139875106418454,0.15384615384615385,0.1302907279796492,10.8755431027514,106.685301268147,3.0,0,1,-0.3306552193971129,1.0,0.0,0.0,1.0,0.0
5070,-0.37480406362233243,0.23076923076923078,-0.13659775324274978,10.8548636581066,106.768080777126,0.0,1,1,-0.09639304316274322,1.0,0.0,0.0,1.0,0.0
3199,0.5102943374875497,0.07692307692307693,-0.4391709580720064,10.7036703332575,106.703730879026,0.0,1,0,-0.9028346336956022,0.0,0.0,0.0,0.0,1.0
5014,1.1918029769217138,0.15384615384615385,-0.13659775324274978,10.8033227143406,106.79581397121,0.0,1,1,0.9196032047928032,0.0,0.0,0.0,0.0,1.0
3438,-1.2831292553680742,0.23076923076923078,0.1302907279796492,10.8194713432344,106.674948497288,3.0,0,1,-0.5962397703258719,0.0,0.0,0.0,1.0,0.0
2155,-0.10929128578611225,0.38461538461538464,0.1302907279796492,10.7718730355186,106.669634556353,3.0,0,1,2.3634408616661546,0.0,0.0,0.0,1.0,0.0
1830,0.4560322857850593,0.15384615384615385,1.5713987371125986,10.8667285730735,106.649698494507,0.0,1,0,1.3897638631431688,0.0,0.0,0.0,0.0,1.0
1053,-0.12968436710496703,0.3076923076923077,0.1302907279796492,10.7718484446873,106.679455950406,3.0,0,1,0.782381234505476,0.0,0.0,0.0,1.0,0.0
2460,0.007491102083431382,0.3076923076923077,-0.4391709580720064,10.84566054829,106.664761083155,3.0,0,0,-0.09639304316274322,0.0,0.0,1.0,0.0,0.0
22,1.4173088244001117,0.23076923076923078,1.8234285872700184,10.8044241524489,106.728677325377,3.0,0,0,1.2822279616686043,0.0,0.0,0.0,0.0,1.0
2066,0.5626351999909364,0.23076923076923078,-0.4391709580720064,10.678188370211,106.753510809564,3.0,0,0,0.11316161425994499,0.0,0.0,0.0,0.0,1.0
1653,-0.4750780736920162,0.3076923076923077,-0.7884660886417492,10.8082294333965,106.688379449594,3.0,0,0,0.11316161425994499,0.0,0.0,0.0,0.0,1.0
4060,-0.25832850878387886,0.3076923076923077,1.434027398777648,10.7959193916376,106.671083537174,0.0,1,0,0.30272686033993124,0.0,0.0,0.0,0.0,1.0
4541,-0.6986692748486453,0.3076923076923077,-0.13659775324274978,10.7746851595558,106.66434619738,0.0,1,1,-0.3306552193971129,0.0,1.0,0.0,1.0,0.0
2743,0.6740374558259857,0.07692307692307693,-0.7884660886417492,10.7964797009218,106.608925654539,2.0,0,0,-0.5962397703258719,0.0,0.0,0.0,1.0,0.0
1376,-0.5826509567402912,0.07692307692307693,-0.13659775324274978,10.8578972342164,106.840403685094,0.0,1,1,-1.265459390571404,0.0,0.0,0.0,1.0,0.0
6152,-1.154485113689163,0.07692307692307693,-1.7072229052631471,10.7428892357999,106.729668113541,1.0,0,0,-0.3306552193971129,0.0,0.0,0.0,0.0,1.0
2468,-0.3992422225807697,0.23076923076923078,-1.2015945422910468,10.7955289989817,106.677755424782,2.0,0,0,0.11316161425994499,0.0,0.0,0.0,0.0,1.0
3754,0.3261314717355513,0.23076923076923078,0.963530485543728,10.7079504426833,106.734773041258,0.0,1,0,0.6349856886503463,0.0,0.0,1.0,0.0,0.0
2325,0.4421497898439041,0.23076923076923078,-0.13659775324274978,10.8850024343868,106.681154385565,0.0,1,1,-0.3306552193971129,1.0,0.0,0.0,1.0,0.0
460,-0.6108132359423499,0.07692307692307693,0.5849971026224333,10.7832607879519,106.628765638947,3.0,0,0,-1.265459390571404,0.0,0.0,0.0,1.0,0.0
1067,1.7572835574618646,0.3076923076923077,0.963530485543728,10.8309129469348,106.705755791401,3.0,0,0,3.742061866497503,0.0,0.0,0.0,1.0,0.0
87,-0.6108132359423499,0.15384615384615385,-0.4391709580720064,10.7264728663674,106.73354296111,2.0,0,1,-0.9028346336956022,0.0,0.0,0.0,0.0,1.0
1430,0.5626351999909364,0.23076923076923078,-0.13659775324274978,10.8754157422153,106.654938111509,0.0,1,1,-0.09639304316274322,0.0,0.0,0.0,0.0,1.0
1486,-2.179285860273359,0.0,-0.7884660886417492,10.7645904575846,106.6951263156,3.0,0,0,-0.5962397703258719,0.0,0.0,0.0,1.0,0.0
3678,-0.5826509567402912,0.23076923076923078,-0.4391709580720064,10.8710339688032,106.732681686849,0.0,1,0,0.30272686033993124,0.0,0.0,0.0,1.0,0.0
4629,1.473908078467857,0.07692307692307693,0.1302907279796492,10.7867929382976,106.729753481904,3.0,0,1,0.4757863711357461,0.0,1.0,0.0,1.0,0.0
282,0.5497226728921797,0.0,-1.2015945422910468,10.6786513659158,106.753477084806,3.0,0,0,-0.09639304316274322,0.0,0.0,0.0,0.0,1.0
2483,-1.375564037342406,0.23076923076923078,0.1302907279796492,10.7926706795051,106.696734639198,3.0,0,1,-0.3306552193971129,0.0,0.0,0.0,1.0,0.0
462,0.26451943380014525,0.15384615384615385,-0.7884660886417492,10.769992688451,106.688604873808,2.0,0,0,-0.5962397703258719,0.0,0.0,0.0,0.0,1.0
212,-0.15036267557913827,0.15384615384615385,0.1302907279796492,10.7487435585006,106.683389366938,3.0,0,1,-0.09639304316274322,1.0,0.0,0.0,1.0,0.0
2588,-0.37480406362233243,0.38461538461538464,-1.2015945422910468,10.7872006787663,106.647341404667,2.0,0,0,0.6349856886503463,0.0,0.0,1.0,0.0,0.0
3922,-0.5550151062263636,0.3076923076923077,0.1302907279796492,10.8085053513296,106.688067059871,3.0,0,1,0.6349856886503463,0.0,0.0,0.0,1.0,0.0
3537,1.6503592705876222,0.07692307692307693,0.1302907279796492,10.7937684561413,106.69116615309,0.0,1,0,0.9196032047928032,0.0,0.0,0.0,1.0,0.0
3852,0.4697856403578324,0.3076923076923077,-0.4391709580720064,10.7606534852277,106.688780316556,3.0,0,0,0.782381234505476,0.0,0.0,0.0,1.0,0.0
2907,-0.8917879431693261,0.23076923076923078,-0.7884660886417492,10.7234941506552,106.620067074327,3.0,0,0,-0.3306552193971129,0.0,0.0,0.0,1.0,0.0
2581,-1.0745480811548156,0.15384615384615385,-1.7072229052631471,10.8061929339425,106.696739928858,3.0,0,0,-0.5962397703258719,0.0,0.0,0.0,0.0,1.0
1368,0.8639894412629446,0.0,2.0502110105697895,10.7901521724985,106.734693217729,0.0,1,0,0.30272686033993124,0.0,0.0,0.0,0.0,1.0
234,-0.6395223895560433,0.23076923076923078,-1.2015945422910468,10.7178064721673,106.622686812597,0.0,1,0,-0.3306552193971129,0.0,0.0,0.0,1.0,0.0
4209,0.4281357043022882,0.15384615384615385,-0.13659775324274978,10.8228070474652,106.684999468157,0.0,1,1,-0.9028346336956022,0.0,0.0,0.0,1.0,0.0
597,0.3560006685276249,0.07692307692307693,2.0502110105697895,10.8801981218516,106.65104852768,0.0,1,0,-2.28145563852695,0.0,0.0,1.0,0.0,0.0
5559,0.09822355231529148,0.07692307692307693,-0.4391709580720064,10.7858678273759,106.764743272215,3.0,0,0,0.11316161425994499,0.0,0.0,1.0,0.0,0.0
2250,-0.8577985162466776,0.23076923076923078,0.1302907279796492,10.7615916238493,106.67850579806,3.0,0,1,1.0479657854342355,0.0,0.0,0.0,0.0,1.0
5113,0.11572050155235063,0.07692307692307693,-0.7884660886417492,10.7944843038982,106.668487773016,2.0,0,0,-0.3306552193971129,0.0,0.0,0.0,1.0,0.0
2283,0.1330128034148692,0.15384615384615385,-1.2015945422910468,10.8572609072409,106.626540089708,3.0,0,0,-0.09639304316274322,0.0,0.0,0.0,1.0,0.0
662,-0.8577985162466776,0.07692307692307693,-1.7072229052631471,10.8197188466803,106.6746578155,0.0,1,0,-0.9028346336956022,1.0,0.0,0.0,1.0,0.0
6252,-0.15036267557913827,0.4615384615384616,1.8234285872700184,10.7558903811383,106.656066435183,3.0,0,0,1.0479657854342355,0.0,0.0,0.0,0.0,1.0
2285,-0.2360953837240995,0.15384615384615385,0.1302907279796492,10.8681461541981,106.622599186182,3.0,0,1,-0.09639304316274322,0.0,0.0,0.0,1.0,0.0
3431,-0.21419165043464608,0.0,0.1302907279796492,10.7829686701555,106.776392655928,3.0,0,0,-2.28145563852695,0.0,0.0,0.0,1.0,0.0
5935,0.1330128034148692,0.07692307692307693,0.1302907279796492,10.7689674205624,106.683797499994,3.0,0,1,-1.265459390571404,0.0,0.0,0.0,1.0,0.0
5488,0.8639894412629446,0.23076923076923078,-0.4391709580720064,10.7444518156887,106.683705500482,3.0,0,0,0.6349856886503463,0.0,0.0,0.0,1.0,0.0
5632,-0.25832850878387886,0.23076923076923078,0.1302907279796492,10.8300240070074,106.70265162981,3.0,0,0,0.11316161425994499,0.0,0.0,0.0,1.0,0.0
4085,-1.2831292553680742,0.23076923076923078,-0.13659775324274978,10.7613476246795,106.666771533877,0.0,1,1,-0.09639304316274322,0.0,0.0,0.0,1.0,0.0
5746,0.6620659332917171,0.0,2.9327121238363367,10.8536431433966,106.751443786,0.0,1,0,0.11316161425994499,0.0,1.0,0.0,1.0,0.0
3468,-0.7920776985802562,0.23076923076923078,-1.2015945422910468,10.7261720815989,106.733774668628,3.0,0,0,0.11316161425994499,0.0,0.0,0.0,0.0,1.0
3927,-0.5012464551475065,0.07692307692307693,-0.7884660886417492,10.7405960787303,106.735888253896,3.0,0,0,-0.9028346336956022,0.0,0.0,0.0,0.0,1.0
3601,-0.8577985162466776,0.07692307692307693,0.1302907279796492,10.7919118,106.6914934,3.0,0,1,-0.09639304316274322,1.0,0.0,0.0,1.0,0.0
2990,0.5754359289154177,0.15384615384615385,0.5849971026224333,10.8303037027201,106.728571903359,0.0,1,0,0.11316161425994499,0.0,0.0,1.0,0.0,0.0
5599,0.4421497898439041,0.15384615384615385,-0.13659775324274978,10.832234976475386,106.61245867609978,0.0,1,1,-0.09639304316274322,0.0,1.0,0.0,1.0,0.0
779,-0.4240911260771986,0.07692307692307693,-1.7072229052631471,10.7516592638375,106.701645646158,0.0,1,0,-0.5962397703258719,0.0,0.0,0.0,1.0,0.0
2544,-3.0483137232119595,0.15384615384615385,-2.3590912406621465,10.7816317194804,106.680117596254,0.0,1,0,-1.265459390571404,0.0,0.0,0.0,0.0,0.0
4668,-0.4240911260771986,0.07692307692307693,-1.2015945422910468,10.7572618429419,106.599628196397,0.0,1,0,-0.5962397703258719,0.0,0.0,0.0,1.0,0.0
4528,-0.17133430316050988,0.07692307692307693,-0.4391709580720064,10.797809788063,106.704986829215,0.0,1,0,0.6349856886503463,0.0,0.0,1.0,0.0,0.0
4700,2.2823245411723314,0.38461538461538464,-0.13659775324274978,10.8035722707419,106.616791224973,0.0,1,1,0.782381234505476,0.0,0.0,0.0,1.0,0.0
4599,-0.6108132359423499,0.23076923076923078,-0.7884660886417492,10.8755696261506,106.685261290914,0.0,1,0,-0.3306552193971129,0.0,1.0,0.0,0.0,1.0
4534,0.09822355231529148,0.23076923076923078,0.1302907279796492,10.6783930277897,106.753586645453,3.0,0,0,0.11316161425994499,0.0,0.0,0.0,0.0,1.0
5182,0.9652944659873779,0.3076923076923077,-0.13659775324274978,10.8026399913174,106.641564784056,0.0,1,1,1.2822279616686043,0.0,1.0,0.0,1.0,0.0
6085,1.0601009748869976,0.4615384615384616,0.1302907279796492,10.8088312098888,106.664612928009,3.0,0,1,1.0479657854342355,0.0,0.0,0.0,1.0,0.0
685,-0.9622048207552769,0.23076923076923078,-0.13659775324274978,10.788833743713,106.699260513765,0.0,1,1,-0.9028346336956022,0.0,0.0,0.0,0.0,1.0
3988,0.007491102083431382,0.23076923076923078,-0.13659775324274978,10.8259991933273,106.765222291276,0.0,1,0,0.11316161425994499,0.0,0.0,0.0,1.0,0.0
3915,0.04445490123643577,0.23076923076923078,-0.13659775324274978,10.6782272607218,106.703488084028,0.0,1,0,0.11316161425994499,0.0,0.0,0.0,1.0,0.0
3243,-0.03042058936361902,0.07692307692307693,-1.2015945422910468,10.7781488175264,106.635372936506,0.0,1,0,-0.9028346336956022,0.0,0.0,1.0,0.0,0.0
1748,-0.3271071868061051,0.15384615384615385,-0.7884660886417492,10.8301251454521,106.637980569729,2.0,0,0,0.11316161425994499,0.0,0.0,0.0,0.0,1.0
2003,0.04445490123643577,0.23076923076923078,1.5713987371125986,10.7428506498873,106.710578949457,3.0,0,0,0.4757863711357461,0.0,0.0,0.0,0.0,1.0
4865,-1.113976416559445,0.07692307692307693,-0.7884660886417492,10.8559351058542,106.619090789485,3.0,0,0,-1.265459390571404,0.0,0.0,1.0,0.0,0.0
2837,-2.353425128614761,0.07692307692307693,-0.13659775324274978,10.7809780091312,106.676015853344,0.0,1,1,-2.28145563852695,0.0,0.0,0.0,1.0,0.0
3697,0.5366963775693665,0.3076923076923077,0.5849971026224333,10.8399112751415,106.795109157994,3.0,0,0,1.8544073759670945,0.0,0.0,0.0,1.0,0.0
3032,-0.4240911260771986,0.07692307692307693,-1.7072229052631471,10.7426924377662,106.710069825273,0.0,1,0,-0.5962397703258719,0.0,0.0,0.0,0.0,1.0
2171,-1.9513779408530998,0.23076923076923078,0.1302907279796492,10.792498314056,106.657070283891,3.0,0,1,-0.3306552193971129,0.0,0.0,0.0,1.0,0.0
1850,0.20022778488202966,0.15384615384615385,0.1302907279796492,10.7248125076294,106.664390563965,0.0,1,0,-0.09639304316274322,1.0,0.0,0.0,1.0,0.0
487,-1.375564037342406,0.23076923076923078,0.1302907279796492,10.7920441042708,106.696727184963,3.0,0,1,-0.3306552193971129,0.0,0.0,0.0,1.0,0.0
1688,-1.154485113689163,0.07692307692307693,0.1302907279796492,10.7364867088823,106.653037073909,3.0,0,1,-1.265459390571404,0.0,0.0,0.0,0.0,1.0
2230,-0.35076329075821017,0.38461538461538464,-1.2015945422910468,10.8011654903933,106.699854614909,0.0,1,0,0.4757863711357461,0.0,0.0,0.0,0.0,1.0
3473,-0.21419165043464608,0.3076923076923077,0.1302907279796492,10.8565396284347,106.75200715455,3.0,0,0,0.11316161425994499,0.0,0.0,0.0,1.0,0.0
4584,0.3411414986789205,0.07692307692307693,-1.7072229052631471,10.8756486985413,106.685241464941,0.0,1,0,-0.9028346336956022,0.0,0.0,1.0,0.0,0.0
2320,-1.424042969164965,0.07692307692307693,0.1302907279796492,10.7685573112704,106.672020758935,3.0,0,1,-1.265459390571404,0.0,0.0,0.0,1.0,0.0
782,-0.6395223895560433,0.15384615384615385,-0.4391709580720064,10.7455018305876,106.730782428933,3.0,0,0,0.11316161425994499,0.0,0.0,0.0,1.0,0.0
521,-0.5826509567402912,0.15384615384615385,-1.2015945422910468,10.8493948503127,106.651267608298,0.0,1,0,-0.3306552193971129,0.0,0.0,0.0,0.0,1.0
522,-0.4493648176687783,0.3076923076923077,-0.4391709580720064,10.7614837334744,106.666845414847,3.0,0,0,1.9355994527483495,0.0,0.0,0.0,0.0,1.0
2939,0.3707119834879608,0.07692307692307693,-0.4391709580720064,10.8071209348185,106.623907104496,2.0,0,0,0.11316161425994499,0.0,0.0,0.0,1.0,0.0
5217,0.5102943374875497,0.15384615384615385,0.1302907279796492,10.853908125696,106.762552325184,3.0,0,1,-0.5962397703258719,0.0,0.0,0.0,1.0,0.0
5066,1.0692556478206303,0.0,-0.4391709580720064,10.8307236223064,106.613010643657,0.0,1,0,-2.28145563852695,0.0,0.0,1.0,0.0,0.0
2398,0.310967493112446,0.23076923076923078,0.1302907279796492,10.8713760623614,106.653657891591,3.0,0,0,0.30272686033993124,1.0,0.0,0.0,1.0,0.0
2207,0.895116379479229,0.15384615384615385,0.1302907279796492,10.8769658530434,106.74018533806,3.0,0,1,1.4917826190912926,0.0,0.0,0.0,1.0,0.0
6083,-0.04974733457061966,0.07692307692307693,-0.7884660886417492,10.8442367369303,106.762182580232,3.0,0,0,-1.265459390571404,0.0,0.0,0.0,1.0,0.0
780,0.6740374558259857,0.15384615384615385,2.9327121238363367,10.7867804881357,106.690590246535,0.0,1,0,-0.5962397703258719,0.0,0.0,0.0,1.0,0.0
4917,-2.448843715749161,0.07692307692307693,-0.13659775324274978,10.7866477948045,106.701577872348,0.0,1,1,-2.28145563852695,0.0,0.0,0.0,0.0,1.0
4248,-2.448843715749161,0.07692307692307693,-0.13659775324274978,10.8345605505609,106.639696941834,0.0,1,1,-2.28145563852695,0.0,0.0,0.0,1.0,0.0
1511,0.2487067167045892,0.23076923076923078,0.5849971026224333,10.7693677627841,106.690553580204,2.0,0,0,0.4757863711357461,0.0,0.0,0.0,1.0,0.0
1882,1.5614971241535625,0.23076923076923078,-0.13659775324274978,10.8147390540128,106.689363084729,0.0,1,1,0.782381234505476,0.0,0.0,0.0,1.0,0.0
651,-0.6986692748486453,0.15384615384615385,-1.7072229052631471,10.7745867053266,106.697466674094,0.0,1,0,-0.3306552193971129,0.0,0.0,0.0,1.0,0.0
4684,3.4322498478770465,0.6923076923076923,0.1302907279796492,10.7693097123691,106.690958018209,3.0,0,1,3.5037857036596853,0.0,1.0,0.0,1.0,0.0
2196,-0.03042058936361902,0.07692307692307693,2.0502110105697895,10.7929697523782,106.624331456361,0.0,1,0,0.11316161425994499,1.0,0.0,0.0,1.0,0.0
1801,-0.35076329075821017,0.0,-0.4391709580720064,10.8133870778479,106.577521018424,3.0,0,0,-1.709276224228461,0.0,0.0,0.0,1.0,0.0
369,0.26451943380014525,0.23076923076923078,0.963530485543728,10.759847083929,106.686705878038,2.0,0,0,0.4757863711357461,1.0,0.0,0.0,1.0,0.0
5495,-0.4750780736920162,0.3076923076923077,0.1302907279796492,10.7648765932546,106.616321424468,3.0,0,0,0.30272686033993124,0.0,0.0,0.0,0.0,1.0
6262,0.4139875106418454,0.3076923076923077,-0.13659775324274978,10.857968037066,106.755979876219,0.0,1,1,1.0479657854342355,0.0,0.0,0.0,0.0,1.0
118,-0.4750780736920162,0.23076923076923078,0.5849971026224333,10.791817139355,106.674936780298,3.0,0,0,-0.09639304316274322,0.0,0.0,0.0,0.0,1.0
377,-0.4493648176687783,0.23076923076923078,-1.7072229052631471,10.7917935261838,106.674962647414,3.0,0,0,0.11316161425994499,0.0,0.0,0.0,0.0,1.0
216,1.0039496078129824,0.23076923076923078,0.1302907279796492,10.7760603812551,106.611114149507,2.0,0,0,0.4757863711357461,0.0,0.0,0.0,0.0,1.0
2216,0.7093811696941079,0.23076923076923078,0.1302907279796492,10.7567200633377,106.585862842009,3.0,0,1,0.11316161425994499,0.0,0.0,0.0,1.0,0.0
5519,0.1501051897940211,0.23076923076923078,2.0502110105697895,10.8847371062856,106.609876653991,3.0,0,0,0.11316161425994499,0.0,0.0,0.0,0.0,1.0
1613,1.8299642566326462,0.15384615384615385,-0.13659775324274978,10.7777280712134,106.759474934071,0.0,1,1,0.11316161425994499,0.0,0.0,0.0,0.0,1.0
2883,-1.375564037342406,0.15384615384615385,0.1302907279796492,10.8359881300025,106.635651062324,3.0,0,0,-0.3306552193971129,0.0,0.0,1.0,0.0,0.0
4505,0.7093811696941079,0.23076923076923078,-0.13659775324274978,10.83486001270886,106.84296698680993,0.0,1,1,0.11316161425994499,0.0,0.0,0.0,1.0,0.0
5648,1.3881753703228958,0.23076923076923078,-0.7884660886417492,10.826965301193,106.625715833013,2.0,0,0,1.0479657854342355,0.0,0.0,0.0,1.0,0.0
3632,-0.04974733457061966,0.38461538461538464,-0.4391709580720064,10.7978211479385,106.671496961217,2.0,0,0,-0.3306552193971129,0.0,0.0,0.0,0.0,1.0
962,0.08051705379647196,0.15384615384615385,-0.4391709580720064,10.6751026743224,106.698563032754,2.0,0,0,-0.5962397703258719,0.0,0.0,0.0,0.0,1.0
5666,-2.0993488277390115,0.07692307692307693,-2.3590912406621465,10.7553165213841,106.629546680048,2.0,0,0,-2.28145563852695,0.0,0.0,0.0,1.0,0.0
2510,-0.12968436710496703,0.38461538461538464,2.0502110105697895,10.7621601514631,106.670544677061,3.0,0,0,1.2822279616686043,0.0,0.0,0.0,1.0,0.0
5908,-0.5278863642596802,0.07692307692307693,-0.7884660886417492,10.8670229641876,106.734796630695,0.0,1,0,-0.3306552193971129,0.0,0.0,0.0,0.0,1.0
4786,-0.37480406362233243,0.23076923076923078,0.1302907279796492,10.764769783672,106.616393571298,0.0,1,0,0.30272686033993124,0.0,0.0,0.0,0.0,1.0
4845,0.21656469094070732,0.07692307692307693,-0.4391709580720064,10.7032937092102,106.703886991253,0.0,1,0,1.1685438955241836,0.0,0.0,0.0,1.0,0.0
359,-1.0745480811548156,0.3076923076923077,-0.13659775324274978,10.7807254710515,106.682149926465,0.0,1,1,-0.5962397703258719,0.0,0.0,0.0,1.0,0.0
3839,0.3707119834879608,0.23076923076923078,0.963530485543728,10.8305125293338,106.705690002389,0.0,1,0,0.11316161425994499,0.0,0.0,0.0,0.0,1.0
4194,0.8639894412629446,0.0,-0.4391709580720064,10.8098679317984,106.69299483196,3.0,0,0,0.30272686033993124,0.0,0.0,0.0,1.0,0.0
1246,-0.3038236354463698,0.38461538461538464,2.9327121238363367,10.7609797869355,106.66092160992,0.0,1,0,0.9196032047928032,0.0,0.0,0.0,1.0,0.0
3408,-1.1961350497447065,0.07692307692307693,-0.7884660886417492,10.7981824618354,106.591863322221,2.0,0,0,-1.265459390571404,0.0,0.0,1.0,0.0,0.0
4375,0.310967493112446,0.23076923076923078,-0.13659775324274978,10.795695324107127,106.77495044446832,0.0,1,1,0.11316161425994499,0.0,1.0,0.0,1.0,0.0
2415,1.4387882572260413,0.23076923076923078,1.5713987371125986,10.830030698015,106.702697838396,0.0,1,0,0.30272686033993124,0.0,0.0,0.0,1.0,0.0
6080,-0.6986692748486453,0.3076923076923077,-0.7884660886417492,10.8111069816281,106.702064915651,2.0,0,0,-0.09639304316274322,0.0,0.0,0.0,1.0,0.0
3694,1.4669505364281001,0.07692307692307693,-0.13659775324274978,10.722883,106.71721,0.0,1,1,-0.09639304316274322,0.0,0.0,0.0,0.0,1.0
5317,-2.0993488277390115,0.07692307692307693,-0.13659775324274978,10.8641979384949,106.745613770433,0.0,1,1,-1.265459390571404,0.0,1.0,0.0,1.0,0.0
2185,-0.3271071868061051,0.3076923076923077,-0.4391709580720064,10.7891483070039,106.698237187112,2.0,0,0,0.30272686033993124,0.0,0.0,0.0,0.0,1.0
4247,0.48341223409930084,0.15384615384615385,-0.13659775324274978,10.9017646479785,106.642651435195,0.0,1,0,-0.5962397703258719,0.0,0.0,0.0,0.0,1.0
2567,0.3707119834879608,0.23076923076923078,-0.4391709580720064,10.8499848926488,106.722683121108,0.0,1,0,0.11316161425994499,0.0,0.0,0.0,1.0,0.0
3423,-0.9987122300435685,0.23076923076923078,0.1302907279796492,10.7615184683789,106.666689114491,3.0,0,1,0.30272686033993124,0.0,0.0,0.0,0.0,1.0
2037,0.06259592582891907,0.23076923076923078,-0.4391709580720064,10.8193620608932,106.702848930544,3.0,0,0,0.11316161425994499,0.0,0.0,0.0,1.0,0.0
5384,-0.5826509567402912,0.15384615384615385,0.1302907279796492,10.839129494393884,106.6203074902296,3.0,0,1,-0.3306552193971129,0.0,0.0,0.0,1.0,0.0
772,0.11572050155235063,0.15384615384615385,0.1302907279796492,10.6787037988557,106.753471374815,3.0,0,0,0.11316161425994499,0.0,0.0,0.0,0.0,1.0
1284,-0.2360953837240995,0.3076923076923077,-0.4391709580720064,10.8756702523102,106.685234737394,2.0,0,0,0.11316161425994499,0.0,0.0,0.0,0.0,1.0
5788,3.2350906884449966,0.0,2.9327121238363367,10.788988862536,106.77874820523,3.0,0,0,-2.28145563852695,0.0,0.0,0.0,1.0,0.0
3562,-0.2360953837240995,0.23076923076923078,-0.4391709580720064,10.6846538322238,106.750162866058,3.0,0,0,0.11316161425994499,0.0,0.0,0.0,0.0,1.0
5961,-0.28090108395535385,0.15384615384615385,-0.7884660886417492,10.8415610282798,106.725760798251,3.0,0,0,-0.9028346336956022,0.0,0.0,0.0,1.0,0.0
2587,0.28016481741637705,0.23076923076923078,0.963530485543728,10.67500868168,106.698179471047,3.0,0,0,-0.09639304316274322,0.0,0.0,1.0,0.0,0.0
5754,-0.04974733457061966,0.15384615384615385,-0.13659775324274978,10.78471,106.7904,0.0,1,1,-0.3306552193971129,0.0,1.0,0.0,1.0,0.0
1414,-1.154485113689163,0.23076923076923078,-1.7072229052631471,10.761650250173,106.689830137647,0.0,1,0,-0.5962397703258719,0.0,0.0,0.0,1.0,0.0
1234,-0.37480406362233243,0.23076923076923078,0.5849971026224333,10.8054925194525,106.605137916655,3.0,0,0,-0.09639304316274322,0.0,0.0,0.0,0.0,1.0
398,-1.424042969164965,0.07692307692307693,-1.7072229052631471,10.860455027355,106.642922822172,3.0,0,0,-0.5962397703258719,0.0,0.0,1.0,0.0,0.0
435,1.7856620670050765,0.07692307692307693,-0.7884660886417492,10.7611663646824,106.690205671499,0.0,1,0,-0.5962397703258719,0.0,0.0,0.0,0.0,1.0
1674,-0.5550151062263636,0.15384615384615385,-0.13659775324274978,10.8774995288516,106.673140572977,0.0,1,0,-0.3306552193971129,0.0,0.0,0.0,0.0,1.0
3299,-0.4240911260771986,0.23076923076923078,0.1302907279796492,10.80707989456,106.6756247411,3.0,0,1,0.11316161425994499,0.0,0.0,1.0,0.0,0.0
365,-0.03042058936361902,0.15384615384615385,-0.13659775324274978,10.7466619851451,106.688989151802,0.0,1,1,0.11316161425994499,0.0,0.0,0.0,1.0,0.0
4121,0.21656469094070732,0.23076923076923078,0.963530485543728,10.7447149385764,106.616378715717,0.0,1,0,0.11316161425994499,0.0,0.0,0.0,0.0,1.0
4020,0.08051705379647196,0.23076923076923078,-0.4391709580720064,10.761702142187,106.590580121107,0.0,1,0,-0.09639304316274322,0.0,0.0,0.0,0.0,1.0
231,1.149192680354979,0.38461538461538464,-0.13659775324274978,10.7973781320832,106.676658825512,0.0,1,1,1.769759295385021,0.0,0.0,0.0,1.0,0.0
5356,1.149192680354979,0.15384615384615385,-0.13659775324274978,10.8118849489016,106.667008838227,0.0,1,1,-0.5962397703258719,0.0,1.0,0.0,1.0,0.0
147,-0.5826509567402912,0.3076923076923077,-0.4391709580720064,10.8147877395181,106.689518938285,2.0,0,1,0.4757863711357461,0.0,0.0,0.0,0.0,1.0
5528,1.9147745992961729,0.6153846153846154,-0.13659775324274978,10.8040121050751,106.686656414902,0.0,1,1,0.6349856886503463,0.0,1.0,0.0,1.0,0.0
3088,-0.9265771942689038,0.23076923076923078,0.1302907279796492,10.7576281995386,106.703871411991,3.0,0,1,-0.3306552193971129,0.0,0.0,0.0,0.0,1.0
4960,1.5614971241535625,0.15384615384615385,0.1302907279796492,10.7746071890432,106.690508519576,3.0,0,1,0.782381234505476,0.0,0.0,0.0,1.0,0.0
3554,0.6740374558259857,0.07692307692307693,2.9327121238363367,10.7744607387756,106.660010621151,3.0,0,0,-0.3306552193971129,0.0,0.0,0.0,1.0,0.0
407,-0.5826509567402912,0.15384615384615385,0.963530485543728,10.878820178654,106.669149645578,0.0,1,0,-0.3306552193971129,0.0,0.0,0.0,0.0,1.0
5814,0.5102943374875497,0.15384615384615385,1.5713987371125986,10.8519334609188,106.794821238947,0.0,1,0,-0.09639304316274322,0.0,0.0,0.0,0.0,1.0
3692,0.49691438232451574,0.07692307692307693,-0.13659775324274978,10.73287105961873,106.7074247479736,0.0,1,1,-1.265459390571404,0.0,0.0,1.0,0.0,0.0
3456,-1.6356139825265459,0.07692307692307693,-1.7072229052631471,10.8388982005269,106.656369110979,1.0,0,1,-1.265459390571404,0.0,0.0,0.0,0.0,1.0
2090,-0.3038236354463698,0.23076923076923078,-1.2015945422910468,10.8460587607642,106.652195050676,3.0,0,0,0.11316161425994499,0.0,0.0,0.0,0.0,1.0
86,-0.7291543745677658,0.07692307692307693,0.1302907279796492,10.7476820462881,106.715498663462,3.0,0,1,-0.5962397703258719,0.0,0.0,0.0,0.0,0.0
3576,0.29564637201642957,0.3076923076923077,-0.13659775324274978,10.8015632726319,106.776893109728,0.0,1,1,0.782381234505476,0.0,0.0,0.0,1.0,0.0
3271,-0.35076329075821017,0.07692307692307693,-0.13659775324274978,10.7913139837707,106.685402907966,0.0,1,0,-0.5962397703258719,0.0,0.0,0.0,1.0,0.0
844,1.312726605208099,0.15384615384615385,-0.13659775324274978,10.7519572625591,106.617061362404,0.0,1,1,0.11316161425994499,0.0,0.0,0.0,1.0,0.0
1031,0.4560322857850593,0.23076923076923078,0.963530485543728,10.8320764669433,106.729013689617,3.0,0,0,-0.3306552193971129,0.0,0.0,1.0,0.0,0.0
4909,-0.6395223895560433,0.23076923076923078,-0.13659775324274978,10.87904,106.5525,0.0,1,1,-0.09639304316274322,0.0,1.0,0.0,1.0,0.0
4539,2.1256585889674184,0.6153846153846154,2.9327121238363367,10.8254250768947,106.684547220814,0.0,1,0,2.9195154941516295,0.0,0.0,0.0,0.0,1.0
5705,0.3261314717355513,0.07692307692307693,-1.2015945422910468,10.7177186520442,106.623272957781,0.0,1,0,-0.3306552193971129,0.0,0.0,0.0,1.0,0.0
2987,-0.6108132359423499,0.23076923076923078,-1.2015945422910468,10.8500272966782,106.655028350651,2.0,0,0,-0.3306552193971129,0.0,0.0,0.0,0.0,1.0
4560,2.1301185469648627,0.15384615384615385,3.8269721276221884,10.7700415257928,106.721500452353,3.0,0,0,0.30272686033993124,1.0,0.0,0.0,1.0,0.0
2628,-0.9622048207552769,0.15384615384615385,-1.2015945422910468,10.7164836549564,106.628386255297,0.0,1,0,-0.3306552193971129,0.0,0.0,0.0,1.0,0.0
4708,-0.28090108395535385,0.23076923076923078,0.963530485543728,10.726338537477,106.612318391323,1.0,0,0,0.11316161425994499,0.0,0.0,0.0,1.0,0.0
3244,-0.5826509567402912,0.07692307692307693,-0.7884660886417492,10.7730119669319,106.627387002692,2.0,0,0,-0.9028346336956022,0.0,0.0,0.0,0.0,1.0
855,-0.6395223895560433,0.07692307692307693,0.1302907279796492,10.793466636067,106.691521609256,3.0,0,1,-1.265459390571404,0.0,0.0,0.0,1.0,0.0
3926,-1.6356139825265459,0.23076923076923078,-1.2015945422910468,10.8205580896455,106.685162099022,0.0,1,0,-0.3306552193971129,0.0,0.0,1.0,0.0,0.0
3003,-0.10929128578611225,0.15384615384615385,-1.2015945422910468,10.8299767168047,106.638112390894,2.0,0,0,0.11316161425994499,0.0,0.0,0.0,0.0,1.0
3984,-0.3992422225807697,0.07692307692307693,0.1302907279796492,10.8002051969484,106.690808389803,3.0,0,1,-0.5962397703258719,0.0,0.0,0.0,1.0,0.0
78,0.3707119834879608,0.15384615384615385,2.5341556375641257,21.0289486097874,105.852447225903,0.0,1,0,-0.09639304316274322,0.0,1.0,0.0,0.0,1.0
2992,-0.011343228479551189,0.3076923076923077,0.963530485543728,10.8078041894961,106.702948764126,3.0,0,0,0.11316161425994499,0.0,0.0,1.0,0.0,0.0
2247,-0.2360953837240995,0.3076923076923077,-0.4391709580720064,10.7666234757461,106.600458604599,3.0,0,0,0.11316161425994499,0.0,0.0,1.0,0.0,0.0
6170,-0.5826509567402912,0.15384615384615385,-0.4391709580720064,10.8411861437035,106.774910996763,0.0,1,0,-0.5962397703258719,0.0,1.0,0.0,0.0,1.0
5748,0.04445490123643577,0.23076923076923078,-0.4391709580720064,10.8397383835516,106.713348773106,2.0,0,0,0.11316161425994499,0.0,0.0,0.0,0.0,1.0
6073,-0.15036267557913827,0.38461538461538464,0.963530485543728,10.7936711876379,106.71824621104,3.0,0,0,1.6813478651712797,0.0,0.0,0.0,0.0,1.0
758,-0.3038236354463698,0.23076923076923078,0.1302907279796492,10.7749726379177,106.659029430616,3.0,0,1,-0.09639304316274322,0.0,0.0,0.0,0.0,1.0
4406,-0.10929128578611225,0.07692307692307693,0.1302907279796492,10.7932234395629,106.624742566555,3.0,0,1,-1.265459390571404,0.0,0.0,0.0,1.0,0.0
3355,0.9455811745352034,0.07692307692307693,-0.4391709580720064,10.7931492864752,106.676576465477,0.0,1,0,-0.09639304316274322,0.0,0.0,1.0,0.0,0.0
788,-0.35076329075821017,0.15384615384615385,-0.13659775324274978,10.7057443711835,106.740950921442,0.0,1,1,0.11316161425994499,0.0,0.0,0.0,0.0,1.0
2279,-0.5012464551475065,0.23076923076923078,-0.4391709580720064,10.8357929618188,106.661186920875,0.0,1,0,0.11316161425994499,0.0,0.0,0.0,1.0,0.0
4082,-0.25832850878387886,0.15384615384615385,0.1302907279796492,10.7762273257571,106.763921740807,3.0,0,0,-1.265459390571404,0.0,0.0,0.0,1.0,0.0
4074,-0.5278863642596802,0.15384615384615385,-0.4391709580720064,10.7998272534687,106.630513022428,3.0,0,0,0.11316161425994499,0.0,0.0,0.0,1.0,0.0
4454,-0.37480406362233243,0.23076923076923078,1.287787426350749,10.87904,106.5525,3.0,0,0,0.11316161425994499,0.0,0.0,0.0,1.0,0.0
5228,1.7572835574618646,0.3076923076923077,-0.13659775324274978,10.8062681490508,106.729942406734,0.0,1,1,2.3634408616661546,0.0,0.0,0.0,1.0,0.0
5008,0.3707119834879608,0.3076923076923077,1.287787426350749,10.84488,106.7182,0.0,1,0,0.11316161425994499,0.0,0.0,0.0,0.0,1.0
3631,1.410079103612348,0.15384615384615385,0.1302907279796492,10.8036883012224,106.796350907523,3.0,0,1,0.4757863711357461,0.0,0.0,0.0,1.0,0.0
4702,2.2823245411723314,0.38461538461538464,-0.13659775324274978,10.80397,106.6174,0.0,1,1,0.782381234505476,0.0,1.0,0.0,1.0,0.0
4126,1.9250418277454682,0.15384615384615385,2.0502110105697895,10.7448713301747,106.737564613097,0.0,1,0,0.30272686033993124,1.0,0.0,0.0,1.0,0.0
2176,1.0963843897873138,0.3076923076923077,0.5849971026224333,10.7863354227876,106.70167300157,1.0,0,0,1.6813478651712797,0.0,0.0,0.0,1.0,0.0
424,-1.0361439750637471,0.15384615384615385,-0.4391709580720064,10.7936514305878,106.691526213162,0.0,1,0,0.4757863711357461,0.0,0.0,0.0,0.0,1.0
392,0.3707119834879608,0.23076923076923078,-0.13659775324274978,10.845292440726686,106.7183188792019,0.0,1,1,0.11316161425994499,0.0,0.0,0.0,1.0,0.0
5580,0.385278357028152,0.23076923076923078,-0.13659775324274978,10.8086543307959,106.732815333828,0.0,1,1,0.11316161425994499,0.0,1.0,0.0,1.0,0.0
5946,0.007491102083431382,0.23076923076923078,-0.13659775324274978,10.8085718352673,106.688051653466,0.0,1,1,0.11316161425994499,0.0,0.0,0.0,1.0,0.0
2239,-0.011343228479551189,0.23076923076923078,0.1302907279796492,10.7998298544726,106.644390508476,3.0,0,1,0.11316161425994499,0.0,0.0,0.0,0.0,1.0
104,-1.5260472017317033,0.07692307692307693,-0.7884660886417492,10.7479184212593,106.716197600085,0.0,1,0,-1.265459390571404,0.0,0.0,0.0,0.0,1.0
2672,-1.154485113689163,0.15384615384615385,-1.2015945422910468,10.7907414397842,106.673009655042,3.0,0,0,-0.3306552193971129,0.0,0.0,1.0,0.0,0.0
6037,-0.1926076911174569,0.23076923076923078,0.1302907279796492,10.8759957646498,106.654827162082,2.0,0,0,0.30272686033993124,0.0,0.0,0.0,0.0,1.0
4039,-0.5826509567402912,0.07692307692307693,-0.4391709580720064,10.801838232126,106.687578582416,2.0,0,1,-0.9028346336956022,0.0,0.0,1.0,0.0,0.0
2068,-1.6936008246407677,0.07692307692307693,-1.2015945422910468,10.8416915331792,106.67665105001,0.0,1,0,-1.265459390571404,0.0,0.0,0.0,1.0,0.0
4237,0.04445490123643577,0.23076923076923078,-0.4391709580720064,21.02894860978742,105.85244722590336,2.0,0,0,0.30272686033993124,0.0,0.0,0.0,0.0,1.0
3493,-0.8577985162466776,0.15384615384615385,-0.13659775324274978,10.8015009122488,106.698850588451,0.0,1,1,0.11316161425994499,0.0,0.0,0.0,1.0,0.0
1948,0.02608851654062688,0.3076923076923077,-0.4391709580720064,10.7978471962319,106.696238343144,3.0,0,0,1.8544073759670945,0.0,0.0,0.0,0.0,1.0
1459,-0.37480406362233243,0.23076923076923078,0.5849971026224333,10.8305438202251,106.705219237934,0.0,1,0,-0.09639304316274322,0.0,0.0,0.0,1.0,0.0
4529,2.080303039832055,0.15384615384615385,0.963530485543728,10.8099751624433,106.820689150559,0.0,1,0,-0.09639304316274322,0.0,0.0,0.0,1.0,0.0
1768,-0.1926076911174569,0.23076923076923078,0.963530485543728,10.7411698177079,106.674012355506,3.0,0,0,0.11316161425994499,0.0,0.0,1.0,0.0,0.0
3298,0.4421497898439041,0.07692307692307693,-1.2015945422910468,10.8486519480766,106.784386948822,3.0,0,0,-0.5962397703258719,0.0,0.0,1.0,0.0,0.0
743,0.8639894412629446,0.23076923076923078,2.0502110105697895,10.8250858427745,106.62543719359,3.0,0,0,0.30272686033993124,0.0,0.0,0.0,1.0,0.0
5129,-0.04974733457061966,0.07692307692307693,-0.4391709580720064,10.8360734883633,106.661205867235,2.0,0,1,-0.3306552193971129,0.0,0.0,0.0,0.0,1.0
3835,2.48125319188634,0.15384615384615385,2.9327121238363367,10.7809271501472,106.761917443202,3.0,0,0,0.6349856886503463,0.0,0.0,0.0,1.0,0.0
6026,-0.2360953837240995,0.07692307692307693,-0.13659775324274978,10.7955075698347,106.640822922093,0.0,1,1,-0.09639304316274322,0.0,0.0,0.0,1.0,0.0
1587,-0.37480406362233243,0.15384615384615385,-1.2015945422910468,10.8061700323325,106.711151934782,0.0,1,0,0.782381234505476,0.0,0.0,0.0,0.0,1.0
4866,2.5330137272676927,0.3076923076923077,1.287787426350749,10.715896580903,106.631678325569,3.0,0,0,0.9196032047928032,0.0,0.0,0.0,1.0,0.0
1731,-0.8577985162466776,0.15384615384615385,-0.13659775324274978,10.8111885535003,106.610757628879,0.0,1,1,0.30272686033993124,0.0,0.0,0.0,1.0,0.0
5997,0.7776305923124383,0.15384615384615385,2.0502110105697895,10.76650882555,106.659356809474,3.0,0,0,1.2822279616686043,0.0,0.0,0.0,1.0,0.0
4333,1.71661567056564,0.15384615384615385,0.963530485543728,10.704439,106.71278,0.0,1,0,0.30272686033993124,0.0,1.0,0.0,1.0,0.0
4900,-0.6395223895560433,0.4615384615384616,0.1302907279796492,10.7966548014208,106.687966267071,3.0,0,1,1.1685438955241836,0.0,0.0,0.0,0.0,1.0
182,0.3707119834879608,0.23076923076923078,0.5849971026224333,10.7761566864135,106.672124233915,0.0,1,0,0.11316161425994499,1.0,0.0,0.0,1.0,0.0
1791,-0.7602813127840508,0.07692307692307693,-0.7884660886417492,10.7662597486365,106.644747882258,2.0,0,0,-0.5962397703258719,0.0,0.0,0.0,0.0,1.0
2355,0.9943801572205769,0.07692307692307693,0.1302907279796492,10.8006625916736,106.689155722235,3.0,0,1,0.11316161425994499,0.0,0.0,0.0,0.0,1.0
1940,-0.9622048207552769,0.15384615384615385,-0.4391709580720064,10.7662863358468,106.659326331417,3.0,0,0,0.4757863711357461,0.0,0.0,1.0,0.0,0.0
702,0.5626351999909364,0.3076923076923077,-0.13659775324274978,10.7845701318181,106.672817620158,0.0,1,1,2.9195154941516295,0.0,0.0,0.0,1.0,0.0
2442,-0.12968436710496703,0.23076923076923078,-0.4391709580720064,10.7821870642945,106.608823216599,0.0,1,0,-0.09639304316274322,0.0,0.0,0.0,0.0,1.0
5931,-0.4750780736920162,0.15384615384615385,0.1302907279796492,10.8192500967904,106.702888000025,3.0,0,1,-0.3306552193971129,0.0,0.0,0.0,0.0,1.0
496,-0.7602813127840508,0.15384615384615385,-0.4391709580720064,10.8525251638234,106.764606456626,3.0,0,0,-0.3306552193971129,0.0,0.0,0.0,1.0,0.0
4890,-0.7602813127840508,0.07692307692307693,-0.13659775324274978,10.7055863034622,106.740569270909,0.0,1,1,-1.265459390571404,0.0,0.0,0.0,1.0,0.0
464,-0.069330070593773,0.23076923076923078,0.963530485543728,10.8737495484984,106.640505575604,3.0,0,0,0.30272686033993124,0.0,0.0,0.0,1.0,0.0
163,-0.8917879431693261,0.07692307692307693,-1.2015945422910468,10.7939209598023,106.669089016891,0.0,1,0,-1.265459390571404,0.0,0.0,1.0,0.0,0.0
5443,-0.5826509567402912,0.0,-0.7884660886417492,10.7670766141829,106.609608816274,2.0,0,0,-1.265459390571404,0.0,0.0,0.0,1.0,0.0
172,-0.10929128578611225,0.38461538461538464,-0.4391709580720064,10.7694820474362,106.690485306064,2.0,0,1,0.11316161425994499,0.0,0.0,0.0,1.0,0.0
2020,-0.8917879431693261,0.3076923076923077,2.9327121238363367,10.7639133869527,106.686545909123,3.0,0,0,-0.5962397703258719,0.0,0.0,0.0,1.0,0.0
6036,-0.28090108395535385,0.23076923076923078,0.5849971026224333,10.8504188221545,106.615632251397,2.0,0,0,0.11316161425994499,0.0,0.0,0.0,0.0,1.0
3764,0.3997026173414371,0.23076923076923078,0.963530485543728,10.777139,106.78751,0.0,1,0,-0.09639304316274322,0.0,0.0,0.0,1.0,0.0
5605,-0.5278863642596802,0.3076923076923077,-1.2015945422910468,10.781308085322346,106.65361097512212,2.0,0,0,0.30272686033993124,0.0,0.0,0.0,0.0,1.0
2540,-0.6108132359423499,0.15384615384615385,-0.13659775324274978,10.794583957651,106.657608314522,0.0,1,1,-0.3306552193971129,1.0,0.0,0.0,1.0,0.0
6244,-0.3271071868061051,0.23076923076923078,-0.4391709580720064,10.8196129348215,106.702683631019,0.0,1,0,-0.3306552193971129,0.0,0.0,0.0,0.0,1.0
2009,-0.17133430316050988,0.23076923076923078,-0.13659775324274978,10.8043494618624,106.626019523786,0.0,1,1,0.11316161425994499,1.0,0.0,0.0,1.0,0.0
2260,-0.5826509567402912,0.15384615384615385,0.5849971026224333,10.7888581097033,106.799962166633,0.0,1,0,-0.09639304316274322,0.0,0.0,0.0,0.0,1.0
3084,0.49691438232451574,0.3076923076923077,0.1302907279796492,10.7574771108561,106.657182010096,3.0,0,1,1.8544073759670945,0.0,0.0,0.0,1.0,0.0
2112,0.3707119834879608,0.23076923076923078,0.963530485543728,10.8306003883118,106.705538930793,0.0,1,0,0.4757863711357461,0.0,0.0,0.0,0.0,1.0
900,-0.1926076911174569,0.3076923076923077,-0.4391709580720064,10.7928683698487,106.711554719671,3.0,0,0,1.3897638631431688,0.0,0.0,0.0,0.0,1.0
1446,2.2863366873387125,0.3076923076923077,3.566232722406522,10.7780978233254,106.635033343631,0.0,1,0,0.782381234505476,0.0,0.0,0.0,1.0,0.0
1911,0.29564637201642957,0.07692307692307693,-0.13659775324274978,10.6511753942585,106.729885337584,3.0,0,0,-0.9028346336956022,0.0,0.0,0.0,1.0,0.0
3897,1.249466690424663,0.23076923076923078,0.1302907279796492,10.7669840177996,106.700105922243,3.0,0,1,-0.3306552193971129,0.0,0.0,0.0,1.0,0.0
3542,-0.37480406362233243,0.23076923076923078,0.5849971026224333,10.6849214175639,106.75023778956,0.0,1,0,0.11316161425994499,0.0,0.0,0.0,0.0,1.0
2697,-0.3271071868061051,0.23076923076923078,-1.2015945422910468,10.771486897,106.691139961995,2.0,0,0,0.11316161425994499,0.0,0.0,0.0,0.0,1.0
4920,0.04445490123643577,0.07692307692307693,-0.13659775324274978,10.7580225169831,106.604569057223,0.0,1,1,-0.9028346336956022,0.0,0.0,0.0,1.0,0.0
3662,0.21656469094070732,0.23076923076923078,1.434027398777648,10.879043,106.55251,0.0,1,0,0.30272686033993124,0.0,1.0,0.0,1.0,0.0
741,1.2814349619334375,0.23076923076923078,1.5713987371125986,10.804316031921,106.745921914228,0.0,1,0,-0.3306552193971129,0.0,0.0,0.0,1.0,0.0
2293,-0.25832850878387886,0.15384615384615385,-0.4391709580720064,10.7878918733711,106.631046863086,2.0,0,1,-0.09639304316274322,1.0,0.0,0.0,1.0,0.0
2452,-1.0361439750637471,0.07692307692307693,-0.4391709580720064,10.8004672598747,106.692440178276,2.0,0,1,-0.9028346336956022,0.0,0.0,0.0,0.0,1.0
3802,0.9943801572205769,0.3076923076923077,-0.13659775324274978,10.703248,106.71261,0.0,1,1,0.9196032047928032,0.0,0.0,0.0,1.0,0.0
6137,-0.6986692748486453,0.07692307692307693,0.1302907279796492,10.8010124054298,106.59199789349,3.0,0,0,-1.265459390571404,0.0,0.0,0.0,1.0,0.0
5418,-0.37480406362233243,0.23076923076923078,0.1302907279796492,10.7554637158375,106.648266345363,0.0,1,0,0.30272686033993124,0.0,0.0,0.0,1.0,0.0
1206,-0.9987122300435685,0.15384615384615385,-1.7072229052631471,10.7786818251584,106.672607463922,3.0,0,0,-0.5962397703258719,0.0,0.0,0.0,0.0,1.0
509,0.48341223409930084,0.15384615384615385,1.434027398777648,10.7381907615665,106.722770792398,0.0,1,0,0.30272686033993124,0.0,0.0,0.0,0.0,1.0
3716,-0.4750780736920162,0.3076923076923077,-0.13659775324274978,10.7192695609119,106.605629245514,0.0,1,1,-0.09639304316274322,1.0,0.0,0.0,1.0,0.0
5223,0.7324828108776685,0.3076923076923077,0.1302907279796492,10.7985160449014,106.630355840812,0.0,1,0,0.4757863711357461,0.0,0.0,0.0,1.0,0.0
1764,1.0601009748869976,0.0,-0.13659775324274978,10.7938703022534,106.728825202808,0.0,1,1,-1.265459390571404,0.0,0.0,1.0,0.0,0.0
1549,-0.069330070593773,0.07692307692307693,-0.7884660886417492,10.8109506401192,106.701878964842,3.0,0,0,-0.09639304316274322,0.0,0.0,0.0,0.0,1.0
3029,0.48341223409930084,0.15384615384615385,2.0502110105697895,10.8064777394287,106.790337911741,0.0,1,0,-0.09639304316274322,0.0,0.0,0.0,1.0,0.0
4741,0.04445490123643577,0.23076923076923078,-0.7884660886417492,10.8227939311735,106.685837359103,2.0,0,0,0.11316161425994499,0.0,0.0,0.0,0.0,1.0
2044,0.3707119834879608,0.15384615384615385,2.5341556375641257,21.0289486097874,105.852447225903,0.0,1,0,-0.09639304316274322,0.0,1.0,0.0,0.0,1.0
767,-0.28090108395535385,0.3076923076923077,-1.2015945422910468,10.8103411775911,106.713541094383,0.0,1,0,0.11316161425994499,0.0,0.0,0.0,0.0,1.0
1508,-0.7602813127840508,0.07692307692307693,-0.13659775324274978,10.8426434260084,106.642474408574,0.0,1,1,-1.265459390571404,0.0,0.0,0.0,0.0,1.0
6123,-0.6108132359423499,0.15384615384615385,-0.4391709580720064,10.8379963063291,106.63660566091,2.0,0,0,-0.09639304316274322,0.0,0.0,0.0,0.0,1.0
5231,1.4387882572260413,0.15384615384615385,0.1302907279796492,10.7984276199148,106.736950459912,3.0,0,1,0.11316161425994499,0.0,0.0,0.0,1.0,0.0
4108,-0.28090108395535385,0.3076923076923077,0.1302907279796492,10.8435405264402,106.649088470492,3.0,0,1,0.782381234505476,0.0,0.0,0.0,0.0,1.0
3292,-1.5260472017317033,0.23076923076923078,0.1302907279796492,10.7555747153547,106.703320095503,3.0,0,1,-0.3306552193971129,0.0,0.0,0.0,0.0,1.0
819,-0.3271071868061051,0.07692307692307693,-0.4391709580720064,10.7670746260092,106.697443288485,0.0,1,0,-1.265459390571404,0.0,0.0,1.0,0.0,0.0
1403,-1.6936008246407677,0.07692307692307693,0.1302907279796492,10.7925524462398,106.606775032718,3.0,0,1,-1.265459390571404,0.0,0.0,0.0,1.0,0.0
1382,0.9455811745352034,0.23076923076923078,2.0502110105697895,10.8056139441538,106.789840826945,0.0,1,0,0.30272686033993124,0.0,0.0,0.0,0.0,1.0
2148,0.9943801572205769,0.0,2.9327121238363367,10.8792394805313,106.609523021599,3.0,0,0,-1.265459390571404,0.0,0.0,0.0,1.0,0.0
1638,0.007491102083431382,0.07692307692307693,0.1302907279796492,10.7867267204551,106.766104766769,3.0,0,1,0.11316161425994499,0.0,1.0,0.0,0.0,1.0
6057,-0.5826509567402912,0.07692307692307693,-1.2015945422910468,10.8420550374502,106.651005681604,2.0,0,0,-1.265459390571404,0.0,0.0,0.0,0.0,1.0
399,-3.0483137232119595,0.07692307692307693,-0.13659775324274978,10.8055460991027,106.682015506672,0.0,1,1,-2.28145563852695,0.0,0.0,0.0,0.0,1.0
882,0.9847483644909514,0.23076923076923078,0.1302907279796492,10.782027870402,106.662678501939,3.0,0,1,-2.28145563852695,0.0,0.0,0.0,0.0,1.0
3565,0.5626351999909364,0.0,-0.7884660886417492,10.6786154716551,106.753360867697,0.0,1,0,-0.5962397703258719,0.0,0.0,0.0,0.0,1.0
1179,-0.9622048207552769,0.15384615384615385,-1.2015945422910468,10.803230517581,106.704878616548,3.0,0,0,-0.5962397703258719,0.0,0.0,0.0,0.0,1.0
4279,2.1565994033142566,0.4615384615384616,-0.13659775324274978,10.798195516683,106.710910191028,0.0,1,1,4.147005872805866,0.0,0.0,0.0,0.0,0.0
2130,0.5497226728921797,0.07692307692307693,1.434027398777648,10.8080210724872,106.678413282517,3.0,0,0,0.11316161425994499,0.0,0.0,0.0,1.0,0.0
456,-1.4741655642529736,0.15384615384615385,-0.13659775324274978,10.7934831729902,106.687554214226,0.0,1,1,-0.3306552193971129,0.0,0.0,1.0,0.0,0.0
1950,-0.37480406362233243,0.07692307692307693,-0.7884660886417492,10.8191627723363,106.702720517583,0.0,1,0,-0.9028346336956022,1.0,0.0,1.0,0.0,0.0
689,0.04445490123643577,0.3076923076923077,0.1302907279796492,10.7317210645905,106.745051898904,3.0,0,0,0.11316161425994499,1.0,0.0,0.0,1.0,0.0
4969,0.3411414986789205,0.07692307692307693,-0.13659775324274978,10.7035021544685,106.703914812913,0.0,1,1,0.30272686033993124,0.0,1.0,0.0,1.0,0.0
1953,-0.6986692748486453,0.23076923076923078,1.5713987371125986,10.7693397413442,106.697419907847,0.0,1,0,-0.3306552193971129,0.0,0.0,0.0,1.0,0.0
2710,-0.37480406362233243,0.0,-0.4391709580720064,10.8088632794591,106.690248370275,3.0,0,0,-0.09639304316274322,0.0,0.0,0.0,1.0,0.0
4661,0.21656469094070732,0.23076923076923078,-0.13659775324274978,10.8471658753807,106.723593144957,0.0,1,1,0.11316161425994499,0.0,0.0,0.0,1.0,0.0
1884,-0.9265771942689038,0.3076923076923077,-1.2015945422910468,10.7541655853033,106.671149050323,3.0,0,0,-0.3306552193971129,0.0,0.0,0.0,1.0,0.0
4728,-0.3038236354463698,0.3076923076923077,-0.7884660886417492,10.7557580217245,106.606098608167,2.0,0,0,0.6349856886503463,0.0,0.0,0.0,0.0,1.0
2494,-0.37480406362233243,0.07692307692307693,-0.7884660886417492,10.8715716142138,106.677927793884,3.0,0,0,-0.9028346336956022,0.0,0.0,1.0,0.0,0.0
3036,-0.5826509567402912,0.0,0.1302907279796492,10.8204586685801,106.703922754898,3.0,0,1,-1.709276224228461,0.0,0.0,1.0,0.0,0.0
3603,2.1911851898907044,0.23076923076923078,0.963530485543728,10.8153680289192,106.591312598973,0.0,1,0,0.30272686033993124,0.0,0.0,0.0,0.0,1.0
845,0.11572050155235063,0.23076923076923078,0.963530485543728,10.7553814112762,106.611017195262,0.0,1,0,0.4757863711357461,0.0,0.0,0.0,1.0,0.0
542,-0.7291543745677658,0.07692307692307693,-1.7072229052631471,10.7976781168681,106.710795158997,0.0,1,0,-1.265459390571404,0.0,0.0,1.0,0.0,0.0
3724,1.686866679875913,0.0,0.1302907279796492,10.8138926370969,106.690024798238,3.0,0,1,2.7683848679745173,0.0,0.0,0.0,1.0,0.0
3679,-0.03042058936361902,0.23076923076923078,2.445284124721849,10.8059921264648,106.790031433105,0.0,1,0,-0.09639304316274322,0.0,0.0,0.0,1.0,0.0
5148,0.9847483644909514,0.3076923076923077,0.1302907279796492,10.7822506752364,106.66286180666,3.0,0,1,0.6349856886503463,0.0,0.0,0.0,1.0,0.0
4308,0.6378280961214066,0.23076923076923078,2.9327121238363367,10.8300993360987,106.702939276204,3.0,0,0,0.782381234505476,0.0,0.0,0.0,0.0,1.0
2964,0.007491102083431382,0.07692307692307693,0.5849971026224333,10.8216859532291,106.631422447417,3.0,0,0,-1.265459390571404,0.0,0.0,1.0,0.0,0.0
2529,-0.37480406362233243,0.15384615384615385,-0.4391709580720064,10.8546994983017,106.75299423439,0.0,1,0,-0.09639304316274322,0.0,0.0,0.0,0.0,1.0
1048,-1.2831292553680742,0.15384615384615385,-1.2015945422910468,10.7906800712525,106.672925710572,0.0,1,0,-0.3306552193971129,0.0,0.0,0.0,1.0,0.0
1960,-0.069330070593773,0.23076923076923078,0.1302907279796492,10.7931591059076,106.640182429557,3.0,0,1,0.30272686033993124,0.0,0.0,0.0,0.0,1.0
2530,-1.0361439750637471,0.07692307692307693,0.5849971026224333,10.7864463442056,106.62789254164,3.0,0,0,-1.265459390571404,0.0,0.0,0.0,0.0,1.0
4623,-1.113976416559445,0.3076923076923077,-0.7884660886417492,10.809055049586,106.686216361947,0.0,1,0,-0.3306552193971129,0.0,0.0,0.0,0.0,1.0
237,-0.7920776985802562,0.3076923076923077,-0.13659775324274978,10.799603030388,106.686591126374,0.0,1,1,0.11316161425994499,0.0,0.0,0.0,0.0,1.0
1133,-0.011343228479551189,0.0,-2.3590912406621465,10.7195521576749,106.738389059901,3.0,0,0,-0.5962397703258719,0.0,0.0,1.0,0.0,0.0
4641,-0.3271071868061051,0.07692307692307693,1.8234285872700184,10.8206539014263,106.635884348996,3.0,0,0,-1.265459390571404,0.0,0.0,1.0,0.0,0.0
4716,-1.5260472017317033,0.15384615384615385,-2.3590912406621465,10.8060728559851,106.711877643769,2.0,0,0,-0.3306552193971129,0.0,0.0,0.0,0.0,1.0
2978,-0.21419165043464608,0.15384615384615385,-0.13659775324274978,10.8413682166017,106.725083288553,0.0,1,1,-0.3306552193971129,0.0,0.0,0.0,1.0,0.0
5314,0.3707119834879608,0.15384615384615385,1.287787426350749,10.385859,106.91994,0.0,1,0,0.4757863711357461,0.0,1.0,1.0,0.0,0.0
3919,-0.37480406362233243,0.3076923076923077,-0.4391709580720064,10.7874514603286,106.686144452204,2.0,0,0,-0.09639304316274322,0.0,0.0,0.0,1.0,0.0
3138,-0.5550151062263636,0.07692307692307693,-0.13659775324274978,10.8095895545865,106.689890993844,0.0,1,1,-1.265459390571404,0.0,0.0,1.0,0.0,0.0
5614,-0.3271071868061051,0.15384615384615385,0.5849971026224333,10.8068257953787,106.64795374765,3.0,0,0,-0.5962397703258719,0.0,0.0,0.0,1.0,0.0
4073,-0.21419165043464608,0.23076923076923078,-0.7884660886417492,10.8389874765896,106.6491916668,3.0,0,0,0.11316161425994499,0.0,0.0,0.0,0.0,1.0
5404,-0.6108132359423499,0.15384615384615385,-0.13659775324274978,10.7302467748164,106.738420421803,0.0,1,1,-0.3306552193971129,0.0,0.0,0.0,0.0,1.0
3229,-0.17133430316050988,0.07692307692307693,-0.13659775324274978,10.7833816403638,106.647463888263,0.0,1,1,-2.28145563852695,1.0,0.0,0.0,1.0,0.0
1826,-0.37480406362233243,0.23076923076923078,-0.7884660886417492,10.813602470234,106.689720079512,3.0,0,0,-0.09639304316274322,0.0,0.0,1.0,0.0,0.0
593,-0.21419165043464608,0.23076923076923078,-1.2015945422910468,10.7898396476404,106.689812501366,3.0,0,0,0.11316161425994499,0.0,0.0,0.0,0.0,1.0
2725,-0.21419165043464608,0.3076923076923077,-0.4391709580720064,10.7900357390549,106.690157073025,2.0,0,0,0.11316161425994499,0.0,0.0,0.0,1.0,0.0
4137,0.21656469094070732,0.23076923076923078,2.0502110105697895,10.7360953534353,106.737740663724,3.0,0,0,0.30272686033993124,0.0,0.0,0.0,0.0,1.0
560,3.170424041914143,0.0,2.9327121238363367,10.7441672603196,106.630592504246,3.0,0,0,-2.28145563852695,0.0,0.0,0.0,0.0,1.0
5089,-0.4750780736920162,0.3076923076923077,0.1302907279796492,10.865471604094,106.68678717587,0.0,1,0,0.30272686033993124,0.0,0.0,0.0,1.0,0.0
243,-0.6108132359423499,0.23076923076923078,-0.13659775324274978,10.7786399643171,106.76270225765,0.0,1,1,0.4757863711357461,0.0,0.0,0.0,1.0,0.0
4347,0.007491102083431382,0.23076923076923078,3.566232722406522,10.7364371962384,106.671449808728,3.0,0,0,0.9196032047928032,0.0,0.0,0.0,1.0,0.0
405,1.2085090863672519,0.23076923076923078,0.5849971026224333,10.7987686809644,106.649296803409,3.0,0,0,-0.09639304316274322,0.0,0.0,0.0,1.0,0.0
1442,1.0508892631248228,0.3076923076923077,-0.4391709580720064,10.7827637577224,106.647510116144,2.0,0,1,3.1483803002163695,0.0,0.0,0.0,1.0,0.0
261,-0.6986692748486453,0.07692307692307693,0.1302907279796492,10.7743810512167,106.69774530365,3.0,0,1,-0.3306552193971129,0.0,0.0,0.0,1.0,0.0
5741,0.8639894412629446,0.23076923076923078,-0.13659775324274978,10.7031226863258,106.7119803719,0.0,1,1,0.6349856886503463,0.0,1.0,0.0,1.0,0.0
1689,-0.04974733457061966,0.23076923076923078,0.963530485543728,10.8504347522968,106.695149619901,3.0,0,0,0.6349856886503463,0.0,0.0,0.0,0.0,1.0
1725,-0.7920776985802562,0.07692307692307693,0.1302907279796492,10.7970120667957,106.618195735452,2.0,0,0,-0.9028346336956022,0.0,0.0,0.0,1.0,0.0
2496,-0.9622048207552769,0.07692307692307693,-1.7072229052631471,10.86406668512,106.625561610153,0.0,1,0,-1.265459390571404,0.0,0.0,0.0,0.0,1.0
4215,-0.21419165043464608,0.3076923076923077,2.0502110105697895,10.7721836140693,106.669376247699,3.0,0,0,0.9196032047928032,0.0,0.0,0.0,1.0,0.0
340,1.5549406834532222,0.15384615384615385,0.1302907279796492,10.7849799,106.694879,3.0,0,1,-0.09639304316274322,0.0,0.0,0.0,1.0,0.0
4377,-0.3038236354463698,0.07692307692307693,-0.4391709580720064,10.8288536387484,106.689209246606,2.0,0,1,-0.5962397703258719,0.0,0.0,0.0,1.0,0.0
1601,-0.1926076911174569,0.07692307692307693,0.1302907279796492,10.780408399669,106.616389195437,0.0,1,0,-1.265459390571404,0.0,0.0,0.0,1.0,0.0
3725,-0.9622048207552769,0.07692307692307693,-1.2015945422910468,10.747463276598,106.717782851743,3.0,0,0,-0.9028346336956022,0.0,0.0,0.0,0.0,0.0
6236,-0.8245729617021663,0.3076923076923077,-0.4391709580720064,10.8129075085957,106.696903181578,0.0,1,0,0.11316161425994499,0.0,0.0,1.0,0.0,0.0
2785,0.3261314717355513,0.23076923076923078,-0.4391709580720064,10.7880721211651,106.62963048909,2.0,0,0,-0.09639304316274322,0.0,0.0,0.0,1.0,0.0
1523,-0.5826509567402912,0.23076923076923078,-0.7884660886417492,10.8078380778158,106.703494052527,0.0,1,0,-0.09639304316274322,0.0,0.0,0.0,0.0,1.0
4706,0.21656469094070732,0.23076923076923078,0.5849971026224333,10.707884082285,106.735095857189,0.0,1,0,0.11316161425994499,0.0,0.0,0.0,0.0,1.0
5586,2.7384683105797905,0.3076923076923077,0.1302907279796492,10.7785816192627,106.75447845459,3.0,0,1,-0.3306552193971129,0.0,0.0,1.0,0.0,0.0
5836,1.5417399265153626,0.15384615384615385,-0.13659775324274978,10.7786097475107,106.686157452717,3.0,0,0,0.782381234505476,0.0,0.0,0.0,1.0,0.0
1766,-0.9622048207552769,0.3076923076923077,0.1302907279796492,10.7641212002913,106.693466763159,3.0,0,1,0.6349856886503463,0.0,0.0,0.0,0.0,1.0
4037,-0.9265771942689038,0.3076923076923077,-0.4391709580720064,10.8052890157868,106.682294966385,2.0,0,0,0.11316161425994499,0.0,0.0,0.0,0.0,1.0
4970,0.4281357043022882,0.15384615384615385,-0.13659775324274978,10.79214326218,106.691459095839,0.0,1,1,-0.09639304316274322,0.0,1.0,1.0,0.0,0.0
5099,-0.6688000780565717,0.15384615384615385,0.5849971026224333,10.8208946747985,106.635785431947,0.0,1,0,-0.9028346336956022,0.0,0.0,0.0,1.0,0.0
5887,-0.37480406362233243,0.07692307692307693,-1.7072229052631471,10.8058599243716,106.718318424683,0.0,1,0,-0.5962397703258719,0.0,0.0,1.0,0.0,0.0
363,-1.113976416559445,0.23076923076923078,-1.2015945422910468,10.8085877419283,106.690112546928,3.0,0,0,-0.09639304316274322,0.0,0.0,0.0,1.0,0.0
6229,-0.03042058936361902,0.07692307692307693,0.1302907279796492,10.7783359632864,106.635110344572,3.0,0,1,-1.265459390571404,0.0,0.0,0.0,1.0,0.0
5663,-0.12968436710496703,0.0,-0.4391709580720064,10.8665228820793,106.642708983254,2.0,0,1,-1.265459390571404,0.0,0.0,0.0,1.0,0.0
5015,1.373390497564838,0.15384615384615385,0.1302907279796492,10.725101,106.72641,0.0,1,0,-0.09639304316274322,0.0,0.0,0.0,0.0,0.0
5815,0.9455811745352034,0.15384615384615385,0.1302907279796492,10.846568165101294,106.79762832820415,0.0,1,0,0.6349856886503463,0.0,0.0,0.0,0.0,1.0
2562,-0.12968436710496703,0.07692307692307693,-0.13659775324274978,10.8069885714219,106.695058027475,0.0,1,1,-0.5962397703258719,0.0,0.0,0.0,1.0,0.0
4385,0.6131862764484118,0.3076923076923077,0.1302907279796492,10.7855903519314,106.698641534078,3.0,0,1,1.1685438955241836,0.0,0.0,0.0,1.0,0.0
5774,-1.7539551211519617,0.15384615384615385,-1.7072229052631471,10.7923468924968,106.681475453954,2.0,0,0,-1.265459390571404,0.0,0.0,1.0,0.0,0.0
3083,-0.28090108395535385,0.07692307692307693,0.1302907279796492,10.7893611434761,106.675138512536,3.0,0,1,-0.3306552193971129,0.0,0.0,0.0,1.0,0.0
5984,0.11572050155235063,0.3076923076923077,-0.13659775324274978,10.8356729231004,106.842701196486,0.0,1,1,0.30272686033993124,0.0,0.0,0.0,1.0,0.0
2102,0.04445490123643577,0.15384615384615385,0.1302907279796492,10.7866942229836,106.643375588394,3.0,0,1,0.11316161425994499,0.0,0.0,0.0,1.0,0.0
632,-0.3992422225807697,0.15384615384615385,0.1302907279796492,10.8709928924325,106.6287632477,3.0,0,0,0.11316161425994499,0.0,0.0,1.0,0.0,0.0
2493,-1.154485113689163,0.15384615384615385,0.1302907279796492,10.8043390583062,106.699952567504,3.0,0,1,-0.9028346336956022,0.0,0.0,0.0,1.0,0.0
2665,-0.1926076911174569,0.15384615384615385,-0.4391709580720064,10.8329838238151,106.672482180812,2.0,0,0,-0.09639304316274322,0.0,0.0,0.0,0.0,1.0
5802,-0.17133430316050988,0.0,-0.13659775324274978,10.8364562595419,106.726641186753,0.0,1,1,-1.265459390571404,0.0,0.0,0.0,0.0,1.0
4614,-0.3992422225807697,0.23076923076923078,-0.13659775324274978,10.7996585372467,106.641003537834,0.0,1,1,-0.09639304316274322,0.0,0.0,0.0,0.0,1.0
4456,0.9356250766089462,0.3076923076923077,0.1302907279796492,10.7892454098031,106.699177908449,3.0,0,1,1.1685438955241836,0.0,0.0,0.0,1.0,0.0
2334,-0.4750780736920162,0.07692307692307693,-1.7072229052631471,10.7144246547859,106.736886062321,3.0,0,0,-0.9028346336956022,0.0,0.0,1.0,0.0,0.0
4816,-0.1926076911174569,0.15384615384615385,-0.7884660886417492,10.8645603777438,106.730035233843,0.0,1,0,0.11316161425994499,0.0,0.0,1.0,0.0,0.0
3619,1.4173088244001117,0.15384615384615385,0.1302907279796492,10.8475198601432,106.746884163733,3.0,0,1,0.9196032047928032,0.0,0.0,0.0,1.0,0.0
3883,0.29564637201642957,0.15384615384615385,0.1302907279796492,10.799951607495084,106.79210902500694,3.0,0,1,0.30272686033993124,0.0,0.0,0.0,1.0,0.0
4259,0.9847483644909514,0.15384615384615385,2.5341556375641257,10.7942521037229,106.689419411487,3.0,0,0,0.782381234505476,0.0,0.0,0.0,0.0,1.0
1494,-3.0483137232119595,0.07692307692307693,-0.13659775324274978,10.8055460991027,106.682015506672,0.0,1,1,-2.28145563852695,0.0,0.0,0.0,0.0,1.0
2401,-0.6108132359423499,0.15384615384615385,0.1302907279796492,10.8776468926616,106.677816471144,0.0,1,0,0.11316161425994499,0.0,0.0,1.0,0.0,0.0
3874,1.0601009748869976,0.3076923076923077,0.1302907279796492,21.02894860978742,105.85244722590336,3.0,0,1,1.0479657854342355,0.0,0.0,0.0,1.0,0.0
1232,-0.8577985162466776,0.15384615384615385,0.1302907279796492,10.7562746152956,106.700894026799,3.0,0,1,-0.5962397703258719,0.0,0.0,0.0,0.0,1.0
2661,0.3707119834879608,0.23076923076923078,0.5849971026224333,10.8328743389849,106.732240726725,0.0,1,0,-0.09639304316274322,0.0,0.0,0.0,1.0,0.0
2817,-1.6936008246407677,0.23076923076923078,0.1302907279796492,10.7667912028474,106.664532103888,3.0,0,1,-1.265459390571404,1.0,0.0,0.0,1.0,0.0
5751,-0.5012464551475065,0.3076923076923077,-0.4391709580720064,10.864532843853,106.633956628322,3.0,0,0,0.30272686033993124,0.0,0.0,0.0,0.0,0.0
4995,-0.28090108395535385,0.23076923076923078,0.1302907279796492,10.7974330253237,106.689039769744,3.0,0,1,0.11316161425994499,0.0,1.0,0.0,1.0,0.0
4153,-0.5550151062263636,0.07692307692307693,-1.7072229052631471,10.76478102539,106.615972958118,3.0,0,0,-0.5962397703258719,0.0,0.0,0.0,0.0,1.0
3061,0.3707119834879608,0.07692307692307693,-0.13659775324274978,10.8196924609834,106.704134871261,2.0,0,0,-1.265459390571404,0.0,0.0,1.0,0.0,0.0
5378,0.7093811696941079,0.23076923076923078,-0.13659775324274978,10.711912452102,106.660367201432,0.0,1,1,0.11316161425994499,0.0,1.0,0.0,1.0,0.0
6230,0.3707119834879608,0.23076923076923078,-0.13659775324274978,10.825794444784,106.723103537347,2.0,0,0,0.11316161425994499,0.0,0.0,0.0,1.0,0.0
1735,-0.21419165043464608,0.15384615384615385,-0.7884660886417492,10.7859258933705,106.634187743141,2.0,0,0,-0.3306552193971129,0.0,0.0,0.0,1.0,0.0
2823,-1.4741655642529736,0.3076923076923077,-0.13659775324274978,10.7979394054345,106.676294928697,0.0,1,1,0.11316161425994499,0.0,0.0,0.0,0.0,1.0
4304,0.1501051897940211,0.4615384615384616,1.5713987371125986,10.8061294917838,106.697160047782,3.0,0,0,2.7153435996542745,0.0,0.0,0.0,1.0,0.0
2475,1.2001796279697954,0.23076923076923078,-0.4391709580720064,10.7938530655201,106.678718915031,3.0,0,0,0.4757863711357461,0.0,0.0,0.0,0.0,1.0
2564,1.807979093830051,0.38461538461538464,-0.13659775324274978,10.7611785925252,106.690034316696,0.0,1,1,-0.09639304316274322,0.0,0.0,0.0,1.0,0.0
5302,-0.28090108395535385,0.38461538461538464,1.1314541939483909,10.732454,106.620895,3.0,0,0,0.6349856886503463,0.0,0.0,0.0,1.0,0.0
4862,1.7968626884150967,0.15384615384615385,0.5849971026224333,10.7594278527424,106.598990534178,0.0,1,0,0.30272686033993124,0.0,1.0,0.0,1.0,0.0
707,-0.8577985162466776,0.23076923076923078,-1.7072229052631471,10.8404837536056,106.64310328362,0.0,1,0,-0.09639304316274322,0.0,0.0,0.0,0.0,1.0
3046,-0.17133430316050988,0.07692307692307693,-0.4391709580720064,10.8012185661724,106.698990979839,0.0,1,0,-0.09639304316274322,0.0,0.0,0.0,0.0,1.0
5369,0.5754359289154177,0.15384615384615385,-0.13659775324274978,10.7961302778794,106.792451813736,0.0,1,1,0.11316161425994499,0.0,0.0,1.0,0.0,0.0
4982,0.9943801572205769,0.6153846153846154,0.1302907279796492,10.7670297430485,106.692579068019,3.0,0,1,0.9196032047928032,0.0,0.0,1.0,0.0,0.0
72,-0.8245729617021663,0.07692307692307693,-1.7072229052631471,10.8159954199367,106.695343960754,3.0,0,0,-0.9028346336956022,0.0,0.0,0.0,0.0,1.0
5890,-0.04974733457061966,0.15384615384615385,1.287787426350749,10.38586,106.9199,0.0,1,0,-0.09639304316274322,0.0,1.0,0.0,1.0,0.0
1190,-0.9265771942689038,0.07692307692307693,-1.7072229052631471,10.7157855594383,106.631885713664,3.0,0,0,-0.09639304316274322,0.0,0.0,0.0,1.0,0.0
2601,-0.37480406362233243,0.15384615384615385,-0.4391709580720064,10.7872158151187,106.651489833699,2.0,0,0,-0.09639304316274322,0.0,0.0,1.0,0.0,0.0
1125,1.149192680354979,0.5384615384615385,2.0502110105697895,10.7609123632341,106.691449055517,3.0,0,0,1.5888228250383352,0.0,0.0,0.0,0.0,1.0
1241,-0.21419165043464608,0.3076923076923077,0.1302907279796492,10.8594284920405,106.757025349889,2.0,0,0,-0.09639304316274322,0.0,0.0,0.0,0.0,1.0
5639,-0.3992422225807697,0.23076923076923078,-0.4391709580720064,10.7984875455706,106.681851409731,2.0,0,1,0.11316161425994499,0.0,0.0,0.0,0.0,1.0
5195,-0.9987122300435685,0.07692307692307693,0.1302907279796492,10.784351057537,106.626826710991,3.0,0,1,-1.265459390571404,0.0,0.0,0.0,1.0,0.0
4008,-0.9622048207552769,0.15384615384615385,-1.7072229052631471,10.792826501585,106.668093703031,3.0,0,0,-0.5962397703258719,0.0,0.0,0.0,0.0,1.0
1577,-0.37480406362233243,0.23076923076923078,-0.7884660886417492,10.8388769516808,106.655964965717,0.0,1,0,0.11316161425994499,1.0,0.0,0.0,1.0,0.0
3906,1.2085090863672519,0.4615384615384616,0.5849971026224333,10.7987686809644,106.649296803409,3.0,0,0,-0.09639304316274322,0.0,0.0,0.0,1.0,0.0
3729,-0.5012464551475065,0.23076923076923078,0.3690306097293516,10.8457500916251,106.718141226198,0.0,1,0,-0.09639304316274322,0.0,0.0,1.0,0.0,0.0
1343,0.8106090961495499,0.4615384615384616,0.1302907279796492,10.8512982575196,106.75299250231,3.0,0,1,-0.09639304316274322,0.0,0.0,0.0,1.0,0.0
6281,0.9652944659873779,0.4615384615384616,0.1302907279796492,10.7792026016844,106.679315123273,3.0,0,1,1.2822279616686043,0.0,1.0,0.0,1.0,0.0
440,-0.069330070593773,0.07692307692307693,-0.4391709580720064,10.7492164618954,106.710073762952,2.0,0,1,-0.5962397703258719,0.0,0.0,0.0,0.0,1.0
1100,-0.9622048207552769,0.3076923076923077,0.963530485543728,10.7685202303223,106.602906827616,0.0,1,0,-0.3306552193971129,0.0,0.0,0.0,0.0,1.0
2637,-1.1961350497447065,0.3076923076923077,0.1302907279796492,10.7987255427798,106.687709705264,3.0,0,1,0.11316161425994499,0.0,0.0,0.0,0.0,1.0
4424,0.5754359289154177,0.15384615384615385,-0.4391709580720064,10.793795235955,106.688772041014,2.0,0,1,-0.3306552193971129,0.0,0.0,0.0,0.0,1.0
649,0.3707119834879608,0.0,0.1302907279796492,10.8000161488901,106.589447826711,3.0,0,0,0.30272686033993124,0.0,0.0,1.0,0.0,0.0
1546,-0.28090108395535385,0.3076923076923077,0.1302907279796492,10.7622067453972,106.664915739111,3.0,0,1,0.782381234505476,0.0,0.0,0.0,1.0,0.0
4778,0.5235542914366881,0.15384615384615385,-0.4391709580720064,10.6847263503291,106.750437934007,2.0,0,0,0.4757863711357461,0.0,0.0,0.0,0.0,1.0
4796,-0.7920776985802562,0.15384615384615385,-0.13659775324274978,10.7430504935905,106.729374082924,0.0,1,1,0.11316161425994499,0.0,0.0,0.0,1.0,0.0
2852,-1.1961350497447065,0.15384615384615385,0.963530485543728,10.7622358360209,106.693901408531,3.0,0,0,-1.265459390571404,0.0,0.0,1.0,0.0,0.0
3503,-0.7602813127840508,0.07692307692307693,-1.2015945422910468,10.7657683790877,106.645098282561,3.0,0,0,-0.5962397703258719,0.0,0.0,0.0,1.0,0.0
4522,-1.1961350497447065,0.07692307692307693,0.1302907279796492,10.7644525057022,106.651302540979,3.0,0,1,-1.265459390571404,0.0,1.0,0.0,1.0,0.0
630,0.04445490123643577,0.15384615384615385,-1.7072229052631471,10.7952663752576,106.67734074568,3.0,0,0,0.11316161425994499,0.0,0.0,0.0,1.0,0.0
1249,-0.17133430316050988,0.23076923076923078,-0.4391709580720064,10.7702370135236,106.679657641601,2.0,0,1,0.11316161425994499,0.0,0.0,0.0,1.0,0.0
4418,0.6378280961214066,0.07692307692307693,0.963530485543728,10.6815231227178,106.613611194525,3.0,0,0,-0.5962397703258719,0.0,0.0,0.0,1.0,0.0
482,-0.37480406362233243,0.3076923076923077,0.5849971026224333,10.7690750281465,106.690697744254,0.0,1,0,0.4757863711357461,0.0,0.0,0.0,0.0,1.0
1584,-0.6395223895560433,0.07692307692307693,-0.13659775324274978,10.8828112022995,106.772935942241,0.0,1,1,-1.265459390571404,0.0,0.0,0.0,1.0,0.0
1462,-0.5550151062263636,0.0,-0.13659775324274978,10.7970488504366,106.823672083218,3.0,0,0,-2.28145563852695,0.0,0.0,0.0,1.0,0.0
3040,-0.6986692748486453,0.23076923076923078,-1.7072229052631471,10.8123204962782,106.688337081544,1.0,0,0,0.11316161425994499,0.0,0.0,0.0,0.0,1.0
4834,0.7887053628600965,0.23076923076923078,0.1302907279796492,10.7787072350501,106.654559216834,3.0,0,1,1.1685438955241836,1.0,0.0,0.0,1.0,0.0
3273,-1.1961350497447065,0.07692307692307693,-0.4391709580720064,10.7870872094234,106.760315790275,0.0,1,0,-0.9028346336956022,0.0,0.0,1.0,0.0,0.0
3683,1.745777857722022,0.23076923076923078,0.1302907279796492,10.8066770549518,106.675942891664,3.0,0,1,0.30272686033993124,0.0,0.0,0.0,1.0,0.0
4145,0.4139875106418454,0.3076923076923077,-0.13659775324274978,10.857968037066,106.755979876219,0.0,1,1,1.0479657854342355,0.0,0.0,0.0,0.0,1.0
4423,-0.12968436710496703,0.07692307692307693,-0.9856280493979646,10.8024949039344,106.719275204227,3.0,0,0,-0.09639304316274322,0.0,0.0,0.0,1.0,0.0
3225,-0.7920776985802562,0.15384615384615385,-1.2015945422910468,10.7450017573677,106.635033696686,3.0,0,0,-0.09639304316274322,0.0,0.0,1.0,0.0,0.0
1072,0.21656469094070732,0.0,-0.13659775324274978,10.8478311329706,106.819905664382,0.0,1,1,-2.28145563852695,0.0,0.0,0.0,1.0,0.0
2631,0.21656469094070732,0.15384615384615385,0.1302907279796492,10.8666188307488,106.641949018344,3.0,0,0,0.11316161425994499,0.0,0.0,1.0,0.0,0.0
1660,-0.9622048207552769,0.15384615384615385,0.1302907279796492,10.8069088991815,106.647992299569,0.0,1,0,-0.5962397703258719,0.0,0.0,0.0,1.0,0.0
2425,-1.375564037342406,0.23076923076923078,0.1302907279796492,10.7925290419913,106.696930976127,3.0,0,1,-0.3306552193971129,0.0,0.0,1.0,0.0,0.0
5823,0.04445490123643577,0.07692307692307693,-0.13659775324274978,10.675172791871,106.698434035083,0.0,1,0,-0.09639304316274322,0.0,0.0,0.0,1.0,0.0
3097,-0.3038236354463698,0.07692307692307693,0.1302907279796492,10.7865082353482,106.690136371917,0.0,1,0,-0.09639304316274322,0.0,0.0,0.0,1.0,0.0
3976,-1.154485113689163,0.15384615384615385,-0.13659775324274978,10.7617224157974,106.678235364738,0.0,1,1,-0.5962397703258719,0.0,0.0,0.0,0.0,1.0
5633,-0.37480406362233243,0.23076923076923078,-0.13659775324274978,10.8302802415141,106.637784749195,0.0,1,1,-0.09639304316274322,0.0,1.0,0.0,1.0,0.0
5979,0.48341223409930084,0.15384615384615385,-0.13659775324274978,10.7950277541281,106.792066545744,0.0,1,1,-0.09639304316274322,0.0,0.0,0.0,0.0,1.0
4466,-0.28090108395535385,0.07692307692307693,0.1302907279796492,10.7522002642937,106.598028866511,3.0,0,1,-1.265459390571404,0.0,0.0,0.0,1.0,0.0
4986,-0.6108132359423499,0.23076923076923078,0.1302907279796492,10.7649341184246,106.616029521294,2.0,0,0,-0.3306552193971129,0.0,0.0,0.0,0.0,1.0
1408,0.48341223409930084,0.3076923076923077,-0.13659775324274978,10.8122477876305,106.695259078048,0.0,1,1,2.487789455704138,0.0,0.0,0.0,1.0,0.0
1845,0.3707119834879608,0.23076923076923078,0.1302907279796492,10.7724341480773,106.684136818821,2.0,0,0,0.4757863711357461,0.0,0.0,0.0,0.0,1.0
1798,-0.1926076911174569,0.3076923076923077,-1.2015945422910468,10.8373853282542,106.655238568783,3.0,0,0,0.30272686033993124,0.0,0.0,0.0,0.0,0.0
3957,-0.3271071868061051,0.23076923076923078,0.1302907279796492,10.7961214486931,106.675871422577,3.0,0,1,0.30272686033993124,0.0,0.0,0.0,0.0,1.0
1475,-0.8245729617021663,0.07692307692307693,0.1302907279796492,10.757337206434,106.713326195227,3.0,0,1,-0.09639304316274322,0.0,0.0,1.0,0.0,0.0
35,1.8940237329756933,0.0,0.1302907279796492,10.8571754102494,106.803262371704,0.0,1,0,1.769759295385021,0.0,0.0,0.0,1.0,0.0
444,-1.154485113689163,0.07692307692307693,-1.7072229052631471,10.8470790112692,106.62072824868,0.0,1,0,-0.5962397703258719,0.0,0.0,0.0,1.0,0.0
2359,1.548355038020884,0.15384615384615385,0.1302907279796492,10.7730152091755,106.676455614134,3.0,0,1,-0.09639304316274322,1.0,0.0,0.0,1.0,0.0
3654,0.3707119834879608,0.23076923076923078,-0.4391709580720064,10.8594801266744,106.75670933419,2.0,0,1,0.4757863711357461,0.0,0.0,0.0,1.0,0.0
3179,-0.28090108395535385,0.15384615384615385,0.1302907279796492,10.8480148768793,106.647775407643,3.0,0,0,0.11316161425994499,1.0,0.0,0.0,1.0,0.0
1286,-0.6395223895560433,0.15384615384615385,-0.13659775324274978,10.6927298196466,106.741148180408,0.0,1,1,-0.09639304316274322,0.0,0.0,0.0,1.0,0.0
6259,-0.28090108395535385,0.07692307692307693,-0.13659775324274978,10.791413766736,106.663531796395,0.0,1,1,-0.9028346336956022,0.0,0.0,0.0,1.0,0.0
3416,1.6065957173672503,0.07692307692307693,0.1302907279796492,10.6779022201814,106.703472870317,3.0,0,1,-0.09639304316274322,0.0,0.0,0.0,1.0,0.0
2137,-0.011343228479551189,0.23076923076923078,-0.4391709580720064,10.7663796233907,106.659257645522,2.0,0,1,0.11316161425994499,0.0,0.0,0.0,1.0,0.0
2636,-0.12968436710496703,0.07692307692307693,-0.4391709580720064,10.819422316952,106.702609980576,3.0,0,0,-0.9028346336956022,0.0,0.0,0.0,1.0,0.0
4016,-0.04974733457061966,0.23076923076923078,-0.4391709580720064,10.8069176306893,106.623286696511,2.0,0,0,0.6349856886503463,0.0,0.0,0.0,0.0,1.0
6084,-0.6395223895560433,0.15384615384615385,-0.13659775324274978,10.879043,106.55251,0.0,1,1,-0.09639304316274322,0.0,1.0,0.0,1.0,0.0
1681,0.3560006685276249,0.15384615384615385,0.1302907279796492,10.8785963338377,106.67810676143,0.0,1,0,-0.3306552193971129,0.0,0.0,0.0,0.0,1.0
4570,-0.10929128578611225,0.0,-0.4391709580720064,10.7961212749912,106.626365392781,2.0,0,0,-2.28145563852695,0.0,0.0,1.0,0.0,0.0
1692,-0.7291543745677658,0.3076923076923077,-0.4391709580720064,10.8233642185054,106.701833738118,0.0,1,0,0.4757863711357461,0.0,0.0,0.0,0.0,1.0
5475,0.007491102083431382,0.23076923076923078,-0.13659775324274978,10.8150493220092,106.774990629165,0.0,1,1,0.11316161425994499,0.0,0.0,0.0,0.0,1.0
5011,-0.4750780736920162,0.15384615384615385,-1.2015945422910468,10.7383982090425,106.57797758214,3.0,0,0,-0.5962397703258719,0.0,0.0,0.0,1.0,0.0
3635,0.21656469094070732,0.15384615384615385,0.963530485543728,10.8307278704476,106.705825780617,2.0,0,0,0.4757863711357461,0.0,0.0,0.0,1.0,0.0
372,2.2415926274716456,0.15384615384615385,-0.13659775324274978,10.790510736937676,106.71779961567069,0.0,1,1,-0.09639304316274322,0.0,0.0,0.0,1.0,0.0
4828,-0.4493648176687783,0.15384615384615385,-0.7884660886417492,10.8353159414775,106.753781462546,0.0,1,0,-0.09639304316274322,0.0,0.0,0.0,0.0,1.0
140,-0.8917879431693261,0.15384615384615385,-1.7072229052631471,10.7584616257676,106.645953274062,3.0,0,0,-0.3306552193971129,0.0,0.0,0.0,1.0,0.0
5867,2.294328463311158,0.23076923076923078,-0.13659775324274978,10.8025396998365,106.641721029482,0.0,1,1,0.782381234505476,0.0,0.0,0.0,1.0,0.0
5174,-0.08917566997524837,0.07692307692307693,-0.4391709580720064,10.795935425471,106.737732001113,3.0,0,0,-0.5962397703258719,0.0,0.0,0.0,1.0,0.0
714,0.4697856403578324,0.15384615384615385,-0.13659775324274978,10.7724138468332,106.669262589783,0.0,1,1,0.30272686033993124,1.0,0.0,0.0,0.0,1.0
3188,-0.5012464551475065,0.23076923076923078,-0.13659775324274978,10.8458730995331,106.718743709494,3.0,0,0,-0.09639304316274322,0.0,0.0,0.0,0.0,1.0
5557,0.16700223033751904,0.3076923076923077,1.434027398777648,10.7544667198062,106.665318861829,3.0,0,0,-0.3306552193971129,0.0,1.0,0.0,1.0,0.0
4394,0.04445490123643577,0.07692307692307693,-0.13659775324274978,10.825781922376,106.689800793755,0.0,1,1,0.11316161425994499,0.0,1.0,0.0,1.0,0.0
406,-1.1961350497447065,0.07692307692307693,-1.7072229052631471,10.7869597397146,106.760170484755,0.0,1,0,-0.9028346336956022,0.0,0.0,1.0,0.0,0.0
20,-2.179285860273359,0.23076923076923078,0.1302907279796492,10.7927872287414,106.700229730336,3.0,0,1,-0.5962397703258719,0.0,0.0,1.0,0.0,0.0
1004,-0.21419165043464608,0.23076923076923078,1.5713987371125986,10.7958617610334,106.62181724422,3.0,0,0,0.4757863711357461,0.0,0.0,1.0,0.0,0.0
2411,-0.8917879431693261,0.07692307692307693,-0.13659775324274978,10.797272586994,106.681021247462,0.0,1,1,-1.265459390571404,0.0,0.0,0.0,1.0,0.0
2545,-0.37480406362233243,0.3076923076923077,-0.4391709580720064,10.8786666233279,106.677870132168,3.0,0,0,0.11316161425994499,0.0,0.0,0.0,1.0,0.0
2390,0.18370833978305584,0.07692307692307693,0.963530485543728,10.7469915010063,106.66582294733,3.0,0,0,-0.5962397703258719,0.0,0.0,0.0,1.0,0.0
5057,0.04445490123643577,0.38461538461538464,2.0502110105697895,10.847034312621,106.65679586104,3.0,0,0,0.782381234505476,0.0,0.0,0.0,0.0,1.0
42,0.09822355231529148,0.3076923076923077,0.1302907279796492,10.7617165509796,106.690427036069,3.0,0,1,2.0886695522014636,0.0,0.0,0.0,0.0,1.0
2830,-0.069330070593773,0.07692307692307693,-1.7072229052631471,10.7236524821534,106.735200248659,1.0,0,0,-0.09639304316274322,0.0,0.0,0.0,1.0,0.0
3371,-0.08917566997524837,0.23076923076923078,0.1302907279796492,10.7998198994184,106.650297226082,3.0,0,1,0.4757863711357461,0.0,0.0,0.0,1.0,0.0
3022,-0.5012464551475065,0.07692307692307693,-0.4391709580720064,10.8061235931389,106.681598802451,2.0,0,1,-0.5962397703258719,0.0,0.0,0.0,0.0,1.0
3364,0.28016481741637705,0.3076923076923077,-0.13659775324274978,10.7745275228809,106.664451876701,0.0,1,1,1.769759295385021,0.0,0.0,0.0,1.0,0.0
11,1.5745234194763758,0.15384615384615385,-0.13659775324274978,10.7996415500761,106.641069514501,0.0,1,1,1.1685438955241836,1.0,0.0,0.0,1.0,0.0
1177,-0.5826509567402912,0.07692307692307693,-1.2015945422910468,10.8095667591646,106.689295108262,3.0,0,0,-0.9028346336956022,0.0,0.0,1.0,0.0,0.0
1947,0.2487067167045892,0.23076923076923078,0.1302907279796492,10.7494340115243,106.716461569981,3.0,0,1,0.782381234505476,0.0,0.0,0.0,0.0,1.0
2501,-0.03042058936361902,0.23076923076923078,0.5849971026224333,10.8054667658377,106.604953715298,3.0,0,0,-0.3306552193971129,0.0,0.0,0.0,0.0,1.0
2863,-1.154485113689163,0.15384615384615385,-0.13659775324274978,10.7617224157974,106.678235364738,0.0,1,1,-0.5962397703258719,0.0,0.0,0.0,0.0,1.0
3865,0.3707119834879608,0.23076923076923078,2.0502110105697895,10.809048243656,106.820796282228,0.0,1,0,-0.09639304316274322,0.0,0.0,0.0,1.0,0.0
1026,-0.6986692748486453,0.07692307692307693,-0.4391709580720064,10.7987119735243,106.61347376079,2.0,0,0,-1.265459390571404,0.0,0.0,1.0,0.0,0.0
3848,0.29564637201642957,0.3076923076923077,1.287787426350749,10.802119,106.77699,3.0,0,0,0.30272686033993124,0.0,0.0,0.0,1.0,0.0
2989,-0.5278863642596802,0.23076923076923078,0.1302907279796492,10.7974669784712,106.623532181426,3.0,0,1,0.11316161425994499,0.0,0.0,0.0,1.0,0.0
961,-0.21419165043464608,0.23076923076923078,-0.7884660886417492,10.8389874765896,106.6491916668,3.0,0,0,0.11316161425994499,0.0,0.0,0.0,0.0,1.0
2889,1.0322918486676274,0.07692307692307693,-0.13659775324274978,10.808168946711,106.688393141885,0.0,1,1,0.4757863711357461,0.0,0.0,0.0,1.0,0.0
3015,0.8428680112644017,0.23076923076923078,0.1302907279796492,10.8061128747815,106.668191241734,3.0,0,1,0.6349856886503463,0.0,0.0,0.0,1.0,0.0
3338,-0.5826509567402912,0.23076923076923078,0.5849971026224333,10.8300966027458,106.702460012038,3.0,0,0,-0.09639304316274322,0.0,0.0,0.0,0.0,1.0
4437,-2.353425128614761,0.15384615384615385,0.1302907279796492,10.8448349564024,106.661097512996,3.0,0,1,-0.9028346336956022,0.0,0.0,1.0,0.0,0.0
735,-1.2389923970188421,0.23076923076923078,1.5713987371125986,10.7937039904534,106.68098289785,3.0,0,0,0.11316161425994499,0.0,0.0,0.0,0.0,1.0
1440,-1.424042969164965,0.07692307692307693,-0.13659775324274978,10.8258049428677,106.639951599777,0.0,1,1,-2.28145563852695,0.0,0.0,0.0,1.0,0.0
2875,2.753150406956219,0.07692307692307693,-0.7884660886417492,10.8788402941155,106.669139083452,0.0,1,0,-0.9028346336956022,0.0,0.0,0.0,0.0,1.0
3986,-0.25832850878387886,0.07692307692307693,-0.4391709580720064,10.7402944858646,106.736068019666,0.0,1,0,-1.265459390571404,0.0,0.0,0.0,0.0,1.0
916,1.6928645581017916,0.15384615384615385,2.0502110105697895,10.7885215705696,106.677052353637,0.0,1,0,2.547164900355532,0.0,0.0,1.0,0.0,0.0
5253,0.7887053628600965,0.07692307692307693,-0.4391709580720064,10.7482394153118,106.715832144047,3.0,0,0,0.4757863711357461,0.0,0.0,0.0,0.0,1.0
4089,2.294328463311158,0.15384615384615385,-0.13659775324274978,10.8151805735113,106.774783498113,0.0,1,1,0.782381234505476,0.0,0.0,1.0,0.0,0.0
5817,0.310967493112446,0.15384615384615385,0.1302907279796492,10.69125,106.721214,3.0,0,1,0.30272686033993124,0.0,1.0,0.0,1.0,0.0
4915,-0.7602813127840508,0.3076923076923077,-0.4391709580720064,10.8010510619144,106.656859886339,2.0,0,0,0.11316161425994499,0.0,0.0,0.0,0.0,1.0
2772,0.5102943374875497,0.3076923076923077,2.0502110105697895,10.84483,106.7182,0.0,1,0,-0.09639304316274322,0.0,0.0,0.0,0.0,1.0
1624,-0.5550151062263636,0.23076923076923078,-1.2015945422910468,10.7235453753802,106.619815401345,2.0,0,0,-0.3306552193971129,0.0,0.0,0.0,1.0,0.0
4988,0.5626351999909364,0.23076923076923078,0.1302907279796492,10.8013408098724,106.776860688575,3.0,0,1,0.9196032047928032,0.0,1.0,0.0,1.0,0.0
821,1.174905936378217,0.15384615384615385,-1.2015945422910468,10.7776785956066,106.75907894969,2.0,0,0,0.11316161425994499,0.0,0.0,0.0,0.0,1.0
1367,0.48341223409930084,0.23076923076923078,-0.13659775324274978,10.8052787335131,106.64122261482,0.0,1,1,0.6349856886503463,0.0,0.0,0.0,0.0,1.0
3712,0.04445490123643577,0.23076923076923078,0.963530485543728,10.8000442469377,106.674149295935,0.0,1,0,0.30272686033993124,0.0,0.0,0.0,1.0,0.0
5657,0.9053480809024144,0.3076923076923077,0.1302907279796492,10.7918485327403,106.643774062083,3.0,0,1,1.769759295385021,0.0,0.0,0.0,0.0,1.0
850,-1.7539551211519617,0.07692307692307693,0.1302907279796492,10.8422367550585,106.630538264633,3.0,0,1,-1.265459390571404,0.0,0.0,1.0,0.0,0.0
1000,-0.4240911260771986,0.23076923076923078,0.1302907279796492,10.7834362375939,106.661601841023,3.0,0,1,1.5888228250383352,0.0,0.0,0.0,1.0,0.0
4672,-0.25832850878387886,0.23076923076923078,-0.7884660886417492,10.7958477702876,106.640476554649,3.0,0,0,-0.09639304316274322,0.0,0.0,0.0,1.0,0.0
4114,-0.10929128578611225,0.23076923076923078,-1.7072229052631471,10.7513112148244,106.728144529377,0.0,1,0,1.3897638631431688,0.0,0.0,1.0,0.0,0.0
1637,0.7324828108776685,0.3076923076923077,-0.13659775324274978,10.7692333217516,106.689047041939,0.0,1,1,0.4757863711357461,0.0,0.0,0.0,1.0,0.0
1667,-0.12968436710496703,0.15384615384615385,0.1302907279796492,10.8119743894998,106.709261552013,3.0,0,0,-0.3306552193971129,0.0,0.0,0.0,1.0,0.0
3173,-0.3038236354463698,0.07692307692307693,0.963530485543728,10.8324266757426,106.661335518541,3.0,0,0,-0.09639304316274322,1.0,0.0,0.0,1.0,0.0
4782,-0.8917879431693261,0.15384615384615385,-0.7884660886417492,10.85311011245437,106.6384382173419,2.0,0,0,-0.5962397703258719,0.0,0.0,0.0,1.0,0.0
1347,0.02608851654062688,0.23076923076923078,0.1302907279796492,10.7965778046013,106.690763015763,0.0,1,0,-0.09639304316274322,0.0,0.0,0.0,0.0,1.0
4912,-0.4750780736920162,0.23076923076923078,0.1302907279796492,10.8864381515737,106.724166785676,0.0,1,0,0.11316161425994499,0.0,0.0,0.0,1.0,0.0
3230,0.3707119834879608,0.23076923076923078,-0.13659775324274978,10.702375737029644,106.62187126045472,0.0,1,1,0.11316161425994499,0.0,0.0,0.0,1.0,0.0
4416,0.09822355231529148,0.23076923076923078,-0.4391709580720064,10.7845609699879,106.772956930403,0.0,1,0,0.11316161425994499,0.0,0.0,1.0,0.0,0.0
4830,-0.37480406362233243,0.07692307692307693,-1.7072229052631471,10.8143797132344,106.632399863435,1.0,0,0,-1.265459390571404,0.0,0.0,0.0,0.0,1.0
3232,-0.12968436710496703,0.23076923076923078,-0.7884660886417492,10.8078599062927,106.703961002545,2.0,0,0,0.30272686033993124,0.0,0.0,0.0,1.0,0.0
5149,-0.4493648176687783,0.3076923076923077,0.1302907279796492,10.7635899272574,106.678441504783,3.0,0,1,0.30272686033993124,0.0,0.0,0.0,1.0,0.0
703,-0.6688000780565717,0.07692307692307693,-1.7072229052631471,10.7936498581107,106.705748752936,3.0,0,0,-0.3306552193971129,0.0,0.0,0.0,1.0,0.0
6180,-0.35076329075821017,0.23076923076923078,-0.4391709580720064,10.7429397203309,106.729572863067,2.0,0,1,-0.09639304316274322,0.0,0.0,0.0,0.0,1.0
3291,0.48341223409930084,0.0,0.1302907279796492,10.9024997403375,106.552904831071,3.0,0,1,-1.709276224228461,0.0,0.0,0.0,1.0,0.0
3673,-0.5826509567402912,0.15384615384615385,0.5849971026224333,10.845561394994,106.718348194248,0.0,1,0,-0.3306552193971129,0.0,0.0,0.0,1.0,0.0
2408,-0.5012464551475065,0.3076923076923077,-0.7884660886417492,10.8121800274152,106.688360848502,2.0,0,0,1.0479657854342355,0.0,0.0,0.0,1.0,0.0
1327,0.08051705379647196,0.3076923076923077,-0.4391709580720064,10.8423789578159,106.643054526474,3.0,0,0,1.5888228250383352,0.0,0.0,0.0,1.0,0.0
5863,-0.10929128578611225,0.07692307692307693,0.1302907279796492,10.7551390141814,106.628028948461,3.0,0,1,-2.28145563852695,0.0,0.0,0.0,1.0,0.0
5684,-0.03042058936361902,0.3076923076923077,2.9327121238363367,10.7342289223716,106.626645107907,0.0,1,0,0.782381234505476,0.0,0.0,0.0,1.0,0.0
5260,-0.069330070593773,0.15384615384615385,0.1302907279796492,10.7754271225861,106.630654170799,3.0,0,1,0.11316161425994499,0.0,0.0,0.0,1.0,0.0
986,-0.3992422225807697,0.3076923076923077,0.1302907279796492,10.787349812606,106.671440320963,3.0,0,1,1.0479657854342355,0.0,0.0,0.0,1.0,0.0
5712,-0.10929128578611225,0.23076923076923078,-0.13659775324274978,10.7520366038616,106.7017050372,0.0,1,1,0.11316161425994499,0.0,0.0,0.0,0.0,1.0
5412,-0.8577985162466776,0.23076923076923078,-0.7884660886417492,10.7541800530229,106.647037782567,2.0,0,0,-0.3306552193971129,0.0,0.0,1.0,0.0,0.0
5830,1.3659422452631165,0.15384615384615385,-0.13659775324274978,10.7440692503193,106.733091865361,0.0,1,1,1.769759295385021,0.0,1.0,0.0,0.0,1.0
4049,-0.25832850878387886,0.15384615384615385,-0.4391709580720064,10.7983972627457,106.686155862837,2.0,0,0,0.30272686033993124,0.0,0.0,0.0,1.0,0.0
3485,-0.9622048207552769,0.3076923076923077,0.1302907279796492,10.7730943587354,106.676812680575,3.0,0,1,-0.3306552193971129,0.0,0.0,0.0,1.0,0.0
2474,-1.154485113689163,0.23076923076923078,-1.7072229052631471,10.7760928390664,106.662887344923,1.0,0,0,0.11316161425994499,0.0,0.0,1.0,0.0,0.0
3873,-0.37480406362233243,0.15384615384615385,-0.13659775324274978,10.7319053750192,106.744692546855,0.0,1,1,-0.3306552193971129,0.0,0.0,0.0,0.0,1.0
1198,0.3707119834879608,0.23076923076923078,0.1302907279796492,10.7416382114542,106.715701233862,3.0,0,1,0.11316161425994499,0.0,0.0,0.0,1.0,0.0
4181,0.2487067167045892,0.07692307692307693,-1.7072229052631471,10.7978052959006,106.696029319994,0.0,1,0,-0.9028346336956022,0.0,0.0,1.0,0.0,0.0
1518,1.3881753703228958,0.23076923076923078,0.963530485543728,10.8792993049246,106.638050537747,3.0,0,0,1.0479657854342355,1.0,0.0,0.0,1.0,0.0
1799,-0.10929128578611225,0.15384615384615385,-0.13659775324274978,10.7945032530204,106.701352111995,3.0,0,0,-0.09639304316274322,0.0,0.0,0.0,0.0,1.0
1014,-0.5278863642596802,0.15384615384615385,0.1302907279796492,10.8028961892074,106.822040621191,0.0,1,0,-0.09639304316274322,0.0,0.0,0.0,1.0,0.0
128,-0.8577985162466776,0.15384615384615385,-0.13659775324274978,10.7157201443183,106.741070523364,0.0,1,1,-0.09639304316274322,0.0,0.0,0.0,1.0,0.0
1364,-0.5550151062263636,0.23076923076923078,0.1302907279796492,10.6851586760282,106.750030776012,3.0,0,0,0.11316161425994499,0.0,0.0,0.0,0.0,1.0
5570,1.71661567056564,0.0,0.1302907279796492,10.8059831186622,106.696895968517,3.0,0,1,0.6349856886503463,0.0,1.0,0.0,1.0,0.0
891,0.09822355231529148,0.38461538461538464,-0.13659775324274978,10.8489966520871,106.666885779168,0.0,1,1,2.9195154941516295,0.0,0.0,0.0,0.0,1.0
2793,-0.3271071868061051,0.0,0.5849971026224333,10.7885216416809,106.661349807961,0.0,1,0,-2.28145563852695,0.0,0.0,0.0,1.0,0.0
5286,0.6620659332917171,0.15384615384615385,-0.7884660886417492,10.8545074387652,106.76393259711,0.0,1,0,-0.5962397703258719,0.0,0.0,1.0,0.0,0.0
6000,-0.03042058936361902,0.23076923076923078,0.1302907279796492,10.8655068130467,106.670441705806,2.0,0,0,0.11316161425994499,0.0,0.0,0.0,0.0,1.0
5397,0.21656469094070732,0.3076923076923077,0.1302907279796492,10.824685454711,106.717317724537,3.0,0,1,0.4757863711357461,0.0,0.0,0.0,0.0,1.0
3249,-1.2831292553680742,0.23076923076923078,-0.7884660886417492,10.8383342310801,106.63654323457,2.0,0,0,-0.3306552193971129,0.0,0.0,0.0,0.0,1.0
1208,0.5235542914366881,0.3076923076923077,-0.4391709580720064,10.83641258603,106.636032611132,2.0,0,0,2.547164900355532,0.0,0.0,0.0,0.0,1.0
3868,0.310967493112446,0.23076923076923078,-0.4391709580720064,10.8173065702487,106.58804559692,3.0,0,0,0.11316161425994499,0.0,0.0,0.0,0.0,1.0
5651,0.9652944659873779,0.23076923076923078,0.1302907279796492,10.8024618905111,106.641816699832,3.0,0,1,1.2822279616686043,0.0,0.0,0.0,0.0,1.0
4065,-0.6395223895560433,0.07692307692307693,-0.4391709580720064,10.8379742174377,106.636090340894,2.0,0,1,-1.265459390571404,0.0,0.0,0.0,0.0,1.0
5383,-0.28090108395535385,0.07692307692307693,2.0502110105697895,10.7997910653258,106.630767414916,3.0,0,0,-1.265459390571404,0.0,0.0,0.0,0.0,1.0
1239,-1.3286243820305652,0.0,0.1302907279796492,10.766367170185,106.644892470828,3.0,0,0,-0.9028346336956022,0.0,0.0,1.0,0.0,0.0
2289,-0.25832850878387886,0.23076923076923078,-0.7884660886417492,10.8005275527098,106.789328448888,2.0,0,0,-0.09639304316274322,0.0,0.0,1.0,0.0,0.0
2740,-0.5826509567402912,0.15384615384615385,-0.4391709580720064,10.7646655579396,106.616350134523,2.0,0,0,-0.5962397703258719,0.0,0.0,0.0,0.0,1.0
275,-0.12968436710496703,0.07692307692307693,-0.4391709580720064,10.8867385173187,106.723875158363,3.0,0,0,-1.709276224228461,0.0,0.0,1.0,0.0,0.0
1035,-1.0745480811548156,0.0,-1.7072229052631471,10.8276212476312,106.767872024617,3.0,0,0,-2.28145563852695,0.0,0.0,0.0,1.0,0.0
1229,0.3261314717355513,0.38461538461538464,-0.13659775324274978,10.7894121206695,106.693038883785,2.0,0,0,1.0479657854342355,0.0,0.0,0.0,0.0,1.0
1008,-1.7539551211519617,0.23076923076923078,0.1302907279796492,10.7918687785146,106.691432289177,3.0,0,1,-0.9028346336956022,0.0,0.0,0.0,1.0,0.0
3828,0.48341223409930084,0.23076923076923078,0.5849971026224333,10.8032363092858,106.715947480874,0.0,1,0,0.6349856886503463,0.0,0.0,0.0,0.0,1.0
2532,0.3707119834879608,0.23076923076923078,0.1302907279796492,21.0289486097874,105.852447225903,3.0,0,1,0.11316161425994499,0.0,1.0,0.0,1.0,0.0
1058,-0.5550151062263636,0.23076923076923078,0.1302907279796492,10.8084037123674,106.687942323559,3.0,0,1,-0.3306552193971129,0.0,0.0,1.0,0.0,0.0
4674,0.4560322857850593,0.15384615384615385,-0.4391709580720064,10.7955949530669,106.64090905136,2.0,0,0,-0.5962397703258719,0.0,0.0,0.0,1.0,0.0
281,0.8534664434236847,0.23076923076923078,-0.4391709580720064,10.7896212992541,106.675096318153,2.0,0,0,2.0886695522014636,0.0,0.0,0.0,0.0,1.0
1043,-0.1926076911174569,0.23076923076923078,0.1302907279796492,10.8379558141691,106.636188982695,2.0,0,0,0.11316161425994499,0.0,0.0,0.0,0.0,1.0
1316,0.310967493112446,0.23076923076923078,1.287787426350749,10.7853583047136,106.621718409672,3.0,0,0,0.11316161425994499,0.0,0.0,0.0,1.0,0.0
968,-0.4240911260771986,0.23076923076923078,0.1302907279796492,10.7895650987974,106.691569459391,3.0,0,1,0.30272686033993124,0.0,0.0,0.0,1.0,0.0
2381,0.007491102083431382,0.23076923076923078,0.963530485543728,10.7410653577628,106.716187281041,0.0,1,0,0.11316161425994499,0.0,0.0,0.0,0.0,1.0
5022,-0.5278863642596802,0.07692307692307693,-0.13659775324274978,10.7985684798303,106.686137169217,0.0,1,0,-1.709276224228461,0.0,0.0,0.0,1.0,0.0
1939,1.6129275255674442,0.07692307692307693,0.1302907279796492,10.831878313819,106.729514213945,3.0,0,1,-0.5962397703258719,0.0,0.0,0.0,0.0,1.0
4510,1.3881753703228958,0.15384615384615385,2.9327121238363367,10.779409869954,106.678581578807,3.0,0,0,1.0479657854342355,0.0,0.0,0.0,0.0,1.0
1274,0.3560006685276249,0.15384615384615385,-0.13659775324274978,10.806083912138,106.690506515333,0.0,1,1,-0.5962397703258719,0.0,0.0,0.0,1.0,0.0
619,-0.21419165043464608,0.3076923076923077,-0.4391709580720064,10.7647886107955,106.616286635324,3.0,0,0,0.11316161425994499,0.0,0.0,0.0,1.0,0.0
4564,-0.35076329075821017,0.07692307692307693,-0.13659775324274978,10.791077168543,106.685566654372,0.0,1,0,-0.3306552193971129,0.0,0.0,0.0,1.0,0.0
1742,0.08051705379647196,0.23076923076923078,-0.13659775324274978,10.7712534912588,106.67091158146,0.0,1,1,0.11316161425994499,0.0,0.0,0.0,0.0,1.0
1390,-0.8245729617021663,0.0,-0.4391709580720064,10.7828440432876,106.608630574887,3.0,0,0,-1.709276224228461,0.0,0.0,0.0,1.0,0.0
5125,-0.069330070593773,0.07692307692307693,-0.4391709580720064,10.8105063225887,106.713689799989,2.0,0,1,-0.9028346336956022,0.0,0.0,0.0,0.0,1.0
1579,-0.8245729617021663,0.15384615384615385,-0.4391709580720064,10.8248261752874,106.635376954979,2.0,0,1,-0.5962397703258719,1.0,0.0,0.0,0.0,1.0
1655,0.9053480809024144,0.15384615384615385,0.963530485543728,10.7295251647766,106.63237455328,3.0,0,0,2.3634408616661546,0.0,0.0,0.0,1.0,0.0
3568,-1.8168784451644522,0.23076923076923078,-1.7072229052631471,10.7660482571524,106.66751002478,3.0,0,0,-0.5962397703258719,0.0,0.0,1.0,0.0,0.0
2352,-0.37480406362233243,0.23076923076923078,-0.4391709580720064,10.8067783967102,106.694759910408,0.0,1,0,0.11316161425994499,0.0,0.0,0.0,0.0,1.0
2212,-0.5278863642596802,0.07692307692307693,-0.13659775324274978,10.8529797935105,106.720002502019,0.0,1,1,-0.9028346336956022,1.0,0.0,0.0,1.0,0.0
6261,2.6154472806424836,0.15384615384615385,2.6196726966214445,21.0289486097874,105.852447225903,0.0,1,0,0.11316161425994499,0.0,1.0,0.0,1.0,0.0
3178,-0.069330070593773,0.23076923076923078,0.963530485543728,10.8116816637944,106.709144278772,3.0,0,0,-0.3306552193971129,0.0,0.0,0.0,0.0,1.0
3192,0.1330128034148692,0.23076923076923078,-0.4391709580720064,10.8436349184201,106.649389856098,2.0,0,0,-0.09639304316274322,0.0,0.0,0.0,0.0,1.0
1307,-0.069330070593773,0.0,-0.4391709580720064,10.7435252748565,106.722776081116,0.0,1,0,0.30272686033993124,0.0,0.0,0.0,1.0,0.0
575,1.1918029769217138,0.23076923076923078,2.9327121238363367,10.8058843802126,106.789887051839,3.0,0,0,0.9196032047928032,1.0,0.0,0.0,1.0,0.0
2360,-0.9622048207552769,0.07692307692307693,-0.4391709580720064,10.8046762703301,106.639385284879,3.0,0,0,-1.265459390571404,0.0,0.0,1.0,0.0,0.0
1280,-0.25832850878387886,0.15384615384615385,-0.7884660886417492,10.7817037760597,106.674560544004,0.0,1,0,0.4757863711357461,0.0,0.0,0.0,0.0,1.0
5121,-0.37480406362233243,0.07692307692307693,-0.13659775324274978,10.7983428791005,106.688515286117,0.0,1,1,-0.5962397703258719,0.0,0.0,0.0,0.0,1.0
5212,-0.9622048207552769,0.07692307692307693,-0.13659775324274978,10.8057641813493,106.605103302744,0.0,1,1,-1.265459390571404,0.0,0.0,0.0,0.0,1.0
1993,-0.5012464551475065,0.3076923076923077,-1.7072229052631471,10.7734401291095,106.698188626722,0.0,1,0,1.4917826190912926,0.0,0.0,0.0,0.0,1.0
2639,-0.37480406362233243,0.3076923076923077,0.1302907279796492,10.7923358712615,106.691636968814,3.0,0,1,0.4757863711357461,0.0,0.0,0.0,1.0,0.0
269,-0.37480406362233243,0.0,-0.4391709580720064,10.88642757444,106.768277775396,0.0,1,0,-2.28145563852695,0.0,0.0,0.0,1.0,0.0
629,0.007491102083431382,0.23076923076923078,0.1302907279796492,10.6927386708749,106.740732378908,3.0,0,0,0.11316161425994499,0.0,0.0,0.0,0.0,1.0
4657,1.087396672413115,0.3076923076923077,-0.7884660886417492,10.8146283972982,106.63233664624,0.0,1,0,4.066903919201769,0.0,0.0,0.0,0.0,1.0
3081,-0.3271071868061051,0.15384615384615385,-0.7884660886417492,10.831360095095,106.633567996323,0.0,1,0,-0.5962397703258719,0.0,0.0,0.0,0.0,1.0
3466,-0.28090108395535385,0.23076923076923078,-0.13659775324274978,10.6929017446905,106.740771917791,0.0,1,0,-0.3306552193971129,0.0,0.0,0.0,0.0,1.0
5494,0.04445490123643577,0.15384615384615385,-0.4391709580720064,10.7645415260053,106.616086014284,0.0,1,0,-0.09639304316274322,0.0,0.0,0.0,0.0,1.0
4396,0.04445490123643577,0.23076923076923078,0.1302907279796492,10.8115656240592,106.709272003151,3.0,0,1,0.11316161425994499,0.0,1.0,0.0,1.0,0.0
4023,0.5102943374875497,0.15384615384615385,-1.7072229052631471,10.8472995781132,106.755384953106,3.0,0,0,0.11316161425994499,0.0,0.0,1.0,0.0,0.0
2046,-0.08917566997524837,0.15384615384615385,2.0502110105697895,10.7501764151592,106.679049198648,3.0,0,0,-0.5962397703258719,0.0,0.0,0.0,0.0,1.0
4356,-0.6395223895560433,0.07692307692307693,-1.2015945422910468,10.8444083677243,106.595244988028,2.0,0,0,-0.3306552193971129,0.0,0.0,0.0,1.0,0.0
4940,0.6255585240034263,0.3076923076923077,0.963530485543728,10.7720229742995,106.787667042191,0.0,1,0,1.9355994527483495,0.0,0.0,0.0,0.0,1.0
2113,0.3707119834879608,0.23076923076923078,0.963530485543728,10.8307073953836,106.705465765441,0.0,1,0,0.11316161425994499,0.0,0.0,0.0,0.0,1.0
27,-0.5826509567402912,0.07692307692307693,-0.7884660886417492,10.7749751869261,106.76487352699,0.0,1,0,-0.9028346336956022,0.0,0.0,0.0,1.0,0.0
2040,1.5549406834532222,0.07692307692307693,0.963530485543728,10.852900801037,106.720368451751,3.0,0,0,-0.5962397703258719,0.0,0.0,0.0,1.0,0.0
3928,-0.7920776985802562,0.3076923076923077,-0.13659775324274978,10.7510665358706,106.721795916954,0.0,1,1,0.30272686033993124,0.0,0.0,0.0,0.0,1.0
5692,-1.154485113689163,0.15384615384615385,0.1302907279796492,10.7723291306035,106.680805085515,3.0,0,1,-0.9028346336956022,0.0,0.0,0.0,1.0,0.0
3216,-0.5012464551475065,0.3076923076923077,-0.7884660886417492,10.798568135357,106.605946936508,2.0,0,0,0.11316161425994499,0.0,0.0,0.0,0.0,1.0
3814,2.4092937365352536,0.0,0.1302907279796492,10.8074340474176,106.718772957812,3.0,0,1,2.820048284014553,0.0,0.0,0.0,1.0,0.0
129,0.06259592582891907,0.23076923076923078,-0.13659775324274978,10.6927808822516,106.740896502079,0.0,1,1,0.11316161425994499,0.0,0.0,0.0,0.0,1.0
4660,0.3707119834879608,0.15384615384615385,-0.13659775324274978,10.8089864959765,106.821456157455,0.0,1,1,0.11316161425994499,0.0,0.0,0.0,0.0,1.0
6183,-0.7920776985802562,0.23076923076923078,-0.13659775324274978,10.7488778219056,106.710315370981,0.0,1,1,-0.9028346336956022,0.0,0.0,0.0,1.0,0.0
13,-0.9987122300435685,0.3076923076923077,0.1302907279796492,10.7938335612695,106.683133670027,3.0,0,1,1.1685438955241836,0.0,0.0,0.0,0.0,1.0
5398,-0.5826509567402912,0.3076923076923077,-0.4391709580720064,10.846930051853596,106.71822488307951,2.0,0,1,0.4757863711357461,0.0,0.0,0.0,1.0,0.0
1525,0.06259592582891907,0.15384615384615385,0.1302907279796492,10.7979916546206,106.704900858777,3.0,0,1,0.11316161425994499,0.0,0.0,0.0,0.0,1.0
2365,-0.21419165043464608,0.07692307692307693,-0.4391709580720064,10.7035504276237,106.703927732253,2.0,0,0,-1.265459390571404,0.0,0.0,0.0,1.0,0.0
3052,-0.5550151062263636,0.23076923076923078,-0.13659775324274978,10.8424066651469,106.642782480388,0.0,1,1,0.11316161425994499,0.0,0.0,0.0,1.0,0.0
4005,0.02608851654062688,0.3076923076923077,1.287787426350749,10.72962484018756,106.73554892762074,3.0,0,0,0.11316161425994499,0.0,0.0,0.0,1.0,0.0
2340,0.4560322857850593,0.15384615384615385,-0.4391709580720064,10.8071800456308,106.718503767047,2.0,0,1,0.9196032047928032,0.0,0.0,0.0,0.0,1.0
374,-0.5550151062263636,0.07692307692307693,-1.7072229052631471,10.7465622887178,106.688979279583,3.0,0,0,-1.265459390571404,0.0,0.0,0.0,1.0,0.0
4582,-0.03042058936361902,0.15384615384615385,-0.7884660886417492,10.8787481347118,106.669151702219,0.0,1,0,-0.3306552193971129,0.0,0.0,0.0,0.0,1.0
5795,1.985191476882123,0.15384615384615385,-0.13659775324274978,10.7765338685001,106.758995282041,0.0,1,1,0.11316161425994499,0.0,0.0,0.0,1.0,0.0
939,-0.04974733457061966,0.3076923076923077,-1.7072229052631471,10.8285566122519,106.638915528101,3.0,0,0,-0.3306552193971129,0.0,0.0,1.0,0.0,0.0
6030,-0.37480406362233243,0.23076923076923078,0.1302907279796492,10.8656445639018,106.670407417799,2.0,0,0,0.11316161425994499,0.0,0.0,0.0,0.0,1.0
2147,0.48341223409930084,0.15384615384615385,-0.13659775324274978,10.8043928932073,106.642358790307,0.0,1,1,0.6349856886503463,0.0,0.0,0.0,1.0,0.0
3591,-0.5826509567402912,0.23076923076923078,0.1302907279796492,10.766656105051,106.600294084816,2.0,0,0,-0.3306552193971129,0.0,0.0,0.0,1.0,0.0
5715,0.16700223033751904,0.15384615384615385,0.1302907279796492,10.8765116855277,106.651937315993,3.0,0,0,-0.5962397703258719,0.0,0.0,0.0,0.0,0.0
5294,1.1833785954106828,0.07692307692307693,0.963530485543728,10.8083806729131,106.688225054395,3.0,0,0,0.9196032047928032,0.0,0.0,1.0,0.0,0.0
3623,-0.28090108395535385,0.07692307692307693,-1.2015945422910468,10.7515970808074,106.67015200139,0.0,1,0,-0.9028346336956022,0.0,0.0,1.0,0.0,0.0
529,-0.28090108395535385,0.3076923076923077,-1.2015945422910468,10.7848302619966,106.668779569873,3.0,0,0,1.0479657854342355,0.0,0.0,0.0,0.0,1.0
3714,0.1501051897940211,0.23076923076923078,-0.13659775324274978,10.8059038495695,106.668045830426,0.0,1,1,0.11316161425994499,0.0,1.0,0.0,1.0,0.0
1269,1.473908078467857,0.07692307692307693,-0.4391709580720064,10.7715903171319,106.645982519781,2.0,0,0,0.30272686033993124,0.0,0.0,0.0,1.0,0.0
4281,1.4808330323692553,0.0,-0.13659775324274978,10.7957114667206,106.64093114601,0.0,1,1,0.11316161425994499,0.0,1.0,0.0,1.0,0.0
1394,0.3261314717355513,0.07692307692307693,-1.7072229052631471,10.7477980202393,106.68566401379,0.0,1,0,-1.265459390571404,0.0,0.0,0.0,0.0,1.0
4009,0.5754359289154177,0.23076923076923078,2.0502110105697895,10.8151321398871,106.672987961269,3.0,0,0,0.6349856886503463,0.0,0.0,0.0,1.0,0.0
4390,-0.7920776985802562,0.07692307692307693,0.1302907279796492,10.8194829938112,106.676663359374,3.0,0,1,-0.9028346336956022,0.0,0.0,0.0,1.0,0.0
1797,-0.3992422225807697,0.15384615384615385,0.1302907279796492,10.742364421691,106.716668525219,3.0,0,1,-0.09639304316274322,0.0,1.0,0.0,1.0,0.0
2979,2.4457112169919726,0.15384615384615385,3.566232722406522,10.7907640078195,106.637471412156,3.0,0,0,0.4757863711357461,0.0,0.0,0.0,1.0,0.0
1441,0.04445490123643577,0.07692307692307693,-0.13659775324274978,10.85877332217,106.753211282194,0.0,1,1,-0.5962397703258719,0.0,0.0,0.0,1.0,0.0
4701,2.2823245411723314,0.38461538461538464,-0.13659775324274978,10.8040557384869,106.616887213259,0.0,1,1,0.782381234505476,0.0,0.0,0.0,1.0,0.0
6139,-0.9987122300435685,0.23076923076923078,-0.4391709580720064,10.8026732777162,106.681713305759,2.0,0,1,-0.3306552193971129,0.0,1.0,0.0,1.0,0.0
3811,-0.5278863642596802,0.07692307692307693,-0.7884660886417492,10.8267583060207,106.616795137525,2.0,0,0,-0.3306552193971129,1.0,0.0,1.0,0.0,0.0
1273,-0.21419165043464608,0.23076923076923078,0.963530485543728,10.8299951426377,106.702647967363,3.0,0,0,-0.09639304316274322,0.0,0.0,0.0,0.0,0.0
1712,0.08051705379647196,0.3076923076923077,1.287787426350749,10.8032240865789,106.716219165497,3.0,0,0,0.6349856886503463,0.0,0.0,0.0,0.0,1.0
955,-0.2360953837240995,0.23076923076923078,-0.4391709580720064,10.8061154427169,106.615638572306,3.0,0,0,0.4757863711357461,0.0,0.0,0.0,0.0,1.0
4655,-0.03042058936361902,0.07692307692307693,-0.4391709580720064,10.8787900360777,106.668935854968,3.0,0,0,-0.9028346336956022,0.0,0.0,0.0,0.0,1.0
5030,-0.04974733457061966,0.15384615384615385,-0.4391709580720064,10.758757203781,106.680780900764,2.0,0,1,0.4757863711357461,0.0,1.0,0.0,1.0,0.0
5565,0.23272304800393967,0.23076923076923078,0.963530485543728,10.8002716547444,106.649952274475,3.0,0,0,-0.09639304316274322,0.0,0.0,0.0,0.0,1.0
403,-1.4741655642529736,0.23076923076923078,-1.2015945422910468,10.8159323148684,106.695206156219,0.0,1,0,-0.5962397703258719,0.0,0.0,0.0,1.0,0.0
2071,0.21656469094070732,0.0,-0.13659775324274978,10.874546645412,106.62099462549,3.0,0,0,-1.265459390571404,0.0,0.0,0.0,1.0,0.0
5985,0.6378280961214066,0.0,-1.7072229052631471,21.0289486097874,105.852447225903,3.0,0,0,-1.709276224228461,0.0,0.0,0.0,1.0,0.0
1977,-1.4741655642529736,0.07692307692307693,-0.7884660886417492,10.7614418343734,106.662163519552,3.0,0,0,-1.265459390571404,0.0,0.0,0.0,0.0,1.0
158,0.310967493112446,0.15384615384615385,0.1302907279796492,10.7658992025614,106.667689782921,2.0,0,0,0.30272686033993124,0.0,0.0,0.0,1.0,0.0
3888,-0.15036267557913827,0.3076923076923077,-0.13659775324274978,10.7986116690203,106.697998455575,0.0,1,1,-0.5962397703258719,0.0,0.0,0.0,1.0,0.0
902,-0.7602813127840508,0.3076923076923077,-1.7072229052631471,10.8126066635783,106.68510593869,3.0,0,0,1.1685438955241836,0.0,0.0,0.0,1.0,0.0
352,-1.2389923970188421,0.23076923076923078,0.1302907279796492,10.7437394256376,106.684241706152,3.0,0,0,-0.5962397703258719,0.0,0.0,0.0,0.0,1.0
4130,1.7800297746506857,0.15384615384615385,2.0502110105697895,10.8071517512887,106.675741112268,3.0,0,0,2.426586790265584,0.0,0.0,0.0,0.0,1.0
754,-0.1926076911174569,0.15384615384615385,-0.4391709580720064,10.764263013731,106.704739342236,2.0,0,1,0.11316161425994499,0.0,0.0,0.0,0.0,1.0
2971,2.0940563944048263,0.4615384615384616,3.566232722406522,10.7759730974113,106.610779105108,3.0,0,0,0.30272686033993124,0.0,0.0,0.0,1.0,0.0
6268,1.265537228595943,0.4615384615384616,3.0743790712642283,10.7785535043997,106.63517821875,3.0,0,0,1.9355994527483495,0.0,0.0,0.0,0.0,1.0
2920,0.09822355231529148,0.3076923076923077,-0.4391709580720064,10.799734621041,106.673417770631,2.0,0,0,0.782381234505476,0.0,0.0,0.0,0.0,1.0
311,-1.6936008246407677,0.15384615384615385,-0.13659775324274978,10.7978720475118,106.705100008854,0.0,1,1,-0.5962397703258719,0.0,0.0,0.0,0.0,1.0
661,0.21656469094070732,0.23076923076923078,-0.13659775324274978,10.8294486716917,106.730336209582,0.0,1,1,0.30272686033993124,0.0,0.0,0.0,1.0,0.0
1989,0.385278357028152,0.23076923076923078,2.9327121238363367,21.0289486097874,105.852447225903,3.0,0,0,0.11316161425994499,0.0,0.0,0.0,0.0,1.0
3665,-0.7920776985802562,0.15384615384615385,-0.7884660886417492,10.8027581238885,106.677848998743,0.0,1,0,-0.09639304316274322,0.0,0.0,0.0,0.0,1.0
306,-0.08917566997524837,0.3076923076923077,1.5713987371125986,10.7840297693168,106.651248512219,3.0,0,0,-0.09639304316274322,0.0,0.0,0.0,1.0,0.0
2335,-0.4750780736920162,0.23076923076923078,1.5713987371125986,10.8062265248931,106.61592281288,3.0,0,0,-0.3306552193971129,0.0,0.0,1.0,0.0,0.0
2356,0.6131862764484118,0.23076923076923078,-0.13659775324274978,10.7709608924497,106.690877434935,0.0,1,1,2.9195154941516295,0.0,0.0,0.0,1.0,0.0
3702,0.007491102083431382,0.07692307692307693,-0.13659775324274978,10.8371020481921,106.680710511287,0.0,1,1,-0.9028346336956022,0.0,1.0,0.0,0.0,1.0
3804,0.21656469094070732,0.23076923076923078,0.1302907279796492,10.8089375776085,106.677303566967,3.0,0,1,-0.09639304316274322,0.0,1.0,0.0,1.0,0.0
1927,-0.1926076911174569,0.38461538461538464,2.9327121238363367,10.736970476603,106.628200891012,3.0,0,0,1.2822279616686043,0.0,0.0,0.0,0.0,1.0
3427,0.6499966829618635,0.38461538461538464,2.5341556375641257,10.7938994166444,106.689539242115,3.0,0,0,2.426586790265584,0.0,0.0,0.0,1.0,0.0
749,-1.5798158528105595,0.15384615384615385,-2.3590912406621465,10.8275985588254,106.684516311597,0.0,1,0,-0.3306552193971129,0.0,0.0,1.0,0.0,0.0
3638,2.1389983031169923,0.23076923076923078,-0.13659775324274978,10.84037,106.8447,0.0,1,1,0.782381234505476,0.0,0.0,0.0,1.0,0.0
4573,-0.4750780736920162,0.23076923076923078,-0.13659775324274978,10.8788095540431,106.669450077245,0.0,1,1,0.11316161425994499,0.0,0.0,0.0,0.0,1.0
1266,-0.8917879431693261,0.15384615384615385,-0.4391709580720064,10.7440660459939,106.697333403472,3.0,0,0,-0.3306552193971129,0.0,0.0,0.0,0.0,1.0
4772,-0.2360953837240995,0.07692307692307693,-0.4391709580720064,10.8476255794683,106.747004043457,2.0,0,1,-1.265459390571404,0.0,0.0,0.0,1.0,0.0
5563,0.7093811696941079,0.23076923076923078,2.2563469756017906,10.7120037922397,106.660314666044,0.0,1,0,0.11316161425994499,0.0,1.0,0.0,1.0,0.0
3595,-0.08917566997524837,0.07692307692307693,-1.7072229052631471,10.747611991044,106.715975542049,0.0,1,0,-0.09639304316274322,0.0,0.0,0.0,1.0,0.0
2134,-0.2360953837240995,0.15384615384615385,0.1302907279796492,10.7780601240212,106.655908372263,3.0,0,1,-0.09639304316274322,0.0,0.0,0.0,1.0,0.0
4109,1.0601009748869976,0.15384615384615385,0.963530485543728,10.7870441994257,106.72963756558,0.0,1,0,-0.09639304316274322,0.0,0.0,0.0,1.0,0.0
514,-0.6986692748486453,0.3076923076923077,-0.4391709580720064,10.8553206796981,106.655347516248,0.0,1,0,-0.09639304316274322,0.0,0.0,0.0,0.0,1.0
5628,0.04445490123643577,0.23076923076923078,-0.13659775324274978,10.7437358850954,106.722381406888,0.0,1,1,0.11316161425994499,0.0,0.0,0.0,0.0,1.0
409,-0.9622048207552769,0.07692307692307693,-0.13659775324274978,10.7898282072259,106.690027594787,0.0,1,1,-0.9028346336956022,0.0,0.0,0.0,0.0,1.0
4690,1.807979093830051,0.15384615384615385,-0.13659775324274978,10.71818085982336,106.7272598787661,0.0,1,1,0.4757863711357461,0.0,0.0,0.0,1.0,0.0
6273,2.4092937365352536,0.07692307692307693,-0.13659775324274978,10.7809476603169,106.686073560478,0.0,1,1,2.820048284014553,0.0,1.0,0.0,1.0,0.0
6226,0.29564637201642957,0.3076923076923077,0.1302907279796492,10.8019132614136,106.764747619629,3.0,0,1,0.30272686033993124,0.0,0.0,0.0,1.0,0.0
5453,-0.6108132359423499,0.15384615384615385,-1.7072229052631471,10.7503912707601,106.679054315228,0.0,1,0,-0.3306552193971129,0.0,0.0,1.0,0.0,0.0
207,-0.2360953837240995,0.07692307692307693,-0.7884660886417492,10.808295151105,106.687787361418,0.0,1,0,-0.3306552193971129,0.0,0.0,1.0,0.0,0.0
458,0.9155094607980837,0.38461538461538464,0.963530485543728,10.8044387954637,106.625947065558,3.0,0,0,1.3897638631431688,0.0,0.0,0.0,0.0,1.0
2054,-1.154485113689163,0.07692307692307693,-0.4391709580720064,10.8417210624173,106.647495090852,2.0,0,1,-1.265459390571404,0.0,0.0,0.0,1.0,0.0
2430,-0.6986692748486453,0.3076923076923077,-0.4391709580720064,10.8349589883977,106.664947601286,2.0,0,0,0.9196032047928032,1.0,0.0,0.0,1.0,0.0
250,-0.6395223895560433,0.23076923076923078,-0.7884660886417492,10.7863108226601,106.758275249009,0.0,1,0,0.30272686033993124,0.0,0.0,0.0,1.0,0.0
5373,0.3261314717355513,0.23076923076923078,-0.7884660886417492,10.757973105934244,106.6798177105606,3.0,0,0,0.30272686033993124,0.0,0.0,0.0,0.0,1.0
1107,-0.9622048207552769,0.15384615384615385,-0.13659775324274978,10.7308809155901,106.732348604755,0.0,1,1,-0.3306552193971129,0.0,0.0,0.0,0.0,1.0
5106,-0.8577985162466776,0.23076923076923078,-1.2015945422910468,10.8097878681545,106.689479299179,0.0,1,0,0.11316161425994499,0.0,0.0,1.0,0.0,0.0
1713,-1.0745480811548156,0.07692307692307693,0.1302907279796492,10.7978553377518,106.698940629786,0.0,1,0,-0.5962397703258719,0.0,1.0,0.0,0.0,1.0
3911,2.061763926009933,0.4615384615384616,0.1302907279796492,10.8300156642644,106.702156634826,3.0,0,1,0.6349856886503463,0.0,0.0,0.0,1.0,0.0
715,-0.37480406362233243,0.3076923076923077,0.1302907279796492,10.7973227194067,106.679063538734,3.0,0,1,0.4757863711357461,0.0,0.0,0.0,1.0,0.0
552,-0.5550151062263636,0.15384615384615385,0.1302907279796492,10.7437508647888,106.684115156216,3.0,0,0,-0.3306552193971129,1.0,0.0,0.0,1.0,0.0
1439,-0.9265771942689038,0.07692307692307693,-1.7072229052631471,10.7494458688021,106.63942799982,3.0,0,0,-1.265459390571404,0.0,0.0,1.0,0.0,0.0
2270,-0.4493648176687783,0.4615384615384616,2.9327121238363367,10.7603941976518,106.688456214148,3.0,0,0,0.30272686033993124,0.0,0.0,0.0,1.0,0.0
3144,-1.6356139825265459,0.07692307692307693,-0.4391709580720064,10.7983128331329,106.682958206428,2.0,0,1,-1.709276224228461,0.0,0.0,0.0,0.0,1.0
6015,-0.10929128578611225,0.23076923076923078,0.1302907279796492,10.7533843767605,106.605606481774,3.0,0,1,0.11316161425994499,0.0,0.0,0.0,1.0,0.0
1925,0.4421497898439041,0.15384615384615385,-1.2015945422910468,10.8125171287792,106.687781629338,0.0,1,0,-0.09639304316274322,0.0,0.0,0.0,0.0,1.0
634,-0.1926076911174569,0.23076923076923078,-0.4391709580720064,10.8080809227089,106.704147560647,0.0,1,0,0.4757863711357461,0.0,0.0,0.0,0.0,1.0
316,-0.04974733457061966,0.15384615384615385,-0.4391709580720064,10.8564938056613,106.614274644703,3.0,0,0,-0.3306552193971129,0.0,0.0,0.0,1.0,0.0
6140,-0.15036267557913827,0.23076923076923078,0.1302907279796492,10.7662856305597,106.683027121958,0.0,1,0,0.6349856886503463,0.0,0.0,1.0,0.0,0.0
427,0.04445490123643577,0.0,0.1302907279796492,10.6512728465435,106.729646308313,0.0,1,0,-1.265459390571404,0.0,0.0,0.0,1.0,0.0
4666,0.8214404629449784,0.3076923076923077,2.0502110105697895,10.7639107718776,106.649231091568,3.0,0,0,1.1685438955241836,0.0,1.0,0.0,1.0,0.0
105,-0.5278863642596802,0.23076923076923078,0.1302907279796492,10.790845,106.7107,3.0,0,1,0.9196032047928032,0.0,0.0,1.0,0.0,0.0
3041,0.21656469094070732,0.23076923076923078,-0.4391709580720064,10.8296465097789,106.730633126046,2.0,0,1,0.30272686033993124,0.0,0.0,0.0,1.0,0.0
4238,0.5102943374875497,0.3076923076923077,2.0502110105697895,10.84483,106.7182,0.0,1,0,-0.09639304316274322,0.0,0.0,0.0,0.0,1.0
2169,-0.10929128578611225,0.3076923076923077,2.0502110105697895,10.7588266377973,106.671166610029,3.0,0,0,0.4757863711357461,0.0,0.0,0.0,1.0,0.0
1709,-0.15036267557913827,0.23076923076923078,0.5849971026224333,10.8305149283311,106.705685732528,0.0,1,0,0.11316161425994499,0.0,0.0,0.0,1.0,0.0
89,-0.3271071868061051,0.23076923076923078,-1.2015945422910468,10.7745068662153,106.773482222759,3.0,0,0,0.9196032047928032,0.0,0.0,1.0,0.0,0.0
2241,1.0692556478206303,0.07692307692307693,-0.4391709580720064,10.8128089273414,106.668697030085,0.0,1,0,0.11316161425994499,0.0,0.0,0.0,1.0,0.0
3174,-0.04974733457061966,0.07692307692307693,-0.13659775324274978,10.8298540987303,106.691647950496,2.0,0,0,-0.3306552193971129,0.0,0.0,0.0,1.0,0.0
4693,1.3881753703228958,0.23076923076923078,-0.13659775324274978,10.797734089827998,106.74241907894611,0.0,1,1,-0.09639304316274322,0.0,0.0,0.0,0.0,1.0
1949,-2.179285860273359,0.23076923076923078,0.1302907279796492,10.7810529176684,106.682243995179,3.0,0,1,-1.265459390571404,0.0,0.0,0.0,0.0,1.0
4044,1.3881753703228958,0.0,2.0502110105697895,10.8043427120305,106.81600788074,3.0,0,0,1.0479657854342355,0.0,0.0,0.0,0.0,1.0
2848,-0.10929128578611225,0.23076923076923078,0.963530485543728,10.8043313545664,106.625710656054,3.0,0,0,0.11316161425994499,0.0,0.0,0.0,1.0,0.0
1,-0.6986692748486453,0.07692307692307693,-0.4391709580720064,10.7987119735243,106.61347376079,2.0,0,0,-1.265459390571404,0.0,0.0,1.0,0.0,0.0
4337,-0.10929128578611225,0.15384615384615385,0.5849971026224333,10.780038000025,106.668362088644,3.0,0,0,0.11316161425994499,0.0,0.0,0.0,0.0,1.0
935,-0.5826509567402912,0.3076923076923077,-1.2015945422910468,10.7601894270013,106.707231402267,0.0,1,0,0.30272686033993124,0.0,0.0,1.0,0.0,0.0
5388,-0.35076329075821017,0.07692307692307693,0.1302907279796492,10.7262516703306,106.733568547539,3.0,0,1,-0.9028346336956022,0.0,0.0,0.0,1.0,0.0
2720,-1.6356139825265459,0.15384615384615385,-0.13659775324274978,10.7851302157312,106.648126782722,0.0,1,1,-0.5962397703258719,0.0,0.0,1.0,0.0,0.0
591,-1.375564037342406,0.3076923076923077,-0.13659775324274978,10.7938723727659,106.681074287354,0.0,1,1,0.11316161425994499,1.0,0.0,0.0,1.0,0.0
4715,-1.154485113689163,0.07692307692307693,-1.7072229052631471,10.7911395198016,106.651451894347,0.0,1,0,-2.28145563852695,0.0,1.0,0.0,1.0,0.0
2936,0.6859128205146215,0.15384615384615385,1.287787426350749,10.7447752580652,106.708784450053,3.0,0,0,-0.09639304316274322,0.0,0.0,0.0,0.0,1.0
2448,-0.6688000780565717,0.15384615384615385,-0.4391709580720064,10.7612732586257,106.690400733326,2.0,0,1,-0.3306552193971129,0.0,0.0,0.0,0.0,1.0
1576,1.4945863869420284,0.15384615384615385,2.0502110105697895,10.7530246384543,106.614435285868,0.0,1,0,0.4757863711357461,0.0,0.0,0.0,1.0,0.0
5281,-0.6395223895560433,0.3076923076923077,-0.13659775324274978,10.7793655778813,106.679056113085,0.0,1,1,0.9196032047928032,0.0,0.0,0.0,0.0,1.0
213,-0.8917879431693261,0.0,-1.7072229052631471,10.7262870186681,106.733200829476,0.0,1,0,-1.709276224228461,0.0,0.0,0.0,1.0,0.0
778,-0.10929128578611225,0.15384615384615385,-1.7072229052631471,10.7265013648893,106.733536024408,1.0,0,0,-0.3306552193971129,0.0,0.0,0.0,0.0,1.0
3496,-0.069330070593773,0.23076923076923078,0.1302907279796492,10.7600465979377,106.613547191408,3.0,0,1,0.11316161425994499,0.0,0.0,0.0,1.0,0.0
4935,0.04445490123643577,0.23076923076923078,0.963530485543728,10.8395021062679,106.796856562385,3.0,0,0,0.11316161425994499,0.0,0.0,0.0,1.0,0.0
2043,0.6378280961214066,0.07692307692307693,0.1302907279796492,10.7468035632317,106.688779650056,3.0,0,0,0.9196032047928032,0.0,0.0,0.0,1.0,0.0
5710,1.2332195493977356,0.15384615384615385,-0.13659775324274978,10.8047197022223,106.792884058789,0.0,1,1,0.782381234505476,0.0,0.0,0.0,0.0,1.0
1567,-0.37480406362233243,0.23076923076923078,-0.7884660886417492,10.7516124471784,106.701473355186,0.0,1,0,-0.3306552193971129,0.0,0.0,1.0,0.0,0.0
165,0.23272304800393967,0.23076923076923078,-0.13659775324274978,10.797319891737,106.681172420156,0.0,1,1,0.11316161425994499,0.0,0.0,0.0,0.0,1.0
3566,-0.6395223895560433,0.0,0.963530485543728,10.7883860030399,106.704141756419,2.0,0,0,-0.9028346336956022,1.0,0.0,1.0,0.0,0.0
4813,-0.03042058936361902,0.07692307692307693,-0.4391709580720064,10.7969822417324,106.68108431791,2.0,0,1,0.11316161425994499,0.0,0.0,0.0,1.0,0.0
5990,0.48341223409930084,0.5384615384615385,2.0502110105697895,10.7565382410988,106.669255693651,0.0,1,0,0.6349856886503463,0.0,0.0,0.0,1.0,0.0
2013,-0.3271071868061051,0.07692307692307693,-0.4391709580720064,10.754482719553,106.671314703657,2.0,0,0,-0.9028346336956022,0.0,0.0,0.0,1.0,0.0
273,-0.011343228479551189,0.23076923076923078,0.1302907279796492,10.766376385311,106.659386492937,3.0,0,1,0.30272686033993124,0.0,0.0,0.0,0.0,1.0
3860,1.149192680354979,0.15384615384615385,-0.13659775324274978,10.8032920034063,106.800453822888,0.0,1,1,0.4757863711357461,0.0,0.0,0.0,1.0,0.0
4167,-0.4240911260771986,0.23076923076923078,-0.13659775324274978,10.7550238292891,106.629579332057,0.0,1,1,0.30272686033993124,0.0,1.0,0.0,1.0,0.0
5023,0.1330128034148692,0.23076923076923078,2.0502110105697895,10.7366744708484,106.739896412065,3.0,0,0,0.11316161425994499,1.0,0.0,0.0,0.0,1.0
3788,0.08051705379647196,0.07692307692307693,-0.4391709580720064,10.8457345213414,106.718133644985,2.0,0,0,-1.265459390571404,0.0,0.0,0.0,1.0,0.0
394,0.8214404629449784,0.23076923076923078,-0.13659775324274978,10.845620455504,106.717714560847,0.0,1,1,1.1685438955241836,0.0,0.0,0.0,0.0,1.0
583,-1.2831292553680742,0.07692307692307693,-1.7072229052631471,10.8031815041192,106.704697771718,2.0,0,0,-1.265459390571404,0.0,0.0,1.0,0.0,0.0
6278,1.0039496078129824,0.4615384615384616,-0.13659775324274978,10.7902315883558,106.68661950747,0.0,1,1,0.4757863711357461,0.0,0.0,0.0,1.0,0.0
5840,2.2123975330302423,0.23076923076923078,-0.13659775324274978,10.779125293477,106.688772622381,0.0,1,1,2.0886695522014636,0.0,0.0,0.0,1.0,0.0
6025,-0.03042058936361902,0.15384615384615385,-1.7072229052631471,10.8124883851142,106.685238847707,3.0,0,0,-0.09639304316274322,0.0,0.0,1.0,0.0,0.0
520,0.7552290280664897,0.07692307692307693,0.963530485543728,10.8681380750388,106.62126501367,3.0,0,0,-0.9028346336956022,0.0,0.0,0.0,1.0,0.0
1763,-0.6108132359423499,0.23076923076923078,-0.13659775324274978,10.7982969838301,106.59192999882,2.0,0,0,0.6349856886503463,0.0,0.0,0.0,0.0,1.0
1875,1.149192680354979,0.5384615384615385,0.1302907279796492,10.7603964481785,106.691318680757,3.0,0,1,1.1685438955241836,0.0,0.0,0.0,1.0,0.0
3965,-0.17133430316050988,0.23076923076923078,0.963530485543728,10.8736509576541,106.630961645774,3.0,0,0,0.11316161425994499,0.0,0.0,0.0,1.0,0.0
3344,0.11572050155235063,0.3076923076923077,-0.13659775324274978,10.8357937419255,106.842932934647,0.0,1,1,0.30272686033993124,0.0,0.0,0.0,1.0,0.0
2253,-1.9513779408530998,0.15384615384615385,0.1302907279796492,10.7863087646756,106.671268305338,3.0,0,1,-0.9028346336956022,0.0,0.0,1.0,0.0,0.0
3224,-0.7602813127840508,0.07692307692307693,-0.4391709580720064,10.7846779636886,106.627118013013,2.0,0,1,-0.9028346336956022,0.0,0.0,0.0,1.0,0.0
526,-0.8917879431693261,0.07692307692307693,-1.2015945422910468,10.8059648457485,106.615929427857,2.0,0,0,-1.265459390571404,0.0,0.0,0.0,1.0,0.0
2946,-0.7602813127840508,0.07692307692307693,0.1302907279796492,10.8818843232585,106.681814711796,3.0,0,1,-1.709276224228461,0.0,0.0,0.0,1.0,0.0
4473,2.6782369692813575,0.3076923076923077,0.1302907279796492,10.7272792706211,106.714910820284,3.0,0,1,2.9195154941516295,0.0,1.0,0.0,1.0,0.0
3899,2.080303039832055,0.07692307692307693,0.1302907279796492,10.7603522200414,106.691034454264,3.0,0,0,0.6349856886503463,0.0,0.0,0.0,0.0,1.0
692,-0.011343228479551189,0.07692307692307693,-1.7072229052631471,10.704838445053,106.734512450224,1.0,0,0,0.11316161425994499,0.0,0.0,0.0,0.0,1.0
5955,-0.25832850878387886,0.07692307692307693,0.1302907279796492,10.7970540624226,106.69256470218,3.0,0,1,-0.5962397703258719,0.0,0.0,0.0,0.0,1.0
4444,-0.21419165043464608,0.23076923076923078,-0.13659775324274978,10.7605255950666,106.673150132616,0.0,1,1,-0.09639304316274322,0.0,0.0,0.0,0.0,1.0
3633,1.2332195493977356,0.3076923076923077,-0.4391709580720064,10.7910519889308,106.572863434916,0.0,1,0,1.9355994527483495,0.0,0.0,0.0,1.0,0.0
1050,0.5102943374875497,0.07692307692307693,-2.3590912406621465,10.6509918105047,106.730403962278,0.0,1,0,-0.5962397703258719,0.0,0.0,0.0,0.0,1.0
590,-0.4493648176687783,0.23076923076923078,-0.13659775324274978,10.8489638371409,106.718134643039,0.0,1,1,0.11316161425994499,0.0,0.0,0.0,1.0,0.0
519,-0.35076329075821017,0.23076923076923078,-0.7884660886417492,10.7281114284367,106.612313929131,0.0,1,0,0.11316161425994499,0.0,0.0,0.0,0.0,1.0
3676,0.16700223033751904,0.15384615384615385,-0.13659775324274978,10.800721864635282,106.79314870387316,0.0,1,1,0.6349856886503463,0.0,0.0,1.0,0.0,0.0
5808,-0.9622048207552769,0.07692307692307693,0.1302907279796492,10.8537158265516,106.762457309211,3.0,0,1,-1.265459390571404,0.0,0.0,0.0,1.0,0.0
1607,-2.023512976627764,0.07692307692307693,-0.4391709580720064,10.7650203740926,106.616667488423,0.0,1,0,-1.709276224228461,0.0,0.0,0.0,1.0,0.0
3610,0.1330128034148692,0.15384615384615385,0.1302907279796492,10.740011576129,106.735195905842,3.0,0,1,-0.09639304316274322,0.0,0.0,0.0,1.0,0.0
6012,0.3707119834879608,0.4615384615384616,0.1302907279796492,10.8419261055187,106.630937393625,3.0,0,1,0.11316161425994499,0.0,0.0,0.0,1.0,0.0
1809,-0.37480406362233243,0.15384615384615385,-0.4391709580720064,10.7266108346312,106.733309393462,3.0,0,0,-0.09639304316274322,0.0,0.0,0.0,0.0,1.0
791,0.48341223409930084,0.23076923076923078,2.9327121238363367,10.7606083761689,106.683644226779,3.0,0,0,0.782381234505476,0.0,0.0,0.0,1.0,0.0
792,-0.25832850878387886,0.3076923076923077,0.1302907279796492,10.8076674059853,106.702910645498,3.0,0,1,-0.09639304316274322,0.0,0.0,0.0,0.0,1.0
5178,1.3881753703228958,0.15384615384615385,0.1302907279796492,10.7504986792645,106.618736885533,3.0,0,1,0.11316161425994499,0.0,0.0,0.0,0.0,1.0
1855,1.2250285314662257,0.07692307692307693,0.5849971026224333,10.9047561532689,106.594668336236,2.0,0,0,-1.265459390571404,0.0,0.0,0.0,0.0,1.0
1980,-0.4750780736920162,0.15384615384615385,-0.13659775324274978,10.7827336129829,106.609380115374,2.0,0,0,-0.3306552193971129,0.0,0.0,0.0,0.0,1.0
3233,0.5102943374875497,0.3076923076923077,0.1302907279796492,10.7039745983788,106.631072970329,3.0,0,0,0.30272686033993124,0.0,0.0,0.0,0.0,1.0
3598,1.4808330323692553,0.15384615384615385,-0.13659775324274978,10.788095603701,106.67687773787,0.0,1,1,0.11316161425994499,0.0,0.0,0.0,1.0,0.0
933,0.3707119834879608,0.23076923076923078,-0.4391709580720064,10.7825890120152,106.60897406058,3.0,0,0,-0.09639304316274322,0.0,0.0,0.0,0.0,1.0
3963,-0.7602813127840508,0.23076923076923078,-0.13659775324274978,10.7297396227084,106.63256410031,0.0,1,1,-0.3306552193971129,0.0,0.0,0.0,1.0,0.0
5848,3.1682190080154853,0.6923076923076923,-0.13659775324274978,10.7699455814915,106.694152062036,0.0,1,1,-0.9028346336956022,0.0,0.0,0.0,1.0,0.0
4179,-4.975394768886465,0.23076923076923078,2.9327121238363367,10.8106850634326,106.713148781566,3.0,0,0,-0.09639304316274322,0.0,0.0,0.0,1.0,0.0
4026,-1.5798158528105595,0.23076923076923078,-0.13659775324274978,10.7896416212446,106.702274760967,0.0,1,1,-1.265459390571404,0.0,0.0,0.0,0.0,1.0
4116,-1.2831292553680742,0.07692307692307693,-1.7072229052631471,10.7402904424503,106.735842361381,3.0,0,0,-1.265459390571404,0.0,0.0,0.0,0.0,1.0
988,-0.25832850878387886,0.23076923076923078,-0.4391709580720064,10.7915115583576,106.685627462072,2.0,0,1,-0.09639304316274322,0.0,0.0,0.0,1.0,0.0
4850,2.5498722332453445,0.07692307692307693,2.0502110105697895,10.865703143125,106.61399227262,3.0,0,0,-2.28145563852695,0.0,0.0,0.0,1.0,0.0
3453,0.08051705379647196,0.0,-1.2015945422910468,10.7595252435336,106.598920701575,2.0,0,0,-1.709276224228461,0.0,0.0,0.0,1.0,0.0
5750,0.4281357043022882,0.15384615384615385,-0.13659775324274978,10.80599,106.79,0.0,1,1,-0.09639304316274322,0.0,0.0,0.0,1.0,0.0
3778,-5.427827368367348,0.07692307692307693,0.1302907279796492,10.8219412576951,106.765586314147,3.0,0,1,0.9196032047928032,0.0,0.0,1.0,0.0,0.0
5282,1.5549406834532222,0.23076923076923078,-0.19396621282737184,10.386200554383231,106.9196651525138,3.0,0,0,-0.09639304316274322,0.0,1.0,0.0,1.0,0.0
3093,0.04445490123643577,0.23076923076923078,0.1302907279796492,10.7502041527716,106.614181847134,3.0,0,1,0.11316161425994499,0.0,0.0,0.0,1.0,0.0
3155,-0.35076329075821017,0.0,-1.2015945422910468,10.8415746738466,106.676593413102,2.0,0,0,-2.28145563852695,1.0,0.0,0.0,1.0,0.0
3201,-0.6108132359423499,0.15384615384615385,-0.4391709580720064,10.8948331773801,106.668473193324,0.0,1,0,-0.3306552193971129,0.0,0.0,1.0,0.0,0.0
5079,-0.04974733457061966,0.23076923076923078,-0.13659775324274978,10.38586,106.9199,0.0,1,1,-0.09639304316274322,0.0,1.0,0.0,1.0,0.0
1098,0.7887053628600965,0.23076923076923078,0.1302907279796492,10.7722306302582,106.616568658501,3.0,0,0,0.11316161425994499,0.0,0.0,1.0,0.0,0.0
5230,1.2814349619334375,0.23076923076923078,0.1302907279796492,10.7581933447568,106.680082733594,3.0,0,1,-0.09639304316274322,0.0,0.0,0.0,1.0,0.0
2844,-1.6356139825265459,0.23076923076923078,-1.7072229052631471,10.7543885109902,106.669894005455,3.0,0,0,0.4757863711357461,0.0,0.0,1.0,0.0,0.0
886,0.08051705379647196,0.07692307692307693,2.9327121238363367,10.7815219085264,106.625509780448,3.0,0,0,-1.265459390571404,0.0,0.0,0.0,1.0,0.0
6214,-0.9987122300435685,0.07692307692307693,-1.2015945422910468,10.8580404493092,106.744663600227,0.0,1,0,-1.265459390571404,0.0,0.0,0.0,1.0,0.0
4878,3.1922953720485885,0.15384615384615385,0.1302907279796492,10.8590902448622,106.757037069923,3.0,0,0,0.30272686033993124,0.0,0.0,0.0,1.0,0.0
515,1.1230242988994874,0.3076923076923077,0.1302907279796492,10.7824284781168,106.6089743714,3.0,0,0,2.6048190729938816,0.0,0.0,0.0,0.0,1.0
5811,0.8639894412629446,0.15384615384615385,-0.13659775324274978,10.7031626989418,106.713274847682,0.0,1,1,0.11316161425994499,0.0,0.0,1.0,0.0,0.0
1453,-0.37480406362233243,0.07692307692307693,-2.3590912406621465,10.7336554296923,106.701840885528,0.0,1,0,-0.9028346336956022,0.0,0.0,0.0,0.0,1.0
3553,0.09822355231529148,0.3076923076923077,2.9327121238363367,10.6781198380155,106.753036761951,3.0,0,0,0.11316161425994499,0.0,0.0,1.0,0.0,0.0
3609,0.1501051897940211,0.15384615384615385,0.963530485543728,10.6967639076102,106.740868299279,0.0,1,0,-0.09639304316274322,0.0,0.0,0.0,1.0,0.0
4665,-0.9622048207552769,0.07692307692307693,-0.4391709580720064,10.7846258750164,106.642076200564,3.0,0,0,-1.265459390571404,0.0,0.0,0.0,0.0,1.0
2506,0.4421497898439041,0.3076923076923077,0.5849971026224333,10.7346353880237,106.620471258557,3.0,0,0,0.30272686033993124,0.0,0.0,0.0,1.0,0.0
2994,-0.25832850878387886,0.3076923076923077,0.1302907279796492,10.7932035197394,106.687235569548,3.0,0,1,-0.09639304316274322,0.0,0.0,0.0,0.0,1.0
3999,-0.12968436710496703,0.23076923076923078,-0.4391709580720064,10.78220460060474,106.76052678220006,2.0,0,1,1.1685438955241836,0.0,0.0,0.0,1.0,0.0
906,-0.6395223895560433,0.3076923076923077,-0.7884660886417492,10.8061725187657,106.681273604298,0.0,1,0,1.3897638631431688,0.0,0.0,0.0,0.0,1.0
28,-0.6395223895560433,0.07692307692307693,-2.3590912406621465,10.7916770306623,106.674533397291,3.0,0,0,-1.265459390571404,0.0,0.0,1.0,0.0,0.0
2507,-0.6986692748486453,0.15384615384615385,-0.4391709580720064,10.7674961013403,106.686584656316,2.0,0,1,0.11316161425994499,1.0,0.0,0.0,1.0,0.0
2428,0.895116379479229,0.07692307692307693,2.0502110105697895,10.7546302266042,106.638287012637,3.0,0,0,-0.3306552193971129,0.0,0.0,1.0,0.0,0.0
762,-1.375564037342406,0.3076923076923077,-2.3590912406621465,10.8112595150708,106.701973603336,0.0,1,0,-0.3306552193971129,0.0,0.0,1.0,0.0,0.0
3747,-0.04974733457061966,0.23076923076923078,1.434027398777648,10.879043,106.55251,0.0,1,0,0.30272686033993124,0.0,1.0,0.0,1.0,0.0
284,1.0134575181046448,0.07692307692307693,-0.13659775324274978,10.8492283377508,106.692652008866,0.0,1,1,-0.9028346336956022,0.0,0.0,0.0,1.0,0.0
686,-0.7291543745677658,0.23076923076923078,0.1302907279796492,10.7966060272589,106.690946840189,3.0,0,1,-0.09639304316274322,0.0,0.0,0.0,1.0,0.0
2353,-0.04974733457061966,0.23076923076923078,-0.13659775324274978,10.8705211199426,106.628272951541,0.0,1,1,0.30272686033993124,0.0,0.0,0.0,1.0,0.0
5065,0.4421497898439041,0.07692307692307693,-0.4391709580720064,10.8357784158337,106.618999376057,3.0,0,0,0.11316161425994499,0.0,0.0,1.0,0.0,0.0
5407,-0.37480406362233243,0.23076923076923078,-0.13659775324274978,10.7645212861468,106.630336154585,0.0,1,1,1.0479657854342355,0.0,0.0,0.0,0.0,1.0
21,0.08051705379647196,0.23076923076923078,0.1302907279796492,10.8304119897913,106.63275312678,0.0,1,0,0.30272686033993124,0.0,0.0,0.0,1.0,0.0
2752,-0.08917566997524837,0.3076923076923077,-0.4391709580720064,10.8161127298748,106.695303113222,3.0,0,0,0.6349856886503463,0.0,0.0,0.0,0.0,1.0
885,0.3560006685276249,0.0,-1.7072229052631471,10.6777010480098,106.64983894676,3.0,0,0,-2.28145563852695,0.0,0.0,0.0,0.0,1.0
917,-0.7602813127840508,0.3076923076923077,-0.4391709580720064,10.761255506062,106.667126553165,2.0,0,1,1.2822279616686043,1.0,0.0,0.0,1.0,0.0
1040,-1.0745480811548156,0.07692307692307693,0.1302907279796492,10.854992293609,106.662421100555,3.0,0,1,-1.709276224228461,0.0,0.0,0.0,1.0,0.0
1265,0.3411414986789205,0.07692307692307693,0.1302907279796492,10.7929298565301,106.68372548809,3.0,0,1,-0.5962397703258719,0.0,0.0,1.0,0.0,0.0
4579,2.0335119525708834,0.23076923076923078,0.1302907279796492,10.7669944696526,106.70005250471,3.0,0,1,2.870403623922641,0.0,1.0,0.0,1.0,0.0
5447,3.537327195154454,0.23076923076923078,-0.13659775324274978,10.8556410173032,106.6557323386,0.0,1,1,1.3897638631431688,0.0,0.0,0.0,1.0,0.0
277,-0.6395223895560433,0.0,-0.13659775324274978,10.8441831504894,106.846211047555,0.0,1,1,-2.28145563852695,0.0,1.0,0.0,1.0,0.0
2084,2.1522187335760523,0.15384615384615385,3.566232722406522,10.7034696080379,106.70388582344,3.0,0,0,-1.265459390571404,0.0,0.0,0.0,1.0,0.0
1245,0.5235542914366881,0.0,-0.4391709580720064,10.7585829137108,106.653643231831,2.0,0,1,0.4757863711357461,0.0,0.0,0.0,1.0,0.0
2382,2.0191809038047714,0.15384615384615385,-0.13659775324274978,10.7906772825799,106.690868107905,0.0,1,1,4.548503457030362,0.0,0.0,0.0,1.0,0.0
571,-0.6986692748486453,0.23076923076923078,-0.4391709580720064,10.7831693493439,106.765743072615,0.0,1,0,-0.3306552193971129,0.0,0.0,0.0,1.0,0.0
1435,-0.011343228479551189,0.3076923076923077,0.1302907279796492,10.8495106445994,106.650767582551,3.0,0,0,-0.09639304316274322,0.0,0.0,1.0,0.0,0.0
3902,-0.3271071868061051,0.15384615384615385,-0.4391709580720064,10.7478513714724,106.716628446034,0.0,1,0,0.782381234505476,0.0,0.0,0.0,0.0,1.0
1247,-0.10929128578611225,0.23076923076923078,-0.7884660886417492,10.7997950849193,106.61478381604,2.0,0,0,0.11316161425994499,0.0,0.0,1.0,0.0,0.0
4681,2.460030698951859,0.23076923076923078,-0.13659775324274978,10.8066567737603,106.718910246976,0.0,1,1,3.709720833810584,0.0,0.0,0.0,1.0,0.0
3526,-0.9622048207552769,0.07692307692307693,-0.13659775324274978,10.7767090202741,106.651398531346,0.0,1,1,-1.265459390571404,0.0,0.0,1.0,0.0,0.0
2514,0.3411414986789205,0.15384615384615385,-0.4391709580720064,10.7712455079592,106.690614062947,2.0,0,1,0.30272686033993124,0.0,0.0,0.0,1.0,0.0
1007,-0.21419165043464608,0.23076923076923078,-1.2015945422910468,10.790698622809,106.689588900512,3.0,0,0,0.11316161425994499,0.0,0.0,0.0,1.0,0.0
4543,-1.3286243820305652,0.15384615384615385,-0.13659775324274978,10.7690387071326,106.681233781376,0.0,1,1,-0.3306552193971129,0.0,1.0,0.0,1.0,0.0
5452,-1.375564037342406,0.0,-0.4391709580720064,10.7846284170321,106.627258937321,3.0,0,0,-0.9028346336956022,0.0,0.0,0.0,1.0,0.0
2064,-0.6395223895560433,0.23076923076923078,-0.4391709580720064,10.6851375194021,106.750102018246,3.0,0,0,0.11316161425994499,0.0,0.0,0.0,0.0,1.0
4967,1.2971635672408903,0.15384615384615385,0.1302907279796492,10.8078874100385,106.68821702634,3.0,0,1,0.11316161425994499,0.0,1.0,0.0,1.0,0.0
1690,-0.12968436710496703,0.07692307692307693,0.1302907279796492,10.7777263775266,106.628889981094,3.0,0,0,-0.9028346336956022,1.0,0.0,0.0,1.0,0.0
5433,0.6378280961214066,0.23076923076923078,-0.4391709580720064,10.6843346934402,106.750219861947,2.0,0,0,0.6349856886503463,0.0,0.0,0.0,1.0,0.0
1985,0.2487067167045892,0.15384615384615385,0.1302907279796492,10.7580610049039,106.680323647459,2.0,0,0,0.4757863711357461,0.0,0.0,0.0,1.0,0.0
294,0.007491102083431382,0.23076923076923078,-0.4391709580720064,10.8089425385014,106.671195586733,3.0,0,0,1.0479657854342355,1.0,0.0,0.0,1.0,0.0
1547,-1.1961350497447065,0.07692307692307693,0.1302907279796492,10.7614759488713,106.692703446327,3.0,0,1,-0.5962397703258719,0.0,0.0,1.0,0.0,0.0
2012,-0.1926076911174569,0.3076923076923077,-0.13659775324274978,10.7864600291091,106.627895318435,0.0,1,1,0.6349856886503463,0.0,0.0,0.0,0.0,1.0
588,-0.5278863642596802,0.23076923076923078,-0.4391709580720064,10.737795366069,106.722671095696,2.0,0,0,-0.3306552193971129,0.0,0.0,0.0,1.0,0.0
3329,-0.12968436710496703,0.15384615384615385,0.1302907279796492,10.779566405972,106.66760077123,3.0,0,1,0.30272686033993124,0.0,0.0,0.0,1.0,0.0
2403,-0.6395223895560433,0.23076923076923078,-0.4391709580720064,10.8002898733012,106.724679251577,0.0,1,0,-0.09639304316274322,0.0,0.0,0.0,0.0,1.0
2129,-0.7291543745677658,0.4615384615384616,0.1302907279796492,10.7641963430773,106.666455746501,3.0,0,1,-0.09639304316274322,0.0,0.0,0.0,1.0,0.0
3998,-0.17133430316050988,0.23076923076923078,0.1302907279796492,10.7978016708688,106.695980002727,3.0,0,0,0.6349856886503463,0.0,0.0,1.0,0.0,0.0
5975,0.28016481741637705,0.3076923076923077,-0.13659775324274978,10.7986237594103,106.687679046811,0.0,1,1,0.30272686033993124,0.0,0.0,0.0,1.0,0.0
3741,0.1330128034148692,0.15384615384615385,2.0502110105697895,10.805953758511242,106.7901108151099,0.0,1,0,-0.09639304316274322,0.0,0.0,0.0,0.0,1.0
3508,-0.011343228479551189,0.07692307692307693,-1.7072229052631471,10.704900987945,106.734626542141,0.0,1,0,-0.9028346336956022,0.0,0.0,0.0,0.0,1.0
2719,-0.9987122300435685,0.07692307692307693,-1.2015945422910468,10.7142419860962,106.737043261528,0.0,1,0,-0.9028346336956022,0.0,0.0,1.0,0.0,0.0
4521,1.593850164683375,0.4615384615384616,-0.13659775324274978,10.7426328499709,106.710299111724,0.0,1,1,1.5888228250383352,0.0,1.0,0.0,1.0,0.0
6293,3.1027990705091764,0.0,0.5849971026224333,10.8541770763763,106.76254128264,3.0,0,0,-0.09639304316274322,0.0,0.0,0.0,0.0,1.0
5740,1.312726605208099,0.0,2.5341556375641257,10.8442878,106.7621573,3.0,0,0,0.30272686033993124,0.0,1.0,0.0,1.0,0.0
556,1.174905936378217,0.23076923076923078,1.5713987371125986,10.7786820279421,106.7518904484,0.0,1,0,0.30272686033993124,0.0,0.0,0.0,1.0,0.0
2469,-1.4741655642529736,0.23076923076923078,0.1302907279796492,10.8385055663815,106.669789948163,3.0,0,1,-0.3306552193971129,0.0,0.0,0.0,1.0,0.0
3738,1.487725701986062,0.23076923076923078,-0.13659775324274978,10.834583950432442,106.66869349740588,0.0,1,1,0.4757863711357461,0.0,0.0,1.0,0.0,0.0
4286,-0.6395223895560433,0.07692307692307693,-1.7072229052631471,10.8481782656575,106.648085744465,2.0,0,0,-0.9028346336956022,0.0,0.0,1.0,0.0,0.0
5183,1.0601009748869976,0.0,-1.2015945422910468,10.7930748843488,106.730227433145,0.0,1,0,-1.265459390571404,0.0,0.0,0.0,1.0,0.0
1716,0.04445490123643577,0.15384615384615385,1.287787426350749,10.7450143424706,106.610552148378,3.0,0,0,-0.3306552193971129,0.0,0.0,1.0,0.0,0.0
2604,-0.8577985162466776,0.07692307692307693,-0.13659775324274978,10.7476410541806,106.716111687746,0.0,1,1,-1.265459390571404,0.0,0.0,0.0,0.0,1.0
5194,0.16700223033751904,0.15384615384615385,-0.13659775324274978,10.8459350935297,106.664388859427,0.0,1,1,0.30272686033993124,0.0,1.0,0.0,1.0,0.0
1704,-0.9622048207552769,0.07692307692307693,-0.13659775324274978,10.7475382083863,106.685458098481,0.0,1,1,-0.9028346336956022,0.0,0.0,1.0,0.0,0.0
2139,-0.7602813127840508,0.23076923076923078,-0.4391709580720064,10.785943432097,106.677676063179,2.0,0,0,-0.09639304316274322,0.0,0.0,0.0,0.0,1.0
3239,-1.7539551211519617,0.23076923076923078,-1.7072229052631471,10.7940971306111,106.680815506046,3.0,0,0,-0.9028346336956022,0.0,0.0,0.0,0.0,1.0
2383,-0.6108132359423499,0.3076923076923077,-0.13659775324274978,10.8778440825016,106.67296307516,0.0,1,0,0.11316161425994499,0.0,0.0,0.0,0.0,1.0
4311,0.7887053628600965,0.23076923076923078,-0.13659775324274978,10.8565488642083,106.620765347236,0.0,1,1,2.487789455704138,0.0,1.0,0.0,1.0,0.0
1285,-0.4240911260771986,0.3076923076923077,2.0502110105697895,10.7698185270035,106.613088846035,2.0,0,0,0.4757863711357461,0.0,0.0,0.0,0.0,1.0
5359,-0.6395223895560433,0.07692307692307693,-0.13659775324274978,10.8015029215836,106.821870514023,0.0,1,1,-0.5962397703258719,0.0,0.0,0.0,1.0,0.0
5624,-0.5278863642596802,0.07692307692307693,-0.7884660886417492,10.875746840530889,106.77634550258516,2.0,0,0,-1.265459390571404,0.0,0.0,1.0,0.0,0.0
3930,-0.37480406362233243,0.23076923076923078,-0.7884660886417492,10.7969780779566,106.712959285184,2.0,0,0,0.782381234505476,0.0,0.0,0.0,0.0,1.0
4756,1.1833785954106828,0.4615384615384616,-0.7884660886417492,10.7984553139828,106.688688658332,0.0,1,0,3.1046658001570098,0.0,0.0,0.0,0.0,1.0
1591,-0.21419165043464608,0.0,-1.7072229052631471,10.8254928835402,106.68448185679,3.0,0,0,0.11316161425994499,0.0,0.0,0.0,1.0,0.0
6112,1.3881753703228958,0.07692307692307693,-0.7884660886417492,10.8058182149279,106.711661649816,2.0,0,0,1.2822279616686043,0.0,0.0,1.0,0.0,0.0
2162,1.487725701986062,0.4615384615384616,-0.4391709580720064,10.7718344929303,106.66944456833,2.0,0,1,0.9196032047928032,0.0,0.0,1.0,0.0,0.0
2396,-0.9622048207552769,0.23076923076923078,2.0502110105697895,10.7614363518719,106.689892200637,3.0,0,0,-0.9028346336956022,0.0,0.0,0.0,1.0,0.0
317,-0.6108132359423499,0.07692307692307693,-0.7884660886417492,10.8271026973057,106.625605358228,2.0,0,0,-1.265459390571404,0.0,0.0,0.0,1.0,0.0
5650,-0.7920776985802562,0.07692307692307693,-1.2015945422910468,10.7918828806745,106.671371427864,0.0,1,0,-1.265459390571404,0.0,0.0,0.0,1.0,0.0
3111,-1.0361439750637471,0.07692307692307693,0.1302907279796492,10.791883916468,106.691579610048,3.0,0,1,-0.9028346336956022,0.0,0.0,0.0,0.0,1.0
5035,-0.37480406362233243,0.23076923076923078,-0.13659775324274978,10.8806308161916,106.650872550185,0.0,1,1,0.11316161425994499,0.0,0.0,0.0,0.0,1.0
4036,-0.8245729617021663,0.23076923076923078,-0.7884660886417492,10.7919155936378,106.691530180048,3.0,0,0,1.2822279616686043,0.0,0.0,0.0,0.0,1.0
795,1.6928645581017916,0.15384615384615385,-0.13659775324274978,10.8140714139942,106.689839227449,0.0,1,1,2.547164900355532,0.0,0.0,0.0,1.0,0.0
3020,-1.5260472017317033,0.07692307692307693,-1.2015945422910468,10.7591696156918,106.687569916768,2.0,0,0,-1.265459390571404,0.0,0.0,1.0,0.0,0.0
1711,-0.4750780736920162,0.23076923076923078,-0.4391709580720064,10.7977190771861,106.695892703964,2.0,0,0,0.11316161425994499,0.0,0.0,0.0,0.0,1.0
3387,0.11572050155235063,0.3076923076923077,-0.13659775324274978,21.0289486097874,105.852447225903,0.0,1,1,0.30272686033993124,0.0,0.0,0.0,1.0,0.0
36,0.04445490123643577,0.23076923076923078,0.1302907279796492,10.7867677424137,106.627991761447,2.0,0,0,0.30272686033993124,0.0,0.0,0.0,0.0,1.0
4549,0.3707119834879608,0.15384615384615385,2.0502110105697895,10.7984605779283,106.738840878132,3.0,0,0,0.11316161425994499,0.0,0.0,0.0,0.0,1.0
913,0.385278357028152,0.15384615384615385,0.1302907279796492,10.8119406258318,106.692484590842,3.0,0,1,0.11316161425994499,0.0,0.0,0.0,1.0,0.0
3972,-0.25832850878387886,0.38461538461538464,1.287787426350749,10.7936229261934,106.687474017135,3.0,0,0,-0.09639304316274322,0.0,0.0,0.0,0.0,1.0
4133,-1.2389923970188421,0.15384615384615385,-0.13659775324274978,10.7385032938353,106.636991923133,0.0,1,0,-0.9028346336956022,0.0,0.0,0.0,0.0,1.0
974,0.1330128034148692,0.23076923076923078,0.1302907279796492,10.7785366495983,106.680455643266,3.0,0,1,0.9196032047928032,0.0,0.0,0.0,0.0,1.0
983,-0.3038236354463698,0.15384615384615385,-0.4391709580720064,10.7818917498311,106.674511049679,0.0,1,0,0.30272686033993124,0.0,0.0,0.0,1.0,0.0
5139,-0.6688000780565717,0.15384615384615385,-1.7072229052631471,10.7982349252277,106.68839955831,0.0,1,0,0.11316161425994499,0.0,0.0,0.0,0.0,1.0
1418,0.3997026173414371,0.15384615384615385,2.0502110105697895,10.8051155871056,106.790107450681,0.0,1,0,-0.5962397703258719,0.0,0.0,0.0,0.0,1.0
1560,-1.424042969164965,0.3076923076923077,-0.4391709580720064,10.7939807703869,106.680712368654,0.0,1,0,0.11316161425994499,0.0,0.0,1.0,0.0,0.0
4135,-2.353425128614761,0.07692307692307693,-3.2778480572835442,10.7573670058088,106.688927481486,0.0,1,0,-2.28145563852695,0.0,0.0,0.0,1.0,0.0
5018,0.04445490123643577,0.15384615384615385,1.287787426350749,10.69898,106.6419,0.0,1,0,-0.5962397703258719,0.0,0.0,0.0,0.0,1.0
4265,-1.3286243820305652,0.15384615384615385,0.1302907279796492,10.8304811093143,106.633136442433,3.0,0,1,0.11316161425994499,0.0,0.0,1.0,0.0,0.0
1355,0.04445490123643577,0.23076923076923078,0.1302907279796492,10.8000280460014,106.650704397356,0.0,1,0,0.11316161425994499,0.0,1.0,0.0,0.0,1.0
5973,-0.10929128578611225,0.15384615384615385,-0.4391709580720064,10.7847006919914,106.642228328044,2.0,0,1,0.11316161425994499,0.0,1.0,0.0,1.0,0.0
987,1.8190125402227213,0.23076923076923078,1.1314541939483909,10.84488,106.7182,3.0,0,0,0.30272686033993124,0.0,0.0,1.0,0.0,0.0
2682,-0.15036267557913827,0.07692307692307693,-0.4391709580720064,10.8050414977965,106.688429068583,2.0,0,1,-0.09639304316274322,0.0,0.0,0.0,1.0,0.0
1640,-0.4750780736920162,0.15384615384615385,-0.4391709580720064,10.8639769537612,106.625568652919,3.0,0,0,-0.3306552193971129,0.0,0.0,0.0,1.0,0.0
1290,-0.10929128578611225,0.07692307692307693,0.1302907279796492,10.8895857487725,106.684078694226,3.0,0,0,-0.5962397703258719,0.0,0.0,0.0,0.0,1.0
3681,1.3584562801307782,0.07692307692307693,0.5849971026224333,10.8907238688944,106.73158429563,3.0,0,0,-1.709276224228461,0.0,0.0,0.0,1.0,0.0
1380,-0.4240911260771986,0.23076923076923078,0.1302907279796492,10.8062059100326,106.697707704675,3.0,0,1,0.11316161425994499,0.0,0.0,0.0,0.0,1.0
1933,1.0783539839487635,0.38461538461538464,-0.13659775324274978,10.7956562282299,106.706852056258,0.0,1,0,2.9674438298696835,0.0,0.0,0.0,1.0,0.0
4675,0.06259592582891907,0.15384615384615385,-0.7884660886417492,10.7937045150144,106.642317714051,3.0,0,0,-0.09639304316274322,0.0,0.0,0.0,0.0,1.0
5298,-0.5826509567402912,0.07692307692307693,-0.7884660886417492,10.8867504896105,106.724195451376,3.0,0,0,-1.265459390571404,0.0,0.0,0.0,1.0,0.0
3160,0.48341223409930084,0.23076923076923078,-0.13659775324274978,10.7980232642683,106.732933501691,0.0,1,1,0.6349856886503463,1.0,0.0,0.0,1.0,0.0
2030,1.1317986567300606,0.0,0.1302907279796492,10.9614342355869,106.59162866933,3.0,0,0,-0.3306552193971129,0.0,0.0,0.0,1.0,0.0
892,-0.08917566997524837,0.15384615384615385,0.1302907279796492,10.7829706417367,106.755661414168,3.0,0,1,-0.5962397703258719,0.0,0.0,0.0,1.0,0.0
4069,-0.28090108395535385,0.15384615384615385,-0.4391709580720064,10.7994001239626,106.693785840598,0.0,1,0,-0.5962397703258719,0.0,0.0,0.0,0.0,1.0
4255,-0.10929128578611225,0.3076923076923077,0.1302907279796492,10.7696841256893,106.613179342945,0.0,1,0,-0.09639304316274322,0.0,0.0,0.0,1.0,0.0
2,1.0134575181046448,0.07692307692307693,-0.13659775324274978,10.385859,106.91994,0.0,1,1,-0.5962397703258719,0.0,1.0,0.0,1.0,0.0
2109,0.8106090961495499,0.0,-0.4391709580720064,10.7918399583431,106.71567197099,2.0,0,0,-0.3306552193971129,0.0,0.0,1.0,0.0,0.0
849,-0.37480406362233243,0.15384615384615385,0.1302907279796492,10.7969124535371,106.807832531022,3.0,0,1,-0.3306552193971129,0.0,0.0,1.0,0.0,0.0
2737,-0.6395223895560433,0.3076923076923077,-0.13659775324274978,10.8515784263872,106.658899413743,0.0,1,1,-0.09639304316274322,0.0,0.0,0.0,0.0,1.0
2466,-1.154485113689163,0.15384615384615385,-1.2015945422910468,10.766452216922,106.664790663163,0.0,1,0,-0.9028346336956022,0.0,0.0,0.0,1.0,0.0
1914,2.816073730968709,0.15384615384615385,2.0502110105697895,10.8059921264648,106.790031433105,0.0,1,0,0.6349856886503463,0.0,0.0,0.0,1.0,0.0
1596,0.16700223033751904,0.15384615384615385,0.1302907279796492,10.7802351805258,106.760050412267,3.0,0,0,-0.5962397703258719,0.0,0.0,1.0,0.0,0.0
1913,-0.5278863642596802,0.23076923076923078,-0.4391709580720064,10.7781760788485,106.64324792102,0.0,1,0,-0.09639304316274322,0.0,0.0,0.0,0.0,1.0
5932,0.7093811696941079,0.23076923076923078,2.0502110105697895,10.714368567458928,106.73558935314932,0.0,1,0,0.11316161425994499,0.0,0.0,1.0,0.0,0.0
2736,-0.6108132359423499,0.23076923076923078,0.1302907279796492,10.8501897861235,106.694991136275,0.0,1,0,-0.09639304316274322,0.0,0.0,1.0,0.0,0.0
726,-1.375564037342406,0.23076923076923078,-1.7072229052631471,10.8059819055539,106.697077748969,0.0,1,0,-0.3306552193971129,0.0,0.0,0.0,0.0,1.0
53,-0.6986692748486453,0.23076923076923078,0.5849971026224333,10.7442359254799,106.733086132924,3.0,0,0,-0.09639304316274322,0.0,0.0,1.0,0.0,0.0
1796,-0.35076329075821017,0.15384615384615385,0.1302907279796492,10.7265707794696,106.733483078702,2.0,0,0,-0.09639304316274322,0.0,0.0,0.0,0.0,1.0
3845,0.3707119834879608,0.15384615384615385,-0.13659775324274978,21.02894860978742,105.85244722590336,0.0,1,1,-0.3306552193971129,0.0,0.0,0.0,1.0,0.0
2553,0.385278357028152,0.3076923076923077,-0.4391709580720064,10.7745228011044,106.664377913177,2.0,0,0,0.782381234505476,0.0,0.0,0.0,1.0,0.0
2800,1.6129275255674442,0.07692307692307693,0.1302907279796492,10.831777315602,106.729617437822,3.0,0,1,-0.5962397703258719,0.0,0.0,0.0,1.0,0.0
936,-1.375564037342406,0.3076923076923077,-0.7884660886417492,10.8070210871685,106.694780963707,3.0,0,0,-0.5962397703258719,1.0,0.0,0.0,1.0,0.0
5192,-0.6395223895560433,0.07692307692307693,-1.2015945422910468,10.7957671020521,106.621975942001,2.0,0,0,-1.709276224228461,0.0,0.0,0.0,1.0,0.0
824,-0.6108132359423499,0.07692307692307693,-1.7072229052631471,10.8480432674329,106.648124791894,0.0,1,0,-0.9028346336956022,0.0,0.0,0.0,0.0,1.0
4321,-1.375564037342406,0.07692307692307693,-2.3590912406621465,10.8299077224864,106.67092622708,0.0,1,0,-1.265459390571404,0.0,0.0,0.0,0.0,1.0
3401,-0.5826509567402912,0.07692307692307693,-1.2015945422910468,10.8475759095338,106.84017466167,0.0,1,0,-0.9028346336956022,0.0,0.0,0.0,1.0,0.0
1389,-0.011343228479551189,0.3076923076923077,0.1302907279796492,10.8075777143799,106.702696028999,3.0,0,1,0.11316161425994499,0.0,0.0,0.0,0.0,1.0
3564,0.3411414986789205,0.23076923076923078,-0.13659775324274978,10.6512105882001,106.72997822492,0.0,1,0,0.4757863711357461,0.0,0.0,0.0,0.0,1.0
884,-0.4240911260771986,0.23076923076923078,-0.7884660886417492,10.8135595374425,106.68978590508,0.0,1,0,-0.09639304316274322,0.0,0.0,0.0,0.0,1.0
1868,-0.28090108395535385,0.3076923076923077,-0.4391709580720064,10.878662147295,106.651645508832,0.0,1,0,0.11316161425994499,0.0,0.0,0.0,0.0,1.0
10,-0.4493648176687783,0.07692307692307693,0.1302907279796492,10.7829756738271,106.624330622503,3.0,0,0,-0.5962397703258719,0.0,0.0,1.0,0.0,0.0
3415,0.28016481741637705,0.07692307692307693,0.1302907279796492,10.7082457152252,106.621362637119,3.0,0,1,-0.9028346336956022,0.0,0.0,0.0,0.0,1.0
1463,-2.448843715749161,0.07692307692307693,-0.7884660886417492,10.7646146997248,106.61888098219,0.0,1,0,-1.265459390571404,0.0,0.0,1.0,0.0,0.0
806,-1.8825992628308728,0.23076923076923078,-1.7072229052631471,10.8481425230843,106.642339837362,0.0,1,0,-0.3306552193971129,0.0,0.0,0.0,0.0,1.0
5132,-0.28090108395535385,0.38461538461538464,2.0502110105697895,10.73245,106.6209,3.0,0,0,0.11316161425994499,0.0,1.0,1.0,0.0,0.0
4945,1.7968626884150967,0.15384615384615385,0.963530485543728,21.02894860978742,105.85244722590336,0.0,1,0,0.30272686033993124,0.0,0.0,0.0,1.0,0.0
4068,1.1405212481365465,0.0,-0.4391709580720064,11.0159637091837,106.427824486395,3.0,0,0,-1.709276224228461,0.0,0.0,0.0,1.0,0.0
2108,-0.3271071868061051,0.07692307692307693,-0.13659775324274978,10.861891860055,106.765222884715,0.0,1,1,-0.5962397703258719,0.0,0.0,0.0,1.0,0.0
5316,-1.375564037342406,0.07692307692307693,-0.13659775324274978,10.8559318865713,106.750000946127,0.0,1,1,-1.265459390571404,0.0,1.0,0.0,1.0,0.0
6243,-0.3038236354463698,0.15384615384615385,-0.4391709580720064,10.8194563115793,106.70239742241,2.0,0,0,-0.5962397703258719,0.0,0.0,0.0,0.0,1.0
2234,-0.6108132359423499,0.07692307692307693,-0.13659775324274978,10.8559873057635,106.736922617964,0.0,1,1,-0.09639304316274322,0.0,0.0,0.0,0.0,1.0
963,0.4139875106418454,0.0,0.5849971026224333,10.6511711809364,106.729807651456,0.0,1,0,-1.265459390571404,0.0,0.0,0.0,0.0,1.0
4494,1.5614971241535625,0.23076923076923078,2.0502110105697895,10.78411,106.7037,0.0,1,0,0.6349856886503463,0.0,0.0,0.0,0.0,0.0
2632,-0.1926076911174569,0.23076923076923078,-1.2015945422910468,10.8611333519268,106.685443332589,2.0,0,0,-0.3306552193971129,0.0,0.0,0.0,0.0,1.0
704,-0.8577985162466776,0.07692307692307693,-0.13659775324274978,10.808163051304,106.702788992484,0.0,1,1,-0.5962397703258719,0.0,0.0,0.0,0.0,1.0
431,-2.179285860273359,0.0,-0.7884660886417492,10.7652289518452,106.694693411091,3.0,0,0,-0.5962397703258719,0.0,0.0,0.0,1.0,0.0
4388,1.7283496603720232,0.23076923076923078,-0.13659775324274978,10.8165304339539,106.77890362094,0.0,1,1,-0.09639304316274322,0.0,0.0,0.0,0.0,1.0
145,-0.15036267557913827,0.38461538461538464,-1.2015945422910468,10.7512722525099,106.728796323154,0.0,1,0,1.2822279616686043,0.0,0.0,0.0,0.0,1.0
2033,-0.6395223895560433,0.23076923076923078,-0.13659775324274978,10.7713804390945,106.5865288989,0.0,1,1,0.30272686033993124,0.0,0.0,0.0,1.0,0.0
5283,-0.15036267557913827,0.15384615384615385,-0.4391709580720064,10.8412954651884,106.725458588085,2.0,0,1,-0.5962397703258719,0.0,0.0,0.0,1.0,0.0
1165,-0.4750780736920162,0.23076923076923078,0.1302907279796492,10.8658477670078,106.614738724984,0.0,1,0,0.11316161425994499,0.0,0.0,0.0,1.0,0.0
3500,-0.9622048207552769,0.07692307692307693,-1.7072229052631471,10.7315799085739,106.731744646077,0.0,1,0,-0.9028346336956022,0.0,0.0,0.0,0.0,1.0
2050,-0.5278863642596802,0.07692307692307693,-0.4391709580720064,10.7584100475562,106.612412443057,2.0,0,1,-1.265459390571404,0.0,0.0,0.0,0.0,1.0
3760,0.5754359289154177,0.23076923076923078,1.434027398777648,10.806187,106.76898,0.0,1,0,-0.3306552193971129,0.0,0.0,0.0,1.0,0.0
2624,-0.6108132359423499,0.23076923076923078,-0.13659775324274978,10.7570960165267,106.585816203006,2.0,0,0,0.4757863711357461,0.0,0.0,0.0,0.0,0.0
4484,-0.5826509567402912,0.23076923076923078,-0.13659775324274978,10.799978842564638,106.5927454456687,2.0,0,0,0.11316161425994499,0.0,0.0,0.0,0.0,1.0
4435,-0.9622048207552769,0.15384615384615385,-0.4391709580720064,10.8129824803779,106.709172661833,2.0,0,0,-0.9028346336956022,0.0,0.0,0.0,0.0,1.0
5013,0.9943801572205769,0.15384615384615385,-0.13659775324274978,10.8433222706662,106.709313572448,0.0,1,1,1.6813478651712797,0.0,1.0,0.0,1.0,0.0
6179,-0.08917566997524837,0.07692307692307693,-0.4391709580720064,10.800865557696056,106.61806427046504,0.0,1,0,-0.5962397703258719,0.0,0.0,0.0,1.0,0.0
4361,0.6976935597780909,0.07692307692307693,0.1302907279796492,10.787431732534843,106.64487987756728,3.0,0,1,-0.09639304316274322,0.0,1.0,0.0,1.0,0.0
2424,-0.5012464551475065,0.3076923076923077,0.1302907279796492,10.802254577988,106.719320468552,2.0,0,0,0.4757863711357461,0.0,0.0,0.0,1.0,0.0
1262,0.3997026173414371,0.15384615384615385,2.0502110105697895,10.8059831975772,106.790085665413,0.0,1,0,-0.09639304316274322,0.0,0.0,1.0,0.0,0.0
1771,0.6859128205146215,0.3076923076923077,0.1302907279796492,10.8058928377042,106.668181854999,3.0,0,0,0.6349856886503463,0.0,0.0,0.0,0.0,1.0
3511,-0.5012464551475065,0.23076923076923078,-0.4391709580720064,10.8059023375092,106.605129527645,2.0,0,1,0.30272686033993124,0.0,0.0,1.0,0.0,0.0
271,-1.1961350497447065,0.15384615384615385,0.5849971026224333,10.7617518132311,106.692265560268,3.0,0,0,-0.5962397703258719,0.0,0.0,0.0,0.0,1.0
4792,-0.5826509567402912,0.23076923076923078,-0.7884660886417492,10.7827109556591,106.626276852991,2.0,0,0,-0.09639304316274322,0.0,0.0,1.0,0.0,0.0
6271,2.22915096957625,0.4615384615384616,0.1302907279796492,10.7954396662009,106.690389157732,3.0,0,1,2.2307964070632096,0.0,0.0,0.0,1.0,0.0
244,0.3707119834879608,0.15384615384615385,2.0502110105697895,10.7432314181326,106.611142180326,3.0,0,0,0.11316161425994499,0.0,0.0,1.0,0.0,0.0
6109,0.04445490123643577,0.07692307692307693,-1.7072229052631471,10.8131032238316,106.696819054825,3.0,0,0,0.6349856886503463,0.0,0.0,1.0,0.0,0.0
4572,0.08051705379647196,0.15384615384615385,-0.13659775324274978,10.7835444053647,106.771283759414,0.0,1,1,0.11316161425994499,0.0,0.0,0.0,1.0,0.0
2032,-0.6395223895560433,0.07692307692307693,0.3690306097293516,10.6925218619269,106.740792437317,3.0,0,0,-1.265459390571404,0.0,0.0,1.0,0.0,0.0
5138,0.3707119834879608,0.07692307692307693,-0.13659775324274978,10.766565793578,106.626952233498,2.0,0,0,0.11316161425994499,0.0,0.0,0.0,0.0,1.0
813,1.6626288427056026,0.3076923076923077,0.1302907279796492,10.7915832968069,106.691599294254,3.0,0,1,3.0142443347171786,0.0,0.0,0.0,1.0,0.0
3810,-0.3038236354463698,0.23076923076923078,0.963530485543728,10.8300140004831,106.702755257732,0.0,1,0,0.11316161425994499,0.0,0.0,0.0,0.0,1.0
5112,-0.4750780736920162,0.15384615384615385,-0.13659775324274978,10.8036545232879,106.685101790571,0.0,1,1,-0.09639304316274322,0.0,0.0,0.0,0.0,1.0
1804,-0.5012464551475065,0.07692307692307693,-0.4391709580720064,10.8656041729963,106.67051890729,2.0,0,0,-0.9028346336956022,1.0,0.0,0.0,1.0,0.0
5346,-0.04974733457061966,0.15384615384615385,-0.13659775324274978,10.796965726471,106.664737127814,0.0,1,1,-0.3306552193971129,0.0,1.0,0.0,1.0,0.0
4346,-1.5798158528105595,0.15384615384615385,3.566232722406522,10.7503038126564,106.723352786493,3.0,0,0,-1.265459390571404,0.0,0.0,0.0,1.0,0.0
2461,-0.4493648176687783,0.23076923076923078,0.963530485543728,10.8323506601725,106.661320539059,0.0,1,0,0.11316161425994499,0.0,0.0,0.0,1.0,0.0
545,-0.4750780736920162,0.15384615384615385,-0.4391709580720064,10.8155224032266,106.831130590698,2.0,0,0,-0.3306552193971129,0.0,0.0,0.0,1.0,0.0
3241,-0.12968436710496703,0.07692307692307693,-1.2015945422910468,10.7827818841461,106.626519411002,0.0,1,0,-1.265459390571404,0.0,0.0,1.0,0.0,0.0
738,-0.9622048207552769,0.4615384615384616,2.0502110105697895,10.7656012539612,106.673022375389,3.0,0,0,-0.3306552193971129,0.0,0.0,0.0,1.0,0.0
310,-0.03042058936361902,0.23076923076923078,0.1302907279796492,10.8648936314362,106.63400583575,2.0,0,0,0.11316161425994499,0.0,0.0,0.0,1.0,0.0
3521,-0.9265771942689038,0.15384615384615385,0.1302907279796492,10.76008016697,106.694935147537,3.0,0,1,-0.09639304316274322,0.0,0.0,0.0,0.0,1.0
1131,-0.5278863642596802,0.0,-0.13659775324274978,10.8559300511256,106.679926291108,0.0,1,1,-0.9028346336956022,0.0,0.0,0.0,1.0,0.0
6202,-1.2389923970188421,0.15384615384615385,-0.13659775324274978,10.7796642766682,106.629025448887,0.0,1,1,-0.5962397703258719,0.0,0.0,0.0,0.0,1.0
4111,0.8214404629449784,0.23076923076923078,-0.13659775324274978,10.845620455504,106.717714560847,0.0,1,1,1.1685438955241836,0.0,0.0,0.0,0.0,1.0
2769,0.007491102083431382,0.07692307692307693,-2.3590912406621465,10.7558537698823,106.70566170917,3.0,0,0,-0.09639304316274322,0.0,0.0,0.0,0.0,1.0
920,-1.1961350497447065,0.15384615384615385,0.1302907279796492,10.7610420404342,106.692277710554,3.0,0,1,-0.9028346336956022,0.0,0.0,1.0,0.0,0.0
3587,-0.35076329075821017,0.23076923076923078,-0.4391709580720064,10.8407403770104,106.731293784378,2.0,0,1,0.11316161425994499,0.0,0.0,0.0,1.0,0.0
3959,0.21656469094070732,0.3076923076923077,0.1302907279796492,21.02894860978742,105.85244722590336,3.0,0,0,0.4757863711357461,0.0,0.0,1.0,0.0,0.0
38,0.7438996626288421,0.15384615384615385,-0.4391709580720064,10.6752725475049,106.698429932432,3.0,0,0,-0.09639304316274322,0.0,0.0,0.0,0.0,1.0
4459,0.6378280961214066,0.23076923076923078,0.1302907279796492,10.8068283492527,106.694950921907,3.0,0,1,0.9196032047928032,0.0,0.0,0.0,1.0,0.0
4278,-0.37480406362233243,0.07692307692307693,-0.13659775324274978,10.7606167493519,106.691133269284,0.0,1,1,-0.5962397703258719,0.0,0.0,1.0,0.0,0.0
2983,-0.04974733457061966,0.23076923076923078,-1.2015945422910468,10.7758779051954,106.638046277148,2.0,0,0,-0.09639304316274322,0.0,0.0,0.0,0.0,1.0
6283,-0.069330070593773,0.15384615384615385,0.1302907279796492,10.7918571099957,106.650724056911,3.0,0,1,0.30272686033993124,0.0,0.0,0.0,1.0,0.0
2667,-2.263793143603038,0.23076923076923078,-1.7072229052631471,10.7835997379164,106.678705939755,3.0,0,0,-0.5962397703258719,0.0,0.0,0.0,0.0,1.0
3223,0.29564637201642957,0.23076923076923078,2.0502110105697895,21.0289486097874,105.852447225903,3.0,0,0,0.30272686033993124,0.0,0.0,0.0,1.0,0.0
1182,-0.37480406362233243,0.07692307692307693,-1.7072229052631471,10.8382376208111,106.636281806307,0.0,1,0,-0.9028346336956022,0.0,0.0,0.0,0.0,1.0
614,-0.5012464551475065,0.23076923076923078,0.1302907279796492,10.8075851706239,106.703234276064,3.0,0,1,-0.09639304316274322,0.0,0.0,0.0,0.0,1.0
6184,1.3881753703228958,0.23076923076923078,0.1302907279796492,10.7468325079042,106.60690589281,3.0,0,1,0.11316161425994499,0.0,0.0,0.0,0.0,1.0
1466,-1.2389923970188421,0.07692307692307693,-0.13659775324274978,10.7767485199197,106.61925280669,2.0,0,0,-1.265459390571404,0.0,0.0,0.0,1.0,0.0
4497,-0.15036267557913827,0.15384615384615385,-0.13659775324274978,10.879075987083516,106.55274863414452,0.0,1,1,-0.09639304316274322,0.0,1.0,0.0,1.0,0.0
3042,-0.21419165043464608,0.23076923076923078,0.1302907279796492,10.6848324827652,106.750185179609,3.0,0,0,0.11316161425994499,0.0,0.0,0.0,0.0,1.0
934,-0.3271071868061051,0.23076923076923078,-0.13659775324274978,10.771074714151,106.690686748625,0.0,1,1,0.11316161425994499,0.0,0.0,0.0,1.0,0.0
2419,0.2487067167045892,0.15384615384615385,0.1302907279796492,10.8181885445103,106.678725138796,0.0,1,0,-0.09639304316274322,0.0,0.0,1.0,0.0,0.0
5681,-0.21419165043464608,0.15384615384615385,-2.3590912406621465,10.7553169421334,106.703216363043,0.0,1,0,-0.9028346336956022,0.0,0.0,0.0,0.0,1.0
5100,-0.2360953837240995,0.15384615384615385,-0.13659775324274978,10.8181792383854,106.722229537805,0.0,1,1,-1.265459390571404,0.0,0.0,0.0,0.0,1.0
4822,-0.7920776985802562,0.07692307692307693,-0.4391709580720064,10.808087581157,106.70308188021,2.0,0,1,-0.9028346336956022,0.0,1.0,0.0,1.0,0.0
826,-2.7787558677361575,0.15384615384615385,-2.3590912406621465,10.794316623063,106.690002716718,3.0,0,0,-1.265459390571404,0.0,0.0,0.0,0.0,1.0
1521,-0.6395223895560433,0.15384615384615385,-0.7884660886417492,10.8379423504942,106.636646586768,3.0,0,0,-0.3306552193971129,0.0,0.0,0.0,1.0,0.0
2930,0.7093811696941079,0.3076923076923077,-0.13659775324274978,10.83619200286734,106.84325589554368,0.0,1,1,0.11316161425994499,0.0,0.0,0.0,1.0,0.0
4232,-1.2831292553680742,0.15384615384615385,-2.3590912406621465,10.7929038359662,106.711479420941,1.0,0,0,-0.3306552193971129,0.0,0.0,0.0,0.0,1.0
628,-0.9265771942689038,0.07692307692307693,-2.3590912406621465,10.7515415758407,106.728221501206,2.0,0,0,-0.9028346336956022,0.0,0.0,1.0,0.0,0.0
4430,-0.28090108395535385,0.23076923076923078,-0.4391709580720064,10.8058524328386,106.622476534522,0.0,1,0,0.11316161425994499,0.0,0.0,0.0,1.0,0.0
3853,0.3707119834879608,0.15384615384615385,-0.13659775324274978,10.805065797328355,106.79116170846872,0.0,1,1,-0.09639304316274322,0.0,0.0,1.0,0.0,0.0
390,-0.3038236354463698,0.15384615384615385,0.963530485543728,10.8181878502582,106.692898232674,0.0,1,0,-0.5962397703258719,0.0,0.0,0.0,1.0,0.0
4345,1.5082129806834967,0.0,2.9327121238363367,10.750991564682,106.728643383841,3.0,0,0,-2.28145563852695,0.0,0.0,0.0,1.0,0.0
6141,-0.4750780736920162,0.15384615384615385,-1.2015945422910468,10.72658306278585,106.59065080806612,0.0,1,0,-0.3306552193971129,0.0,0.0,0.0,1.0,0.0
400,-0.37480406362233243,0.15384615384615385,-0.13659775324274978,10.7886693818387,106.661446720879,0.0,1,0,-0.5962397703258719,0.0,0.0,0.0,1.0,0.0
4806,-0.5826509567402912,0.3076923076923077,-1.2015945422910468,10.7601894270013,106.707231402267,0.0,1,0,0.30272686033993124,0.0,0.0,1.0,0.0,0.0
5085,0.8214404629449784,0.23076923076923078,-0.4391709580720064,10.7924005896029,106.643168976828,3.0,0,0,0.6349856886503463,0.0,0.0,0.0,1.0,0.0
3359,1.3204471186006255,0.07692307692307693,2.0502110105697895,10.7905142956609,106.691117519058,3.0,0,0,-0.09639304316274322,0.0,0.0,1.0,0.0,0.0
46,1.3509322183197459,0.07692307692307693,0.1302907279796492,10.9031313051969,106.635608240155,3.0,0,1,1.3897638631431688,0.0,0.0,0.0,1.0,0.0
6040,0.04445490123643577,0.3076923076923077,0.1302907279796492,10.8652157721439,106.618352828365,2.0,0,0,0.6349856886503463,0.0,0.0,0.0,0.0,1.0
6205,-1.3286243820305652,0.07692307692307693,-2.3590912406621465,10.797800088357,106.704975506407,0.0,1,0,-1.265459390571404,0.0,0.0,0.0,0.0,1.0
3642,-0.6986692748486453,0.07692307692307693,-0.4391709580720064,10.7987119735243,106.61347376079,2.0,0,0,-1.265459390571404,0.0,0.0,1.0,0.0,0.0
3726,0.3411414986789205,0.15384615384615385,2.9327121238363367,10.69125,106.721214,3.0,0,0,0.30272686033993124,0.0,0.0,0.0,0.0,1.0
6113,0.895116379479229,0.07692307692307693,-0.4391709580720064,10.8106315688004,106.713236058191,0.0,1,0,-1.265459390571404,0.0,0.0,0.0,1.0,0.0
2421,0.26451943380014525,0.07692307692307693,-0.13659775324274978,10.7986464508148,106.687977851257,0.0,1,1,0.30272686033993124,0.0,0.0,0.0,1.0,0.0
1750,-0.04974733457061966,0.3076923076923077,0.1302907279796492,10.7308530002121,106.73248681139,0.0,1,0,0.30272686033993124,0.0,0.0,0.0,0.0,1.0
6087,-0.7920776985802562,0.07692307692307693,-0.7884660886417492,10.8051156065463,106.681893841136,0.0,1,0,-0.9028346336956022,0.0,0.0,0.0,0.0,1.0
5156,-0.4493648176687783,0.4615384615384616,2.9327121238363367,10.7603941976518,106.688456214148,3.0,0,0,0.30272686033993124,0.0,0.0,0.0,1.0,0.0
4062,-1.1961350497447065,0.07692307692307693,-0.13659775324274978,10.865724525939,106.686559279789,0.0,1,1,-1.265459390571404,1.0,0.0,0.0,1.0,0.0
338,-1.1961350497447065,0.15384615384615385,0.1302907279796492,10.7613673576183,106.691979637369,3.0,0,1,-0.5962397703258719,0.0,0.0,0.0,1.0,0.0
215,-0.6688000780565717,0.23076923076923078,-1.2015945422910468,10.7435228140601,106.683952346359,3.0,0,0,-0.09639304316274322,0.0,0.0,0.0,0.0,1.0
3663,0.1330128034148692,0.23076923076923078,1.1314541939483909,10.84488,106.7182,0.0,1,0,0.4757863711357461,1.0,0.0,0.0,1.0,0.0
1341,-1.2831292553680742,0.07692307692307693,-1.7072229052631471,10.7404948901954,106.735501730615,3.0,0,0,-0.9028346336956022,0.0,0.0,0.0,0.0,1.0
5758,-0.6395223895560433,0.23076923076923078,-0.4391709580720064,10.7878310840331,106.652921906184,3.0,0,0,0.11316161425994499,0.0,0.0,0.0,0.0,1.0
3894,1.3881753703228958,0.38461538461538464,0.1302907279796492,10.7610269596079,106.660288947923,3.0,0,1,1.0479657854342355,0.0,0.0,0.0,1.0,0.0
3640,-0.04974733457061966,0.23076923076923078,-0.13659775324274978,10.38586,106.9199,0.0,1,1,-0.09639304316274322,0.0,1.0,0.0,1.0,0.0
329,-0.15036267557913827,0.07692307692307693,-1.7072229052631471,10.7098811362751,106.70186701954,0.0,1,0,-2.28145563852695,0.0,0.0,0.0,1.0,0.0
3004,0.18370833978305584,0.0,-1.2015945422910468,10.8574882010308,106.775958426297,0.0,1,0,-1.265459390571404,0.0,0.0,0.0,1.0,0.0
6016,-0.15036267557913827,0.23076923076923078,-0.4391709580720064,10.8422943783293,106.6306287519,2.0,0,0,0.11316161425994499,0.0,1.0,0.0,0.0,1.0
3115,0.8534664434236847,0.38461538461538464,1.287787426350749,10.84501931316281,106.71830127500976,3.0,0,0,0.30272686033993124,0.0,0.0,1.0,0.0,0.0
6090,1.2167918808874494,0.23076923076923078,-0.13659775324274978,10.7833929901309,106.697347651936,0.0,1,1,-0.5962397703258719,0.0,1.0,0.0,1.0,0.0
2322,1.0692556478206303,0.4615384615384616,0.1302907279796492,10.8454209634636,106.725701771678,3.0,0,1,0.11316161425994499,0.0,0.0,0.0,1.0,0.0
4197,-0.37480406362233243,0.07692307692307693,-1.2015945422910468,10.7430919810958,106.725534042233,3.0,0,0,-0.3306552193971129,0.0,0.0,0.0,0.0,1.0
3549,-0.5826509567402912,0.07692307692307693,-0.4391709580720064,10.7732091164019,106.627443667358,2.0,0,1,-0.5962397703258719,1.0,0.0,0.0,1.0,0.0
1458,-0.6986692748486453,0.4615384615384616,0.1302907279796492,10.7726981748107,106.669341542497,3.0,0,1,0.6349856886503463,0.0,0.0,0.0,1.0,0.0
171,0.3411414986789205,0.23076923076923078,-0.4391709580720064,10.8585002227221,106.623088379414,3.0,0,0,0.30272686033993124,0.0,0.0,0.0,1.0,0.0
4203,0.5102943374875497,0.4615384615384616,0.1302907279796492,10.8102653323839,106.730971845698,3.0,0,1,0.11316161425994499,0.0,1.0,0.0,1.0,0.0
5272,-1.9513779408530998,0.07692307692307693,0.1302907279796492,10.7616929131981,106.678461577554,3.0,0,1,-0.9028346336956022,0.0,0.0,0.0,1.0,0.0
3569,0.04445490123643577,0.3076923076923077,-0.4391709580720064,10.7677910369144,106.594860123841,2.0,0,0,-0.09639304316274322,0.0,0.0,0.0,0.0,1.0
4226,-0.6986692748486453,0.15384615384615385,0.5849971026224333,10.8122467094363,106.686432181442,2.0,0,0,-0.09639304316274322,0.0,0.0,0.0,1.0,0.0
6158,-0.9622048207552769,0.15384615384615385,-0.4391709580720064,10.691735805162,106.736217136767,2.0,0,1,-0.09639304316274322,0.0,0.0,0.0,0.0,1.0
5187,-0.21419165043464608,0.15384615384615385,0.1302907279796492,10.7416137909886,106.620353155275,3.0,0,1,-0.09639304316274322,0.0,0.0,0.0,0.0,1.0
938,1.985191476882123,0.3076923076923077,-0.13659775324274978,10.7818141090648,106.663241612746,0.0,1,1,2.7153435996542745,0.0,0.0,0.0,1.0,0.0
60,-0.7920776985802562,0.07692307692307693,-1.2015945422910468,10.7353206040383,106.732633476644,3.0,0,0,-1.265459390571404,0.0,0.0,0.0,1.0,0.0
1240,-0.1926076911174569,0.07692307692307693,0.1302907279796492,10.7526254933475,106.698591425867,3.0,0,0,-0.09639304316274322,0.0,0.0,1.0,0.0,0.0
5261,-0.25832850878387886,0.23076923076923078,-0.6070946664766699,10.838522672500568,106.83062668873607,3.0,0,0,-0.09639304316274322,0.0,0.0,0.0,0.0,1.0
2120,-0.2360953837240995,0.07692307692307693,0.1302907279796492,10.7723682776185,106.668916409844,3.0,0,1,-0.09639304316274322,0.0,0.0,0.0,1.0,0.0
1524,-0.6986692748486453,0.3076923076923077,-0.7884660886417492,10.8121790994195,106.68563796852,0.0,1,0,-0.3306552193971129,0.0,0.0,0.0,0.0,1.0
153,-0.8577985162466776,0.23076923076923078,0.1302907279796492,10.7615916238493,106.67850579806,3.0,0,1,1.0479657854342355,0.0,0.0,0.0,0.0,1.0
481,2.356753564924664,0.6923076923076923,0.1302907279796492,10.7633042765248,106.686668391974,3.0,0,1,1.1685438955241836,0.0,0.0,0.0,1.0,0.0
4460,0.9943801572205769,0.3076923076923077,0.1302907279796492,10.7757984596173,106.697022772446,3.0,0,1,0.9196032047928032,0.0,0.0,0.0,1.0,0.0
3920,-0.7920776985802562,0.23076923076923078,0.963530485543728,10.7317059434891,106.745071403414,0.0,1,0,-0.09639304316274322,0.0,0.0,0.0,0.0,1.0
1762,0.310967493112446,0.23076923076923078,0.1302907279796492,10.7646213684184,106.694868943471,3.0,0,1,0.30272686033993124,0.0,0.0,0.0,1.0,0.0
750,0.09822355231529148,0.23076923076923078,-1.2015945422910468,10.7926465226251,106.623824631626,2.0,0,0,0.11316161425994499,1.0,0.0,0.0,1.0,0.0
1785,0.5235542914366881,0.23076923076923078,-0.13659775324274978,10.8082508210383,106.73501129301,0.0,1,1,0.11316161425994499,1.0,0.0,0.0,1.0,0.0
4501,0.28016481741637705,0.07692307692307693,0.1302907279796492,10.7082457152252,106.621362637119,3.0,0,1,-0.9028346336956022,0.0,0.0,0.0,0.0,1.0
4853,-0.10929128578611225,0.07692307692307693,-0.13659775324274978,10.82580025394898,106.68778842283218,0.0,1,1,-1.265459390571404,0.0,1.0,0.0,1.0,0.0
2711,-2.660414729110742,0.15384615384615385,-1.7072229052631471,10.7645784698333,106.695059171558,0.0,1,0,-1.265459390571404,0.0,0.0,0.0,0.0,1.0
5087,-0.10929128578611225,0.3076923076923077,-0.4391709580720064,10.7898603322704,106.621710390283,2.0,0,1,0.782381234505476,0.0,0.0,1.0,0.0,0.0
4193,0.8639894412629446,0.15384615384615385,-0.7884660886417492,10.8112361506352,106.709273357768,2.0,0,0,0.11316161425994499,0.0,0.0,1.0,0.0,0.0
1333,-0.4750780736920162,0.23076923076923078,0.1302907279796492,10.8481803386319,106.748236954059,3.0,0,1,-0.3306552193971129,0.0,0.0,0.0,1.0,0.0
5601,-0.5826509567402912,0.15384615384615385,0.5849971026224333,10.7294090566608,106.632196981492,0.0,1,0,-0.09639304316274322,0.0,0.0,1.0,0.0,0.0
2854,0.3261314717355513,0.0,-1.2015945422910468,10.7843562759744,106.759642801613,3.0,0,0,-2.28145563852695,0.0,0.0,1.0,0.0,0.0
186,-0.37480406362233243,0.15384615384615385,-1.2015945422910468,10.7520231286545,106.701718427995,0.0,1,0,0.30272686033993124,0.0,0.0,1.0,0.0,0.0
1136,-0.6395223895560433,0.15384615384615385,-0.13659775324274978,10.8740709535251,106.68760176748,0.0,1,1,-0.09639304316274322,0.0,0.0,0.0,1.0,0.0
2058,-0.5550151062263636,0.3076923076923077,0.1302907279796492,10.7919139112178,106.691478952354,3.0,0,1,-0.09639304316274322,1.0,0.0,0.0,1.0,0.0
5274,-0.10929128578611225,0.15384615384615385,-0.7884660886417492,10.7990495739804,106.694027203598,3.0,0,0,0.11316161425994499,0.0,0.0,0.0,0.0,1.0
148,1.8782671900078807,0.07692307692307693,0.1302907279796492,10.8296240631588,106.702857316086,3.0,0,1,0.30272686033993124,0.0,0.0,0.0,1.0,0.0
4124,0.3707119834879608,0.23076923076923078,2.9327121238363367,10.7484903544836,106.619343703633,3.0,0,0,0.30272686033993124,0.0,0.0,0.0,0.0,1.0
4889,0.04445490123643577,0.23076923076923078,-0.13659775324274978,10.8144044001235,106.623614214133,0.0,1,0,-0.09639304316274322,0.0,0.0,0.0,0.0,1.0
3363,0.385278357028152,0.0,-0.7884660886417492,10.8456618737652,106.717908614032,3.0,0,0,-1.265459390571404,0.0,0.0,0.0,1.0,0.0
4788,0.3707119834879608,0.4615384615384616,0.1302907279796492,10.7954753317149,106.641070941003,3.0,0,1,0.11316161425994499,0.0,1.0,0.0,1.0,0.0
2866,-0.4750780736920162,0.15384615384615385,0.1302907279796492,10.8447843674596,106.660680162186,3.0,0,1,-0.5962397703258719,0.0,0.0,0.0,1.0,0.0
3776,0.7776305923124383,0.23076923076923078,-0.13659775324274978,10.771499886631815,106.77659629642716,0.0,1,1,1.2822279616686043,0.0,0.0,0.0,1.0,0.0
1386,-1.5260472017317033,0.15384615384615385,-0.13659775324274978,10.8149858257602,106.672974267559,0.0,1,1,-0.5962397703258719,0.0,0.0,0.0,0.0,1.0
5952,-0.35076329075821017,0.38461538461538464,2.9327121238363367,10.7442684037609,106.681901271397,3.0,0,0,-0.09639304316274322,0.0,0.0,0.0,0.0,1.0
5210,-0.6395223895560433,0.23076923076923078,-0.4391709580720064,10.7514681334048,106.701395911814,3.0,0,0,-0.5962397703258719,0.0,0.0,0.0,0.0,1.0
3629,1.4529364508864842,0.3076923076923077,1.8234285872700184,10.7337547105954,106.710288394243,3.0,0,0,2.820048284014553,0.0,0.0,0.0,0.0,1.0
5665,-0.069330070593773,0.0,-0.7884660886417492,10.7760771368674,106.620292413496,2.0,0,0,-2.28145563852695,0.0,0.0,0.0,1.0,0.0
4797,-0.37480406362233243,0.15384615384615385,-1.2015945422910468,10.7376639880103,106.722664920199,3.0,0,0,-0.09639304316274322,0.0,0.0,0.0,1.0,0.0
3028,-0.5278863642596802,0.07692307692307693,0.1302907279796492,10.8375088990104,106.790348969201,2.0,0,0,-0.9028346336956022,0.0,0.0,0.0,0.0,1.0
2969,0.1501051897940211,0.07692307692307693,-0.7884660886417492,10.8483840483061,106.642411591975,3.0,0,0,-0.09639304316274322,0.0,0.0,1.0,0.0,0.0
5468,-0.3992422225807697,0.07692307692307693,-1.2015945422910468,10.7516836431784,106.701677127186,0.0,1,0,-1.265459390571404,0.0,0.0,0.0,1.0,0.0
1708,0.6378280961214066,0.15384615384615385,2.5341556375641257,10.7376190900398,106.706145951369,0.0,1,0,0.9196032047928032,0.0,0.0,0.0,1.0,0.0
2953,1.3204471186006255,0.3076923076923077,0.1302907279796492,10.8070668096677,106.647570396994,3.0,0,1,1.5888228250383352,0.0,0.0,0.0,1.0,0.0
454,-1.3286243820305652,0.15384615384615385,-3.2778480572835442,10.7417394979798,106.619099585645,3.0,0,0,-0.09639304316274322,0.0,0.0,0.0,0.0,1.0
609,-0.04974733457061966,0.07692307692307693,-2.3590912406621465,10.8307849753741,106.524109580274,3.0,0,0,-1.709276224228461,0.0,0.0,1.0,0.0,0.0
4263,2.080303039832055,0.6153846153846154,-0.13659775324274978,10.7844448190951,106.642145949508,0.0,1,1,0.30272686033993124,0.0,0.0,0.0,1.0,0.0
4826,0.4421497898439041,0.23076923076923078,0.1302907279796492,10.7597980464221,106.673462364661,3.0,0,1,-0.09639304316274322,0.0,0.0,0.0,1.0,0.0
5335,0.08051705379647196,0.3076923076923077,-0.4391709580720064,10.8423789578159,106.643054526474,3.0,0,0,1.5888228250383352,0.0,0.0,0.0,1.0,0.0
2074,0.04445490123643577,0.07692307692307693,0.5849971026224333,10.6511403742196,106.730056555234,0.0,1,0,-1.265459390571404,0.0,0.0,1.0,0.0,0.0
4052,-0.9265771942689038,0.3076923076923077,-0.4391709580720064,10.8122855593219,106.700505410883,2.0,0,1,-0.5962397703258719,0.0,1.0,0.0,1.0,0.0
5117,0.8639894412629446,0.5384615384615385,0.1302907279796492,10.786551880628,106.701590411379,3.0,0,1,0.6349856886503463,0.0,1.0,0.0,1.0,0.0
1622,0.9155094607980837,0.23076923076923078,0.1302907279796492,10.7953548793141,106.640567503263,3.0,0,0,2.7153435996542745,0.0,0.0,0.0,0.0,1.0
4683,0.6378280961214066,0.23076923076923078,-0.13659775324274978,10.7157128480368,106.631840463303,0.0,1,1,0.9196032047928032,0.0,1.0,0.0,1.0,0.0
5513,2.195452075839287,0.38461538461538464,0.1302907279796492,10.8481503700492,106.667855177113,3.0,0,1,0.30272686033993124,0.0,1.0,0.0,1.0,0.0
40,0.1501051897940211,0.23076923076923078,-0.13659775324274978,10.8007846709766,106.591389563699,0.0,1,1,-0.09639304316274322,0.0,0.0,0.0,0.0,1.0
2089,-0.28090108395535385,0.15384615384615385,0.5849971026224333,10.8483458496034,106.647719326824,3.0,0,0,-0.09639304316274322,0.0,0.0,0.0,0.0,1.0
3924,0.29564637201642957,0.23076923076923078,-0.4391709580720064,10.7446128855908,106.697257156841,0.0,1,0,-0.09639304316274322,0.0,0.0,0.0,0.0,1.0
2175,2.116698107267399,0.23076923076923078,0.1302907279796492,10.8029832786687,106.731296369784,3.0,0,1,1.9355994527483495,0.0,0.0,0.0,1.0,0.0
74,-0.6688000780565717,0.0,-0.13659775324274978,10.6928186624515,106.741294200015,0.0,1,1,-1.709276224228461,0.0,0.0,0.0,0.0,1.0
5036,1.9352382471594414,0.07692307692307693,0.1302907279796492,10.8195736831937,106.702450585592,3.0,0,0,0.6349856886503463,0.0,0.0,1.0,0.0,0.0
6212,-0.04974733457061966,0.3076923076923077,-0.13659775324274978,10.788223512685,106.629523785247,0.0,1,0,0.6349856886503463,0.0,0.0,0.0,1.0,0.0
2657,-0.5826509567402912,0.23076923076923078,-0.13659775324274978,10.8057334784854,106.63819657699,0.0,1,0,-0.09639304316274322,0.0,0.0,0.0,1.0,0.0
3180,-0.4493648176687783,0.23076923076923078,0.963530485543728,10.8324684267266,106.660859604691,3.0,0,0,0.30272686033993124,1.0,0.0,0.0,1.0,0.0
2076,1.2332195493977356,0.23076923076923078,2.9327121238363367,10.7447529162969,106.610784059887,3.0,0,0,0.782381234505476,0.0,0.0,0.0,1.0,0.0
441,-0.2360953837240995,0.15384615384615385,0.1302907279796492,10.769559875311,106.670965958521,3.0,0,1,-0.09639304316274322,0.0,0.0,0.0,1.0,0.0
2051,-0.12968436710496703,0.15384615384615385,-0.13659775324274978,10.8362093815791,106.726482569353,0.0,1,0,-0.09639304316274322,0.0,0.0,0.0,0.0,1.0
2541,0.7209771111378261,0.07692307692307693,-1.7072229052631471,10.6924647310426,106.74102032045,0.0,1,0,0.11316161425994499,0.0,0.0,1.0,0.0,0.0
1301,-0.7602813127840508,0.15384615384615385,-0.13659775324274978,10.7919867964429,106.716007315928,0.0,1,1,-0.5962397703258719,0.0,0.0,0.0,0.0,1.0
3430,1.7283496603720232,0.15384615384615385,-0.13659775324274978,10.835891,106.842865,0.0,1,1,0.11316161425994499,0.0,0.0,0.0,1.0,0.0
1304,0.23272304800393967,0.15384615384615385,0.1302907279796492,10.7820192927928,106.656737755984,3.0,0,1,0.30272686033993124,0.0,0.0,0.0,0.0,1.0
236,0.9356250766089462,0.3076923076923077,0.1302907279796492,10.8785928306901,106.774922096506,3.0,0,1,1.8544073759670945,0.0,0.0,0.0,1.0,0.0
5246,0.6378280961214066,0.23076923076923078,1.5713987371125986,10.782257372617002,106.74797451874558,3.0,0,0,0.6349856886503463,0.0,0.0,1.0,0.0,0.0
2599,-0.8577985162466776,0.38461538461538464,-0.13659775324274978,10.8513609535757,106.658749391155,0.0,1,1,0.11316161425994499,1.0,0.0,0.0,1.0,0.0
4616,-1.154485113689163,0.07692307692307693,-2.3590912406621465,10.844725668173224,106.79898200556636,0.0,1,0,-1.265459390571404,0.0,0.0,0.0,0.0,1.0
2573,-0.6108132359423499,0.23076923076923078,-0.13659775324274978,10.7984383417302,106.592225763202,2.0,0,0,0.782381234505476,0.0,0.0,1.0,0.0,0.0
3280,0.6255585240034263,0.07692307692307693,-0.4391709580720064,10.7890914000489,106.780791549019,2.0,0,0,-1.265459390571404,0.0,0.0,0.0,0.0,1.0
3186,-0.4493648176687783,0.07692307692307693,-0.4391709580720064,10.8538289354052,106.764117144048,2.0,0,1,-1.265459390571404,0.0,0.0,0.0,1.0,0.0
3953,-0.3038236354463698,0.07692307692307693,-0.4391709580720064,10.8478321413421,106.716372855484,3.0,0,0,-0.09639304316274322,0.0,0.0,0.0,1.0,0.0
2768,0.7664722378003171,0.23076923076923078,0.5849971026224333,10.791164382014,106.698995491759,2.0,0,0,1.0479657854342355,0.0,0.0,0.0,0.0,1.0
4831,-0.6986692748486453,0.3076923076923077,0.1302907279796492,10.7726199458704,106.684453381003,3.0,0,1,-0.3306552193971129,0.0,0.0,0.0,1.0,0.0
4223,0.4560322857850593,0.3076923076923077,-0.4391709580720064,10.7691312103716,106.683040206154,2.0,0,1,1.2822279616686043,0.0,0.0,0.0,1.0,0.0
2106,-1.5260472017317033,0.15384615384615385,-0.7884660886417492,10.7799687623962,106.668086339844,3.0,0,0,-0.9028346336956022,0.0,0.0,1.0,0.0,0.0
2679,-1.113976416559445,0.15384615384615385,-1.7072229052631471,10.8245674128505,106.68556321247,3.0,0,0,-0.3306552193971129,0.0,0.0,0.0,0.0,1.0
2761,0.08051705379647196,0.3076923076923077,-0.13659775324274978,10.7951881852795,106.675743214707,0.0,1,1,0.11316161425994499,0.0,0.0,0.0,0.0,1.0
4688,0.3707119834879608,0.23076923076923078,-0.13659775324274978,10.7157128480368,106.631840463303,0.0,1,1,0.11316161425994499,0.0,1.0,0.0,1.0,0.0
1387,2.5928253645857904,0.15384615384615385,-0.13659775324274978,10.8207525322201,106.777086952137,0.0,1,1,0.30272686033993124,0.0,0.0,0.0,0.0,1.0
5910,-1.6356139825265459,0.07692307692307693,-1.2015945422910468,10.6929607232934,106.740916767755,0.0,1,0,-1.265459390571404,0.0,0.0,1.0,0.0,0.0
5698,1.3808014151118195,0.07692307692307693,0.1302907279796492,10.7996978736653,106.641429802414,3.0,0,1,2.0886695522014636,0.0,0.0,0.0,1.0,0.0
5000,0.04445490123643577,0.07692307692307693,-0.4391709580720064,10.7447226620954,106.715901007502,3.0,0,0,-0.5962397703258719,0.0,0.0,1.0,0.0,0.0
1279,-0.37480406362233243,0.23076923076923078,-1.7072229052631471,10.6928643612064,106.740767914455,3.0,0,0,-0.5962397703258719,0.0,0.0,0.0,0.0,0.0
6095,0.21656469094070732,0.3076923076923077,0.963530485543728,10.7243255502613,106.726262616334,0.0,1,0,0.4757863711357461,0.0,0.0,0.0,0.0,1.0
6173,1.824498538929025,0.3076923076923077,-0.13659775324274978,10.7977813602461,106.704993895183,0.0,1,1,1.9355994527483495,0.0,0.0,0.0,0.0,1.0
1555,0.5102943374875497,0.15384615384615385,2.0502110105697895,10.8635242481637,106.625151650363,3.0,0,0,0.782381234505476,0.0,0.0,0.0,1.0,0.0
5693,1.6002366754996136,0.23076923076923078,0.1302907279796492,10.8081468052953,106.688684334311,3.0,0,1,0.9196032047928032,0.0,0.0,0.0,0.0,1.0
3190,1.548355038020884,0.15384615384615385,0.1302907279796492,10.8412247448365,106.560176303309,3.0,0,0,-0.09639304316274322,0.0,0.0,0.0,1.0,0.0
4566,0.3261314717355513,0.4615384615384616,0.1302907279796492,10.7678712744894,106.67153585608,3.0,0,1,2.0136066934816945,0.0,0.0,0.0,0.0,1.0
4802,0.04445490123643577,0.15384615384615385,-0.4391709580720064,10.7682730077237,106.603375164596,0.0,1,0,-0.09639304316274322,0.0,0.0,0.0,0.0,1.0
5905,1.0508892631248228,0.3076923076923077,2.9327121238363367,10.7779617816849,106.746665164864,3.0,0,0,1.6813478651712797,0.0,1.0,0.0,0.0,1.0
4841,2.1256585889674184,0.15384615384615385,-0.13659775324274978,10.7255125,106.713776,0.0,1,1,-0.09639304316274322,0.0,1.0,0.0,1.0,0.0
3594,-1.4741655642529736,0.15384615384615385,1.434027398777648,10.7936212987083,106.691317607992,3.0,0,0,-0.5962397703258719,0.0,0.0,0.0,0.0,1.0
1920,0.1330128034148692,0.0,-0.13659775324274978,10.7032296447757,106.703818567367,0.0,1,0,-1.265459390571404,0.0,0.0,0.0,0.0,1.0
513,-1.2831292553680742,0.23076923076923078,0.1302907279796492,10.8451780587304,106.664828872826,3.0,0,1,-0.3306552193971129,0.0,0.0,0.0,1.0,0.0
4177,0.21656469094070732,0.07692307692307693,-0.4391709580720064,10.8128915681127,106.6967183741,3.0,0,0,-0.3306552193971129,0.0,0.0,1.0,0.0,0.0
1308,-0.3271071868061051,0.23076923076923078,-0.7884660886417492,10.7931424386903,106.624386501998,0.0,1,0,-0.09639304316274322,0.0,0.0,0.0,1.0,0.0
914,2.1031547305329594,0.3076923076923077,-0.13659775324274978,10.7884058274467,106.658980332333,0.0,1,1,0.30272686033993124,0.0,0.0,0.0,0.0,1.0
3452,-0.3271071868061051,0.15384615384615385,-0.13659775324274978,10.7905925102232,106.637669847903,0.0,1,1,-0.09639304316274322,1.0,0.0,0.0,1.0,0.0
3695,0.21656469094070732,0.15384615384615385,1.5713987371125986,10.81487241561,106.771033165253,0.0,1,0,0.11316161425994499,0.0,0.0,0.0,1.0,0.0
4242,-0.15036267557913827,0.23076923076923078,0.963530485543728,10.8253488375969,106.701435091578,3.0,0,0,0.11316161425994499,0.0,0.0,0.0,0.0,1.0
3156,0.7093811696941079,0.23076923076923078,0.963530485543728,10.7480978255054,106.615810207437,3.0,0,0,0.30272686033993124,0.0,0.0,0.0,0.0,1.0
2198,-1.6936008246407677,0.07692307692307693,-1.2015945422910468,10.7835895386429,106.64733176974,2.0,0,0,-1.265459390571404,0.0,0.0,0.0,1.0,0.0
774,-0.6108132359423499,0.23076923076923078,0.963530485543728,10.856697041123,106.699483535348,3.0,0,0,0.30272686033993124,0.0,0.0,0.0,1.0,0.0
4425,0.20022778488202966,0.3076923076923077,0.1302907279796492,10.7926420415388,106.68893106966,3.0,0,1,0.4757863711357461,0.0,0.0,0.0,0.0,1.0
943,0.7324828108776685,0.23076923076923078,-0.13659775324274978,10.8263263959076,106.728343835289,0.0,1,1,0.30272686033993124,0.0,0.0,0.0,0.0,1.0
822,0.1330128034148692,0.15384615384615385,0.963530485543728,10.7884222229413,106.770414115726,3.0,0,0,0.30272686033993124,0.0,0.0,0.0,0.0,1.0
5005,1.7283496603720232,0.15384615384615385,2.445284124721849,10.774361,106.726776,0.0,1,0,-0.3306552193971129,0.0,0.0,0.0,1.0,0.0
4277,-0.4750780736920162,0.3076923076923077,0.963530485543728,10.7696354679315,106.613470428288,0.0,1,0,0.30272686033993124,0.0,0.0,0.0,0.0,1.0
164,-0.069330070593773,0.07692307692307693,-0.7884660886417492,10.743919077805,106.697200109002,2.0,0,0,0.4757863711357461,0.0,0.0,1.0,0.0,0.0
4547,0.04445490123643577,0.23076923076923078,0.3690306097293516,10.6845091619312,106.749946296877,3.0,0,0,0.11316161425994499,0.0,0.0,0.0,0.0,1.0
3983,0.09822355231529148,0.15384615384615385,0.1302907279796492,10.8003193887847,106.80829320471,0.0,1,0,-0.09639304316274322,0.0,0.0,1.0,0.0,0.0
2538,0.1330128034148692,0.15384615384615385,0.963530485543728,10.8343851352295,106.701880545563,3.0,0,0,0.30272686033993124,0.0,0.0,0.0,1.0,0.0
6009,-0.04974733457061966,0.23076923076923078,-0.4391709580720064,10.8755693829624,106.655233269195,2.0,0,1,0.30272686033993124,0.0,0.0,0.0,0.0,1.0
1311,-1.113976416559445,0.15384615384615385,-0.4391709580720064,10.8201094855074,106.703995225335,0.0,1,0,-0.5962397703258719,0.0,0.0,0.0,0.0,1.0
5723,0.6007096205069974,0.0,0.1302907279796492,10.8572438879154,106.802814691571,3.0,0,0,-1.265459390571404,0.0,0.0,0.0,1.0,0.0
6195,-0.1926076911174569,0.3076923076923077,0.1302907279796492,10.7724592517627,106.669554602126,3.0,0,1,-0.09639304316274322,0.0,1.0,0.0,1.0,0.0
5844,0.7664722378003171,0.23076923076923078,0.1302907279796492,10.7724961888645,106.684389134044,3.0,0,1,0.6349856886503463,0.0,0.0,0.0,1.0,0.0
3300,-2.5508479483158992,0.15384615384615385,0.963530485543728,10.7827554343321,106.621086789046,3.0,0,0,-0.9028346336956022,0.0,0.0,1.0,0.0,0.0
3310,1.5417399265153626,0.23076923076923078,0.1302907279796492,10.7769238278434,106.638885431604,3.0,0,1,0.782381234505476,0.0,0.0,0.0,1.0,0.0
327,-0.1926076911174569,0.38461538461538464,0.1302907279796492,10.7344512348959,106.626554167022,3.0,0,1,-0.09639304316274322,1.0,0.0,0.0,0.0,1.0
2490,0.48341223409930084,0.15384615384615385,-0.4391709580720064,10.7786257736184,106.643257462927,0.0,1,0,2.0886695522014636,0.0,0.0,0.0,0.0,1.0
5898,-0.10929128578611225,0.15384615384615385,0.1302907279796492,10.7984449222547,106.692780431924,3.0,0,1,-0.09639304316274322,0.0,0.0,0.0,0.0,1.0
4408,1.3881753703228958,0.4615384615384616,3.0743790712642283,10.7785535043997,106.63517821875,3.0,0,0,1.9355994527483495,0.0,0.0,0.0,0.0,1.0
832,0.5366963775693665,0.3076923076923077,0.1302907279796492,10.8558143096179,106.619103946679,3.0,0,0,0.11316161425994499,0.0,0.0,0.0,0.0,1.0
3079,-0.5550151062263636,0.07692307692307693,-0.13659775324274978,10.7316107741347,106.745260825848,0.0,1,1,-0.9028346336956022,0.0,0.0,0.0,1.0,0.0
3462,-0.6395223895560433,0.07692307692307693,0.1302907279796492,10.7663154121546,106.671639855721,3.0,0,1,-0.09639304316274322,0.0,0.0,0.0,0.0,1.0
5514,0.3707119834879608,0.07692307692307693,-0.4391709580720064,10.8937198138583,106.608588874747,0.0,1,0,-1.265459390571404,0.0,0.0,0.0,0.0,1.0
54,0.3997026173414371,0.0,-0.13659775324274978,10.8013091803327,106.810393402132,0.0,1,1,-1.709276224228461,0.0,0.0,1.0,0.0,0.0
4064,2.6154472806424836,0.15384615384615385,2.6196726966214445,21.02894860978742,105.85244722590336,0.0,1,0,0.11316161425994499,0.0,1.0,0.0,1.0,0.0
3451,-1.1961350497447065,0.23076923076923078,-1.7072229052631471,10.7650151624472,106.668967531711,3.0,0,0,-0.5962397703258719,0.0,0.0,0.0,1.0,0.0
1901,-0.10929128578611225,0.15384615384615385,-1.2015945422910468,10.8199565060401,106.703833168283,3.0,0,0,-0.9028346336956022,0.0,0.0,0.0,1.0,0.0
1481,-0.9622048207552769,0.07692307692307693,-0.4391709580720064,10.7833885406023,106.762082656293,2.0,0,1,-1.265459390571404,0.0,0.0,0.0,0.0,1.0
4873,-0.37480406362233243,0.15384615384615385,-0.13659775324274978,10.8523804305877,106.671781032801,0.0,1,1,-0.09639304316274322,0.0,0.0,0.0,1.0,0.0
4895,-0.1926076911174569,0.23076923076923078,1.287787426350749,10.7801242876251,106.624777609631,3.0,0,0,-0.09639304316274322,0.0,0.0,0.0,1.0,0.0
4150,-0.6986692748486453,0.15384615384615385,0.1302907279796492,10.7410752440542,106.706438233615,0.0,1,0,-0.3306552193971129,0.0,0.0,1.0,0.0,0.0
3335,-0.2360953837240995,0.07692307692307693,0.1302907279796492,10.8436468001712,106.727262394761,3.0,0,0,-0.5962397703258719,0.0,0.0,0.0,1.0,0.0
4926,-0.25832850878387886,0.23076923076923078,-0.13659775324274978,10.770126689589,106.694109587681,0.0,1,1,0.30272686033993124,0.0,1.0,0.0,1.0,0.0
946,1.6565067844550418,0.15384615384615385,2.0502110105697895,10.7426045663659,106.713406881392,0.0,1,0,0.6349856886503463,0.0,0.0,0.0,0.0,1.0
3293,-0.10929128578611225,0.15384615384615385,-0.13659775324274978,10.8689142245006,106.67394238873,0.0,1,1,0.11316161425994499,0.0,0.0,0.0,0.0,1.0
2161,-1.424042969164965,0.38461538461538464,0.1302907279796492,10.7599871973304,106.686534652682,3.0,0,0,0.11316161425994499,0.0,0.0,0.0,0.0,1.0
5083,1.174905936378217,0.07692307692307693,-2.3590912406621465,10.7034117148183,106.703693894893,0.0,1,0,0.6349856886503463,0.0,0.0,0.0,1.0,0.0
5330,0.11572050155235063,0.23076923076923078,-0.4391709580720064,10.8485336202492,106.648402236134,3.0,0,0,0.30272686033993124,0.0,0.0,0.0,1.0,0.0
3057,0.8534664434236847,0.15384615384615385,-0.4391709580720064,10.7938675599452,106.662763561803,3.0,0,0,0.30272686033993124,0.0,0.0,1.0,0.0,0.0
768,-0.8577985162466776,0.23076923076923078,-1.2015945422910468,10.8097878681545,106.689479299179,0.0,1,0,0.11316161425994499,0.0,0.0,1.0,0.0,0.0
5920,-0.04974733457061966,0.15384615384615385,1.287787426350749,10.879043,106.55251,0.0,1,0,-0.5962397703258719,0.0,1.0,1.0,0.0,0.0
3495,-0.5550151062263636,0.15384615384615385,-0.13659775324274978,10.7989538898608,106.7185264482,0.0,1,1,-0.09639304316274322,0.0,0.0,0.0,1.0,0.0
285,0.7887053628600965,0.23076923076923078,0.963530485543728,10.7134694400115,106.731796117787,3.0,0,0,2.426586790265584,0.0,0.0,0.0,0.0,1.0
6222,1.0601009748869976,0.38461538461538464,0.1302907279796492,10.7983349373708,106.739002006146,3.0,0,1,1.0479657854342355,0.0,0.0,0.0,0.0,1.0
4524,1.2332195493977356,0.0,2.9327121238363367,10.8491041878561,106.78742225456,3.0,0,0,0.782381234505476,0.0,1.0,0.0,1.0,0.0
5598,-1.113976416559445,0.38461538461538464,0.5849971026224333,10.768884116215196,106.68143875634782,3.0,0,0,0.11316161425994499,0.0,0.0,0.0,1.0,0.0
2332,-0.069330070593773,0.07692307692307693,-0.4391709580720064,10.7889224035329,106.779019720282,3.0,0,0,-0.3306552193971129,0.0,0.0,0.0,0.0,1.0
2717,-0.15036267557913827,0.15384615384615385,-1.2015945422910468,10.7511639210456,106.722393584432,0.0,1,0,-0.5962397703258719,0.0,0.0,0.0,0.0,1.0
2079,1.459960098086208,0.15384615384615385,2.0502110105697895,10.8056649470461,106.789612785758,0.0,1,0,2.9195154941516295,0.0,0.0,1.0,0.0,0.0
3389,-0.37480406362233243,0.23076923076923078,0.1302907279796492,10.7694668454368,106.622574165576,2.0,0,0,-0.3306552193971129,0.0,0.0,0.0,0.0,1.0
722,-0.6395223895560433,0.07692307692307693,-1.2015945422910468,10.8378041252318,106.636741383214,2.0,0,0,-1.265459390571404,0.0,0.0,1.0,0.0,0.0
951,-0.10929128578611225,0.23076923076923078,0.1302907279796492,10.811246078457,106.702018500947,3.0,0,1,0.6349856886503463,0.0,0.0,0.0,1.0,0.0
5483,1.312726605208099,0.07692307692307693,0.963530485543728,10.7523461767923,106.616949792862,3.0,0,0,-0.09639304316274322,0.0,0.0,1.0,0.0,0.0
2262,-0.12968436710496703,0.07692307692307693,-0.13659775324274978,10.7643363132743,106.625070613571,0.0,1,1,-0.09639304316274322,0.0,0.0,0.0,0.0,1.0
989,-0.3271071868061051,0.38461538461538464,0.1302907279796492,10.772950881824,106.679162523886,3.0,0,1,0.4757863711357461,0.0,0.0,1.0,0.0,0.0
3212,0.5102943374875497,0.15384615384615385,0.1302907279796492,10.8099800895296,106.67136286682,3.0,0,1,0.6349856886503463,0.0,0.0,0.0,1.0,0.0
1759,0.06259592582891907,0.23076923076923078,0.5849971026224333,10.684559260265,106.750205195561,3.0,0,0,0.11316161425994499,0.0,0.0,0.0,0.0,1.0
5169,1.5874359465751324,0.4615384615384616,-0.13659775324274978,10.8034036450237,106.692428141048,0.0,1,1,1.2822279616686043,0.0,0.0,0.0,1.0,0.0
4422,-0.37480406362233243,0.15384615384615385,0.5849971026224333,10.8117881993535,106.709355061325,3.0,0,0,0.6349856886503463,0.0,0.0,0.0,1.0,0.0
1724,-1.375564037342406,0.07692307692307693,-0.7884660886417492,10.7769566824563,106.63821341088,0.0,1,0,-2.28145563852695,0.0,0.0,0.0,1.0,0.0
341,-0.3038236354463698,0.3076923076923077,0.1302907279796492,10.7677998442234,106.694849679734,3.0,0,0,1.0479657854342355,0.0,0.0,0.0,1.0,0.0
3701,0.5102943374875497,0.0,0.963530485543728,10.9033788956361,106.634181508377,3.0,0,0,-1.709276224228461,0.0,0.0,1.0,0.0,0.0
4243,0.3707119834879608,0.23076923076923078,3.566232722406522,10.879043,106.55251,0.0,1,0,0.11316161425994499,0.0,0.0,1.0,0.0,0.0
688,0.4139875106418454,0.3076923076923077,0.1302907279796492,10.7608559198168,106.667232112819,3.0,0,1,1.769759295385021,0.0,0.0,0.0,0.0,1.0
3432,0.1330128034148692,0.0,-0.13659775324274978,10.7026055917973,106.709895782786,0.0,1,0,0.30272686033993124,0.0,0.0,1.0,0.0,0.0
4944,1.8299642566326462,0.3076923076923077,2.5341556375641257,10.719606389268009,106.73222008467106,3.0,0,0,3.0599688700026273,0.0,0.0,0.0,0.0,1.0
966,-0.4240911260771986,0.23076923076923078,0.1302907279796492,10.8114257905907,106.685035001299,3.0,0,1,0.30272686033993124,0.0,0.0,0.0,1.0,0.0
5947,-5.221192836904037,0.0,0.963530485543728,10.8104213238501,106.574765300731,0.0,1,0,-0.9028346336956022,0.0,0.0,0.0,1.0,0.0
2203,3.599605694723345,0.15384615384615385,3.566232722406522,10.7891895002751,106.778707614528,3.0,0,0,1.3897638631431688,0.0,0.0,0.0,1.0,0.0
2713,-0.04974733457061966,0.07692307692307693,0.1302907279796492,10.7477932535417,106.715965675259,0.0,1,0,-1.265459390571404,0.0,0.0,0.0,1.0,0.0
4757,0.5754359289154177,0.15384615384615385,0.1302907279796492,10.7915825628237,106.64413095217,3.0,0,1,0.6349856886503463,0.0,0.0,0.0,1.0,0.0
5098,-0.1926076911174569,0.15384615384615385,-0.7884660886417492,10.8584550827997,106.840393002119,0.0,1,0,-0.5962397703258719,0.0,0.0,1.0,0.0,0.0
5542,-0.25832850878387886,0.15384615384615385,-0.13659775324274978,10.7822775294636,106.768987867981,3.0,0,0,-0.3306552193971129,0.0,0.0,1.0,0.0,0.0
5760,-0.03042058936361902,0.15384615384615385,-0.13659775324274978,10.7321469064232,106.616325352419,0.0,1,1,-0.3306552193971129,0.0,0.0,0.0,1.0,0.0
3572,0.49691438232451574,0.15384615384615385,0.1302907279796492,10.7720796003482,106.669579835782,3.0,0,1,1.8544073759670945,0.0,0.0,0.0,1.0,0.0
4805,-1.6356139825265459,0.15384615384615385,0.1302907279796492,10.8029302663421,106.677015587066,3.0,0,1,-0.9028346336956022,0.0,0.0,0.0,0.0,1.0
1990,-0.6986692748486453,0.07692307692307693,-0.7884660886417492,10.8729802778316,106.690779439774,0.0,1,0,-1.265459390571404,0.0,0.0,0.0,1.0,0.0
4120,0.8639894412629446,0.15384615384615385,-0.13659775324274978,10.6909828186035,106.722045898438,0.0,1,1,-0.09639304316274322,1.0,0.0,0.0,0.0,1.0
4759,0.04445490123643577,0.07692307692307693,0.963530485543728,10.8148065782337,106.774829359461,3.0,0,0,-0.9028346336956022,0.0,0.0,1.0,0.0,0.0
5164,0.8639894412629446,0.15384615384615385,0.963530485543728,10.704007,106.712654,0.0,1,0,-0.09639304316274322,0.0,0.0,0.0,1.0,0.0
5498,0.7324828108776685,0.23076923076923078,0.1302907279796492,10.7453919272272,106.630059559189,3.0,0,1,0.4757863711357461,0.0,0.0,0.0,1.0,0.0
4971,0.832193055466739,0.3076923076923077,2.0502110105697895,10.8059293214169,106.668398316868,3.0,0,0,1.1685438955241836,0.0,1.0,0.0,1.0,0.0
5034,0.04445490123643577,0.15384615384615385,1.287787426350749,10.8140423200124,106.62376528555,3.0,0,0,-0.3306552193971129,0.0,0.0,0.0,1.0,0.0
3600,0.08051705379647196,0.07692307692307693,-2.3590912406621465,10.8102861132852,106.698330470169,3.0,0,0,-1.709276224228461,0.0,0.0,0.0,1.0,0.0
5745,-0.3992422225807697,0.15384615384615385,-1.2015945422910468,10.8587117136093,106.777685852509,2.0,0,0,-0.3306552193971129,0.0,0.0,0.0,1.0,0.0
6269,-0.21419165043464608,0.23076923076923078,-0.13659775324274978,10.7605255950666,106.673150132616,0.0,1,1,-0.09639304316274322,0.0,0.0,0.0,0.0,1.0
5189,0.1330128034148692,0.15384615384615385,-0.4391709580720064,10.83827148474387,106.6758014793507,0.0,1,0,-0.9028346336956022,0.0,1.0,0.0,1.0,0.0
385,0.6740374558259857,0.15384615384615385,-0.4391709580720064,10.7862657289542,106.6908112924,2.0,0,0,0.11316161425994499,0.0,0.0,0.0,0.0,1.0
5489,-0.25832850878387886,0.23076923076923078,-0.13659775324274978,10.7430778949547,106.725488838039,0.0,1,1,-0.3306552193971129,0.0,0.0,0.0,0.0,1.0
5747,1.0601009748869976,0.0,2.9327121238363367,10.8442699101949,106.783506530268,3.0,0,0,-2.28145563852695,0.0,1.0,0.0,1.0,0.0
536,0.5102943374875497,0.23076923076923078,0.1302907279796492,10.8158855337785,106.695112242734,0.0,1,0,0.11316161425994499,0.0,0.0,1.0,0.0,0.0
5873,0.6976935597780909,0.0,2.9327121238363367,10.854657482507,106.768221821801,0.0,1,0,-2.28145563852695,0.0,0.0,0.0,0.0,1.0
5032,-0.7602813127840508,0.07692307692307693,-1.2015945422910468,10.8673103498067,106.641892699904,2.0,0,0,-1.265459390571404,0.0,0.0,0.0,0.0,1.0
4212,1.2971635672408903,0.15384615384615385,-0.13659775324274978,10.8028816901651,106.67667087677,0.0,1,1,0.30272686033993124,0.0,0.0,1.0,0.0,0.0
3507,0.11572050155235063,0.23076923076923078,0.1302907279796492,10.8496326326394,106.65071527234,3.0,0,1,0.30272686033993124,0.0,0.0,0.0,0.0,1.0
201,-0.3038236354463698,0.15384615384615385,-0.7884660886417492,10.7875712359984,106.760743428022,2.0,0,0,-0.3306552193971129,0.0,0.0,1.0,0.0,0.0
1332,0.6378280961214066,0.38461538461538464,2.0502110105697895,10.7931080146383,106.688891955346,0.0,1,0,2.9195154941516295,0.0,0.0,0.0,0.0,1.0
3502,-0.5826509567402912,0.23076923076923078,1.5713987371125986,10.8865800284123,106.723978805138,3.0,0,0,-0.3306552193971129,0.0,0.0,0.0,1.0,0.0
2708,0.9256014791983493,0.15384615384615385,0.1302907279796492,10.8721784955867,106.619845998906,3.0,0,1,0.782381234505476,1.0,0.0,0.0,1.0,0.0
5031,-0.4750780736920162,0.23076923076923078,-0.7884660886417492,10.7993223810107,106.641338231705,0.0,1,0,0.11316161425994499,0.0,0.0,0.0,0.0,1.0
4662,0.8639894412629446,0.3076923076923077,0.1302907279796492,10.8041430268519,106.658657256586,3.0,0,1,1.769759295385021,0.0,0.0,0.0,0.0,1.0
4021,-0.069330070593773,0.23076923076923078,-0.4391709580720064,10.8055132700749,106.682024026274,3.0,0,0,1.3897638631431688,0.0,0.0,1.0,0.0,0.0
1854,0.21656469094070732,0.15384615384615385,-0.4391709580720064,10.8590584829555,106.739180398412,0.0,1,0,-0.09639304316274322,0.0,0.0,0.0,0.0,1.0
6185,-1.6356139825265459,0.23076923076923078,0.1302907279796492,10.7813838330666,106.67660267162,3.0,0,1,-0.3306552193971129,0.0,0.0,0.0,0.0,1.0
2872,1.5417399265153626,0.3076923076923077,-0.13659775324274978,10.8241143779752,106.761988003975,0.0,1,1,0.6349856886503463,0.0,0.0,0.0,1.0,0.0
3030,-0.1926076911174569,0.23076923076923078,2.0502110105697895,10.7961395783653,106.622024795641,3.0,0,0,0.4757863711357461,0.0,0.0,0.0,1.0,0.0
1205,-1.2389923970188421,0.07692307692307693,-0.4391709580720064,10.7687278131609,106.603271560222,2.0,0,1,-1.265459390571404,0.0,0.0,0.0,1.0,0.0
1645,-0.4493648176687783,0.38461538461538464,2.0502110105697895,10.8120334720985,106.692660175057,3.0,0,0,0.9196032047928032,0.0,0.0,0.0,0.0,1.0
3417,-0.6395223895560433,0.15384615384615385,-0.4391709580720064,10.8496719992449,106.743410395417,2.0,0,0,-0.9028346336956022,0.0,0.0,0.0,1.0,0.0
3476,-0.6395223895560433,0.23076923076923078,-0.4391709580720064,10.684715375501,106.749903162202,0.0,1,0,0.11316161425994499,0.0,0.0,0.0,0.0,1.0
2861,0.1330128034148692,0.15384615384615385,0.1302907279796492,10.6780518267971,106.753903017388,3.0,0,0,0.11316161425994499,0.0,0.0,0.0,0.0,1.0
1792,-0.7291543745677658,0.3076923076923077,-0.7884660886417492,10.8066876482525,106.695061840867,2.0,0,0,0.11316161425994499,0.0,0.0,0.0,0.0,1.0
3797,2.6782369692813575,0.15384615384615385,-0.13659775324274978,10.7562139461317,106.606007007382,0.0,1,1,0.11316161425994499,0.0,0.0,0.0,0.0,1.0
3368,0.7887053628600965,0.23076923076923078,-0.13659775324274978,10.8076180959893,106.646019392398,0.0,1,1,1.1685438955241836,0.0,0.0,0.0,0.0,1.0
3367,1.3881753703228958,0.3076923076923077,1.1314541939483909,10.8354459065363,106.842253454872,3.0,0,0,0.4757863711357461,0.0,1.0,0.0,1.0,0.0
3533,0.3997026173414371,0.23076923076923078,0.1302907279796492,10.8035459803568,106.704454565057,3.0,0,0,0.30272686033993124,0.0,0.0,0.0,0.0,1.0
5520,0.8534664434236847,0.3076923076923077,0.1302907279796492,10.84488,106.7182,3.0,0,1,1.769759295385021,0.0,0.0,0.0,0.0,1.0
5109,-0.10929128578611225,0.23076923076923078,-1.2015945422910468,10.7991612272244,106.693645401918,0.0,1,0,-0.09639304316274322,0.0,0.0,0.0,0.0,1.0
3449,0.4139875106418454,0.07692307692307693,0.1302907279796492,10.812304764939,106.692606512283,0.0,1,0,-0.9028346336956022,0.0,0.0,0.0,1.0,0.0
603,2.0570925952518233,0.07692307692307693,0.1302907279796492,10.6752267811961,106.698535246931,2.0,0,0,0.782381234505476,0.0,0.0,1.0,0.0,0.0
3056,0.04445490123643577,0.3076923076923077,0.963530485543728,10.8152577323895,106.707885430014,0.0,1,0,1.5888228250383352,0.0,0.0,0.0,0.0,1.0
5473,-0.37480406362233243,0.07692307692307693,-0.4391709580720064,10.7585593729242,106.612373089673,3.0,0,0,-0.9028346336956022,0.0,1.0,0.0,1.0,0.0
126,0.310967493112446,0.23076923076923078,-0.4391709580720064,10.7659568339904,106.66726615623,2.0,0,1,0.30272686033993124,0.0,0.0,1.0,0.0,0.0
3876,-0.15036267557913827,0.23076923076923078,1.8234285872700184,10.7226243535753,106.611857857775,3.0,0,0,-0.09639304316274322,0.0,0.0,0.0,1.0,0.0
2935,0.3411414986789205,0.23076923076923078,0.1302907279796492,10.7863238993745,106.627599832798,0.0,1,0,0.4757863711357461,0.0,0.0,0.0,0.0,1.0
4451,-0.37480406362233243,0.23076923076923078,-0.7884660886417492,10.7516124471784,106.701473355186,0.0,1,0,-0.3306552193971129,0.0,0.0,1.0,0.0,0.0
3531,0.21656469094070732,0.0,-0.4391709580720064,10.7923198834654,106.617229359045,2.0,0,1,0.30272686033993124,0.0,0.0,0.0,1.0,0.0
2730,2.5296188349494098,0.23076923076923078,0.1302907279796492,10.7864732726653,106.689232634454,3.0,0,1,0.782381234505476,0.0,0.0,0.0,1.0,0.0
827,-1.3286243820305652,0.15384615384615385,0.1302907279796492,10.7987497863509,106.682026799922,3.0,0,1,0.30272686033993124,0.0,0.0,0.0,1.0,0.0
1639,2.0287503543971783,0.4615384615384616,-0.13659775324274978,10.7990886142651,106.64118459195,0.0,1,1,5.229906451892319,0.0,0.0,0.0,1.0,0.0
984,-0.7602813127840508,0.0,-1.2015945422910468,10.8674522384143,106.62851609944,0.0,1,0,-0.9028346336956022,0.0,0.0,0.0,1.0,0.0
3281,0.09822355231529148,0.15384615384615385,0.963530485543728,10.7660543548917,106.785945868431,0.0,1,0,0.11316161425994499,0.0,0.0,0.0,0.0,1.0
6260,2.047705421145356,0.15384615384615385,1.287787426350749,21.0289486097874,105.852447225903,0.0,1,0,0.11316161425994499,0.0,1.0,0.0,1.0,0.0
2188,-0.069330070593773,0.15384615384615385,0.963530485543728,10.8117240852603,106.709184489416,1.0,0,0,-0.3306552193971129,0.0,0.0,0.0,1.0,0.0
5799,1.3881753703228958,0.3076923076923077,0.1302907279796492,10.79483694749626,106.7751531941731,3.0,0,1,1.0479657854342355,0.0,1.0,0.0,1.0,0.0
2443,-0.8917879431693261,0.23076923076923078,-2.3590912406621465,10.8415764776636,106.661902208653,0.0,1,0,-0.09639304316274322,0.0,0.0,0.0,0.0,1.0
362,-0.10929128578611225,0.23076923076923078,-1.2015945422910468,10.7991612272244,106.693645401918,0.0,1,0,-0.09639304316274322,0.0,0.0,0.0,0.0,1.0
2349,-0.6986692748486453,0.07692307692307693,-0.7884660886417492,10.8751999836876,106.685266067774,0.0,1,0,-1.265459390571404,0.0,0.0,0.0,1.0,0.0
345,-1.2831292553680742,0.23076923076923078,-1.7072229052631471,10.8015070812918,106.687555302886,3.0,0,0,-0.3306552193971129,0.0,0.0,1.0,0.0,0.0
814,-0.6986692748486453,0.0,0.1302907279796492,10.7743450098558,106.697630011815,3.0,0,1,-0.3306552193971129,0.0,0.0,0.0,1.0,0.0
4807,0.21656469094070732,0.3076923076923077,-0.4391709580720064,10.8525127094179,106.764630811102,3.0,0,0,0.6349856886503463,0.0,0.0,0.0,1.0,0.0
3205,-0.5550151062263636,0.07692307692307693,-0.7884660886417492,10.7823333432897,106.647838225376,3.0,0,0,-0.5962397703258719,0.0,0.0,0.0,1.0,0.0
5229,2.0239733713884323,0.07692307692307693,-0.13659775324274978,10.8130385064992,106.7298845986,0.0,1,1,4.548503457030362,0.0,0.0,0.0,1.0,0.0
6035,0.5366963775693665,0.07692307692307693,-0.13659775324274978,10.8141994133342,106.632150048752,0.0,1,1,-0.3306552193971129,0.0,0.0,0.0,1.0,0.0
3325,0.6255585240034263,0.23076923076923078,0.1302907279796492,10.8308993512524,106.705695056431,3.0,0,1,0.9196032047928032,0.0,0.0,0.0,1.0,0.0
4106,0.4281357043022882,0.15384615384615385,0.1302907279796492,10.7505266657727,106.735952367186,3.0,0,1,-0.09639304316274322,0.0,0.0,0.0,1.0,0.0
2116,-0.5278863642596802,0.23076923076923078,0.1302907279796492,10.8058189077866,106.690461302875,0.0,1,0,0.11316161425994499,0.0,0.0,0.0,0.0,1.0
1834,0.895116379479229,0.38461538461538464,-0.4391709580720064,10.8389487968058,106.665010684822,3.0,0,0,2.9674438298696835,0.0,0.0,0.0,0.0,1.0
793,0.11572050155235063,0.23076923076923078,0.1302907279796492,10.8195454989006,106.702628631463,3.0,0,1,0.11316161425994499,0.0,0.0,0.0,0.0,1.0
6287,0.21656469094070732,0.0,2.9327121238363367,10.8619542070599,106.61147243271,3.0,0,0,-2.28145563852695,0.0,0.0,0.0,0.0,1.0
2674,0.09822355231529148,0.23076923076923078,0.1302907279796492,10.6783930277897,106.753586645453,3.0,0,0,0.11316161425994499,0.0,0.0,0.0,0.0,1.0
94,-0.6395223895560433,0.3076923076923077,-0.4391709580720064,10.744535407871,106.697286433893,0.0,1,0,0.4757863711357461,0.0,0.0,0.0,0.0,1.0
4225,0.18370833978305584,0.38461538461538464,0.1302907279796492,10.7790685617552,106.679093861149,0.0,1,0,1.6813478651712797,0.0,0.0,0.0,1.0,0.0
3756,1.3509322183197459,0.07692307692307693,0.1302907279796492,10.8421167683375,106.734119478652,3.0,0,1,1.1685438955241836,0.0,0.0,0.0,1.0,0.0
2891,0.08051705379647196,0.0,-0.4391709580720064,10.8538463648191,106.651530544162,0.0,1,0,0.11316161425994499,0.0,0.0,0.0,1.0,0.0
2371,-1.5260472017317033,0.15384615384615385,-0.13659775324274978,10.7726680346681,106.669190390913,0.0,1,1,-0.9028346336956022,0.0,0.0,0.0,0.0,1.0
5216,-0.9622048207552769,0.3076923076923077,-1.2015945422910468,10.7840913096905,106.658228139618,2.0,0,0,0.4757863711357461,0.0,0.0,0.0,0.0,1.0
5576,-0.5826509567402912,0.15384615384615385,-0.4391709580720064,10.7838836275742,106.759748434748,2.0,0,1,-0.3306552193971129,0.0,0.0,0.0,1.0,0.0
3228,0.4281357043022882,0.0,2.9327121238363367,10.678407230098,106.75337899728,3.0,0,0,-1.265459390571404,0.0,0.0,0.0,0.0,1.0
5609,-1.2389923970188421,0.07692307692307693,-1.7072229052631471,10.79058210076243,106.6577028438006,0.0,1,0,-1.265459390571404,0.0,0.0,0.0,0.0,1.0
2853,2.0143728509332512,0.07692307692307693,-0.13659775324274978,10.7900580542285,106.643319100485,0.0,1,1,4.298136498982978,0.0,0.0,0.0,1.0,0.0
1865,0.11572050155235063,0.23076923076923078,2.0502110105697895,10.6931421679144,106.741068442933,3.0,0,0,0.11316161425994499,0.0,0.0,0.0,0.0,1.0
4612,0.29564637201642957,0.15384615384615385,0.1302907279796492,10.8128016480528,106.668421881234,3.0,0,1,0.30272686033993124,0.0,0.0,1.0,0.0,0.0
1857,0.4281357043022882,0.0,1.5713987371125986,10.7147784427939,106.733948549711,3.0,0,0,-1.709276224228461,0.0,0.0,0.0,1.0,0.0
2645,0.18370833978305584,0.15384615384615385,-0.4391709580720064,10.7857926266944,106.775920253177,2.0,0,0,0.4757863711357461,0.0,0.0,0.0,0.0,1.0
2243,-0.7920776985802562,0.23076923076923078,-0.13659775324274978,10.7849154917862,106.669028546451,0.0,1,1,-0.9028346336956022,0.0,0.0,0.0,0.0,1.0
2336,0.18370833978305584,0.07692307692307693,-0.4391709580720064,10.7665325962234,106.659481082184,2.0,0,0,-1.265459390571404,0.0,0.0,0.0,0.0,1.0
950,-0.6986692748486453,0.23076923076923078,0.1302907279796492,10.7757468543318,106.63908613391,3.0,0,1,-0.3306552193971129,0.0,0.0,0.0,0.0,1.0
3068,0.3707119834879608,0.23076923076923078,1.5713987371125986,10.7842840671769,106.759535462663,3.0,0,0,-0.09639304316274322,0.0,1.0,0.0,0.0,1.0
1120,-0.8245729617021663,0.15384615384615385,-1.2015945422910468,10.7929861338285,106.677894952755,3.0,0,0,-0.3306552193971129,1.0,0.0,0.0,1.0,0.0
2597,-1.2831292553680742,0.23076923076923078,0.1302907279796492,10.7865915006146,106.604590583593,3.0,0,1,-0.5962397703258719,0.0,0.0,0.0,0.0,1.0
2204,-2.0993488277390115,0.15384615384615385,-1.7072229052631471,10.7585593026886,106.630513992087,1.0,0,0,-1.265459390571404,0.0,0.0,0.0,1.0,0.0
419,-0.21419165043464608,0.23076923076923078,-0.4391709580720064,10.7763170620918,106.610986344852,2.0,0,1,0.11316161425994499,0.0,0.0,0.0,1.0,0.0
922,-0.8917879431693261,0.23076923076923078,-1.7072229052631471,10.7264824496799,106.733402941488,1.0,0,0,-0.5962397703258719,0.0,0.0,0.0,0.0,1.0
1254,1.0134575181046448,0.07692307692307693,0.5849971026224333,10.8499091815348,106.695527949118,0.0,1,0,0.11316161425994499,0.0,0.0,0.0,0.0,1.0
477,0.5366963775693665,0.15384615384615385,1.5713987371125986,10.8398863869849,106.772284825492,3.0,0,0,-0.3306552193971129,0.0,0.0,1.0,0.0,0.0
2035,0.4421497898439041,0.15384615384615385,0.1302907279796492,10.7895991200202,106.693883577856,0.0,1,0,-0.09639304316274322,0.0,0.0,0.0,1.0,0.0
1202,0.9847483644909514,0.38461538461538464,-0.4391709580720064,10.8110825116592,106.666496763437,2.0,0,1,0.30272686033993124,1.0,0.0,0.0,1.0,0.0
2626,0.08051705379647196,0.23076923076923078,-0.4391709580720064,10.7931706797116,106.676564150483,0.0,1,0,0.11316161425994499,0.0,0.0,0.0,0.0,1.0
6060,-0.04974733457061966,0.07692307692307693,0.963530485543728,10.7905708474072,106.562536769136,0.0,1,0,-0.9028346336956022,0.0,1.0,0.0,1.0,0.0
1970,-0.15036267557913827,0.15384615384615385,0.1302907279796492,10.7443838913969,106.697070351194,3.0,0,0,-0.09639304316274322,0.0,0.0,0.0,1.0,0.0
3110,-0.37480406362233243,0.23076923076923078,-0.4391709580720064,10.7899739625113,106.622088044797,0.0,1,0,0.4757863711357461,0.0,0.0,1.0,0.0,0.0
4018,-0.37480406362233243,0.3076923076923077,-0.13659775324274978,10.8059858898365,106.717930408463,0.0,1,1,-0.09639304316274322,0.0,0.0,0.0,1.0,0.0
2151,-0.10929128578611225,0.0,1.5713987371125986,10.7793661081817,106.622873621992,3.0,0,0,-1.709276224228461,0.0,0.0,0.0,1.0,0.0
3687,0.9053480809024144,0.3076923076923077,-0.13659775324274978,10.8919402390242,106.833957482168,0.0,1,1,1.769759295385021,0.0,0.0,0.0,1.0,0.0
4916,0.6976935597780909,0.07692307692307693,0.5849971026224333,10.8604860421886,106.756575315292,3.0,0,0,-0.5962397703258719,0.0,0.0,0.0,1.0,0.0
1997,1.265537228595943,0.3076923076923077,-0.4391709580720064,10.8552604697593,106.615455435392,0.0,1,0,1.9355994527483495,0.0,1.0,0.0,1.0,0.0
4033,0.8639894412629446,0.07692307692307693,-0.13659775324274978,10.839048378918772,106.83121795879453,0.0,1,1,0.6349856886503463,0.0,0.0,1.0,0.0,0.0
6177,-1.2831292553680742,0.07692307692307693,0.5849971026224333,10.7225276459662,106.612155875511,0.0,1,0,-2.28145563852695,0.0,1.0,0.0,1.0,0.0
3054,-0.7602813127840508,0.3076923076923077,-1.7072229052631471,10.8120975202791,106.687954705275,0.0,1,0,1.1685438955241836,0.0,0.0,0.0,1.0,0.0
1248,0.29564637201642957,0.4615384615384616,-0.13659775324274978,10.7736734653287,106.677782551203,0.0,1,1,0.30272686033993124,0.0,0.0,0.0,1.0,0.0
2192,-0.5012464551475065,0.23076923076923078,-0.13659775324274978,10.7616558327221,106.613372535197,0.0,1,1,0.11316161425994499,0.0,0.0,0.0,1.0,0.0
2712,-1.4741655642529736,0.23076923076923078,-1.2015945422910468,10.8052764799294,106.68199475793,3.0,0,0,-0.3306552193971129,0.0,0.0,0.0,0.0,1.0
992,-0.8245729617021663,0.23076923076923078,0.1302907279796492,10.7915659369044,106.685578908277,3.0,0,1,0.11316161425994499,0.0,0.0,0.0,1.0,0.0
2190,-0.7291543745677658,0.15384615384615385,-0.13659775324274978,10.7678177727014,106.595528038575,0.0,1,1,-0.3306552193971129,0.0,0.0,0.0,1.0,0.0
4670,-0.25832850878387886,0.23076923076923078,-0.4391709580720064,10.7953269166581,106.64107786505,3.0,0,0,-0.09639304316274322,0.0,0.0,0.0,1.0,0.0
5142,-0.069330070593773,0.3076923076923077,-0.13659775324274978,10.8293189734099,106.671339108361,0.0,1,1,0.11316161425994499,0.0,1.0,0.0,1.0,0.0
3762,0.3707119834879608,0.07692307692307693,0.5849971026224333,10.8304468412879,106.724305728464,0.0,1,0,-0.09639304316274322,0.0,0.0,0.0,1.0,0.0
3597,-1.4741655642529736,0.23076923076923078,0.1302907279796492,10.7979424215859,106.710765114834,3.0,0,1,0.4757863711357461,0.0,0.0,0.0,0.0,1.0
4711,-0.6986692748486453,0.07692307692307693,-0.13659775324274978,10.7776612279877,106.624296975883,0.0,1,1,-0.9028346336956022,0.0,0.0,0.0,1.0,0.0
1318,0.4560322857850593,0.07692307692307693,0.1302907279796492,10.7897198557941,106.691234942943,3.0,0,1,-0.5962397703258719,0.0,0.0,1.0,0.0,0.0
1863,0.7209771111378261,0.4615384615384616,0.1302907279796492,10.7697823234993,106.688096048058,3.0,0,1,0.11316161425994499,1.0,0.0,0.0,1.0,0.0
2343,0.6740374558259857,0.07692307692307693,0.1302907279796492,10.8194819011985,106.702655594597,0.0,1,0,-0.9028346336956022,0.0,0.0,0.0,1.0,0.0
2449,-0.5826509567402912,0.0,0.1302907279796492,10.793520402408,106.821738396728,2.0,0,0,-2.28145563852695,0.0,0.0,1.0,0.0,0.0
2136,0.16700223033751904,0.15384615384615385,0.1302907279796492,10.7665949487459,106.677659560875,3.0,0,1,-0.3306552193971129,0.0,0.0,0.0,1.0,0.0
1065,0.3707119834879608,0.3076923076923077,0.1302907279796492,10.8802957640674,106.630457285625,0.0,1,0,0.11316161425994499,1.0,0.0,0.0,1.0,0.0
6247,-0.4240911260771986,0.23076923076923078,-1.7072229052631471,10.8061666782929,106.697691408037,1.0,0,0,0.11316161425994499,0.0,0.0,0.0,0.0,1.0
4227,0.20022778488202966,0.15384615384615385,0.1302907279796492,10.7248125076294,106.664390563965,0.0,1,0,-0.09639304316274322,1.0,0.0,0.0,1.0,0.0
2621,-0.069330070593773,0.15384615384615385,0.1302907279796492,10.6928494726684,106.740967719247,2.0,0,0,0.11316161425994499,0.0,0.0,0.0,0.0,1.0
77,-0.4750780736920162,0.0,-1.2015945422910468,10.8897563499123,106.767187355082,0.0,1,0,-1.265459390571404,0.0,0.0,0.0,1.0,0.0
2898,0.5102943374875497,0.15384615384615385,0.1302907279796492,10.8120756891249,106.692309623312,0.0,1,0,0.11316161425994499,0.0,0.0,0.0,1.0,0.0
4820,-1.154485113689163,0.07692307692307693,-0.13659775324274978,10.7911502617159,106.672689392998,0.0,1,1,-0.5962397703258719,0.0,1.0,0.0,1.0,0.0
1314,-0.4750780736920162,0.07692307692307693,-1.7072229052631471,10.7768194096515,106.638634588627,0.0,1,0,-0.3306552193971129,0.0,0.0,1.0,0.0,0.0
5492,2.0524064583492834,0.0,0.3690306097293516,10.8560751055919,106.618752557346,3.0,0,0,0.6349856886503463,0.0,0.0,0.0,0.0,1.0
872,-0.3992422225807697,0.15384615384615385,-1.2015945422910468,10.8283904501635,106.690318420177,3.0,0,0,-0.3306552193971129,0.0,0.0,1.0,0.0,0.0
3850,1.2332195493977356,0.07692307692307693,-0.4391709580720064,10.7948766439305,106.65710521141,3.0,0,0,-0.5962397703258719,0.0,0.0,0.0,1.0,0.0
6024,-0.5278863642596802,0.3076923076923077,-0.4391709580720064,10.8686424453017,106.643601671895,2.0,0,1,0.11316161425994499,0.0,0.0,0.0,0.0,1.0
2965,-0.7920776985802562,0.38461538461538464,0.1302907279796492,10.8326064927782,106.638952515776,3.0,0,1,0.6349856886503463,0.0,0.0,0.0,0.0,1.0
3391,2.1301185469648627,0.23076923076923078,0.1302907279796492,10.8374879237565,106.754880502714,3.0,0,1,0.782381234505476,0.0,0.0,0.0,1.0,0.0
2560,1.3881753703228958,0.15384615384615385,0.1302907279796492,10.752450224808,106.618192763825,3.0,0,1,0.11316161425994499,0.0,0.0,1.0,0.0,0.0
6169,-1.113976416559445,0.3076923076923077,-1.7072229052631471,10.8059792092275,106.690677762024,2.0,0,0,0.11316161425994499,0.0,0.0,0.0,1.0,0.0
2635,-0.04974733457061966,0.15384615384615385,-0.4391709580720064,10.7511319877024,106.722426977394,3.0,0,0,0.30272686033993124,0.0,0.0,0.0,1.0,0.0
5256,1.5417399265153626,0.3076923076923077,-0.13659775324274978,10.8241143779752,106.761988003975,0.0,1,1,0.6349856886503463,0.0,0.0,0.0,1.0,0.0
3530,-0.37480406362233243,0.23076923076923078,-0.4391709580720064,10.7303969984462,106.738667816905,0.0,1,0,0.11316161425994499,0.0,0.0,0.0,0.0,1.0
375,-0.5012464551475065,0.23076923076923078,-0.4391709580720064,10.8034639078387,106.682012379169,3.0,0,0,0.30272686033993124,0.0,0.0,0.0,0.0,1.0
1908,1.1053178003806678,0.3076923076923077,-0.13659775324274978,10.7578452837214,106.680909810429,0.0,1,1,1.6813478651712797,0.0,0.0,0.0,1.0,0.0
4429,1.3955127300721568,0.07692307692307693,0.1302907279796492,10.8417113091082,106.64747334221,3.0,0,0,-0.9028346336956022,0.0,0.0,0.0,1.0,0.0
5916,1.0601009748869976,0.4615384615384616,0.1302907279796492,10.7892172229797,106.67463744568,3.0,0,1,1.0479657854342355,0.0,0.0,0.0,1.0,0.0
5501,0.18370833978305584,0.23076923076923078,0.1302907279796492,10.7646565630601,106.61913045652,3.0,0,1,0.4757863711357461,0.0,0.0,0.0,0.0,1.0
4027,-0.5550151062263636,0.07692307692307693,0.1302907279796492,10.7517144643179,106.701406412187,0.0,1,0,-0.5962397703258719,0.0,0.0,1.0,0.0,0.0
1604,-1.2831292553680742,0.07692307692307693,-0.13659775324274978,10.7661528030849,106.663616148646,0.0,1,1,-1.709276224228461,0.0,0.0,0.0,1.0,0.0
1118,-0.5550151062263636,0.15384615384615385,-0.4391709580720064,10.8455729658423,106.718327285866,2.0,0,1,-0.3306552193971129,0.0,0.0,0.0,0.0,1.0
3677,2.5895652200343733,0.4615384615384616,2.0502110105697895,10.8409108347941,106.675636667761,3.0,0,0,0.4757863711357461,0.0,0.0,0.0,1.0,0.0
3490,0.26451943380014525,0.07692307692307693,-0.7884660886417492,10.9051936393702,106.597534429929,0.0,1,0,-0.9028346336956022,0.0,0.0,0.0,0.0,1.0
6125,1.2085090863672519,0.15384615384615385,-0.13659775324274978,10.8138403876853,106.774865510943,0.0,1,1,-0.09639304316274322,0.0,0.0,0.0,1.0,0.0
2958,-0.9622048207552769,0.07692307692307693,-1.2015945422910468,10.8818584071659,106.6376801971,0.0,1,0,-1.265459390571404,0.0,0.0,0.0,0.0,1.0
1994,-0.069330070593773,0.23076923076923078,0.1302907279796492,10.7920423919722,106.691532505726,3.0,0,1,0.4757863711357461,0.0,0.0,0.0,1.0,0.0
6242,1.8408354449877027,0.15384615384615385,-0.13659775324274978,10.8079449512287,106.735406928805,0.0,1,1,1.1685438955241836,0.0,0.0,0.0,1.0,0.0
5466,1.6192323323713378,0.0,2.0502110105697895,10.8649383090981,106.63420951161,3.0,0,0,-1.709276224228461,0.0,0.0,0.0,1.0,0.0
2376,-5.119360031661393,0.0,2.9327121238363367,10.8113168936294,106.610696466037,3.0,0,0,-2.28145563852695,0.0,0.0,0.0,1.0,0.0
1342,0.5881267789832482,0.23076923076923078,-0.13659775324274978,10.8304939347791,106.730635727112,0.0,1,1,0.11316161425994499,0.0,0.0,0.0,0.0,1.0
320,-0.5826509567402912,0.23076923076923078,-1.2015945422910468,10.7925588130836,106.675578430295,2.0,0,0,-0.09639304316274322,0.0,0.0,0.0,0.0,1.0
1619,-0.10929128578611225,0.38461538461538464,0.1302907279796492,10.8106630064744,106.707436380037,3.0,0,1,0.11316161425994499,0.0,0.0,0.0,1.0,0.0
3713,-0.6395223895560433,0.23076923076923078,1.434027398777648,10.879043,106.55251,0.0,1,0,0.6349856886503463,0.0,1.0,0.0,1.0,0.0
5763,-0.5826509567402912,0.15384615384615385,-0.7884660886417492,10.7843304784641,106.650894285406,3.0,0,0,-0.09639304316274322,0.0,0.0,0.0,0.0,1.0
2060,-0.7291543745677658,0.15384615384615385,-0.4391709580720064,10.7669276297791,106.613301506429,2.0,0,0,-0.3306552193971129,0.0,0.0,0.0,0.0,1.0
2219,0.7438996626288421,0.6153846153846154,0.1302907279796492,10.770522349246,106.689055424338,3.0,0,1,3.709720833810584,0.0,0.0,0.0,1.0,0.0
1673,0.2487067167045892,0.3076923076923077,0.1302907279796492,10.7698333417062,106.671034062988,3.0,0,1,0.4757863711357461,1.0,0.0,0.0,1.0,0.0
260,-1.113976416559445,0.07692307692307693,-0.13659775324274978,10.8027688224669,106.676754358948,0.0,1,1,-1.265459390571404,0.0,0.0,1.0,0.0,0.0
5555,0.3707119834879608,0.23076923076923078,0.1302907279796492,10.7454334450629,106.611715927126,3.0,0,1,-0.09639304316274322,0.0,0.0,0.0,0.0,1.0
2039,0.29564637201642957,0.15384615384615385,0.5849971026224333,10.7556000499942,106.619766924737,3.0,0,0,-0.3306552193971129,0.0,0.0,0.0,0.0,1.0
4785,0.5626351999909364,0.3076923076923077,3.566232722406522,10.8043848723804,106.798438977988,3.0,0,0,0.4757863711357461,0.0,0.0,1.0,0.0,0.0
901,-0.3038236354463698,0.15384615384615385,-0.4391709580720064,10.8196069277096,106.702971380125,2.0,0,1,-0.3306552193971129,0.0,0.0,0.0,0.0,1.0
3744,0.4421497898439041,0.15384615384615385,-0.13659775324274978,10.69103710273572,106.72113707910906,0.0,1,1,-0.09639304316274322,0.0,0.0,0.0,0.0,1.0
2026,0.3997026173414371,0.3076923076923077,0.5849971026224333,10.8717367612738,106.673776991665,3.0,0,0,0.11316161425994499,0.0,0.0,0.0,1.0,0.0
4234,-0.35076329075821017,0.07692307692307693,-1.7072229052631471,10.8435886548119,106.636970480082,2.0,0,0,-0.9028346336956022,0.0,0.0,0.0,1.0,0.0
1917,-0.5278863642596802,0.07692307692307693,-1.7072229052631471,10.7971930139604,106.672562818992,3.0,0,0,0.11316161425994499,0.0,0.0,0.0,1.0,0.0
1828,-1.6356139825265459,0.07692307692307693,0.1302907279796492,10.8069977973289,106.718642646213,3.0,0,0,-2.28145563852695,0.0,0.0,0.0,1.0,0.0
1573,-0.2360953837240995,0.15384615384615385,0.963530485543728,10.7818799954481,106.760318633169,3.0,0,0,-1.265459390571404,0.0,0.0,1.0,0.0,0.0
4415,-0.7920776985802562,0.23076923076923078,-0.7884660886417492,10.8550473499013,106.655626673646,0.0,1,0,0.11316161425994499,0.0,0.0,0.0,1.0,0.0
4749,-0.011343228479551189,0.07692307692307693,-0.13659775324274978,10.7975781629897,106.705187672054,0.0,1,1,0.11316161425994499,0.0,0.0,0.0,0.0,0.0
5521,0.21656469094070732,0.23076923076923078,0.1302907279796492,10.7543941224767,106.619412020409,3.0,0,1,0.11316161425994499,0.0,0.0,0.0,0.0,1.0
4654,-2.023512976627764,0.15384615384615385,0.1302907279796492,10.7923710798704,106.681948425483,3.0,0,1,-0.09639304316274322,0.0,0.0,0.0,0.0,1.0
4208,-0.1926076911174569,0.07692307692307693,-0.4391709580720064,10.7904576090174,106.692544003124,3.0,0,0,-0.3306552193971129,0.0,0.0,1.0,0.0,0.0
4627,0.4560322857850593,0.23076923076923078,0.1302907279796492,10.7896741560731,106.675056608785,2.0,0,0,0.11316161425994499,0.0,0.0,0.0,1.0,0.0
224,-0.6395223895560433,0.07692307692307693,-0.13659775324274978,10.807973250764,106.702872867386,0.0,1,1,-0.5962397703258719,0.0,0.0,0.0,1.0,0.0
723,-0.10929128578611225,0.15384615384615385,-1.7072229052631471,10.7264830507236,106.733182160318,1.0,0,0,0.11316161425994499,0.0,0.0,0.0,0.0,1.0
5645,-2.179285860273359,0.07692307692307693,-0.13659775324274978,10.8655144033803,106.614482632025,0.0,1,1,-1.709276224228461,1.0,0.0,1.0,0.0,0.0
1141,0.6859128205146215,0.0,-0.7884660886417492,10.7035456595396,106.703756976063,2.0,0,0,-2.28145563852695,0.0,0.0,0.0,1.0,0.0
2762,0.18370833978305584,0.23076923076923078,0.5849971026224333,10.8024011966708,106.689872515059,0.0,1,0,0.4757863711357461,0.0,0.0,0.0,1.0,0.0
846,-0.37480406362233243,0.15384615384615385,-0.13659775324274978,10.789555600498,106.80375421683,0.0,1,0,-0.3306552193971129,0.0,0.0,0.0,1.0,0.0
4289,-0.5278863642596802,0.23076923076923078,-0.4391709580720064,10.7849880071485,106.64076567864,2.0,0,0,-0.09639304316274322,0.0,0.0,0.0,1.0,0.0
5042,0.18370833978305584,0.23076923076923078,-0.4391709580720064,10.838862966335,106.648861086749,3.0,0,0,0.4757863711357461,0.0,0.0,0.0,1.0,0.0
2551,0.3261314717355513,0.23076923076923078,2.0502110105697895,10.7663358205495,106.659282939377,0.0,1,0,0.4757863711357461,0.0,0.0,0.0,1.0,0.0
2928,0.3411414986789205,0.15384615384615385,0.1302907279796492,10.7728352028459,106.686805256846,3.0,0,1,0.4757863711357461,1.0,0.0,0.0,1.0,0.0
117,-1.2389923970188421,0.23076923076923078,-0.13659775324274978,10.772628552662,106.684349477756,0.0,1,1,-0.3306552193971129,0.0,0.0,0.0,0.0,1.0
645,-0.17133430316050988,0.07692307692307693,-0.4391709580720064,10.8763757168092,106.773334421199,3.0,0,0,-0.3306552193971129,0.0,0.0,0.0,1.0,0.0
3,1.9504022257825453,0.15384615384615385,-0.13659775324274978,21.02894860978742,105.85244722590336,0.0,1,1,0.6349856886503463,0.0,1.0,0.0,1.0,0.0
4170,0.3707119834879608,0.0,0.1302907279796492,10.8099691464846,106.698642272064,3.0,0,0,-0.09639304316274322,0.0,0.0,1.0,0.0,0.0
467,-1.2831292553680742,0.3076923076923077,-1.2015945422910468,10.7825973653339,106.608993948363,2.0,0,0,-0.5962397703258719,0.0,0.0,0.0,0.0,1.0
5,2.1389983031169923,0.23076923076923078,-0.13659775324274978,10.84037,106.8447,0.0,1,1,0.782381234505476,0.0,0.0,0.0,1.0,0.0
919,0.3707119834879608,0.23076923076923078,-0.13659775324274978,21.0289486097874,105.852447225903,0.0,1,1,0.11316161425994499,0.0,1.0,0.0,1.0,0.0
2595,-0.37480406362233243,0.07692307692307693,-0.13659775324274978,10.8196127408011,106.702427668136,3.0,0,0,-1.265459390571404,0.0,0.0,1.0,0.0,0.0
4324,-0.5826509567402912,0.15384615384615385,-0.7884660886417492,10.7869510672708,106.76362445578,2.0,0,0,-0.3306552193971129,0.0,0.0,0.0,0.0,1.0
1063,-2.023512976627764,0.07692307692307693,-0.13659775324274978,10.8661607316559,106.642739321457,0.0,1,1,-1.265459390571404,0.0,0.0,0.0,0.0,1.0
2590,-0.6395223895560433,0.15384615384615385,-0.13659775324274978,10.6928770668793,106.740810400381,0.0,1,1,0.11316161425994499,0.0,0.0,0.0,0.0,1.0
242,-0.4240911260771986,0.07692307692307693,-1.7072229052631471,10.7500825693968,106.696866955608,0.0,1,0,-0.5962397703258719,0.0,0.0,0.0,0.0,1.0
5474,1.2332195493977356,0.23076923076923078,2.0502110105697895,10.7559025185486,106.606050792636,0.0,1,0,2.487789455704138,0.0,0.0,0.0,1.0,0.0
1160,-0.37480406362233243,0.07692307692307693,-1.7072229052631471,10.6915804820348,106.735986944642,0.0,1,0,-1.265459390571404,0.0,0.0,0.0,0.0,1.0
2870,-0.5826509567402912,0.3076923076923077,-0.4391709580720064,10.8127847724643,106.696668916607,2.0,0,0,0.4757863711357461,0.0,0.0,0.0,1.0,0.0
3735,0.3707119834879608,0.15384615384615385,-0.13659775324274978,10.829386170762463,106.61606054753064,0.0,1,1,0.11316161425994499,0.0,0.0,0.0,1.0,0.0
2397,-0.2360953837240995,0.3076923076923077,-0.4391709580720064,10.80175547164,106.698640088157,3.0,0,0,0.782381234505476,0.0,0.0,0.0,0.0,1.0
3517,-0.6395223895560433,0.15384615384615385,-1.2015945422910468,10.7015786762276,106.740903280537,3.0,0,0,0.11316161425994499,0.0,0.0,0.0,0.0,1.0
3421,0.5754359289154177,0.15384615384615385,0.963530485543728,10.8314460366643,106.727860462271,0.0,1,0,0.11316161425994499,0.0,0.0,1.0,0.0,0.0
2563,0.21656469094070732,0.15384615384615385,-0.4391709580720064,10.8414304495881,106.676676515447,2.0,0,0,-0.09639304316274322,0.0,0.0,0.0,0.0,1.0
1605,0.11572050155235063,0.23076923076923078,-0.13659775324274978,10.67824,106.7539,0.0,1,0,0.11316161425994499,0.0,0.0,0.0,0.0,1.0
6072,0.21656469094070732,0.3076923076923077,-1.2015945422910468,10.7682379737019,106.70153455776,3.0,0,0,2.3634408616661546,0.0,0.0,0.0,0.0,1.0
2324,0.29564637201642957,0.15384615384615385,-1.2015945422910468,10.7502029635568,106.71566169709,2.0,0,0,-0.5962397703258719,0.0,0.0,0.0,0.0,1.0
2709,-0.011343228479551189,0.07692307692307693,0.1302907279796492,10.7986740112071,106.687536229392,3.0,0,1,0.11316161425994499,0.0,0.0,0.0,1.0,0.0
5527,-5.150895557680471,0.23076923076923078,-0.13659775324274978,10.7780523990374,106.635016085845,0.0,1,1,-1.709276224228461,0.0,1.0,0.0,1.0,0.0
1312,0.11572050155235063,0.23076923076923078,-0.7884660886417492,10.8076833091042,106.703590017968,3.0,0,0,0.30272686033993124,0.0,0.0,0.0,0.0,0.0
3448,-0.6986692748486453,0.23076923076923078,-1.2015945422910468,10.8351747994034,106.639532872066,3.0,0,0,-0.3306552193971129,0.0,0.0,0.0,0.0,1.0
3812,0.08051705379647196,0.23076923076923078,0.1302907279796492,10.7746705986932,106.664261816404,3.0,0,1,0.11316161425994499,0.0,0.0,0.0,1.0,0.0
5856,-0.04974733457061966,0.3076923076923077,-0.4391709580720064,10.8674794624733,106.626432994545,2.0,0,1,0.782381234505476,0.0,0.0,0.0,0.0,1.0
2362,-2.263793143603038,0.07692307692307693,-0.13659775324274978,10.7895675770352,106.674943349223,0.0,1,1,-1.265459390571404,0.0,0.0,0.0,0.0,1.0
1975,0.16700223033751904,0.07692307692307693,-0.7884660886417492,10.8863427526805,106.768202970068,3.0,0,0,-0.5962397703258719,0.0,0.0,0.0,1.0,0.0
3514,-0.25832850878387886,0.07692307692307693,-0.7884660886417492,10.8431172169579,106.634313683053,0.0,1,0,-0.09639304316274322,0.0,0.0,1.0,0.0,0.0
1761,1.1918029769217138,0.15384615384615385,-0.4391709580720064,10.7819539579719,106.674688717698,2.0,0,1,0.9196032047928032,0.0,0.0,0.0,1.0,0.0
2739,-1.0745480811548156,0.15384615384615385,0.1302907279796492,10.777081321552,106.664119276044,3.0,0,1,0.11316161425994499,0.0,0.0,0.0,1.0,0.0
5939,-1.4741655642529736,0.15384615384615385,-0.13659775324274978,10.7935446584349,106.687266964296,0.0,1,1,-0.5962397703258719,0.0,0.0,0.0,0.0,1.0
2472,-1.0745480811548156,0.23076923076923078,-0.13659775324274978,10.8481451177547,106.647752604695,0.0,1,1,-0.3306552193971129,0.0,0.0,0.0,0.0,1.0
4007,-0.1926076911174569,0.07692307692307693,0.1302907279796492,10.799451494874482,106.61344673484564,3.0,0,1,-1.265459390571404,0.0,0.0,0.0,1.0,0.0
4718,-3.5756486949000945,0.15384615384615385,-1.7072229052631471,10.8193625533972,106.702385622116,3.0,0,0,-1.709276224228461,0.0,0.0,0.0,0.0,1.0
1493,-0.28090108395535385,0.23076923076923078,-0.4391709580720064,10.8749669140788,106.658175244287,2.0,0,0,0.11316161425994499,0.0,0.0,0.0,0.0,1.0
4206,-0.069330070593773,0.3076923076923077,0.1302907279796492,10.7936230690211,106.642262593944,3.0,0,1,0.30272686033993124,0.0,1.0,0.0,1.0,0.0
2158,-0.28090108395535385,0.3076923076923077,0.1302907279796492,10.7613311946529,106.660698905116,3.0,0,1,0.9196032047928032,0.0,0.0,0.0,0.0,1.0
1169,-0.7291543745677658,0.07692307692307693,-0.7884660886417492,10.8656525386231,106.686372358971,0.0,1,0,-0.9028346336956022,0.0,0.0,0.0,0.0,1.0
6082,-0.6395223895560433,0.23076923076923078,-0.13659775324274978,10.7947102243853,106.683235983097,0.0,1,1,-0.09639304316274322,0.0,0.0,0.0,0.0,1.0
232,-0.7920776985802562,0.3076923076923077,-0.4391709580720064,10.7918227576866,106.671682759907,2.0,0,0,-0.9028346336956022,0.0,0.0,1.0,0.0,0.0
66,-0.9622048207552769,0.15384615384615385,-0.4391709580720064,10.784824693577,106.612185097965,0.0,1,0,-0.9028346336956022,0.0,0.0,0.0,1.0,0.0
1603,0.4421497898439041,0.23076923076923078,2.0502110105697895,10.87555,106.6287,3.0,0,0,-0.09639304316274322,0.0,0.0,0.0,0.0,1.0
3283,-0.04974733457061966,0.15384615384615385,2.0502110105697895,10.7711980898421,106.632051374763,3.0,0,0,-0.09639304316274322,0.0,0.0,0.0,0.0,1.0
3596,1.548355038020884,0.23076923076923078,1.5713987371125986,10.793477351722,106.740804074097,0.0,1,0,-0.5962397703258719,0.0,0.0,0.0,0.0,1.0
4632,-0.12968436710496703,0.15384615384615385,-0.4391709580720064,10.8787014377395,106.66872230772,3.0,0,0,-0.3306552193971129,0.0,0.0,0.0,0.0,1.0
125,-0.6395223895560433,0.07692307692307693,-1.7072229052631471,10.7264209944877,106.733672277532,0.0,1,0,-0.9028346336956022,0.0,0.0,0.0,0.0,0.0
5350,-0.37480406362233243,0.15384615384615385,0.1302907279796492,10.7984454930985,106.630819100485,2.0,0,0,-0.09639304316274322,0.0,1.0,0.0,1.0,0.0
1296,0.21656469094070732,0.23076923076923078,0.5849971026224333,10.7016926583886,106.728657101471,0.0,1,0,0.11316161425994499,0.0,0.0,0.0,0.0,1.0
1976,-0.5012464551475065,0.3076923076923077,0.5849971026224333,10.7660580389772,106.683124534742,3.0,0,0,0.6349856886503463,0.0,0.0,0.0,0.0,1.0
5686,0.04445490123643577,0.0,0.1302907279796492,10.6511012817717,106.730034759751,3.0,0,1,-2.28145563852695,0.0,0.0,0.0,0.0,1.0
5640,1.9096141230099288,0.4615384615384616,0.1302907279796492,10.8006458627183,106.656561497051,3.0,0,1,1.5888228250383352,0.0,0.0,0.0,1.0,0.0
2075,0.6740374558259857,0.07692307692307693,-1.7072229052631471,10.7648544553244,106.616571812654,0.0,1,0,-0.09639304316274322,0.0,0.0,0.0,0.0,1.0
4580,-0.10929128578611225,0.07692307692307693,1.1314541939483909,10.7756720971117,106.630786725082,3.0,0,0,0.11316161425994499,0.0,1.0,0.0,1.0,0.0
5948,1.149192680354979,0.23076923076923078,0.1302907279796492,10.8142862356878,106.697770032625,3.0,0,1,2.9674438298696835,0.0,0.0,0.0,0.0,1.0
3086,-0.4750780736920162,0.23076923076923078,-0.4391709580720064,10.8869239995503,106.723938878297,3.0,0,0,-0.3306552193971129,0.0,0.0,0.0,1.0,0.0
5456,-0.6688000780565717,0.0,2.0502110105697895,10.7467911142573,106.574763209047,3.0,0,0,-0.9028346336956022,0.0,1.0,0.0,1.0,0.0
3345,0.8639894412629446,0.23076923076923078,0.963530485543728,10.8307601866211,106.705556199916,0.0,1,0,0.6349856886503463,0.0,0.0,0.0,0.0,0.0
5620,0.310967493112446,0.23076923076923078,-0.4391709580720064,10.7013431350211,106.741203782755,2.0,0,0,-0.09639304316274322,0.0,0.0,0.0,0.0,0.0
2797,1.680844370306744,0.15384615384615385,-1.2015945422910468,10.750202531496,106.639926175869,2.0,0,0,2.7683848679745173,0.0,0.0,0.0,1.0,0.0
918,-0.4240911260771986,0.3076923076923077,-0.4391709580720064,10.7911480155676,106.685059940209,3.0,0,0,0.30272686033993124,0.0,0.0,0.0,1.0,0.0
1646,-1.4741655642529736,0.15384615384615385,0.1302907279796492,10.7933481701381,106.68758352064,3.0,0,1,-0.5962397703258719,0.0,0.0,0.0,1.0,0.0
5122,2.1478250454836836,0.3076923076923077,0.1302907279796492,10.7671514719651,106.69496352316,3.0,0,1,2.6048190729938816,0.0,0.0,0.0,1.0,0.0
5126,-0.8245729617021663,0.07692307692307693,-0.4391709580720064,10.8105063225887,106.713689799989,2.0,0,1,-0.5962397703258719,0.0,0.0,0.0,0.0,1.0
4978,0.7776305923124383,0.15384615384615385,0.1302907279796492,10.7718350041527,106.777340982817,3.0,0,1,1.2822279616686043,0.0,0.0,0.0,1.0,0.0
4621,1.5014153827090437,0.38461538461538464,-0.13659775324274978,10.8007129969146,106.591283504011,0.0,1,1,3.7738854204025416,0.0,0.0,0.0,0.0,1.0
364,-0.8577985162466776,0.15384615384615385,-0.13659775324274978,10.8010764100757,106.69863082665,0.0,1,1,0.11316161425994499,0.0,0.0,0.0,0.0,1.0
3287,0.8639894412629446,0.15384615384615385,0.963530485543728,10.7124,106.6418,3.0,0,0,0.6349856886503463,0.0,0.0,0.0,1.0,0.0
2125,0.2487067167045892,0.15384615384615385,-0.4391709580720064,10.7578394655976,106.6800710142,2.0,0,1,0.4757863711357461,0.0,0.0,0.0,1.0,0.0
4123,0.3707119834879608,0.3076923076923077,-0.4391709580720064,10.8189786602683,106.678698797365,2.0,0,1,0.4757863711357461,0.0,0.0,0.0,1.0,0.0
4569,-0.4750780736920162,0.15384615384615385,-0.7884660886417492,10.7994482593051,106.619252977693,2.0,0,0,-0.09639304316274322,0.0,0.0,1.0,0.0,0.0
525,-1.424042969164965,0.23076923076923078,-0.4391709580720064,10.7721217867551,106.679512246845,2.0,0,1,-0.5962397703258719,0.0,0.0,0.0,0.0,0.0
4821,-0.5826509567402912,0.07692307692307693,-0.13659775324274978,10.7266001184042,106.733556471358,0.0,1,1,-0.5962397703258719,0.0,0.0,0.0,0.0,1.0
55,-0.6395223895560433,0.15384615384615385,-0.13659775324274978,10.7718045993619,106.586195345411,0.0,1,1,-0.3306552193971129,0.0,0.0,0.0,0.0,1.0
638,-0.8917879431693261,0.23076923076923078,-1.2015945422910468,10.7766062469365,106.700683498181,0.0,1,0,0.4757863711357461,0.0,0.0,0.0,0.0,1.0
302,1.6192323323713378,0.07692307692307693,0.1302907279796492,10.8417340291773,106.72544412912,3.0,0,1,-0.3306552193971129,0.0,0.0,0.0,1.0,0.0
2766,-1.3286243820305652,0.15384615384615385,0.5849971026224333,10.8303481845741,106.63299999857,1.0,0,0,-0.3306552193971129,0.0,0.0,0.0,1.0,0.0
1276,-0.6108132359423499,0.15384615384615385,-0.4391709580720064,10.8200697726309,106.70402158704,3.0,0,0,-0.5962397703258719,0.0,0.0,1.0,0.0,0.0
4720,-0.12968436710496703,0.23076923076923078,0.963530485543728,10.825294121460518,106.71736338097642,3.0,0,0,-0.09639304316274322,0.0,0.0,0.0,1.0,0.0
2055,0.6378280961214066,0.4615384615384616,0.1302907279796492,10.7761992145328,106.66341177998,3.0,0,1,1.769759295385021,0.0,0.0,0.0,0.0,1.0
5376,0.3707119834879608,0.15384615384615385,0.1302907279796492,10.8320965537246,106.676829129106,3.0,0,1,0.11316161425994499,0.0,0.0,0.0,1.0,0.0
5145,-0.069330070593773,0.15384615384615385,-0.4391709580720064,10.7743101998105,106.696947175163,2.0,0,1,1.4917826190912926,0.0,0.0,1.0,0.0,0.0
4432,1.2814349619334375,0.38461538461538464,-0.13659775324274978,10.7898789677855,106.689753537106,0.0,1,1,-0.09639304316274322,0.0,0.0,0.0,1.0,0.0
3644,-1.4741655642529736,0.3076923076923077,-1.7072229052631471,10.8034550377448,106.67816288595,0.0,1,0,0.11316161425994499,0.0,0.0,0.0,1.0,0.0
4143,-0.5278863642596802,0.07692307692307693,-1.2015945422910468,10.7903166843798,106.708869811721,0.0,1,0,-0.5962397703258719,0.0,0.0,1.0,0.0,0.0
2878,0.7887053628600965,0.23076923076923078,-0.13659775324274978,10.8565488642083,106.620765347236,0.0,1,1,2.487789455704138,0.0,1.0,0.0,1.0,0.0
4202,-0.069330070593773,0.15384615384615385,-0.13659775324274978,10.7985496738045,106.66612057337,0.0,1,1,0.30272686033993124,0.0,1.0,0.0,1.0,0.0
5175,1.0322918486676274,0.23076923076923078,0.1302907279796492,10.777139,106.78751,3.0,0,1,-0.09639304316274322,0.0,0.0,0.0,1.0,0.0
2286,0.48341223409930084,0.0,0.963530485543728,10.864446644622,106.640222049905,3.0,0,0,-1.265459390571404,0.0,0.0,0.0,1.0,0.0
2261,-0.37480406362233243,0.4615384615384616,0.1302907279796492,10.7672866835504,106.700061181449,3.0,0,1,-0.09639304316274322,0.0,0.0,0.0,1.0,0.0
5240,1.7341819162783039,0.5384615384615385,0.1302907279796492,10.8109077887677,106.713781492177,3.0,0,1,-0.3306552193971129,0.0,1.0,0.0,1.0,0.0
2296,0.28016481741637705,0.23076923076923078,-0.4391709580720064,10.7760015037526,106.663288782514,2.0,0,1,0.30272686033993124,1.0,0.0,0.0,1.0,0.0
1753,0.04445490123643577,0.23076923076923078,0.1302907279796492,10.6778660744823,106.753035545277,3.0,0,0,0.11316161425994499,0.0,0.0,0.0,0.0,1.0
5197,0.310967493112446,0.15384615384615385,0.1302907279796492,10.7899204613288,106.646524532946,3.0,0,1,0.30272686033993124,0.0,1.0,0.0,1.0,0.0
1968,0.4421497898439041,0.15384615384615385,-0.4391709580720064,10.6749716701932,106.698468424459,0.0,1,0,1.3897638631431688,0.0,0.0,1.0,0.0,0.0
5462,-0.28090108395535385,0.15384615384615385,-0.4391709580720064,10.7578851716508,106.612596386526,0.0,1,0,0.11316161425994499,0.0,0.0,0.0,0.0,1.0
3117,0.21656469094070732,0.0,0.1302907279796492,10.841082415338,106.725383121887,3.0,0,1,-1.709276224228461,0.0,0.0,0.0,1.0,0.0
2393,-1.0745480811548156,0.07692307692307693,0.1302907279796492,10.7378003112283,106.662795492147,3.0,0,1,-1.265459390571404,0.0,0.0,1.0,0.0,0.0
523,-1.2831292553680742,0.23076923076923078,-0.13659775324274978,10.772477946782,106.684450106326,0.0,1,1,-0.3306552193971129,0.0,0.0,0.0,0.0,1.0
3900,-0.2360953837240995,0.07692307692307693,0.1302907279796492,10.7813218181587,106.63546904706,3.0,0,1,-1.265459390571404,0.0,0.0,0.0,1.0,0.0
5869,0.8214404629449784,0.23076923076923078,0.1302907279796492,10.7523320502662,106.627839367804,0.0,1,0,1.3897638631431688,0.0,1.0,0.0,1.0,0.0
4699,1.3584562801307782,0.23076923076923078,0.1302907279796492,10.7903453149292,106.732524295956,3.0,0,1,-0.09639304316274322,0.0,0.0,0.0,0.0,1.0
5551,-0.10929128578611225,0.07692307692307693,0.1302907279796492,10.7562668963036,106.618388133957,3.0,0,1,-1.265459390571404,0.0,0.0,0.0,1.0,0.0
3122,-0.069330070593773,0.07692307692307693,0.5849971026224333,10.8115421626175,106.709036995945,3.0,0,0,-0.3306552193971129,0.0,0.0,0.0,1.0,0.0
4156,0.6378280961214066,0.3076923076923077,3.8269721276221884,10.8007521132909,106.656318818804,3.0,0,0,0.6349856886503463,0.0,0.0,0.0,0.0,1.0
1969,-0.08917566997524837,0.23076923076923078,-0.4391709580720064,10.8104877110585,106.713742699848,3.0,0,0,-0.09639304316274322,0.0,0.0,0.0,0.0,1.0
671,0.4560322857850593,0.23076923076923078,0.1302907279796492,10.8415044237752,106.725404666699,3.0,0,1,0.4757863711357461,1.0,0.0,0.0,1.0,0.0
4188,-0.37480406362233243,0.23076923076923078,0.1302907279796492,10.8079934719107,106.704151205567,3.0,0,1,-0.09639304316274322,0.0,1.0,0.0,0.0,0.0
666,-0.7920776985802562,0.15384615384615385,0.1302907279796492,10.8358275331579,106.660902508118,3.0,0,1,-0.09639304316274322,0.0,0.0,1.0,0.0,0.0
5448,0.48341223409930084,0.23076923076923078,2.0502110105697895,10.750249208905451,106.7364948268781,0.0,1,0,-0.09639304316274322,0.0,0.0,0.0,0.0,1.0
1887,-0.03042058936361902,0.23076923076923078,0.1302907279796492,10.8635445982439,106.625547628409,2.0,0,0,0.4757863711357461,0.0,0.0,0.0,0.0,1.0
3266,1.2814349619334375,0.0,0.963530485543728,10.7748853558729,106.761615438318,3.0,0,0,-0.5962397703258719,0.0,0.0,0.0,0.0,1.0
280,-0.4750780736920162,0.23076923076923078,-1.2015945422910468,10.7840623067389,106.651297121468,3.0,0,0,0.4757863711357461,0.0,0.0,1.0,0.0,0.0
1719,-0.6395223895560433,0.23076923076923078,-0.7884660886417492,10.7094023672115,106.737585067749,2.0,0,0,0.11316161425994499,0.0,0.0,0.0,0.0,1.0
2947,-0.6986692748486453,0.07692307692307693,-0.13659775324274978,10.8301429271452,106.633231326285,0.0,1,1,-1.265459390571404,0.0,0.0,0.0,1.0,0.0
4455,1.312726605208099,0.15384615384615385,-0.13659775324274978,10.7519572625591,106.617061362404,0.0,1,1,0.11316161425994499,0.0,0.0,0.0,1.0,0.0
899,-1.0361439750637471,0.07692307692307693,-2.3590912406621465,10.8003101994466,106.692581221359,3.0,0,0,-0.9028346336956022,0.0,0.0,0.0,0.0,1.0
6103,0.21656469094070732,0.23076923076923078,-1.2015945422910468,10.7994461343095,106.702931259649,2.0,0,0,1.1685438955241836,0.0,0.0,1.0,0.0,0.0
760,-0.5012464551475065,0.07692307692307693,-0.4391709580720064,10.8053535364429,106.681788052945,0.0,1,0,-0.5962397703258719,0.0,0.0,0.0,1.0,0.0
1906,0.895116379479229,0.15384615384615385,-0.4391709580720064,10.8010886541428,106.683889686156,3.0,0,0,1.2822279616686043,0.0,0.0,0.0,0.0,1.0
4042,0.310967493112446,0.3076923076923077,0.963530485543728,10.7492806385731,106.716799880789,0.0,1,0,0.782381234505476,0.0,0.0,0.0,0.0,1.0
3823,0.7093811696941079,0.15384615384615385,-0.13659775324274978,10.712943465339396,106.66070256382228,0.0,1,1,0.11316161425994499,0.0,1.0,0.0,1.0,0.0
4138,-1.113976416559445,0.07692307692307693,-0.13659775324274978,10.8148914749106,106.672534727054,0.0,1,1,-1.265459390571404,0.0,0.0,0.0,1.0,0.0
3818,-0.04974733457061966,0.15384615384615385,-0.13659775324274978,21.02894860978742,105.85244722590336,0.0,1,1,-0.5962397703258719,0.0,1.0,0.0,1.0,0.0
4300,-0.6395223895560433,0.23076923076923078,-2.3590912406621465,10.8439625450561,106.595294326821,3.0,0,0,0.4757863711357461,0.0,0.0,0.0,1.0,0.0
2593,-0.6395223895560433,0.07692307692307693,0.1302907279796492,10.8061842405489,106.668378490407,3.0,0,1,-1.265459390571404,0.0,0.0,1.0,0.0,0.0
4164,0.5881267789832482,0.0,0.963530485543728,10.7406650259236,106.715034063791,0.0,1,0,-1.709276224228461,0.0,0.0,0.0,0.0,1.0
3031,-0.03042058936361902,0.15384615384615385,-1.2015945422910468,10.7838913068797,106.657772051448,3.0,0,0,0.30272686033993124,0.0,0.0,0.0,0.0,1.0
3579,0.11572050155235063,0.15384615384615385,0.1302907279796492,10.8014201790948,106.652622556902,0.0,1,0,-0.3306552193971129,0.0,0.0,0.0,1.0,0.0
2832,0.007491102083431382,0.23076923076923078,-0.4391709580720064,10.787987865593,106.656738923808,0.0,1,0,0.4757863711357461,0.0,0.0,0.0,0.0,1.0
5449,0.3707119834879608,0.23076923076923078,-0.7884660886417492,10.7449929826099,106.715685722816,0.0,1,0,-0.09639304316274322,0.0,0.0,0.0,1.0,0.0
3472,1.2575237945881357,0.5384615384615385,0.1302907279796492,10.8071207057055,106.718755938384,3.0,0,1,-1.265459390571404,0.0,0.0,0.0,1.0,0.0
137,-0.7920776985802562,0.3076923076923077,1.1314541939483909,10.7548232705448,106.637134741272,3.0,0,0,0.11316161425994499,0.0,0.0,0.0,1.0,0.0
4892,-0.6986692748486453,0.07692307692307693,-1.2015945422910468,10.7338904720091,106.65885483985,2.0,0,0,-0.9028346336956022,0.0,1.0,0.0,1.0,0.0
2180,-0.12968436710496703,0.3076923076923077,0.5849971026224333,10.7790108232049,106.667704453943,0.0,1,0,0.9196032047928032,0.0,0.0,0.0,0.0,1.0
2128,-0.4493648176687783,0.15384615384615385,0.1302907279796492,10.7612922368563,106.689998980946,3.0,0,1,0.30272686033993124,0.0,0.0,0.0,1.0,0.0
3177,-0.1926076911174569,0.07692307692307693,0.1302907279796492,10.8075787318954,106.703783452036,3.0,0,0,-1.265459390571404,0.0,0.0,0.0,0.0,1.0
4854,0.6378280961214066,0.23076923076923078,0.1302907279796492,10.8422718421073,106.630570913092,3.0,0,1,0.9196032047928032,0.0,0.0,0.0,1.0,0.0
4637,0.9652944659873779,0.15384615384615385,-0.7884660886417492,10.7956567828622,106.648408193908,2.0,0,0,0.11316161425994499,0.0,0.0,0.0,0.0,1.0
5115,-0.6688000780565717,0.23076923076923078,-0.13659775324274978,10.7915159690551,106.674642663167,0.0,1,1,-0.3306552193971129,0.0,0.0,0.0,0.0,1.0
5484,0.7324828108776685,0.3076923076923077,-0.4391709580720064,10.7505524718127,106.735963820893,3.0,0,0,2.820048284014553,0.0,0.0,0.0,1.0,0.0
4261,-1.4741655642529736,0.23076923076923078,-1.2015945422910468,10.7881803139323,106.652490949703,0.0,1,0,-0.5962397703258719,0.0,0.0,0.0,0.0,1.0
4344,0.3997026173414371,0.0,0.1302907279796492,10.7501165700732,106.723045358464,3.0,0,1,-2.28145563852695,0.0,0.0,0.0,1.0,0.0
1331,-0.4493648176687783,0.23076923076923078,0.1302907279796492,10.7952921558614,106.677393462935,3.0,0,1,0.4757863711357461,0.0,0.0,0.0,1.0,0.0
2017,-0.17133430316050988,0.23076923076923078,2.0502110105697895,10.7700040596991,106.688646300021,3.0,0,0,0.11316161425994499,0.0,0.0,0.0,1.0,0.0
4542,1.0322918486676274,0.23076923076923078,-0.13659775324274978,10.79975871696,106.792263145233,0.0,1,1,0.11316161425994499,0.0,0.0,0.0,0.0,1.0
2482,-0.6986692748486453,0.23076923076923078,-1.7072229052631471,10.7403954519483,106.735580304345,1.0,0,0,-0.09639304316274322,0.0,0.0,0.0,0.0,1.0
1358,-0.7920776985802562,0.0,1.434027398777648,10.6784202376554,106.753379215559,3.0,0,0,-1.265459390571404,0.0,0.0,1.0,0.0,0.0
1329,-0.3271071868061051,0.07692307692307693,0.1302907279796492,10.7867329553206,106.677912251094,3.0,0,1,-0.9028346336956022,0.0,0.0,0.0,1.0,0.0
6204,-1.1961350497447065,0.23076923076923078,-2.3590912406621465,10.819990901855,106.704257101226,3.0,0,0,-0.5962397703258719,0.0,0.0,0.0,1.0,0.0
2150,3.566267755628212,0.23076923076923078,0.1302907279796492,10.7918378989928,106.697115210376,3.0,0,1,1.3897638631431688,0.0,0.0,0.0,1.0,0.0
4530,0.3261314717355513,0.0,0.1302907279796492,10.8581124749156,106.623877864887,3.0,0,0,0.6349856886503463,1.0,0.0,0.0,1.0,0.0
2122,-0.21419165043464608,0.3076923076923077,0.1302907279796492,10.7601802046099,106.688560561909,3.0,0,1,0.11316161425994499,0.0,0.0,0.0,1.0,0.0
4673,0.3707119834879608,0.23076923076923078,-0.13659775324274978,10.7246390560629,106.680502347632,0.0,1,1,0.11316161425994499,0.0,1.0,0.0,1.0,0.0
3981,0.1330128034148692,0.15384615384615385,-0.4391709580720064,10.8269789155947,106.762075278474,2.0,0,1,-0.09639304316274322,0.0,0.0,0.0,1.0,0.0
1252,-0.04974733457061966,0.15384615384615385,-0.4391709580720064,10.7721854584676,106.669468327751,2.0,0,1,-0.3306552193971129,0.0,0.0,0.0,1.0,0.0
3278,-1.0745480811548156,0.23076923076923078,2.9327121238363367,10.7985914717154,106.687190429851,3.0,0,0,-0.09639304316274322,0.0,0.0,1.0,0.0,0.0
3374,0.3560006685276249,0.07692307692307693,-0.7884660886417492,10.8682767839465,106.582902858995,0.0,1,0,-0.9028346336956022,0.0,0.0,1.0,0.0,0.0
2814,0.310967493112446,0.23076923076923078,2.0502110105697895,10.7985108034615,106.619863162511,3.0,0,0,0.4757863711357461,0.0,0.0,1.0,0.0,0.0
4719,-2.448843715749161,0.07692307692307693,-1.7072229052631471,10.8021603875691,106.687804568849,3.0,0,0,-1.709276224228461,0.0,0.0,0.0,0.0,1.0
1848,0.6976935597780909,0.23076923076923078,2.9327121238363367,10.7699128217109,106.685758072616,3.0,0,0,1.1685438955241836,0.0,0.0,0.0,1.0,0.0
4858,-0.1926076911174569,0.38461538461538464,0.1302907279796492,10.7611926521837,106.66028633277,3.0,0,1,-0.9028346336956022,0.0,1.0,0.0,1.0,0.0
3037,-0.8917879431693261,0.15384615384615385,-0.13659775324274978,10.7662932307564,106.670260162007,0.0,1,1,0.11316161425994499,0.0,0.0,1.0,0.0,0.0
388,-0.9622048207552769,0.23076923076923078,-1.7072229052631471,10.7919467635138,106.6714652431,3.0,0,0,-0.3306552193971129,0.0,0.0,0.0,0.0,1.0
235,-1.0361439750637471,0.15384615384615385,-0.13659775324274978,10.7220630871685,106.622426511776,0.0,1,1,-0.3306552193971129,0.0,0.0,0.0,1.0,0.0
1077,-0.4240911260771986,0.23076923076923078,0.1302907279796492,10.807888193696,106.703864401991,3.0,0,0,0.4757863711357461,0.0,0.0,0.0,1.0,0.0
1984,-0.04974733457061966,0.23076923076923078,-0.13659775324274978,10.7929889306471,106.615433593908,0.0,1,1,0.30272686033993124,0.0,0.0,0.0,1.0,0.0
4363,0.4421497898439041,0.23076923076923078,0.1302907279796492,10.7976088690214,106.658532531,3.0,0,0,0.11316161425994499,0.0,0.0,0.0,1.0,0.0
3962,-3.4181238008660193,0.07692307692307693,0.5849971026224333,10.649485297329,106.625711021424,3.0,0,0,-0.09639304316274322,0.0,0.0,0.0,0.0,0.0
770,-1.2831292553680742,0.15384615384615385,-0.13659775324274978,10.7903302547539,106.710225310048,0.0,1,1,-0.3306552193971129,0.0,0.0,0.0,1.0,0.0
2165,-0.12968436710496703,0.23076923076923078,-0.13659775324274978,10.8362041177192,106.726331298018,0.0,1,0,0.11316161425994499,0.0,0.0,0.0,0.0,1.0
4533,-1.375564037342406,0.23076923076923078,0.1302907279796492,10.7619857398796,106.67919915965,3.0,0,1,-0.3306552193971129,0.0,0.0,0.0,1.0,0.0
673,0.8428680112644017,0.38461538461538464,1.5713987371125986,10.7777820394828,106.628999160472,0.0,1,0,0.6349856886503463,0.0,0.0,0.0,1.0,0.0
249,-0.5012464551475065,0.07692307692307693,-1.2015945422910468,10.7405398879914,106.735886535537,3.0,0,0,-0.9028346336956022,0.0,0.0,0.0,0.0,1.0
1574,-0.4750780736920162,0.15384615384615385,-0.13659775324274978,10.7265499164673,106.733741438326,0.0,1,1,-0.3306552193971129,0.0,0.0,0.0,0.0,1.0
3419,-0.10929128578611225,0.07692307692307693,0.5849971026224333,10.8483671472051,106.746459852004,0.0,1,0,-1.265459390571404,0.0,0.0,1.0,0.0,0.0
2081,-0.37480406362233243,0.07692307692307693,0.5849971026224333,10.7236209243825,106.61608653143,0.0,1,0,-1.265459390571404,0.0,0.0,0.0,1.0,0.0
1823,0.04445490123643577,0.38461538461538464,0.1302907279796492,10.7766952462528,106.700865695834,2.0,0,0,0.782381234505476,0.0,0.0,0.0,1.0,0.0
5826,0.7093811696941079,0.15384615384615385,-0.13659775324274978,10.713123204133751,106.73379262744017,0.0,1,1,0.11316161425994499,0.0,1.0,1.0,0.0,0.0
6023,0.04445490123643577,0.23076923076923078,0.1302907279796492,10.8801259725602,106.65126196325,2.0,0,0,0.30272686033993124,0.0,0.0,0.0,0.0,1.0
4544,0.6620659332917171,0.07692307692307693,2.0502110105697895,10.8674305854356,106.628351436794,3.0,0,0,-0.5962397703258719,0.0,0.0,1.0,0.0,0.0
716,-1.0361439750637471,0.3076923076923077,-0.13659775324274978,10.791776165079,106.671374149198,0.0,1,1,0.11316161425994499,0.0,0.0,0.0,1.0,0.0
6279,1.7515418999351087,0.23076923076923078,0.1302907279796492,10.8034891663531,106.685214883794,3.0,0,1,2.7683848679745173,0.0,1.0,0.0,1.0,0.0
5876,-0.04974733457061966,0.3076923076923077,-0.13659775324274978,10.7941605733171,106.668502129008,3.0,0,0,0.30272686033993124,0.0,0.0,0.0,1.0,0.0
2048,-1.424042969164965,0.15384615384615385,-0.4391709580720064,10.8302335632737,106.633155643531,2.0,0,1,-0.5962397703258719,0.0,0.0,1.0,0.0,0.0
5264,0.29564637201642957,0.23076923076923078,0.1302907279796492,10.7469487067607,106.688861766845,3.0,0,1,-0.09639304316274322,0.0,0.0,0.0,1.0,0.0
4178,1.149192680354979,0.3076923076923077,-0.13659775324274978,10.7957965672589,106.706874242197,3.0,0,0,2.2307964070632096,0.0,0.0,1.0,0.0,0.0
4809,-0.37480406362233243,0.23076923076923078,-1.7072229052631471,10.8283193483376,106.69040719061177,2.0,0,0,-0.09639304316274322,0.0,1.0,0.0,1.0,0.0
2724,0.7209771111378261,0.4615384615384616,0.1302907279796492,10.7876477250195,106.688377508711,3.0,0,1,0.11316161425994499,0.0,0.0,0.0,1.0,0.0
5690,0.3707119834879608,0.23076923076923078,0.963530485543728,10.8315434818288,106.670881794185,3.0,0,0,0.9196032047928032,0.0,0.0,0.0,0.0,1.0
1460,-0.37480406362233243,0.23076923076923078,-0.7884660886417492,10.8133980778197,106.68999909543,0.0,1,0,-0.5962397703258719,0.0,0.0,0.0,0.0,1.0
1668,-1.0745480811548156,0.15384615384615385,0.1302907279796492,10.7919810359738,106.671571822581,3.0,0,1,-0.9028346336956022,0.0,0.0,0.0,1.0,0.0
2756,0.29564637201642957,0.3076923076923077,0.963530485543728,10.8007484789424,106.776996275601,0.0,1,0,0.30272686033993124,1.0,0.0,0.0,1.0,0.0
2000,1.1918029769217138,0.3076923076923077,0.1302907279796492,10.8850556148914,106.680804279235,3.0,0,1,1.4917826190912926,0.0,0.0,0.0,1.0,0.0
4571,0.26451943380014525,0.15384615384615385,0.963530485543728,10.7906676364939,106.63291868517,3.0,0,0,-0.3306552193971129,0.0,0.0,1.0,0.0,0.0
4613,1.0601009748869976,0.3076923076923077,-0.13659775324274978,10.730612,106.70964,0.0,1,1,1.0479657854342355,0.0,0.0,0.0,1.0,0.0
404,0.18370833978305584,0.3076923076923077,-0.4391709580720064,10.7745999835302,106.664271949817,2.0,0,1,0.30272686033993124,0.0,0.0,0.0,1.0,0.0
384,-0.28090108395535385,0.0,0.1302907279796492,10.8870801232077,106.595770138869,3.0,0,0,-1.265459390571404,0.0,0.0,0.0,0.0,1.0
5652,-0.9622048207552769,0.38461538461538464,0.1302907279796492,10.768375282561,106.697391016142,3.0,0,1,-0.9028346336956022,0.0,0.0,0.0,0.0,1.0
2152,-0.011343228479551189,0.3076923076923077,-1.7072229052631471,10.8070409488699,106.619491026945,0.0,1,0,1.5888228250383352,0.0,0.0,0.0,0.0,0.0
1633,-0.9265771942689038,0.38461538461538464,0.1302907279796492,10.804343609758,106.661002133042,3.0,0,0,1.1685438955241836,0.0,0.0,0.0,0.0,1.0
5770,-0.04974733457061966,0.15384615384615385,-0.13659775324274978,10.69898,106.6419,0.0,1,1,-0.5962397703258719,0.0,0.0,0.0,0.0,1.0
4784,0.08051705379647196,0.3076923076923077,0.963530485543728,10.8054028036405,106.672998280218,3.0,0,0,0.11316161425994499,0.0,1.0,0.0,0.0,1.0
3925,0.21656469094070732,0.38461538461538464,0.1302907279796492,10.7894888043476,106.674795123096,3.0,0,0,2.7153435996542745,0.0,0.0,0.0,0.0,1.0
5336,0.29564637201642957,0.3076923076923077,-0.13659775324274978,10.7986273499979,106.630570236564,0.0,1,1,0.30272686033993124,0.0,0.0,0.0,0.0,1.0
4158,2.7676881342653377,0.23076923076923078,2.9327121238363367,10.7780274809008,106.746577602697,0.0,1,0,0.4757863711357461,0.0,1.0,1.0,0.0,0.0
4948,2.0570925952518233,0.15384615384615385,1.700915880000046,10.7207435070207,106.731781526348,3.0,0,0,-0.09639304316274322,0.0,0.0,0.0,0.0,1.0
5358,-0.35076329075821017,0.3076923076923077,-0.13659775324274978,10.8455008290801,106.718506407361,0.0,1,1,0.30272686033993124,0.0,0.0,0.0,0.0,1.0
223,0.2487067167045892,0.15384615384615385,-0.7884660886417492,10.7884171396539,106.669663654432,0.0,1,0,0.11316161425994499,0.0,0.0,0.0,0.0,1.0
2193,-0.7920776985802562,0.07692307692307693,-0.7884660886417492,10.7837670015611,106.657798728714,3.0,0,0,-0.09639304316274322,0.0,0.0,0.0,0.0,1.0
3136,-0.1926076911174569,0.07692307692307693,2.9327121238363367,10.7641637625423,106.693458925288,0.0,1,0,-0.09639304316274322,1.0,0.0,0.0,1.0,0.0
4469,0.20022778488202966,0.23076923076923078,0.1302907279796492,10.8082514567839,106.706215217661,3.0,0,1,0.782381234505476,0.0,1.0,0.0,1.0,0.0
1824,0.2487067167045892,0.3076923076923077,1.5713987371125986,10.7648940832878,106.694994813531,3.0,0,0,1.0479657854342355,0.0,0.0,0.0,1.0,0.0
5785,1.7743759438410165,0.23076923076923078,-1.7072229052631471,10.79921199889,106.703172302214,3.0,0,0,4.273732147565671,0.0,0.0,0.0,1.0,0.0
5124,-0.03042058936361902,0.07692307692307693,-0.4391709580720064,10.829799395211,106.637876993071,2.0,0,1,-0.5962397703258719,0.0,0.0,0.0,1.0,0.0
4972,1.6065957173672503,0.38461538461538464,0.1302907279796492,10.8023973511541,106.641715744194,3.0,0,1,-0.09639304316274322,0.0,0.0,0.0,1.0,0.0
797,1.2167918808874494,0.3076923076923077,-0.4391709580720064,10.8032726164742,106.716171245899,2.0,0,1,-0.5962397703258719,0.0,0.0,0.0,1.0,0.0
2871,0.04445490123643577,0.15384615384615385,0.1302907279796492,10.6782228155693,106.753471001404,0.0,1,0,0.11316161425994499,0.0,0.0,0.0,0.0,1.0
9,-0.04974733457061966,0.23076923076923078,0.1302907279796492,10.7262758215628,106.73366930962,0.0,1,0,0.11316161425994499,0.0,0.0,0.0,0.0,1.0
1944,-0.6108132359423499,0.15384615384615385,-0.13659775324274978,10.8824259124911,106.681536592013,0.0,1,1,-0.3306552193971129,0.0,0.0,0.0,1.0,0.0
1838,-0.08917566997524837,0.0,-0.4391709580720064,10.7420941038941,106.710263713016,0.0,1,0,-0.09639304316274322,0.0,0.0,0.0,1.0,0.0
4804,0.3707119834879608,0.23076923076923078,0.1302907279796492,10.7527853517297,106.596689369386,3.0,0,1,0.11316161425994499,0.0,0.0,0.0,1.0,0.0
255,0.3261314717355513,0.38461538461538464,2.9327121238363367,10.7892278227174,106.693396750822,0.0,1,0,1.769759295385021,0.0,0.0,0.0,0.0,1.0
4485,0.6378280961214066,0.15384615384615385,0.1302907279796492,10.7851248275803,106.668572194266,3.0,0,1,0.9196032047928032,0.0,0.0,0.0,1.0,0.0
5672,-1.5798158528105595,0.07692307692307693,-0.13659775324274978,10.8421371794392,106.630470678269,0.0,1,1,-1.265459390571404,1.0,0.0,1.0,0.0,0.0
1581,-1.7539551211519617,0.23076923076923078,-1.2015945422910468,10.756662811617,106.652791706602,2.0,0,0,-0.9028346336956022,0.0,0.0,0.0,1.0,0.0
2956,0.5102943374875497,0.15384615384615385,-0.4391709580720064,10.809333729434,106.693056391734,2.0,0,0,0.11316161425994499,0.0,0.0,1.0,0.0,0.0
924,-0.08917566997524837,0.23076923076923078,-1.2015945422910468,10.81090157714,106.70207115606,3.0,0,0,0.9196032047928032,0.0,0.0,0.0,0.0,1.0
5573,-0.04974733457061966,0.3076923076923077,-0.13659775324274978,10.789617135279,106.691797743454,0.0,1,1,1.4917826190912926,0.0,0.0,0.0,1.0,0.0
2508,-0.4240911260771986,0.15384615384615385,-0.7884660886417492,10.8816683557306,106.637998887637,0.0,1,0,-0.3306552193971129,0.0,0.0,0.0,1.0,0.0
5024,1.1578135499990652,0.3076923076923077,3.566232722406522,21.0289486097874,105.852447225903,3.0,0,0,0.11316161425994499,0.0,0.0,0.0,0.0,1.0
5320,1.5614971241535625,0.15384615384615385,2.9327121238363367,10.7835079411097,106.696866279854,3.0,0,0,0.6349856886503463,0.0,0.0,0.0,0.0,1.0
3775,-0.2360953837240995,0.23076923076923078,2.9327121238363367,10.7748719193098,106.690319602575,3.0,0,0,-0.09639304316274322,0.0,0.0,0.0,0.0,1.0
4835,-0.6108132359423499,0.15384615384615385,-0.7884660886417492,10.835352409956,106.754522927994,2.0,0,0,-0.3306552193971129,0.0,0.0,0.0,0.0,1.0
4136,0.04445490123643577,0.38461538461538464,0.5849971026224333,10.8522584480464,106.656151791046,2.0,0,0,0.782381234505476,0.0,0.0,0.0,0.0,1.0
4964,-0.37480406362233243,0.38461538461538464,0.1302907279796492,10.7902496705107,106.690219794288,3.0,0,1,-0.09639304316274322,0.0,1.0,0.0,1.0,0.0
2779,-1.2389923970188421,0.23076923076923078,0.1302907279796492,10.7925808347541,106.677651353526,3.0,0,1,-0.3306552193971129,0.0,0.0,0.0,0.0,1.0
539,0.6378280961214066,0.15384615384615385,-0.4391709580720064,10.7316345229267,106.731591459877,3.0,0,0,-0.09639304316274322,0.0,0.0,1.0,0.0,0.0
2745,0.3707119834879608,0.23076923076923078,-0.13659775324274978,21.0289486097874,105.852447225903,0.0,1,1,0.11316161425994499,0.0,1.0,0.0,1.0,0.0
5659,0.28016481741637705,0.07692307692307693,0.1302907279796492,10.8487844765164,106.631085969411,3.0,0,1,-0.5962397703258719,0.0,0.0,0.0,1.0,0.0
5749,2.371956526184054,0.23076923076923078,0.3690306097293516,10.7856924367509,106.764719537261,0.0,1,0,3.0599688700026273,0.0,0.0,0.0,0.0,1.0
5467,-1.0745480811548156,0.07692307692307693,-1.7072229052631471,10.7380637762464,106.662623983109,1.0,0,0,-1.265459390571404,0.0,0.0,1.0,0.0,0.0
1145,0.04445490123643577,0.07692307692307693,-0.13659775324274978,10.6749384972319,106.698131915863,0.0,1,1,-0.09639304316274322,0.0,0.0,0.0,1.0,0.0
5127,0.5754359289154177,0.3076923076923077,-0.7884660886417492,10.8188687562235,106.678677909927,3.0,0,0,0.4757863711357461,0.0,0.0,0.0,1.0,0.0
4468,0.04445490123643577,0.3076923076923077,0.1302907279796492,10.787386997815,106.698848201823,3.0,0,1,0.11316161425994499,0.0,1.0,0.0,1.0,0.0
667,-0.4240911260771986,0.23076923076923078,-1.7072229052631471,10.8061666782929,106.697691408037,1.0,0,0,0.11316161425994499,0.0,0.0,0.0,0.0,1.0
3019,-0.4750780736920162,0.15384615384615385,0.1302907279796492,10.8506544656261,106.695128854227,0.0,1,0,0.11316161425994499,0.0,0.0,0.0,0.0,1.0
357,-0.8245729617021663,0.3076923076923077,-0.4391709580720064,10.8129075085957,106.696903181578,0.0,1,0,0.11316161425994499,0.0,0.0,1.0,0.0,0.0
5063,-0.04974733457061966,0.15384615384615385,0.963530485543728,10.8572618035324,106.603610105451,0.0,1,0,-0.3306552193971129,0.0,0.0,1.0,0.0,0.0
2831,-0.21419165043464608,0.0,-0.4391709580720064,10.7880742187263,106.775624658912,3.0,0,0,-2.28145563852695,0.0,0.0,1.0,0.0,0.0
2783,-0.8245729617021663,0.07692307692307693,-1.2015945422910468,10.8300879451809,106.670994792344,3.0,0,0,-0.5962397703258719,0.0,0.0,0.0,0.0,1.0
1353,-0.011343228479551189,0.07692307692307693,-0.7884660886417492,10.7319046178097,106.744932095232,0.0,1,0,-0.3306552193971129,0.0,0.0,0.0,0.0,1.0
5131,-0.37480406362233243,0.07692307692307693,-0.13659775324274978,10.7982539797659,106.691430672027,0.0,1,1,-0.5962397703258719,0.0,0.0,0.0,0.0,1.0
470,0.08051705379647196,0.23076923076923078,0.1302907279796492,10.6781235409925,106.753363766291,3.0,0,0,0.11316161425994499,0.0,0.0,0.0,0.0,1.0
2703,0.1501051897940211,0.07692307692307693,0.1302907279796492,10.8180829577048,106.692794426958,3.0,0,1,-0.5962397703258719,0.0,0.0,0.0,1.0,0.0
3330,0.4560322857850593,0.0,0.3690306097293516,10.8032657877697,106.716294438571,0.0,1,0,0.6349856886503463,0.0,0.0,0.0,0.0,1.0
1396,1.4387882572260413,0.23076923076923078,1.5713987371125986,10.8303948466912,106.702454378217,0.0,1,0,0.30272686033993124,0.0,0.0,0.0,0.0,1.0
3584,-0.4493648176687783,0.15384615384615385,0.1302907279796492,10.6926061158293,106.740903054992,2.0,0,0,-0.09639304316274322,0.0,0.0,0.0,1.0,0.0
5646,1.7743759438410165,0.23076923076923078,0.1302907279796492,10.7971955801596,106.681227593569,3.0,0,1,2.0886695522014636,0.0,0.0,0.0,1.0,0.0
5262,0.04445490123643577,0.3076923076923077,1.5713987371125986,10.7396562220198,106.678213511616,3.0,0,0,0.30272686033993124,0.0,0.0,0.0,1.0,0.0
3376,-0.4493648176687783,0.3076923076923077,2.0502110105697895,10.8121234207638,106.692319317232,0.0,1,0,1.769759295385021,0.0,0.0,1.0,0.0,0.0
1256,1.373390497564838,0.15384615384615385,0.963530485543728,10.809241,106.7806,0.0,1,0,2.0886695522014636,0.0,0.0,0.0,1.0,0.0
3512,-1.375564037342406,0.15384615384615385,-1.2015945422910468,10.7588514217158,106.688225592371,3.0,0,0,-0.3306552193971129,0.0,0.0,0.0,0.0,1.0
1250,0.3707119834879608,0.07692307692307693,-0.7884660886417492,10.7984806500873,106.621585708618,3.0,0,0,-0.9028346336956022,0.0,0.0,1.0,0.0,0.0
5348,0.08051705379647196,0.15384615384615385,-0.13659775324274978,10.795925877229,106.626530816993,0.0,1,1,0.11316161425994499,0.0,1.0,0.0,1.0,0.0
6049,-0.4750780736920162,0.23076923076923078,-0.13659775324274978,10.8798216796273,106.665310936732,0.0,1,1,0.30272686033993124,0.0,0.0,0.0,0.0,1.0
4298,2.1389983031169923,0.23076923076923078,-0.13659775324274978,10.84037,106.8447,0.0,1,1,0.782381234505476,0.0,0.0,0.0,1.0,0.0
3284,-0.6395223895560433,0.23076923076923078,-1.2015945422910468,10.8822036434001,106.681740187713,0.0,1,0,-0.3306552193971129,0.0,0.0,0.0,0.0,1.0
2933,0.23272304800393967,0.23076923076923078,-0.13659775324274978,10.8058092853145,106.604708639485,0.0,1,0,-0.09639304316274322,0.0,0.0,1.0,0.0,0.0
4175,0.3707119834879608,0.07692307692307693,-1.2015945422910468,10.7928358139577,106.711765792345,2.0,0,0,-0.5962397703258719,0.0,0.0,1.0,0.0,0.0
5268,1.1053178003806678,0.23076923076923078,0.1302907279796492,10.7889148423901,106.661646796299,0.0,1,0,1.1685438955241836,0.0,0.0,0.0,0.0,1.0
4910,-0.37480406362233243,0.23076923076923078,-0.13659775324274978,10.87904,106.5525,0.0,1,1,-0.09639304316274322,0.0,1.0,0.0,0.0,1.0
1852,0.7093811696941079,0.07692307692307693,1.287787426350749,10.843111066935,106.733355376374,0.0,1,0,0.6349856886503463,0.0,0.0,1.0,0.0,0.0
5889,1.3881753703228958,0.4615384615384616,0.1302907279796492,10.7990573682755,106.649872638814,3.0,0,1,1.0479657854342355,0.0,1.0,0.0,1.0,0.0
6131,-0.6986692748486453,0.3076923076923077,-0.4391709580720064,10.7664297700074,106.682964489979,0.0,1,0,1.1685438955241836,0.0,0.0,0.0,0.0,1.0
2105,-0.5278863642596802,0.07692307692307693,-1.7072229052631471,10.7305892396032,106.732115708292,0.0,1,0,-1.709276224228461,0.0,0.0,0.0,1.0,0.0
133,0.4281357043022882,0.15384615384615385,-0.13659775324274978,10.7898511908839,106.693830260832,0.0,1,1,-0.09639304316274322,0.0,0.0,0.0,1.0,0.0
5236,0.9847483644909514,0.15384615384615385,0.1302907279796492,10.7550282192288,106.671909229654,3.0,0,1,0.30272686033993124,0.0,0.0,0.0,1.0,0.0
5029,0.3707119834879608,0.23076923076923078,2.0502110105697895,10.795414,106.77576,3.0,0,0,0.11316161425994499,0.0,1.0,0.0,1.0,0.0
928,-0.9622048207552769,0.15384615384615385,-1.7072229052631471,10.731615926238,106.745199591527,1.0,0,0,-0.3306552193971129,0.0,0.0,0.0,0.0,1.0
823,1.6687256552834298,0.3076923076923077,1.5713987371125986,10.8461847518151,106.748892193839,3.0,0,0,3.0142443347171786,0.0,0.0,0.0,1.0,0.0
5719,1.1317986567300606,0.15384615384615385,0.963530485543728,10.8091526031494,106.821228027344,0.0,1,0,-0.09639304316274322,0.0,0.0,0.0,1.0,0.0
1531,1.8992388175892536,0.0,0.1302907279796492,10.7980039792129,106.710740227886,3.0,0,1,1.6813478651712797,0.0,0.0,1.0,0.0,0.0
1214,-1.113976416559445,0.23076923076923078,0.3690306097293516,10.8352706240423,106.684190510826,3.0,0,0,-0.09639304316274322,0.0,0.0,0.0,0.0,1.0
504,-0.28090108395535385,0.23076923076923078,0.5849971026224333,10.6845858219727,106.75039590358,3.0,0,0,0.11316161425994499,0.0,0.0,0.0,0.0,1.0
4285,-0.5278863642596802,0.07692307692307693,-0.13659775324274978,10.830768640026,106.785367342141,0.0,1,1,-0.9028346336956022,0.0,0.0,0.0,1.0,0.0
1996,-0.17133430316050988,0.23076923076923078,0.3690306097293516,10.8043538241445,106.625864038705,3.0,0,0,-0.09639304316274322,0.0,0.0,0.0,0.0,1.0
3072,-2.0993488277390115,0.15384615384615385,-1.7072229052631471,10.8058146568568,106.682091868737,1.0,0,0,-0.9028346336956022,0.0,0.0,0.0,0.0,1.0
1958,-0.37480406362233243,0.07692307692307693,-0.4391709580720064,10.7875682721984,106.651560422033,2.0,0,1,-1.265459390571404,0.0,0.0,0.0,0.0,1.0
1384,0.9455811745352034,0.07692307692307693,-1.7072229052631471,10.8429607192359,106.642662836669,0.0,1,0,0.30272686033993124,0.0,0.0,1.0,0.0,0.0
894,-0.8245729617021663,0.07692307692307693,-0.7884660886417492,10.8316115518692,106.688014660031,2.0,0,0,-0.09639304316274322,0.0,0.0,0.0,1.0,0.0
4924,0.3411414986789205,0.07692307692307693,-0.4391709580720064,10.8864988307686,106.76845314274,2.0,0,1,-1.265459390571404,0.0,0.0,0.0,1.0,0.0
455,-0.6986692748486453,0.15384615384615385,0.1302907279796492,10.7744587140677,106.697786954676,3.0,0,1,-0.3306552193971129,0.0,0.0,0.0,1.0,0.0
5834,2.1031547305329594,0.15384615384615385,0.1302907279796492,10.7881571875126,106.677291311813,3.0,0,1,0.30272686033993124,0.0,0.0,0.0,0.0,1.0
3709,0.5626351999909364,0.15384615384615385,2.9327121238363367,10.804022126565195,106.59128800034524,3.0,0,0,0.4757863711357461,0.0,0.0,0.0,1.0,0.0
5809,0.9356250766089462,0.15384615384615385,-0.13659775324274978,10.8081442488766,106.688258228943,0.0,1,1,1.1685438955241836,0.0,1.0,0.0,1.0,0.0
4849,0.3707119834879608,0.07692307692307693,-0.4391709580720064,10.8377601885773,106.612062365499,2.0,0,0,-1.265459390571404,0.0,0.0,1.0,0.0,0.0
4748,0.06259592582891907,0.15384615384615385,0.1302907279796492,10.678093218839,106.753324233164,0.0,1,0,0.11316161425994499,0.0,0.0,0.0,0.0,0.0
4268,0.21656469094070732,0.0,0.1302907279796492,10.9852707828973,106.521699586858,3.0,0,0,-2.28145563852695,0.0,0.0,1.0,0.0,0.0
3522,-1.0361439750637471,0.23076923076923078,-0.7884660886417492,10.7938780332384,106.662401220325,0.0,1,0,0.11316161425994499,0.0,0.0,0.0,0.0,1.0
4134,2.0664205438908994,0.3076923076923077,0.1302907279796492,10.7434875108525,106.715828471803,3.0,0,1,0.6349856886503463,0.0,0.0,0.0,1.0,0.0
3602,1.2332195493977356,0.4615384615384616,0.1302907279796492,10.8439948721345,106.711869986725,3.0,0,1,0.782381234505476,0.0,0.0,0.0,0.0,1.0
713,2.7472950529464826,0.23076923076923078,0.1302907279796492,10.7739400762795,106.677688566148,3.0,0,1,-0.3306552193971129,0.0,0.0,0.0,1.0,0.0
4186,1.593850164683375,0.3076923076923077,0.1302907279796492,10.8131470628221,106.69659253149,3.0,0,0,3.1911546302336715,0.0,0.0,0.0,0.0,1.0
2214,-0.6688000780565717,0.07692307692307693,0.1302907279796492,10.7474798630411,106.653167353695,3.0,0,1,-0.3306552193971129,0.0,0.0,0.0,1.0,0.0
5301,0.3707119834879608,0.3076923076923077,-0.13659775324274978,10.737401064214,106.626923682863,0.0,1,1,0.11316161425994499,0.0,1.0,0.0,0.0,1.0
2923,1.0783539839487635,0.3076923076923077,-0.13659775324274978,21.0289486097874,105.852447225903,0.0,1,1,1.0479657854342355,0.0,1.0,0.0,1.0,0.0
1810,1.149192680354979,0.15384615384615385,0.1302907279796492,10.7661487715018,106.667650943307,3.0,0,1,1.1685438955241836,0.0,0.0,0.0,1.0,0.0
3486,-0.03042058936361902,0.07692307692307693,-1.7072229052631471,10.8645206626597,106.640625458979,3.0,0,0,-1.709276224228461,0.0,0.0,0.0,0.0,1.0
3141,0.9847483644909514,0.4615384615384616,1.434027398777648,10.7749874324647,106.660092664705,0.0,1,0,1.0479657854342355,0.0,0.0,0.0,0.0,1.0
1827,-0.1926076911174569,0.23076923076923078,-0.4391709580720064,10.7337918458483,106.629076039375,3.0,0,0,0.11316161425994499,0.0,0.0,1.0,0.0,0.0
1155,0.21656469094070732,0.07692307692307693,-0.4391709580720064,10.7429339300735,106.729573804628,3.0,0,0,-0.3306552193971129,0.0,0.0,1.0,0.0,0.0
1324,0.3560006685276249,0.23076923076923078,0.1302907279796492,10.8147750171261,106.62599898058,3.0,0,1,-0.5962397703258719,0.0,0.0,0.0,0.0,1.0
4312,0.04445490123643577,0.15384615384615385,0.5849971026224333,10.8104567137726,106.707346036754,3.0,0,0,0.11316161425994499,0.0,0.0,1.0,0.0,0.0
510,1.7856620670050765,0.07692307692307693,-0.13659775324274978,10.7614565455385,106.690041099275,0.0,1,1,-0.5962397703258719,1.0,0.0,0.0,1.0,0.0
1680,-0.21419165043464608,0.23076923076923078,1.287787426350749,10.7804567400364,106.624408486933,3.0,0,0,0.30272686033993124,1.0,0.0,0.0,1.0,0.0
499,0.18370833978305584,0.15384615384615385,1.5713987371125986,10.7504890140826,106.716709165481,3.0,0,0,-0.09639304316274322,0.0,0.0,1.0,0.0,0.0
5709,0.09822355231529148,0.15384615384615385,-0.13659775324274978,10.844130053163,106.595012872479,0.0,1,0,0.11316161425994499,0.0,0.0,0.0,0.0,1.0
1856,0.3707119834879608,0.0,0.5849971026224333,10.7792041585357,106.679050135333,0.0,1,0,0.11316161425994499,0.0,0.0,0.0,1.0,0.0
1388,-0.35076329075821017,0.07692307692307693,0.1302907279796492,10.4149570995016,106.972915062961,3.0,0,1,-1.265459390571404,0.0,0.0,1.0,0.0,0.0
5615,0.18370833978305584,0.15384615384615385,-1.2015945422910468,10.79125975495924,106.66191056372236,3.0,0,0,-0.09639304316274322,0.0,0.0,0.0,1.0,0.0
3719,-1.2831292553680742,0.15384615384615385,-1.2015945422910468,10.7724952973709,106.684645118088,2.0,0,0,-1.265459390571404,0.0,0.0,0.0,0.0,1.0
2386,0.04445490123643577,0.15384615384615385,-0.4391709580720064,10.7660750648222,106.642423450297,2.0,0,1,0.11316161425994499,0.0,0.0,0.0,1.0,0.0
5541,-0.37480406362233243,0.23076923076923078,0.1302907279796492,10.8298100181314,106.702253812716,0.0,1,0,-0.09639304316274322,0.0,0.0,0.0,1.0,0.0
3236,-0.3271071868061051,0.23076923076923078,0.1302907279796492,10.6845249238111,106.750447771852,3.0,0,0,0.11316161425994499,0.0,0.0,0.0,0.0,1.0
1540,0.6620659332917171,0.3076923076923077,-0.13659775324274978,10.765699052921,106.663871427175,0.0,1,1,1.0479657854342355,0.0,0.0,0.0,1.0,0.0
1217,-0.37480406362233243,0.23076923076923078,0.963530485543728,10.8456642937775,106.653431084749,3.0,0,0,-0.09639304316274322,0.0,0.0,0.0,0.0,1.0
2681,-0.17133430316050988,0.23076923076923078,0.963530485543728,10.7967023112796,106.635584481084,0.0,1,0,-0.09639304316274322,0.0,0.0,0.0,1.0,0.0
2993,0.04445490123643577,0.23076923076923078,2.0502110105697895,10.7978578504029,106.737854291008,3.0,0,0,-0.09639304316274322,0.0,0.0,1.0,0.0,0.0
5512,0.8639894412629446,0.0,-0.4391709580720064,10.8503436037868,106.765893354257,0.0,1,0,-1.265459390571404,0.0,0.0,1.0,0.0,0.0
1191,-0.10929128578611225,0.15384615384615385,-0.4391709580720064,10.8068802222337,106.680406125262,3.0,0,0,0.11316161425994499,0.0,0.0,0.0,1.0,0.0
5293,-0.4240911260771986,0.23076923076923078,0.1302907279796492,10.838905220791,106.648622545161,3.0,0,1,0.11316161425994499,0.0,0.0,0.0,1.0,0.0
1542,-0.6395223895560433,0.15384615384615385,-1.7072229052631471,10.7936319955314,106.687446901068,3.0,0,0,-0.09639304316274322,0.0,0.0,0.0,0.0,1.0
3301,0.6499966829618635,0.23076923076923078,0.1302907279796492,10.7534604617699,106.6626934921,3.0,0,1,0.782381234505476,0.0,0.0,0.0,1.0,0.0
3324,-0.5012464551475065,0.3076923076923077,-0.7884660886417492,10.7926161491986,106.623535219606,2.0,0,0,0.11316161425994499,0.0,0.0,0.0,0.0,1.0
2539,0.6620659332917171,0.07692307692307693,0.1302907279796492,10.7909924313091,106.645429225911,3.0,0,0,-0.9028346336956022,0.0,0.0,1.0,0.0,0.0
953,0.06259592582891907,0.3076923076923077,0.5849971026224333,10.8133196265677,106.60716288885,0.0,1,0,0.4757863711357461,0.0,0.0,0.0,0.0,1.0
4846,1.7283496603720232,0.07692307692307693,0.963530485543728,10.7873827574362,106.685958474094,0.0,1,0,0.11316161425994499,0.0,0.0,0.0,1.0,0.0
4330,1.71661567056564,0.15384615384615385,0.1302907279796492,10.813629484417,106.775011890726,3.0,0,1,0.11316161425994499,0.0,0.0,0.0,0.0,1.0
732,-0.4750780736920162,0.23076923076923078,0.1302907279796492,10.799480539584,106.619165284104,2.0,0,0,0.11316161425994499,0.0,0.0,0.0,1.0,0.0
6290,-0.8917879431693261,0.07692307692307693,-1.7072229052631471,10.8612643152859,106.609346795369,0.0,1,0,-1.265459390571404,0.0,0.0,0.0,0.0,1.0
1156,-1.2389923970188421,0.3076923076923077,-0.13659775324274978,10.7580682761403,106.680328441829,0.0,1,1,-0.5962397703258719,1.0,0.0,0.0,1.0,0.0
5833,1.593850164683375,0.15384615384615385,0.1302907279796492,10.7809119186284,106.691236574407,3.0,0,1,1.5888228250383352,0.0,0.0,0.0,1.0,0.0
3294,-0.6108132359423499,0.15384615384615385,-1.7072229052631471,10.7628360808787,106.672695339517,0.0,1,0,-0.09639304316274322,0.0,0.0,1.0,0.0,0.0
2982,-0.5826509567402912,0.23076923076923078,-1.2015945422910468,10.8006173327705,106.646165541587,2.0,0,0,-0.09639304316274322,0.0,0.0,0.0,0.0,1.0
5305,0.1501051897940211,0.23076923076923078,-0.13659775324274978,10.826547622954,106.819738210191,0.0,1,1,0.11316161425994499,0.0,1.0,0.0,1.0,0.0
5161,0.3261314717355513,0.15384615384615385,0.963530485543728,21.02894860978742,105.85244722590336,0.0,1,0,-0.09639304316274322,0.0,0.0,0.0,1.0,0.0
2156,-0.08917566997524837,0.07692307692307693,-0.7884660886417492,10.7980235052773,106.705156645824,2.0,0,0,-1.265459390571404,0.0,0.0,0.0,1.0,0.0
1062,-0.9622048207552769,0.07692307692307693,0.5849971026224333,10.798154501399,106.69893257283,0.0,1,0,-0.9028346336956022,0.0,0.0,0.0,0.0,1.0
2616,0.4560322857850593,0.23076923076923078,0.1302907279796492,10.8752075752914,106.627222102833,3.0,0,1,-0.09639304316274322,0.0,0.0,1.0,0.0,0.0
1167,-0.12968436710496703,0.15384615384615385,-0.4391709580720064,10.7482369245428,106.715844045829,2.0,0,1,-0.3306552193971129,0.0,0.0,0.0,0.0,1.0
3222,-0.35076329075821017,0.15384615384615385,-0.13659775324274978,10.7699693713976,106.629281715966,2.0,0,0,-0.09639304316274322,0.0,0.0,0.0,0.0,1.0
3636,-1.113976416559445,0.3076923076923077,-0.13659775324274978,10.7796470467075,106.667611391184,0.0,1,1,-0.09639304316274322,0.0,0.0,0.0,0.0,1.0
5588,-0.4750780736920162,0.15384615384615385,-1.7072229052631471,10.7805720630861,106.761941487783,0.0,1,0,-0.09639304316274322,0.0,0.0,0.0,1.0,0.0
2938,-0.35076329075821017,0.23076923076923078,-0.4391709580720064,10.7794746826567,106.667365627669,0.0,1,0,-0.09639304316274322,0.0,0.0,0.0,1.0,0.0
4491,0.7093811696941079,0.15384615384615385,-0.13659775324274978,10.7876197833218,106.678208452793,0.0,1,1,0.11316161425994499,0.0,0.0,0.0,0.0,1.0
3140,2.5125264485702576,0.23076923076923078,2.9327121238363367,10.7696430951733,106.688770102141,0.0,1,0,0.782381234505476,0.0,0.0,0.0,1.0,0.0
4980,-0.4750780736920162,0.15384615384615385,0.963530485543728,10.72685404061272,106.66797121894751,0.0,1,0,-0.09639304316274322,0.0,0.0,0.0,1.0,0.0
143,-0.37480406362233243,0.07692307692307693,-0.7884660886417492,10.7339836044302,106.605004481971,0.0,1,0,-1.265459390571404,0.0,0.0,0.0,1.0,0.0
6238,-0.7920776985802562,0.23076923076923078,-0.13659775324274978,10.8065276114248,106.71140950003,0.0,1,1,0.11316161425994499,0.0,0.0,0.0,0.0,1.0
3577,-0.5278863642596802,0.3076923076923077,-0.13659775324274978,10.7795316028689,106.611946032906,0.0,1,1,0.4757863711357461,0.0,0.0,0.0,0.0,1.0
4946,0.21656469094070732,0.07692307692307693,-0.4391709580720064,10.8126719821433,106.701824013144,2.0,0,1,0.30272686033993124,0.0,0.0,0.0,1.0,0.0
2782,0.5366963775693665,0.23076923076923078,0.1302907279796492,10.795959576568,106.677913342395,3.0,0,1,-0.09639304316274322,0.0,0.0,0.0,1.0,0.0
717,0.7093811696941079,0.07692307692307693,0.5849971026224333,10.7726715010365,106.676361043506,0.0,1,0,0.11316161425994499,0.0,0.0,0.0,1.0,0.0
1819,0.21656469094070732,0.23076923076923078,2.0502110105697895,10.7360953534353,106.737740663724,3.0,0,0,0.30272686033993124,0.0,0.0,0.0,0.0,1.0
2502,-0.6108132359423499,0.23076923076923078,-0.13659775324274978,10.766008316169,106.646831365232,0.0,1,1,0.30272686033993124,0.0,0.0,0.0,1.0,0.0
4360,-1.5260472017317033,0.23076923076923078,0.963530485543728,10.7441647835323,106.684190951546,3.0,0,0,-0.3306552193971129,0.0,0.0,1.0,0.0,0.0
4171,0.04445490123643577,0.07692307692307693,-0.4391709580720064,10.8007411853963,106.698134570971,3.0,0,0,-1.265459390571404,0.0,0.0,1.0,0.0,0.0
395,-0.37480406362233243,0.3076923076923077,-0.4391709580720064,10.8119388054353,106.692335781947,3.0,0,0,0.4757863711357461,0.0,0.0,0.0,1.0,0.0
6086,1.4945863869420284,0.0,0.1302907279796492,10.7961369801949,106.665245229808,3.0,0,1,2.820048284014553,0.0,0.0,0.0,0.0,1.0
4492,0.3707119834879608,0.3076923076923077,2.9327121238363367,10.8011713446947,106.741806123386,3.0,0,0,2.9195154941516295,0.0,0.0,0.0,0.0,1.0
1365,-0.03042058936361902,0.0,0.5849971026224333,10.8441295200651,106.681914685538,3.0,0,0,0.11316161425994499,0.0,0.0,0.0,1.0,0.0
5736,-1.2389923970188421,0.07692307692307693,-1.7072229052631471,10.7890301160058,106.661120577567,0.0,1,0,-1.265459390571404,0.0,0.0,0.0,0.0,1.0
595,-1.154485113689163,0.07692307692307693,0.1302907279796492,10.7958380654675,106.671500529739,3.0,0,1,-1.265459390571404,1.0,0.0,0.0,1.0,0.0
3952,-1.424042969164965,0.07692307692307693,-1.7072229052631471,10.7514980522119,106.701918349037,3.0,0,0,-1.265459390571404,0.0,0.0,0.0,1.0,0.0
5392,-0.4750780736920162,0.15384615384615385,-0.4391709580720064,10.7940578057527,106.595726708089,2.0,0,0,-0.09639304316274322,0.0,0.0,0.0,0.0,1.0
4968,0.9053480809024144,0.07692307692307693,0.1302907279796492,10.726923,106.7111,0.0,1,0,-0.09639304316274322,0.0,0.0,0.0,0.0,1.0
2914,-0.7291543745677658,0.07692307692307693,-0.13659775324274978,10.8708015842725,106.688994228768,0.0,1,1,-0.5962397703258719,1.0,0.0,0.0,1.0,0.0
2326,-0.9622048207552769,0.07692307692307693,-1.2015945422910468,10.7515968442749,106.695548817515,0.0,1,0,-1.265459390571404,0.0,0.0,0.0,1.0,0.0
5644,0.11572050155235063,0.15384615384615385,-0.4391709580720064,10.797556113092,106.658934535821,2.0,0,0,0.30272686033993124,0.0,0.0,0.0,1.0,0.0
3766,-0.2360953837240995,0.38461538461538464,0.1302907279796492,10.7724384223775,106.686756195417,3.0,0,0,-0.09639304316274322,0.0,0.0,0.0,1.0,0.0
3440,-0.28090108395535385,0.23076923076923078,0.963530485543728,10.6928104533353,106.741089474366,3.0,0,0,0.4757863711357461,0.0,0.0,0.0,0.0,1.0
3851,-0.6395223895560433,0.07692307692307693,-1.2015945422910468,10.7517222052887,106.701742698153,3.0,0,0,-1.265459390571404,0.0,0.0,0.0,1.0,0.0
4132,0.7093811696941079,0.23076923076923078,0.963530485543728,10.7783413642824,106.746672277948,0.0,1,0,0.30272686033993124,0.0,1.0,1.0,0.0,0.0
5775,-2.263793143603038,0.15384615384615385,-0.4391709580720064,10.78488140456,106.672952553777,3.0,0,0,-1.265459390571404,0.0,0.0,0.0,1.0,0.0
2143,2.2333098329514476,0.15384615384615385,0.1302907279796492,10.7666441199165,106.622743565252,0.0,1,0,2.487789455704138,0.0,0.0,0.0,0.0,1.0
5806,0.9053480809024144,0.3076923076923077,0.1302907279796492,10.8546391667629,106.752986038833,3.0,0,1,1.769759295385021,0.0,0.0,0.0,1.0,0.0
5073,0.7996977923448291,0.15384615384615385,2.9327121238363367,10.6772040835905,106.743436850977,0.0,1,0,0.30272686033993124,0.0,0.0,0.0,0.0,1.0
1571,0.1330128034148692,0.07692307692307693,-0.4391709580720064,10.8183825654421,106.678755867162,2.0,0,0,-0.09639304316274322,0.0,0.0,0.0,1.0,0.0
4079,-2.660414729110742,0.15384615384615385,-0.13659775324274978,10.7919343765005,106.716421517098,0.0,1,1,-0.9028346336956022,0.0,0.0,0.0,0.0,1.0
1122,-0.6986692748486453,0.15384615384615385,-0.13659775324274978,10.7382260032053,106.662352823377,0.0,1,1,-0.09639304316274322,0.0,0.0,0.0,0.0,1.0
2786,1.985191476882123,0.3076923076923077,0.5849971026224333,10.7526793667775,106.600121444725,0.0,1,0,5.640037758950307,0.0,0.0,0.0,1.0,0.0
2967,-0.5012464551475065,0.0,-1.2015945422910468,10.7987981150841,106.630304588315,2.0,0,0,0.11316161425994499,0.0,0.0,0.0,1.0,0.0
2504,-0.3992422225807697,0.15384615384615385,-0.7884660886417492,10.7978727762411,106.7053562192,3.0,0,0,0.30272686033993124,0.0,0.0,0.0,0.0,1.0
3465,-0.7920776985802562,0.23076923076923078,-1.2015945422910468,10.766411174142,106.65948725287,0.0,1,0,0.6349856886503463,0.0,0.0,0.0,1.0,0.0
675,-0.5826509567402912,0.23076923076923078,-0.7884660886417492,10.7760969430217,106.763849734435,2.0,0,0,-0.09639304316274322,0.0,0.0,0.0,1.0,0.0
2808,-0.6688000780565717,0.07692307692307693,-0.4391709580720064,10.7590445842623,106.687633684656,3.0,0,0,-1.265459390571404,0.0,0.0,0.0,1.0,0.0
3348,-0.5278863642596802,0.23076923076923078,-1.2015945422910468,10.8121875219361,106.687516367228,3.0,0,0,-0.09639304316274322,0.0,0.0,0.0,0.0,1.0
728,-0.011343228479551189,0.15384615384615385,-0.4391709580720064,10.7875735136098,106.678231022626,2.0,0,1,0.11316161425994499,0.0,0.0,0.0,1.0,0.0
412,0.7776305923124383,0.07692307692307693,-0.13659775324274978,10.8025456449578,106.745784798927,0.0,1,1,1.2822279616686043,1.0,0.0,0.0,1.0,0.0
3146,-0.9622048207552769,0.07692307692307693,-0.4391709580720064,10.7689522514442,106.678832181963,2.0,0,1,-1.265459390571404,0.0,0.0,0.0,0.0,1.0
1516,0.28016481741637705,0.07692307692307693,-1.7072229052631471,10.7889242950936,106.759496989148,3.0,0,0,-0.9028346336956022,0.0,0.0,0.0,0.0,1.0
825,-0.10929128578611225,0.07692307692307693,0.1302907279796492,10.7822490906267,106.609037942081,3.0,0,1,-0.5962397703258719,0.0,1.0,0.0,1.0,0.0
3267,-0.4493648176687783,0.23076923076923078,0.3690306097293516,10.7932912668384,106.73065243687,3.0,0,0,-0.09639304316274322,0.0,0.0,0.0,0.0,1.0
3974,-1.424042969164965,0.23076923076923078,-1.7072229052631471,10.7514882416605,106.70178109035,3.0,0,0,-0.3306552193971129,0.0,0.0,0.0,0.0,0.0
616,-0.15036267557913827,0.07692307692307693,-0.4391709580720064,10.7977526374905,106.705205831553,2.0,0,1,-0.09639304316274322,0.0,0.0,0.0,0.0,1.0
114,0.21656469094070732,0.23076923076923078,0.5849971026224333,10.707884082285,106.735095857189,0.0,1,0,0.11316161425994499,0.0,0.0,0.0,0.0,1.0
417,-1.0361439750637471,0.07692307692307693,0.963530485543728,10.7019985042946,106.741306567111,3.0,0,0,-1.265459390571404,0.0,0.0,0.0,0.0,1.0
3069,0.28016481741637705,0.23076923076923078,0.1302907279796492,10.7844427282689,106.759176522989,0.0,1,0,0.9196032047928032,0.0,0.0,1.0,0.0,0.0
1625,0.6499966829618635,0.3076923076923077,0.5849971026224333,10.7721027141512,106.672354308402,1.0,0,0,0.9196032047928032,0.0,0.0,0.0,1.0,0.0
6239,-0.9265771942689038,0.23076923076923078,-1.2015945422910468,10.8083208666934,106.688183418818,3.0,0,0,-0.3306552193971129,0.0,0.0,1.0,0.0,0.0
4185,0.4560322857850593,0.23076923076923078,-0.4391709580720064,10.8054987906548,106.682577707781,3.0,0,0,0.30272686033993124,0.0,0.0,0.0,0.0,1.0
2896,0.04445490123643577,0.07692307692307693,-0.13659775324274978,10.8945642556987,106.628034016116,0.0,1,1,-0.5962397703258719,0.0,0.0,1.0,0.0,0.0
5879,2.3336519237411033,0.6153846153846154,0.1302907279796492,10.7872235790104,106.698768080643,3.0,0,1,0.4757863711357461,0.0,0.0,0.0,1.0,0.0
2082,-0.4240911260771986,0.3076923076923077,-0.4391709580720064,10.7430174138184,106.725564916827,0.0,1,0,0.11316161425994499,0.0,0.0,0.0,0.0,1.0
753,-1.375564037342406,0.23076923076923078,-1.2015945422910468,10.799541030425,106.686722117797,3.0,0,0,-0.09639304316274322,0.0,0.0,0.0,0.0,1.0
2546,0.4421497898439041,0.15384615384615385,-0.7884660886417492,10.7826603103646,106.648090570099,3.0,0,0,-0.09639304316274322,0.0,0.0,0.0,0.0,1.0
3969,-0.5278863642596802,0.07692307692307693,-1.2015945422910468,10.8054471871,106.68168645836,0.0,1,0,-0.5962397703258719,0.0,0.0,0.0,0.0,1.0
3373,-0.6108132359423499,0.07692307692307693,-0.7884660886417492,10.8674775887639,106.628641302448,2.0,0,0,-1.265459390571404,0.0,0.0,1.0,0.0,0.0
5726,0.3707119834879608,0.07692307692307693,0.1302907279796492,10.843328957417247,106.62833232432604,3.0,0,1,0.11316161425994499,0.0,1.0,0.0,1.0,0.0
4107,0.08051705379647196,0.23076923076923078,-0.4391709580720064,10.750352404711,106.715629510581,0.0,1,0,-0.3306552193971129,0.0,0.0,1.0,0.0,0.0
2444,0.3707119834879608,0.07692307692307693,-0.4391709580720064,10.6845178602726,106.749871635457,3.0,0,0,-1.265459390571404,0.0,0.0,0.0,0.0,1.0
4380,-0.6986692748486453,0.23076923076923078,0.963530485543728,10.8298579704802,106.702692422737,0.0,1,0,0.11316161425994499,0.0,0.0,0.0,1.0,0.0
1066,0.04445490123643577,0.15384615384615385,-1.2015945422910468,10.8403201156892,106.713385137924,2.0,0,0,0.11316161425994499,0.0,0.0,1.0,0.0,0.0
3913,0.7438996626288421,0.15384615384615385,0.1302907279796492,10.7457053502753,106.61555898125,3.0,0,1,-0.09639304316274322,0.0,0.0,0.0,1.0,0.0
5287,0.1330128034148692,0.07692307692307693,0.5849971026224333,10.8448459506766,106.678392237318,3.0,0,0,-1.265459390571404,0.0,0.0,0.0,0.0,1.0
5536,0.04445490123643577,0.07692307692307693,-0.13659775324274978,10.8337612807843,106.682850881945,0.0,1,1,0.11316161425994499,0.0,1.0,0.0,1.0,0.0
5387,0.3707119834879608,0.15384615384615385,0.5849971026224333,10.8528630209991,106.720374186852,0.0,1,0,-0.5962397703258719,0.0,0.0,0.0,1.0,0.0
5732,0.6378280961214066,0.0,2.9327121238363367,10.8404877146424,106.7413615555,3.0,0,0,-2.28145563852695,0.0,1.0,0.0,1.0,0.0
3498,1.3881753703228958,0.23076923076923078,0.963530485543728,10.7501299539417,106.619336850728,3.0,0,0,0.30272686033993124,0.0,0.0,0.0,1.0,0.0
2738,-1.1961350497447065,0.15384615384615385,-1.2015945422910468,10.7620171550349,106.668792927384,0.0,1,0,-0.9028346336956022,0.0,0.0,0.0,1.0,0.0
5052,0.48341223409930084,0.23076923076923078,0.1302907279796492,10.803308107596,106.716282231123,0.0,1,0,0.782381234505476,0.0,0.0,1.0,0.0,0.0
4000,0.29564637201642957,0.38461538461538464,0.5849971026224333,10.8214348615711,106.654992328513,3.0,0,0,2.9195154941516295,0.0,0.0,0.0,0.0,1.0
1568,-0.4750780736920162,0.3076923076923077,0.1302907279796492,10.7645522156581,106.618832911694,0.0,1,0,0.9196032047928032,0.0,0.0,0.0,0.0,1.0
2427,-2.660414729110742,0.07692307692307693,-0.13659775324274978,10.780538727806,106.649848851659,0.0,1,1,-1.265459390571404,0.0,0.0,0.0,1.0,0.0
3746,0.09822355231529148,0.15384615384615385,0.1302907279796492,10.7998254026298,106.809146404266,3.0,0,1,-0.3306552193971129,0.0,0.0,0.0,1.0,0.0
5837,2.1256585889674184,0.23076923076923078,-0.13659775324274978,10.7805444976035,106.686289519929,0.0,1,1,1.9355994527483495,0.0,1.0,0.0,1.0,0.0
1687,2.3490930557917697,0.15384615384615385,-0.13659775324274978,10.86637925589244,106.8167315555206,0.0,1,1,0.782381234505476,1.0,0.0,0.0,1.0,0.0
851,-0.7602813127840508,0.15384615384615385,-1.2015945422910468,10.8060294591191,106.711498560694,0.0,1,0,-0.5962397703258719,0.0,0.0,0.0,0.0,1.0
3546,0.04445490123643577,0.23076923076923078,0.1302907279796492,10.8500649556783,106.695369109591,0.0,1,0,0.4757863711357461,0.0,0.0,0.0,0.0,1.0
895,0.9652944659873779,0.0,-0.4391709580720064,10.799704805406,106.629318158696,3.0,0,0,-1.265459390571404,0.0,0.0,0.0,1.0,0.0
4592,2.5830232847811985,0.15384615384615385,0.1302907279796492,10.7873352088319,106.698496601014,3.0,0,1,0.4757863711357461,0.0,0.0,0.0,1.0,0.0
335,-0.12968436710496703,0.38461538461538464,0.1302907279796492,10.8120199202412,106.692597400837,0.0,1,0,0.6349856886503463,0.0,0.0,0.0,1.0,0.0
2839,0.6378280961214066,0.07692307692307693,-1.7072229052631471,10.7644393007617,106.63233586104,3.0,0,0,-0.5962397703258719,0.0,0.0,0.0,1.0,0.0
3087,-0.5278863642596802,0.23076923076923078,-0.4391709580720064,10.8458330584254,106.718296585069,2.0,0,1,0.11316161425994499,0.0,0.0,0.0,1.0,0.0
4611,0.29564637201642957,0.4615384615384616,0.1302907279796492,10.7789652608863,106.688440112525,3.0,0,1,0.30272686033993124,0.0,1.0,0.0,1.0,0.0
1348,-0.3038236354463698,0.15384615384615385,-0.4391709580720064,10.8299248954894,106.637865779185,2.0,0,1,-0.09639304316274322,0.0,0.0,0.0,1.0,0.0
1015,-0.6395223895560433,0.15384615384615385,-0.4391709580720064,21.0289486097874,105.852447225903,2.0,0,0,-0.3306552193971129,0.0,0.0,0.0,1.0,0.0
2816,-0.17133430316050988,0.23076923076923078,0.1302907279796492,10.7937141386345,106.674395430148,3.0,0,1,0.11316161425994499,0.0,0.0,0.0,0.0,1.0
1631,-0.011343228479551189,0.07692307692307693,0.1302907279796492,10.8080124990296,106.704146980204,3.0,0,1,-0.9028346336956022,0.0,1.0,0.0,1.0,0.0
2489,-0.011343228479551189,0.38461538461538464,0.1302907279796492,10.7605004671397,106.688901480122,2.0,0,0,1.2822279616686043,0.0,0.0,0.0,1.0,0.0
3730,0.6378280961214066,0.3076923076923077,0.1302907279796492,10.8850069724949,106.681090444586,3.0,0,1,2.6048190729938816,0.0,0.0,0.0,1.0,0.0
3251,-0.4750780736920162,0.15384615384615385,0.1302907279796492,10.7863067863389,106.690213037456,3.0,0,1,0.11316161425994499,0.0,0.0,0.0,1.0,0.0
5831,0.20022778488202966,0.5384615384615385,0.1302907279796492,10.7741477267626,106.677702177191,3.0,0,1,0.782381234505476,0.0,0.0,0.0,1.0,0.0
2070,0.18370833978305584,0.23076923076923078,0.963530485543728,10.6929742185444,106.741280206813,3.0,0,0,0.11316161425994499,0.0,0.0,1.0,0.0,0.0
4452,2.456463809513733,0.07692307692307693,0.1302907279796492,10.8502320670868,106.695116587079,0.0,1,0,-0.3306552193971129,0.0,0.0,0.0,0.0,1.0
6149,-0.4240911260771986,0.07692307692307693,-1.7072229052631471,10.7516592638375,106.701645646158,0.0,1,0,-0.5962397703258719,0.0,0.0,0.0,1.0,0.0
5408,-1.2389923970188421,0.23076923076923078,0.5849971026224333,10.7636321173024,106.646627191391,0.0,1,0,0.11316161425994499,0.0,0.0,1.0,0.0,0.0
1635,-0.03042058936361902,0.23076923076923078,-0.7884660886417492,10.797826963186,106.69879328841,2.0,0,0,2.0886695522014636,0.0,0.0,0.0,0.0,1.0
4646,2.1522187335760523,0.0,0.1302907279796492,10.8428770876404,106.819929177678,3.0,0,1,2.6048190729938816,0.0,1.0,0.0,1.0,0.0
2479,-1.113976416559445,0.3076923076923077,-0.13659775324274978,10.8343802118904,106.639665521507,0.0,1,1,-0.3306552193971129,0.0,0.0,1.0,0.0,0.0
2265,-0.6395223895560433,0.07692307692307693,-0.4391709580720064,10.836127859402,106.726708410304,2.0,0,1,-0.9028346336956022,1.0,0.0,0.0,1.0,0.0
2959,-0.6986692748486453,0.23076923076923078,-1.7072229052631471,10.8057320785875,106.682342159146,3.0,0,0,0.30272686033993124,0.0,0.0,1.0,0.0,0.0
5323,-0.6395223895560433,0.3076923076923077,-1.2015945422910468,10.7859374127071,106.759819742292,0.0,1,0,0.30272686033993124,0.0,0.0,0.0,1.0,0.0
5953,0.6378280961214066,0.23076923076923078,1.8234285872700184,10.6512765500091,106.729983105974,0.0,1,0,0.4757863711357461,0.0,0.0,1.0,0.0,0.0
3059,-0.21419165043464608,0.15384615384615385,-0.4391709580720064,10.7998004669755,106.640942271852,0.0,1,0,-0.3306552193971129,0.0,0.0,0.0,1.0,0.0
5053,0.06259592582891907,0.15384615384615385,-0.7884660886417492,10.8303109367429,106.63812962909,0.0,1,0,-0.5962397703258719,0.0,0.0,0.0,1.0,0.0
2141,0.007491102083431382,0.07692307692307693,0.1302907279796492,10.8652226194058,106.743526486243,3.0,0,0,-0.5962397703258719,0.0,0.0,1.0,0.0,0.0
5104,-0.28090108395535385,0.3076923076923077,-1.2015945422910468,10.8103411775911,106.713541094383,0.0,1,0,0.11316161425994499,0.0,0.0,0.0,0.0,1.0
3118,-0.4493648176687783,0.07692307692307693,-1.7072229052631471,10.8484800036412,106.667197707135,2.0,0,0,-1.265459390571404,0.0,0.0,0.0,1.0,0.0
5188,0.04445490123643577,0.0,-0.13659775324274978,10.7515552090733,106.595075023556,0.0,1,1,-1.265459390571404,0.0,0.0,0.0,0.0,1.0
5945,1.0601009748869976,0.15384615384615385,0.1302907279796492,10.808318389215,106.687684248548,3.0,0,1,0.30272686033993124,0.0,0.0,0.0,1.0,0.0
4045,-1.113976416559445,0.07692307692307693,-1.7072229052631471,10.8314349800806,106.670914904065,0.0,1,0,-1.265459390571404,0.0,0.0,0.0,0.0,1.0
3356,0.7209771111378261,0.5384615384615385,2.0502110105697895,10.7694638050008,106.688170200119,3.0,0,0,0.11316161425994499,0.0,0.0,0.0,1.0,0.0
2744,0.29564637201642957,0.3076923076923077,2.0502110105697895,10.8021957915132,106.777102757867,0.0,1,0,0.6349856886503463,0.0,0.0,0.0,1.0,0.0
5092,-0.25832850878387886,0.23076923076923078,-0.7884660886417492,10.84142,106.8401,3.0,0,0,-0.09639304316274322,0.0,0.0,0.0,1.0,0.0
3506,0.04445490123643577,0.23076923076923078,-0.13659775324274978,10.7940136263827,106.680855399273,2.0,0,0,0.30272686033993124,1.0,0.0,0.0,1.0,0.0
1679,0.21656469094070732,0.23076923076923078,-0.13659775324274978,10.8471658753807,106.723593144957,0.0,1,1,0.11316161425994499,0.0,0.0,0.0,1.0,0.0
4249,-0.6395223895560433,0.15384615384615385,-0.4391709580720064,10.7295315504341,106.632374720169,3.0,0,0,-0.3306552193971129,0.0,0.0,1.0,0.0,0.0
3147,-0.1926076911174569,0.38461538461538464,-0.13659775324274978,10.7861964989909,106.627528852788,0.0,1,1,0.782381234505476,0.0,0.0,1.0,0.0,0.0
2294,-0.7291543745677658,0.07692307692307693,-0.7884660886417492,10.8653405594588,106.686347558233,3.0,0,0,-1.265459390571404,0.0,0.0,0.0,0.0,1.0
580,-0.4493648176687783,0.3076923076923077,-0.4391709580720064,10.7784156796271,106.669611838136,0.0,1,0,0.782381234505476,0.0,0.0,1.0,0.0,0.0
1470,-0.6395223895560433,0.3076923076923077,0.963530485543728,10.8635089159093,106.682607494295,0.0,1,0,0.11316161425994499,0.0,0.0,0.0,0.0,1.0
4799,-0.9622048207552769,0.07692307692307693,0.1302907279796492,10.7991361221143,106.693771884202,3.0,0,1,-0.9028346336956022,0.0,0.0,0.0,1.0,0.0
4070,1.6129275255674442,0.15384615384615385,0.1302907279796492,10.8411931013944,106.725483788325,3.0,0,1,-0.5962397703258719,0.0,0.0,0.0,0.0,1.0
5308,0.8428680112644017,0.38461538461538464,1.5713987371125986,10.7777820394828,106.628999160472,0.0,1,0,0.6349856886503463,0.0,0.0,0.0,1.0,0.0
3343,-0.7602813127840508,0.07692307692307693,-0.4391709580720064,10.793232971603,106.718264806752,1.0,0,0,-1.265459390571404,0.0,0.0,1.0,0.0,0.0
4992,0.6378280961214066,0.15384615384615385,-0.13659775324274978,21.0289486097874,105.852447225903,0.0,1,1,0.9196032047928032,0.0,0.0,0.0,1.0,0.0
4583,1.8135061094442924,0.4615384615384616,0.1302907279796492,10.7952570003588,106.659115014912,3.0,0,1,-0.09639304316274322,0.0,0.0,0.0,1.0,0.0
3672,1.9352382471594414,0.23076923076923078,-0.4391709580720064,10.8196669762984,106.702403996054,2.0,0,0,2.3634408616661546,0.0,0.0,0.0,1.0,0.0
559,-0.8917879431693261,0.23076923076923078,0.1302907279796492,10.7762633611413,106.700961854415,3.0,0,1,0.11316161425994499,0.0,0.0,0.0,1.0,0.0
5237,1.6565067844550418,0.15384615384615385,0.1302907279796492,10.7808542451577,106.688456167257,3.0,0,1,3.0142443347171786,0.0,0.0,0.0,1.0,0.0
5215,-0.8917879431693261,0.15384615384615385,-1.7072229052631471,10.7262490296748,106.733367738107,0.0,1,0,-0.3306552193971129,0.0,0.0,0.0,0.0,1.0
2849,-0.08917566997524837,0.23076923076923078,-1.2015945422910468,10.7775601829241,106.768776979297,2.0,0,0,0.11316161425994499,0.0,0.0,1.0,0.0,0.0
512,-1.2831292553680742,0.07692307692307693,-0.7884660886417492,10.8415122148417,106.676585491997,3.0,0,0,-1.265459390571404,0.0,0.0,0.0,1.0,0.0
4729,0.1330128034148692,0.15384615384615385,0.1302907279796492,10.6847240178985,106.749750779143,0.0,1,0,0.11316161425994499,0.0,0.0,0.0,0.0,1.0
1081,-0.1926076911174569,0.3076923076923077,0.1302907279796492,10.8380328315006,106.637010546331,2.0,0,0,0.30272686033993124,0.0,0.0,0.0,0.0,1.0
1664,-5.369840526253127,0.15384615384615385,0.1302907279796492,10.8370562624599,106.627505117519,3.0,0,0,0.4757863711357461,0.0,0.0,0.0,0.0,1.0
1012,1.6928645581017916,0.23076923076923078,-0.13659775324274978,10.8183793371253,106.599967046512,0.0,1,1,3.392227698313043,0.0,0.0,0.0,0.0,1.0
1931,-0.17133430316050988,0.23076923076923078,0.1302907279796492,10.7937516922653,106.674695021778,3.0,0,1,0.11316161425994499,0.0,0.0,0.0,0.0,1.0
1150,2.816073730968709,0.07692307692307693,0.1302907279796492,10.7861780598379,106.690640192475,3.0,0,1,0.6349856886503463,0.0,0.0,0.0,1.0,0.0
2838,-0.7291543745677658,0.23076923076923078,-1.7072229052631471,10.7613534116596,106.660572206944,3.0,0,0,-0.5962397703258719,0.0,0.0,0.0,0.0,1.0
116,2.2863366873387125,1.0000000000000002,0.1302907279796492,10.7877474477686,106.686202606777,3.0,0,1,0.782381234505476,0.0,0.0,0.0,1.0,0.0
740,0.1330128034148692,0.23076923076923078,0.963530485543728,10.8307593578346,106.705584182866,0.0,1,0,-0.09639304316274322,0.0,0.0,0.0,1.0,0.0
6048,-0.5826509567402912,0.3076923076923077,-1.2015945422910468,10.7854784079901,106.698660394011,3.0,0,0,-0.09639304316274322,0.0,0.0,1.0,0.0,0.0
5177,-1.2389923970188421,0.15384615384615385,-1.7072229052631471,10.8025671941664,106.681448507541,0.0,1,0,-0.3306552193971129,0.0,0.0,0.0,1.0,0.0
830,0.4139875106418454,0.3076923076923077,0.1302907279796492,10.7694814142391,106.675812036856,3.0,0,1,2.9195154941516295,0.0,0.0,0.0,0.0,1.0
119,-0.37480406362233243,0.15384615384615385,-0.7884660886417492,10.7595560136936,106.7377135211,2.0,0,0,-0.09639304316274322,0.0,0.0,0.0,1.0,0.0
4752,-0.6395223895560433,0.15384615384615385,-0.4391709580720064,10.711868863829377,106.62383361767256,3.0,0,0,-0.09639304316274322,0.0,0.0,0.0,0.0,1.0
6013,0.18370833978305584,0.38461538461538464,0.963530485543728,10.8698649052303,106.655616956805,3.0,0,0,0.9196032047928032,0.0,0.0,0.0,0.0,1.0
5963,-0.5826509567402912,0.15384615384615385,-1.2015945422910468,10.8491731120123,106.650730138636,0.0,1,0,-0.3306552193971129,0.0,0.0,0.0,0.0,1.0
6224,-0.37480406362233243,0.3076923076923077,0.1302907279796492,10.8456851648368,106.718263933479,3.0,0,0,0.30272686033993124,0.0,0.0,1.0,0.0,0.0
635,1.0229046745611603,0.0,-0.13659775324274978,10.6751162397564,106.698221147585,0.0,1,1,-0.9028346336956022,0.0,0.0,0.0,1.0,0.0
4465,-0.10929128578611225,0.15384615384615385,-0.13659775324274978,10.7458804052489,106.64508190333,0.0,1,1,0.11316161425994499,0.0,0.0,0.0,1.0,0.0
4364,-0.15036267557913827,0.23076923076923078,0.5849971026224333,10.7978595795945,106.658393647776,3.0,0,0,0.11316161425994499,0.0,0.0,1.0,0.0,0.0
4142,1.1833785954106828,0.15384615384615385,2.5341556375641257,10.792962137521,106.670061963246,3.0,0,0,0.11316161425994499,0.0,0.0,0.0,0.0,1.0
991,-0.6986692748486453,0.3076923076923077,0.1302907279796492,10.7715557675023,106.677937594326,3.0,0,1,0.6349856886503463,0.0,0.0,0.0,1.0,0.0
876,-0.3992422225807697,0.3076923076923077,-1.2015945422910468,10.8279309040479,106.69032169506,3.0,0,0,-0.3306552193971129,0.0,0.0,0.0,1.0,0.0
4869,2.9188244795598894,0.5384615384615385,1.434027398777648,10.8119341410873,106.692356758276,0.0,1,0,0.30272686033993124,0.0,1.0,0.0,1.0,0.0
5315,0.7324828108776685,0.38461538461538464,-0.13659775324274978,10.8546427968892,106.767908181119,0.0,1,1,0.4757863711357461,0.0,0.0,0.0,1.0,0.0
5222,1.9403102073822796,0.15384615384615385,2.6196726966214445,21.02894860978742,105.85244722590336,0.0,1,0,0.11316161425994499,0.0,1.0,0.0,1.0,0.0
4,0.9053480809024144,0.3076923076923077,-0.13659775324274978,10.8359547395213,106.843016346979,0.0,1,1,1.769759295385021,0.0,0.0,0.0,1.0,0.0
3051,-0.35076329075821017,0.23076923076923078,0.1302907279796492,10.8457144942265,106.664338873421,3.0,0,0,0.11316161425994499,0.0,0.0,0.0,0.0,1.0
5691,1.0134575181046448,0.0,-1.2015945422910468,10.8064857870859,106.711915695706,3.0,0,0,-2.28145563852695,0.0,0.0,0.0,1.0,0.0
3124,-0.8917879431693261,0.15384615384615385,-1.7072229052631471,10.7650379375747,106.696606029561,3.0,0,0,-0.3306552193971129,0.0,0.0,0.0,1.0,0.0
2660,-0.08917566997524837,0.07692307692307693,-0.13659775324274978,10.7916947674467,106.624419937282,0.0,1,1,-0.09639304316274322,0.0,0.0,0.0,1.0,0.0
2491,0.16700223033751904,0.3076923076923077,-0.4391709580720064,10.8097290777659,106.685145264238,0.0,1,0,0.6349856886503463,0.0,0.0,0.0,0.0,1.0
5173,0.6007096205069974,0.15384615384615385,0.1302907279796492,10.7826931889203,106.769375428869,3.0,0,1,0.11316161425994499,0.0,0.0,0.0,0.0,1.0
3854,1.1317986567300606,0.15384615384615385,0.5849971026224333,10.8157180725612,106.707694352245,2.0,0,0,0.11316161425994499,0.0,0.0,0.0,0.0,1.0
4933,2.5193871335262243,0.23076923076923078,2.9327121238363367,10.7673566759074,106.695069685492,3.0,0,0,0.9196032047928032,0.0,0.0,1.0,0.0,0.0
4777,0.5102943374875497,0.15384615384615385,-0.13659775324274978,10.7047146909984,106.734885859117,0.0,1,1,0.11316161425994499,0.0,0.0,0.0,0.0,1.0
1715,0.3261314717355513,0.15384615384615385,0.1302907279796492,10.7980112377975,106.59189494797,2.0,0,0,-0.09639304316274322,0.0,0.0,0.0,0.0,1.0
1148,0.9053480809024144,0.23076923076923078,0.1302907279796492,10.7975213893309,106.689000526239,3.0,0,1,1.769759295385021,0.0,0.0,0.0,1.0,0.0
3261,-0.8917879431693261,0.38461538461538464,-1.2015945422910468,10.8518965472974,106.658665418747,3.0,0,0,0.11316161425994499,0.0,0.0,0.0,1.0,0.0
574,-0.7291543745677658,0.23076923076923078,-0.7884660886417492,10.8195262479001,106.702922695663,2.0,0,0,-0.09639304316274322,0.0,0.0,0.0,1.0,0.0
3769,-0.5550151062263636,0.23076923076923078,0.1302907279796492,10.7919604384016,106.691277666268,3.0,0,1,0.6349856886503463,0.0,0.0,0.0,0.0,1.0
3736,-0.6395223895560433,0.15384615384615385,0.1302907279796492,10.7652745148082,106.675559229172,3.0,0,1,-0.09639304316274322,0.0,1.0,0.0,1.0,0.0
4146,0.21656469094070732,0.4615384615384616,2.9327121238363367,10.7995699979821,106.641264832063,3.0,0,0,-0.5962397703258719,0.0,0.0,1.0,0.0,0.0
853,0.3261314717355513,0.3076923076923077,0.963530485543728,10.7939178869281,106.669192991347,3.0,0,0,0.11316161425994499,0.0,0.0,0.0,1.0,0.0
1982,-0.12968436710496703,0.23076923076923078,0.1302907279796492,10.7825713587137,106.608962250087,3.0,0,1,1.0479657854342355,0.0,0.0,0.0,0.0,1.0
2774,-0.04974733457061966,0.15384615384615385,-0.13659775324274978,10.8591762384213,106.722245323336,0.0,1,1,-0.5962397703258719,0.0,0.0,0.0,1.0,0.0
4929,0.8106090961495499,0.38461538461538464,2.5341556375641257,10.8536377104763,106.751578543674,3.0,0,0,0.6349856886503463,0.0,0.0,0.0,0.0,1.0
5211,0.06259592582891907,0.3076923076923077,-0.13659775324274978,10.74082720928621,106.69872898802925,0.0,1,1,0.6349856886503463,0.0,0.0,0.0,1.0,0.0
1166,-0.3271071868061051,0.23076923076923078,0.1302907279796492,10.8674507589688,106.626177803679,3.0,0,0,-0.3306552193971129,1.0,0.0,0.0,1.0,0.0
971,-1.1961350497447065,0.15384615384615385,0.1302907279796492,10.7613058080495,106.692449184383,3.0,0,1,-0.5962397703258719,0.0,0.0,0.0,1.0,0.0
2701,0.7552290280664897,0.07692307692307693,0.1302907279796492,10.7979476884217,106.704641396004,3.0,0,1,0.4757863711357461,0.0,0.0,1.0,0.0,0.0
4495,0.48341223409930084,0.23076923076923078,0.1302907279796492,10.7605945170481,106.683885150884,3.0,0,1,-0.09639304316274322,1.0,0.0,0.0,1.0,0.0
3847,-1.0361439750637471,0.38461538461538464,-0.13659775324274978,10.7687522540693,106.697552005226,0.0,1,1,-0.9028346336956022,0.0,1.0,1.0,0.0,0.0
2368,0.2487067167045892,0.07692307692307693,-0.4391709580720064,10.8435512973653,106.634629907443,2.0,0,1,-0.9028346336956022,0.0,0.0,0.0,1.0,0.0
4115,-0.10929128578611225,0.23076923076923078,2.5341556375641257,10.74527,106.6266,3.0,0,0,0.11316161425994499,0.0,0.0,0.0,0.0,1.0
4780,0.26451943380014525,0.23076923076923078,2.5341556375641257,10.7495736089199,106.635053311166,3.0,0,0,0.6349856886503463,0.0,0.0,0.0,1.0,0.0
4131,0.3997026173414371,0.23076923076923078,1.287787426350749,10.7447136303099,106.616748368487,0.0,1,0,0.11316161425994499,0.0,0.0,0.0,0.0,1.0
2950,-0.9622048207552769,0.15384615384615385,-0.13659775324274978,10.7447117638903,106.695698587196,0.0,1,1,-0.5962397703258719,0.0,0.0,0.0,1.0,0.0
5625,1.1578135499990652,0.0,2.0502110105697895,10.8826972401299,106.770344455774,3.0,0,0,-1.709276224228461,0.0,1.0,0.0,1.0,0.0
524,-2.0993488277390115,0.15384615384615385,-0.4391709580720064,10.7848644526527,106.668298466797,2.0,0,1,-0.9028346336956022,0.0,0.0,0.0,0.0,1.0
2455,-1.0361439750637471,0.15384615384615385,-1.7072229052631471,10.8481820381005,106.648493425023,0.0,1,0,-0.5962397703258719,0.0,0.0,0.0,0.0,1.0
5016,-0.37480406362233243,0.23076923076923078,-0.13659775324274978,10.879043,106.55251,0.0,1,1,-0.09639304316274322,0.0,1.0,0.0,1.0,0.0
1841,-0.011343228479551189,0.15384615384615385,0.5849971026224333,10.7978147283783,106.705073092971,2.0,0,0,-0.09639304316274322,0.0,0.0,0.0,0.0,1.0
537,0.21656469094070732,0.3076923076923077,-0.13659775324274978,10.7663152283308,106.683054625684,0.0,1,1,1.3897638631431688,0.0,0.0,0.0,1.0,0.0
2806,-0.7291543745677658,0.07692307692307693,-0.4391709580720064,10.7936607213378,106.590596030205,0.0,1,0,-0.9028346336956022,0.0,0.0,1.0,0.0,0.0
5801,-0.5012464551475065,0.07692307692307693,-0.7884660886417492,10.8589828678967,106.760269032683,2.0,0,0,-0.9028346336956022,0.0,0.0,0.0,1.0,0.0
5596,-0.6108132359423499,0.3076923076923077,-0.13659775324274978,10.7904934585794,106.692469735734,0.0,1,1,-0.5962397703258719,0.0,0.0,0.0,0.0,0.0
4341,0.4421497898439041,0.23076923076923078,0.5849971026224333,10.762726373187,106.686672177653,3.0,0,0,0.4757863711357461,0.0,0.0,0.0,0.0,1.0
3175,-0.6395223895560433,0.07692307692307693,-0.13659775324274978,10.8640190925732,106.665811832998,0.0,1,1,-1.265459390571404,0.0,0.0,1.0,0.0,0.0
784,-0.9987122300435685,0.07692307692307693,-0.13659775324274978,10.7243123759992,106.726420869635,0.0,1,1,-1.265459390571404,0.0,0.0,0.0,1.0,0.0
4057,-1.0361439750637471,0.3076923076923077,-0.13659775324274978,10.791776165079,106.671374149198,0.0,1,1,0.11316161425994499,0.0,0.0,0.0,1.0,0.0
1409,-0.5012464551475065,0.07692307692307693,-0.7884660886417492,10.8589828678967,106.760269032683,2.0,0,0,-0.9028346336956022,0.0,0.0,0.0,1.0,0.0
2537,-0.5826509567402912,0.3076923076923077,-0.4391709580720064,10.8867596713204,106.723898225653,3.0,0,0,0.11316161425994499,0.0,0.0,0.0,1.0,0.0
154,0.007491102083431382,0.23076923076923078,-0.4391709580720064,10.7667802807706,106.60020224549,2.0,0,0,0.11316161425994499,0.0,0.0,0.0,1.0,0.0
3009,-0.011343228479551189,0.3076923076923077,-0.13659775324274978,10.7607367703367,106.688528170045,0.0,1,1,0.6349856886503463,0.0,0.0,0.0,1.0,0.0
1686,-0.37480406362233243,0.07692307692307693,0.1302907279796492,10.7938142254012,106.705624416078,3.0,0,1,-0.3306552193971129,0.0,0.0,0.0,0.0,1.0
2901,0.21656469094070732,0.23076923076923078,1.5713987371125986,10.7373933880674,106.70656637554,3.0,0,0,1.1685438955241836,0.0,0.0,1.0,0.0,0.0
6234,0.04445490123643577,0.07692307692307693,-0.4391709580720064,10.8016352806291,106.699905507021,0.0,1,0,-0.9028346336956022,0.0,0.0,1.0,0.0,0.0
4721,0.007491102083431382,0.07692307692307693,0.1302907279796492,10.8780129641072,106.678185473128,3.0,0,1,-0.9028346336956022,0.0,0.0,0.0,1.0,0.0
2733,0.18370833978305584,0.15384615384615385,0.1302907279796492,10.7744967328399,106.697856167809,3.0,0,1,0.4757863711357461,0.0,1.0,0.0,1.0,0.0
1895,2.702624737995759,0.3076923076923077,-0.13659775324274978,10.847986161146,106.648452362941,3.0,0,0,1.0479657854342355,0.0,0.0,0.0,1.0,0.0
5442,0.04445490123643577,0.23076923076923078,0.1302907279796492,10.812001672273,106.624179590872,0.0,1,0,0.4757863711357461,0.0,0.0,0.0,0.0,1.0
569,-0.3038236354463698,0.3076923076923077,0.963530485543728,10.8808979103056,106.679736860096,3.0,0,0,0.11316161425994499,0.0,0.0,0.0,1.0,0.0
5854,-0.6986692748486453,0.0,-1.2015945422910468,10.9457803475502,106.636874396779,0.0,1,0,-1.265459390571404,0.0,1.0,0.0,1.0,0.0
1816,-0.15036267557913827,0.07692307692307693,0.1302907279796492,10.8076252170679,106.645668950749,3.0,0,1,1.1685438955241836,0.0,0.0,0.0,1.0,0.0
2065,-0.3271071868061051,0.15384615384615385,-0.4391709580720064,10.7932342900834,106.641324290648,3.0,0,0,-0.5962397703258719,0.0,0.0,0.0,0.0,1.0
127,-0.2360953837240995,0.15384615384615385,-1.7072229052631471,10.7142241418517,106.736587993099,3.0,0,0,0.4757863711357461,0.0,0.0,0.0,0.0,1.0
3394,0.5497226728921797,0.23076923076923078,0.1302907279796492,10.8072622233077,106.678464026369,3.0,0,1,0.6349856886503463,1.0,0.0,0.0,1.0,0.0
3327,-1.8825992628308728,0.15384615384615385,-1.7072229052631471,10.7161462065722,106.631660084084,0.0,1,0,-1.265459390571404,0.0,0.0,0.0,0.0,1.0
6275,2.253930459473521,0.0,0.1302907279796492,10.7429445147102,106.725300059256,3.0,0,1,0.30272686033993124,0.0,0.0,0.0,0.0,1.0
2975,0.7887053628600965,0.23076923076923078,0.1302907279796492,10.8006226986772,106.645915539698,0.0,1,0,1.9355994527483495,1.0,0.0,0.0,1.0,0.0
980,0.21656469094070732,0.15384615384615385,-0.4391709580720064,10.7906071723386,106.689737081995,2.0,0,1,0.30272686033993124,0.0,0.0,0.0,1.0,0.0
2300,0.5881267789832482,0.4615384615384616,-0.4391709580720064,10.791236322188,106.68541909925,2.0,0,0,3.2740386932394134,0.0,0.0,0.0,1.0,0.0
190,-0.1926076911174569,0.3076923076923077,-0.13659775324274978,10.7925240576796,106.712087475313,0.0,1,1,1.2822279616686043,0.0,0.0,0.0,0.0,1.0
1139,0.4560322857850593,0.0,-2.3590912406621465,15.6638449989259,25.7209152906301,0.0,1,0,-0.5962397703258719,0.0,0.0,1.0,0.0,0.0
5088,-0.37480406362233243,0.15384615384615385,-0.13659775324274978,10.850394337967,106.695215785875,0.0,1,1,0.11316161425994499,0.0,0.0,0.0,1.0,0.0
699,1.0134575181046448,0.0,0.1302907279796492,10.6783182586725,106.753730843415,3.0,0,1,-0.3306552193971129,0.0,0.0,0.0,0.0,1.0
6014,-0.15036267557913827,0.15384615384615385,-0.4391709580720064,10.8420617393236,106.630447236212,2.0,0,0,0.11316161425994499,0.0,1.0,0.0,0.0,1.0
606,-0.21419165043464608,0.07692307692307693,-1.2015945422910468,10.8966183705072,106.575945440594,2.0,0,0,-1.265459390571404,0.0,0.0,0.0,1.0,0.0
4276,1.3881753703228958,0.0,-1.2015945422910468,10.8510062385817,106.764786407947,2.0,0,0,-0.09639304316274322,0.0,0.0,0.0,1.0,0.0
301,0.3707119834879608,0.23076923076923078,0.963530485543728,10.7021173866165,106.621208123793,3.0,0,0,-0.09639304316274322,0.0,0.0,1.0,0.0,0.0
3420,-0.9265771942689038,0.15384615384615385,0.1302907279796492,10.8343278606097,106.639739911976,3.0,0,1,-0.3306552193971129,0.0,0.0,0.0,0.0,1.0
6062,-0.5278863642596802,0.0,-0.4391709580720064,10.839161017522812,106.7838972620666,2.0,0,1,-1.265459390571404,0.0,0.0,0.0,1.0,0.0
1060,1.3881753703228958,0.15384615384615385,-0.13659775324274978,10.8356338851167,106.842916545436,0.0,1,1,1.0479657854342355,1.0,0.0,0.0,1.0,0.0
6115,2.0756900097090187,0.23076923076923078,0.1302907279796492,10.806187,106.76898,3.0,0,1,0.30272686033993124,0.0,1.0,0.0,1.0,0.0
2565,0.29564637201642957,0.23076923076923078,-0.4391709580720064,10.6778925179791,106.703276314794,0.0,1,0,-0.09639304316274322,0.0,0.0,0.0,0.0,1.0
6286,0.5754359289154177,0.15384615384615385,0.1302907279796492,10.7915825628237,106.64413095217,3.0,0,1,0.6349856886503463,0.0,0.0,0.0,1.0,0.0
1069,-0.9622048207552769,0.07692307692307693,-0.13659775324274978,10.8333354270832,106.721633628672,0.0,1,1,-2.28145563852695,0.0,0.0,0.0,1.0,0.0
2524,-0.8245729617021663,0.3076923076923077,-0.13659775324274978,10.8349479103499,106.639389245449,0.0,1,1,0.11316161425994499,0.0,0.0,0.0,0.0,1.0
2205,-0.6108132359423499,0.07692307692307693,-0.4391709580720064,10.775715869452,106.618488735381,3.0,0,0,-0.9028346336956022,0.0,0.0,0.0,0.0,1.0
1243,0.06259592582891907,0.3076923076923077,0.963530485543728,10.803373180025,106.684523312356,0.0,1,0,0.30272686033993124,0.0,0.0,0.0,0.0,1.0
16,-0.25832850878387886,0.23076923076923078,-0.13659775324274978,10.8007257108847,106.591401656495,0.0,1,1,-0.09639304316274322,0.0,0.0,0.0,0.0,1.0
3120,-0.7602813127840508,0.07692307692307693,-1.2015945422910468,10.8053344354838,106.680088233439,3.0,0,0,-1.265459390571404,0.0,0.0,0.0,0.0,1.0
6277,0.6131862764484118,0.23076923076923078,0.1302907279796492,10.7958551888778,106.631955834992,0.0,1,0,0.4757863711357461,0.0,0.0,0.0,0.0,1.0
4642,0.310967493112446,0.3076923076923077,0.963530485543728,10.8256286360689,106.634531076998,3.0,0,0,0.30272686033993124,0.0,0.0,0.0,0.0,1.0
4754,1.6565067844550418,0.23076923076923078,0.1302907279796492,10.82443075916818,106.69232693123944,3.0,0,1,1.1685438955241836,0.0,0.0,0.0,0.0,1.0
815,0.6499966829618635,0.23076923076923078,0.1302907279796492,10.7861041691771,106.76829775146,3.0,0,0,0.30272686033993124,0.0,0.0,0.0,1.0,0.0
3067,0.4139875106418454,0.23076923076923078,-0.7884660886417492,10.7772637508113,106.767576690763,0.0,1,0,0.6349856886503463,0.0,0.0,1.0,0.0,0.0
6150,-0.6395223895560433,0.15384615384615385,-0.13659775324274978,10.6928770668793,106.740810400381,0.0,1,1,0.11316161425994499,0.0,0.0,0.0,0.0,1.0
5600,-0.37480406362233243,0.23076923076923078,-0.7884660886417492,10.7516148287921,106.701270155356,2.0,0,0,-0.09639304316274322,0.0,0.0,0.0,0.0,1.0
959,0.04445490123643577,0.07692307692307693,-0.4391709580720064,10.7989488762226,106.693709045018,2.0,0,0,0.11316161425994499,0.0,0.0,0.0,1.0,0.0
4893,1.71661567056564,0.23076923076923078,0.1302907279796492,10.7309109601856,106.732836484633,3.0,0,0,0.11316161425994499,0.0,0.0,0.0,0.0,1.0
225,-0.8577985162466776,0.15384615384615385,0.1302907279796492,10.8016406110974,106.699010622618,3.0,0,1,0.11316161425994499,0.0,0.0,0.0,0.0,1.0
3354,0.4421497898439041,0.3076923076923077,2.0502110105697895,10.7890940162183,106.699112205561,3.0,0,0,-0.09639304316274322,0.0,0.0,0.0,0.0,1.0
5895,-0.5826509567402912,0.15384615384615385,-1.7072229052631471,10.8060284243096,106.69050440898,0.0,1,0,0.9196032047928032,0.0,0.0,0.0,1.0,0.0
2485,-2.179285860273359,0.0,0.1302907279796492,10.7652943217314,106.694657511188,3.0,0,1,-0.5962397703258719,0.0,0.0,0.0,1.0,0.0
562,-0.069330070593773,0.15384615384615385,-1.2015945422910468,10.7738216283891,106.697024097908,2.0,0,0,1.4917826190912926,0.0,0.0,0.0,1.0,0.0
3436,-1.6356139825265459,0.0,2.0502110105697895,10.838634795134327,106.83033175836876,0.0,1,0,-2.28145563852695,0.0,0.0,0.0,1.0,0.0
1693,2.182614296583261,0.4615384615384616,2.9327121238363367,10.8085445523063,106.687994858118,3.0,0,0,0.30272686033993124,0.0,0.0,0.0,0.0,1.0
1045,-0.3271071868061051,0.23076923076923078,0.1302907279796492,10.7916265667696,106.670033525911,3.0,0,1,-0.09639304316274322,0.0,0.0,0.0,1.0,0.0
3446,-1.0745480811548156,0.07692307692307693,-0.7884660886417492,10.8207935780769,106.635610663884,3.0,0,0,-0.9028346336956022,0.0,0.0,1.0,0.0,0.0
4565,1.7515418999351087,0.23076923076923078,0.1302907279796492,10.8051553459084,106.673053053298,3.0,0,1,2.7683848679745173,0.0,1.0,0.0,1.0,0.0
954,0.1501051897940211,0.15384615384615385,2.9327121238363367,10.7633076975209,106.69578738029,3.0,0,0,-0.9028346336956022,0.0,0.0,0.0,1.0,0.0
6274,1.6565067844550418,0.3076923076923077,0.1302907279796492,10.838877848321,106.648830636088,3.0,0,0,3.0142443347171786,0.0,0.0,0.0,0.0,1.0
2735,0.6620659332917171,0.07692307692307693,2.0502110105697895,10.8674305854356,106.628351436794,3.0,0,0,-0.5962397703258719,0.0,0.0,1.0,0.0,0.0
6178,3.3051151243537378,0.38461538461538464,-0.13659775324274978,10.7917678823115,106.605740279149,0.0,1,1,4.56977563506502,0.0,0.0,0.0,0.0,1.0
4735,-1.2831292553680742,0.15384615384615385,-0.13659775324274978,10.7947688612236,106.689449608347,0.0,1,1,-0.9028346336956022,0.0,1.0,0.0,1.0,0.0
6065,0.9053480809024144,0.23076923076923078,0.1302907279796492,10.797204828163,106.681436757287,3.0,0,1,1.769759295385021,0.0,1.0,0.0,1.0,0.0
1218,-0.37480406362233243,0.07692307692307693,0.963530485543728,10.8492380287522,106.658533035515,3.0,0,0,-1.265459390571404,0.0,0.0,0.0,1.0,0.0
5254,1.7743759438410165,0.07692307692307693,0.963530485543728,10.7806151465523,106.686274389729,3.0,0,0,0.6349856886503463,0.0,0.0,0.0,0.0,1.0
5511,-0.6108132359423499,0.15384615384615385,-0.4391709580720064,10.8400929964343,106.741396480211,2.0,0,1,-0.3306552193971129,0.0,0.0,0.0,0.0,1.0
1527,0.5754359289154177,0.23076923076923078,0.963530485543728,10.8332248429313,106.727326138581,0.0,1,0,0.11316161425994499,0.0,0.0,0.0,1.0,0.0
3987,0.21656469094070732,0.23076923076923078,2.0502110105697895,10.846718320959,106.722816489637,3.0,0,0,0.30272686033993124,0.0,0.0,0.0,1.0,0.0
6215,-0.7291543745677658,0.0,-0.13659775324274978,10.843438516308696,106.84263468592434,0.0,1,1,-0.9028346336956022,0.0,1.0,0.0,1.0,0.0
1300,-0.4240911260771986,0.23076923076923078,0.1302907279796492,10.7429388004274,106.729609486786,0.0,1,0,-0.09639304316274322,0.0,0.0,0.0,0.0,1.0
6162,-0.9987122300435685,0.07692307692307693,-0.13659775324274978,10.7243123759992,106.726420869635,0.0,1,1,-1.265459390571404,0.0,0.0,0.0,1.0,0.0
5699,1.1833785954106828,0.07692307692307693,0.963530485543728,10.8468403238531,106.762917264514,3.0,0,0,-0.5962397703258719,0.0,0.0,0.0,1.0,0.0
160,-0.10929128578611225,0.15384615384615385,0.1302907279796492,10.7898118844645,106.641907385441,3.0,0,1,0.11316161425994499,0.0,1.0,0.0,1.0,0.0
4067,-0.6395223895560433,0.23076923076923078,-0.13659775324274978,10.7616203985571,106.666700993993,0.0,1,1,1.0479657854342355,0.0,0.0,0.0,1.0,0.0
5800,0.5754359289154177,0.23076923076923078,-0.13659775324274978,10.8124934,106.6683798,0.0,1,1,0.6349856886503463,0.0,0.0,0.0,1.0,0.0
956,-0.9622048207552769,0.15384615384615385,-1.7072229052631471,10.7941548539159,106.689752647075,0.0,1,0,-0.9028346336956022,0.0,0.0,1.0,0.0,0.0
3791,1.7856620670050765,0.0,-0.7884660886417492,10.7612063463144,106.690205346901,0.0,1,0,-0.5962397703258719,0.0,0.0,1.0,0.0,0.0
3234,0.6740374558259857,0.07692307692307693,-0.4391709580720064,10.7803693413871,106.758083858357,3.0,0,0,0.30272686033993124,0.0,0.0,0.0,0.0,1.0
2869,0.3707119834879608,0.15384615384615385,1.5713987371125986,10.7438981425024,106.608924173165,3.0,0,0,0.11316161425994499,0.0,0.0,1.0,0.0,0.0
3777,0.6378280961214066,0.15384615384615385,0.1302907279796492,10.7671013657098,106.778437037997,3.0,0,1,0.9196032047928032,0.0,0.0,0.0,1.0,0.0
4433,0.5102943374875497,0.23076923076923078,0.1302907279796492,10.7911369136778,106.699157719005,3.0,0,1,0.11316161425994499,0.0,0.0,0.0,1.0,0.0
4973,2.5830232847811985,0.23076923076923078,-0.13659775324274978,10.7518058256567,106.608614288859,0.0,1,1,0.4757863711357461,0.0,0.0,0.0,1.0,0.0
2961,0.7093811696941079,0.3076923076923077,0.3690306097293516,10.8358438490215,106.842885633907,0.0,1,0,-0.3306552193971129,0.0,0.0,1.0,0.0,0.0
5980,1.0134575181046448,0.0,-1.7072229052631471,10.6782940114049,106.753338480921,3.0,0,0,-0.3306552193971129,0.0,0.0,0.0,0.0,1.0
2200,-0.7291543745677658,0.15384615384615385,-0.13659775324274978,10.7665087269119,106.600314566078,0.0,1,0,-0.3306552193971129,0.0,0.0,0.0,0.0,1.0
98,1.3881753703228958,0.07692307692307693,-0.7884660886417492,10.8543533529562,106.76390404697,0.0,1,0,2.2307964070632096,0.0,0.0,1.0,0.0,0.0
6124,-0.37480406362233243,0.0,-1.7072229052631471,10.8420543775192,106.630429153887,1.0,0,1,-1.265459390571404,0.0,0.0,0.0,1.0,0.0
2557,0.7438996626288421,0.15384615384615385,0.1302907279796492,10.7457053502753,106.61555898125,3.0,0,1,-0.09639304316274322,0.0,0.0,0.0,1.0,0.0
3183,-0.4493648176687783,0.15384615384615385,-0.13659775324274978,10.8290763075499,106.689202603558,0.0,1,1,0.782381234505476,1.0,0.0,0.0,0.0,1.0
253,-0.4750780736920162,0.15384615384615385,0.1302907279796492,10.8011293118266,106.800946694881,0.0,1,0,-0.3306552193971129,1.0,0.0,0.0,0.0,0.0
3923,0.4281357043022882,0.23076923076923078,0.1302907279796492,10.7317814290493,106.731528344111,3.0,0,1,0.9196032047928032,0.0,0.0,0.0,0.0,1.0
4199,-0.6395223895560433,0.23076923076923078,-0.4391709580720064,10.8456648042998,106.663950280781,2.0,0,1,-0.3306552193971129,0.0,0.0,0.0,0.0,1.0
1445,0.21656469094070732,0.23076923076923078,0.963530485543728,10.8080066823239,106.703028738836,2.0,0,0,0.30272686033993124,0.0,0.0,0.0,0.0,1.0
5539,-0.35076329075821017,0.15384615384615385,2.0502110105697895,10.7888997110603,106.698814597615,3.0,0,0,0.11316161425994499,1.0,0.0,0.0,1.0,0.0
1648,-0.3992422225807697,0.07692307692307693,2.5341556375641257,10.772200504245,106.669379956362,3.0,0,0,-1.265459390571404,0.0,0.0,1.0,0.0,0.0
4682,3.161584105534118,0.23076923076923078,0.1302907279796492,10.7556777007752,106.605715873366,3.0,0,1,-0.9028346336956022,0.0,1.0,0.0,1.0,0.0
4723,-1.6356139825265459,0.15384615384615385,-0.4391709580720064,10.7810410904582,106.650005044797,2.0,0,1,-1.709276224228461,0.0,1.0,0.0,1.0,0.0
3991,0.5102943374875497,0.23076923076923078,-0.4391709580720064,10.8217974300875,106.654589165867,2.0,0,1,0.11316161425994499,0.0,0.0,0.0,1.0,0.0
1696,0.11572050155235063,0.15384615384615385,1.287787426350749,10.7559088343646,106.610574550153,3.0,0,0,0.30272686033993124,0.0,0.0,1.0,0.0,0.0
3191,0.26451943380014525,0.07692307692307693,-0.4391709580720064,10.8079620519521,106.702964281386,0.0,1,0,-0.09639304316274322,0.0,0.0,1.0,0.0,0.0
4499,-0.37480406362233243,0.15384615384615385,-1.2015945422910468,10.7837498455188,106.64749538457,3.0,0,0,-0.3306552193971129,0.0,0.0,1.0,0.0,0.0
1154,0.9943801572205769,0.15384615384615385,-0.13659775324274978,10.8433222706662,106.709313572448,0.0,1,1,1.6813478651712797,0.0,1.0,0.0,1.0,0.0
2255,-0.4750780736920162,0.15384615384615385,0.5849971026224333,10.7848594966896,106.80092925213,0.0,1,0,-0.09639304316274322,0.0,0.0,0.0,0.0,1.0
1682,0.02608851654062688,0.23076923076923078,-0.13659775324274978,10.8688622278181,106.684014418434,3.0,0,0,0.11316161425994499,1.0,0.0,0.0,1.0,0.0
3170,-0.04974733457061966,0.23076923076923078,-0.13659775324274978,10.8538296762585,106.651607315364,0.0,1,1,0.30272686033993124,1.0,0.0,0.0,1.0,0.0
2056,-0.8917879431693261,0.07692307692307693,-0.13659775324274978,10.7629498361667,106.686773407653,0.0,1,1,-1.265459390571404,0.0,0.0,0.0,1.0,0.0
4090,-0.9265771942689038,0.15384615384615385,-0.7884660886417492,10.7883461796021,106.656964763203,2.0,0,0,-0.5962397703258719,0.0,0.0,0.0,0.0,1.0
6144,-0.25832850878387886,0.15384615384615385,-1.2015945422910468,10.6919218250543,106.736195146778,3.0,0,0,0.30272686033993124,0.0,0.0,0.0,0.0,1.0
3108,0.4560322857850593,0.3076923076923077,2.445284124721849,10.7583715635633,106.678094884321,3.0,0,0,0.782381234505476,0.0,0.0,0.0,1.0,0.0
4548,-0.04974733457061966,0.3076923076923077,1.434027398777648,10.8115925445558,106.62397588143,0.0,1,0,0.6349856886503463,0.0,0.0,0.0,0.0,1.0
3723,0.6620659332917171,0.23076923076923078,3.8269721276221884,10.7706041626054,106.714800478552,3.0,0,0,0.9196032047928032,1.0,0.0,1.0,0.0,0.0
5423,1.5284202422377637,0.23076923076923078,0.963530485543728,10.73778844266964,106.72595944946876,0.0,1,0,0.6349856886503463,0.0,0.0,0.0,0.0,1.0
2049,-0.3271071868061051,0.38461538461538464,-0.4391709580720064,10.8128635371277,106.709193685382,0.0,1,0,1.1685438955241836,0.0,0.0,0.0,0.0,1.0
4976,-0.10929128578611225,0.15384615384615385,-0.13659775324274978,10.8455069821256,106.664734478905,0.0,1,1,0.11316161425994499,0.0,0.0,0.0,1.0,0.0
3643,0.08051705379647196,0.23076923076923078,0.1302907279796492,10.8304119897913,106.63275312678,0.0,1,0,0.30272686033993124,0.0,0.0,0.0,1.0,0.0
6210,0.04445490123643577,0.0,-1.2015945422910468,10.8412042601513,106.725455430172,0.0,1,0,-1.709276224228461,0.0,0.0,0.0,1.0,0.0
623,-0.37480406362233243,0.07692307692307693,-0.4391709580720064,10.856084896371,106.750419003761,2.0,0,1,-1.265459390571404,0.0,0.0,0.0,1.0,0.0
5883,0.9053480809024144,0.4615384615384616,0.1302907279796492,10.7603759049588,106.68860149815,3.0,0,1,1.769759295385021,0.0,0.0,0.0,1.0,0.0
262,-0.37480406362233243,0.07692307692307693,-1.2015945422910468,10.7962125544952,106.706627503614,2.0,0,0,-0.9028346336956022,0.0,0.0,1.0,0.0,0.0
5730,-0.1926076911174569,0.23076923076923078,0.1302907279796492,10.8203877981185,106.704296682277,2.0,0,0,0.9196032047928032,0.0,0.0,0.0,0.0,1.0
3369,-0.6395223895560433,0.15384615384615385,-0.7884660886417492,10.8783819006971,106.774986557572,2.0,0,0,-0.09639304316274322,0.0,0.0,0.0,1.0,0.0
4061,1.3584562801307782,0.15384615384615385,-0.4391709580720064,10.7399602260226,106.617058160932,2.0,0,0,3.7738854204025416,0.0,0.0,1.0,0.0,0.0
5534,1.985191476882123,0.4615384615384616,-0.13659775324274978,10.8253066901308,106.684414270015,0.0,1,1,2.7153435996542745,0.0,0.0,0.0,1.0,0.0
1802,-1.2831292553680742,0.07692307692307693,-1.2015945422910468,10.848672915314,106.666816823254,2.0,0,0,-1.265459390571404,0.0,0.0,0.0,0.0,1.0
4736,0.9256014791983493,0.6153846153846154,0.1302907279796492,10.7734613181303,106.697963425682,3.0,0,1,0.782381234505476,0.0,0.0,0.0,1.0,0.0
6284,-4.930361593471287,0.0,-0.13659775324274978,10.8123165632322,106.72653616377,0.0,1,1,-2.28145563852695,0.0,0.0,0.0,1.0,0.0
2385,0.9053480809024144,0.38461538461538464,0.1302907279796492,10.8355047043669,106.842127110805,0.0,1,0,0.30272686033993124,0.0,0.0,0.0,1.0,0.0
5759,-0.7291543745677658,0.23076923076923078,-1.2015945422910468,10.7610300092161,106.660886516115,0.0,1,0,0.11316161425994499,0.0,0.0,0.0,0.0,1.0
1959,-0.9265771942689038,0.3076923076923077,2.9327121238363367,10.7664764909687,106.697367133276,3.0,0,0,-0.09639304316274322,0.0,0.0,0.0,1.0,0.0
2976,-0.5550151062263636,0.23076923076923078,-0.13659775324274978,10.7735842103827,106.627240768582,0.0,1,1,-0.09639304316274322,1.0,0.0,0.0,1.0,0.0
488,-0.6688000780565717,0.3076923076923077,0.1302907279796492,10.79735338886,106.689196206136,3.0,0,1,0.11316161425994499,0.0,0.0,0.0,0.0,1.0
1843,-0.3271071868061051,0.07692307692307693,-0.4391709580720064,10.7887727964634,106.661157933497,2.0,0,1,-0.9028346336956022,0.0,0.0,0.0,1.0,0.0
1734,0.3261314717355513,0.15384615384615385,-0.13659775324274978,10.845809933261,106.718075540238,0.0,1,1,-0.5962397703258719,0.0,0.0,1.0,0.0,0.0
2911,0.8639894412629446,0.0,1.287787426350749,10.7819874807816,106.625615396632,3.0,0,0,-2.28145563852695,0.0,0.0,0.0,1.0,0.0
3219,-0.5278863642596802,0.3076923076923077,-0.7884660886417492,10.8444096152453,106.647013004136,2.0,0,0,0.30272686033993124,0.0,0.0,0.0,0.0,1.0
146,1.0229046745611603,0.23076923076923078,2.9327121238363367,10.818891,106.78099,3.0,0,0,0.4757863711357461,0.0,0.0,0.0,1.0,0.0
5630,-0.17133430316050988,0.07692307692307693,-0.4391709580720064,10.8012185661724,106.698990979839,0.0,1,0,-0.09639304316274322,0.0,0.0,0.0,0.0,1.0
1986,1.312726605208099,0.07692307692307693,1.5713987371125986,10.721014549523,106.62067707594,3.0,0,0,-0.09639304316274322,0.0,0.0,0.0,1.0,0.0
1369,0.21656469094070732,0.07692307692307693,3.566232722406522,10.8915771222522,106.61607730566,3.0,0,0,-1.265459390571404,0.0,0.0,1.0,0.0,0.0
2811,1.6129275255674442,0.15384615384615385,0.1302907279796492,10.8411931013944,106.725483788325,3.0,0,1,-0.5962397703258719,0.0,0.0,0.0,1.0,0.0
659,-0.7920776985802562,0.07692307692307693,-1.2015945422910468,10.8631779548537,106.638949369426,2.0,0,0,-0.9028346336956022,0.0,0.0,0.0,1.0,0.0
1794,-0.069330070593773,0.15384615384615385,-0.13659775324274978,10.8060289797342,106.60518846232,0.0,1,0,-0.09639304316274322,0.0,0.0,0.0,0.0,1.0
2511,0.4560322857850593,0.3076923076923077,-0.4391709580720064,10.7691312103716,106.683040206154,2.0,0,1,1.2822279616686043,0.0,0.0,0.0,1.0,0.0
3397,-0.1926076911174569,0.23076923076923078,-0.4391709580720064,10.845396211359,106.72616339938,2.0,0,1,0.11316161425994499,0.0,0.0,0.0,1.0,0.0
4282,2.8244503820167908,0.07692307692307693,-0.13659775324274978,10.8193256081866,106.70266806515,0.0,1,1,0.6349856886503463,0.0,1.0,0.0,1.0,0.0
1147,-0.5826509567402912,0.07692307692307693,-0.4391709580720064,10.7732494480498,106.627420810411,3.0,0,0,-0.5962397703258719,0.0,0.0,0.0,1.0,0.0
3272,-0.3992422225807697,0.07692307692307693,-0.7884660886417492,10.6748436996196,106.739482477922,0.0,1,0,-0.3306552193971129,0.0,0.0,0.0,0.0,1.0
608,-0.9987122300435685,0.23076923076923078,-1.7072229052631471,10.7161039104522,106.631755785234,0.0,1,0,-0.3306552193971129,0.0,0.0,0.0,0.0,1.0
3582,-1.8168784451644522,0.15384615384615385,0.5849971026224333,10.7845657133379,106.627004553443,3.0,0,0,-1.265459390571404,0.0,0.0,1.0,0.0,0.0
1930,0.3707119834879608,0.23076923076923078,0.1302907279796492,21.0289486097874,105.852447225903,3.0,0,1,0.11316161425994499,0.0,1.0,0.0,1.0,0.0
197,-0.5550151062263636,0.15384615384615385,0.5849971026224333,10.8454385998056,106.717858724667,3.0,0,0,-0.5962397703258719,0.0,0.0,0.0,1.0,0.0
2931,1.0783539839487635,0.3076923076923077,1.1314541939483909,10.83565362644869,106.84326175067942,3.0,0,0,1.0479657854342355,0.0,0.0,0.0,1.0,0.0
2327,0.18370833978305584,0.23076923076923078,0.5849971026224333,10.8565594326487,106.614704544142,3.0,0,0,0.6349856886503463,0.0,0.0,0.0,0.0,1.0
4389,-0.9265771942689038,0.3076923076923077,-0.4391709580720064,10.8128225423955,106.697170261775,0.0,1,0,-0.3306552193971129,0.0,0.0,0.0,1.0,0.0
766,-0.4240911260771986,0.23076923076923078,-0.4391709580720064,10.8133886876164,106.689892343113,0.0,1,0,-0.09639304316274322,0.0,0.0,0.0,0.0,1.0
4496,1.4808330323692553,0.15384615384615385,-0.13659775324274978,10.788095603701,106.67687773787,0.0,1,1,0.11316161425994499,0.0,0.0,0.0,1.0,0.0
4218,-0.28090108395535385,0.38461538461538464,1.5713987371125986,10.7782490324005,106.689223077645,3.0,0,0,1.3897638631431688,0.0,0.0,0.0,1.0,0.0
3255,-2.0993488277390115,0.07692307692307693,-1.7072229052631471,10.8295037001772,106.671270256031,0.0,1,0,-1.709276224228461,1.0,0.0,0.0,1.0,0.0
202,-1.0745480811548156,0.07692307692307693,-1.7072229052631471,10.7506036825083,106.719788089151,0.0,1,0,-1.265459390571404,0.0,0.0,1.0,0.0,0.0
3510,-0.3038236354463698,0.07692307692307693,-1.2015945422910468,10.8040357468203,106.696270989577,2.0,0,0,-0.09639304316274322,0.0,0.0,0.0,1.0,0.0
4931,0.6378280961214066,0.4615384615384616,0.1302907279796492,10.7628424556361,106.670705159445,3.0,0,1,0.9196032047928032,0.0,1.0,0.0,1.0,0.0
5535,-0.37480406362233243,0.07692307692307693,-1.2015945422910468,10.7806829832627,106.649862487041,0.0,1,0,-1.265459390571404,0.0,0.0,0.0,1.0,0.0
1733,2.6689868351136155,0.15384615384615385,2.0502110105697895,10.7079862534097,106.73511092879,3.0,0,0,0.782381234505476,0.0,0.0,0.0,0.0,1.0
5791,0.7209771111378261,0.07692307692307693,-0.13659775324274978,10.6781284790164,106.703209723238,0.0,1,1,0.11316161425994499,0.0,0.0,0.0,1.0,0.0
2777,-0.25832850878387886,0.3076923076923077,1.434027398777648,10.7959193916376,106.671083537174,0.0,1,0,0.30272686033993124,0.0,0.0,0.0,0.0,1.0
1707,-0.08917566997524837,0.07692307692307693,0.963530485543728,10.7182,106.618,0.0,1,0,-1.265459390571404,0.0,0.0,0.0,1.0,0.0
5172,-1.1961350497447065,0.3076923076923077,-0.13659775324274978,10.7985524033234,106.687490527758,0.0,1,1,0.11316161425994499,0.0,0.0,0.0,1.0,0.0
5249,-0.8245729617021663,0.07692307692307693,-0.4391709580720064,10.7474481573367,106.728992047093,2.0,0,0,-1.265459390571404,0.0,0.0,0.0,1.0,0.0
5757,1.3881753703228958,0.15384615384615385,-0.13659775324274978,10.803652,106.79629,0.0,1,1,1.0479657854342355,0.0,1.0,0.0,1.0,0.0
3474,-0.7602813127840508,0.23076923076923078,-1.7072229052631471,10.6930404499263,106.741255518537,0.0,1,0,-0.3306552193971129,0.0,0.0,0.0,0.0,1.0
5855,-0.5826509567402912,0.23076923076923078,0.3690306097293516,10.793277798114,106.822020179274,0.0,1,0,0.11316161425994499,0.0,0.0,0.0,0.0,1.0
854,-0.6986692748486453,0.07692307692307693,-1.7072229052631471,10.6786109741058,106.753344518309,1.0,0,0,-0.9028346336956022,0.0,0.0,1.0,0.0,0.0
5685,1.0134575181046448,0.38461538461538464,0.5849971026224333,10.7955413262959,106.694389713586,3.0,0,0,0.11316161425994499,0.0,0.0,1.0,0.0,0.0
4737,-0.03042058936361902,0.15384615384615385,0.1302907279796492,10.83314221451328,106.68515257537364,2.0,0,0,0.11316161425994499,0.0,1.0,0.0,1.0,0.0
4097,-1.8168784451644522,0.15384615384615385,-0.13659775324274978,10.7493455310095,106.639462348822,0.0,1,1,-0.9028346336956022,0.0,0.0,0.0,1.0,0.0
2160,1.373390497564838,0.4615384615384616,0.1302907279796492,10.7614345199775,106.692171138953,3.0,0,1,0.6349856886503463,0.0,0.0,1.0,0.0,0.0
698,-0.08917566997524837,0.15384615384615385,-0.4391709580720064,10.6929231953466,106.741125462558,2.0,0,0,0.11316161425994499,0.0,0.0,0.0,0.0,1.0
6232,-0.37480406362233243,0.15384615384615385,-0.7884660886417492,10.8455210172966,106.726183687189,0.0,1,0,-0.5962397703258719,0.0,0.0,1.0,0.0,0.0
2999,0.9943801572205769,0.15384615384615385,0.1302907279796492,10.7518301944619,106.701900320137,3.0,0,1,-0.09639304316274322,0.0,0.0,0.0,1.0,0.0
3696,0.4139875106418454,0.3076923076923077,-0.13659775324274978,10.859547245982,106.756601824638,0.0,1,1,0.4757863711357461,0.0,0.0,0.0,1.0,0.0
1636,-0.2360953837240995,0.23076923076923078,-1.2015945422910468,10.8106108059712,106.713034194166,0.0,1,0,0.9196032047928032,0.0,0.0,0.0,0.0,1.0
3457,-0.03042058936361902,0.07692307692307693,-0.4391709580720064,10.7795108846431,106.611853834358,0.0,1,0,-0.5962397703258719,0.0,0.0,0.0,0.0,1.0
3581,-0.5012464551475065,0.07692307692307693,-0.13659775324274978,10.8204569002578,106.822944044319,0.0,1,1,0.11316161425994499,0.0,0.0,1.0,0.0,0.0
1291,-0.6688000780565717,0.07692307692307693,-0.13659775324274978,10.8326903650321,106.6724812714,0.0,1,1,-0.9028346336956022,0.0,0.0,0.0,0.0,1.0
4659,1.0134575181046448,0.0,-1.2015945422910468,10.806485787085908,106.7119156957061,3.0,0,0,-2.28145563852695,0.0,0.0,0.0,1.0,0.0
5616,2.356753564924664,0.6923076923076923,0.1302907279796492,10.763362416866,106.686891184711,3.0,0,1,1.1685438955241836,0.0,0.0,0.0,1.0,0.0
1853,-0.28090108395535385,0.15384615384615385,-0.7884660886417492,10.8428995780783,106.73333747974,3.0,0,0,-0.3306552193971129,0.0,0.0,0.0,0.0,1.0
5232,0.8639894412629446,0.15384615384615385,0.1302907279796492,10.7719831959622,106.669288276788,3.0,0,1,0.6349856886503463,0.0,0.0,0.0,1.0,0.0
3763,-0.4750780736920162,0.23076923076923078,1.5713987371125986,10.8010504255612,106.627385843937,3.0,0,0,-0.09639304316274322,0.0,0.0,0.0,0.0,1.0
3304,-0.5550151062263636,0.15384615384615385,-0.7884660886417492,10.8424858396929,106.643045790223,2.0,0,0,0.11316161425994499,0.0,0.0,0.0,0.0,1.0
6192,-0.3038236354463698,0.38461538461538464,0.1302907279796492,10.7610532029704,106.660784227975,3.0,0,1,0.9196032047928032,0.0,0.0,0.0,0.0,1.0
5727,0.21656469094070732,0.38461538461538464,-0.13659775324274978,10.8485970032471,106.586765223102,0.0,1,1,0.30272686033993124,0.0,0.0,0.0,1.0,0.0
3743,0.4421497898439041,0.15384615384615385,0.963530485543728,10.69125,106.7212,0.0,1,0,-0.09639304316274322,0.0,0.0,0.0,0.0,1.0
3445,-1.113976416559445,0.07692307692307693,-0.13659775324274978,10.7497928101292,106.714066891085,0.0,1,1,-1.265459390571404,0.0,0.0,1.0,0.0,0.0
1998,-0.21419165043464608,0.3076923076923077,0.1302907279796492,10.7719557193874,106.669449273149,3.0,0,1,0.9196032047928032,1.0,0.0,0.0,1.0,0.0
663,0.3707119834879608,0.23076923076923078,0.1302907279796492,10.7951399540807,106.775700912838,3.0,0,1,0.11316161425994499,0.0,1.0,0.0,1.0,0.0
4779,-0.5826509567402912,0.15384615384615385,-0.4391709580720064,10.8456952700703,106.726145060652,2.0,0,1,-0.3306552193971129,0.0,0.0,0.0,1.0,0.0
5353,-0.6395223895560433,0.15384615384615385,-0.4391709580720064,10.8032610303009,106.630035844338,2.0,0,0,-0.09639304316274322,0.0,1.0,0.0,1.0,0.0
3748,-0.6108132359423499,0.23076923076923078,-0.13659775324274978,10.8753908246011,106.685465187764,3.0,0,0,-0.09639304316274322,0.0,0.0,0.0,0.0,1.0
4413,-0.10929128578611225,0.3076923076923077,-0.4391709580720064,10.7852172433848,106.700156401355,3.0,0,0,1.0479657854342355,0.0,0.0,0.0,1.0,0.0
4744,-0.2360953837240995,0.07692307692307693,0.1302907279796492,10.7242372236381,106.680278147324,3.0,0,0,-1.265459390571404,0.0,1.0,0.0,0.0,1.0
5530,0.9053480809024144,0.15384615384615385,0.963530485543728,10.796023512995935,106.79177512244075,0.0,1,0,-0.09639304316274322,0.0,0.0,0.0,0.0,1.0
5575,0.5754359289154177,0.07692307692307693,-0.13659775324274978,10.6849499627066,106.750284840048,3.0,0,0,-0.3306552193971129,0.0,0.0,0.0,1.0,0.0
709,-0.5012464551475065,0.15384615384615385,-0.4391709580720064,10.8411099535991,106.651035222887,2.0,0,1,-0.5962397703258719,0.0,0.0,0.0,0.0,1.0
1282,-0.8917879431693261,0.15384615384615385,-1.2015945422910468,10.7307375681185,106.732029207051,0.0,1,0,-0.5962397703258719,0.0,0.0,1.0,0.0,0.0
5864,0.310967493112446,0.15384615384615385,0.963530485543728,10.69125,106.7212,0.0,1,0,0.30272686033993124,0.0,0.0,0.0,1.0,0.0
5068,-0.37480406362233243,0.3076923076923077,-0.13659775324274978,10.7882440342411,106.652849824445,2.0,0,0,0.11316161425994499,0.0,0.0,0.0,0.0,1.0
2675,0.04445490123643577,0.23076923076923078,0.3690306097293516,10.6845091619312,106.749946296877,3.0,0,0,0.11316161425994499,0.0,0.0,0.0,0.0,1.0
4029,-0.1926076911174569,0.3076923076923077,-0.13659775324274978,10.8341685182596,106.639539644455,0.0,1,1,0.30272686033993124,0.0,0.0,0.0,0.0,1.0
1306,0.18370833978305584,0.07692307692307693,0.1302907279796492,10.7897198557941,106.691234942943,3.0,0,1,-0.9028346336956022,1.0,0.0,0.0,1.0,0.0
5496,-0.15036267557913827,0.23076923076923078,0.5849971026224333,10.8300800734565,106.702522549604,0.0,1,0,-0.09639304316274322,0.0,0.0,0.0,0.0,0.0
5504,0.16700223033751904,0.15384615384615385,0.3690306097293516,10.8589693581558,106.767886592447,3.0,0,0,-0.3306552193971129,0.0,0.0,0.0,1.0,0.0
2237,-0.3271071868061051,0.3076923076923077,0.5849971026224333,10.8732791415246,106.768140676929,3.0,0,0,0.30272686033993124,0.0,0.0,0.0,0.0,1.0
3302,-0.5550151062263636,0.15384615384615385,-0.4391709580720064,10.684204168253,106.750372868603,2.0,0,0,-0.09639304316274322,0.0,0.0,0.0,1.0,0.0
5592,2.0335119525708834,0.15384615384615385,-0.13659775324274978,10.7874700480939,106.767553053796,0.0,1,1,-0.09639304316274322,0.0,0.0,0.0,0.0,1.0
2038,-2.263793143603038,0.15384615384615385,-0.13659775324274978,10.8305222016732,106.632738223885,3.0,0,0,-1.265459390571404,0.0,0.0,0.0,0.0,1.0
1529,-0.37480406362233243,0.23076923076923078,0.1302907279796492,10.7597062772235,106.686749322455,2.0,0,0,0.4757863711357461,0.0,0.0,0.0,1.0,0.0
1663,0.7093811696941079,0.15384615384615385,0.5849971026224333,10.7345274670505,106.707812738471,0.0,1,0,-0.3306552193971129,0.0,0.0,0.0,0.0,1.0
5450,-1.375564037342406,0.07692307692307693,-1.2015945422910468,10.7876563051631,106.686017334994,3.0,0,0,-1.265459390571404,0.0,0.0,1.0,0.0,0.0
6217,-0.7291543745677658,0.0,-0.13659775324274978,10.841981933199,106.838473840325,0.0,1,1,-0.9028346336956022,0.0,1.0,0.0,1.0,0.0
6240,-0.9265771942689038,0.15384615384615385,-0.7884660886417492,10.731687254786,106.745103388624,2.0,0,0,-0.09639304316274322,0.0,0.0,0.0,0.0,1.0
3627,0.26451943380014525,0.07692307692307693,1.1314541939483909,10.7757760767054,106.631020034855,0.0,1,0,0.30272686033993124,0.0,0.0,1.0,0.0,0.0
5739,0.3707119834879608,0.23076923076923078,0.1302907279796492,10.7415859295491,106.699419834813,3.0,0,1,0.11316161425994499,0.0,0.0,0.0,0.0,1.0
5147,-0.10929128578611225,0.38461538461538464,-0.4391709580720064,10.7694820474362,106.690485306064,2.0,0,1,0.11316161425994499,0.0,0.0,0.0,1.0,0.0
4891,-0.10929128578611225,0.3076923076923077,0.1302907279796492,10.7649001972514,106.616045698358,0.0,1,0,0.11316161425994499,0.0,0.0,0.0,0.0,1.0
2693,-0.3038236354463698,0.3076923076923077,0.5849971026224333,10.7467435859445,106.729077935532,0.0,1,0,0.11316161425994499,0.0,0.0,0.0,1.0,0.0
3060,0.6131862764484118,0.23076923076923078,-0.13659775324274978,10.8122862331766,106.668498088451,0.0,1,1,1.1685438955241836,0.0,0.0,0.0,1.0,0.0
1597,1.2332195493977356,0.0,0.5849971026224333,10.6939601845082,106.572000952714,3.0,0,0,-1.709276224228461,0.0,0.0,0.0,0.0,1.0
2729,-1.1961350497447065,0.07692307692307693,-0.13659775324274978,10.865724525939,106.686559279789,0.0,1,1,-1.265459390571404,1.0,0.0,0.0,1.0,0.0
2625,0.007491102083431382,0.07692307692307693,0.1302907279796492,10.8780129641072,106.678185473128,3.0,0,1,-0.9028346336956022,0.0,0.0,0.0,1.0,0.0
5915,1.6379870230326077,0.23076923076923078,2.2563469756017906,10.8084612122261,106.687971674851,3.0,0,0,-0.5962397703258719,0.0,0.0,0.0,1.0,0.0
3157,-0.6108132359423499,0.3076923076923077,0.1302907279796492,10.7645590244052,106.695545846775,3.0,0,1,-0.5962397703258719,0.0,0.0,0.0,0.0,1.0
3314,-0.8917879431693261,0.07692307692307693,-1.2015945422910468,10.8455447623088,106.664210124239,2.0,0,0,-1.265459390571404,1.0,0.0,0.0,1.0,0.0
1722,-0.7602813127840508,0.15384615384615385,-0.4391709580720064,10.8142966802995,106.697758290179,2.0,0,0,-0.5962397703258719,0.0,0.0,0.0,1.0,0.0
5279,-2.179285860273359,0.15384615384615385,1.1314541939483909,10.7514665612156,106.722497862814,0.0,1,0,-0.5962397703258719,0.0,0.0,0.0,1.0,0.0
1059,-0.37480406362233243,0.07692307692307693,-0.4391709580720064,10.7715270822015,106.62793685929,2.0,0,0,-0.9028346336956022,0.0,0.0,0.0,0.0,1.0
4636,0.02608851654062688,0.07692307692307693,0.1302907279796492,10.7830654859692,106.624621603646,3.0,0,1,0.30272686033993124,0.0,1.0,0.0,1.0,0.0
3242,-0.5826509567402912,0.0,-1.2015945422910468,10.8043372058699,106.625706276622,3.0,0,0,-1.709276224228461,0.0,0.0,0.0,0.0,1.0
1678,-0.7602813127840508,0.3076923076923077,-0.4391709580720064,10.8440576749836,106.640588343143,2.0,0,1,-0.09639304316274322,0.0,0.0,0.0,0.0,1.0
1757,2.009549111075147,0.15384615384615385,0.1302907279796492,10.7702860154473,106.689107824434,3.0,0,1,2.870403623922641,0.0,1.0,0.0,1.0,0.0
6019,0.5754359289154177,0.23076923076923078,-0.13659775324274978,10.7944480928941,106.668411138649,0.0,1,1,0.6349856886503463,0.0,1.0,0.0,1.0,0.0
4191,1.249466690424663,0.0,-1.7072229052631471,10.7917743140429,106.716012908454,3.0,0,0,-0.5962397703258719,0.0,0.0,1.0,0.0,0.0
5116,2.7384683105797905,0.15384615384615385,-0.13659775324274978,10.773036276589,106.686690388513,0.0,1,1,-0.3306552193971129,0.0,0.0,0.0,1.0,0.0
563,-0.6395223895560433,0.3076923076923077,-0.7884660886417492,10.7146354279344,106.736724261976,0.0,1,0,0.11316161425994499,0.0,0.0,0.0,0.0,1.0
2790,-0.7920776985802562,0.23076923076923078,0.1302907279796492,10.832400966739,106.672643148756,3.0,0,1,-0.5962397703258719,0.0,0.0,0.0,1.0,0.0
863,0.6131862764484118,0.38461538461538464,0.1302907279796492,10.7658787602828,106.663186592503,0.0,1,0,1.2822279616686043,0.0,0.0,0.0,1.0,0.0
1484,-1.4741655642529736,0.23076923076923078,0.1302907279796492,10.7553194873269,106.676973512356,3.0,0,1,-0.3306552193971129,0.0,0.0,0.0,0.0,1.0
5977,0.3707119834879608,0.23076923076923078,-0.4391709580720064,10.6928628047504,106.740871732198,2.0,0,0,0.6349856886503463,0.0,0.0,0.0,1.0,0.0
5134,-0.28090108395535385,0.38461538461538464,2.0502110105697895,10.73245,106.6209,3.0,0,0,0.30272686033993124,0.0,1.0,1.0,0.0,0.0
206,0.6131862764484118,0.0,-0.7884660886417492,10.779631576563,106.759292017668,2.0,0,0,-1.709276224228461,0.0,0.0,1.0,0.0,0.0
4488,3.4322498478770465,0.4615384615384616,0.1302907279796492,10.7516841772398,106.701417261081,3.0,0,1,3.5037857036596853,0.0,0.0,0.0,1.0,0.0
870,0.6378280961214066,0.07692307692307693,2.9327121238363367,10.7596380606619,106.673367940443,3.0,0,0,-0.9028346336956022,0.0,0.0,0.0,0.0,1.0
4493,-0.37480406362233243,0.23076923076923078,-0.13659775324274978,10.87836428850279,106.55282230159492,0.0,1,1,-0.09639304316274322,0.0,1.0,0.0,1.0,0.0
502,1.745777857722022,0.15384615384615385,0.1302907279796492,10.7333095940705,106.701809935071,0.0,1,0,2.1610022393368244,0.0,0.0,0.0,0.0,1.0
1028,0.3707119834879608,0.07692307692307693,-1.2015945422910468,10.8596038265726,106.622755434902,0.0,1,0,0.11316161425994499,0.0,0.0,0.0,1.0,0.0
3840,-0.12968436710496703,0.23076923076923078,1.5713987371125986,10.7969171441481,106.679438116032,0.0,1,0,0.6349856886503463,0.0,0.0,0.0,0.0,1.0
2690,0.3707119834879608,0.23076923076923078,0.5849971026224333,10.7425567251725,106.710277774585,0.0,1,0,0.11316161425994499,0.0,0.0,0.0,0.0,1.0
5581,1.0134575181046448,0.15384615384615385,2.9327121238363367,10.8098528092774,106.821275819764,3.0,0,0,-0.09639304316274322,0.0,0.0,0.0,1.0,0.0
5056,0.6378280961214066,0.38461538461538464,0.1302907279796492,10.869794336746,106.763371592152,3.0,0,1,-0.5962397703258719,0.0,0.0,0.0,1.0,0.0
1570,-0.37480406362233243,0.07692307692307693,-1.2015945422910468,10.7965175475113,106.706860931447,0.0,1,0,-0.3306552193971129,0.0,0.0,0.0,0.0,0.0
2773,-0.7602813127840508,0.07692307692307693,-1.7072229052631471,10.8007386653974,106.68383055815,0.0,1,0,-1.265459390571404,0.0,0.0,0.0,1.0,0.0
5991,0.3707119834879608,0.0,1.287787426350749,10.8100107665673,106.616584534159,0.0,1,0,0.6349856886503463,0.0,0.0,0.0,1.0,0.0
2731,-1.113976416559445,0.07692307692307693,-0.13659775324274978,10.8148914749106,106.672534727054,0.0,1,1,-1.265459390571404,0.0,0.0,0.0,1.0,0.0
804,1.593850164683375,0.0,-0.4391709580720064,10.7692393024962,106.683014486682,0.0,1,0,0.30272686033993124,0.0,0.0,0.0,1.0,0.0
5847,0.1330128034148692,0.3076923076923077,0.1302907279796492,10.7701718024597,106.688903274921,3.0,0,1,-0.09639304316274322,0.0,1.0,0.0,1.0,0.0
3645,1.0039496078129824,0.0,0.5849971026224333,10.8121105769551,106.692250436208,3.0,0,0,-0.5962397703258719,0.0,0.0,0.0,0.0,1.0
2454,-0.5012464551475065,0.07692307692307693,-0.4391709580720064,10.805542749141,106.681947039213,2.0,0,0,-0.5962397703258719,0.0,0.0,0.0,0.0,1.0
4598,0.09822355231529148,0.3076923076923077,0.3690306097293516,10.8785360947642,106.668857835436,3.0,0,0,0.11316161425994499,0.0,0.0,0.0,0.0,1.0
3104,-0.5550151062263636,0.23076923076923078,-0.13659775324274978,10.8428774770267,106.642857275181,0.0,1,1,0.11316161425994499,0.0,0.0,0.0,0.0,1.0
4875,0.21656469094070732,0.3076923076923077,-0.13659775324274978,10.7397436427125,106.625081900799,0.0,1,1,0.30272686033993124,0.0,1.0,0.0,1.0,0.0
5959,-0.37480406362233243,0.07692307692307693,-0.13659775324274978,10.7978554307961,106.711077125551,0.0,1,1,-0.9028346336956022,0.0,0.0,0.0,1.0,0.0
200,0.29564637201642957,0.07692307692307693,0.1302907279796492,10.8453635361162,106.758601005005,3.0,0,1,-0.9028346336956022,0.0,0.0,1.0,0.0,0.0
3099,-0.6986692748486453,0.07692307692307693,0.1302907279796492,10.7994697568185,106.678571436082,3.0,0,1,-1.265459390571404,0.0,0.0,0.0,1.0,0.0
2278,-0.4493648176687783,0.15384615384615385,-0.4391709580720064,10.8075467088778,106.798167926131,2.0,0,1,0.30272686033993124,1.0,0.0,0.0,1.0,0.0
3561,-0.6108132359423499,0.07692307692307693,-0.4391709580720064,10.8224415420834,106.685081424855,2.0,0,1,-0.9028346336956022,0.0,0.0,0.0,0.0,1.0
5892,0.5366963775693665,0.38461538461538464,0.1302907279796492,10.798119242988,106.650700896453,3.0,0,1,2.9195154941516295,0.0,0.0,0.0,0.0,1.0
4474,-0.3271071868061051,0.23076923076923078,-0.13659775324274978,10.7977525915648,106.696069411092,0.0,1,1,0.30272686033993124,0.0,0.0,0.0,0.0,1.0
4514,0.3707119834879608,0.15384615384615385,0.1302907279796492,10.7983510445006,106.738778220784,3.0,0,1,0.30272686033993124,0.0,1.0,0.0,1.0,0.0
5794,-0.08917566997524837,0.23076923076923078,-0.13659775324274978,10.8012537909504,106.656287039738,0.0,1,1,-0.9028346336956022,0.0,1.0,0.0,1.0,0.0
391,0.6378280961214066,0.23076923076923078,0.1302907279796492,10.7727427956221,106.676620988948,3.0,0,1,0.4757863711357461,0.0,0.0,0.0,1.0,0.0
5618,-1.5798158528105595,0.23076923076923078,-0.13659775324274978,10.7896853011173,106.702303403097,0.0,1,1,-1.265459390571404,0.0,1.0,0.0,1.0,0.0
5258,1.7224943063622868,0.07692307692307693,-0.13659775324274978,10.7872904916416,106.685995370699,0.0,1,0,0.30272686033993124,0.0,0.0,0.0,0.0,1.0
1495,-0.8577985162466776,0.23076923076923078,0.1302907279796492,10.7619387403023,106.678087165311,3.0,0,1,1.0479657854342355,0.0,0.0,0.0,0.0,1.0
2695,1.149192680354979,0.07692307692307693,-0.4391709580720064,10.6752299577529,106.698321309721,0.0,1,0,-0.3306552193971129,0.0,0.0,0.0,0.0,1.0
2027,-0.2360953837240995,0.4615384615384616,2.0502110105697895,10.7942623991507,106.69007025485,3.0,0,0,-0.09639304316274322,0.0,0.0,0.0,1.0,0.0
5248,-0.5550151062263636,0.07692307692307693,-0.4391709580720064,10.791368150374684,106.7292155317457,3.0,0,0,-1.265459390571404,0.0,0.0,1.0,0.0,0.0
5463,1.1918029769217138,0.15384615384615385,2.0502110105697895,10.8710272997783,106.637234906314,3.0,0,0,0.4757863711357461,0.0,0.0,0.0,1.0,0.0
2568,0.04445490123643577,0.23076923076923078,0.1302907279796492,10.6847516010766,106.750234502174,3.0,0,0,0.11316161425994499,0.0,0.0,0.0,0.0,1.0
64,0.6131862764484118,0.15384615384615385,2.0502110105697895,10.7439711237818,106.68401859329,0.0,1,0,-0.9028346336956022,0.0,0.0,1.0,0.0,0.0
3884,-0.37480406362233243,0.23076923076923078,0.1302907279796492,10.718854600478,106.605507711074,3.0,0,1,-0.5962397703258719,0.0,0.0,1.0,0.0,0.0
2062,0.4560322857850593,0.15384615384615385,-0.13659775324274978,10.8157078121703,106.694097321924,0.0,1,0,2.820048284014553,0.0,0.0,0.0,0.0,1.0
5276,0.6976935597780909,0.15384615384615385,0.963530485543728,10.788988975047,106.661224195159,3.0,0,0,-0.3306552193971129,0.0,0.0,0.0,1.0,0.0
492,-0.4750780736920162,0.3076923076923077,0.963530485543728,10.6928524674059,106.740842384759,3.0,0,0,0.11316161425994499,0.0,0.0,0.0,0.0,1.0
379,-1.113976416559445,0.07692307692307693,0.1302907279796492,10.8157467339778,106.695489289043,3.0,0,0,-0.5962397703258719,0.0,0.0,0.0,0.0,1.0
4859,1.149192680354979,0.23076923076923078,-0.13659775324274978,10.782066405319,106.66511316324,0.0,1,1,1.1685438955241836,0.0,1.0,0.0,1.0,0.0
3993,0.21656469094070732,0.15384615384615385,-0.4391709580720064,10.8590584829555,106.739180398412,0.0,1,0,-0.09639304316274322,0.0,0.0,0.0,0.0,1.0
4887,-0.7920776985802562,0.23076923076923078,-1.7072229052631471,10.8143602893622,106.632135055826,1.0,0,0,-0.09639304316274322,0.0,0.0,1.0,0.0,0.0
1076,1.7341819162783039,0.15384615384615385,-0.13659775324274978,10.7985115857675,106.780300604212,0.0,1,1,-1.265459390571404,0.0,0.0,0.0,1.0,0.0
878,1.3881753703228958,0.3076923076923077,-0.13659775324274978,10.8542731175702,106.762694012424,0.0,1,1,2.3634408616661546,0.0,0.0,0.0,1.0,0.0
337,-0.5826509567402912,0.07692307692307693,-1.2015945422910468,10.8596648559628,106.705484149147,0.0,1,0,-0.9028346336956022,0.0,0.0,0.0,0.0,1.0
1016,-0.3038236354463698,0.23076923076923078,-0.4391709580720064,10.8128080961315,106.709243972555,2.0,0,0,-2.28145563852695,0.0,0.0,0.0,1.0,0.0
1275,-0.37480406362233243,0.3076923076923077,-1.2015945422910468,10.8429194026901,106.642982627354,0.0,1,0,-0.3306552193971129,0.0,0.0,0.0,0.0,1.0
3798,0.06259592582891907,0.15384615384615385,2.9327121238363367,10.7604057388121,106.653859725733,3.0,0,0,-0.3306552193971129,0.0,0.0,0.0,1.0,0.0
4551,0.18370833978305584,0.15384615384615385,0.5849971026224333,10.8025878737195,106.689743940535,3.0,0,0,0.4757863711357461,0.0,0.0,1.0,0.0,0.0
3342,-0.5012464551475065,0.07692307692307693,-0.13659775324274978,10.7843906064557,106.642386462714,0.0,1,1,-0.5962397703258719,0.0,0.0,0.0,1.0,0.0
4911,-0.6395223895560433,0.15384615384615385,-0.13659775324274978,10.87904,106.5525,0.0,1,1,-0.09639304316274322,0.0,1.0,0.0,1.0,0.0
995,0.08051705379647196,0.3076923076923077,0.1302907279796492,10.7822803000353,106.660258965477,3.0,0,1,1.5888228250383352,1.0,0.0,0.0,1.0,0.0
1981,-0.21419165043464608,0.07692307692307693,-0.13659775324274978,10.8529563493308,106.76158386503,0.0,1,1,-0.9028346336956022,0.0,0.0,0.0,1.0,0.0
4297,0.09822355231529148,0.15384615384615385,-0.13659775324274978,10.8010282887605,106.808569337003,0.0,1,1,-0.5962397703258719,0.0,0.0,0.0,1.0,0.0
161,-0.7920776985802562,0.23076923076923078,-2.3590912406621465,10.8143456781934,106.623928422241,3.0,0,0,-0.9028346336956022,0.0,0.0,0.0,0.0,1.0
5675,-0.04974733457061966,0.07692307692307693,-1.2015945422910468,10.8253349113286,106.689675371106,0.0,1,0,-0.3306552193971129,0.0,0.0,0.0,1.0,0.0
4798,-0.3038236354463698,0.0,-0.4391709580720064,10.7778908792641,106.649809203289,2.0,0,0,-1.265459390571404,0.0,0.0,0.0,0.0,1.0
1500,-0.04974733457061966,0.15384615384615385,1.434027398777648,10.7884768579328,106.669874842692,3.0,0,0,0.30272686033993124,0.0,0.0,0.0,1.0,0.0
3843,2.4528882939742513,0.0,2.3527842153990464,10.7780411822057,106.634817640277,3.0,0,0,-0.5962397703258719,0.0,0.0,0.0,1.0,0.0
5225,2.009549111075147,0.15384615384615385,-0.13659775324274978,10.8084565279684,106.732773536383,0.0,1,1,2.870403623922641,0.0,1.0,0.0,1.0,0.0
2613,2.650311113675388,0.4615384615384616,0.1302907279796492,10.7971735952955,106.673025018202,3.0,0,1,0.782381234505476,0.0,0.0,0.0,1.0,0.0
3461,-0.8577985162466776,0.23076923076923078,-1.7072229052631471,10.8534958587712,106.651672229732,0.0,1,0,-0.5962397703258719,0.0,0.0,0.0,0.0,1.0
1021,-0.08917566997524837,0.23076923076923078,0.963530485543728,10.8302435317707,106.70241261003,3.0,0,0,-0.09639304316274322,0.0,0.0,0.0,0.0,1.0
3073,0.23272304800393967,0.15384615384615385,1.5713987371125986,10.7451017511961,106.619802860951,3.0,0,0,-0.3306552193971129,0.0,0.0,1.0,0.0,0.0
3943,-0.3038236354463698,0.3076923076923077,-0.7884660886417492,10.8193830444067,106.702993054013,3.0,0,0,-0.09639304316274322,0.0,0.0,0.0,1.0,0.0
1585,-0.6986692748486453,0.23076923076923078,-0.7884660886417492,10.8059825928098,106.681510650219,3.0,0,0,0.11316161425994499,0.0,0.0,0.0,1.0,0.0
1955,-2.660414729110742,0.15384615384615385,-0.13659775324274978,10.7919343765005,106.716421517098,0.0,1,1,-0.9028346336956022,0.0,0.0,0.0,0.0,1.0
3152,0.3261314717355513,0.4615384615384616,1.434027398777648,10.7894660315322,106.693500035408,0.0,1,0,1.3897638631431688,0.0,0.0,0.0,1.0,0.0
34,0.5754359289154177,0.23076923076923078,0.963530485543728,10.8330392137065,106.727318143472,0.0,1,0,0.11316161425994499,0.0,0.0,0.0,1.0,0.0
4014,0.21656469094070732,0.15384615384615385,0.5849971026224333,10.8057420482096,106.604976466136,3.0,0,0,-0.3306552193971129,0.0,0.0,1.0,0.0,0.0
775,-0.4240911260771986,0.38461538461538464,-1.2015945422910468,10.7873049771586,106.647683813992,0.0,1,0,0.782381234505476,0.0,0.0,0.0,0.0,1.0
2556,1.3881753703228958,0.23076923076923078,0.1302907279796492,10.7468325079042,106.60690589281,3.0,0,1,0.11316161425994499,0.0,0.0,0.0,0.0,1.0
1478,0.5754359289154177,0.23076923076923078,0.1302907279796492,10.7876941039394,106.678338249615,0.0,1,0,0.11316161425994499,0.0,0.0,0.0,0.0,1.0
5486,0.3707119834879608,0.4615384615384616,-0.7884660886417492,10.7474829659476,106.685817137284,3.0,0,0,0.11316161425994499,0.0,0.0,0.0,1.0,0.0
6235,-0.08917566997524837,0.07692307692307693,-1.2015945422910468,10.8103225866822,106.713307802268,0.0,1,0,-0.9028346336956022,0.0,0.0,1.0,0.0,0.0
1363,2.1211851363715097,0.23076923076923078,0.1302907279796492,10.7718152017112,106.656448295522,3.0,0,1,1.9355994527483495,1.0,0.0,0.0,0.0,1.0
2612,-2.263793143603038,0.23076923076923078,0.1302907279796492,10.7811433971295,106.682302669773,3.0,0,1,-1.265459390571404,0.0,0.0,1.0,0.0,0.0
2824,-1.113976416559445,0.23076923076923078,0.5849971026224333,10.7722898451311,106.680874812897,3.0,0,0,-0.3306552193971129,1.0,0.0,0.0,1.0,0.0
2041,0.1501051897940211,0.07692307692307693,0.1302907279796492,10.8066381369709,106.718920524052,2.0,0,0,0.11316161425994499,0.0,0.0,0.0,1.0,0.0
241,0.21656469094070732,0.23076923076923078,1.8234285872700184,10.7514457311869,106.701587023633,0.0,1,0,0.30272686033993124,0.0,0.0,1.0,0.0,0.0
2061,-0.6108132359423499,0.23076923076923078,-0.4391709580720064,10.810492698587,106.713565422649,2.0,0,1,0.9196032047928032,0.0,0.0,0.0,1.0,0.0
2363,0.5366963775693665,0.3076923076923077,-0.4391709580720064,10.7959987687176,106.626134984377,2.0,0,0,2.0136066934816945,0.0,0.0,1.0,0.0,0.0
600,-0.6395223895560433,0.15384615384615385,0.1302907279796492,10.849647646304,106.743633724257,2.0,0,0,-0.5962397703258719,0.0,0.0,1.0,0.0,0.0
2435,0.3261314717355513,0.0,-0.13659775324274978,10.747563404024,106.685335954264,0.0,1,1,-1.265459390571404,0.0,0.0,0.0,0.0,1.0
5393,-0.5012464551475065,0.07692307692307693,-1.7072229052631471,10.7512754983621,106.728341150441,2.0,0,0,-0.9028346336956022,0.0,0.0,0.0,1.0,0.0
2888,0.5754359289154177,0.15384615384615385,0.1302907279796492,10.6929561724343,106.740934206177,0.0,1,0,0.11316161425994499,0.0,0.0,0.0,0.0,0.0
6164,-0.28090108395535385,0.07692307692307693,-0.13659775324274978,10.7515046216888,106.722039309986,0.0,1,1,-1.265459390571404,0.0,0.0,0.0,1.0,0.0
646,-0.3271071868061051,0.15384615384615385,-0.4391709580720064,10.829862296405,106.638249647473,2.0,0,1,-0.09639304316274322,0.0,0.0,0.0,1.0,0.0
3890,0.06259592582891907,0.15384615384615385,0.1302907279796492,10.7979916546206,106.704900858777,3.0,0,1,0.11316161425994499,0.0,0.0,0.0,0.0,1.0
3556,-0.37480406362233243,0.0,-0.13659775324274978,10.7666888916896,106.609580780897,2.0,0,0,-1.709276224228461,0.0,0.0,1.0,0.0,0.0
3202,-0.6986692748486453,0.3076923076923077,-0.4391709580720064,10.7402257356873,106.700869984925,3.0,0,0,0.30272686033993124,0.0,0.0,1.0,0.0,0.0
1528,0.20022778488202966,0.23076923076923078,-0.13659775324274978,10.8428504646876,106.711042182462,0.0,1,0,-0.09639304316274322,0.0,0.0,1.0,0.0,0.0
1267,-0.5012464551475065,0.07692307692307693,-2.3590912406621465,10.7515259941627,106.728831141067,3.0,0,0,-0.9028346336956022,0.0,0.0,0.0,0.0,1.0
1899,0.3261314717355513,0.07692307692307693,0.1302907279796492,10.7885759179895,106.780762069695,3.0,0,1,-1.265459390571404,0.0,0.0,0.0,1.0,0.0
4658,0.04445490123643577,0.3076923076923077,2.9327121238363367,10.826106823489,106.816541045198,3.0,0,0,0.782381234505476,0.0,0.0,0.0,1.0,0.0
3005,-0.7920776985802562,0.15384615384615385,-0.4391709580720064,10.7894750233986,106.675014856123,2.0,0,0,-0.9028346336956022,0.0,0.0,0.0,0.0,1.0
2734,0.23272304800393967,0.23076923076923078,-0.4391709580720064,10.7877162675983,106.686197693699,2.0,0,1,0.6349856886503463,0.0,0.0,0.0,0.0,1.0
189,-0.6986692748486453,0.3076923076923077,-0.7884660886417492,10.8194726018314,106.702619133073,2.0,0,0,1.3897638631431688,0.0,0.0,1.0,0.0,0.0
1806,-0.35076329075821017,0.23076923076923078,-1.2015945422910468,10.7055324661194,106.740732478834,2.0,0,0,0.11316161425994499,0.0,0.0,0.0,0.0,1.0
975,-0.9622048207552769,0.15384615384615385,-0.4391709580720064,10.691735805162,106.736217136767,2.0,0,1,-0.09639304316274322,0.0,0.0,0.0,0.0,1.0
2747,-0.17133430316050988,0.07692307692307693,0.1302907279796492,10.8013436889801,106.698753223473,3.0,0,1,-0.09639304316274322,0.0,0.0,0.0,1.0,0.0
2047,-0.15036267557913827,0.07692307692307693,-1.7072229052631471,10.8076596106869,106.64544511371,3.0,0,0,-0.9028346336956022,0.0,0.0,1.0,0.0,0.0
2558,-0.28090108395535385,0.15384615384615385,0.1302907279796492,10.7529222973732,106.597308766389,3.0,0,1,0.11316161425994499,0.0,0.0,0.0,1.0,0.0
1082,-0.011343228479551189,0.23076923076923078,0.1302907279796492,10.8060034779307,106.690755775888,3.0,0,0,0.11316161425994499,0.0,0.0,0.0,1.0,0.0
474,-0.37480406362233243,0.23076923076923078,-0.13659775324274978,10.6927145483352,106.740927741232,0.0,1,1,-0.5962397703258719,0.0,0.0,0.0,0.0,0.0
2904,1.0229046745611603,0.0,0.1302907279796492,10.8644009980339,106.745644666719,3.0,0,0,-0.9028346336956022,0.0,0.0,0.0,0.0,1.0
4843,-0.5278863642596802,0.38461538461538464,4.060780705754394,10.7537959213283,106.65854254479,3.0,0,0,0.782381234505476,0.0,0.0,0.0,1.0,0.0
4117,0.3707119834879608,0.23076923076923078,-0.13659775324274978,21.0289486097874,105.852447225903,0.0,1,1,0.11316161425994499,0.0,1.0,0.0,0.0,1.0
3385,-0.5826509567402912,0.15384615384615385,2.6196726966214445,10.8349641867059,106.684250801421,3.0,0,0,-0.3306552193971129,0.0,0.0,0.0,1.0,0.0
4555,-0.7920776985802562,0.07692307692307693,-1.7072229052631471,10.7683378303204,106.692403946467,3.0,0,0,-0.5962397703258719,0.0,0.0,0.0,0.0,1.0
1184,-0.37480406362233243,0.15384615384615385,-1.2015945422910468,10.7979628108693,106.710887064904,3.0,0,0,0.782381234505476,0.0,0.0,0.0,0.0,1.0
5051,-0.28090108395535385,0.15384615384615385,-0.4391709580720064,10.8458543270166,106.71825092203,0.0,1,0,-0.09639304316274322,0.0,0.0,1.0,0.0,0.0
5311,-0.2360953837240995,0.07692307692307693,2.0502110105697895,10.7993003540195,106.693638352476,3.0,0,0,-0.9028346336956022,0.0,0.0,0.0,1.0,0.0
2433,-0.7602813127840508,0.07692307692307693,-1.2015945422910468,10.7698084626697,106.647739226056,3.0,0,0,-0.5962397703258719,0.0,0.0,0.0,0.0,1.0
5611,1.3881753703228958,0.07692307692307693,-0.13659775324274978,10.818346043687356,106.780297073041,0.0,1,1,0.11316161425994499,0.0,0.0,0.0,1.0,0.0
2391,-0.35076329075821017,0.3076923076923077,-0.7884660886417492,10.772346646959,106.684471479222,3.0,0,0,0.11316161425994499,0.0,0.0,0.0,0.0,1.0
769,-0.6395223895560433,0.15384615384615385,-1.2015945422910468,10.8108521682104,106.713317929236,0.0,1,0,-0.3306552193971129,0.0,0.0,0.0,0.0,1.0
1685,-0.8577985162466776,0.15384615384615385,-0.13659775324274978,10.801404565948,106.698724216602,0.0,1,1,0.11316161425994499,0.0,0.0,0.0,0.0,1.0
130,0.1501051897940211,0.15384615384615385,0.963530485543728,10.795885,106.792244,0.0,1,0,-0.3306552193971129,0.0,0.0,0.0,0.0,1.0
2919,-0.25832850878387886,0.23076923076923078,1.434027398777648,10.7959024744744,106.671021943442,3.0,0,0,0.4757863711357461,0.0,0.0,0.0,0.0,1.0
3171,-0.15036267557913827,0.07692307692307693,-0.4391709580720064,10.8097368183889,106.692754128669,2.0,0,0,-0.3306552193971129,0.0,0.0,0.0,1.0,0.0
3444,-0.6108132359423499,0.07692307692307693,-1.2015945422910468,10.7834649429933,106.678354106471,3.0,0,0,-0.9028346336956022,0.0,0.0,0.0,1.0,0.0
6231,0.9750534120135763,0.15384615384615385,0.1302907279796492,10.8465949145011,106.668964378867,3.0,0,1,-0.09639304316274322,0.0,0.0,0.0,1.0,0.0
5578,-0.6108132359423499,0.15384615384615385,0.1302907279796492,10.7380304305442,106.662572389856,3.0,0,1,-0.9028346336956022,0.0,0.0,1.0,0.0,0.0
4426,1.265537228595943,0.38461538461538464,0.1302907279796492,10.7692496455059,106.700594547117,2.0,0,0,2.426586790265584,0.0,0.0,0.0,1.0,0.0
5334,-0.03042058936361902,0.23076923076923078,-1.2015945422910468,10.8423567013915,106.642512702833,3.0,0,0,0.11316161425994499,0.0,0.0,0.0,1.0,0.0
466,-0.3271071868061051,0.23076923076923078,0.963530485543728,10.7484483420628,106.716901048589,0.0,1,0,0.6349856886503463,0.0,0.0,0.0,0.0,1.0
6265,-0.1926076911174569,0.07692307692307693,-1.2015945422910468,10.8444083677243,106.595244988028,2.0,0,0,-0.3306552193971129,0.0,0.0,0.0,1.0,0.0
5734,-0.4750780736920162,0.07692307692307693,-0.13659775324274978,10.852717664059,106.72001770515,0.0,1,1,-0.5962397703258719,0.0,0.0,0.0,1.0,0.0
3092,-0.4240911260771986,0.15384615384615385,-0.4391709580720064,10.7835895488914,106.647339599946,0.0,1,0,-0.09639304316274322,0.0,0.0,0.0,1.0,0.0
3772,-0.6395223895560433,0.0,0.1302907279796492,10.7854785396334,106.698747003229,3.0,0,1,-2.28145563852695,0.0,1.0,0.0,1.0,0.0
5191,-0.9622048207552769,0.15384615384615385,0.1302907279796492,10.746621701028223,106.61712964523338,3.0,0,1,-0.09639304316274322,0.0,0.0,0.0,0.0,1.0
5226,2.5764522741647222,0.23076923076923078,-0.13659775324274978,10.8083994321884,106.73300967008,0.0,1,1,0.4757863711357461,0.0,0.0,0.0,1.0,0.0
5390,-0.5278863642596802,0.3076923076923077,0.1302907279796492,10.7932583037954,106.640202947743,3.0,0,1,0.30272686033993124,0.0,0.0,0.0,1.0,0.0
860,0.3261314717355513,0.15384615384615385,0.1302907279796492,10.7925393138791,106.668184393649,3.0,0,1,-0.09639304316274322,0.0,0.0,0.0,1.0,0.0
